  0
SECTION
  2
HEADER
  9
$ACADVER
  1
AC1032
  9
$ACADMAINTVER
 90
      235
  9
$DWGCODEPAGE
  3
ANSI_936
  9
$LASTSAVEDBY
  1
drago
  9
$REQUIREDVERSIONS
160
                 0
  9
$INSBASE
 10
0.0
 20
0.0
 30
0.0
  9
$EXTMIN
 10
0.0
 20
0.0
 30
0.0
  9
$EXTMAX
 10
20200.0
 20
17896.66666666667
 30
0.0
  9
$LIMMIN
 10
0.0
 20
0.0
  9
$LIMMAX
 10
420.0
 20
297.0
  9
$ORTHOMODE
 70
     0
  9
$REGENMODE
 70
     1
  9
$FILLMODE
 70
     1
  9
$QTEXTMODE
 70
     0
  9
$MIRRTEXT
 70
     1
  9
$LTSCALE
 40
1.0
  9
$ATTMODE
 70
     1
  9
$TEXTSIZE
 40
2.5
  9
$TRACEWID
 40
1.0
  9
$TEXTSTYLE
  7
Standard
  9
$CLAYER
  8
0
  9
$CELTYPE
  6
ByLayer
  9
$CECOLOR
 62
    40
  9
$CELTSCALE
 40
1.0
  9
$DISPSILH
 70
     0
  9
$DIMSCALE
 40
1.0
  9
$DIMASZ
 40
2.5
  9
$DIMEXO
 40
0.625
  9
$DIMDLI
 40
3.75
  9
$DIMRND
 40
0.0
  9
$DIMDLE
 40
0.0
  9
$DIMEXE
 40
1.25
  9
$DIMTP
 40
0.0
  9
$DIMTM
 40
0.0
  9
$DIMTXT
 40
30.0
  9
$DIMCEN
 40
2.5
  9
$DIMTSZ
 40
0.0
  9
$DIMTOL
 70
     0
  9
$DIMLIM
 70
     0
  9
$DIMTIH
 70
     0
  9
$DIMTOH
 70
     0
  9
$DIMSE1
 70
     0
  9
$DIMSE2
 70
     0
  9
$DIMTAD
 70
     1
  9
$DIMZIN
 70
     8
  9
$DIMBLK
  1
ArchTick
  9
$DIMASO
 70
     1
  9
$DIMSHO
 70
     1
  9
$DIMPOST
  1

  9
$DIMAPOST
  1

  9
$DIMALT
 70
     0
  9
$DIMALTD
 70
     3
  9
$DIMALTF
 40
0.03937007874
  9
$DIMLFAC
 40
0.03937
  9
$DIMTOFL
 70
     1
  9
$DIMTVP
 40
0.0
  9
$DIMTIX
 70
     0
  9
$DIMSOXD
 70
     0
  9
$DIMSAH
 70
     0
  9
$DIMBLK1
  1

  9
$DIMBLK2
  1

  9
$DIMSTYLE
  2
Standard
  9
$DIMCLRD
 70
     0
  9
$DIMCLRE
 70
     0
  9
$DIMCLRT
 70
     0
  9
$DIMTFAC
 40
1.0
  9
$DIMGAP
 40
0.625
  9
$DIMJUST
 70
     0
  9
$DIMSD1
 70
     0
  9
$DIMSD2
 70
     0
  9
$DIMTOLJ
 70
     0
  9
$DIMTZIN
 70
     8
  9
$DIMALTZ
 70
     0
  9
$DIMALTTZ
 70
     0
  9
$DIMUPT
 70
     0
  9
$DIMDEC
 70
     4
  9
$DIMTDEC
 70
     4
  9
$DIMALTU
 70
     2
  9
$DIMALTTD
 70
     3
  9
$DIMTXSTY
  7
Standard
  9
$DIMAUNIT
 70
     0
  9
$DIMADEC
 70
     0
  9
$DIMALTRND
 40
0.0
  9
$DIMAZIN
 70
     0
  9
$DIMDSEP
 70
    44
  9
$DIMATFIT
 70
     3
  9
$DIMFRAC
 70
     0
  9
$DIMLDRBLK
  1
ArchTick
  9
$DIMLUNIT
 70
     5
  9
$DIMLWD
 70
    -2
  9
$DIMLWE
 70
    -2
  9
$DIMTMOVE
 70
     0
  9
$DIMFXL
 40
1.0
  9
$DIMFXLON
 70
     0
  9
$DIMJOGANG
 40
0.785398163397
  9
$DIMTFILL
 70
     0
  9
$DIMTFILLCLR
 70
     0
  9
$DIMARCSYM
 70
     0
  9
$DIMLTYPE
  6

  9
$DIMLTEX1
  6

  9
$DIMLTEX2
  6

  9
$DIMTXTDIRECTION
 70
     0
  9
$LUNITS
 70
     2
  9
$LUPREC
 70
     4
  9
$SKETCHINC
 40
1.0
  9
$FILLETRAD
 40
10.0
  9
$AUNITS
 70
     0
  9
$AUPREC
 70
     2
  9
$MENU
  1
.
  9
$ELEVATION
 40
0.0
  9
$PELEVATION
 40
0.0
  9
$THICKNESS
 40
0.0
  9
$LIMCHECK
 70
     0
  9
$CHAMFERA
 40
0.0
  9
$CHAMFERB
 40
0.0
  9
$CHAMFERC
 40
0.0
  9
$CHAMFERD
 40
0.0
  9
$SKPOLY
 70
     0
  9
$TDCREATE
 40
2458532.487326389
  9
$TDUCREATE
 40
2458532.153996898
  9
$TDUPDATE
 40
2461257.840509259
  9
$TDUUPDATE
 40
2461257.507175926
  9
$TDINDWG
 40
0.0079513889
  9
$TDUSRTIMER
 40
0.0079513889
  9
$USRTIMER
 70
     1
  9
$ANGBASE
 50
0.0
  9
$ANGDIR
 70
     0
  9
$PDMODE
 70
     0
  9
$PDSIZE
 40
0.0
  9
$PLINEWID
 40
0.0
  9
$SPLFRAME
 70
     0
  9
$SPLINETYPE
 70
     6
  9
$SPLINESEGS
 70
     8
  9
$HANDSEED
  5
423
  9
$SURFTAB1
 70
     6
  9
$SURFTAB2
 70
     6
  9
$SURFTYPE
 70
     6
  9
$SURFU
 70
     6
  9
$SURFV
 70
     6
  9
$UCSBASE
  2

  9
$UCSNAME
  2

  9
$UCSORG
 10
0.0
 20
0.0
 30
0.0
  9
$UCSXDIR
 10
1.0
 20
0.0
 30
0.0
  9
$UCSYDIR
 10
0.0
 20
1.0
 30
0.0
  9
$UCSORTHOREF
  2

  9
$UCSORTHOVIEW
 70
     0
  9
$UCSORGTOP
 10
0.0
 20
0.0
 30
0.0
  9
$UCSORGBOTTOM
 10
0.0
 20
0.0
 30
0.0
  9
$UCSORGLEFT
 10
0.0
 20
0.0
 30
0.0
  9
$UCSORGRIGHT
 10
0.0
 20
0.0
 30
0.0
  9
$UCSORGFRONT
 10
0.0
 20
0.0
 30
0.0
  9
$UCSORGBACK
 10
0.0
 20
0.0
 30
0.0
  9
$PUCSBASE
  2

  9
$PUCSNAME
  2

  9
$PUCSORG
 10
0.0
 20
0.0
 30
0.0
  9
$PUCSXDIR
 10
1.0
 20
0.0
 30
0.0
  9
$PUCSYDIR
 10
0.0
 20
1.0
 30
0.0
  9
$PUCSORTHOREF
  2

  9
$PUCSORTHOVIEW
 70
     0
  9
$PUCSORGTOP
 10
0.0
 20
0.0
 30
0.0
  9
$PUCSORGBOTTOM
 10
0.0
 20
0.0
 30
0.0
  9
$PUCSORGLEFT
 10
0.0
 20
0.0
 30
0.0
  9
$PUCSORGRIGHT
 10
0.0
 20
0.0
 30
0.0
  9
$PUCSORGFRONT
 10
0.0
 20
0.0
 30
0.0
  9
$PUCSORGBACK
 10
0.0
 20
0.0
 30
0.0
  9
$USERI1
 70
     0
  9
$USERI2
 70
     0
  9
$USERI3
 70
     0
  9
$USERI4
 70
     0
  9
$USERI5
 70
     0
  9
$USERR1
 40
0.0
  9
$USERR2
 40
0.0
  9
$USERR3
 40
0.0
  9
$USERR4
 40
0.0
  9
$USERR5
 40
0.0
  9
$WORLDVIEW
 70
     1
  9
$SHADEDGE
 70
     3
  9
$SHADEDIF
 70
    70
  9
$TILEMODE
 70
     1
  9
$MAXACTVP
 70
    64
  9
$PINSBASE
 10
0.0
 20
0.0
 30
0.0
  9
$PLIMCHECK
 70
     0
  9
$PEXTMIN
 10
1.000000000000000E+20
 20
1.000000000000000E+20
 30
1.000000000000000E+20
  9
$PEXTMAX
 10
-1.000000000000000E+20
 20
-1.000000000000000E+20
 30
-1.000000000000000E+20
  9
$PLIMMIN
 10
0.0
 20
0.0
  9
$PLIMMAX
 10
420.0
 20
297.0
  9
$UNITMODE
 70
     0
  9
$VISRETAIN
 70
     1
  9
$PLINEGEN
 70
     0
  9
$PSLTSCALE
 70
     1
  9
$TREEDEPTH
 70
  3020
  9
$CMLSTYLE
  2
Standard
  9
$CMLJUST
 70
     0
  9
$CMLSCALE
 40
20.0
  9
$PROXYGRAPHICS
 70
     1
  9
$MEASUREMENT
 70
     1
  9
$CELWEIGHT
370
    -1
  9
$ENDCAPS
280
     0
  9
$JOINSTYLE
280
     0
  9
$LWDISPLAY
290
     0
  9
$INSUNITS
 70
     4
  9
$HYPERLINKBASE
  1

  9
$STYLESHEET
  1

  9
$XEDIT
290
     1
  9
$CEPSNTYPE
380
     0
  9
$PSTYLEMODE
290
     1
  9
$FINGERPRINTGUID
  2
{8370166A-002C-48EB-B8FA-2E479DDE99B3}
  9
$VERSIONGUID
  2
{5B82826C-1CAF-C84D-A77B-B3A22D515358}
  9
$EXTNAMES
290
     1
  9
$PSVPSCALE
 40
0.0
  9
$OLESTARTUP
290
     0
  9
$SORTENTS
280
   127
  9
$INDEXCTL
280
     0
  9
$HIDETEXT
280
     1
  9
$XCLIPFRAME
280
     1
  9
$HALOGAP
280
     0
  9
$OBSCOLOR
 70
   257
  9
$OBSLTYPE
280
     0
  9
$INTERSECTIONDISPLAY
280
     0
  9
$INTERSECTIONCOLOR
 70
   257
  9
$DIMASSOC
280
     2
  9
$PROJECTNAME
  1

  9
$CAMERADISPLAY
290
     0
  9
$LENSLENGTH
 40
50.0
  9
$CAMERAHEIGHT
 40
0.0
  9
$STEPSPERSEC
 40
24.0
  9
$STEPSIZE
 40
100.0
  9
$3DDWFPREC
 40
2.0
  9
$PSOLWIDTH
 40
0.005
  9
$PSOLHEIGHT
 40
0.08
  9
$LOFTANG1
 40
1.570796326795
  9
$LOFTANG2
 40
1.570796326795
  9
$LOFTMAG1
 40
0.0
  9
$LOFTMAG2
 40
0.0
  9
$LOFTPARAM
 70
     7
  9
$LOFTNORMALS
280
     1
  9
$LATITUDE
 40
37.795
  9
$LONGITUDE
 40
-122.394
  9
$NORTHDIRECTION
 40
0.0
  9
$TIMEZONE
 70
 -8000
  9
$LIGHTGLYPHDISPLAY
280
     1
  9
$TILEMODELIGHTSYNCH
280
     1
  9
$CMATERIAL
347
20
  9
$SOLIDHIST
280
     0
  9
$SHOWHIST
280
     1
  9
$DWFFRAME
280
     2
  9
$DGNFRAME
280
     2
  9
$REALWORLDSCALE
290
     1
  9
$INTERFERECOLOR
 62
   256
  9
$INTERFEREOBJVS
345
36B
  9
$INTERFEREVPVS
346
368
  9
$CSHADOW
280
     0
  9
$SHADOWPLANELOCATION
 40
0.0
  0
ENDSEC
  0
SECTION
  2
CLASSES
  0
CLASS
  1
ACDBDICTIONARYWDFLT
  2
AcDbDictionaryWithDefault
  3
ObjectDBX Classes
 90
        0
 91
        1
280
     0
281
     0
  0
CLASS
  1
SUN
  2
AcDbSun
  3
SCENEOE
 90
     1153
 91
        0
280
     0
281
     0
  0
CLASS
  1
VISUALSTYLE
  2
AcDbVisualStyle
  3
ObjectDBX Classes
 90
     4095
 91
       24
280
     0
281
     0
  0
CLASS
  1
MATERIAL
  2
AcDbMaterial
  3
ObjectDBX Classes
 90
     1153
 91
        3
280
     0
281
     0
  0
CLASS
  1
SCALE
  2
AcDbScale
  3
ObjectDBX Classes
 90
     1153
 91
       17
280
     0
281
     0
  0
CLASS
  1
TABLESTYLE
  2
AcDbTableStyle
  3
ObjectDBX Classes
 90
     4095
 91
        1
280
     0
281
     0
  0
CLASS
  1
MLEADERSTYLE
  2
AcDbMLeaderStyle
  3
ACDB_MLEADERSTYLE_CLASS
 90
     4095
 91
        1
280
     0
281
     0
  0
CLASS
  1
DICTIONARYVAR
  2
AcDbDictionaryVar
  3
ObjectDBX Classes
 90
        0
 91
       12
280
     0
281
     0
  0
CLASS
  1
CELLSTYLEMAP
  2
AcDbCellStyleMap
  3
ObjectDBX Classes
 90
     1152
 91
        1
280
     0
281
     0
  0
CLASS
  1
MENTALRAYRENDERSETTINGS
  2
AcDbMentalRayRenderSettings
  3
SCENEOE
 90
     1024
 91
        0
280
     0
281
     0
  0
CLASS
  1
ACDBDETAILVIEWSTYLE
  2
AcDbDetailViewStyle
  3
ObjectDBX Classes
 90
     1025
 91
        1
280
     0
281
     0
  0
CLASS
  1
ACDBSECTIONVIEWSTYLE
  2
AcDbSectionViewStyle
  3
ObjectDBX Classes
 90
     1025
 91
        1
280
     0
281
     0
  0
CLASS
  1
RASTERVARIABLES
  2
AcDbRasterVariables
  3
ISM
 90
        0
 91
        0
280
     0
281
     0
  0
CLASS
  1
DIMASSOC
  2
AcDbDimAssoc
  3
"AcDbDimAssoc|Product Desc:     AcDim ARX App For Dimension|Company:          Autodesk, Inc.|WEB Address:      www.autodesk.com"
 90
        0
 91
        5
280
     0
281
     0
  0
ENDSEC
  0
SECTION
  2
TABLES
  0
TABLE
  2
VPORT
  5
8
330
0
100
AcDbSymbolTable
 70
     1
  0
VPORT
  5
23
330
8
100
AcDbSymbolTableRecord
100
AcDbViewportTableRecord
  2
*Active
 70
     0
 10
0.0
 20
0.0
 11
1.0
 21
1.0
 12
13360.10597740732
 22
8824.635711360269
 13
0.0
 23
0.0
 14
0.5
 24
0.5
 15
0.5
 25
0.5
 16
0.0
 26
0.0
 36
1.0
 17
0.0
 27
0.0
 37
0.0
 40
1966.040249711066
 41
2.444337811900192
 42
50.0
 43
0.0
 44
0.0
 50
0.0
 51
0.0
 71
     0
 72
  1000
 73
     1
 74
     3
 75
     0
 76
     0
 77
     0
 78
     0
281
     0
 65
     0
110
0.0
120
0.0
130
0.0
111
1.0
121
0.0
131
0.0
112
0.0
122
1.0
132
0.0
 79
     0
146
0.0
348
367
 60
     3
 61
     5
292
     1
282
     1
141
0.0
142
0.0
 63
   250
421
  3355443
1001
ACAD_NAV_VCDISPLAY
1070
     3
  0
ENDTAB
  0
TABLE
  2
LTYPE
  5
2
330
0
100
AcDbSymbolTable
 70
     1
  0
LTYPE
  5
24
330
2
100
AcDbSymbolTableRecord
100
AcDbLinetypeTableRecord
  2
ByBlock
 70
     0
  3

 72
    65
 73
     0
 40
0.0
  0
LTYPE
  5
25
330
2
100
AcDbSymbolTableRecord
100
AcDbLinetypeTableRecord
  2
ByLayer
 70
     0
  3

 72
    65
 73
     0
 40
0.0
  0
LTYPE
  5
26
330
2
100
AcDbSymbolTableRecord
100
AcDbLinetypeTableRecord
  2
Continuous
 70
     0
  3

 72
    65
 73
     0
 40
0.0
  0
ENDTAB
  0
TABLE
  2
LAYER
  5
1
330
0
100
AcDbSymbolTable
 70
     3
  0
LAYER
  5
27
330
1
100
AcDbSymbolTableRecord
100
AcDbLayerTableRecord
  2
0
 70
     0
 62
     7
  6
Continuous
370
    -3
390
13
347
21
348
0
  0
LAYER
  5
28
330
1
100
AcDbSymbolTableRecord
100
AcDbLayerTableRecord
  2
Defpoints
 70
     0
 62
     7
  6
Continuous
290
     0
370
    -3
390
13
347
21
348
0
  0
LAYER
  5
2F
330
1
100
AcDbSymbolTableRecord
100
AcDbLayerTableRecord
  2
NESTED_RESULT
 70
     0
 62
     7
  6
Continuous
370
    -3
390
13
347
21
348
0
  0
ENDTAB
  0
TABLE
  2
STYLE
  5
5
330
0
100
AcDbSymbolTable
 70
     1
  0
STYLE
  5
29
330
5
100
AcDbSymbolTableRecord
100
AcDbTextStyleTableRecord
  2
Standard
 70
     0
 40
0.0
 41
1.0
 50
0.0
 71
     0
 42
2.5
  3
txt
  4

  0
ENDTAB
  0
TABLE
  2
VIEW
  5
7
330
0
100
AcDbSymbolTable
 70
     0
  0
ENDTAB
  0
TABLE
  2
UCS
  5
6
330
0
100
AcDbSymbolTable
 70
     0
  0
ENDTAB
  0
TABLE
  2
APPID
  5
3
330
0
100
AcDbSymbolTable
 70
     7
  0
APPID
  5
2A
330
3
100
AcDbSymbolTableRecord
100
AcDbRegAppTableRecord
  2
ACAD
 70
     0
  0
APPID
  5
35C
330
3
100
AcDbSymbolTableRecord
100
AcDbRegAppTableRecord
  2
HATCHBACKGROUNDCOLOR
 70
     0
  0
APPID
  5
35D
330
3
100
AcDbSymbolTableRecord
100
AcDbRegAppTableRecord
  2
EZDXF
 70
     0
  0
APPID
  5
392
330
3
100
AcDbSymbolTableRecord
100
AcDbRegAppTableRecord
  2
Acad_TC
 70
     0
  0
APPID
  5
399
330
3
100
AcDbSymbolTableRecord
100
AcDbRegAppTableRecord
  2
ACAD_DSTYLE_DIMJAG
 70
     0
  0
APPID
  5
39A
330
3
100
AcDbSymbolTableRecord
100
AcDbRegAppTableRecord
  2
ACAD_DSTYLE_DIMTALN
 70
     0
  0
APPID
  5
413
330
3
100
AcDbSymbolTableRecord
100
AcDbRegAppTableRecord
  2
ACAD_NAV_VCDISPLAY
 70
     0
  0
ENDTAB
  0
TABLE
  2
DIMSTYLE
  5
4
330
0
100
AcDbSymbolTable
 70
     1
100
AcDbDimStyleTable
 71
     1
340
2B
  0
DIMSTYLE
105
2B
102
{ACAD_REACTORS
330
3B3
102
}
330
4
100
AcDbSymbolTableRecord
100
AcDbDimStyleTableRecord
  2
Standard
 70
     0
 41
2.5
 42
0.625
 43
3.75
 44
1.25
 49
2.5
 73
     0
 74
     0
 77
     1
 78
     8
 79
     3
140
2.5
141
2.5
143
0.03937007874
147
0.625
171
     3
172
     1
179
     2
271
     2
272
     2
274
     3
278
    44
283
     0
284
     8
  0
ENDTAB
  0
TABLE
  2
BLOCK_RECORD
  5
9
330
0
100
AcDbSymbolTable
 70
     6
  0
BLOCK_RECORD
  5
17
330
9
100
AcDbSymbolTableRecord
100
AcDbBlockTableRecord
  2
*Model_Space
340
1A
 70
     0
280
     1
281
     0
  0
BLOCK_RECORD
  5
1B
330
9
100
AcDbSymbolTableRecord
100
AcDbBlockTableRecord
  2
*Paper_Space
340
1E
 70
     0
280
     1
281
     0
  0
BLOCK_RECORD
  5
395
330
9
100
AcDbSymbolTableRecord
100
AcDbBlockTableRecord
  2
_ArchTick
340
0
102
{BLKREFS
331
3AC
331
3AD
331
3C4
331
3C5
331
3DC
331
3DD
331
3F4
331
3F5
331
40C
331
40D
102
}
 70
     0
280
     1
281
     0
  0
BLOCK_RECORD
  5
39C
330
9
100
AcDbSymbolTableRecord
100
AcDbBlockTableRecord
  2
*D1
340
0
 70
     0
280
     1
281
     0
  0
BLOCK_RECORD
  5
3B4
330
9
100
AcDbSymbolTableRecord
100
AcDbBlockTableRecord
  2
*D2
340
0
 70
     0
280
     1
281
     0
  0
BLOCK_RECORD
  5
3CC
330
9
100
AcDbSymbolTableRecord
100
AcDbBlockTableRecord
  2
*D3
340
0
 70
     0
280
     1
281
     0
  0
BLOCK_RECORD
  5
3E4
330
9
100
AcDbSymbolTableRecord
100
AcDbBlockTableRecord
  2
*D4
340
0
 70
     0
280
     1
281
     0
  0
BLOCK_RECORD
  5
3FC
330
9
100
AcDbSymbolTableRecord
100
AcDbBlockTableRecord
  2
*D5
340
0
 70
     0
280
     1
281
     0
  0
ENDTAB
  0
ENDSEC
  0
SECTION
  2
BLOCKS
  0
BLOCK
  5
18
330
17
100
AcDbEntity
  8
0
100
AcDbBlockBegin
  2
*Model_Space
 70
     0
 10
0.0
 20
0.0
 30
0.0
  3
*Model_Space
  1

  0
ENDBLK
  5
19
330
17
100
AcDbEntity
  8
0
100
AcDbBlockEnd
  0
BLOCK
  5
1C
330
1B
100
AcDbEntity
 67
     1
  8
0
100
AcDbBlockBegin
  2
*Paper_Space
 70
     0
 10
0.0
 20
0.0
 30
0.0
  3
*Paper_Space
  1

  0
ENDBLK
  5
1D
330
1B
100
AcDbEntity
 67
     1
  8
0
100
AcDbBlockEnd
  0
BLOCK
  5
397
330
395
100
AcDbEntity
  8
0
100
AcDbBlockBegin
  2
_ArchTick
 70
     0
 10
0.0
 20
0.0
 30
0.0
  3
_ArchTick
  1

  0
LWPOLYLINE
  5
396
330
395
100
AcDbEntity
  8
0
  6
ByBlock
 62
     0
100
AcDbPolyline
 90
        2
 70
     0
 43
0.15
 10
-0.5
 20
-0.5
 10
0.5
 20
0.5
  0
ENDBLK
  5
398
330
395
100
AcDbEntity
  8
0
100
AcDbBlockEnd
  0
BLOCK
  5
39D
330
39C
100
AcDbEntity
  8
0
 62
    40
420
 16308017
100
AcDbBlockBegin
  2
*D1
 70
     1
 10
0.0
 20
0.0
 30
0.0
  3
*D1
  1

  0
LINE
  5
3A9
330
39C
100
AcDbEntity
  8
0
 62
     0
440
 16777216
370
    -2
100
AcDbLine
 10
12647.5
 20
9682.638165849994
 30
0.0
 11
12534.80279723566
 21
9682.638165849994
 31
0.0
  0
LINE
  5
3AA
330
39C
100
AcDbEntity
  8
0
 62
     0
440
 16777216
370
    -2
100
AcDbLine
 10
12647.5
 20
8018.938165849981
 30
0.0
 11
12534.80279723566
 21
8018.938165849981
 31
0.0
  0
LINE
  5
3AB
330
39C
100
AcDbEntity
  8
0
 62
     0
440
 16777216
370
    -2
100
AcDbLine
 10
12536.05279723566
 20
9682.638165849994
 30
0.0
 11
12536.05279723566
 21
8018.938165849981
 31
0.0
  0
INSERT
  5
3AC
330
39C
100
AcDbEntity
  8
0
 62
     0
440
 16777216
370
    -2
100
AcDbBlockReference
  2
_ArchTick
 10
12536.05279723566
 20
9682.638165849994
 30
0.0
 41
2.5
 42
2.5
 43
2.5
 50
90.0
  0
INSERT
  5
3AD
330
39C
100
AcDbEntity
  8
0
 62
     0
440
 16777216
370
    -2
100
AcDbBlockReference
  2
_ArchTick
 10
12536.05279723566
 20
8018.938165849981
 30
0.0
 41
2.5
 42
2.5
 43
2.5
 50
270.0
  0
MTEXT
  5
3AE
330
39C
100
AcDbEntity
  8
0
 62
     0
440
 16777216
100
AcDbMText
 10
12500.42779723566
 20
8850.788165849982
 30
0.0
 40
30.0
 41
0.0
 46
0.0
 71
     5
 72
     1
  1
65{\H1x;\S1/2;}
 11
0.0000000000000001
 21
1.0
 31
0.0
 73
     1
 44
1.0
  0
POINT
  5
3AF
330
39C
100
AcDbEntity
  8
Defpoints
 62
     0
440
 16777216
100
AcDbPoint
 10
12648.12500000001
 20
9682.638165849994
 30
0.0
  0
POINT
  5
3B0
330
39C
100
AcDbEntity
  8
Defpoints
 62
     0
440
 16777216
100
AcDbPoint
 10
12648.12500000001
 20
8018.938165849981
 30
0.0
  0
POINT
  5
3B1
330
39C
100
AcDbEntity
  8
Defpoints
 62
     0
440
 16777216
100
AcDbPoint
 10
12536.05279723566
 20
8018.938165849981
 30
0.0
  0
ENDBLK
  5
39E
330
39C
100
AcDbEntity
  8
0
 62
    40
420
 16308017
100
AcDbBlockEnd
  0
BLOCK
  5
3B5
330
3B4
100
AcDbEntity
  8
0
 62
    40
420
 16308017
100
AcDbBlockBegin
  2
*D2
 70
     1
 10
0.0
 20
0.0
 30
0.0
  3
*D2
  1

  0
LINE
  5
3C1
330
3B4
100
AcDbEntity
  8
0
 62
     0
440
 16777216
370
    -2
100
AcDbLine
 10
12648.11148964412
 20
8018.313311890812
 30
0.0
 11
12646.43700224884
 21
7940.868269858933
 31
0.0
  0
LINE
  5
3C2
330
3B4
100
AcDbEntity
  8
0
 62
     0
440
 16777216
370
    -2
100
AcDbLine
 10
13235.48648964412
 20
8005.613311890799
 30
0.0
 11
13233.81200224884
 21
7928.168269858921
 31
0.0
  0
LINE
  5
3C3
330
3B4
100
AcDbEntity
  8
0
 62
     0
440
 16777216
370
    -2
100
AcDbLine
 10
12646.46402296058
 20
7942.117977777264
 30
0.0
 11
13233.83902296059
 21
7929.417977777251
 31
0.0
  0
INSERT
  5
3C4
330
3B4
100
AcDbEntity
  8
0
 62
     0
440
 16777216
370
    -2
100
AcDbBlockReference
  2
_ArchTick
 10
12646.46402296058
 20
7942.117977777264
 30
0.0
 41
2.5
 42
2.5
 43
2.5
 50
178.7613653291018
  0
INSERT
  5
3C5
330
3B4
100
AcDbEntity
  8
0
 62
     0
440
 16777216
370
    -2
100
AcDbBlockReference
  2
_ArchTick
 10
13233.83902296059
 20
7929.417977777251
 30
0.0
 41
2.5
 42
2.5
 43
2.5
 50
358.7613653291019
  0
MTEXT
  5
3C6
330
3B4
100
AcDbEntity
  8
0
 62
     0
440
 16777216
100
AcDbMText
 10
12940.92161324539
 20
7971.38465344966
 30
0.0
 40
30.0
 41
0.0
 46
0.0
 71
     5
 72
     1
  1
23{\H1x;\S1/8;}
 11
0.9997663346639825
 21
-0.0216165693981619
 31
0.0
 73
     1
 44
1.0
  0
POINT
  5
3C7
330
3B4
100
AcDbEntity
  8
Defpoints
 62
     0
440
 16777216
100
AcDbPoint
 10
12648.125
 20
8018.938165849977
 30
0.0
  0
POINT
  5
3C8
330
3B4
100
AcDbEntity
  8
Defpoints
 62
     0
440
 16777216
100
AcDbPoint
 10
13235.5
 20
8006.238165849964
 30
0.0
  0
POINT
  5
3C9
330
3B4
100
AcDbEntity
  8
Defpoints
 62
     0
440
 16777216
100
AcDbPoint
 10
13233.83902296059
 20
7929.417977777251
 30
0.0
  0
ENDBLK
  5
3B6
330
3B4
100
AcDbEntity
  8
0
 62
    40
420
 16308017
100
AcDbBlockEnd
  0
BLOCK
  5
3CD
330
3CC
100
AcDbEntity
  8
0
 62
    40
420
 16308017
100
AcDbBlockBegin
  2
*D3
 70
     1
 10
0.0
 20
0.0
 30
0.0
  3
*D3
  1

  0
LINE
  5
3D9
330
3CC
100
AcDbEntity
  8
0
 62
     0
440
 16777216
370
    -2
100
AcDbLine
 10
12648.125
 20
9683.263165849989
 30
0.0
 11
12648.125
 21
9733.563972739991
 31
0.0
  0
LINE
  5
3DA
330
3CC
100
AcDbEntity
  8
0
 62
     0
440
 16777216
370
    -2
100
AcDbLine
 10
13235.5
 20
9683.263165849989
 30
0.0
 11
13235.5
 21
9733.563972739991
 31
0.0
  0
LINE
  5
3DB
330
3CC
100
AcDbEntity
  8
0
 62
     0
440
 16777216
370
    -2
100
AcDbLine
 10
12648.125
 20
9732.313972739991
 30
0.0
 11
13235.5
 21
9732.313972739991
 31
0.0
  0
INSERT
  5
3DC
330
3CC
100
AcDbEntity
  8
0
 62
     0
440
 16777216
370
    -2
100
AcDbBlockReference
  2
_ArchTick
 10
12648.125
 20
9732.313972739991
 30
0.0
 41
2.5
 42
2.5
 43
2.5
 50
180.0
  0
INSERT
  5
3DD
330
3CC
100
AcDbEntity
  8
0
 62
     0
440
 16777216
370
    -2
100
AcDbBlockReference
  2
_ArchTick
 10
13235.5
 20
9732.313972739991
 30
0.0
 41
2.5
 42
2.5
 43
2.5
  0
MTEXT
  5
3DE
330
3CC
100
AcDbEntity
  8
0
 62
     0
440
 16777216
100
AcDbMText
 10
12941.8125
 20
9767.93897273999
 30
0.0
 40
30.0
 41
0.0
 46
0.0
 71
     5
 72
     1
  1
23{\H1x;\S1/8;}
 73
     1
 44
1.0
  0
POINT
  5
3DF
330
3CC
100
AcDbEntity
  8
Defpoints
 62
     0
440
 16777216
100
AcDbPoint
 10
12648.125
 20
9682.638165849988
 30
0.0
  0
POINT
  5
3E0
330
3CC
100
AcDbEntity
  8
Defpoints
 62
     0
440
 16777216
100
AcDbPoint
 10
13235.5
 20
9682.638165849988
 30
0.0
  0
POINT
  5
3E1
330
3CC
100
AcDbEntity
  8
Defpoints
 62
     0
440
 16777216
100
AcDbPoint
 10
13235.5
 20
9732.313972739991
 30
0.0
  0
ENDBLK
  5
3CE
330
3CC
100
AcDbEntity
  8
0
 62
    40
420
 16308017
100
AcDbBlockEnd
  0
BLOCK
  5
3E5
330
3E4
100
AcDbEntity
  8
0
 62
    40
420
 16308017
100
AcDbBlockBegin
  2
*D4
 70
     1
 10
0.0
 20
0.0
 30
0.0
  3
*D4
  1

  0
LINE
  5
3F1
330
3E4
100
AcDbEntity
  8
0
 62
     0
440
 16777216
370
    -2
100
AcDbLine
 10
13236.125
 20
8006.238165849969
 30
0.0
 11
13329.12286663671
 21
8006.238165849969
 31
0.0
  0
LINE
  5
3F2
330
3E4
100
AcDbEntity
  8
0
 62
     0
440
 16777216
370
    -2
100
AcDbLine
 10
13236.125
 20
9682.638165849994
 30
0.0
 11
13329.12286663671
 21
9682.638165849994
 31
0.0
  0
LINE
  5
3F3
330
3E4
100
AcDbEntity
  8
0
 62
     0
440
 16777216
370
    -2
100
AcDbLine
 10
13327.87286663671
 20
8006.238165849969
 30
0.0
 11
13327.87286663671
 21
9682.638165849994
 31
0.0
  0
INSERT
  5
3F4
330
3E4
100
AcDbEntity
  8
0
 62
     0
440
 16777216
370
    -2
100
AcDbBlockReference
  2
_ArchTick
 10
13327.87286663671
 20
8006.238165849969
 30
0.0
 41
2.5
 42
2.5
 43
2.5
 50
270.0
  0
INSERT
  5
3F5
330
3E4
100
AcDbEntity
  8
0
 62
     0
440
 16777216
370
    -2
100
AcDbBlockReference
  2
_ArchTick
 10
13327.87286663671
 20
9682.638165849994
 30
0.0
 41
2.5
 42
2.5
 43
2.5
 50
90.0
  0
MTEXT
  5
3F6
330
3E4
100
AcDbEntity
  8
0
 62
     0
440
 16777216
100
AcDbMText
 10
13312.24786663671
 20
8844.438165849975
 30
0.0
 40
30.0
 41
0.0
 46
0.0
 71
     5
 72
     1
  1
66
 11
0.0000000000000001
 21
1.0
 31
0.0
 73
     1
 44
1.0
  0
POINT
  5
3F7
330
3E4
100
AcDbEntity
  8
Defpoints
 62
     0
440
 16777216
100
AcDbPoint
 10
13235.50000000001
 20
8006.238165849969
 30
0.0
  0
POINT
  5
3F8
330
3E4
100
AcDbEntity
  8
Defpoints
 62
     0
440
 16777216
100
AcDbPoint
 10
13235.50000000001
 20
9682.638165849994
 30
0.0
  0
POINT
  5
3F9
330
3E4
100
AcDbEntity
  8
Defpoints
 62
     0
440
 16777216
100
AcDbPoint
 10
13327.87286663671
 20
9682.638165849994
 30
0.0
  0
ENDBLK
  5
3E6
330
3E4
100
AcDbEntity
  8
0
 62
    40
420
 16308017
100
AcDbBlockEnd
  0
BLOCK
  5
3FD
330
3FC
100
AcDbEntity
  8
0
 62
    40
420
 16308017
100
AcDbBlockBegin
  2
*D5
 70
     1
 10
0.0
 20
0.0
 30
0.0
  3
*D5
  1

  0
LINE
  5
409
330
3FC
100
AcDbEntity
  8
0
 62
     0
440
 16777216
370
    -2
100
AcDbLine
 10
12941.18750000001
 20
9682.638165849994
 30
0.0
 11
12771.35363267032
 21
9682.638165849994
 31
0.0
  0
LINE
  5
40A
330
3FC
100
AcDbEntity
  8
0
 62
     0
440
 16777216
370
    -2
100
AcDbLine
 10
12941.18750000001
 20
9244.488165849924
 30
0.0
 11
12771.35363267032
 21
9244.488165849924
 31
0.0
  0
LINE
  5
40B
330
3FC
100
AcDbEntity
  8
0
 62
     0
440
 16777216
370
    -2
100
AcDbLine
 10
12772.60363267032
 20
9682.638165849994
 30
0.0
 11
12772.60363267032
 21
9244.488165849924
 31
0.0
  0
INSERT
  5
40C
330
3FC
100
AcDbEntity
  8
0
 62
     0
440
 16777216
370
    -2
100
AcDbBlockReference
  2
_ArchTick
 10
12772.60363267032
 20
9682.638165849994
 30
0.0
 41
2.5
 42
2.5
 43
2.5
 50
90.0
  0
INSERT
  5
40D
330
3FC
100
AcDbEntity
  8
0
 62
     0
440
 16777216
370
    -2
100
AcDbBlockReference
  2
_ArchTick
 10
12772.60363267032
 20
9244.488165849924
 30
0.0
 41
2.5
 42
2.5
 43
2.5
 50
270.0
  0
MTEXT
  5
40E
330
3FC
100
AcDbEntity
  8
0
 62
     0
440
 16777216
100
AcDbMText
 10
12736.97863267031
 20
9463.563165849953
 30
0.0
 40
30.0
 41
0.0
 46
0.0
 71
     5
 72
     1
  1
17{\H1x;\S1/4;}
 11
0.0000000000000001
 21
1.0
 31
0.0
 73
     1
 44
1.0
  0
POINT
  5
40F
330
3FC
100
AcDbEntity
  8
Defpoints
 62
     0
440
 16777216
100
AcDbPoint
 10
12941.8125
 20
9682.638165849994
 30
0.0
  0
POINT
  5
410
330
3FC
100
AcDbEntity
  8
Defpoints
 62
     0
440
 16777216
100
AcDbPoint
 10
12941.81250000001
 20
9244.488165849924
 30
0.0
  0
POINT
  5
411
330
3FC
100
AcDbEntity
  8
Defpoints
 62
     0
440
 16777216
100
AcDbPoint
 10
12772.60363267032
 20
9244.488165849924
 30
0.0
  0
ENDBLK
  5
3FE
330
3FC
100
AcDbEntity
  8
0
 62
    40
420
 16308017
100
AcDbBlockEnd
  0
ENDSEC
  0
SECTION
  2
ENTITIES
  0
LWPOLYLINE
  5
30
330
17
100
AcDbEntity
  8
NESTED_RESULT
 62
     1
100
AcDbPolyline
 90
        5
 70
     0
 43
0.0
 10
0.0
 20
0.0
 10
3200.0
 20
0.0
 10
3200.0
 20
1800.0
 10
0.0
 20
1800.0
 10
0.0
 20
0.0
  0
TEXT
  5
31
330
17
100
AcDbEntity
  8
NESTED_RESULT
 62
     1
100
AcDbText
 10
0.000000000000001
 20
1846.666666666667
 30
0.0
 40
50.0
  1
Sheet_1
 11
0.0
 21
1830.0
 31
0.0
100
AcDbText
 73
     1
  0
LWPOLYLINE
  5
32
330
17
100
AcDbEntity
  8
NESTED_RESULT
100
AcDbPolyline
 90
        5
 70
     0
 43
0.0
 10
0.0
 20
977.9000000000232
 10
1892.299999999988
 20
977.9000000000232
 10
1892.299999999988
 20
0.0
 10
0.0
 20
0.0
 10
0.0
 20
977.9000000000232
  0
TEXT
  5
33
330
17
100
AcDbEntity
  8
NESTED_RESULT
100
AcDbText
 10
759.4833333333276
 20
448.9500000000116
 30
0.0
 40
80.0
  1
522-C
 72
     1
 11
946.1499999999942
 21
488.9500000000117
 31
0.0
100
AcDbText
 73
     2
  0
LWPOLYLINE
  5
34
330
17
100
AcDbEntity
  8
NESTED_RESULT
100
AcDbPolyline
 90
        5
 70
     0
 43
0.0
 10
2870.0
 20
1790.699999999895
 10
1892.300000000105
 20
1790.699999999895
 10
1892.300000000105
 20
0.0
 10
2870.0
 20
0.0
 10
2870.0
 20
1790.699999999895
  0
TEXT
  5
35
330
17
100
AcDbEntity
  8
NESTED_RESULT
100
AcDbText
 10
2214.483333333386
 20
855.3499999999475
 30
0.0
 40
80.0
  1
510-C
 72
     1
 11
2381.150000000053
 21
895.3499999999475
 31
0.0
100
AcDbText
 73
     2
  0
LWPOLYLINE
  5
36
330
17
100
AcDbEntity
  8
NESTED_RESULT
100
AcDbPolyline
 90
        5
 70
     0
 43
0.0
 10
0.0
 20
1628.77500000011
 10
1819.274999999994
 20
1628.77500000011
 10
1819.274999999994
 20
977.9000000000232
 10
0.0
 20
977.9000000000232
 10
0.0
 20
1628.77500000011
  0
LWPOLYLINE
  5
37
330
17
100
AcDbEntity
  8
NESTED_RESULT
100
AcDbPolyline
 90
        5
 70
     0
 43
0.0
 10
1106.487999999983
 20
1520.825000000012
 10
1106.487999999983
 20
1127.125000000029
 10
458.7879999999713
 20
1127.125000000029
 10
458.7879999999713
 20
1520.825000000012
 10
1106.487999999983
 20
1520.825000000012
  0
LWPOLYLINE
  5
38
330
17
100
AcDbEntity
  8
NESTED_RESULT
100
AcDbPolyline
 90
       64
 70
     0
 43
0.0
 10
765.175499999983
 20
1071.562500000029
 10
765.2622750851731
 20
1069.823796478857
 10
765.5217379309178
 20
1068.102372974419
 10
765.9513098789322
 20
1066.41533776687
 10
766.5467216502001
 20
1064.779457370081
 10
767.3020557750133
 20
1063.210989898362
 10
768.2098054034868
 20
1061.725523486093
 10
769.2609489120077
 20
1060.337821365887
 10
770.4450395641616
 20
1059.061675144825
 10
771.7503093350098
 20
1057.909767737437
 10
773.1637858672183
 20
1056.893547317013
 10
774.6714213959348
 20
1056.023113538656
 10
776.2582323619861
 20
1055.307117164338
 10
777.9084483250335
 20
1054.752674087678
 10
779.6056686974771
 20
1054.36529461306
 10
781.3330257407214
 20
1054.148828691745
 10
783.0733522044611
 20
1054.10542765935
 10
784.8093519423855
 20
1054.235522854782
 10
786.5237718091812
 20
1054.537821333564
 10
788.1995731299975
 20
1055.009318717581
 10
789.8201010384073
 20
1055.645329054037
 10
791.3692499999886
 20
1056.439531386451
 10
792.83162387638
 20
1057.38403257521
 10
794.1926889390161
 20
1058.46944574319
 10
795.4389183118182
 20
1059.684983566694
 10
796.5579264073457
 20
1061.01856548473
 10
797.5385920204862
 20
1062.456937761017
 10
798.3711688557232
 20
1063.98580520568
 10
799.0473823904467
 20
1065.589973247202
 10
799.5605121107656
 20
1067.253498942853
 10
799.9054583029356
 20
1068.95984942693
 10
800.0787927367493
 20
1070.692066221672
 10
800.0787927367493
 20
1072.432933778385
 10
799.9054583029356
 20
1074.165150573128
 10
799.5605121107656
 20
1075.871501057205
 10
799.0473823904467
 20
1077.535026752856
 10
798.3711688557232
 20
1079.139194794377
 10
797.5385920204862
 20
1080.668062239041
 10
796.5579264073457
 20
1082.106434515328
 10
795.4389183118182
 20
1083.440016433364
 10
794.1926889390161
 20
1084.655554256867
 10
792.83162387638
 20
1085.740967424848
 10
791.3692499999886
 20
1086.685468613606
 10
789.8201010384073
 20
1087.47967094602
 10
788.1995731299975
 20
1088.115681282477
 10
786.5237718091812
 20
1088.587178666494
 10
784.8093519423855
 20
1088.889477145276
 10
783.0733522044611
 20
1089.019572340709
 10
781.3330257407214
 20
1088.976171308313
 10
779.6056686974771
 20
1088.759705386997
 10
777.9084483250335
 20
1088.37232591238
 10
776.2582323619861
 20
1087.817882835719
 10
774.6714213959348
 20
1087.101886461401
 10
773.1637858672183
 20
1086.231452683045
 10
771.7503093350098
 20
1085.21523226262
 10
770.4450395641616
 20
1084.063324855233
 10
769.2609489120077
 20
1082.787178634171
 10
768.2098054034868
 20
1081.399476513965
 10
767.3020557750133
 20
1079.914010101696
 10
766.5467216502001
 20
1078.345542629977
 10
765.9513098789322
 20
1076.709662233188
 10
765.5217379309178
 20
1075.022627025639
 10
765.2622750851731
 20
1073.301203521201
 10
765.175499999983
 20
1071.562500000029
  0
TEXT
  5
39
330
17
100
AcDbEntity
  8
NESTED_RESULT
100
AcDbText
 10
1268.624368286128
 20
1263.115420532293
 30
0.0
 40
80.0
  1
509-A
 72
     1
 11
1448.624368286128
 21
1303.115420532293
 31
0.0
100
AcDbText
 73
     2
  0
LWPOLYLINE
  5
3A
330
17
100
AcDbEntity
  8
NESTED_RESULT
 62
     1
100
AcDbPolyline
 90
        5
 70
     0
 43
0.0
 10
3400.0
 20
0.0
 10
6600.0
 20
0.0
 10
6600.0
 20
1800.0
 10
3400.0
 20
1800.0
 10
3400.0
 20
0.0
  0
TEXT
  5
3B
330
17
100
AcDbEntity
  8
NESTED_RESULT
 62
     1
100
AcDbText
 10
3400.0
 20
1846.666666666667
 30
0.0
 40
50.0
  1
Sheet_2
 11
3400.0
 21
1830.0
 31
0.0
100
AcDbText
 73
     1
  0
LWPOLYLINE
  5
3C
330
17
100
AcDbEntity
  8
NESTED_RESULT
100
AcDbPolyline
 90
        8
 70
     0
 43
0.0
 10
5806.650000000009
 20
725.7119999999995
 10
6457.524999999908
 20
725.7119999999995
 10
6457.524999999908
 20
1629.0
 10
3400.0
 20
1629.0
 10
3400.0
 20
978.125
 10
5797.124999999914
 20
978.125
 10
5806.650000000009
 20
968.6000000000058
 10
5806.650000000009
 20
725.7119999999995
  0
LWPOLYLINE
  5
3D
330
17
100
AcDbEntity
  8
NESTED_RESULT
100
AcDbPolyline
 90
        5
 70
     0
 43
0.0
 10
4152.475000000006
 20
1086.074999999982
 10
4152.475000000006
 20
1479.774999999994
 10
4800.175000000002
 20
1479.774999999994
 10
4800.175000000002
 20
1086.074999999982
 10
4152.475000000006
 20
1086.074999999982
  0
LWPOLYLINE
  5
3E
330
17
100
AcDbEntity
  8
NESTED_RESULT
100
AcDbPolyline
 90
       64
 70
     0
 43
0.0
 10
4493.787500000006
 20
1535.337499999994
 10
4493.700724914829
 20
1537.076203521166
 10
4493.441262069071
 20
1538.797627025604
 10
4493.011690121057
 20
1540.484662233153
 10
4492.416278349803
 20
1542.120542629942
 10
4491.660944224989
 20
1543.689010101661
 10
4490.753194596502
 20
1545.17447651393
 10
4489.702051087981
 20
1546.562178634136
 10
4488.517960435842
 20
1547.838324855198
 10
4487.212690664965
 20
1548.990232262586
 10
4485.799214132771
 20
1550.00645268301
 10
4484.291578604039
 20
1550.876886461367
 10
4482.704767638017
 20
1551.592882835685
 10
4481.054551674954
 20
1552.147325912345
 10
4479.357331302526
 20
1552.534705386963
 10
4477.629974259268
 20
1552.751171308278
 10
4475.889647795542
 20
1552.794572340674
 10
4474.153648057603
 20
1552.664477145241
 10
4472.439228190792
 20
1552.362178666459
 10
4470.763426869991
 20
1551.890681282442
 10
4469.142898961596
 20
1551.254670945985
 10
4467.593750000015
 20
1550.460468613571
 10
4466.131376123608
 20
1549.515967424813
 10
4464.770311060973
 20
1548.430554256833
 10
4463.524081688185
 20
1547.215016433329
 10
4462.405073592628
 20
1545.881434515293
 10
4461.424407979516
 20
1544.443062239006
 10
4460.591831144266
 20
1542.914194794342
 10
4459.915617609541
 20
1541.310026752821
 10
4459.402487889239
 20
1539.64650105717
 10
4459.057541697053
 20
1537.940150573093
 10
4458.884207263225
 20
1536.207933778351
 10
4458.884207263225
 20
1534.467066221638
 10
4459.057541697053
 20
1532.734849426895
 10
4459.402487889239
 20
1531.028498942818
 10
4459.915617609541
 20
1529.364973247167
 10
4460.591831144266
 20
1527.760805205645
 10
4461.424407979516
 20
1526.231937760982
 10
4462.405073592628
 20
1524.793565484695
 10
4463.524081688185
 20
1523.459983566659
 10
4464.770311060973
 20
1522.244445743155
 10
4466.131376123608
 20
1521.159032575175
 10
4467.593750000015
 20
1520.214531386417
 10
4469.142898961596
 20
1519.420329054003
 10
4470.763426869991
 20
1518.784318717546
 10
4472.439228190792
 20
1518.312821333529
 10
4474.153648057603
 20
1518.010522854747
 10
4475.889647795542
 20
1517.880427659314
 10
4477.629974259268
 20
1517.92382869171
 10
4479.357331302526
 20
1518.140294613026
 10
4481.054551674954
 20
1518.527674087643
 10
4482.704767638017
 20
1519.082117164304
 10
4484.291578604039
 20
1519.798113538621
 10
4485.799214132771
 20
1520.668547316978
 10
4487.212690664965
 20
1521.684767737403
 10
4488.517960435842
 20
1522.83667514479
 10
4489.702051087981
 20
1524.112821365852
 10
4490.753194596502
 20
1525.500523486058
 10
4491.660944224989
 20
1526.985989898327
 10
4492.416278349803
 20
1528.554457370046
 10
4493.011690121057
 20
1530.190337766835
 10
4493.441262069071
 20
1531.877372974384
 10
4493.700724914829
 20
1533.598796478822
 10
4493.787500000006
 20
1535.337499999994
  0
TEXT
  5
3F
330
17
100
AcDbEntity
  8
NESTED_RESULT
100
AcDbText
 10
5893.468209838786
 20
1204.911178833005
 30
0.0
 40
80.0
  1
405-A
 72
     1
 11
6073.468209838786
 21
1244.911178833005
 31
0.0
100
AcDbText
 73
     2
  0
LWPOLYLINE
  5
40
330
17
100
AcDbEntity
  8
NESTED_RESULT
100
AcDbPolyline
 90
        5
 70
     0
 43
0.0
 10
3400.0
 20
977.8999999999941
 10
5292.299999999901
 20
977.8999999999941
 10
5292.299999999901
 20
0.0
 10
3400.0
 20
0.0
 10
3400.0
 20
977.8999999999941
  0
TEXT
  5
41
330
17
100
AcDbEntity
  8
NESTED_RESULT
100
AcDbText
 10
4159.483333333284
 20
448.9499999999971
 30
0.0
 40
80.0
  1
423-C
 72
     1
 11
4346.149999999951
 21
488.949999999997
 31
0.0
100
AcDbText
 73
     2
  0
LWPOLYLINE
  5
42
330
17
100
AcDbEntity
  8
NESTED_RESULT
100
AcDbPolyline
 90
        6
 70
     0
 43
0.0
 10
6552.774771046796
 20
0.0
 10
5295.474999999889
 20
0.0
 10
5292.299999999901
 20
3.174999999988358
 10
5292.342090201797
 20
586.8597319170949
 10
6552.817090201803
 20
586.8597319170949
 10
6552.774771046796
 20
0.0
  0
LWPOLYLINE
  5
43
330
17
100
AcDbEntity
  8
NESTED_RESULT
100
AcDbPolyline
 90
        9
 70
     0
 43
0.0
 10
5409.774999999907
 20
419.1000000000058
 10
5828.874999999796
 20
419.1000000000058
 10
5841.574999999895
 20
406.3999999999941
 10
5841.574999999895
 20
139.7000000000116
 10
5828.874999999796
 20
127.0
 10
5409.774999999907
 20
127.0
 10
5397.074999999895
 20
139.7000000000116
 10
5397.074999999895
 20
406.3999999999941
 10
5409.774999999907
 20
419.1000000000058
  0
LWPOLYLINE
  5
44
330
17
100
AcDbEntity
  8
NESTED_RESULT
100
AcDbPolyline
 90
       64
 70
     0
 43
0.0
 10
5636.787499999773
 20
487.3624999999884
 10
5636.700724914582
 20
489.1012035211606
 10
5636.441262068839
 20
490.8226270255982
 10
5636.011690120824
 20
492.5096622331475
 10
5635.416278349556
 20
494.1455426299362
 10
5634.660944224743
 20
495.7140101016556
 10
5633.75319459627
 20
497.1994765139243
 10
5632.702051087747
 20
498.5871786341304
 10
5631.517960435594
 20
499.8633248551923
 10
5630.212690664746
 20
501.01523226258
 10
5628.799214132538
 20
502.0314526830043
 10
5627.291578603821
 20
502.9018864613608
 10
5625.70476763777
 20
503.6178828356788
 10
5624.054551674722
 20
504.1723259123391
 10
5622.357331302278
 20
504.5597053869569
 10
5620.629974259035
 20
504.7761713082728
 10
5618.889647795295
 20
504.819572340668
 10
5617.153648057371
 20
504.6894771452352
 10
5615.439228190575
 20
504.3871786664531
 10
5613.763426869758
 20
503.9156812824366
 10
5612.142898961349
 20
503.2796709459798
 10
5610.593749999767
 20
502.4854686135658
 10
5609.131376123377
 20
501.5409674248076
 10
5607.77031106074
 20
500.4555542568268
 10
5606.524081687939
 20
499.240016433323
 10
5605.405073592409
 20
497.9064345152874
 10
5604.424407979269
 20
496.4680622390006
 10
5603.591831144033
 20
494.9391947943367
 10
5602.915617609309
 20
493.3350267528148
 10
5602.40248788899
 20
491.6715010571643
 10
5602.057541696821
 20
489.9651505730871
 10
5601.884207263007
 20
488.2329337783448
 10
5601.884207263007
 20
486.4920662216317
 10
5602.057541696821
 20
484.7598494268896
 10
5602.40248788899
 20
483.0534989428125
 10
5602.915617609309
 20
481.3899732471617
 10
5603.591831144033
 20
479.7858052056398
 10
5604.424407979269
 20
478.2569377609761
 10
5605.405073592409
 20
476.8185654846893
 10
5606.524081687939
 20
475.4849835666536
 10
5607.77031106074
 20
474.2694457431497
 10
5609.131376123377
 20
473.1840325751691
 10
5610.593749999767
 20
472.2395313864108
 10
5612.142898961349
 20
471.4453290539968
 10
5613.763426869758
 20
470.80931871754
 10
5615.439228190575
 20
470.3378213335236
 10
5617.153648057371
 20
470.0355228547414
 10
5618.889647795295
 20
469.9054276593087
 10
5620.629974259035
 20
469.948828691704
 10
5622.357331302278
 20
470.1652946130198
 10
5624.054551674722
 20
470.5526740876376
 10
5625.70476763777
 20
471.107117164298
 10
5627.291578603821
 20
471.8231135386159
 10
5628.799214132538
 20
472.6935473169723
 10
5630.212690664746
 20
473.7097677373968
 10
5631.517960435594
 20
474.8616751447843
 10
5632.702051087747
 20
476.1378213658463
 10
5633.75319459627
 20
477.5255234860524
 10
5634.660944224743
 20
479.0109898983209
 10
5635.416278349556
 20
480.5794573700405
 10
5636.011690120824
 20
482.2153377668292
 10
5636.441262068839
 20
483.9023729743785
 10
5636.700724914582
 20
485.6237964788161
 10
5636.787499999773
 20
487.3624999999884
  0
TEXT
  5
45
330
17
100
AcDbEntity
  8
NESTED_RESULT
100
AcDbText
 10
6011.83404654779
 20
253.1221225283224
 30
0.0
 40
80.0
  1
404-E
 72
     1
 11
6191.83404654779
 21
293.1221225283224
 31
0.0
100
AcDbText
 73
     2
  0
LWPOLYLINE
  5
46
330
17
100
AcDbEntity
  8
NESTED_RESULT
 62
     1
100
AcDbPolyline
 90
        5
 70
     0
 43
0.0
 10
6800.0
 20
0.0
 10
10000.0
 20
0.0
 10
10000.0
 20
1800.0
 10
6800.0
 20
1800.0
 10
6800.0
 20
0.0
  0
TEXT
  5
47
330
17
100
AcDbEntity
  8
NESTED_RESULT
 62
     1
100
AcDbText
 10
6800.0
 20
1846.666666666667
 30
0.0
 40
50.0
  1
Sheet_3
 11
6800.0
 21
1830.0
 31
0.0
100
AcDbText
 73
     1
  0
LWPOLYLINE
  5
48
330
17
100
AcDbEntity
  8
NESTED_RESULT
100
AcDbPolyline
 90
        5
 70
     0
 43
0.0
 10
6800.0
 20
0.0
 10
6800.0
 20
977.8999999999941
 10
8692.300000000003
 20
977.8999999999941
 10
8692.300000000003
 20
0.0
 10
6800.0
 20
0.0
  0
TEXT
  5
49
330
17
100
AcDbEntity
  8
NESTED_RESULT
100
AcDbText
 10
7566.150000000003
 20
448.9499999999971
 30
0.0
 40
80.0
  1
405-C
 72
     1
 11
7746.150000000003
 21
488.949999999997
 31
0.0
100
AcDbText
 73
     2
  0
LWPOLYLINE
  5
4A
330
17
100
AcDbEntity
  8
NESTED_RESULT
100
AcDbPolyline
 90
        5
 70
     0
 43
0.0
 10
9670.0
 20
0.0
 10
9670.0
 20
1790.700000000011
 10
8692.300000000017
 20
1790.700000000011
 10
8692.300000000017
 20
0.0
 10
9670.0
 20
0.0
  0
TEXT
  5
4B
330
17
100
AcDbEntity
  8
NESTED_RESULT
100
AcDbText
 10
9007.816666666675
 20
855.3500000000058
 30
0.0
 40
80.0
  1
415-C
 72
     1
 11
9181.150000000009
 21
895.3500000000058
 31
0.0
100
AcDbText
 73
     2
  0
LWPOLYLINE
  5
4C
330
17
100
AcDbEntity
  8
NESTED_RESULT
100
AcDbPolyline
 90
        5
 70
     0
 43
0.0
 10
8619.274999999893
 20
977.8999999999941
 10
6800.0
 20
977.8999999999941
 10
6800.0
 20
1628.774999999907
 10
8619.274999999893
 20
1628.774999999907
 10
8619.274999999893
 20
977.8999999999941
  0
LWPOLYLINE
  5
4D
330
17
100
AcDbEntity
  8
NESTED_RESULT
100
AcDbPolyline
 90
        5
 70
     0
 43
0.0
 10
7906.487999999896
 20
1479.550000000017
 10
7906.487999999896
 20
1085.850000000005
 10
7258.787999999899
 20
1085.850000000005
 10
7258.787999999899
 20
1479.550000000017
 10
7906.487999999896
 20
1479.550000000017
  0
LWPOLYLINE
  5
4E
330
17
100
AcDbEntity
  8
NESTED_RESULT
100
AcDbPolyline
 90
       64
 70
     0
 43
0.0
 10
7600.100499999884
 20
1535.112500000017
 10
7600.013724914709
 20
1536.851203521189
 10
7599.754262068948
 20
1538.572627025627
 10
7599.324690120934
 20
1540.259662233177
 10
7598.729278349681
 20
1541.895542629965
 10
7597.973944224868
 20
1543.464010101685
 10
7597.066194596379
 20
1544.949476513953
 10
7596.015051087859
 20
1546.337178634159
 10
7594.830960435721
 20
1547.613324855222
 10
7593.525690664844
 20
1548.765232262609
 10
7592.112214132649
 20
1549.781452683033
 10
7590.604578603919
 20
1550.65188646139
 10
7589.017767637895
 20
1551.367882835708
 10
7587.367551674835
 20
1551.922325912368
 10
7585.670331302404
 20
1552.309705386986
 10
7583.942974259146
 20
1552.526171308302
 10
7582.202647795421
 20
1552.569572340697
 10
7580.466648057482
 20
1552.439477145265
 10
7578.752228190672
 20
1552.137178666482
 10
7577.07642686987
 20
1551.665681282466
 10
7575.455898961475
 20
1551.029670946009
 10
7573.906749999892
 20
1550.235468613595
 10
7572.444376123488
 20
1549.290967424837
 10
7571.08331106085
 20
1548.205554256856
 10
7569.837081688063
 20
1546.990016433352
 10
7568.718073592508
 20
1545.656434515316
 10
7567.737407979395
 20
1544.218062239029
 10
7566.904831144144
 20
1542.689194794366
 10
7566.22861760942
 20
1541.085026752844
 10
7565.715487889116
 20
1539.421501057194
 10
7565.370541696932
 20
1537.715150573116
 10
7565.197207263103
 20
1535.982933778374
 10
7565.197207263103
 20
1534.242066221661
 10
7565.370541696932
 20
1532.509849426918
 10
7565.715487889116
 20
1530.803498942841
 10
7566.22861760942
 20
1529.139973247191
 10
7566.904831144144
 20
1527.535805205669
 10
7567.737407979395
 20
1526.006937761005
 10
7568.718073592508
 20
1524.568565484718
 10
7569.837081688063
 20
1523.234983566682
 10
7571.08331106085
 20
1522.019445743179
 10
7572.444376123488
 20
1520.934032575198
 10
7573.906749999892
 20
1519.98953138644
 10
7575.455898961475
 20
1519.195329054026
 10
7577.07642686987
 20
1518.559318717569
 10
7578.752228190672
 20
1518.087821333553
 10
7580.466648057482
 20
1517.78552285477
 10
7582.202647795421
 20
1517.655427659338
 10
7583.942974259146
 20
1517.698828691733
 10
7585.670331302404
 20
1517.915294613049
 10
7587.367551674835
 20
1518.302674087667
 10
7589.017767637895
 20
1518.857117164327
 10
7590.604578603919
 20
1519.573113538645
 10
7592.112214132649
 20
1520.443547317001
 10
7593.525690664844
 20
1521.459767737426
 10
7594.830960435721
 20
1522.611675144813
 10
7596.015051087859
 20
1523.887821365875
 10
7597.066194596379
 20
1525.275523486081
 10
7597.973944224868
 20
1526.76098989835
 10
7598.729278349681
 20
1528.329457370069
 10
7599.324690120934
 20
1529.965337766858
 10
7599.754262068948
 20
1531.652372974407
 10
7600.013724914709
 20
1533.373796478845
 10
7600.100499999884
 20
1535.112500000017
  0
TEXT
  5
4F
330
17
100
AcDbEntity
  8
NESTED_RESULT
100
AcDbText
 10
8124.59695943188
 20
1263.115420532177
 30
0.0
 40
80.0
  1
410-B
 72
     1
 11
8291.263626098546
 21
1303.115420532177
 31
0.0
100
AcDbText
 73
     2
  0
LWPOLYLINE
  5
50
330
17
100
AcDbEntity
  8
NESTED_RESULT
 62
     1
100
AcDbPolyline
 90
        5
 70
     0
 43
0.0
 10
10200.0
 20
0.0
 10
13400.0
 20
0.0
 10
13400.0
 20
1800.0
 10
10200.0
 20
1800.0
 10
10200.0
 20
0.0
  0
TEXT
  5
51
330
17
100
AcDbEntity
  8
NESTED_RESULT
 62
     1
100
AcDbText
 10
10200.0
 20
1846.666666666667
 30
0.0
 40
50.0
  1
Sheet_4
 11
10200.0
 21
1830.0
 31
0.0
100
AcDbText
 73
     1
  0
LWPOLYLINE
  5
52
330
17
100
AcDbEntity
  8
NESTED_RESULT
100
AcDbPolyline
 90
        5
 70
     0
 43
0.0
 10
10200.0
 20
0.0
 10
10200.0
 20
977.7000000000116
 10
12092.29999999999
 20
977.7000000000116
 10
12092.29999999999
 20
0.0
 10
10200.0
 20
0.0
  0
TEXT
  5
53
330
17
100
AcDbEntity
  8
NESTED_RESULT
100
AcDbText
 10
10979.48333333333
 20
448.8500000000057
 30
0.0
 40
80.0
  1
501-C
 72
     1
 11
11146.14999999999
 21
488.8500000000058
 31
0.0
100
AcDbText
 73
     2
  0
LWPOLYLINE
  5
54
330
17
100
AcDbEntity
  8
NESTED_RESULT
100
AcDbPolyline
 90
        5
 70
     0
 43
0.0
 10
12092.29999999999
 20
0.0
 10
13070.0
 20
0.0
 10
13070.0
 20
1790.700000000011
 10
12092.29999999999
 20
1790.700000000011
 10
12092.29999999999
 20
0.0
  0
TEXT
  5
55
330
17
100
AcDbEntity
  8
NESTED_RESULT
100
AcDbText
 10
12421.14999999999
 20
855.3500000000058
 30
0.0
 40
80.0
  1
411-C
 72
     1
 11
12581.14999999999
 21
895.3500000000058
 31
0.0
100
AcDbText
 73
     2
  0
LWPOLYLINE
  5
56
330
17
100
AcDbEntity
  8
NESTED_RESULT
100
AcDbPolyline
 90
        5
 70
     0
 43
0.0
 10
10200.0
 20
1625.40000000011
 10
12019.27499999989
 20
1625.40000000011
 10
12019.27499999989
 20
977.7000000000116
 10
10200.0
 20
977.7000000000116
 10
10200.0
 20
1625.40000000011
  0
LWPOLYLINE
  5
57
330
17
100
AcDbEntity
  8
NESTED_RESULT
100
AcDbPolyline
 90
        5
 70
     0
 43
0.0
 10
10912.78699999989
 20
1123.75
 10
10912.78699999989
 20
1517.450000000011
 10
11560.48699999989
 20
1517.450000000011
 10
11560.48699999989
 20
1123.75
 10
10912.78699999989
 20
1123.75
  0
LWPOLYLINE
  5
58
330
17
100
AcDbEntity
  8
NESTED_RESULT
100
AcDbPolyline
 90
       64
 70
     0
 43
0.0
 10
11219.1745
 20
1068.1875
 10
11219.26127508518
 20
1066.448796478857
 10
11219.52073793094
 20
1064.72737297439
 10
11219.95030987895
 20
1063.04033776687
 10
11220.54572165021
 20
1061.404457370052
 10
11221.30105577502
 20
1059.835989898332
 10
11222.20880540351
 20
1058.350523486093
 10
11223.25994891203
 20
1056.962821365858
 10
11224.44403956417
 20
1055.686675144825
 10
11225.74930933505
 20
1054.534767737437
 10
11227.16278586724
 20
1053.518547317013
 10
11228.67042139597
 20
1052.648113538627
 10
11230.25723236199
 20
1051.932117164309
 10
11231.90744832506
 20
1051.377674087649
 10
11233.60466869748
 20
1050.99029461306
 10
11235.33202574074
 20
1050.773828691744
 10
11237.07235220447
 20
1050.73042765932
 10
11238.80835194241
 20
1050.860522854753
 10
11240.52277180922
 20
1051.162821333535
 10
11242.19857313002
 20
1051.634318717581
 10
11243.81910103842
 20
1052.270329054037
 10
11245.36825
 20
1053.064531386422
 10
11246.8306238764
 20
1054.00903257518
 10
11248.19168893904
 20
1055.094445743191
 10
11249.43791831183
 20
1056.309983566694
 10
11250.55692640738
 20
1057.643565484701
 10
11251.53759202049
 20
1059.081937760987
 10
11252.37016885574
 20
1060.610805205681
 10
11253.04638239047
 20
1062.214973247202
 10
11253.55951211078
 20
1063.878498942853
 10
11253.90445830296
 20
1065.58484942693
 10
11254.07779273678
 20
1067.317066221672
 10
11254.07779273678
 20
1069.057933778386
 10
11253.90445830296
 20
1070.790150573128
 10
11253.55951211078
 20
1072.496501057176
 10
11253.04638239047
 20
1074.160026752855
 10
11252.37016885574
 20
1075.764194794348
 10
11251.53759202049
 20
1077.293062239012
 10
11250.55692640738
 20
1078.731434515328
 10
11249.43791831183
 20
1080.065016433335
 10
11248.19168893904
 20
1081.280554256838
 10
11246.8306238764
 20
1082.365967424819
 10
11245.36825
 20
1083.310468613606
 10
11243.81910103842
 20
1084.10467094602
 10
11242.19857313002
 20
1084.740681282478
 10
11240.52277180922
 20
1085.212178666494
 10
11238.80835194241
 20
1085.514477145276
 10
11237.07235220447
 20
1085.644572340709
 10
11235.33202574074
 20
1085.601171308284
 10
11233.60466869748
 20
1085.384705386998
 10
11231.90744832506
 20
1084.99732591238
 10
11230.25723236199
 20
1084.442882835719
 10
11228.67042139597
 20
1083.726886461372
 10
11227.16278586724
 20
1082.856452683045
 10
11225.74930933505
 20
1081.840232262621
 10
11224.44403956417
 20
1080.688324855233
 10
11223.25994891203
 20
1079.412178634171
 10
11222.20880540351
 20
1078.024476513965
 10
11221.30105577502
 20
1076.539010101696
 10
11220.54572165021
 20
1074.970542629948
 10
11219.95030987895
 20
1073.334662233159
 10
11219.52073793094
 20
1071.647627025639
 10
11219.26127508518
 20
1069.926203521201
 10
11219.1745
 20
1068.1875
  0
TEXT
  5
59
330
17
100
AcDbEntity
  8
NESTED_RESULT
100
AcDbText
 10
10395.09650370277
 20
1261.327920532287
 30
0.0
 40
80.0
  1
515-B
 72
     1
 11
10568.42983703611
 21
1301.327920532287
 31
0.0
100
AcDbText
 73
     2
  0
LWPOLYLINE
  5
5A
330
17
100
AcDbEntity
  8
NESTED_RESULT
 62
     1
100
AcDbPolyline
 90
        5
 70
     0
 43
0.0
 10
13600.0
 20
0.0
 10
16800.0
 20
0.0
 10
16800.0
 20
1800.0
 10
13600.0
 20
1800.0
 10
13600.0
 20
0.0
  0
TEXT
  5
5B
330
17
100
AcDbEntity
  8
NESTED_RESULT
 62
     1
100
AcDbText
 10
13600.0
 20
1846.666666666667
 30
0.0
 40
50.0
  1
Sheet_5
 11
13600.0
 21
1830.0
 31
0.0
100
AcDbText
 73
     1
  0
LWPOLYLINE
  5
5C
330
17
100
AcDbEntity
  8
NESTED_RESULT
100
AcDbPolyline
 90
        5
 70
     0
 43
0.0
 10
13600.0
 20
0.0
 10
13600.0
 20
977.8999999999941
 10
15492.29999999987
 20
977.8999999999941
 10
15492.29999999987
 20
0.0
 10
13600.0
 20
0.0
  0
TEXT
  5
5D
330
17
100
AcDbEntity
  8
NESTED_RESULT
100
AcDbText
 10
14359.48333333327
 20
448.9499999999971
 30
0.0
 40
80.0
  1
422-C
 72
     1
 11
14546.14999999994
 21
488.949999999997
 31
0.0
100
AcDbText
 73
     2
  0
LWPOLYLINE
  5
5E
330
17
100
AcDbEntity
  8
NESTED_RESULT
100
AcDbPolyline
 90
        5
 70
     0
 43
0.0
 10
16470.0
 20
1790.700000000011
 10
15492.3000000001
 20
1790.700000000011
 10
15492.3000000001
 20
0.0
 10
16470.0
 20
0.0
 10
16470.0
 20
1790.700000000011
  0
TEXT
  5
5F
330
17
100
AcDbEntity
  8
NESTED_RESULT
100
AcDbText
 10
15801.15000000005
 20
855.3500000000058
 30
0.0
 40
80.0
  1
506-C
 72
     1
 11
15981.15000000005
 21
895.3500000000058
 31
0.0
100
AcDbText
 73
     2
  0
LWPOLYLINE
  5
60
330
17
100
AcDbEntity
  8
NESTED_RESULT
100
AcDbPolyline
 90
        5
 70
     0
 43
0.0
 10
15419.27499999999
 20
977.8999999999941
 10
13600.0
 20
977.8999999999941
 10
13600.0
 20
1628.774999999907
 10
15419.27499999999
 20
1628.774999999907
 10
15419.27499999999
 20
977.8999999999941
  0
LWPOLYLINE
  5
61
330
17
100
AcDbEntity
  8
NESTED_RESULT
100
AcDbPolyline
 90
        5
 70
     0
 43
0.0
 10
14312.78699999999
 20
1085.850000000005
 10
14312.78699999999
 20
1479.549999999988
 10
14960.48699999999
 20
1479.549999999988
 10
14960.48699999999
 20
1085.850000000005
 10
14312.78699999999
 20
1085.850000000005
  0
LWPOLYLINE
  5
62
330
17
100
AcDbEntity
  8
NESTED_RESULT
100
AcDbPolyline
 90
       64
 70
     0
 43
0.0
 10
14654.09949999999
 20
1535.112499999988
 10
14654.01272491482
 20
1536.851203521161
 10
14653.75326206906
 20
1538.572627025598
 10
14653.32369012104
 20
1540.259662233147
 10
14652.72827834979
 20
1541.895542629936
 10
14651.97294422498
 20
1543.464010101655
 10
14651.06519459649
 20
1544.949476513924
 10
14650.01405108797
 20
1546.337178634131
 10
14648.82996043583
 20
1547.613324855192
 10
14647.52469066495
 20
1548.76523226258
 10
14646.11121413276
 20
1549.781452683004
 10
14644.60357860403
 20
1550.651886461361
 10
14643.01676763801
 20
1551.367882835679
 10
14641.36655167494
 20
1551.922325912339
 10
14639.66933130252
 20
1552.309705386957
 10
14637.94197425926
 20
1552.526171308272
 10
14636.20164779553
 20
1552.569572340668
 10
14634.46564805759
 20
1552.439477145235
 10
14632.75122819078
 20
1552.137178666453
 10
14631.07542686998
 20
1551.665681282437
 10
14629.45489896158
 20
1551.02967094598
 10
14627.90575
 20
1550.235468613566
 10
14626.4433761236
 20
1549.290967424807
 10
14625.08231106096
 20
1548.205554256827
 10
14623.83608168817
 20
1546.990016433323
 10
14622.71707359262
 20
1545.656434515287
 10
14621.7364079795
 20
1544.218062239
 10
14620.90383114425
 20
1542.689194794337
 10
14620.22761760953
 20
1541.085026752815
 10
14619.71448788923
 20
1539.421501057164
 10
14619.36954169704
 20
1537.715150573087
 10
14619.19620726321
 20
1535.982933778345
 10
14619.19620726321
 20
1534.242066221632
 10
14619.36954169704
 20
1532.50984942689
 10
14619.71448788923
 20
1530.803498942812
 10
14620.22761760953
 20
1529.139973247161
 10
14620.90383114425
 20
1527.53580520564
 10
14621.7364079795
 20
1526.006937760976
 10
14622.71707359262
 20
1524.568565484689
 10
14623.83608168817
 20
1523.234983566653
 10
14625.08231106096
 20
1522.01944574315
 10
14626.4433761236
 20
1520.934032575169
 10
14627.90575
 20
1519.989531386411
 10
14629.45489896158
 20
1519.195329053997
 10
14631.07542686998
 20
1518.55931871754
 10
14632.75122819078
 20
1518.087821333523
 10
14634.46564805759
 20
1517.785522854741
 10
14636.20164779553
 20
1517.655427659309
 10
14637.94197425926
 20
1517.698828691704
 10
14639.66933130252
 20
1517.91529461302
 10
14641.36655167494
 20
1518.302674087637
 10
14643.01676763801
 20
1518.857117164298
 10
14644.60357860403
 20
1519.573113538616
 10
14646.11121413276
 20
1520.443547316972
 10
14647.52469066495
 20
1521.459767737397
 10
14648.82996043583
 20
1522.611675144785
 10
14650.01405108797
 20
1523.887821365846
 10
14651.06519459649
 20
1525.275523486052
 10
14651.97294422498
 20
1526.760989898321
 10
14652.72827834979
 20
1528.32945737004
 10
14653.32369012104
 20
1529.965337766829
 10
14653.75326206906
 20
1531.652372974378
 10
14654.01272491482
 20
1533.373796478816
 10
14654.09949999999
 20
1535.112499999988
  0
TEXT
  5
63
330
17
100
AcDbEntity
  8
NESTED_RESULT
100
AcDbText
 10
13770.22360331217
 20
1263.115420532177
 30
0.0
 40
80.0
  1
413-A
 72
     1
 11
13943.55693664551
 21
1303.115420532177
 31
0.0
100
AcDbText
 73
     2
  0
LWPOLYLINE
  5
64
330
17
100
AcDbEntity
  8
NESTED_RESULT
 62
     1
100
AcDbPolyline
 90
        5
 70
     0
 43
0.0
 10
17000.0
 20
0.0
 10
20200.0
 20
0.0
 10
20200.0
 20
1800.0
 10
17000.0
 20
1800.0
 10
17000.0
 20
0.0
  0
TEXT
  5
65
330
17
100
AcDbEntity
  8
NESTED_RESULT
 62
     1
100
AcDbText
 10
17000.0
 20
1846.666666666667
 30
0.0
 40
50.0
  1
Sheet_6
 11
17000.0
 21
1830.0
 31
0.0
100
AcDbText
 73
     1
  0
LWPOLYLINE
  5
66
330
17
100
AcDbEntity
  8
NESTED_RESULT
100
AcDbPolyline
 90
        5
 70
     0
 43
0.0
 10
17000.0
 20
0.0
 10
18892.30000000001
 20
0.0
 10
18892.30000000001
 20
977.8999999999067
 10
17000.0
 20
977.8999999999067
 10
17000.0
 20
0.0
  0
TEXT
  5
67
330
17
100
AcDbEntity
  8
NESTED_RESULT
100
AcDbText
 10
17772.81666666667
 20
448.9499999999534
 30
0.0
 40
80.0
  1
519-C
 72
     1
 11
17946.15
 21
488.9499999999534
 31
0.0
100
AcDbText
 73
     2
  0
LWPOLYLINE
  5
68
330
17
100
AcDbEntity
  8
NESTED_RESULT
100
AcDbPolyline
 90
        5
 70
     0
 43
0.0
 10
19870.5
 20
1790.700000000011
 10
18892.79999999999
 20
1790.700000000011
 10
18892.79999999999
 20
0.0000000000291038
 10
19870.5
 20
0.0000000000291038
 10
19870.5
 20
1790.700000000011
  0
TEXT
  5
69
330
17
100
AcDbEntity
  8
NESTED_RESULT
100
AcDbText
 10
19208.31666666666
 20
855.3500000000205
 30
0.0
 40
80.0
  1
412-C
 72
     1
 11
19381.64999999999
 21
895.3500000000204
 31
0.0
100
AcDbText
 73
     2
  0
LWPOLYLINE
  5
6A
330
17
100
AcDbEntity
  8
NESTED_RESULT
100
AcDbPolyline
 90
        5
 70
     0
 43
0.0
 10
17000.0
 20
1628.774999999907
 10
18819.27499999999
 20
1628.774999999907
 10
18819.27499999999
 20
977.8999999999067
 10
17000.0
 20
977.8999999999067
 10
17000.0
 20
1628.774999999907
  0
LWPOLYLINE
  5
6B
330
17
100
AcDbEntity
  8
NESTED_RESULT
100
AcDbPolyline
 90
        5
 70
     0
 43
0.0
 10
18360.48699999999
 20
1520.824999999895
 10
18360.48699999999
 20
1127.124999999912
 10
17712.78699999998
 20
1127.124999999912
 10
17712.78699999998
 20
1520.824999999895
 10
18360.48699999999
 20
1520.824999999895
  0
LWPOLYLINE
  5
6C
330
17
100
AcDbEntity
  8
NESTED_RESULT
100
AcDbPolyline
 90
       64
 70
     0
 43
0.0
 10
18019.17449999999
 20
1071.562499999912
 10
18019.26127508518
 20
1069.82379647874
 10
18019.52073793093
 20
1068.102372974303
 10
18019.95030987894
 20
1066.415337766754
 10
18020.54572165021
 20
1064.779457369965
 10
18021.30105577502
 20
1063.210989898245
 10
18022.2088054035
 20
1061.725523485977
 10
18023.25994891202
 20
1060.33782136577
 10
18024.44403956417
 20
1059.061675144708
 10
18025.74930933502
 20
1057.909767737321
 10
18027.16278586723
 20
1056.893547316896
 10
18028.67042139594
 20
1056.02311353854
 10
18030.257232362
 20
1055.307117164222
 10
18031.90744832504
 20
1054.752674087562
 10
18033.60466869749
 20
1054.365294612944
 10
18035.33202574073
 20
1054.148828691628
 10
18037.07235220447
 20
1054.105427659233
 10
18038.8083519424
 20
1054.235522854666
 10
18040.52277180919
 20
1054.537821333448
 10
18042.19857313001
 20
1055.009318717464
 10
18043.81910103841
 20
1055.645329053921
 10
18045.36825
 20
1056.439531386335
 10
18046.83062387639
 20
1057.384032575093
 10
18048.19168893903
 20
1058.469445743074
 10
18049.43791831183
 20
1059.684983566578
 10
18050.55692640736
 20
1061.018565484613
 10
18051.53759202049
 20
1062.4569377609
 10
18052.37016885573
 20
1063.985805205564
 10
18053.04638239046
 20
1065.589973247086
 10
18053.55951211078
 20
1067.253498942736
 10
18053.90445830294
 20
1068.959849426814
 10
18054.07779273676
 20
1070.692066221556
 10
18054.07779273676
 20
1072.432933778269
 10
18053.90445830294
 20
1074.165150573011
 10
18053.55951211078
 20
1075.871501057088
 10
18053.04638239046
 20
1077.535026752739
 10
18052.37016885573
 20
1079.139194794261
 10
18051.53759202049
 20
1080.668062238925
 10
18050.55692640736
 20
1082.106434515212
 10
18049.43791831183
 20
1083.440016433247
 10
18048.19168893903
 20
1084.655554256751
 10
18046.83062387639
 20
1085.740967424732
 10
18045.36825
 20
1086.68546861349
 10
18043.81910103841
 20
1087.479670945904
 10
18042.19857313001
 20
1088.115681282361
 10
18040.52277180919
 20
1088.587178666377
 10
18038.8083519424
 20
1088.889477145159
 10
18037.07235220447
 20
1089.019572340592
 10
18035.33202574073
 20
1088.976171308197
 10
18033.60466869749
 20
1088.759705386881
 10
18031.90744832504
 20
1088.372325912263
 10
18030.257232362
 20
1087.817882835603
 10
18028.67042139594
 20
1087.101886461285
 10
18027.16278586723
 20
1086.231452682929
 10
18025.74930933502
 20
1085.215232262504
 10
18024.44403956417
 20
1084.063324855117
 10
18023.25994891202
 20
1082.787178634055
 10
18022.2088054035
 20
1081.399476513849
 10
18021.30105577502
 20
1079.91401010158
 10
18020.54572165021
 20
1078.34554262986
 10
18019.95030987894
 20
1076.709662233072
 10
18019.52073793093
 20
1075.022627025522
 10
18019.26127508518
 20
1073.301203521085
 10
18019.17449999999
 20
1071.562499999912
  0
TEXT
  5
6D
330
17
100
AcDbEntity
  8
NESTED_RESULT
100
AcDbText
 10
17163.5569366455
 20
1263.115420532133
 30
0.0
 40
80.0
  1
408-B
 72
     1
 11
17343.5569366455
 21
1303.115420532133
 31
0.0
100
AcDbText
 73
     2
  0
LWPOLYLINE
  5
6E
330
17
100
AcDbEntity
  8
NESTED_RESULT
 62
     1
100
AcDbPolyline
 90
        5
 70
     0
 43
0.0
 10
0.0
 20
2000.0
 10
3200.0
 20
2000.0
 10
3200.0
 20
3800.0
 10
0.0
 20
3800.0
 10
0.0
 20
2000.0
  0
TEXT
  5
6F
330
17
100
AcDbEntity
  8
NESTED_RESULT
 62
     1
100
AcDbText
 10
0.000000000000001
 20
3846.666666666667
 30
0.0
 40
50.0
  1
Sheet_7
 11
0.0
 21
3830.0
 31
0.0
100
AcDbText
 73
     1
  0
LWPOLYLINE
  5
70
330
17
100
AcDbEntity
  8
NESTED_RESULT
100
AcDbPolyline
 90
        5
 70
     0
 43
0.0
 10
0.0
 20
2000.0
 10
0.0
 20
2977.899999999994
 10
1892.299999999988
 20
2977.899999999994
 10
1892.299999999988
 20
2000.0
 10
0.0
 20
2000.0
  0
TEXT
  5
71
330
17
100
AcDbEntity
  8
NESTED_RESULT
100
AcDbText
 10
766.1499999999941
 20
2448.949999999997
 30
0.0
 40
80.0
  1
403-C
 72
     1
 11
946.1499999999942
 21
2488.949999999997
 31
0.0
100
AcDbText
 73
     2
  0
LWPOLYLINE
  5
72
330
17
100
AcDbEntity
  8
NESTED_RESULT
100
AcDbPolyline
 90
        5
 70
     0
 43
0.0
 10
2870.0
 20
3790.700000000013
 10
1892.300000000105
 20
3790.700000000013
 10
1892.300000000105
 20
2000.0
 10
2870.0
 20
2000.0
 10
2870.0
 20
3790.700000000013
  0
TEXT
  5
73
330
17
100
AcDbEntity
  8
NESTED_RESULT
100
AcDbText
 10
2201.150000000053
 20
2855.350000000007
 30
0.0
 40
80.0
  1
509-C
 72
     1
 11
2381.150000000053
 21
2895.350000000006
 31
0.0
100
AcDbText
 73
     2
  0
LWPOLYLINE
  5
74
330
17
100
AcDbEntity
  8
NESTED_RESULT
100
AcDbPolyline
 90
        5
 70
     0
 43
0.0
 10
1819.275000000023
 20
2977.899999999994
 10
0.0
 20
2977.899999999994
 10
0.0
 20
3628.774999999994
 10
1819.275000000023
 20
3628.774999999994
 10
1819.275000000023
 20
2977.899999999994
  0
LWPOLYLINE
  5
75
330
17
100
AcDbEntity
  8
NESTED_RESULT
100
AcDbPolyline
 90
        5
 70
     0
 43
0.0
 10
1106.488000000012
 20
3479.550000000076
 10
1106.488000000012
 20
3085.850000000093
 10
458.7880000000005
 20
3085.850000000093
 10
458.7880000000005
 20
3479.550000000076
 10
1106.488000000012
 20
3479.550000000076
  0
LWPOLYLINE
  5
76
330
17
100
AcDbEntity
  8
NESTED_RESULT
100
AcDbPolyline
 90
       64
 70
     0
 43
0.0
 10
800.1005000000004
 20
3535.112500000077
 10
800.0137249148101
 20
3536.851203521248
 10
799.7542620690656
 20
3538.572627025685
 10
799.3246901210512
 20
3540.259662233235
 10
798.7292783497832
 20
3541.895542630025
 10
797.9739442249702
 20
3543.464010101743
 10
797.0661945964965
 20
3544.949476514012
 10
796.0150510879757
 20
3546.337178634218
 10
794.8309604358217
 20
3547.61332485528
 10
793.5256906649738
 20
3548.765232262667
 10
792.1122141327652
 20
3549.781452683092
 10
790.6045786040485
 20
3550.651886461448
 10
789.0177676379972
 20
3551.367882835766
 10
787.3675516749499
 20
3551.922325912427
 10
785.6703313025064
 20
3552.309705387044
 10
783.942974259262
 20
3552.52617130836
 10
782.2026477955223
 20
3552.569572340756
 10
780.4666480575978
 20
3552.439477145322
 10
778.7522281908023
 20
3552.137178666541
 10
777.0764268699857
 20
3551.665681282524
 10
775.4558989615762
 20
3551.029670946067
 10
773.9067499999946
 20
3550.235468613653
 10
772.4443761236033
 20
3549.290967424895
 10
771.0833110609674
 20
3548.205554256914
 10
769.8370816881653
 20
3546.990016433411
 10
768.7180735926378
 20
3545.656434515375
 10
767.7374079794972
 20
3544.218062239089
 10
766.9048311442602
 20
3542.689194794423
 10
766.2286176095367
 20
3541.085026752902
 10
765.7154878892177
 20
3539.421501057252
 10
765.3705416970479
 20
3537.715150573175
 10
765.1972072632343
 20
3535.982933778433
 10
765.1972072632343
 20
3534.242066221719
 10
765.3705416970479
 20
3532.509849426977
 10
765.7154878892177
 20
3530.8034989429
 10
766.2286176095367
 20
3529.139973247249
 10
766.9048311442602
 20
3527.535805205727
 10
767.7374079794972
 20
3526.006937761064
 10
768.7180735926378
 20
3524.568565484777
 10
769.8370816881653
 20
3523.234983566741
 10
771.0833110609674
 20
3522.019445743237
 10
772.4443761236033
 20
3520.934032575257
 10
773.9067499999946
 20
3519.989531386498
 10
775.4558989615762
 20
3519.195329054084
 10
777.0764268699857
 20
3518.559318717628
 10
778.7522281908023
 20
3518.087821333611
 10
780.4666480575978
 20
3517.78552285483
 10
782.2026477955223
 20
3517.655427659395
 10
783.942974259262
 20
3517.698828691791
 10
785.6703313025064
 20
3517.915294613107
 10
787.3675516749499
 20
3518.302674087725
 10
789.0177676379972
 20
3518.857117164385
 10
790.6045786040485
 20
3519.573113538704
 10
792.1122141327652
 20
3520.44354731706
 10
793.5256906649738
 20
3521.459767737484
 10
794.8309604358217
 20
3522.611675144872
 10
796.0150510879757
 20
3523.887821365934
 10
797.0661945964965
 20
3525.27552348614
 10
797.9739442249702
 20
3526.760989898408
 10
798.7292783497832
 20
3528.329457370129
 10
799.3246901210512
 20
3529.965337766917
 10
799.7542620690656
 20
3531.652372974466
 10
800.0137249148101
 20
3533.373796478904
 10
800.1005000000004
 20
3535.112500000077
  0
TEXT
  5
77
330
17
100
AcDbEntity
  8
NESTED_RESULT
100
AcDbText
 10
1324.596959431985
 20
3263.115420532221
 30
0.0
 40
80.0
  1
510-B
 72
     1
 11
1491.263626098652
 21
3303.115420532221
 31
0.0
100
AcDbText
 73
     2
  0
LWPOLYLINE
  5
78
330
17
100
AcDbEntity
  8
NESTED_RESULT
 62
     1
100
AcDbPolyline
 90
        5
 70
     0
 43
0.0
 10
3400.0
 20
2000.0
 10
6600.0
 20
2000.0
 10
6600.0
 20
3800.0
 10
3400.0
 20
3800.0
 10
3400.0
 20
2000.0
  0
TEXT
  5
79
330
17
100
AcDbEntity
  8
NESTED_RESULT
 62
     1
100
AcDbText
 10
3400.0
 20
3846.666666666667
 30
0.0
 40
50.0
  1
Sheet_8
 11
3400.0
 21
3830.0
 31
0.0
100
AcDbText
 73
     1
  0
LWPOLYLINE
  5
7A
330
17
100
AcDbEntity
  8
NESTED_RESULT
100
AcDbPolyline
 90
        5
 70
     0
 43
0.0
 10
3400.0
 20
2000.0
 10
3400.0
 20
2977.899999999994
 10
5292.299999999987
 20
2977.899999999994
 10
5292.299999999987
 20
2000.0
 10
3400.0
 20
2000.0
  0
TEXT
  5
7B
330
17
100
AcDbEntity
  8
NESTED_RESULT
100
AcDbText
 10
4172.816666666661
 20
2448.949999999997
 30
0.0
 40
80.0
  1
419-C
 72
     1
 11
4346.149999999994
 21
2488.949999999997
 31
0.0
100
AcDbText
 73
     2
  0
LWPOLYLINE
  5
7C
330
17
100
AcDbEntity
  8
NESTED_RESULT
100
AcDbPolyline
 90
        5
 70
     0
 43
0.0
 10
6270.0
 20
2000.0
 10
6270.0
 20
3790.699999999983
 10
5292.299999999987
 20
3790.699999999983
 10
5292.299999999987
 20
2000.0
 10
6270.0
 20
2000.0
  0
TEXT
  5
7D
330
17
100
AcDbEntity
  8
NESTED_RESULT
100
AcDbText
 10
5607.816666666661
 20
2855.349999999992
 30
0.0
 40
80.0
  1
418-C
 72
     1
 11
5781.149999999994
 21
2895.349999999992
 31
0.0
100
AcDbText
 73
     2
  0
LWPOLYLINE
  5
7E
330
17
100
AcDbEntity
  8
NESTED_RESULT
100
AcDbPolyline
 90
        5
 70
     0
 43
0.0
 10
5219.274999999994
 20
2977.899999999994
 10
3400.0
 20
2977.899999999994
 10
3400.0
 20
3628.774999999994
 10
5219.274999999994
 20
3628.774999999994
 10
5219.274999999994
 20
2977.899999999994
  0
LWPOLYLINE
  5
7F
330
17
100
AcDbEntity
  8
NESTED_RESULT
100
AcDbPolyline
 90
        5
 70
     0
 43
0.0
 10
4760.486999999994
 20
3085.849999999977
 10
4112.786999999996
 20
3085.849999999977
 10
4112.786999999996
 20
3479.549999999989
 10
4760.486999999994
 20
3479.549999999989
 10
4760.486999999994
 20
3085.849999999977
  0
LWPOLYLINE
  5
80
330
17
100
AcDbEntity
  8
NESTED_RESULT
100
AcDbPolyline
 90
       64
 70
     0
 43
0.0
 10
4454.099499999983
 20
3535.112499999988
 10
4454.012724914806
 20
3536.851203521161
 10
4453.753262069047
 20
3538.572627025598
 10
4453.323690121033
 20
3540.259662233148
 10
4452.72827834978
 20
3541.895542629936
 10
4451.972944224965
 20
3543.464010101656
 10
4451.065194596478
 20
3544.949476513925
 10
4450.014051087957
 20
3546.337178634131
 10
4448.829960435818
 20
3547.613324855193
 10
4447.52469066494
 20
3548.76523226258
 10
4446.111214132748
 20
3549.781452683005
 10
4444.603578604016
 20
3550.651886461361
 10
4443.016767637993
 20
3551.367882835679
 10
4441.366551674932
 20
3551.922325912339
 10
4439.669331302503
 20
3552.309705386957
 10
4437.941974259244
 20
3552.526171308273
 10
4436.201647795519
 20
3552.569572340668
 10
4434.465648057579
 20
3552.439477145236
 10
4432.751228190769
 20
3552.137178666453
 10
4431.075426869968
 20
3551.665681282437
 10
4429.454898961572
 20
3551.029670945979
 10
4427.90574999999
 20
3550.235468613567
 10
4426.443376123585
 20
3549.290967424808
 10
4425.082311060949
 20
3548.205554256827
 10
4423.836081688161
 20
3546.990016433323
 10
4422.717073592604
 20
3545.656434515288
 10
4421.736407979492
 20
3544.218062239001
 10
4420.903831144242
 20
3542.689194794338
 10
4420.227617609517
 20
3541.085026752815
 10
4419.714487889214
 20
3539.421501057165
 10
4419.369541697029
 20
3537.715150573087
 10
4419.196207263201
 20
3535.982933778345
 10
4419.196207263201
 20
3534.242066221633
 10
4419.369541697029
 20
3532.509849426889
 10
4419.714487889214
 20
3530.803498942812
 10
4420.227617609517
 20
3529.139973247162
 10
4420.903831144242
 20
3527.53580520564
 10
4421.736407979492
 20
3526.006937760976
 10
4422.717073592604
 20
3524.568565484689
 10
4423.836081688161
 20
3523.234983566653
 10
4425.082311060949
 20
3522.01944574315
 10
4426.443376123585
 20
3520.934032575169
 10
4427.90574999999
 20
3519.989531386411
 10
4429.454898961572
 20
3519.195329053997
 10
4431.075426869968
 20
3518.55931871754
 10
4432.751228190769
 20
3518.087821333524
 10
4434.465648057579
 20
3517.785522854742
 10
4436.201647795519
 20
3517.65542765931
 10
4437.941974259244
 20
3517.698828691704
 10
4439.669331302503
 20
3517.91529461302
 10
4441.366551674932
 20
3518.302674087637
 10
4443.016767637993
 20
3518.857117164298
 10
4444.603578604016
 20
3519.573113538616
 10
4446.111214132748
 20
3520.443547316973
 10
4447.52469066494
 20
3521.459767737397
 10
4448.829960435818
 20
3522.611675144785
 10
4450.014051087957
 20
3523.887821365847
 10
4451.065194596478
 20
3525.275523486052
 10
4451.972944224965
 20
3526.760989898321
 10
4452.72827834978
 20
3528.32945737004
 10
4453.323690121033
 20
3529.965337766829
 10
4453.753262069047
 20
3531.652372974379
 10
4454.012724914806
 20
3533.373796478816
 10
4454.099499999983
 20
3535.112499999988
  0
TEXT
  5
81
330
17
100
AcDbEntity
  8
NESTED_RESULT
100
AcDbText
 10
3563.556936645507
 20
3263.115420532221
 30
0.0
 40
80.0
  1
506-A
 72
     1
 11
3743.556936645506
 21
3303.115420532221
 31
0.0
100
AcDbText
 73
     2
  0
LWPOLYLINE
  5
82
330
17
100
AcDbEntity
  8
NESTED_RESULT
 62
     1
100
AcDbPolyline
 90
        5
 70
     0
 43
0.0
 10
6800.0
 20
2000.0
 10
10000.0
 20
2000.0
 10
10000.0
 20
3800.0
 10
6800.0
 20
3800.0
 10
6800.0
 20
2000.0
  0
TEXT
  5
83
330
17
100
AcDbEntity
  8
NESTED_RESULT
 62
     1
100
AcDbText
 10
6800.0
 20
3846.666666666667
 30
0.0
 40
50.0
  1
Sheet_9
 11
6800.0
 21
3830.0
 31
0.0
100
AcDbText
 73
     1
  0
LWPOLYLINE
  5
84
330
17
100
AcDbEntity
  8
NESTED_RESULT
100
AcDbPolyline
 90
        5
 70
     0
 43
0.0
 10
8692.299999999988
 20
2977.700000000012
 10
8692.299999999988
 20
2000.0
 10
6800.0
 20
2000.0
 10
6800.0
 20
2977.700000000012
 10
8692.299999999988
 20
2977.700000000012
  0
TEXT
  5
85
330
17
100
AcDbEntity
  8
NESTED_RESULT
100
AcDbText
 10
7566.149999999995
 20
2448.850000000006
 30
0.0
 40
80.0
  1
505-C
 72
     1
 11
7746.149999999994
 21
2488.850000000006
 31
0.0
100
AcDbText
 73
     2
  0
LWPOLYLINE
  5
86
330
17
100
AcDbEntity
  8
NESTED_RESULT
100
AcDbPolyline
 90
        5
 70
     0
 43
0.0
 10
9670.0
 20
2000.0
 10
9670.0
 20
3790.700000000013
 10
8692.299999999988
 20
3790.700000000013
 10
8692.299999999988
 20
2000.0
 10
9670.0
 20
2000.0
  0
TEXT
  5
87
330
17
100
AcDbEntity
  8
NESTED_RESULT
100
AcDbText
 10
9001.149999999993
 20
2855.350000000007
 30
0.0
 40
80.0
  1
507-C
 72
     1
 11
9181.149999999993
 21
2895.350000000006
 31
0.0
100
AcDbText
 73
     2
  0
LWPOLYLINE
  5
88
330
17
100
AcDbEntity
  8
NESTED_RESULT
100
AcDbPolyline
 90
        5
 70
     0
 43
0.0
 10
8619.274999999907
 20
2977.700000000012
 10
6800.0
 20
2977.700000000012
 10
6800.0
 20
3628.575000000012
 10
8619.274999999907
 20
3628.575000000012
 10
8619.274999999907
 20
2977.700000000012
  0
LWPOLYLINE
  5
89
330
17
100
AcDbEntity
  8
NESTED_RESULT
100
AcDbPolyline
 90
        5
 70
     0
 43
0.0
 10
7906.487999999983
 20
3085.649999999994
 10
7258.788
 20
3085.649999999994
 10
7258.788
 20
3479.350000000007
 10
7906.487999999983
 20
3479.350000000007
 10
7906.487999999983
 20
3085.649999999994
  0
LWPOLYLINE
  5
8A
330
17
100
AcDbEntity
  8
NESTED_RESULT
100
AcDbPolyline
 90
       64
 70
     0
 43
0.0
 10
7600.100499999999
 20
3534.912500000007
 10
7600.013724914809
 20
3536.651203521179
 10
7599.754262069066
 20
3538.372627025616
 10
7599.324690121051
 20
3540.059662233165
 10
7598.729278349782
 20
3541.695542629954
 10
7597.973944224971
 20
3543.264010101673
 10
7597.066194596497
 20
3544.749476513942
 10
7596.015051087976
 20
3546.137178634148
 10
7594.830960435821
 20
3547.41332485521
 10
7593.525690664975
 20
3548.565232262598
 10
7592.112214132765
 20
3549.581452683022
 10
7590.604578604049
 20
3550.451886461379
 10
7589.017767637997
 20
3551.167882835696
 10
7587.36755167495
 20
3551.722325912357
 10
7585.670331302506
 20
3552.109705386975
 10
7583.942974259262
 20
3552.32617130829
 10
7582.202647795522
 20
3552.369572340686
 10
7580.466648057598
 20
3552.239477145253
 10
7578.752228190802
 20
3551.93717866647
 10
7577.076426869986
 20
3551.465681282454
 10
7575.455898961576
 20
3550.829670945997
 10
7573.906749999996
 20
3550.035468613584
 10
7572.444376123603
 20
3549.090967424825
 10
7571.083311060966
 20
3548.005554256845
 10
7569.837081688165
 20
3546.790016433341
 10
7568.718073592638
 20
3545.456434515305
 10
7567.737407979497
 20
3544.018062239018
 10
7566.90483114426
 20
3542.489194794355
 10
7566.228617609538
 20
3540.885026752833
 10
7565.715487889218
 20
3539.221501057181
 10
7565.370541697049
 20
3537.515150573105
 10
7565.197207263233
 20
3535.782933778363
 10
7565.197207263233
 20
3534.04206622165
 10
7565.370541697049
 20
3532.309849426907
 10
7565.715487889218
 20
3530.60349894283
 10
7566.228617609538
 20
3528.93997324718
 10
7566.90483114426
 20
3527.335805205658
 10
7567.737407979497
 20
3525.806937760993
 10
7568.718073592638
 20
3524.368565484707
 10
7569.837081688165
 20
3523.034983566672
 10
7571.083311060966
 20
3521.819445743168
 10
7572.444376123603
 20
3520.734032575187
 10
7573.906749999996
 20
3519.789531386429
 10
7575.455898961576
 20
3518.995329054015
 10
7577.076426869986
 20
3518.359318717557
 10
7578.752228190802
 20
3517.887821333541
 10
7580.466648057598
 20
3517.585522854759
 10
7582.202647795522
 20
3517.455427659327
 10
7583.942974259262
 20
3517.498828691721
 10
7585.670331302506
 20
3517.715294613037
 10
7587.36755167495
 20
3518.102674087656
 10
7589.017767637997
 20
3518.657117164316
 10
7590.604578604049
 20
3519.373113538633
 10
7592.112214132765
 20
3520.24354731699
 10
7593.525690664975
 20
3521.259767737414
 10
7594.830960435821
 20
3522.411675144802
 10
7596.015051087976
 20
3523.687821365864
 10
7597.066194596497
 20
3525.075523486072
 10
7597.973944224971
 20
3526.560989898339
 10
7598.729278349782
 20
3528.129457370058
 10
7599.324690121051
 20
3529.765337766846
 10
7599.754262069066
 20
3531.452372974396
 10
7600.013724914809
 20
3533.173796478833
 10
7600.100499999999
 20
3534.912500000007
  0
TEXT
  5
8B
330
17
100
AcDbEntity
  8
NESTED_RESULT
100
AcDbText
 10
8131.263626098556
 20
3262.915420532239
 30
0.0
 40
80.0
  1
511-B
 72
     1
 11
8291.263626098556
 21
3302.915420532239
 31
0.0
100
AcDbText
 73
     2
  0
LWPOLYLINE
  5
8C
330
17
100
AcDbEntity
  8
NESTED_RESULT
 62
     1
100
AcDbPolyline
 90
        5
 70
     0
 43
0.0
 10
10200.0
 20
2000.0
 10
13400.0
 20
2000.0
 10
13400.0
 20
3800.0
 10
10200.0
 20
3800.0
 10
10200.0
 20
2000.0
  0
TEXT
  5
8D
330
17
100
AcDbEntity
  8
NESTED_RESULT
 62
     1
100
AcDbText
 10
10200.0
 20
3846.666666666667
 30
0.0
 40
50.0
  1
Sheet_10
 11
10200.0
 21
3830.0
 31
0.0
100
AcDbText
 73
     1
  0
LWPOLYLINE
  5
8E
330
17
100
AcDbEntity
  8
NESTED_RESULT
100
AcDbPolyline
 90
        5
 70
     0
 43
0.0
 10
10200.0
 20
2000.0
 10
11990.70000000001
 20
2000.0
 10
11990.70000000001
 20
2977.700000000012
 10
10200.0
 20
2977.700000000012
 10
10200.0
 20
2000.0
  0
TEXT
  5
8F
330
17
100
AcDbEntity
  8
NESTED_RESULT
100
AcDbText
 10
10922.01666666667
 20
2448.850000000006
 30
0.0
 40
80.0
  1
512-C
 72
     1
 11
11095.35
 21
2488.850000000006
 31
0.0
100
AcDbText
 73
     2
  0
LWPOLYLINE
  5
90
330
17
100
AcDbEntity
  8
NESTED_RESULT
100
AcDbPolyline
 90
        5
 70
     0
 43
0.0
 10
11990.8000000001
 20
2000.0
 10
12968.5
 20
2000.0
 10
12968.5
 20
3790.700000000013
 10
11990.8000000001
 20
3790.700000000013
 10
11990.8000000001
 20
2000.0
  0
TEXT
  5
91
330
17
100
AcDbEntity
  8
NESTED_RESULT
100
AcDbText
 10
12312.98333333338
 20
2855.350000000007
 30
0.0
 40
80.0
  1
410-C
 72
     1
 11
12479.65000000005
 21
2895.350000000006
 31
0.0
100
AcDbText
 73
     2
  0
LWPOLYLINE
  5
92
330
17
100
AcDbEntity
  8
NESTED_RESULT
100
AcDbPolyline
 90
        5
 70
     0
 43
0.0
 10
11917.675
 20
2977.700000000012
 10
10200.0
 20
2977.700000000012
 10
10200.0
 20
3628.574999999896
 10
11917.675
 20
3628.574999999896
 10
11917.675
 20
2977.700000000012
  0
LWPOLYLINE
  5
93
330
17
100
AcDbEntity
  8
NESTED_RESULT
100
AcDbPolyline
 90
        5
 70
     0
 43
0.0
 10
10912.78700000001
 20
3085.650000000024
 10
10912.78700000001
 20
3479.350000000007
 10
11560.487
 20
3479.350000000007
 10
11560.487
 20
3085.650000000024
 10
10912.78700000001
 20
3085.650000000024
  0
LWPOLYLINE
  5
94
330
17
100
AcDbEntity
  8
NESTED_RESULT
100
AcDbPolyline
 90
       64
 70
     0
 43
0.0
 10
11254.09949999999
 20
3534.912500000007
 10
11254.01272491482
 20
3536.651203521179
 10
11253.75326206906
 20
3538.372627025616
 10
11253.32369012105
 20
3540.059662233165
 10
11252.72827834979
 20
3541.695542629954
 10
11251.97294422498
 20
3543.264010101673
 10
11251.06519459649
 20
3544.749476513942
 10
11250.01405108797
 20
3546.137178634148
 10
11248.82996043583
 20
3547.41332485521
 10
11247.52469066495
 20
3548.565232262598
 10
11246.11121413276
 20
3549.581452683022
 10
11244.60357860403
 20
3550.451886461379
 10
11243.016767638
 20
3551.167882835696
 10
11241.36655167494
 20
3551.722325912357
 10
11239.66933130251
 20
3552.109705386975
 10
11237.94197425926
 20
3552.32617130829
 10
11236.20164779553
 20
3552.369572340686
 10
11234.46564805759
 20
3552.239477145253
 10
11232.75122819078
 20
3551.93717866647
 10
11231.07542686998
 20
3551.465681282454
 10
11229.45489896159
 20
3550.829670945997
 10
11227.90575
 20
3550.035468613584
 10
11226.4433761236
 20
3549.090967424825
 10
11225.08231106096
 20
3548.005554256845
 10
11223.83608168817
 20
3546.790016433341
 10
11222.71707359262
 20
3545.456434515305
 10
11221.7364079795
 20
3544.018062239018
 10
11220.90383114425
 20
3542.489194794355
 10
11220.22761760953
 20
3540.885026752833
 10
11219.71448788923
 20
3539.221501057181
 10
11219.36954169704
 20
3537.515150573105
 10
11219.19620726321
 20
3535.782933778363
 10
11219.19620726321
 20
3534.04206622165
 10
11219.36954169704
 20
3532.309849426907
 10
11219.71448788923
 20
3530.60349894283
 10
11220.22761760953
 20
3528.93997324718
 10
11220.90383114425
 20
3527.335805205658
 10
11221.7364079795
 20
3525.806937760993
 10
11222.71707359262
 20
3524.368565484707
 10
11223.83608168817
 20
3523.034983566672
 10
11225.08231106096
 20
3521.819445743168
 10
11226.4433761236
 20
3520.734032575187
 10
11227.90575
 20
3519.789531386429
 10
11229.45489896159
 20
3518.995329054015
 10
11231.07542686998
 20
3518.359318717557
 10
11232.75122819078
 20
3517.887821333541
 10
11234.46564805759
 20
3517.585522854759
 10
11236.20164779553
 20
3517.455427659327
 10
11237.94197425926
 20
3517.498828691721
 10
11239.66933130251
 20
3517.715294613037
 10
11241.36655167494
 20
3518.102674087656
 10
11243.016767638
 20
3518.657117164316
 10
11244.60357860403
 20
3519.373113538633
 10
11246.11121413276
 20
3520.24354731699
 10
11247.52469066495
 20
3521.259767737414
 10
11248.82996043583
 20
3522.411675144802
 10
11250.01405108797
 20
3523.687821365864
 10
11251.06519459649
 20
3525.075523486072
 10
11251.97294422498
 20
3526.560989898339
 10
11252.72827834979
 20
3528.129457370058
 10
11253.32369012105
 20
3529.765337766846
 10
11253.75326206906
 20
3531.452372974396
 10
11254.01272491482
 20
3533.173796478833
 10
11254.09949999999
 20
3534.912500000007
  0
TEXT
  5
95
330
17
100
AcDbEntity
  8
NESTED_RESULT
100
AcDbText
 10
10402.24139709472
 20
3262.927822875931
 30
0.0
 40
80.0
  1
507-A
 72
     1
 11
10582.24139709472
 21
3302.927822875931
 31
0.0
100
AcDbText
 73
     2
  0
LWPOLYLINE
  5
96
330
17
100
AcDbEntity
  8
NESTED_RESULT
 62
     1
100
AcDbPolyline
 90
        5
 70
     0
 43
0.0
 10
13600.0
 20
2000.0
 10
16800.0
 20
2000.0
 10
16800.0
 20
3800.0
 10
13600.0
 20
3800.0
 10
13600.0
 20
2000.0
  0
TEXT
  5
97
330
17
100
AcDbEntity
  8
NESTED_RESULT
 62
     1
100
AcDbText
 10
13600.0
 20
3846.666666666667
 30
0.0
 40
50.0
  1
Sheet_11
 11
13600.0
 21
3830.0
 31
0.0
100
AcDbText
 73
     1
  0
LWPOLYLINE
  5
98
330
17
100
AcDbEntity
  8
NESTED_RESULT
100
AcDbPolyline
 90
        5
 70
     0
 43
0.0
 10
13600.0
 20
2000.0
 10
13600.0
 20
2977.899999999994
 10
15492.2999999999
 20
2977.899999999994
 10
15492.2999999999
 20
2000.0
 10
13600.0
 20
2000.0
  0
TEXT
  5
99
330
17
100
AcDbEntity
  8
NESTED_RESULT
100
AcDbText
 10
14359.48333333328
 20
2448.949999999997
 30
0.0
 40
80.0
  1
523-C
 72
     1
 11
14546.14999999995
 21
2488.949999999997
 31
0.0
100
AcDbText
 73
     2
  0
LWPOLYLINE
  5
9A
330
17
100
AcDbEntity
  8
NESTED_RESULT
100
AcDbPolyline
 90
        5
 70
     0
 43
0.0
 10
16470.0
 20
3790.700000000013
 10
15492.29999999999
 20
3790.700000000013
 10
15492.29999999999
 20
2000.0
 10
16470.0
 20
2000.0
 10
16470.0
 20
3790.700000000013
  0
TEXT
  5
9B
330
17
100
AcDbEntity
  8
NESTED_RESULT
100
AcDbText
 10
15807.81666666666
 20
2855.350000000007
 30
0.0
 40
80.0
  1
417-C
 72
     1
 11
15981.14999999999
 21
2895.350000000006
 31
0.0
100
AcDbText
 73
     2
  0
LWPOLYLINE
  5
9C
330
17
100
AcDbEntity
  8
NESTED_RESULT
100
AcDbPolyline
 90
        5
 70
     0
 43
0.0
 10
15419.27499999999
 20
2977.899999999994
 10
13600.0
 20
2977.899999999994
 10
13600.0
 20
3628.774999999994
 10
15419.27499999999
 20
3628.774999999994
 10
15419.27499999999
 20
2977.899999999994
  0
LWPOLYLINE
  5
9D
330
17
100
AcDbEntity
  8
NESTED_RESULT
100
AcDbPolyline
 90
        5
 70
     0
 43
0.0
 10
14312.78699999999
 20
3085.850000000006
 10
14312.78699999999
 20
3479.550000000105
 10
14960.48699999999
 20
3479.550000000105
 10
14960.48699999999
 20
3085.850000000006
 10
14312.78699999999
 20
3085.850000000006
  0
LWPOLYLINE
  5
9E
330
17
100
AcDbEntity
  8
NESTED_RESULT
100
AcDbPolyline
 90
       64
 70
     0
 43
0.0
 10
14654.09949999998
 20
3535.112500000105
 10
14654.0127249148
 20
3536.851203521278
 10
14653.75326206904
 20
3538.572627025715
 10
14653.32369012103
 20
3540.259662233264
 10
14652.72827834978
 20
3541.895542630054
 10
14651.97294422496
 20
3543.464010101772
 10
14651.06519459648
 20
3544.949476514041
 10
14650.01405108796
 20
3546.337178634247
 10
14648.82996043582
 20
3547.613324855309
 10
14647.52469066494
 20
3548.765232262697
 10
14646.11121413275
 20
3549.781452683121
 10
14644.60357860401
 20
3550.651886461478
 10
14643.01676763799
 20
3551.367882835795
 10
14641.36655167493
 20
3551.922325912456
 10
14639.6693313025
 20
3552.309705387073
 10
14637.94197425924
 20
3552.526171308389
 10
14636.20164779552
 20
3552.569572340785
 10
14634.46564805758
 20
3552.439477145352
 10
14632.75122819077
 20
3552.137178666569
 10
14631.07542686997
 20
3551.665681282553
 10
14629.45489896157
 20
3551.029670946097
 10
14627.90574999999
 20
3550.235468613683
 10
14626.44337612358
 20
3549.290967424923
 10
14625.08231106095
 20
3548.205554256944
 10
14623.83608168816
 20
3546.99001643344
 10
14622.7170735926
 20
3545.656434515404
 10
14621.73640797949
 20
3544.218062239117
 10
14620.90383114424
 20
3542.689194794454
 10
14620.22761760952
 20
3541.085026752931
 10
14619.71448788921
 20
3539.421501057281
 10
14619.36954169703
 20
3537.715150573204
 10
14619.1962072632
 20
3535.982933778461
 10
14619.1962072632
 20
3534.242066221749
 10
14619.36954169703
 20
3532.509849427007
 10
14619.71448788921
 20
3530.803498942929
 10
14620.22761760952
 20
3529.139973247279
 10
14620.90383114424
 20
3527.535805205757
 10
14621.73640797949
 20
3526.006937761093
 10
14622.7170735926
 20
3524.568565484806
 10
14623.83608168816
 20
3523.234983566771
 10
14625.08231106095
 20
3522.019445743267
 10
14626.44337612358
 20
3520.934032575286
 10
14627.90574999999
 20
3519.989531386528
 10
14629.45489896157
 20
3519.195329054114
 10
14631.07542686997
 20
3518.559318717656
 10
14632.75122819077
 20
3518.08782133364
 10
14634.46564805758
 20
3517.785522854858
 10
14636.20164779552
 20
3517.655427659426
 10
14637.94197425924
 20
3517.698828691821
 10
14639.6693313025
 20
3517.915294613136
 10
14641.36655167493
 20
3518.302674087755
 10
14643.01676763799
 20
3518.857117164415
 10
14644.60357860401
 20
3519.573113538733
 10
14646.11121413275
 20
3520.44354731709
 10
14647.52469066494
 20
3521.459767737513
 10
14648.82996043582
 20
3522.611675144901
 10
14650.01405108796
 20
3523.887821365963
 10
14651.06519459648
 20
3525.275523486169
 10
14651.97294422496
 20
3526.760989898437
 10
14652.72827834978
 20
3528.329457370157
 10
14653.32369012103
 20
3529.965337766946
 10
14653.75326206904
 20
3531.652372974496
 10
14654.0127249148
 20
3533.373796478933
 10
14654.09949999998
 20
3535.112500000105
  0
TEXT
  5
9F
330
17
100
AcDbEntity
  8
NESTED_RESULT
100
AcDbText
 10
13770.22360331217
 20
3263.115420532221
 30
0.0
 40
80.0
  1
414-A
 72
     1
 11
13943.55693664551
 21
3303.115420532221
 31
0.0
100
AcDbText
 73
     2
  0
LWPOLYLINE
  5
A0
330
17
100
AcDbEntity
  8
NESTED_RESULT
 62
     1
100
AcDbPolyline
 90
        5
 70
     0
 43
0.0
 10
17000.0
 20
2000.0
 10
20200.0
 20
2000.0
 10
20200.0
 20
3800.0
 10
17000.0
 20
3800.0
 10
17000.0
 20
2000.0
  0
TEXT
  5
A1
330
17
100
AcDbEntity
  8
NESTED_RESULT
 62
     1
100
AcDbText
 10
17000.0
 20
3846.666666666667
 30
0.0
 40
50.0
  1
Sheet_12
 11
17000.0
 21
3830.0
 31
0.0
100
AcDbText
 73
     1
  0
LWPOLYLINE
  5
A2
330
17
100
AcDbEntity
  8
NESTED_RESULT
100
AcDbPolyline
 90
        5
 70
     0
 43
0.0
 10
17000.0
 20
2000.0
 10
17000.0
 20
2977.899999999994
 10
18892.29999999999
 20
2977.899999999994
 10
18892.29999999999
 20
2000.0
 10
17000.0
 20
2000.0
  0
TEXT
  5
A3
330
17
100
AcDbEntity
  8
NESTED_RESULT
100
AcDbText
 10
17779.48333333332
 20
2448.949999999997
 30
0.0
 40
80.0
  1
401-C
 72
     1
 11
17946.14999999999
 21
2488.949999999997
 31
0.0
100
AcDbText
 73
     2
  0
LWPOLYLINE
  5
A4
330
17
100
AcDbEntity
  8
NESTED_RESULT
100
AcDbPolyline
 90
        5
 70
     0
 43
0.0
 10
19870.0
 20
2000.0
 10
19870.0
 20
3790.700000000013
 10
18892.29999999999
 20
3790.700000000013
 10
18892.29999999999
 20
2000.0
 10
19870.0
 20
2000.0
  0
TEXT
  5
A5
330
17
100
AcDbEntity
  8
NESTED_RESULT
100
AcDbText
 10
19207.81666666666
 20
2855.350000000007
 30
0.0
 40
80.0
  1
517-C
 72
     1
 11
19381.14999999999
 21
2895.350000000006
 31
0.0
100
AcDbText
 73
     2
  0
LWPOLYLINE
  5
A6
330
17
100
AcDbEntity
  8
NESTED_RESULT
100
AcDbPolyline
 90
        5
 70
     0
 43
0.0
 10
18819.27499999999
 20
2977.899999999994
 10
17000.0
 20
2977.899999999994
 10
17000.0
 20
3625.599999999977
 10
18819.27499999999
 20
3625.599999999977
 10
18819.27499999999
 20
2977.899999999994
  0
LWPOLYLINE
  5
A7
330
17
100
AcDbEntity
  8
NESTED_RESULT
100
AcDbPolyline
 90
        5
 70
     0
 43
0.0
 10
18360.48699999999
 20
3085.849999999977
 10
17712.78699999999
 20
3085.849999999977
 10
17712.78699999999
 20
3479.549999999989
 10
18360.48699999999
 20
3479.549999999989
 10
18360.48699999999
 20
3085.849999999977
  0
LWPOLYLINE
  5
A8
330
17
100
AcDbEntity
  8
NESTED_RESULT
100
AcDbPolyline
 90
       64
 70
     0
 43
0.0
 10
18054.09949999998
 20
3535.112499999988
 10
18054.0127249148
 20
3536.851203521161
 10
18053.75326206904
 20
3538.572627025598
 10
18053.32369012104
 20
3540.259662233148
 10
18052.72827834978
 20
3541.895542629936
 10
18051.97294422497
 20
3543.464010101656
 10
18051.06519459648
 20
3544.949476513925
 10
18050.01405108796
 20
3546.337178634131
 10
18048.82996043581
 20
3547.613324855193
 10
18047.52469066494
 20
3548.76523226258
 10
18046.11121413275
 20
3549.781452683005
 10
18044.60357860401
 20
3550.651886461361
 10
18043.016767638
 20
3551.367882835679
 10
18041.36655167493
 20
3551.922325912339
 10
18039.66933130251
 20
3552.309705386957
 10
18037.94197425924
 20
3552.526171308273
 10
18036.20164779552
 20
3552.569572340668
 10
18034.46564805758
 20
3552.439477145236
 10
18032.75122819077
 20
3552.137178666453
 10
18031.07542686997
 20
3551.665681282437
 10
18029.45489896157
 20
3551.029670945979
 10
18027.90574999999
 20
3550.235468613567
 10
18026.44337612358
 20
3549.290967424808
 10
18025.08231106095
 20
3548.205554256827
 10
18023.83608168815
 20
3546.990016433323
 10
18022.7170735926
 20
3545.656434515288
 10
18021.73640797949
 20
3544.218062239001
 10
18020.90383114424
 20
3542.689194794338
 10
18020.22761760952
 20
3541.085026752815
 10
18019.71448788921
 20
3539.421501057165
 10
18019.36954169703
 20
3537.715150573087
 10
18019.1962072632
 20
3535.982933778345
 10
18019.1962072632
 20
3534.242066221633
 10
18019.36954169703
 20
3532.509849426889
 10
18019.71448788921
 20
3530.803498942812
 10
18020.22761760952
 20
3529.139973247162
 10
18020.90383114424
 20
3527.53580520564
 10
18021.73640797949
 20
3526.006937760976
 10
18022.7170735926
 20
3524.568565484689
 10
18023.83608168815
 20
3523.234983566653
 10
18025.08231106095
 20
3522.01944574315
 10
18026.44337612358
 20
3520.934032575169
 10
18027.90574999999
 20
3519.989531386411
 10
18029.45489896157
 20
3519.195329053997
 10
18031.07542686997
 20
3518.55931871754
 10
18032.75122819077
 20
3518.087821333524
 10
18034.46564805758
 20
3517.785522854742
 10
18036.20164779552
 20
3517.65542765931
 10
18037.94197425924
 20
3517.698828691704
 10
18039.66933130251
 20
3517.91529461302
 10
18041.36655167493
 20
3518.302674087637
 10
18043.016767638
 20
3518.857117164298
 10
18044.60357860401
 20
3519.573113538616
 10
18046.11121413275
 20
3520.443547316973
 10
18047.52469066494
 20
3521.459767737397
 10
18048.82996043581
 20
3522.611675144785
 10
18050.01405108796
 20
3523.887821365847
 10
18051.06519459648
 20
3525.275523486052
 10
18051.97294422497
 20
3526.760989898321
 10
18052.72827834978
 20
3528.32945737004
 10
18053.32369012104
 20
3529.965337766829
 10
18053.75326206904
 20
3531.652372974379
 10
18054.0127249148
 20
3533.373796478816
 10
18054.09949999998
 20
3535.112499999988
  0
TEXT
  5
A9
330
17
100
AcDbEntity
  8
NESTED_RESULT
100
AcDbText
 10
17195.0965037028
 20
3261.527920532212
 30
0.0
 40
80.0
  1
516-A
 72
     1
 11
17368.42983703613
 21
3301.527920532212
 31
0.0
100
AcDbText
 73
     2
  0
LWPOLYLINE
  5
AA
330
17
100
AcDbEntity
  8
NESTED_RESULT
 62
     1
100
AcDbPolyline
 90
        5
 70
     0
 43
0.0
 10
0.0
 20
4000.0
 10
3200.0
 20
4000.0
 10
3200.0
 20
5800.0
 10
0.0
 20
5800.0
 10
0.0
 20
4000.0
  0
TEXT
  5
AB
330
17
100
AcDbEntity
  8
NESTED_RESULT
 62
     1
100
AcDbText
 10
0.000000000000001
 20
5846.666666666667
 30
0.0
 40
50.0
  1
Sheet_13
 11
0.0
 21
5830.0
 31
0.0
100
AcDbText
 73
     1
  0
LWPOLYLINE
  5
AC
330
17
100
AcDbEntity
  8
NESTED_RESULT
100
AcDbPolyline
 90
        5
 70
     0
 43
0.0
 10
0.0
 20
4000.0
 10
0.0
 20
4977.900000000023
 10
1892.299999999988
 20
4977.900000000023
 10
1892.299999999988
 20
4000.0
 10
0.0
 20
4000.0
  0
TEXT
  5
AD
330
17
100
AcDbEntity
  8
NESTED_RESULT
100
AcDbText
 10
772.8166666666609
 20
4448.950000000013
 30
0.0
 40
80.0
  1
521-C
 72
     1
 11
946.1499999999942
 21
4488.950000000012
 31
0.0
100
AcDbText
 73
     2
  0
LWPOLYLINE
  5
AE
330
17
100
AcDbEntity
  8
NESTED_RESULT
100
AcDbPolyline
 90
        5
 70
     0
 43
0.0
 10
2870.0
 20
4000.000000000029
 10
2870.0
 20
5790.700000000012
 10
1892.299999999988
 20
5790.700000000012
 10
1892.299999999988
 20
4000.000000000029
 10
2870.0
 20
4000.000000000029
  0
TEXT
  5
AF
330
17
100
AcDbEntity
  8
NESTED_RESULT
100
AcDbText
 10
2201.149999999994
 20
4855.35000000002
 30
0.0
 40
80.0
  1
406-C
 72
     1
 11
2381.149999999994
 21
4895.35000000002
 31
0.0
100
AcDbText
 73
     2
  0
LWPOLYLINE
  5
B0
330
17
100
AcDbEntity
  8
NESTED_RESULT
100
AcDbPolyline
 90
        5
 70
     0
 43
0.0
 10
1819.274999999994
 20
4977.900000000023
 10
0.0
 20
4977.900000000023
 10
0.0
 20
5625.600000000122
 10
1819.274999999994
 20
5625.600000000122
 10
1819.274999999994
 20
4977.900000000023
  0
LWPOLYLINE
  5
B1
330
17
100
AcDbEntity
  8
NESTED_RESULT
100
AcDbPolyline
 90
        5
 70
     0
 43
0.0
 10
1358.899999999994
 20
5085.850000000122
 10
711.199999999997
 20
5085.850000000122
 10
711.199999999997
 20
5479.550000000105
 10
1358.899999999994
 20
5479.550000000105
 10
1358.899999999994
 20
5085.850000000122
  0
LWPOLYLINE
  5
B2
330
17
100
AcDbEntity
  8
NESTED_RESULT
100
AcDbPolyline
 90
       64
 70
     0
 43
0.0
 10
1052.512499999997
 20
5535.112500000105
 10
1052.425724914821
 20
5536.851203521277
 10
1052.166262069062
 20
5538.572627025716
 10
1051.736690121048
 20
5540.259662233264
 10
1051.141278349794
 20
5541.895542630053
 10
1050.385944224981
 20
5543.464010101772
 10
1049.478194596493
 20
5544.949476514041
 10
1048.427051087972
 20
5546.337178634247
 10
1047.242960435833
 20
5547.613324855309
 10
1045.937690664956
 20
5548.765232262696
 10
1044.524214132761
 20
5549.781452683122
 10
1043.016578604031
 20
5550.651886461477
 10
1041.429767638008
 20
5551.367882835794
 10
1039.779551674946
 20
5551.922325912457
 10
1038.082331302518
 20
5552.309705387073
 10
1036.354974259258
 20
5552.526171308389
 10
1034.614647795533
 20
5552.569572340783
 10
1032.878648057594
 20
5552.439477145352
 10
1031.164228190784
 20
5552.137178666569
 10
1029.488426869982
 20
5551.665681282552
 10
1027.867898961587
 20
5551.029670946096
 10
1026.318750000005
 20
5550.235468613681
 10
1024.8563761236
 20
5549.290967424924
 10
1023.495311060964
 20
5548.205554256943
 10
1022.249081688176
 20
5546.990016433438
 10
1021.130073592619
 20
5545.656434515404
 10
1020.149407979508
 20
5544.218062239117
 10
1019.316831144257
 20
5542.689194794453
 10
1018.640617609533
 20
5541.085026752931
 10
1018.127487889229
 20
5539.421501057281
 10
1017.782541697044
 20
5537.715150573204
 10
1017.609207263216
 20
5535.98293377846
 10
1017.609207263216
 20
5534.242066221748
 10
1017.782541697044
 20
5532.509849427006
 10
1018.127487889229
 20
5530.803498942929
 10
1018.640617609533
 20
5529.139973247279
 10
1019.316831144257
 20
5527.535805205755
 10
1020.149407979508
 20
5526.006937761092
 10
1021.130073592619
 20
5524.568565484806
 10
1022.249081688176
 20
5523.23498356677
 10
1023.495311060964
 20
5522.019445743266
 10
1024.8563761236
 20
5520.934032575286
 10
1026.318750000005
 20
5519.989531386528
 10
1027.867898961587
 20
5519.195329054112
 10
1029.488426869982
 20
5518.559318717656
 10
1031.164228190784
 20
5518.08782133364
 10
1032.878648057594
 20
5517.785522854858
 10
1034.614647795533
 20
5517.655427659425
 10
1036.354974259258
 20
5517.69882869182
 10
1038.082331302518
 20
5517.915294613136
 10
1039.779551674946
 20
5518.302674087754
 10
1041.429767638008
 20
5518.857117164414
 10
1043.016578604031
 20
5519.573113538731
 10
1044.524214132761
 20
5520.443547317089
 10
1045.937690664956
 20
5521.459767737513
 10
1047.242960435833
 20
5522.611675144901
 10
1048.427051087972
 20
5523.887821365963
 10
1049.478194596493
 20
5525.275523486169
 10
1050.385944224981
 20
5526.760989898438
 10
1051.141278349794
 20
5528.329457370158
 10
1051.736690121048
 20
5529.965337766945
 10
1052.166262069062
 20
5531.652372974495
 10
1052.425724914821
 20
5533.373796478933
 10
1052.512499999997
 20
5535.112500000105
  0
TEXT
  5
B3
330
17
100
AcDbEntity
  8
NESTED_RESULT
100
AcDbText
 10
200.4264109293607
 20
5261.5279205323
 30
0.0
 40
80.0
  1
417-A
 72
     1
 11
373.7597442626941
 21
5301.5279205323
 31
0.0
100
AcDbText
 73
     2
  0
LWPOLYLINE
  5
B4
330
17
100
AcDbEntity
  8
NESTED_RESULT
 62
     1
100
AcDbPolyline
 90
        5
 70
     0
 43
0.0
 10
3400.0
 20
4000.0
 10
6600.0
 20
4000.0
 10
6600.0
 20
5800.0
 10
3400.0
 20
5800.0
 10
3400.0
 20
4000.0
  0
TEXT
  5
B5
330
17
100
AcDbEntity
  8
NESTED_RESULT
 62
     1
100
AcDbText
 10
3400.0
 20
5846.666666666667
 30
0.0
 40
50.0
  1
Sheet_14
 11
3400.0
 21
5830.0
 31
0.0
100
AcDbText
 73
     1
  0
LWPOLYLINE
  5
B6
330
17
100
AcDbEntity
  8
NESTED_RESULT
100
AcDbPolyline
 90
        5
 70
     0
 43
0.0
 10
5190.700000000012
 20
4000.0
 10
5190.700000000012
 20
4977.699999999895
 10
3400.0
 20
4977.699999999895
 10
3400.0
 20
4000.0
 10
5190.700000000012
 20
4000.0
  0
TEXT
  5
B7
330
17
100
AcDbEntity
  8
NESTED_RESULT
100
AcDbText
 10
4135.350000000006
 20
4448.849999999948
 30
0.0
 40
80.0
  1
511-C
 72
     1
 11
4295.350000000006
 21
4488.849999999948
 31
0.0
100
AcDbText
 73
     2
  0
LWPOLYLINE
  5
B8
330
17
100
AcDbEntity
  8
NESTED_RESULT
100
AcDbPolyline
 90
        5
 70
     0
 43
0.0
 10
5190.800000000105
 20
4000.0
 10
6168.5
 20
4000.0
 10
6168.5
 20
5790.699999999895
 10
5190.800000000105
 20
5790.699999999895
 10
5190.800000000105
 20
4000.0
  0
TEXT
  5
B9
330
17
100
AcDbEntity
  8
NESTED_RESULT
100
AcDbText
 10
5499.650000000052
 20
4855.349999999948
 30
0.0
 40
80.0
  1
520-C
 72
     1
 11
5679.650000000052
 21
4895.349999999949
 31
0.0
100
AcDbText
 73
     2
  0
LWPOLYLINE
  5
BA
330
17
100
AcDbEntity
  8
NESTED_RESULT
100
AcDbPolyline
 90
        5
 70
     0
 43
0.0
 10
3400.0
 20
5628.574999999895
 10
5098.625
 20
5628.574999999895
 10
5098.625
 20
4977.699999999895
 10
3400.0
 20
4977.699999999895
 10
3400.0
 20
5628.574999999895
  0
LWPOLYLINE
  5
BB
330
17
100
AcDbEntity
  8
NESTED_RESULT
100
AcDbPolyline
 90
        5
 70
     0
 43
0.0
 10
3757.188000000024
 20
5126.924999999872
 10
3757.188000000024
 20
5520.624999999884
 10
4404.888000000005
 20
5520.624999999884
 10
4404.888000000005
 20
5126.924999999872
 10
3757.188000000024
 20
5126.924999999872
  0
LWPOLYLINE
  5
BC
330
17
100
AcDbEntity
  8
NESTED_RESULT
100
AcDbPolyline
 90
       64
 70
     0
 43
0.0
 10
4063.575500000006
 20
5071.362499999872
 10
4063.662275085197
 20
5069.623796478699
 10
4063.921737930941
 20
5067.902372974263
 10
4064.351309878954
 20
5066.215337766713
 10
4064.946721650223
 20
5064.579457369924
 10
4065.702055775036
 20
5063.010989898205
 10
4066.60980540351
 20
5061.525523485936
 10
4067.660948912031
 20
5060.13782136573
 10
4068.845039564185
 20
5058.861675144668
 10
4070.150309335033
 20
5057.709767737279
 10
4071.563785867241
 20
5056.693547316856
 10
4073.071421395957
 20
5055.823113538499
 10
4074.658232362009
 20
5055.107117164182
 10
4076.308448325057
 20
5054.552674087521
 10
4078.005668697501
 20
5054.165294612903
 10
4079.733025740745
 20
5053.948828691588
 10
4081.473352204485
 20
5053.905427659191
 10
4083.209351942409
 20
5054.035522854626
 10
4084.923771809204
 20
5054.337821333407
 10
4086.599573130021
 20
5054.809318717424
 10
4088.22010103843
 20
5055.445329053879
 10
4089.769250000012
 20
5056.239531386293
 10
4091.231623876403
 20
5057.184032575053
 10
4092.592688939039
 20
5058.269445743032
 10
4093.838918311841
 20
5059.484983566537
 10
4094.957926407368
 20
5060.818565484573
 10
4095.938592020509
 20
5062.25693776086
 10
4096.771168855746
 20
5063.785805205524
 10
4097.447382390471
 20
5065.389973247046
 10
4097.960512110788
 20
5067.053498942696
 10
4098.305458302959
 20
5068.759849426773
 10
4098.478792736772
 20
5070.492066221515
 10
4098.478792736772
 20
5072.232933778228
 10
4098.305458302959
 20
5073.965150572971
 10
4097.960512110788
 20
5075.671501057048
 10
4097.447382390471
 20
5077.335026752698
 10
4096.771168855746
 20
5078.93919479422
 10
4095.938592020509
 20
5080.468062238884
 10
4094.957926407368
 20
5081.906434515171
 10
4093.838918311841
 20
5083.240016433206
 10
4092.592688939039
 20
5084.45555425671
 10
4091.231623876403
 20
5085.540967424691
 10
4089.769250000012
 20
5086.485468613449
 10
4088.22010103843
 20
5087.279670945864
 10
4086.599573130021
 20
5087.91568128232
 10
4084.923771809204
 20
5088.387178666337
 10
4083.209351942409
 20
5088.689477145119
 10
4081.473352204485
 20
5088.819572340551
 10
4079.733025740745
 20
5088.776171308157
 10
4078.005668697501
 20
5088.559705386841
 10
4076.308448325057
 20
5088.172325912222
 10
4074.658232362009
 20
5087.617882835562
 10
4073.071421395957
 20
5086.901886461244
 10
4071.563785867241
 20
5086.031452682888
 10
4070.150309335033
 20
5085.015232262463
 10
4068.845039564185
 20
5083.863324855077
 10
4067.660948912031
 20
5082.587178634014
 10
4066.60980540351
 20
5081.199476513808
 10
4065.702055775036
 20
5079.714010101539
 10
4064.946721650223
 20
5078.145542629821
 10
4064.351309878954
 20
5076.509662233031
 10
4063.921737930941
 20
5074.822627025482
 10
4063.662275085197
 20
5073.101203521043
 10
4063.575500000006
 20
5071.362499999872
  0
TEXT
  5
BD
330
17
100
AcDbEntity
  8
NESTED_RESULT
100
AcDbText
 10
4567.578598022461
 20
5262.930148315325
 30
0.0
 40
80.0
  1
407-A
 72
     1
 11
4747.57859802246
 21
5302.930148315325
 31
0.0
100
AcDbText
 73
     2
  0
LWPOLYLINE
  5
BE
330
17
100
AcDbEntity
  8
NESTED_RESULT
 62
     1
100
AcDbPolyline
 90
        5
 70
     0
 43
0.0
 10
6800.0
 20
4000.0
 10
10000.0
 20
4000.0
 10
10000.0
 20
5800.0
 10
6800.0
 20
5800.0
 10
6800.0
 20
4000.0
  0
TEXT
  5
BF
330
17
100
AcDbEntity
  8
NESTED_RESULT
 62
     1
100
AcDbText
 10
6800.0
 20
5846.666666666667
 30
0.0
 40
50.0
  1
Sheet_15
 11
6800.0
 21
5830.0
 31
0.0
100
AcDbText
 73
     1
  0
LWPOLYLINE
  5
C0
330
17
100
AcDbEntity
  8
NESTED_RESULT
100
AcDbPolyline
 90
        5
 70
     0
 43
0.0
 10
7777.699999999981
 20
5790.699999999983
 10
6800.0
 20
5790.699999999983
 10
6800.0
 20
4000.0
 10
7777.699999999981
 20
4000.0
 10
7777.699999999981
 20
5790.699999999983
  0
TEXT
  5
C1
330
17
100
AcDbEntity
  8
NESTED_RESULT
100
AcDbText
 10
7115.516666666659
 20
4855.349999999991
 30
0.0
 40
80.0
  1
513-C
 72
     1
 11
7288.849999999991
 21
4895.349999999991
 31
0.0
100
AcDbText
 73
     2
  0
LWPOLYLINE
  5
C2
330
17
100
AcDbEntity
  8
NESTED_RESULT
100
AcDbPolyline
 90
        5
 70
     0
 43
0.0
 10
9568.399999999877
 20
4000.0
 10
9568.399999999877
 20
4977.700000000012
 10
7777.699999999981
 20
4977.700000000012
 10
7777.699999999981
 20
4000.0
 10
9568.399999999877
 20
4000.0
  0
TEXT
  5
C3
330
17
100
AcDbEntity
  8
NESTED_RESULT
100
AcDbText
 10
8499.716666666595
 20
4448.850000000006
 30
0.0
 40
80.0
  1
514-C
 72
     1
 11
8673.049999999928
 21
4488.850000000005
 31
0.0
100
AcDbText
 73
     2
  0
LWPOLYLINE
  5
C4
330
17
100
AcDbEntity
  8
NESTED_RESULT
100
AcDbPolyline
 90
        5
 70
     0
 43
0.0
 10
9982.737999999985
 20
4977.700000000012
 10
7777.699999999981
 20
4977.700000000012
 10
7777.699999999981
 20
5641.275000000024
 10
9982.737999999985
 20
5641.275000000024
 10
9982.737999999985
 20
4977.700000000012
  0
LWPOLYLINE
  5
C5
330
17
100
AcDbEntity
  8
NESTED_RESULT
100
AcDbPolyline
 90
        5
 70
     0
 43
0.0
 10
9425.524999999964
 20
5085.650000000112
 10
8777.824999999984
 20
5085.650000000112
 10
8777.824999999984
 20
5479.350000000122
 10
9425.524999999964
 20
5479.350000000122
 10
9425.524999999964
 20
5085.650000000112
  0
LWPOLYLINE
  5
C6
330
17
100
AcDbEntity
  8
NESTED_RESULT
100
AcDbPolyline
 90
       64
 70
     0
 43
0.0
 10
9119.137499999984
 20
5534.912500000006
 10
9119.050724914792
 20
5536.651203521178
 10
9118.791262069048
 20
5538.372627025617
 10
9118.361690121032
 20
5540.059662233165
 10
9117.766278349764
 20
5541.695542629954
 10
9117.010944224952
 20
5543.264010101673
 10
9116.10319459648
 20
5544.749476513942
 10
9115.052051087957
 20
5546.137178634148
 10
9113.867960435804
 20
5547.413324855209
 10
9112.562690664956
 20
5548.565232262596
 10
9111.149214132748
 20
5549.581452683023
 10
9109.64157860403
 20
5550.451886461378
 10
9108.054767637979
 20
5551.167882835696
 10
9106.404551674932
 20
5551.722325912358
 10
9104.707331302488
 20
5552.109705386974
 10
9102.979974259245
 20
5552.32617130829
 10
9101.239647795505
 20
5552.369572340684
 10
9099.503648057581
 20
5552.239477145253
 10
9097.789228190784
 20
5551.93717866647
 10
9096.113426869967
 20
5551.465681282453
 10
9094.49289896156
 20
5550.829670945997
 10
9092.943749999975
 20
5550.035468613582
 10
9091.481376123587
 20
5549.090967424825
 10
9090.12031106095
 20
5548.005554256844
 10
9088.87408168815
 20
5546.790016433341
 10
9087.755073592623
 20
5545.456434515305
 10
9086.774407979479
 20
5544.018062239018
 10
9085.941831144243
 20
5542.489194794354
 10
9085.26561760952
 20
5540.885026752832
 10
9084.7524878892
 20
5539.221501057181
 10
9084.40754169703
 20
5537.515150573105
 10
9084.234207263216
 20
5535.782933778361
 10
9084.234207263216
 20
5534.042066221649
 10
9084.40754169703
 20
5532.309849426907
 10
9084.7524878892
 20
5530.60349894283
 10
9085.26561760952
 20
5528.93997324718
 10
9085.941831144243
 20
5527.335805205656
 10
9086.774407979479
 20
5525.806937760993
 10
9087.755073592623
 20
5524.368565484707
 10
9088.87408168815
 20
5523.034983566671
 10
9090.12031106095
 20
5521.819445743166
 10
9091.481376123587
 20
5520.734032575187
 10
9092.943749999975
 20
5519.789531386429
 10
9094.49289896156
 20
5518.995329054013
 10
9096.113426869967
 20
5518.359318717558
 10
9097.789228190784
 20
5517.887821333541
 10
9099.503648057581
 20
5517.585522854759
 10
9101.239647795505
 20
5517.455427659326
 10
9102.979974259245
 20
5517.498828691721
 10
9104.707331302488
 20
5517.715294613037
 10
9106.404551674932
 20
5518.102674087655
 10
9108.054767637979
 20
5518.657117164315
 10
9109.64157860403
 20
5519.373113538632
 10
9111.149214132748
 20
5520.24354731699
 10
9112.562690664956
 20
5521.259767737414
 10
9113.867960435804
 20
5522.411675144802
 10
9115.052051087957
 20
5523.687821365864
 10
9116.10319459648
 20
5525.075523486071
 10
9117.010944224952
 20
5526.560989898338
 10
9117.766278349764
 20
5528.129457370059
 10
9118.361690121032
 20
5529.765337766846
 10
9118.791262069048
 20
5531.452372974396
 10
9119.050724914792
 20
5533.173796478834
 10
9119.137499999984
 20
5534.912500000006
  0
TEXT
  5
C7
330
17
100
AcDbEntity
  8
NESTED_RESULT
100
AcDbText
 10
8114.111461018863
 20
5269.218330322282
 30
0.0
 40
80.0
  1
401-A
 72
     1
 11
8280.778127685529
 21
5309.218330322283
 31
0.0
100
AcDbText
 73
     2
  0
LWPOLYLINE
  5
C8
330
17
100
AcDbEntity
  8
NESTED_RESULT
 62
     1
100
AcDbPolyline
 90
        5
 70
     0
 43
0.0
 10
10200.0
 20
4000.0
 10
13400.0
 20
4000.0
 10
13400.0
 20
5800.0
 10
10200.0
 20
5800.0
 10
10200.0
 20
4000.0
  0
TEXT
  5
C9
330
17
100
AcDbEntity
  8
NESTED_RESULT
 62
     1
100
AcDbText
 10
10200.0
 20
5846.666666666667
 30
0.0
 40
50.0
  1
Sheet_16
 11
10200.0
 21
5830.0
 31
0.0
100
AcDbText
 73
     1
  0
LWPOLYLINE
  5
CA
330
17
100
AcDbEntity
  8
NESTED_RESULT
100
AcDbPolyline
 90
        8
 70
     0
 43
0.0
 10
10857.22499999997
 20
4552.450000000012
 10
12635.22499999997
 20
4552.450000000012
 10
12635.22499999997
 20
5200.150000000023
 10
10200.0
 20
5200.150000000023
 10
10200.0
 20
4000.0
 10
10847.69999999998
 20
4000.0
 10
10847.69999999998
 20
4542.925000000017
 10
10857.22499999997
 20
4552.450000000012
  0
LWPOLYLINE
  5
CB
330
17
100
AcDbEntity
  8
NESTED_RESULT
100
AcDbPolyline
 90
        5
 70
     0
 43
0.0
 10
11847.82499999998
 20
5054.100000000006
 10
11847.82499999998
 20
4660.400000000023
 10
11200.125
 20
4660.400000000023
 10
11200.125
 20
5054.100000000006
 10
11847.82499999998
 20
5054.100000000006
  0
LWPOLYLINE
  5
CC
330
17
100
AcDbEntity
  8
NESTED_RESULT
100
AcDbPolyline
 90
       64
 70
     0
 43
0.0
 10
11541.43749999997
 20
5109.662500000005
 10
11541.35072491478
 20
5111.401203521178
 10
11541.09126206903
 20
5113.122627025616
 10
11540.66169012102
 20
5114.809662233165
 10
11540.06627834975
 20
5116.445542629954
 10
11539.31094422494
 20
5118.014010101673
 10
11538.40319459646
 20
5119.499476513943
 10
11537.35205108794
 20
5120.887178634148
 10
11536.16796043579
 20
5122.16332485521
 10
11534.86269066494
 20
5123.315232262598
 10
11533.44921413274
 20
5124.331452683022
 10
11531.94157860402
 20
5125.201886461378
 10
11530.35476763797
 20
5125.917882835697
 10
11528.70455167492
 20
5126.472325912358
 10
11527.00733130247
 20
5126.859705386973
 10
11525.27997425923
 20
5127.07617130829
 10
11523.53964779549
 20
5127.119572340685
 10
11521.80364805757
 20
5126.989477145253
 10
11520.08922819077
 20
5126.687178666471
 10
11518.41342686996
 20
5126.215681282454
 10
11516.79289896155
 20
5125.579670945996
 10
11515.24374999996
 20
5124.785468613582
 10
11513.78137612357
 20
5123.840967424825
 10
11512.42031106094
 20
5122.755554256844
 10
11511.17408168814
 20
5121.540016433342
 10
11510.05507359261
 20
5120.206434515305
 10
11509.07440797946
 20
5118.768062239018
 10
11508.24183114423
 20
5117.239194794354
 10
11507.5656176095
 20
5115.635026752832
 10
11507.05248788918
 20
5113.971501057182
 10
11506.70754169702
 20
5112.265150573104
 10
11506.5342072632
 20
5110.532933778362
 10
11506.5342072632
 20
5108.792066221649
 10
11506.70754169702
 20
5107.059849426907
 10
11507.05248788918
 20
5105.35349894283
 10
11507.5656176095
 20
5103.689973247179
 10
11508.24183114423
 20
5102.085805205657
 10
11509.07440797946
 20
5100.556937760995
 10
11510.05507359261
 20
5099.118565484707
 10
11511.17408168814
 20
5097.784983566671
 10
11512.42031106094
 20
5096.569445743167
 10
11513.78137612357
 20
5095.484032575186
 10
11515.24374999996
 20
5094.539531386428
 10
11516.79289896155
 20
5093.745329054014
 10
11518.41342686996
 20
5093.109318717559
 10
11520.08922819077
 20
5092.637821333541
 10
11521.80364805757
 20
5092.335522854759
 10
11523.53964779549
 20
5092.205427659326
 10
11525.27997425923
 20
5092.248828691722
 10
11527.00733130247
 20
5092.465294613037
 10
11528.70455167492
 20
5092.852674087655
 10
11530.35476763797
 20
5093.407117164315
 10
11531.94157860402
 20
5094.123113538632
 10
11533.44921413274
 20
5094.99354731699
 10
11534.86269066494
 20
5096.009767737414
 10
11536.16796043579
 20
5097.161675144802
 10
11537.35205108794
 20
5098.437821365865
 10
11538.40319459646
 20
5099.825523486071
 10
11539.31094422494
 20
5101.310989898339
 10
11540.06627834975
 20
5102.879457370057
 10
11540.66169012102
 20
5104.515337766847
 10
11541.09126206903
 20
5106.202372974396
 10
11541.35072491478
 20
5107.923796478835
 10
11541.43749999997
 20
5109.662500000005
  0
TEXT
  5
CD
330
17
100
AcDbEntity
  8
NESTED_RESULT
100
AcDbText
 10
10401.99024963378
 20
4777.972940063486
 30
0.0
 40
80.0
  1
420-A
 72
     1
 11
10581.99024963378
 21
4817.972940063486
 31
0.0
100
AcDbText
 73
     2
  0
LWPOLYLINE
  5
CE
330
17
100
AcDbEntity
  8
NESTED_RESULT
100
AcDbPolyline
 90
        5
 70
     0
 43
0.0
 10
12635.29999999999
 20
4000.0
 10
12635.29999999999
 20
5676.399999999994
 10
13219.5
 20
5676.399999999994
 10
13219.5
 20
4000.0
 10
12635.29999999999
 20
4000.0
  0
LWPOLYLINE
  5
CF
330
17
100
AcDbEntity
  8
NESTED_RESULT
100
AcDbPolyline
 90
        9
 70
     0
 43
0.0
 10
12800.39999999999
 20
5022.349999999977
 10
12800.39999999999
 20
5441.449999999982
 10
12813.1
 20
5454.149999999994
 10
13079.79999999999
 20
5454.149999999994
 10
13092.5
 20
5441.449999999982
 10
13092.5
 20
5022.349999999977
 10
13079.79999999999
 20
5009.649999999994
 10
12813.1
 20
5009.649999999994
 10
12800.39999999999
 20
5022.349999999977
  0
LWPOLYLINE
  5
D0
330
17
100
AcDbEntity
  8
NESTED_RESULT
100
AcDbPolyline
 90
        9
 70
     0
 43
0.0
 10
12800.39999999999
 20
4228.599999999977
 10
12800.39999999999
 20
4647.699999999982
 10
12813.1
 20
4660.399999999994
 10
13079.79999999999
 20
4660.399999999994
 10
13092.5
 20
4647.699999999982
 10
13092.5
 20
4228.599999999977
 10
13079.79999999999
 20
4215.899999999994
 10
12813.1
 20
4215.899999999994
 10
12800.39999999999
 20
4228.599999999977
  0
LWPOLYLINE
  5
D1
330
17
100
AcDbEntity
  8
NESTED_RESULT
100
AcDbPolyline
 90
       64
 70
     0
 43
0.0
 10
12732.13749999998
 20
4455.612499999987
 10
12730.39879647881
 20
4455.525724914798
 10
12728.67737297437
 20
4455.266262069053
 10
12726.99033776682
 20
4454.836690121038
 10
12725.35445737003
 20
4454.241278349771
 10
12723.78598989831
 20
4453.485944224958
 10
12722.30052348604
 20
4452.578194596484
 10
12720.91282136584
 20
4451.527051087963
 10
12719.63667514478
 20
4450.34296043581
 10
12718.48476773739
 20
4449.037690664963
 10
12717.46854731697
 20
4447.624214132753
 10
12716.59811353861
 20
4446.116578604036
 10
12715.88211716429
 20
4444.529767637985
 10
12715.32767408763
 20
4442.879551674938
 10
12714.94029461301
 20
4441.182331302495
 10
12714.7238286917
 20
4439.45497425925
 10
12714.6804276593
 20
4437.71464779551
 10
12714.81052285473
 20
4435.978648057585
 10
12715.11282133352
 20
4434.26422819079
 10
12715.58431871753
 20
4432.588426869974
 10
12716.22032905399
 20
4430.967898961564
 10
12717.0145313864
 20
4429.418749999983
 10
12717.95903257516
 20
4427.95637612359
 10
12719.04444574314
 20
4426.595311060955
 10
12720.25998356665
 20
4425.349081688152
 10
12721.59356548468
 20
4424.230073592625
 10
12723.03193776097
 20
4423.249407979485
 10
12724.56080520563
 20
4422.416831144248
 10
12726.16497324715
 20
4421.740617609525
 10
12727.82849894281
 20
4421.227487889206
 10
12729.53484942688
 20
4420.882541697035
 10
12731.26706622162
 20
4420.709207263222
 10
12733.00793377834
 20
4420.709207263222
 10
12734.74015057308
 20
4420.882541697035
 10
12736.44650105716
 20
4421.227487889206
 10
12738.1100267528
 20
4421.740617609525
 10
12739.71419479433
 20
4422.416831144248
 10
12741.243062239
 20
4423.249407979485
 10
12742.68143451528
 20
4424.230073592625
 10
12744.01501643331
 20
4425.349081688152
 10
12745.23055425682
 20
4426.595311060955
 10
12746.3159674248
 20
4427.95637612359
 10
12747.26046861356
 20
4429.418749999983
 10
12748.05467094597
 20
4430.967898961564
 10
12748.69068128243
 20
4432.588426869974
 10
12749.16217866645
 20
4434.26422819079
 10
12749.46447714523
 20
4435.978648057585
 10
12749.59457234066
 20
4437.71464779551
 10
12749.55117130827
 20
4439.45497425925
 10
12749.33470538695
 20
4441.182331302495
 10
12748.94732591233
 20
4442.879551674938
 10
12748.39288283567
 20
4444.529767637985
 10
12747.67688646135
 20
4446.116578604036
 10
12746.806452683
 20
4447.624214132753
 10
12745.79023226257
 20
4449.037690664963
 10
12744.63832485519
 20
4450.34296043581
 10
12743.36217863412
 20
4451.527051087963
 10
12741.97447651392
 20
4452.578194596484
 10
12740.48901010165
 20
4453.485944224958
 10
12738.92054262993
 20
4454.241278349771
 10
12737.28466223314
 20
4454.836690121038
 10
12735.59762702559
 20
4455.266262069053
 10
12733.87620352115
 20
4455.525724914798
 10
12732.13749999998
 20
4455.612499999987
  0
LWPOLYLINE
  5
D2
330
17
100
AcDbEntity
  8
NESTED_RESULT
100
AcDbPolyline
 90
       64
 70
     0
 43
0.0
 10
12732.13749999998
 20
5249.362499999987
 10
12730.39879647881
 20
5249.275724914799
 10
12728.67737297437
 20
5249.016262069055
 10
12726.99033776682
 20
5248.586690121038
 10
12725.35445737003
 20
5247.991278349771
 10
12723.78598989831
 20
5247.235944224958
 10
12722.30052348604
 20
5246.328194596484
 10
12720.91282136584
 20
5245.277051087963
 10
12719.63667514478
 20
5244.09296043581
 10
12718.48476773739
 20
5242.787690664963
 10
12717.46854731697
 20
5241.374214132753
 10
12716.59811353861
 20
5239.866578604036
 10
12715.88211716429
 20
5238.279767637985
 10
12715.32767408763
 20
5236.629551674938
 10
12714.94029461301
 20
5234.932331302495
 10
12714.7238286917
 20
5233.20497425925
 10
12714.6804276593
 20
5231.46464779551
 10
12714.81052285473
 20
5229.728648057585
 10
12715.11282133352
 20
5228.01422819079
 10
12715.58431871753
 20
5226.338426869974
 10
12716.22032905399
 20
5224.717898961564
 10
12717.0145313864
 20
5223.168749999983
 10
12717.95903257516
 20
5221.706376123591
 10
12719.04444574314
 20
5220.345311060955
 10
12720.25998356665
 20
5219.099081688153
 10
12721.59356548468
 20
5217.980073592626
 10
12723.03193776097
 20
5216.999407979486
 10
12724.56080520563
 20
5216.166831144248
 10
12726.16497324715
 20
5215.490617609526
 10
12727.82849894281
 20
5214.977487889206
 10
12729.53484942688
 20
5214.632541697035
 10
12731.26706622162
 20
5214.459207263222
 10
12733.00793377834
 20
5214.459207263222
 10
12734.74015057308
 20
5214.632541697035
 10
12736.44650105716
 20
5214.977487889206
 10
12738.1100267528
 20
5215.490617609526
 10
12739.71419479433
 20
5216.166831144248
 10
12741.243062239
 20
5216.999407979486
 10
12742.68143451528
 20
5217.980073592626
 10
12744.01501643331
 20
5219.099081688153
 10
12745.23055425682
 20
5220.345311060955
 10
12746.3159674248
 20
5221.706376123591
 10
12747.26046861356
 20
5223.168749999983
 10
12748.05467094597
 20
5224.717898961564
 10
12748.69068128243
 20
5226.338426869974
 10
12749.16217866645
 20
5228.01422819079
 10
12749.46447714523
 20
5229.728648057585
 10
12749.59457234066
 20
5231.46464779551
 10
12749.55117130827
 20
5233.20497425925
 10
12749.33470538695
 20
5234.932331302495
 10
12748.94732591233
 20
5236.629551674938
 10
12748.39288283567
 20
5238.279767637985
 10
12747.67688646135
 20
5239.866578604036
 10
12746.806452683
 20
5241.374214132753
 10
12745.79023226257
 20
5242.787690664963
 10
12744.63832485519
 20
5244.09296043581
 10
12743.36217863412
 20
5245.277051087963
 10
12741.97447651392
 20
5246.328194596484
 10
12740.48901010165
 20
5247.235944224958
 10
12738.92054262993
 20
5247.991278349771
 10
12737.28466223314
 20
5248.586690121038
 10
12735.59762702559
 20
5249.016262069055
 10
12733.87620352115
 20
5249.275724914799
 10
12732.13749999998
 20
5249.362499999987
  0
TEXT
  5
D3
330
17
100
AcDbEntity
  8
NESTED_RESULT
100
AcDbText
 10
12747.39999999999
 20
4795.024999999994
 30
0.0
 40
80.0
  1
502-E
 72
     1
 11
12927.39999999999
 21
4835.024999999994
 31
0.0
100
AcDbText
 73
     2
  0
LWPOLYLINE
  5
D4
330
17
100
AcDbEntity
  8
NESTED_RESULT
100
AcDbPolyline
 90
        5
 70
     0
 43
0.0
 10
10200.0
 20
5784.350000000036
 10
11673.20000000001
 20
5784.350000000036
 10
11673.20000000001
 20
5200.150000000023
 10
10200.0
 20
5200.150000000023
 10
10200.0
 20
5784.350000000036
  0
LWPOLYLINE
  5
D5
330
17
100
AcDbEntity
  8
NESTED_RESULT
100
AcDbPolyline
 90
        9
 70
     0
 43
0.0
 10
10323.82500000001
 20
5619.250000000029
 10
10742.9249999999
 20
5619.250000000029
 10
10755.62499999991
 20
5606.550000000019
 10
10755.62499999991
 20
5339.850000000035
 10
10742.9249999999
 20
5327.150000000023
 10
10323.82500000001
 20
5327.150000000023
 10
10311.12499999991
 20
5339.850000000035
 10
10311.12499999991
 20
5606.550000000019
 10
10323.82500000001
 20
5619.250000000029
  0
LWPOLYLINE
  5
D6
330
17
100
AcDbEntity
  8
NESTED_RESULT
100
AcDbPolyline
 90
       64
 70
     0
 43
0.0
 10
10550.83749999999
 20
5687.512500000042
 10
10550.7507249148
 20
5689.251203521212
 10
10550.49126206906
 20
5690.972627025651
 10
10550.06169012104
 20
5692.659662233199
 10
10549.46627834977
 20
5694.295542629989
 10
10548.71094422496
 20
5695.864010101708
 10
10547.80319459649
 20
5697.349476513977
 10
10546.75205108797
 20
5698.737178634184
 10
10545.56796043581
 20
5700.013324855246
 10
10544.26269066496
 20
5701.165232262631
 10
10542.84921413276
 20
5702.181452683056
 10
10541.34157860404
 20
5703.051886461413
 10
10539.75476763799
 20
5703.767882835731
 10
10538.10455167494
 20
5704.322325912393
 10
10536.4073313025
 20
5704.70970538701
 10
10534.67997425925
 20
5704.926171308326
 10
10532.93964779551
 20
5704.96957234072
 10
10531.20364805759
 20
5704.839477145288
 10
10529.48922819079
 20
5704.537178666506
 10
10527.81342686998
 20
5704.065681282489
 10
10526.19289896157
 20
5703.429670946031
 10
10524.64374999999
 20
5702.635468613618
 10
10523.18137612359
 20
5701.69096742486
 10
10521.82031106096
 20
5700.605554256878
 10
10520.57408168816
 20
5699.390016433375
 10
10519.45507359263
 20
5698.05643451534
 10
10518.47440797949
 20
5696.618062239053
 10
10517.64183114425
 20
5695.089194794388
 10
10516.96561760953
 20
5693.485026752867
 10
10516.45248788921
 20
5691.821501057217
 10
10516.10754169704
 20
5690.11515057314
 10
10515.93420726323
 20
5688.382933778397
 10
10515.93420726323
 20
5686.642066221684
 10
10516.10754169704
 20
5684.909849426942
 10
10516.45248788921
 20
5683.203498942865
 10
10516.96561760953
 20
5681.539973247215
 10
10517.64183114425
 20
5679.935805205692
 10
10518.47440797949
 20
5678.406937761029
 10
10519.45507359263
 20
5676.968565484743
 10
10520.57408168816
 20
5675.634983566707
 10
10521.82031106096
 20
5674.419445743202
 10
10523.18137612359
 20
5673.334032575223
 10
10524.64374999999
 20
5672.389531386462
 10
10526.19289896157
 20
5671.595329054049
 10
10527.81342686998
 20
5670.959318717592
 10
10529.48922819079
 20
5670.487821333575
 10
10531.20364805759
 20
5670.185522854794
 10
10532.93964779551
 20
5670.055427659361
 10
10534.67997425925
 20
5670.098828691756
 10
10536.4073313025
 20
5670.315294613072
 10
10538.10455167494
 20
5670.702674087691
 10
10539.75476763799
 20
5671.25711716435
 10
10541.34157860404
 20
5671.973113538668
 10
10542.84921413276
 20
5672.843547317025
 10
10544.26269066496
 20
5673.859767737449
 10
10545.56796043581
 20
5675.011675144837
 10
10546.75205108797
 20
5676.287821365899
 10
10547.80319459649
 20
5677.675523486104
 10
10548.71094422496
 20
5679.160989898372
 10
10549.46627834977
 20
5680.729457370093
 10
10550.06169012104
 20
5682.365337766882
 10
10550.49126206906
 20
5684.052372974431
 10
10550.7507249148
 20
5685.773796478868
 10
10550.83749999999
 20
5687.512500000042
  0
TEXT
  5
D7
330
17
100
AcDbEntity
  8
NESTED_RESULT
100
AcDbText
 10
11111.57947591147
 20
5452.070166015655
 30
0.0
 40
80.0
  1
422-D
 72
     1
 11
11298.24614257813
 21
5492.070166015654
 31
0.0
100
AcDbText
 73
     2
  0
LWPOLYLINE
  5
D8
330
17
100
AcDbEntity
  8
NESTED_RESULT
100
AcDbPolyline
 90
        5
 70
     0
 43
0.0
 10
10855.92500000009
 20
4550.864999999991
 10
11506.79999999999
 20
4550.864999999991
 10
11506.79999999999
 20
4000.0
 10
10855.92500000009
 20
4000.0
 10
10855.92500000009
 20
4550.864999999991
  0
TEXT
  5
D9
330
17
100
AcDbEntity
  8
NESTED_RESULT
100
AcDbText
 10
11001.36250000004
 20
4235.432499999995
 30
0.0
 40
80.0
  1
405-B
 72
     1
 11
11181.36250000004
 21
4275.432499999995
 31
0.0
100
AcDbText
 73
     2
  0
LWPOLYLINE
  5
DA
330
17
100
AcDbEntity
  8
NESTED_RESULT
100
AcDbPolyline
 90
        5
 70
     0
 43
0.0
 10
12154.49999999997
 20
4550.864999999991
 10
12154.49999999997
 20
4000.0
 10
11506.79999999999
 20
4000.0
 10
11506.79999999999
 20
4550.864999999991
 10
12154.49999999997
 20
4550.864999999991
  0
TEXT
  5
DB
330
17
100
AcDbEntity
  8
NESTED_RESULT
100
AcDbText
 10
11657.31666666664
 20
4235.432499999995
 30
0.0
 40
80.0
  1
419-B
 72
     1
 11
11830.64999999998
 21
4275.432499999995
 31
0.0
100
AcDbText
 73
     2
  0
LWPOLYLINE
  5
DC
330
17
100
AcDbEntity
  8
NESTED_RESULT
100
AcDbPolyline
 90
        5
 70
     0
 43
0.0
 10
11673.20000000001
 20
5200.150000000023
 10
11673.20000000001
 20
5751.013000000035
 10
12320.90000000002
 20
5751.013000000035
 10
12320.90000000002
 20
5200.150000000023
 10
11673.20000000001
 20
5200.150000000023
  0
TEXT
  5
DD
330
17
100
AcDbEntity
  8
NESTED_RESULT
100
AcDbText
 10
11823.71666666668
 20
5435.581500000029
 30
0.0
 40
80.0
  1
519-B
 72
     1
 11
11997.05000000002
 21
5475.581500000029
 31
0.0
100
AcDbText
 73
     2
  0
LWPOLYLINE
  5
DE
330
17
100
AcDbEntity
  8
NESTED_RESULT
 62
     1
100
AcDbPolyline
 90
        5
 70
     0
 43
0.0
 10
13600.0
 20
4000.0
 10
16800.0
 20
4000.0
 10
16800.0
 20
5800.0
 10
13600.0
 20
5800.0
 10
13600.0
 20
4000.0
  0
TEXT
  5
DF
330
17
100
AcDbEntity
  8
NESTED_RESULT
 62
     1
100
AcDbText
 10
13600.0
 20
5846.666666666667
 30
0.0
 40
50.0
  1
Sheet_17
 11
13600.0
 21
5830.0
 31
0.0
100
AcDbText
 73
     1
  0
LWPOLYLINE
  5
E0
330
17
100
AcDbEntity
  8
NESTED_RESULT
100
AcDbPolyline
 90
        5
 70
     0
 43
0.0
 10
16368.5
 20
5790.699999999983
 10
15390.80000000002
 20
5790.699999999983
 10
15390.80000000002
 20
4000.0
 10
16368.5
 20
4000.0
 10
16368.5
 20
5790.699999999983
  0
TEXT
  5
E1
330
17
100
AcDbEntity
  8
NESTED_RESULT
100
AcDbText
 10
15706.31666666667
 20
4855.349999999991
 30
0.0
 40
80.0
  1
414-C
 72
     1
 11
15879.65
 21
4895.349999999991
 31
0.0
100
AcDbText
 73
     2
  0
LWPOLYLINE
  5
E2
330
17
100
AcDbEntity
  8
NESTED_RESULT
100
AcDbPolyline
 90
        9
 70
     0
 43
0.0
 10
15387.525
 20
4977.700000000012
 10
13603.17499999999
 20
4977.700000000012
 10
13600.0
 20
4974.524999999994
 10
13600.0
 20
4003.174999999989
 10
13603.17499999999
 20
4000.0
 10
15387.525
 20
4000.0
 10
15390.69999999989
 20
4003.174999999989
 10
15390.69999999989
 20
4974.524999999994
 10
15387.525
 20
4977.700000000012
  0
TEXT
  5
E3
330
17
100
AcDbEntity
  8
NESTED_RESULT
100
AcDbText
 10
14315.34999999995
 20
4448.850000000006
 30
0.0
 40
80.0
  1
407-C
 72
     1
 11
14495.34999999995
 21
4488.850000000005
 31
0.0
100
AcDbText
 73
     2
  0
LWPOLYLINE
  5
E4
330
17
100
AcDbEntity
  8
NESTED_RESULT
100
AcDbPolyline
 90
        5
 70
     0
 43
0.0
 10
13600.0
 20
4977.700000000012
 10
13600.0
 20
5561.899999999937
 10
15260.52500000009
 20
5561.899999999937
 10
15260.52500000009
 20
4977.700000000012
 10
13600.0
 20
4977.700000000012
  0
LWPOLYLINE
  5
E5
330
17
100
AcDbEntity
  8
NESTED_RESULT
100
AcDbPolyline
 90
        9
 70
     0
 43
0.0
 10
13819.0750000001
 20
5396.79999999993
 10
14238.175
 20
5396.79999999993
 10
14250.875
 20
5384.099999999918
 10
14250.875
 20
5117.400000000023
 10
14238.175
 20
5104.699999999923
 10
13819.0750000001
 20
5104.699999999923
 10
13806.375
 20
5117.400000000023
 10
13806.375
 20
5384.099999999918
 10
13819.0750000001
 20
5396.79999999993
  0
LWPOLYLINE
  5
E6
330
17
100
AcDbEntity
  8
NESTED_RESULT
100
AcDbPolyline
 90
        9
 70
     0
 43
0.0
 10
14619.17500000009
 20
5396.79999999993
 10
15038.27499999999
 20
5396.79999999993
 10
15050.97499999999
 20
5384.099999999918
 10
15050.97499999999
 20
5117.400000000023
 10
15038.27499999999
 20
5104.699999999923
 10
14619.17500000009
 20
5104.699999999923
 10
14606.47499999999
 20
5117.400000000023
 10
14606.47499999999
 20
5384.099999999918
 10
14619.17500000009
 20
5396.79999999993
  0
LWPOLYLINE
  5
E7
330
17
100
AcDbEntity
  8
NESTED_RESULT
100
AcDbPolyline
 90
       64
 70
     0
 43
0.0
 10
14046.08749999999
 20
5465.062499999913
 10
14046.00072491481
 20
5466.801203521085
 10
14045.74126206906
 20
5468.522627025521
 10
14045.31169012104
 20
5470.209662233072
 10
14044.71627834979
 20
5471.845542629861
 10
14043.96094422498
 20
5473.414010101579
 10
14043.05319459649
 20
5474.899476513849
 10
14042.00205108797
 20
5476.287178634055
 10
14040.81796043583
 20
5477.563324855117
 10
14039.51269066495
 20
5478.715232262505
 10
14038.09921413276
 20
5479.731452682929
 10
14036.59157860403
 20
5480.601886461285
 10
14035.004767638
 20
5481.317882835603
 10
14033.35455167494
 20
5481.872325912263
 10
14031.65733130251
 20
5482.259705386881
 10
14029.92997425925
 20
5482.476171308197
 10
14028.18964779553
 20
5482.519572340592
 10
14026.45364805759
 20
5482.38947714516
 10
14024.73922819078
 20
5482.087178666376
 10
14023.06342686998
 20
5481.615681282361
 10
14021.44289896158
 20
5480.979670945904
 10
14019.89375
 20
5480.18546861349
 10
14018.43137612359
 20
5479.240967424733
 10
14017.07031106096
 20
5478.155554256751
 10
14015.82408168817
 20
5476.940016433247
 10
14014.70507359261
 20
5475.606434515212
 10
14013.7244079795
 20
5474.168062238925
 10
14012.89183114425
 20
5472.639194794261
 10
14012.21561760953
 20
5471.03502675274
 10
14011.70248788922
 20
5469.371501057089
 10
14011.35754169704
 20
5467.665150573012
 10
14011.18420726321
 20
5465.932933778269
 10
14011.18420726321
 20
5464.192066221556
 10
14011.35754169704
 20
5462.459849426814
 10
14011.70248788922
 20
5460.753498942737
 10
14012.21561760953
 20
5459.089973247086
 10
14012.89183114425
 20
5457.485805205564
 10
14013.7244079795
 20
5455.956937760901
 10
14014.70507359261
 20
5454.518565484614
 10
14015.82408168817
 20
5453.184983566578
 10
14017.07031106096
 20
5451.969445743074
 10
14018.43137612359
 20
5450.884032575093
 10
14019.89375
 20
5449.939531386335
 10
14021.44289896158
 20
5449.145329053921
 10
14023.06342686998
 20
5448.509318717464
 10
14024.73922819078
 20
5448.037821333448
 10
14026.45364805759
 20
5447.735522854666
 10
14028.18964779553
 20
5447.605427659233
 10
14029.92997425925
 20
5447.648828691627
 10
14031.65733130251
 20
5447.865294612944
 10
14033.35455167494
 20
5448.252674087562
 10
14035.004767638
 20
5448.807117164221
 10
14036.59157860403
 20
5449.52311353854
 10
14038.09921413276
 20
5450.393547316896
 10
14039.51269066495
 20
5451.409767737321
 10
14040.81796043583
 20
5452.561675144709
 10
14042.00205108797
 20
5453.83782136577
 10
14043.05319459649
 20
5455.225523485977
 10
14043.96094422498
 20
5456.710989898245
 10
14044.71627834979
 20
5458.279457369965
 10
14045.31169012104
 20
5459.915337766755
 10
14045.74126206906
 20
5461.602372974303
 10
14046.00072491481
 20
5463.323796478739
 10
14046.08749999999
 20
5465.062499999913
  0
LWPOLYLINE
  5
E8
330
17
100
AcDbEntity
  8
NESTED_RESULT
100
AcDbPolyline
 90
       64
 70
     0
 43
0.0
 10
14846.18749999998
 20
5465.062499999913
 10
14846.10072491481
 20
5466.801203521085
 10
14845.84126206905
 20
5468.522627025521
 10
14845.41169012103
 20
5470.209662233072
 10
14844.81627834978
 20
5471.845542629861
 10
14844.06094422497
 20
5473.414010101579
 10
14843.15319459648
 20
5474.899476513849
 10
14842.10205108796
 20
5476.287178634055
 10
14840.91796043582
 20
5477.563324855117
 10
14839.61269066494
 20
5478.715232262505
 10
14838.19921413275
 20
5479.731452682929
 10
14836.69157860402
 20
5480.601886461285
 10
14835.10476763799
 20
5481.317882835603
 10
14833.45455167494
 20
5481.872325912263
 10
14831.7573313025
 20
5482.259705386881
 10
14830.02997425925
 20
5482.476171308197
 10
14828.28964779552
 20
5482.519572340592
 10
14826.55364805758
 20
5482.38947714516
 10
14824.83922819077
 20
5482.087178666376
 10
14823.16342686997
 20
5481.615681282361
 10
14821.54289896157
 20
5480.979670945904
 10
14819.99374999999
 20
5480.18546861349
 10
14818.53137612359
 20
5479.240967424733
 10
14817.17031106095
 20
5478.155554256751
 10
14815.92408168816
 20
5476.940016433247
 10
14814.80507359261
 20
5475.606434515212
 10
14813.82440797949
 20
5474.168062238925
 10
14812.99183114424
 20
5472.639194794261
 10
14812.31561760952
 20
5471.03502675274
 10
14811.80248788921
 20
5469.371501057089
 10
14811.45754169703
 20
5467.665150573012
 10
14811.2842072632
 20
5465.932933778269
 10
14811.2842072632
 20
5464.192066221556
 10
14811.45754169703
 20
5462.459849426814
 10
14811.80248788921
 20
5460.753498942737
 10
14812.31561760952
 20
5459.089973247086
 10
14812.99183114424
 20
5457.485805205564
 10
14813.82440797949
 20
5455.956937760901
 10
14814.80507359261
 20
5454.518565484614
 10
14815.92408168816
 20
5453.184983566578
 10
14817.17031106095
 20
5451.969445743074
 10
14818.53137612359
 20
5450.884032575093
 10
14819.99374999999
 20
5449.939531386335
 10
14821.54289896157
 20
5449.145329053921
 10
14823.16342686997
 20
5448.509318717464
 10
14824.83922819077
 20
5448.037821333448
 10
14826.55364805758
 20
5447.735522854666
 10
14828.28964779552
 20
5447.605427659233
 10
14830.02997425925
 20
5447.648828691627
 10
14831.7573313025
 20
5447.865294612944
 10
14833.45455167494
 20
5448.252674087562
 10
14835.10476763799
 20
5448.807117164221
 10
14836.69157860402
 20
5449.52311353854
 10
14838.19921413275
 20
5450.393547316896
 10
14839.61269066494
 20
5451.409767737321
 10
14840.91796043582
 20
5452.561675144709
 10
14842.10205108796
 20
5453.83782136577
 10
14843.15319459648
 20
5455.225523485977
 10
14844.06094422497
 20
5456.710989898245
 10
14844.81627834978
 20
5458.279457369965
 10
14845.41169012103
 20
5459.915337766755
 10
14845.84126206905
 20
5461.602372974303
 10
14846.10072491481
 20
5463.323796478739
 10
14846.18749999998
 20
5465.062499999913
  0
TEXT
  5
E9
330
17
100
AcDbEntity
  8
NESTED_RESULT
100
AcDbText
 10
14255.34166666666
 20
5210.749999999971
 30
0.0
 40
80.0
  1
414-D
 72
     1
 11
14428.67499999999
 21
5250.749999999971
 31
0.0
100
AcDbText
 73
     2
  0
LWPOLYLINE
  5
EA
330
17
100
AcDbEntity
  8
NESTED_RESULT
 62
     1
100
AcDbPolyline
 90
        5
 70
     0
 43
0.0
 10
17000.0
 20
4000.0
 10
20200.0
 20
4000.0
 10
20200.0
 20
5800.0
 10
17000.0
 20
5800.0
 10
17000.0
 20
4000.0
  0
TEXT
  5
EB
330
17
100
AcDbEntity
  8
NESTED_RESULT
 62
     1
100
AcDbText
 10
17000.0
 20
5846.666666666667
 30
0.0
 40
50.0
  1
Sheet_18
 11
17000.0
 21
5830.0
 31
0.0
100
AcDbText
 73
     1
  0
LWPOLYLINE
  5
EC
330
17
100
AcDbEntity
  8
NESTED_RESULT
100
AcDbPolyline
 90
        5
 70
     0
 43
0.0
 10
18892.29999999999
 20
4000.0
 10
17000.0
 20
4000.0
 10
17000.0
 20
4977.699999999982
 10
18892.29999999999
 20
4977.699999999982
 10
18892.29999999999
 20
4000.0
  0
TEXT
  5
ED
330
17
100
AcDbEntity
  8
NESTED_RESULT
100
AcDbText
 10
17766.14999999999
 20
4448.849999999992
 30
0.0
 40
80.0
  1
502-C
 72
     1
 11
17946.14999999999
 21
4488.849999999991
 31
0.0
100
AcDbText
 73
     2
  0
LWPOLYLINE
  5
EE
330
17
100
AcDbEntity
  8
NESTED_RESULT
100
AcDbPolyline
 90
        5
 70
     0
 43
0.0
 10
18892.29999999999
 20
5790.700000000012
 10
18892.29999999999
 20
4000.0
 10
19870.0
 20
4000.0
 10
19870.0
 20
5790.700000000012
 10
18892.29999999999
 20
5790.700000000012
  0
TEXT
  5
EF
330
17
100
AcDbEntity
  8
NESTED_RESULT
100
AcDbText
 10
19201.14999999999
 20
4855.350000000005
 30
0.0
 40
80.0
  1
408-C
 72
     1
 11
19381.14999999999
 21
4895.350000000006
 31
0.0
100
AcDbText
 73
     2
  0
LWPOLYLINE
  5
F0
330
17
100
AcDbEntity
  8
NESTED_RESULT
100
AcDbPolyline
 90
        5
 70
     0
 43
0.0
 10
18819.27500000001
 20
4977.699999999982
 10
17000.0
 20
4977.699999999982
 10
17000.0
 20
5628.574999999983
 10
18819.27500000001
 20
5628.574999999983
 10
18819.27500000001
 20
4977.699999999982
  0
LWPOLYLINE
  5
F1
330
17
100
AcDbEntity
  8
NESTED_RESULT
100
AcDbPolyline
 90
        5
 70
     0
 43
0.0
 10
18360.48700000001
 20
5479.349999999977
 10
18360.48700000001
 20
5085.649999999994
 10
17712.78700000001
 20
5085.649999999994
 10
17712.78700000001
 20
5479.349999999977
 10
18360.48700000001
 20
5479.349999999977
  0
LWPOLYLINE
  5
F2
330
17
100
AcDbEntity
  8
NESTED_RESULT
100
AcDbPolyline
 90
       64
 70
     0
 43
0.0
 10
18054.0995
 20
5534.912499999976
 10
18054.01272491482
 20
5536.651203521149
 10
18053.75326206906
 20
5538.372627025587
 10
18053.32369012105
 20
5540.059662233137
 10
18052.72827834979
 20
5541.695542629925
 10
18051.97294422498
 20
5543.264010101644
 10
18051.06519459649
 20
5544.749476513914
 10
18050.01405108797
 20
5546.137178634118
 10
18048.82996043583
 20
5547.413324855181
 10
18047.52469066495
 20
5548.565232262568
 10
18046.11121413276
 20
5549.581452682994
 10
18044.60357860403
 20
5550.451886461349
 10
18043.01676763801
 20
5551.167882835667
 10
18041.36655167494
 20
5551.722325912328
 10
18039.66933130252
 20
5552.109705386945
 10
18037.94197425925
 20
5552.32617130826
 10
18036.20164779553
 20
5552.369572340655
 10
18034.46564805759
 20
5552.239477145224
 10
18032.75122819078
 20
5551.937178666442
 10
18031.07542686998
 20
5551.465681282426
 10
18029.45489896158
 20
5550.829670945969
 10
18027.90575
 20
5550.035468613554
 10
18026.4433761236
 20
5549.090967424795
 10
18025.08231106096
 20
5548.005554256815
 10
18023.83608168817
 20
5546.790016433311
 10
18022.71707359262
 20
5545.456434515276
 10
18021.73640797951
 20
5544.018062238989
 10
18020.90383114425
 20
5542.489194794325
 10
18020.22761760953
 20
5540.885026752802
 10
18019.71448788923
 20
5539.221501057153
 10
18019.36954169704
 20
5537.515150573076
 10
18019.19620726321
 20
5535.782933778332
 10
18019.19620726321
 20
5534.04206622162
 10
18019.36954169704
 20
5532.309849426876
 10
18019.71448788923
 20
5530.603498942802
 10
18020.22761760953
 20
5528.939973247149
 10
18020.90383114425
 20
5527.335805205627
 10
18021.73640797951
 20
5525.806937760965
 10
18022.71707359262
 20
5524.368565484678
 10
18023.83608168817
 20
5523.034983566642
 10
18025.08231106096
 20
5521.819445743138
 10
18026.4433761236
 20
5520.734032575157
 10
18027.90575
 20
5519.7895313864
 10
18029.45489896158
 20
5518.995329053986
 10
18031.07542686998
 20
5518.359318717529
 10
18032.75122819078
 20
5517.887821333512
 10
18034.46564805759
 20
5517.58552285473
 10
18036.20164779553
 20
5517.455427659297
 10
18037.94197425925
 20
5517.498828691692
 10
18039.66933130252
 20
5517.715294613008
 10
18041.36655167494
 20
5518.102674087626
 10
18043.01676763801
 20
5518.657117164287
 10
18044.60357860403
 20
5519.373113538603
 10
18046.11121413276
 20
5520.243547316961
 10
18047.52469066495
 20
5521.259767737385
 10
18048.82996043583
 20
5522.411675144773
 10
18050.01405108797
 20
5523.687821365835
 10
18051.06519459649
 20
5525.075523486042
 10
18051.97294422498
 20
5526.560989898309
 10
18052.72827834979
 20
5528.12945737003
 10
18053.32369012105
 20
5529.765337766818
 10
18053.75326206906
 20
5531.452372974367
 10
18054.01272491482
 20
5533.173796478803
 10
18054.0995
 20
5534.912499999976
  0
TEXT
  5
F3
330
17
100
AcDbEntity
  8
NESTED_RESULT
100
AcDbText
 10
17170.22360331218
 20
5262.915420532209
 30
0.0
 40
80.0
  1
513-A
 72
     1
 11
17343.55693664551
 21
5302.915420532209
 31
0.0
100
AcDbText
 73
     2
  0
LWPOLYLINE
  5
F4
330
17
100
AcDbEntity
  8
NESTED_RESULT
 62
     1
100
AcDbPolyline
 90
        5
 70
     0
 43
0.0
 10
0.0
 20
6000.0
 10
3200.0
 20
6000.0
 10
3200.0
 20
7800.0
 10
0.0
 20
7800.0
 10
0.0
 20
6000.0
  0
TEXT
  5
F5
330
17
100
AcDbEntity
  8
NESTED_RESULT
 62
     1
100
AcDbText
 10
0.000000000000001
 20
7846.666666666667
 30
0.0
 40
50.0
  1
Sheet_19
 11
0.0
 21
7830.0
 31
0.0
100
AcDbText
 73
     1
  0
LWPOLYLINE
  5
F6
330
17
100
AcDbEntity
  8
NESTED_RESULT
100
AcDbPolyline
 90
        5
 70
     0
 43
0.0
 10
0.0
 20
6000.0
 10
0.0
 20
6977.899999999994
 10
1892.300000000105
 20
6977.899999999994
 10
1892.300000000105
 20
6000.0
 10
0.0
 20
6000.0
  0
TEXT
  5
F7
330
17
100
AcDbEntity
  8
NESTED_RESULT
100
AcDbText
 10
772.8166666667191
 20
6448.949999999998
 30
0.0
 40
80.0
  1
421-C
 72
     1
 11
946.1500000000524
 21
6488.949999999999
 31
0.0
100
AcDbText
 73
     2
  0
LWPOLYLINE
  5
F8
330
17
100
AcDbEntity
  8
NESTED_RESULT
100
AcDbPolyline
 90
        5
 70
     0
 43
0.0
 10
1892.799999999988
 20
7790.700000000012
 10
1892.799999999988
 20
6000.0
 10
2870.5
 20
6000.0
 10
2870.5
 20
7790.700000000012
 10
1892.799999999988
 20
7790.700000000012
  0
TEXT
  5
F9
330
17
100
AcDbEntity
  8
NESTED_RESULT
100
AcDbText
 10
2208.31666666666
 20
6855.350000000005
 30
0.0
 40
80.0
  1
416-C
 72
     1
 11
2381.649999999994
 21
6895.350000000006
 31
0.0
100
AcDbText
 73
     2
  0
LWPOLYLINE
  5
FA
330
17
100
AcDbEntity
  8
NESTED_RESULT
100
AcDbPolyline
 90
        5
 70
     0
 43
0.0
 10
1819.274999999906
 20
6977.899999999994
 10
0.0
 20
6977.899999999994
 10
0.0
 20
7625.599999999977
 10
1819.274999999906
 20
7625.599999999977
 10
1819.274999999906
 20
6977.899999999994
  0
LWPOLYLINE
  5
FB
330
17
100
AcDbEntity
  8
NESTED_RESULT
100
AcDbPolyline
 90
        5
 70
     0
 43
0.0
 10
1106.487999999997
 20
7085.849999999976
 10
458.7879999998985
 20
7085.849999999976
 10
458.7879999998985
 20
7479.550000000076
 10
1106.487999999997
 20
7479.550000000076
 10
1106.487999999997
 20
7085.849999999976
  0
LWPOLYLINE
  5
FC
330
17
100
AcDbEntity
  8
NESTED_RESULT
100
AcDbPolyline
 90
       64
 70
     0
 43
0.0
 10
800.1004999998986
 20
7535.112499999988
 10
800.0137249147227
 20
7536.851203521161
 10
799.7542620689637
 20
7538.572627025598
 10
799.3246901209495
 20
7540.259662233147
 10
798.729278349696
 20
7541.895542629936
 10
797.9739442248828
 20
7543.464010101657
 10
797.0661945963947
 20
7544.949476513925
 10
796.0150510878738
 20
7546.33717863413
 10
794.8309604357346
 20
7547.613324855191
 10
793.5256906648572
 20
7548.765232262579
 10
792.1122141326633
 20
7549.781452683004
 10
790.6045786039322
 20
7550.651886461361
 10
789.0177676379098
 20
7551.367882835679
 10
787.3675516748481
 20
7551.92232591234
 10
785.6703313024191
 20
7552.309705386957
 10
783.9429742591601
 20
7552.526171308272
 10
782.202647795435
 20
7552.569572340669
 10
780.4666480574962
 20
7552.439477145235
 10
778.7522281906858
 20
7552.137178666452
 10
777.076426869884
 20
7551.665681282436
 10
775.4558989614888
 20
7551.029670945979
 10
773.9067499999072
 20
7550.235468613566
 10
772.4443761235016
 20
7549.290967424808
 10
771.0833110608655
 20
7548.205554256828
 10
769.8370816880778
 20
7546.990016433323
 10
768.7180735925212
 20
7545.656434515287
 10
767.7374079794098
 20
7544.218062239001
 10
766.9048311441583
 20
7542.689194794338
 10
766.2286176094347
 20
7541.085026752814
 10
765.7154878891305
 20
7539.421501057164
 10
765.3705416969459
 20
7537.715150573088
 10
765.1972072631178
 20
7535.982933778345
 10
765.1972072631178
 20
7534.242066221633
 10
765.3705416969459
 20
7532.50984942689
 10
765.7154878891305
 20
7530.803498942812
 10
766.2286176094347
 20
7529.139973247161
 10
766.9048311441583
 20
7527.535805205641
 10
767.7374079794098
 20
7526.006937760977
 10
768.7180735925212
 20
7524.568565484688
 10
769.8370816880778
 20
7523.234983566654
 10
771.0833110608655
 20
7522.019445743151
 10
772.4443761235016
 20
7520.934032575168
 10
773.9067499999072
 20
7519.989531386411
 10
775.4558989614888
 20
7519.195329053997
 10
777.076426869884
 20
7518.55931871754
 10
778.7522281906858
 20
7518.087821333525
 10
780.4666480574962
 20
7517.785522854741
 10
782.202647795435
 20
7517.65542765931
 10
783.9429742591601
 20
7517.698828691703
 10
785.6703313024191
 20
7517.91529461302
 10
787.3675516748481
 20
7518.302674087637
 10
789.0177676379098
 20
7518.857117164298
 10
790.6045786039322
 20
7519.573113538616
 10
792.1122141326633
 20
7520.443547316971
 10
793.5256906648572
 20
7521.459767737397
 10
794.8309604357346
 20
7522.611675144784
 10
796.0150510878738
 20
7523.887821365846
 10
797.0661945963947
 20
7525.275523486053
 10
797.9739442248828
 20
7526.760989898322
 10
798.729278349696
 20
7528.32945737004
 10
799.3246901209495
 20
7529.965337766828
 10
799.7542620689637
 20
7531.652372974377
 10
800.0137249147227
 20
7533.373796478816
 10
800.1004999998986
 20
7535.112499999988
  0
TEXT
  5
FD
330
17
100
AcDbEntity
  8
NESTED_RESULT
100
AcDbText
 10
1293.0573923746
 20
7261.527920532213
 30
0.0
 40
80.0
  1
418-B
 72
     1
 11
1466.390725707933
 21
7301.527920532213
 31
0.0
100
AcDbText
 73
     2
  0
LWPOLYLINE
  5
FE
330
17
100
AcDbEntity
  8
NESTED_RESULT
 62
     1
100
AcDbPolyline
 90
        5
 70
     0
 43
0.0
 10
3400.0
 20
6000.0
 10
6600.0
 20
6000.0
 10
6600.0
 20
7800.0
 10
3400.0
 20
7800.0
 10
3400.0
 20
6000.0
  0
TEXT
  5
FF
330
17
100
AcDbEntity
  8
NESTED_RESULT
 62
     1
100
AcDbText
 10
3400.0
 20
7846.666666666667
 30
0.0
 40
50.0
  1
Sheet_20
 11
3400.0
 21
7830.0
 31
0.0
100
AcDbText
 73
     1
  0
LWPOLYLINE
  5
100
330
17
100
AcDbEntity
  8
NESTED_RESULT
100
AcDbPolyline
 90
        8
 70
     0
 43
0.0
 10
5184.349999999991
 20
6000.0
 10
5835.224999999991
 20
6000.0
 10
5835.224999999991
 20
7203.325000000012
 10
3400.0
 20
7203.325000000012
 10
3400.0
 20
6552.450000000013
 10
5174.824999999997
 20
6552.450000000013
 10
5184.349999999991
 20
6542.925000000018
 10
5184.349999999991
 20
6000.0
  0
LWPOLYLINE
  5
101
330
17
100
AcDbEntity
  8
NESTED_RESULT
100
AcDbPolyline
 90
        5
 70
     0
 43
0.0
 10
4187.399999999994
 20
6660.400000000024
 10
4187.399999999994
 20
7054.100000000005
 10
4835.099999999991
 20
7054.100000000005
 10
4835.099999999991
 20
6660.400000000024
 10
4187.399999999994
 20
6660.400000000024
  0
LWPOLYLINE
  5
102
330
17
100
AcDbEntity
  8
NESTED_RESULT
100
AcDbPolyline
 90
       64
 70
     0
 43
0.0
 10
4528.712499999993
 20
7109.662500000005
 10
4528.625724914818
 20
7111.401203521179
 10
4528.366262069059
 20
7113.122627025616
 10
4527.936690121045
 20
7114.809662233165
 10
4527.341278349791
 20
7116.445542629953
 10
4526.585944224978
 20
7118.014010101673
 10
4525.67819459649
 20
7119.499476513941
 10
4524.627051087969
 20
7120.887178634148
 10
4523.442960435828
 20
7122.163324855209
 10
4522.137690664953
 20
7123.315232262597
 10
4520.724214132759
 20
7124.331452683023
 10
4519.216578604027
 20
7125.201886461379
 10
4517.629767638005
 20
7125.917882835697
 10
4515.979551674944
 20
7126.472325912357
 10
4514.282331302515
 20
7126.859705386974
 10
4512.554974259256
 20
7127.076171308292
 10
4510.81464779553
 20
7127.119572340685
 10
4509.078648057593
 20
7126.989477145253
 10
4507.364228190781
 20
7126.687178666471
 10
4505.688426869979
 20
7126.215681282452
 10
4504.067898961583
 20
7125.579670945997
 10
4502.518750000002
 20
7124.785468613582
 10
4501.056376123597
 20
7123.840967424825
 10
4499.69531106096
 20
7122.755554256844
 10
4498.449081688174
 20
7121.540016433342
 10
4497.330073592617
 20
7120.206434515305
 10
4496.349407979505
 20
7118.768062239019
 10
4495.516831144254
 20
7117.239194794354
 10
4494.840617609529
 20
7115.635026752832
 10
4494.327487889226
 20
7113.971501057182
 10
4493.982541697042
 20
7112.265150573105
 10
4493.809207263214
 20
7110.532933778362
 10
4493.809207263214
 20
7108.792066221649
 10
4493.982541697042
 20
7107.059849426907
 10
4494.327487889226
 20
7105.35349894283
 10
4494.840617609529
 20
7103.689973247179
 10
4495.516831144254
 20
7102.085805205657
 10
4496.349407979505
 20
7100.556937760995
 10
4497.330073592617
 20
7099.118565484707
 10
4498.449081688174
 20
7097.784983566672
 10
4499.69531106096
 20
7096.569445743167
 10
4501.056376123597
 20
7095.484032575187
 10
4502.518750000002
 20
7094.539531386428
 10
4504.067898961583
 20
7093.745329054013
 10
4505.688426869979
 20
7093.109318717559
 10
4507.364228190781
 20
7092.637821333541
 10
4509.078648057593
 20
7092.33552285476
 10
4510.81464779553
 20
7092.205427659326
 10
4512.554974259256
 20
7092.248828691722
 10
4514.282331302515
 20
7092.465294613038
 10
4515.979551674944
 20
7092.852674087655
 10
4517.629767638005
 20
7093.407117164315
 10
4519.216578604027
 20
7094.123113538633
 10
4520.724214132759
 20
7094.993547316992
 10
4522.137690664953
 20
7096.009767737415
 10
4523.442960435828
 20
7097.161675144803
 10
4524.627051087969
 20
7098.437821365864
 10
4525.67819459649
 20
7099.825523486071
 10
4526.585944224978
 20
7101.310989898337
 10
4527.341278349791
 20
7102.879457370059
 10
4527.936690121045
 20
7104.515337766847
 10
4528.366262069059
 20
7106.202372974395
 10
4528.625724914818
 20
7107.923796478835
 10
4528.712499999993
 20
7109.662500000005
  0
TEXT
  5
103
330
17
100
AcDbEntity
  8
NESTED_RESULT
100
AcDbText
 10
5271.153869628899
 20
6779.263171386723
 30
0.0
 40
80.0
  1
406-A
 72
     1
 11
5451.1538696289
 21
6819.263171386724
 31
0.0
100
AcDbText
 73
     2
  0
LWPOLYLINE
  5
104
330
17
100
AcDbEntity
  8
NESTED_RESULT
100
AcDbPolyline
 90
        5
 70
     0
 43
0.0
 10
5835.625
 20
6000.0
 10
5835.625
 20
7676.400000000024
 10
6423.0
 20
7676.400000000024
 10
6423.0
 20
6000.0
 10
5835.625
 20
6000.0
  0
LWPOLYLINE
  5
105
330
17
100
AcDbEntity
  8
NESTED_RESULT
100
AcDbPolyline
 90
        9
 70
     0
 43
0.0
 10
6003.899999999994
 20
6228.600000000006
 10
6003.899999999994
 20
6647.700000000013
 10
6016.600000000006
 20
6660.400000000024
 10
6283.300000000018
 20
6660.400000000024
 10
6296.0
 20
6647.700000000013
 10
6296.0
 20
6228.600000000006
 10
6283.300000000018
 20
6215.900000000023
 10
6016.600000000006
 20
6215.900000000023
 10
6003.899999999994
 20
6228.600000000006
  0
LWPOLYLINE
  5
106
330
17
100
AcDbEntity
  8
NESTED_RESULT
100
AcDbPolyline
 90
        9
 70
     0
 43
0.0
 10
6003.899999999994
 20
7028.700000000013
 10
6003.899999999994
 20
7447.800000000018
 10
6016.600000000006
 20
7460.5
 10
6283.300000000018
 20
7460.5
 10
6296.0
 20
7447.800000000018
 10
6296.0
 20
7028.700000000013
 10
6283.300000000018
 20
7016.0
 10
6016.600000000006
 20
7016.0
 10
6003.899999999994
 20
7028.700000000013
  0
LWPOLYLINE
  5
107
330
17
100
AcDbEntity
  8
NESTED_RESULT
100
AcDbPolyline
 90
       64
 70
     0
 43
0.0
 10
5935.637500000012
 20
6455.612500000018
 10
5933.898796478839
 20
6455.525724914827
 10
5932.177372974401
 20
6455.266262069084
 10
5930.490337766854
 20
6454.836690121068
 10
5928.854457370064
 20
6454.241278349799
 10
5927.285989898344
 20
6453.485944224986
 10
5925.800523486076
 20
6452.578194596513
 10
5924.41282136587
 20
6451.527051087992
 10
5923.136675144808
 20
6450.342960435839
 10
5921.984767737421
 20
6449.037690664991
 10
5920.968547316995
 20
6447.624214132781
 10
5920.098113538639
 20
6446.116578604066
 10
5919.382117164321
 20
6444.529767638013
 10
5918.827674087661
 20
6442.879551674967
 10
5918.440294613043
 20
6441.182331302524
 10
5918.223828691727
 20
6439.454974259279
 10
5918.180427659332
 20
6437.714647795539
 10
5918.310522854764
 20
6435.978648057615
 10
5918.612821333548
 20
6434.264228190819
 10
5919.084318717563
 20
6432.588426870004
 10
5919.72032905402
 20
6430.967898961593
 10
5920.514531386434
 20
6429.418750000012
 10
5921.459032575191
 20
6427.956376123621
 10
5922.544445743172
 20
6426.595311060984
 10
5923.759983566677
 20
6425.349081688182
 10
5925.093565484713
 20
6424.230073592655
 10
5926.531937760998
 20
6423.249407979515
 10
5928.060805205664
 20
6422.416831144277
 10
5929.664973247184
 20
6421.740617609555
 10
5931.328498942836
 20
6421.227487889234
 10
5933.034849426913
 20
6420.882541697065
 10
5934.767066221655
 20
6420.70920726325
 10
5936.507933778369
 20
6420.70920726325
 10
5938.24015057311
 20
6420.882541697065
 10
5939.946501057187
 20
6421.227487889234
 10
5941.610026752838
 20
6421.740617609555
 10
5943.21419479436
 20
6422.416831144277
 10
5944.743062239024
 20
6423.249407979515
 10
5946.181434515311
 20
6424.230073592655
 10
5947.515016433346
 20
6425.349081688182
 10
5948.73055425685
 20
6426.595311060984
 10
5949.815967424832
 20
6427.956376123621
 10
5950.760468613589
 20
6429.418750000012
 10
5951.554670946003
 20
6430.967898961593
 10
5952.19068128246
 20
6432.588426870004
 10
5952.662178666475
 20
6434.264228190819
 10
5952.964477145259
 20
6435.978648057615
 10
5953.094572340692
 20
6437.714647795539
 10
5953.051171308295
 20
6439.454974259279
 10
5952.83470538698
 20
6441.182331302524
 10
5952.447325912363
 20
6442.879551674967
 10
5951.892882835702
 20
6444.529767638013
 10
5951.176886461384
 20
6446.116578604066
 10
5950.306452683029
 20
6447.624214132781
 10
5949.290232262602
 20
6449.037690664991
 10
5948.138324855215
 20
6450.342960435839
 10
5946.862178634154
 20
6451.527051087992
 10
5945.474476513948
 20
6452.578194596513
 10
5943.989010101677
 20
6453.485944224986
 10
5942.420542629959
 20
6454.241278349799
 10
5940.784662233172
 20
6454.836690121068
 10
5939.097627025622
 20
6455.266262069084
 10
5937.376203521184
 20
6455.525724914827
 10
5935.637500000012
 20
6455.612500000018
  0
LWPOLYLINE
  5
108
330
17
100
AcDbEntity
  8
NESTED_RESULT
100
AcDbPolyline
 90
       64
 70
     0
 43
0.0
 10
5935.637500000012
 20
7255.712499999994
 10
5933.898796478839
 20
7255.625724914804
 10
5932.177372974401
 20
7255.366262069059
 10
5930.490337766854
 20
7254.936690121045
 10
5928.854457370064
 20
7254.341278349777
 10
5927.285989898344
 20
7253.585944224965
 10
5925.800523486076
 20
7252.67819459649
 10
5924.41282136587
 20
7251.627051087969
 10
5923.136675144808
 20
7250.442960435815
 10
5921.984767737421
 20
7249.137690664966
 10
5920.968547316995
 20
7247.724214132759
 10
5920.098113538639
 20
7246.216578604041
 10
5919.382117164321
 20
7244.629767637992
 10
5918.827674087661
 20
7242.979551674944
 10
5918.440294613043
 20
7241.2823313025
 10
5918.223828691727
 20
7239.554974259256
 10
5918.180427659332
 20
7237.814647795516
 10
5918.310522854764
 20
7236.078648057592
 10
5918.612821333548
 20
7234.364228190796
 10
5919.084318717563
 20
7232.68842686998
 10
5919.72032905402
 20
7231.067898961569
 10
5920.514531386434
 20
7229.518749999987
 10
5921.459032575191
 20
7228.056376123596
 10
5922.544445743172
 20
7226.695311060961
 10
5923.759983566677
 20
7225.449081688158
 10
5925.093565484713
 20
7224.330073592631
 10
5926.531937760998
 20
7223.34940797949
 10
5928.060805205664
 20
7222.516831144254
 10
5929.664973247184
 20
7221.840617609529
 10
5931.328498942836
 20
7221.327487889212
 10
5933.034849426913
 20
7220.982541697043
 10
5934.767066221655
 20
7220.809207263227
 10
5936.507933778369
 20
7220.809207263227
 10
5938.24015057311
 20
7220.982541697043
 10
5939.946501057187
 20
7221.327487889212
 10
5941.610026752838
 20
7221.840617609529
 10
5943.21419479436
 20
7222.516831144254
 10
5944.743062239024
 20
7223.34940797949
 10
5946.181434515311
 20
7224.330073592631
 10
5947.515016433346
 20
7225.449081688158
 10
5948.73055425685
 20
7226.695311060961
 10
5949.815967424832
 20
7228.056376123596
 10
5950.760468613589
 20
7229.518749999987
 10
5951.554670946003
 20
7231.067898961569
 10
5952.19068128246
 20
7232.68842686998
 10
5952.662178666475
 20
7234.364228190796
 10
5952.964477145259
 20
7236.078648057592
 10
5953.094572340692
 20
7237.814647795516
 10
5953.051171308295
 20
7239.554974259256
 10
5952.83470538698
 20
7241.2823313025
 10
5952.447325912363
 20
7242.979551674944
 10
5951.892882835702
 20
7244.629767637992
 10
5951.176886461384
 20
7246.216578604041
 10
5950.306452683029
 20
7247.724214132759
 10
5949.290232262602
 20
7249.137690664966
 10
5948.138324855215
 20
7250.442960435815
 10
5946.862178634154
 20
7251.627051087969
 10
5945.474476513948
 20
7252.67819459649
 10
5943.989010101677
 20
7253.585944224965
 10
5942.420542629959
 20
7254.341278349777
 10
5940.784662233172
 20
7254.936690121045
 10
5939.097627025622
 20
7255.366262069059
 10
5937.376203521184
 20
7255.625724914804
 10
5935.637500000012
 20
7255.712499999994
  0
TEXT
  5
109
330
17
100
AcDbEntity
  8
NESTED_RESULT
100
AcDbText
 10
5949.3125
 20
6798.200000000012
 30
0.0
 40
80.0
  1
402-E
 72
     1
 11
6129.312500000001
 21
6838.200000000013
 31
0.0
100
AcDbText
 73
     2
  0
LWPOLYLINE
  5
10A
330
17
100
AcDbEntity
  8
NESTED_RESULT
100
AcDbPolyline
 90
        5
 70
     0
 43
0.0
 10
5057.349999999991
 20
7203.325000000012
 10
3400.0
 20
7203.325000000012
 10
3400.0
 20
7787.524999999994
 10
5057.349999999991
 20
7787.524999999994
 10
5057.349999999991
 20
7203.325000000012
  0
LWPOLYLINE
  5
10B
330
17
100
AcDbEntity
  8
NESTED_RESULT
100
AcDbPolyline
 90
        9
 70
     0
 43
0.0
 10
3619.074999999997
 20
7622.424999999987
 10
4038.175000000003
 20
7622.424999999987
 10
4050.875
 20
7609.725000000006
 10
4050.875
 20
7343.024999999994
 10
4038.175000000003
 20
7330.325000000013
 10
3619.074999999997
 20
7330.325000000013
 10
3606.375
 20
7343.024999999994
 10
3606.375
 20
7609.725000000006
 10
3619.074999999997
 20
7622.424999999987
  0
LWPOLYLINE
  5
10C
330
17
100
AcDbEntity
  8
NESTED_RESULT
100
AcDbPolyline
 90
        9
 70
     0
 43
0.0
 10
4416.0
 20
7622.424999999987
 10
4835.099999999991
 20
7622.424999999987
 10
4847.800000000002
 20
7609.725000000006
 10
4847.800000000002
 20
7343.024999999994
 10
4835.099999999991
 20
7330.325000000013
 10
4416.0
 20
7330.325000000013
 10
4403.300000000003
 20
7343.024999999994
 10
4403.300000000003
 20
7609.725000000006
 10
4416.0
 20
7622.424999999987
  0
LWPOLYLINE
  5
10D
330
17
100
AcDbEntity
  8
NESTED_RESULT
100
AcDbPolyline
 90
       64
 70
     0
 43
0.0
 10
3846.087499999994
 20
7690.6875
 10
3846.000724914818
 20
7692.426203521172
 10
3845.741262069059
 20
7694.147627025609
 10
3845.311690121045
 20
7695.834662233159
 10
3844.716278349793
 20
7697.470542629948
 10
3843.960944224978
 20
7699.039010101667
 10
3843.053194596489
 20
7700.524476513937
 10
3842.00205108797
 20
7701.912178634142
 10
3840.81796043583
 20
7703.188324855203
 10
3839.512690664953
 20
7704.340232262592
 10
3838.099214132759
 20
7705.356452683016
 10
3836.591578604028
 20
7706.226886461374
 10
3835.004767638005
 20
7706.942882835692
 10
3833.354551674944
 20
7707.497325912351
 10
3831.657331302515
 20
7707.88470538697
 10
3829.929974259256
 20
7708.101171308283
 10
3828.189647795531
 20
7708.14457234068
 10
3826.453648057592
 20
7708.014477145247
 10
3824.739228190781
 20
7707.712178666465
 10
3823.06342686998
 20
7707.240681282448
 10
3821.442898961584
 20
7706.604670945989
 10
3819.893750000003
 20
7705.810468613577
 10
3818.431376123597
 20
7704.86596742482
 10
3817.070311060962
 20
7703.780554256839
 10
3815.824081688173
 20
7702.565016433334
 10
3814.705073592617
 20
7701.231434515299
 10
3813.724407979505
 20
7699.793062239013
 10
3812.891831144254
 20
7698.264194794349
 10
3812.21561760953
 20
7696.660026752827
 10
3811.702487889226
 20
7694.996501057177
 10
3811.357541697042
 20
7693.290150573099
 10
3811.184207263213
 20
7691.557933778355
 10
3811.184207263213
 20
7689.817066221642
 10
3811.357541697042
 20
7688.0848494269
 10
3811.702487889226
 20
7686.378498942824
 10
3812.21561760953
 20
7684.714973247172
 10
3812.891831144254
 20
7683.110805205652
 10
3813.724407979505
 20
7681.581937760988
 10
3814.705073592617
 20
7680.143565484701
 10
3815.824081688173
 20
7678.809983566665
 10
3817.070311060962
 20
7677.594445743162
 10
3818.431376123597
 20
7676.509032575181
 10
3819.893750000003
 20
7675.564531386422
 10
3821.442898961584
 20
7674.770329054007
 10
3823.06342686998
 20
7674.134318717553
 10
3824.739228190781
 20
7673.662821333535
 10
3826.453648057592
 20
7673.360522854753
 10
3828.189647795531
 20
7673.230427659321
 10
3829.929974259256
 20
7673.273828691717
 10
3831.657331302515
 20
7673.490294613031
 10
3833.354551674944
 20
7673.877674087648
 10
3835.004767638005
 20
7674.432117164309
 10
3836.591578604028
 20
7675.148113538627
 10
3838.099214132759
 20
7676.018547316984
 10
3839.512690664953
 20
7677.034767737409
 10
3840.81796043583
 20
7678.186675144797
 10
3842.00205108797
 20
7679.462821365858
 10
3843.053194596489
 20
7680.850523486064
 10
3843.960944224978
 20
7682.335989898333
 10
3844.716278349793
 20
7683.904457370052
 10
3845.311690121045
 20
7685.540337766841
 10
3845.741262069059
 20
7687.22737297439
 10
3846.000724914818
 20
7688.948796478827
 10
3846.087499999994
 20
7690.6875
  0
LWPOLYLINE
  5
10E
330
17
100
AcDbEntity
  8
NESTED_RESULT
100
AcDbPolyline
 90
       64
 70
     0
 43
0.0
 10
4643.012499999996
 20
7690.6875
 10
4642.925724914821
 20
7692.426203521172
 10
4642.666262069062
 20
7694.147627025609
 10
4642.236690121047
 20
7695.834662233159
 10
4641.641278349793
 20
7697.470542629948
 10
4640.885944224981
 20
7699.039010101667
 10
4639.978194596493
 20
7700.524476513937
 10
4638.927051087971
 20
7701.912178634142
 10
4637.742960435833
 20
7703.188324855203
 10
4636.437690664956
 20
7704.340232262592
 10
4635.024214132761
 20
7705.356452683016
 10
4633.51657860403
 20
7706.226886461374
 10
4631.929767638007
 20
7706.942882835692
 10
4630.279551674947
 20
7707.497325912351
 10
4628.582331302517
 20
7707.88470538697
 10
4626.854974259258
 20
7708.101171308283
 10
4625.114647795534
 20
7708.14457234068
 10
4623.378648057595
 20
7708.014477145247
 10
4621.664228190784
 20
7707.712178666465
 10
4619.988426869983
 20
7707.240681282448
 10
4618.367898961587
 20
7706.604670945989
 10
4616.818750000006
 20
7705.810468613577
 10
4615.3563761236
 20
7704.86596742482
 10
4613.995311060963
 20
7703.780554256839
 10
4612.749081688177
 20
7702.565016433334
 10
4611.63007359262
 20
7701.231434515299
 10
4610.649407979508
 20
7699.793062239013
 10
4609.816831144256
 20
7698.264194794349
 10
4609.140617609533
 20
7696.660026752827
 10
4608.627487889228
 20
7694.996501057177
 10
4608.282541697046
 20
7693.290150573099
 10
4608.109207263217
 20
7691.557933778355
 10
4608.109207263217
 20
7689.817066221642
 10
4608.282541697046
 20
7688.0848494269
 10
4608.627487889228
 20
7686.378498942824
 10
4609.140617609533
 20
7684.714973247172
 10
4609.816831144256
 20
7683.110805205652
 10
4610.649407979508
 20
7681.581937760988
 10
4611.63007359262
 20
7680.143565484701
 10
4612.749081688177
 20
7678.809983566665
 10
4613.995311060963
 20
7677.594445743162
 10
4615.3563761236
 20
7676.509032575181
 10
4616.818750000006
 20
7675.564531386422
 10
4618.367898961587
 20
7674.770329054007
 10
4619.988426869983
 20
7674.134318717553
 10
4621.664228190784
 20
7673.662821333535
 10
4623.378648057595
 20
7673.360522854753
 10
4625.114647795534
 20
7673.230427659321
 10
4626.854974259258
 20
7673.273828691717
 10
4628.582331302517
 20
7673.490294613031
 10
4630.279551674947
 20
7673.877674087648
 10
4631.929767638007
 20
7674.432117164309
 10
4633.51657860403
 20
7675.148113538627
 10
4635.024214132761
 20
7676.018547316984
 10
4636.437690664956
 20
7677.034767737409
 10
4637.742960435833
 20
7678.186675144797
 10
4638.927051087971
 20
7679.462821365858
 10
4639.978194596493
 20
7680.850523486064
 10
4640.885944224981
 20
7682.335989898333
 10
4641.641278349793
 20
7683.904457370052
 10
4642.236690121047
 20
7685.540337766841
 10
4642.666262069062
 20
7687.22737297439
 10
4642.925724914821
 20
7688.948796478827
 10
4643.012499999996
 20
7690.6875
  0
TEXT
  5
10F
330
17
100
AcDbEntity
  8
NESTED_RESULT
100
AcDbText
 10
4053.754166666668
 20
7436.374999999999
 30
0.0
 40
80.0
  1
418-D
 72
     1
 11
4227.087500000002
 21
7476.375
 31
0.0
100
AcDbText
 73
     2
  0
LWPOLYLINE
  5
110
330
17
100
AcDbEntity
  8
NESTED_RESULT
100
AcDbPolyline
 90
        5
 70
     0
 43
0.0
 10
4063.575000000012
 20
6000.0
 10
4711.275000000023
 20
6000.0
 10
4711.275000000023
 20
6552.449999999983
 10
4063.575000000012
 20
6552.449999999983
 10
4063.575000000012
 20
6000.0
  0
TEXT
  5
111
330
17
100
AcDbEntity
  8
NESTED_RESULT
100
AcDbText
 10
4207.425000000017
 20
6236.224999999991
 30
0.0
 40
80.0
  1
505-B
 72
     1
 11
4387.425000000017
 21
6276.224999999992
 31
0.0
100
AcDbText
 73
     2
  0
LWPOLYLINE
  5
112
330
17
100
AcDbEntity
  8
NESTED_RESULT
100
AcDbPolyline
 90
        5
 70
     0
 43
0.0
 10
3400.0
 20
6000.0
 10
3400.0
 20
6501.649999999994
 10
4063.575000000012
 20
6501.649999999994
 10
4063.575000000012
 20
6000.0
 10
3400.0
 20
6000.0
  0
TEXT
  5
113
330
17
100
AcDbEntity
  8
NESTED_RESULT
100
AcDbText
 10
3565.12083333334
 20
6210.824999999998
 30
0.0
 40
80.0
  1
401-B
 72
     1
 11
3731.787500000006
 21
6250.824999999998
 31
0.0
100
AcDbText
 73
     2
  0
LWPOLYLINE
  5
114
330
17
100
AcDbEntity
  8
NESTED_RESULT
100
AcDbPolyline
 90
        5
 70
     0
 43
0.0
 10
5708.225000000005
 20
7704.975000000006
 10
5708.225000000005
 20
7203.325000000012
 10
5057.350000000006
 20
7203.325000000012
 10
5057.350000000006
 20
7704.975000000006
 10
5708.225000000005
 20
7704.975000000006
  0
TEXT
  5
115
330
17
100
AcDbEntity
  8
NESTED_RESULT
100
AcDbText
 10
5196.120833333338
 20
7414.15000000001
 30
0.0
 40
80.0
  1
423-A
 72
     1
 11
5382.787500000006
 21
7454.150000000009
 31
0.0
100
AcDbText
 73
     2
  0
LWPOLYLINE
  5
116
330
17
100
AcDbEntity
  8
NESTED_RESULT
 62
     1
100
AcDbPolyline
 90
        5
 70
     0
 43
0.0
 10
6800.0
 20
6000.0
 10
10000.0
 20
6000.0
 10
10000.0
 20
7800.0
 10
6800.0
 20
7800.0
 10
6800.0
 20
6000.0
  0
TEXT
  5
117
330
17
100
AcDbEntity
  8
NESTED_RESULT
 62
     1
100
AcDbText
 10
6800.0
 20
7846.666666666667
 30
0.0
 40
50.0
  1
Sheet_21
 11
6800.0
 21
7830.0
 31
0.0
100
AcDbText
 73
     1
  0
LWPOLYLINE
  5
118
330
17
100
AcDbEntity
  8
NESTED_RESULT
100
AcDbPolyline
 90
        5
 70
     0
 43
0.0
 10
9669.999999999971
 20
6977.899999999994
 10
9669.999999999971
 20
6000.0
 10
7777.699999999981
 20
6000.0
 10
7777.699999999981
 20
6977.899999999994
 10
9669.999999999971
 20
6977.899999999994
  0
TEXT
  5
119
330
17
100
AcDbEntity
  8
NESTED_RESULT
100
AcDbText
 10
8543.849999999975
 20
6448.949999999998
 30
0.0
 40
80.0
  1
402-C
 72
     1
 11
8723.849999999977
 21
6488.949999999999
 31
0.0
100
AcDbText
 73
     2
  0
LWPOLYLINE
  5
11A
330
17
100
AcDbEntity
  8
NESTED_RESULT
100
AcDbPolyline
 90
        5
 70
     0
 43
0.0
 10
7777.699999999981
 20
6000.0
 10
7777.699999999981
 20
7790.700000000012
 10
6800.0
 20
7790.700000000012
 10
6800.0
 20
6000.0
 10
7777.699999999981
 20
6000.0
  0
TEXT
  5
11B
330
17
100
AcDbEntity
  8
NESTED_RESULT
100
AcDbText
 10
7115.516666666659
 20
6855.350000000005
 30
0.0
 40
80.0
  1
515-C
 72
     1
 11
7288.849999999991
 21
6895.350000000006
 31
0.0
100
AcDbText
 73
     2
  0
LWPOLYLINE
  5
11C
330
17
100
AcDbEntity
  8
NESTED_RESULT
100
AcDbPolyline
 90
        5
 70
     0
 43
0.0
 10
7777.699999999981
 20
7625.599999999977
 10
9716.037499999975
 20
7625.599999999977
 10
9716.037499999975
 20
6977.899999999994
 10
7777.699999999981
 20
6977.899999999994
 10
7777.699999999981
 20
7625.599999999977
  0
LWPOLYLINE
  5
11D
330
17
100
AcDbEntity
  8
NESTED_RESULT
100
AcDbPolyline
 90
        5
 70
     0
 43
0.0
 10
8985.787499999977
 20
7517.649999999878
 10
8985.787499999977
 20
7123.949999999865
 10
8338.087499999994
 20
7123.949999999865
 10
8338.087499999994
 20
7517.649999999878
 10
8985.787499999977
 20
7517.649999999878
  0
LWPOLYLINE
  5
11E
330
17
100
AcDbEntity
  8
NESTED_RESULT
100
AcDbPolyline
 90
       64
 70
     0
 43
0.0
 10
8644.474999999976
 20
7068.387499999866
 10
8644.561775085167
 20
7066.648796478694
 10
8644.82123793091
 20
7064.927372974256
 10
8645.250809878927
 20
7063.240337766707
 10
8645.846221650193
 20
7061.604457369918
 10
8646.601555775006
 20
7060.035989898199
 10
8647.509305403479
 20
7058.55052348593
 10
8648.560448912002
 20
7057.162821365725
 10
8649.744539564155
 20
7055.886675144662
 10
8651.049809335003
 20
7054.734767737274
 10
8652.463285867211
 20
7053.718547316851
 10
8653.970921395929
 20
7052.848113538494
 10
8655.55773236198
 20
7052.132117164176
 10
8657.207948325028
 20
7051.577674087514
 10
8658.90516869747
 20
7051.190294612898
 10
8660.632525740714
 20
7050.973828691581
 10
8662.372852204454
 20
7050.930427659186
 10
8664.108851942378
 20
7051.060522854619
 10
8665.823271809175
 20
7051.3628213334
 10
8667.499073129992
 20
7051.834318717418
 10
8669.119601038401
 20
7052.470329053875
 10
8670.668749999983
 20
7053.26453138629
 10
8672.131123876374
 20
7054.209032575048
 10
8673.492188939007
 20
7055.294445743029
 10
8674.738418311811
 20
7056.509983566531
 10
8675.85742640734
 20
7057.843565484567
 10
8676.83809202048
 20
7059.281937760855
 10
8677.670668855716
 20
7060.810805205517
 10
8678.346882390441
 20
7062.414973247041
 10
8678.860012110758
 20
7064.078498942691
 10
8679.20495830293
 20
7065.784849426766
 10
8679.378292736743
 20
7067.517066221509
 10
8679.378292736743
 20
7069.257933778223
 10
8679.20495830293
 20
7070.990150572964
 10
8678.860012110758
 20
7072.696501057042
 10
8678.346882390441
 20
7074.360026752692
 10
8677.670668855716
 20
7075.964194794216
 10
8676.83809202048
 20
7077.493062238878
 10
8675.85742640734
 20
7078.931434515165
 10
8674.738418311811
 20
7080.265016433201
 10
8673.492188939007
 20
7081.480554256706
 10
8672.131123876374
 20
7082.565967424685
 10
8670.668749999983
 20
7083.510468613444
 10
8669.119601038401
 20
7084.304670945859
 10
8667.499073129992
 20
7084.940681282315
 10
8665.823271809175
 20
7085.412178666331
 10
8664.108851942378
 20
7085.714477145114
 10
8662.372852204454
 20
7085.844572340545
 10
8660.632525740714
 20
7085.801171308151
 10
8658.90516869747
 20
7085.584705386835
 10
8657.207948325028
 20
7085.197325912218
 10
8655.55773236198
 20
7084.642882835557
 10
8653.970921395929
 20
7083.926886461239
 10
8652.463285867211
 20
7083.056452682882
 10
8651.049809335003
 20
7082.040232262459
 10
8649.744539564155
 20
7080.888324855071
 10
8648.560448912002
 20
7079.612178634008
 10
8647.509305403479
 20
7078.224476513802
 10
8646.601555775006
 20
7076.739010101535
 10
8645.846221650193
 20
7075.170542629814
 10
8645.250809878927
 20
7073.534662233026
 10
8644.82123793091
 20
7071.847627025475
 10
8644.561775085167
 20
7070.126203521038
 10
8644.474999999976
 20
7068.387499999866
  0
TEXT
  5
11F
330
17
100
AcDbEntity
  8
NESTED_RESULT
100
AcDbText
 10
9152.487074279765
 20
7261.51338653563
 30
0.0
 40
80.0
  1
502-A
 72
     1
 11
9332.487074279764
 21
7301.51338653563
 31
0.0
100
AcDbText
 73
     2
  0
LWPOLYLINE
  5
120
330
17
100
AcDbEntity
  8
NESTED_RESULT
 62
     1
100
AcDbPolyline
 90
        5
 70
     0
 43
0.0
 10
10200.0
 20
6000.0
 10
13400.0
 20
6000.0
 10
13400.0
 20
7800.0
 10
10200.0
 20
7800.0
 10
10200.0
 20
6000.0
  0
TEXT
  5
121
330
17
100
AcDbEntity
  8
NESTED_RESULT
 62
     1
100
AcDbText
 10
10200.0
 20
7846.666666666667
 30
0.0
 40
50.0
  1
Sheet_22
 11
10200.0
 21
7830.0
 31
0.0
100
AcDbText
 73
     1
  0
LWPOLYLINE
  5
122
330
17
100
AcDbEntity
  8
NESTED_RESULT
100
AcDbPolyline
 90
        5
 70
     0
 43
0.0
 10
11177.70000000001
 20
7790.700000000012
 10
10200.0
 20
7790.700000000012
 10
10200.0
 20
6000.0
 10
11177.70000000001
 20
6000.0
 10
11177.70000000001
 20
7790.700000000012
  0
TEXT
  5
123
330
17
100
AcDbEntity
  8
NESTED_RESULT
100
AcDbText
 10
10515.51666666667
 20
6855.350000000005
 30
0.0
 40
80.0
  1
413-C
 72
     1
 11
10688.85
 21
6895.350000000006
 31
0.0
100
AcDbText
 73
     2
  0
LWPOLYLINE
  5
124
330
17
100
AcDbEntity
  8
NESTED_RESULT
100
AcDbPolyline
 90
        5
 70
     0
 43
0.0
 10
12968.39999999999
 20
6977.699999999983
 10
11177.70000000001
 20
6977.699999999983
 10
11177.70000000001
 20
6000.0
 10
12968.39999999999
 20
6000.0
 10
12968.39999999999
 20
6977.699999999983
  0
TEXT
  5
125
330
17
100
AcDbEntity
  8
NESTED_RESULT
100
AcDbText
 10
11893.05
 20
6448.849999999992
 30
0.0
 40
80.0
  1
504-C
 72
     1
 11
12073.05
 21
6488.849999999991
 31
0.0
100
AcDbText
 73
     2
  0
LWPOLYLINE
  5
126
330
17
100
AcDbEntity
  8
NESTED_RESULT
100
AcDbPolyline
 90
        5
 70
     0
 43
0.0
 10
13095.40000000002
 20
6977.699999999983
 10
11177.70000000001
 20
6977.699999999983
 10
11177.70000000001
 20
7625.399999999995
 10
13095.40000000002
 20
7625.399999999995
 10
13095.40000000002
 20
6977.699999999983
  0
LWPOLYLINE
  5
127
330
17
100
AcDbEntity
  8
NESTED_RESULT
100
AcDbPolyline
 90
        5
 70
     0
 43
0.0
 10
12538.187
 20
7479.350000000007
 10
12538.187
 20
7085.649999999994
 10
11890.48700000002
 20
7085.649999999994
 10
11890.48700000002
 20
7479.350000000007
 10
12538.187
 20
7479.350000000007
  0
LWPOLYLINE
  5
128
330
17
100
AcDbEntity
  8
NESTED_RESULT
100
AcDbPolyline
 90
       64
 70
     0
 43
0.0
 10
12231.79950000002
 20
7534.912500000006
 10
12231.71272491483
 20
7536.651203521178
 10
12231.45326206908
 20
7538.372627025616
 10
12231.02369012107
 20
7540.059662233165
 10
12230.4282783498
 20
7541.695542629954
 10
12229.67294422499
 20
7543.264010101673
 10
12228.76519459652
 20
7544.749476513942
 10
12227.714051088
 20
7546.137178634147
 10
12226.52996043584
 20
7547.413324855209
 10
12225.22469066499
 20
7548.565232262596
 10
12223.81121413278
 20
7549.581452683023
 10
12222.30357860407
 20
7550.451886461378
 10
12220.71676763802
 20
7551.167882835696
 10
12219.06655167497
 20
7551.722325912358
 10
12217.36933130253
 20
7552.109705386974
 10
12215.64197425928
 20
7552.326171308291
 10
12213.90164779554
 20
7552.369572340684
 10
12212.16564805762
 20
7552.239477145253
 10
12210.45122819082
 20
7551.93717866647
 10
12208.77542687001
 20
7551.465681282454
 10
12207.1548989616
 20
7550.829670945997
 10
12205.60575000001
 20
7550.035468613582
 10
12204.14337612362
 20
7549.090967424826
 10
12202.78231106099
 20
7548.005554256845
 10
12201.53608168819
 20
7546.790016433341
 10
12200.41707359266
 20
7545.456434515305
 10
12199.43640797952
 20
7544.018062239018
 10
12198.60383114428
 20
7542.489194794355
 10
12197.92761760956
 20
7540.885026752832
 10
12197.41448788924
 20
7539.221501057181
 10
12197.06954169707
 20
7537.515150573105
 10
12196.89620726325
 20
7535.782933778361
 10
12196.89620726325
 20
7534.042066221648
 10
12197.06954169707
 20
7532.309849426908
 10
12197.41448788924
 20
7530.60349894283
 10
12197.92761760956
 20
7528.93997324718
 10
12198.60383114428
 20
7527.335805205656
 10
12199.43640797952
 20
7525.806937760994
 10
12200.41707359266
 20
7524.368565484707
 10
12201.53608168819
 20
7523.034983566671
 10
12202.78231106099
 20
7521.819445743166
 10
12204.14337612362
 20
7520.734032575187
 10
12205.60575000001
 20
7519.789531386428
 10
12207.1548989616
 20
7518.995329054013
 10
12208.77542687001
 20
7518.359318717557
 10
12210.45122819082
 20
7517.887821333541
 10
12212.16564805762
 20
7517.58552285476
 10
12213.90164779554
 20
7517.455427659327
 10
12215.64197425928
 20
7517.498828691721
 10
12217.36933130253
 20
7517.715294613037
 10
12219.06655167497
 20
7518.102674087654
 10
12220.71676763802
 20
7518.657117164315
 10
12222.30357860407
 20
7519.373113538633
 10
12223.81121413278
 20
7520.243547316991
 10
12225.22469066499
 20
7521.259767737415
 10
12226.52996043584
 20
7522.411675144802
 10
12227.714051088
 20
7523.687821365864
 10
12228.76519459652
 20
7525.07552348607
 10
12229.67294422499
 20
7526.560989898337
 10
12230.4282783498
 20
7528.129457370059
 10
12231.02369012107
 20
7529.765337766846
 10
12231.45326206908
 20
7531.452372974396
 10
12231.71272491483
 20
7533.173796478834
 10
12231.79950000002
 20
7534.912500000006
  0
TEXT
  5
129
330
17
100
AcDbEntity
  8
NESTED_RESULT
100
AcDbText
 10
11350.48001708986
 20
7261.315905761707
 30
0.0
 40
80.0
  1
403-A
 72
     1
 11
11530.48001708986
 21
7301.315905761708
 31
0.0
100
AcDbText
 73
     2
  0
LWPOLYLINE
  5
12A
330
17
100
AcDbEntity
  8
NESTED_RESULT
 62
     1
100
AcDbPolyline
 90
        5
 70
     0
 43
0.0
 10
13600.0
 20
6000.0
 10
16800.0
 20
6000.0
 10
16800.0
 20
7800.0
 10
13600.0
 20
7800.0
 10
13600.0
 20
6000.0
  0
TEXT
  5
12B
330
17
100
AcDbEntity
  8
NESTED_RESULT
 62
     1
100
AcDbText
 10
13600.0
 20
7846.666666666667
 30
0.0
 40
50.0
  1
Sheet_23
 11
13600.0
 21
7830.0
 31
0.0
100
AcDbText
 73
     1
  0
LWPOLYLINE
  5
12C
330
17
100
AcDbEntity
  8
NESTED_RESULT
100
AcDbPolyline
 90
        5
 70
     0
 43
0.0
 10
15390.80000000002
 20
6000.0
 10
16368.5
 20
6000.0
 10
16368.5
 20
7790.700000000012
 10
15390.80000000002
 20
7790.700000000012
 10
15390.80000000002
 20
6000.0
  0
TEXT
  5
12D
330
17
100
AcDbEntity
  8
NESTED_RESULT
100
AcDbText
 10
15706.31666666667
 20
6855.350000000005
 30
0.0
 40
80.0
  1
518-C
 72
     1
 11
15879.65
 21
6895.350000000006
 31
0.0
100
AcDbText
 73
     2
  0
LWPOLYLINE
  5
12E
330
17
100
AcDbEntity
  8
NESTED_RESULT
100
AcDbPolyline
 90
        5
 70
     0
 43
0.0
 10
13600.0
 20
6000.0
 10
15390.69999999998
 20
6000.0
 10
15390.69999999998
 20
6977.699999999983
 10
13600.0
 20
6977.699999999983
 10
13600.0
 20
6000.0
  0
TEXT
  5
12F
330
17
100
AcDbEntity
  8
NESTED_RESULT
100
AcDbText
 10
14315.34999999999
 20
6448.849999999992
 30
0.0
 40
80.0
  1
409-C
 72
     1
 11
14495.34999999999
 21
6488.849999999991
 31
0.0
100
AcDbText
 73
     2
  0
LWPOLYLINE
  5
130
330
17
100
AcDbEntity
  8
NESTED_RESULT
100
AcDbPolyline
 90
        5
 70
     0
 43
0.0
 10
15257.35
 20
7561.899999999994
 10
15257.35
 20
6977.699999999983
 10
13600.0
 20
6977.699999999983
 10
13600.0
 20
7561.899999999994
 10
15257.35
 20
7561.899999999994
  0
LWPOLYLINE
  5
131
330
17
100
AcDbEntity
  8
NESTED_RESULT
100
AcDbPolyline
 90
        9
 70
     0
 43
0.0
 10
14238.175
 20
7142.513136303779
 10
13819.07499999999
 20
7142.513136303779
 10
13806.375
 20
7155.213136303792
 10
13806.375
 20
7421.913136303803
 10
13819.07499999999
 20
7434.613136303785
 10
14238.175
 20
7434.613136303785
 10
14250.875
 20
7421.913136303803
 10
14250.875
 20
7155.213136303792
 10
14238.175
 20
7142.513136303779
  0
LWPOLYLINE
  5
132
330
17
100
AcDbEntity
  8
NESTED_RESULT
100
AcDbPolyline
 90
        9
 70
     0
 43
0.0
 10
15038.27499999999
 20
7142.799999999986
 10
14619.175
 20
7142.799999999986
 10
14606.475
 20
7155.5
 10
14606.475
 20
7422.199999999982
 10
14619.175
 20
7434.899999999995
 10
15038.27499999999
 20
7434.899999999995
 10
15050.975
 20
7422.199999999982
 10
15050.975
 20
7155.5
 10
15038.27499999999
 20
7142.799999999986
  0
LWPOLYLINE
  5
133
330
17
100
AcDbEntity
  8
NESTED_RESULT
100
AcDbPolyline
 90
       64
 70
     0
 43
0.0
 10
14811.26250000001
 20
7074.537499999976
 10
14811.34927508519
 20
7072.798796478804
 10
14811.60873793094
 20
7071.077372974366
 10
14812.03830987896
 20
7069.390337766818
 10
14812.63372165021
 20
7067.75445737003
 10
14813.38905577502
 20
7066.185989898309
 10
14814.29680540351
 20
7064.700523486042
 10
14815.34794891203
 20
7063.312821365835
 10
14816.53203956417
 20
7062.036675144773
 10
14817.83730933505
 20
7060.884767737386
 10
14819.25078586725
 20
7059.868547316961
 10
14820.75842139598
 20
7058.998113538604
 10
14822.345232362
 20
7058.282117164286
 10
14823.99544832506
 20
7057.727674087626
 10
14825.69266869749
 20
7057.340294613009
 10
14827.42002574075
 20
7057.123828691692
 10
14829.16035220447
 20
7057.080427659297
 10
14830.89635194241
 20
7057.21052285473
 10
14832.61077180922
 20
7057.512821333512
 10
14834.28657313002
 20
7057.984318717529
 10
14835.90710103842
 20
7058.620329053986
 10
14837.45625
 20
7059.414531386399
 10
14838.91862387641
 20
7060.359032575158
 10
14840.27968893904
 20
7061.444445743139
 10
14841.52591831183
 20
7062.659983566643
 10
14842.64492640739
 20
7063.993565484678
 10
14843.6255920205
 20
7065.431937760966
 10
14844.45816885575
 20
7066.960805205628
 10
14845.13438239047
 20
7068.564973247148
 10
14845.64751211078
 20
7070.228498942802
 10
14845.99245830296
 20
7071.934849426877
 10
14846.16579273679
 20
7073.66706622162
 10
14846.16579273679
 20
7075.407933778333
 10
14845.99245830296
 20
7077.140150573076
 10
14845.64751211078
 20
7078.846501057154
 10
14845.13438239047
 20
7080.510026752802
 10
14844.45816885575
 20
7082.114194794325
 10
14843.6255920205
 20
7083.64306223899
 10
14842.64492640739
 20
7085.081434515275
 10
14841.52591831183
 20
7086.415016433311
 10
14840.27968893904
 20
7087.630554256815
 10
14838.91862387641
 20
7088.715967424796
 10
14837.45625
 20
7089.660468613553
 10
14835.90710103842
 20
7090.454670945968
 10
14834.28657313002
 20
7091.090681282427
 10
14832.61077180922
 20
7091.562178666442
 10
14830.89635194241
 20
7091.864477145225
 10
14829.16035220447
 20
7091.994572340656
 10
14827.42002574075
 20
7091.951171308259
 10
14825.69266869749
 20
7091.734705386945
 10
14823.99544832506
 20
7091.347325912328
 10
14822.345232362
 20
7090.792882835666
 10
14820.75842139598
 20
7090.07688646135
 10
14819.25078586725
 20
7089.206452682994
 10
14817.83730933505
 20
7088.190232262569
 10
14816.53203956417
 20
7087.03832485518
 10
14815.34794891203
 20
7085.762178634118
 10
14814.29680540351
 20
7084.374476513914
 10
14813.38905577502
 20
7082.889010101644
 10
14812.63372165021
 20
7081.320542629926
 10
14812.03830987896
 20
7079.684662233136
 10
14811.60873793094
 20
7077.997627025587
 10
14811.34927508519
 20
7076.27620352115
 10
14811.26250000001
 20
7074.537499999976
  0
LWPOLYLINE
  5
134
330
17
100
AcDbEntity
  8
NESTED_RESULT
100
AcDbPolyline
 90
       64
 70
     0
 43
0.0
 10
14011.1625
 20
7074.250636303798
 10
14011.24927508518
 20
7072.511932782624
 10
14011.50873793094
 20
7070.790509278189
 10
14011.93830987895
 20
7069.103474070638
 10
14012.5337216502
 20
7067.467593673851
 10
14013.28905577502
 20
7065.89912620213
 10
14014.19680540351
 20
7064.413659789861
 10
14015.24794891203
 20
7063.025957669655
 10
14016.43203956417
 20
7061.749811448592
 10
14017.73730933505
 20
7060.597904041206
 10
14019.15078586724
 20
7059.581683620781
 10
14020.65842139597
 20
7058.711249842426
 10
14022.24523236199
 20
7057.995253468106
 10
14023.89544832505
 20
7057.440810391446
 10
14025.59266869748
 20
7057.05343091683
 10
14027.32002574074
 20
7056.836964995513
 10
14029.06035220447
 20
7056.793563963117
 10
14030.7963519424
 20
7056.923659158549
 10
14032.51077180922
 20
7057.225957637332
 10
14034.18657313002
 20
7057.697455021349
 10
14035.80710103841
 20
7058.333465357806
 10
14037.35624999999
 20
7059.127667690219
 10
14038.8186238764
 20
7060.072168878979
 10
14040.17968893904
 20
7061.157582046959
 10
14041.42591831183
 20
7062.373119870463
 10
14042.54492640738
 20
7063.706701788499
 10
14043.52559202049
 20
7065.145074064786
 10
14044.35816885575
 20
7066.673941509449
 10
14045.03438239047
 20
7068.278109550971
 10
14045.54751211077
 20
7069.941635246621
 10
14045.89245830296
 20
7071.647985730699
 10
14046.06579273679
 20
7073.380202525441
 10
14046.06579273679
 20
7075.121070082154
 10
14045.89245830296
 20
7076.853286876896
 10
14045.54751211077
 20
7078.559637360974
 10
14045.03438239047
 20
7080.223163056624
 10
14044.35816885575
 20
7081.827331098145
 10
14043.52559202049
 20
7083.356198542809
 10
14042.54492640738
 20
7084.794570819096
 10
14041.42591831183
 20
7086.128152737133
 10
14040.17968893904
 20
7087.343690560635
 10
14038.8186238764
 20
7088.429103728616
 10
14037.35624999999
 20
7089.373604917375
 10
14035.80710103841
 20
7090.167807249788
 10
14034.18657313002
 20
7090.803817586247
 10
14032.51077180922
 20
7091.275314970262
 10
14030.7963519424
 20
7091.577613449044
 10
14029.06035220447
 20
7091.707708644477
 10
14027.32002574074
 20
7091.664307612083
 10
14025.59266869748
 20
7091.447841690767
 10
14023.89544832505
 20
7091.060462216147
 10
14022.24523236199
 20
7090.506019139489
 10
14020.65842139597
 20
7089.79002276517
 10
14019.15078586724
 20
7088.919588986811
 10
14017.73730933505
 20
7087.903368566388
 10
14016.43203956417
 20
7086.751461159001
 10
14015.24794891203
 20
7085.475314937939
 10
14014.19680540351
 20
7084.087612817732
 10
14013.28905577502
 20
7082.602146405465
 10
14012.5337216502
 20
7081.033678933746
 10
14011.93830987895
 20
7079.397798536956
 10
14011.50873793094
 20
7077.710763329406
 10
14011.24927508518
 20
7075.98933982497
 10
14011.1625
 20
7074.250636303798
  0
TEXT
  5
135
330
17
100
AcDbEntity
  8
NESTED_RESULT
100
AcDbText
 10
14255.34166666667
 20
7248.706568151901
 30
0.0
 40
80.0
  1
416-D
 72
     1
 11
14428.675
 21
7288.706568151901
 31
0.0
100
AcDbText
 73
     2
  0
LWPOLYLINE
  5
136
330
17
100
AcDbEntity
  8
NESTED_RESULT
 62
     1
100
AcDbPolyline
 90
        5
 70
     0
 43
0.0
 10
17000.0
 20
6000.0
 10
20200.0
 20
6000.0
 10
20200.0
 20
7800.0
 10
17000.0
 20
7800.0
 10
17000.0
 20
6000.0
  0
TEXT
  5
137
330
17
100
AcDbEntity
  8
NESTED_RESULT
 62
     1
100
AcDbText
 10
17000.0
 20
7846.666666666667
 30
0.0
 40
50.0
  1
Sheet_24
 11
17000.0
 21
7830.0
 31
0.0
100
AcDbText
 73
     1
  0
LWPOLYLINE
  5
138
330
17
100
AcDbEntity
  8
NESTED_RESULT
100
AcDbPolyline
 90
        5
 70
     0
 43
0.0
 10
17000.0
 20
6977.700000000012
 10
18892.30000000002
 20
6977.700000000012
 10
18892.30000000002
 20
6000.0
 10
17000.0
 20
6000.0
 10
17000.0
 20
6977.700000000012
  0
TEXT
  5
139
330
17
100
AcDbEntity
  8
NESTED_RESULT
100
AcDbText
 10
17766.15000000001
 20
6448.850000000006
 30
0.0
 40
80.0
  1
503-C
 72
     1
 11
17946.15000000001
 21
6488.850000000006
 31
0.0
100
AcDbText
 73
     2
  0
LWPOLYLINE
  5
13A
330
17
100
AcDbEntity
  8
NESTED_RESULT
100
AcDbPolyline
 90
        5
 70
     0
 43
0.0
 10
18892.30000000002
 20
7790.700000000012
 10
18892.30000000002
 20
6000.0
 10
19870.0
 20
6000.0
 10
19870.0
 20
7790.700000000012
 10
18892.30000000002
 20
7790.700000000012
  0
TEXT
  5
13B
330
17
100
AcDbEntity
  8
NESTED_RESULT
100
AcDbText
 10
19201.15000000001
 20
6855.350000000005
 30
0.0
 40
80.0
  1
404-C
 72
     1
 11
19381.15000000001
 21
6895.350000000006
 31
0.0
100
AcDbText
 73
     2
  0
LWPOLYLINE
  5
13C
330
17
100
AcDbEntity
  8
NESTED_RESULT
100
AcDbPolyline
 90
        5
 70
     0
 43
0.0
 10
18819.27499999989
 20
6977.700000000012
 10
17000.0
 20
6977.700000000012
 10
17000.0
 20
7628.575000000012
 10
18819.27499999989
 20
7628.575000000012
 10
18819.27499999989
 20
6977.700000000012
  0
LWPOLYLINE
  5
13D
330
17
100
AcDbEntity
  8
NESTED_RESULT
100
AcDbPolyline
 90
        5
 70
     0
 43
0.0
 10
18362.09499999988
 20
7479.350000000007
 10
18362.09499999988
 20
7085.649999999994
 10
17714.39499999989
 20
7085.649999999994
 10
17714.39499999989
 20
7479.350000000007
 10
18362.09499999988
 20
7479.350000000007
  0
LWPOLYLINE
  5
13E
330
17
100
AcDbEntity
  8
NESTED_RESULT
100
AcDbPolyline
 90
       64
 70
     0
 43
0.0
 10
18055.70749999989
 20
7534.912500000006
 10
18055.62072491471
 20
7536.651203521178
 10
18055.36126206895
 20
7538.372627025616
 10
18054.93169012094
 20
7540.059662233165
 10
18054.33627834968
 20
7541.695542629954
 10
18053.58094422487
 20
7543.264010101673
 10
18052.67319459638
 20
7544.749476513942
 10
18051.62205108786
 20
7546.137178634147
 10
18050.43796043572
 20
7547.413324855209
 10
18049.13269066485
 20
7548.565232262596
 10
18047.71921413265
 20
7549.581452683023
 10
18046.21157860392
 20
7550.451886461378
 10
18044.6247676379
 20
7551.167882835696
 10
18042.97455167484
 20
7551.722325912358
 10
18041.27733130241
 20
7552.109705386974
 10
18039.54997425915
 20
7552.326171308291
 10
18037.80964779542
 20
7552.369572340684
 10
18036.07364805748
 20
7552.239477145253
 10
18034.35922819067
 20
7551.93717866647
 10
18032.68342686988
 20
7551.465681282454
 10
18031.06289896147
 20
7550.829670945997
 10
18029.5137499999
 20
7550.035468613582
 10
18028.05137612349
 20
7549.090967424826
 10
18026.69031106085
 20
7548.005554256845
 10
18025.44408168807
 20
7546.790016433341
 10
18024.32507359251
 20
7545.456434515305
 10
18023.3444079794
 20
7544.018062239018
 10
18022.51183114415
 20
7542.489194794355
 10
18021.83561760942
 20
7540.885026752832
 10
18021.32248788912
 20
7539.221501057181
 10
18020.97754169693
 20
7537.515150573105
 10
18020.8042072631
 20
7535.782933778361
 10
18020.8042072631
 20
7534.042066221648
 10
18020.97754169693
 20
7532.309849426908
 10
18021.32248788912
 20
7530.60349894283
 10
18021.83561760942
 20
7528.93997324718
 10
18022.51183114415
 20
7527.335805205656
 10
18023.3444079794
 20
7525.806937760994
 10
18024.32507359251
 20
7524.368565484707
 10
18025.44408168807
 20
7523.034983566671
 10
18026.69031106085
 20
7521.819445743166
 10
18028.05137612349
 20
7520.734032575187
 10
18029.5137499999
 20
7519.789531386428
 10
18031.06289896147
 20
7518.995329054013
 10
18032.68342686988
 20
7518.359318717557
 10
18034.35922819067
 20
7517.887821333541
 10
18036.07364805748
 20
7517.58552285476
 10
18037.80964779542
 20
7517.455427659327
 10
18039.54997425915
 20
7517.498828691721
 10
18041.27733130241
 20
7517.715294613037
 10
18042.97455167484
 20
7518.102674087654
 10
18044.6247676379
 20
7518.657117164315
 10
18046.21157860392
 20
7519.373113538633
 10
18047.71921413265
 20
7520.243547316991
 10
18049.13269066485
 20
7521.259767737415
 10
18050.43796043572
 20
7522.411675144802
 10
18051.62205108786
 20
7523.687821365864
 10
18052.67319459638
 20
7525.07552348607
 10
18053.58094422487
 20
7526.560989898337
 10
18054.33627834968
 20
7528.129457370059
 10
18054.93169012094
 20
7529.765337766846
 10
18055.36126206895
 20
7531.452372974396
 10
18055.62072491471
 20
7533.173796478834
 10
18055.70749999989
 20
7534.912500000006
  0
TEXT
  5
13F
330
17
100
AcDbEntity
  8
NESTED_RESULT
100
AcDbText
 10
17195.98482157387
 20
7262.915420532237
 30
0.0
 40
80.0
  1
412-A
 72
     1
 11
17369.3181549072
 21
7302.915420532237
 31
0.0
100
AcDbText
 73
     2
  0
LWPOLYLINE
  5
140
330
17
100
AcDbEntity
  8
NESTED_RESULT
 62
     1
100
AcDbPolyline
 90
        5
 70
     0
 43
0.0
 10
0.0
 20
8000.0
 10
3200.0
 20
8000.0
 10
3200.0
 20
9800.0
 10
0.0
 20
9800.0
 10
0.0
 20
8000.0
  0
TEXT
  5
141
330
17
100
AcDbEntity
  8
NESTED_RESULT
 62
     1
100
AcDbText
 10
0.000000000000001
 20
9846.666666666667
 30
0.0
 40
50.0
  1
Sheet_25
 11
0.0
 21
9830.0
 31
0.0
100
AcDbText
 73
     1
  0
LWPOLYLINE
  5
142
330
17
100
AcDbEntity
  8
NESTED_RESULT
100
AcDbPolyline
 90
        5
 70
     0
 43
0.0
 10
2768.5
 20
8000.0
 10
2768.5
 20
9790.699999999985
 10
1790.799999999988
 20
9790.699999999985
 10
1790.799999999988
 20
8000.0
 10
2768.5
 20
8000.0
  0
TEXT
  5
143
330
17
100
AcDbEntity
  8
NESTED_RESULT
100
AcDbText
 10
2099.649999999994
 20
8855.349999999992
 30
0.0
 40
80.0
  1
508-C
 72
     1
 11
2279.649999999994
 21
8895.349999999991
 31
0.0
100
AcDbText
 73
     2
  0
LWPOLYLINE
  5
144
330
17
100
AcDbEntity
  8
NESTED_RESULT
100
AcDbPolyline
 90
        5
 70
     0
 43
0.0
 10
1790.699999999982
 20
8000.0
 10
1790.699999999982
 20
8977.700000000011
 10
0.0
 20
8977.700000000011
 10
0.0
 20
8000.0
 10
1790.699999999982
 20
8000.0
  0
TEXT
  5
145
330
17
100
AcDbEntity
  8
NESTED_RESULT
100
AcDbText
 10
722.016666666658
 20
8448.850000000005
 30
0.0
 40
80.0
  1
516-C
 72
     1
 11
895.3499999999912
 21
8488.850000000006
 31
0.0
100
AcDbText
 73
     2
  0
LWPOLYLINE
  5
146
330
17
100
AcDbEntity
  8
NESTED_RESULT
100
AcDbPolyline
 90
        5
 70
     0
 43
0.0
 10
1460.5
 20
9562.000000000029
 10
0.0
 20
9562.000000000029
 10
0.0
 20
8977.700000000011
 10
1460.5
 20
8977.700000000011
 10
1460.5
 20
9562.000000000029
  0
LWPOLYLINE
  5
147
330
17
100
AcDbEntity
  8
NESTED_RESULT
100
AcDbPolyline
 90
        9
 70
     0
 43
0.0
 10
539.7499999999999
 20
9142.900000000025
 10
120.6499999999941
 20
9142.900000000025
 10
107.9499999999825
 20
9155.600000000005
 10
107.9499999999825
 20
9422.300000000015
 10
120.6499999999941
 20
9435.000000000028
 10
539.7499999999999
 20
9435.000000000028
 10
552.4499999999825
 20
9422.300000000015
 10
552.4499999999825
 20
9155.600000000005
 10
539.7499999999999
 20
9142.900000000025
  0
LWPOLYLINE
  5
148
330
17
100
AcDbEntity
  8
NESTED_RESULT
100
AcDbPolyline
 90
       64
 70
     0
 43
0.0
 10
312.7374999999883
 20
9074.637500000012
 10
312.8242750851787
 20
9072.898796478842
 10
313.0837379309233
 20
9071.177372974402
 10
313.5133098789375
 20
9069.490337766852
 10
314.1087216502056
 20
9067.854457370064
 10
314.8640557750186
 20
9066.285989898345
 10
315.7718054034922
 20
9064.800523486075
 10
316.8229489120132
 20
9063.41282136587
 10
318.0070395641668
 20
9062.136675144808
 10
319.312309335015
 20
9060.984767737421
 10
320.7257858672238
 20
9059.968547316996
 10
322.2334213959403
 20
9059.098113538642
 10
323.8202323619917
 20
9058.382117164319
 10
325.4704483250389
 20
9057.827674087659
 10
327.1676686974824
 20
9057.440294613044
 10
328.8950257407268
 20
9057.22382869173
 10
330.6353522044665
 20
9057.180427659332
 10
332.3713519423908
 20
9057.310522854765
 10
334.0857718091865
 20
9057.612821333549
 10
335.7615731300029
 20
9058.084318717563
 10
337.3821010384126
 20
9058.72032905402
 10
338.9312499999942
 20
9059.514531386433
 10
340.3936238763854
 20
9060.459032575193
 10
341.7546889390215
 20
9061.544445743173
 10
343.0009183118236
 20
9062.759983566676
 10
344.1199264073512
 20
9064.093565484713
 10
345.1005920204917
 20
9065.531937760999
 10
345.9331688557286
 20
9067.060805205663
 10
346.6093823904521
 20
9068.664973247184
 10
347.1225121107709
 20
9070.328498942835
 10
347.4674583029409
 20
9072.034849426911
 10
347.6407927367545
 20
9073.767066221657
 10
347.6407927367545
 20
9075.507933778368
 10
347.4674583029409
 20
9077.240150573109
 10
347.1225121107709
 20
9078.946501057187
 10
346.6093823904521
 20
9080.610026752838
 10
345.9331688557286
 20
9082.214194794358
 10
345.1005920204917
 20
9083.743062239024
 10
344.1199264073512
 20
9085.181434515309
 10
343.0009183118236
 20
9086.515016433347
 10
341.7546889390215
 20
9087.73055425685
 10
340.3936238763854
 20
9088.815967424828
 10
338.9312499999942
 20
9089.760468613588
 10
337.3821010384126
 20
9090.554670946003
 10
335.7615731300029
 20
9091.19068128246
 10
334.0857718091865
 20
9091.662178666476
 10
332.3713519423908
 20
9091.964477145261
 10
330.6353522044665
 20
9092.094572340691
 10
328.8950257407268
 20
9092.051171308296
 10
327.1676686974824
 20
9091.834705386981
 10
325.4704483250389
 20
9091.447325912362
 10
323.8202323619917
 20
9090.892882835701
 10
322.2334213959403
 20
9090.176886461383
 10
320.7257858672238
 20
9089.306452683031
 10
319.312309335015
 20
9088.290232262604
 10
318.0070395641668
 20
9087.138324855215
 10
316.8229489120132
 20
9085.862178634155
 10
315.7718054034922
 20
9084.474476513948
 10
314.8640557750186
 20
9082.989010101679
 10
314.1087216502056
 20
9081.42054262996
 10
313.5133098789375
 20
9079.784662233171
 10
313.0837379309233
 20
9078.09762702562
 10
312.8242750851787
 20
9076.376203521183
 10
312.7374999999883
 20
9074.637500000012
  0
TEXT
  5
149
330
17
100
AcDbEntity
  8
NESTED_RESULT
100
AcDbText
 10
860.2853393554687
 20
9229.671716308613
 30
0.0
 40
80.0
  1
403-D
 72
     1
 11
1040.285339355468
 21
9269.671716308614
 31
0.0
100
AcDbText
 73
     2
  0
LWPOLYLINE
  5
14A
330
17
100
AcDbEntity
  8
NESTED_RESULT
 62
     1
100
AcDbPolyline
 90
        5
 70
     0
 43
0.0
 10
3400.0
 20
8000.0
 10
6600.0
 20
8000.0
 10
6600.0
 20
9800.0
 10
3400.0
 20
9800.0
 10
3400.0
 20
8000.0
  0
TEXT
  5
14B
330
17
100
AcDbEntity
  8
NESTED_RESULT
 62
     1
100
AcDbText
 10
3400.0
 20
9846.666666666667
 30
0.0
 40
50.0
  1
Sheet_26
 11
3400.0
 21
9830.0
 31
0.0
100
AcDbText
 73
     1
  0
LWPOLYLINE
  5
14C
330
17
100
AcDbEntity
  8
NESTED_RESULT
100
AcDbPolyline
 90
        8
 70
     0
 43
0.0
 10
4057.224999999903
 20
8552.449999999984
 10
5828.875
 20
8552.449999999984
 10
5828.875
 20
9200.149999999995
 10
3400.0
 20
9200.149999999995
 10
3400.0
 20
8000.0
 10
4047.700000000012
 20
8000.0
 10
4047.700000000012
 20
8542.924999999987
 10
4057.224999999903
 20
8552.449999999984
  0
LWPOLYLINE
  5
14D
330
17
100
AcDbEntity
  8
NESTED_RESULT
100
AcDbPolyline
 90
        5
 70
     0
 43
0.0
 10
5050.999999999898
 20
8660.399999999993
 10
4403.299999999901
 20
8660.399999999993
 10
4403.299999999901
 20
9054.099999999991
 10
5050.999999999898
 20
9054.099999999991
 10
5050.999999999898
 20
8660.399999999993
  0
LWPOLYLINE
  5
14E
330
17
100
AcDbEntity
  8
NESTED_RESULT
100
AcDbPolyline
 90
       64
 70
     0
 43
0.0
 10
4744.612499999901
 20
9109.662499999991
 10
4744.525724914725
 20
9111.401203521166
 10
4744.266262068966
 20
9113.122627025616
 10
4743.836690120952
 20
9114.809662233136
 10
4743.241278349698
 20
9116.445542629941
 10
4742.485944224885
 20
9118.014010101672
 10
4741.578194596397
 20
9119.499476513929
 10
4740.527051087876
 20
9120.887178634147
 10
4739.342960435737
 20
9122.163324855197
 10
4738.037690664859
 20
9123.315232262585
 10
4736.624214132666
 20
9124.331452683007
 10
4735.116578603935
 20
9125.201886461365
 10
4733.529767637912
 20
9125.917882835697
 10
4731.879551674849
 20
9126.472325912358
 10
4730.182331302422
 20
9126.85970538696
 10
4728.454974259164
 20
9127.07617130826
 10
4726.714647795438
 20
9127.119572340683
 10
4724.978648057498
 20
9126.989477145251
 10
4723.264228190688
 20
9126.68717866647
 10
4721.588426869887
 20
9126.21568128244
 10
4719.967898961491
 20
9125.579670945985
 10
4718.41874999991
 20
9124.785468613584
 10
4716.956376123504
 20
9123.840967424809
 10
4715.595311060868
 20
9122.755554256817
 10
4714.349081688079
 20
9121.540016433312
 10
4713.230073592523
 20
9120.206434515305
 10
4712.249407979412
 20
9118.768062239004
 10
4711.416831144161
 20
9117.239194794324
 10
4710.740617609437
 20
9115.635026752817
 10
4710.227487889133
 20
9113.971501057152
 10
4709.882541696948
 20
9112.26515057309
 10
4709.70920726312
 20
9110.532933778348
 10
4709.70920726312
 20
9108.792066221637
 10
4709.882541696948
 20
9107.059849426892
 10
4710.227487889133
 20
9105.353498942831
 10
4710.740617609437
 20
9103.689973247165
 10
4711.416831144161
 20
9102.085805205655
 10
4712.249407979412
 20
9100.556937760982
 10
4713.230073592523
 20
9099.118565484678
 10
4714.349081688079
 20
9097.784983566674
 10
4715.595311060868
 20
9096.569445743169
 10
4716.956376123504
 20
9095.484032575171
 10
4718.41874999991
 20
9094.5395313864
 10
4719.967898961491
 20
9093.745329054
 10
4721.588426869887
 20
9093.109318717544
 10
4723.264228190688
 20
9092.637821333513
 10
4724.978648057498
 20
9092.33552285473
 10
4726.714647795438
 20
9092.205427659296
 10
4728.454974259164
 20
9092.248828691721
 10
4730.182331302422
 20
9092.465294613026
 10
4731.879551674849
 20
9092.852674087627
 10
4733.529767637912
 20
9093.407117164288
 10
4735.116578603935
 20
9094.12311353862
 10
4736.624214132666
 20
9094.993547316978
 10
4738.037690664859
 20
9096.009767737399
 10
4739.342960435737
 20
9097.161675144787
 10
4740.527051087876
 20
9098.437821365836
 10
4741.578194596397
 20
9099.825523486055
 10
4742.485944224885
 20
9101.310989898308
 10
4743.241278349698
 20
9102.879457370043
 10
4743.836690120952
 20
9104.515337766848
 10
4744.266262068966
 20
9106.202372974367
 10
4744.525724914725
 20
9107.92379647882
 10
4744.612499999901
 20
9109.662499999991
  0
TEXT
  5
14F
330
17
100
AcDbEntity
  8
NESTED_RESULT
100
AcDbText
 10
3602.180160522461
 20
8777.997744750974
 30
0.0
 40
80.0
  1
520-A
 72
     1
 11
3782.180160522461
 21
8817.997744750973
 31
0.0
100
AcDbText
 73
     2
  0
LWPOLYLINE
  5
150
330
17
100
AcDbEntity
  8
NESTED_RESULT
100
AcDbPolyline
 90
        5
 70
     0
 43
0.0
 10
3400.0
 20
9200.149999999995
 10
3400.0
 20
9784.349999999975
 10
5060.524999999994
 20
9784.349999999975
 10
5060.524999999994
 20
9200.149999999995
 10
3400.0
 20
9200.149999999995
  0
LWPOLYLINE
  5
151
330
17
100
AcDbEntity
  8
NESTED_RESULT
100
AcDbPolyline
 90
        9
 70
     0
 43
0.0
 10
4419.174999999987
 20
9619.249999999972
 10
4838.274999999994
 20
9619.249999999972
 10
4850.974999999976
 20
9606.549999999989
 10
4850.974999999976
 20
9339.849999999975
 10
4838.274999999994
 20
9327.149999999994
 10
4419.174999999987
 20
9327.149999999994
 10
4406.474999999977
 20
9339.849999999975
 10
4406.474999999977
 20
9606.549999999989
 10
4419.174999999987
 20
9619.249999999972
  0
LWPOLYLINE
  5
152
330
17
100
AcDbEntity
  8
NESTED_RESULT
100
AcDbPolyline
 90
        9
 70
     0
 43
0.0
 10
3619.074999999983
 20
9619.249999999972
 10
4038.174999999901
 20
9619.249999999972
 10
4050.875
 20
9606.549999999989
 10
4050.875
 20
9339.849999999975
 10
4038.174999999901
 20
9327.149999999994
 10
3619.074999999983
 20
9327.149999999994
 10
3606.375
 20
9339.849999999975
 10
3606.375
 20
9606.549999999989
 10
3619.074999999983
 20
9619.249999999972
  0
LWPOLYLINE
  5
153
330
17
100
AcDbEntity
  8
NESTED_RESULT
100
AcDbPolyline
 90
       64
 70
     0
 43
0.0
 10
3846.087499999994
 20
9687.512499999984
 10
3846.000724914804
 20
9689.251203521157
 10
3845.741262069059
 20
9690.972627025594
 10
3845.311690121045
 20
9692.659662233142
 10
3844.716278349777
 20
9694.29554262993
 10
3843.960944224964
 20
9695.864010101651
 10
3843.053194596489
 20
9697.34947651392
 10
3842.00205108797
 20
9698.737178634123
 10
3840.817960435816
 20
9700.01332485519
 10
3839.512690664969
 20
9701.165232262574
 10
3838.099214132759
 20
9702.181452682999
 10
3836.591578604042
 20
9703.051886461357
 10
3835.004767637991
 20
9703.767882835673
 10
3833.354551674944
 20
9704.322325912333
 10
3831.6573313025
 20
9704.709705386951
 10
3829.929974259256
 20
9704.926171308267
 10
3828.189647795516
 20
9704.969572340663
 10
3826.453648057592
 20
9704.839477145229
 10
3824.739228190797
 20
9704.537178666448
 10
3823.06342686998
 20
9704.065681282429
 10
3821.442898961571
 20
9703.429670945974
 10
3819.893749999989
 20
9702.635468613561
 10
3818.431376123597
 20
9701.690967424802
 10
3817.070311060962
 20
9700.605554256819
 10
3815.824081688159
 20
9699.390016433316
 10
3814.705073592632
 20
9698.056434515281
 10
3813.724407979491
 20
9696.618062238997
 10
3812.891831144254
 20
9695.089194794334
 10
3812.21561760953
 20
9693.485026752808
 10
3811.702487889212
 20
9691.821501057159
 10
3811.357541697042
 20
9690.115150573079
 10
3811.184207263228
 20
9688.38293377834
 10
3811.184207263228
 20
9686.642066221626
 10
3811.357541697042
 20
9684.909849426885
 10
3811.702487889212
 20
9683.203498942809
 10
3812.21561760953
 20
9681.539973247156
 10
3812.891831144254
 20
9679.935805205635
 10
3813.724407979491
 20
9678.406937760971
 10
3814.705073592632
 20
9676.968565484685
 10
3815.824081688159
 20
9675.634983566649
 10
3817.070311060962
 20
9674.419445743145
 10
3818.431376123597
 20
9673.334032575164
 10
3819.893749999989
 20
9672.389531386404
 10
3821.442898961571
 20
9671.595329053992
 10
3823.06342686998
 20
9670.959318717535
 10
3824.739228190797
 20
9670.487821333518
 10
3826.453648057592
 20
9670.185522854737
 10
3828.189647795516
 20
9670.055427659306
 10
3829.929974259256
 20
9670.098828691699
 10
3831.6573313025
 20
9670.315294613015
 10
3833.354551674944
 20
9670.702674087632
 10
3835.004767637991
 20
9671.257117164293
 10
3836.591578604042
 20
9671.97311353861
 10
3838.099214132759
 20
9672.843547316968
 10
3839.512690664969
 20
9673.859767737393
 10
3840.817960435816
 20
9675.01167514478
 10
3842.00205108797
 20
9676.287821365841
 10
3843.053194596489
 20
9677.675523486049
 10
3843.960944224964
 20
9679.160989898315
 10
3844.716278349777
 20
9680.729457370034
 10
3845.311690121045
 20
9682.365337766825
 10
3845.741262069059
 20
9684.052372974372
 10
3846.000724914804
 20
9685.773796478811
 10
3846.087499999994
 20
9687.512499999984
  0
LWPOLYLINE
  5
154
330
17
100
AcDbEntity
  8
NESTED_RESULT
100
AcDbPolyline
 90
       64
 70
     0
 43
0.0
 10
4646.18749999997
 20
9687.512499999984
 10
4646.10072491478
 20
9689.251203521157
 10
4645.841262069036
 20
9690.972627025594
 10
4645.411690121021
 20
9692.659662233142
 10
4644.816278349753
 20
9694.29554262993
 10
4644.06094422494
 20
9695.864010101651
 10
4643.153194596467
 20
9697.34947651392
 10
4642.102051087946
 20
9698.737178634123
 10
4640.917960435792
 20
9700.01332485519
 10
4639.612690664944
 20
9701.165232262574
 10
4638.199214132736
 20
9702.181452682999
 10
4636.691578604018
 20
9703.051886461357
 10
4635.104767637968
 20
9703.767882835673
 10
4633.45455167492
 20
9704.322325912333
 10
4631.757331302476
 20
9704.709705386951
 10
4630.029974259232
 20
9704.926171308267
 10
4628.289647795493
 20
9704.969572340663
 10
4626.553648057567
 20
9704.839477145229
 10
4624.839228190772
 20
9704.537178666448
 10
4623.163426869957
 20
9704.065681282429
 10
4621.542898961547
 20
9703.429670945974
 10
4619.993749999965
 20
9702.635468613561
 10
4618.531376123574
 20
9701.690967424802
 10
4617.170311060937
 20
9700.605554256819
 10
4615.924081688135
 20
9699.390016433316
 10
4614.805073592608
 20
9698.056434515281
 10
4613.824407979467
 20
9696.618062238997
 10
4612.99183114423
 20
9695.089194794334
 10
4612.315617609507
 20
9693.485026752808
 10
4611.802487889188
 20
9691.821501057159
 10
4611.457541697017
 20
9690.115150573079
 10
4611.284207263205
 20
9688.38293377834
 10
4611.284207263205
 20
9686.642066221626
 10
4611.457541697017
 20
9684.909849426885
 10
4611.802487889188
 20
9683.203498942809
 10
4612.315617609507
 20
9681.539973247156
 10
4612.99183114423
 20
9679.935805205635
 10
4613.824407979467
 20
9678.406937760971
 10
4614.805073592608
 20
9676.968565484685
 10
4615.924081688135
 20
9675.634983566649
 10
4617.170311060937
 20
9674.419445743145
 10
4618.531376123574
 20
9673.334032575164
 10
4619.993749999965
 20
9672.389531386404
 10
4621.542898961547
 20
9671.595329053992
 10
4623.163426869957
 20
9670.959318717535
 10
4624.839228190772
 20
9670.487821333518
 10
4626.553648057567
 20
9670.185522854737
 10
4628.289647795493
 20
9670.055427659306
 10
4630.029974259232
 20
9670.098828691699
 10
4631.757331302476
 20
9670.315294613015
 10
4633.45455167492
 20
9670.702674087632
 10
4635.104767637968
 20
9671.257117164293
 10
4636.691578604018
 20
9671.97311353861
 10
4638.199214132736
 20
9672.843547316968
 10
4639.612690664944
 20
9673.859767737393
 10
4640.917960435792
 20
9675.01167514478
 10
4642.102051087946
 20
9676.287821365841
 10
4643.153194596467
 20
9677.675523486049
 10
4644.06094422494
 20
9679.160989898315
 10
4644.816278349753
 20
9680.729457370034
 10
4645.411690121021
 20
9682.365337766825
 10
4645.841262069036
 20
9684.052372974372
 10
4646.10072491478
 20
9685.773796478811
 10
4646.18749999997
 20
9687.512499999984
  0
TEXT
  5
155
330
17
100
AcDbEntity
  8
NESTED_RESULT
100
AcDbText
 10
4055.341666666654
 20
9433.199999999985
 30
0.0
 40
80.0
  1
514-D
 72
     1
 11
4228.674999999987
 21
9473.199999999984
 31
0.0
100
AcDbText
 73
     2
  0
LWPOLYLINE
  5
156
330
17
100
AcDbEntity
  8
NESTED_RESULT
100
AcDbPolyline
 90
        5
 70
     0
 43
0.0
 10
6413.5
 20
9657.349999999976
 10
6413.5
 20
8000.0
 10
5829.299999999988
 20
8000.0
 10
5829.299999999988
 20
9657.349999999976
 10
6413.5
 20
9657.349999999976
  0
LWPOLYLINE
  5
157
330
17
100
AcDbEntity
  8
NESTED_RESULT
100
AcDbPolyline
 90
        9
 70
     0
 43
0.0
 10
5994.399999999995
 20
8222.25
 10
5994.399999999995
 20
8641.349999999889
 10
6007.099999999977
 20
8654.049999999989
 10
6273.799999999988
 20
8654.049999999989
 10
6286.5
 20
8641.349999999889
 10
6286.5
 20
8222.25
 10
6273.799999999988
 20
8209.5499999999
 10
6007.099999999977
 20
8209.5499999999
 10
5994.399999999995
 20
8222.25
  0
LWPOLYLINE
  5
158
330
17
100
AcDbEntity
  8
NESTED_RESULT
100
AcDbPolyline
 90
        9
 70
     0
 43
0.0
 10
5994.113136303786
 20
9022.349999999974
 10
5994.113136303786
 20
9441.449999999896
 10
6006.813136303797
 20
9454.149999999994
 10
6273.51313630378
 20
9454.149999999994
 10
6286.213136303792
 20
9441.449999999896
 10
6286.213136303792
 20
9022.349999999974
 10
6273.51313630378
 20
9009.649999999995
 10
6006.813136303797
 20
9009.649999999995
 10
5994.113136303786
 20
9022.349999999974
  0
LWPOLYLINE
  5
159
330
17
100
AcDbEntity
  8
NESTED_RESULT
100
AcDbPolyline
 90
       64
 70
     0
 43
0.0
 10
5926.137499999982
 20
8449.262499999983
 10
5924.39879647881
 20
8449.175724914793
 10
5922.677372974373
 20
8448.916262069047
 10
5920.990337766823
 20
8448.486690121034
 10
5919.354457370036
 20
8447.891278349763
 10
5917.785989898315
 20
8447.135944224951
 10
5916.300523486047
 20
8446.228194596478
 10
5914.912821365842
 20
8445.177051087958
 10
5913.636675144779
 20
8443.992960435805
 10
5912.484767737391
 20
8442.687690664955
 10
5911.468547316967
 20
8441.274214132747
 10
5910.59811353861
 20
8439.766578604029
 10
5909.882117164293
 20
8438.179767637979
 10
5909.327674087632
 20
8436.529551674933
 10
5908.940294613014
 20
8434.832331302489
 10
5908.723828691698
 20
8433.104974259244
 10
5908.680427659303
 20
8431.364647795504
 10
5908.810522854736
 20
8429.62864805758
 10
5909.112821333518
 20
8427.914228190784
 10
5909.584318717534
 20
8426.238426869968
 10
5910.22032905399
 20
8424.617898961558
 10
5911.014531386405
 20
8423.068749999977
 10
5911.959032575163
 20
8421.606376123587
 10
5913.044445743145
 20
8420.24531106095
 10
5914.259983566648
 20
8418.999081688147
 10
5915.593565484684
 20
8417.880073592622
 10
5917.03193776097
 20
8416.89940797948
 10
5918.560805205633
 20
8416.066831144242
 10
5920.164973247156
 20
8415.390617609519
 10
5921.828498942807
 20
8414.877487889199
 10
5923.534849426884
 20
8414.532541697029
 10
5925.267066221626
 20
8414.359207263215
 10
5927.007933778339
 20
8414.359207263215
 10
5928.740150573081
 20
8414.532541697029
 10
5930.44650105716
 20
8414.877487889199
 10
5932.110026752809
 20
8415.390617609519
 10
5933.714194794331
 20
8416.066831144242
 10
5935.243062238996
 20
8416.89940797948
 10
5936.681434515282
 20
8417.880073592622
 10
5938.015016433316
 20
8418.999081688147
 10
5939.230554256821
 20
8420.24531106095
 10
5940.315967424803
 20
8421.606376123587
 10
5941.26046861356
 20
8423.068749999977
 10
5942.054670945974
 20
8424.617898961558
 10
5942.69068128243
 20
8426.238426869968
 10
5943.162178666447
 20
8427.914228190784
 10
5943.46447714523
 20
8429.62864805758
 10
5943.594572340661
 20
8431.364647795504
 10
5943.551171308267
 20
8433.104974259244
 10
5943.334705386951
 20
8434.832331302489
 10
5942.947325912332
 20
8436.529551674933
 10
5942.392882835672
 20
8438.179767637979
 10
5941.676886461355
 20
8439.766578604029
 10
5940.806452682999
 20
8441.274214132747
 10
5939.790232262573
 20
8442.687690664955
 10
5938.638324855186
 20
8443.992960435805
 10
5937.362178634124
 20
8445.177051087958
 10
5935.974476513918
 20
8446.228194596478
 10
5934.489010101651
 20
8447.135944224951
 10
5932.920542629929
 20
8447.891278349763
 10
5931.284662233142
 20
8448.486690121034
 10
5929.597627025593
 20
8448.916262069047
 10
5927.876203521154
 20
8449.175724914793
 10
5926.137499999982
 20
8449.262499999983
  0
LWPOLYLINE
  5
15A
330
17
100
AcDbEntity
  8
NESTED_RESULT
100
AcDbPolyline
 90
       64
 70
     0
 43
0.0
 10
5925.850636303803
 20
9249.362499999987
 10
5924.111932782631
 20
9249.275724914799
 10
5922.390509278193
 20
9249.016262069051
 10
5920.703474070645
 20
9248.58669012104
 10
5919.067593673855
 20
9247.99127834977
 10
5917.499126202136
 20
9247.235944224959
 10
5916.013659789867
 20
9246.328194596484
 10
5914.62595766966
 20
9245.277051087963
 10
5913.349811448598
 20
9244.092960435811
 10
5912.197904041213
 20
9242.787690664961
 10
5911.181683620787
 20
9241.374214132752
 10
5910.311249842431
 20
9239.866578604036
 10
5909.595253468113
 20
9238.279767637983
 10
5909.040810391451
 20
9236.629551674937
 10
5908.653430916835
 20
9234.932331302493
 10
5908.436964995519
 20
9233.204974259249
 10
5908.393563963123
 20
9231.464647795508
 10
5908.523659158556
 20
9229.728648057585
 10
5908.825957637337
 20
9228.01422819079
 10
5909.297455021355
 20
9226.338426869974
 10
5909.933465357813
 20
9224.717898961564
 10
5910.727667690226
 20
9223.168749999985
 10
5911.672168878983
 20
9221.706376123593
 10
5912.757582046966
 20
9220.345311060956
 10
5913.973119870469
 20
9219.099081688151
 10
5915.306701788503
 20
9217.980073592626
 10
5916.745074064791
 20
9216.999407979484
 10
5918.273941509456
 20
9216.166831144247
 10
5919.878109550976
 20
9215.490617609525
 10
5921.541635246627
 20
9214.977487889205
 10
5923.247985730704
 20
9214.632541697035
 10
5924.980202525446
 20
9214.459207263223
 10
5926.721070082161
 20
9214.459207263223
 10
5928.453286876901
 20
9214.632541697035
 10
5930.159637360979
 20
9214.977487889205
 10
5931.82316305663
 20
9215.490617609525
 10
5933.427331098151
 20
9216.166831144247
 10
5934.956198542814
 20
9216.999407979484
 10
5936.394570819101
 20
9217.980073592626
 10
5937.728152737138
 20
9219.099081688151
 10
5938.943690560641
 20
9220.345311060956
 10
5940.029103728622
 20
9221.706376123593
 10
5940.973604917381
 20
9223.168749999985
 10
5941.767807249795
 20
9224.717898961564
 10
5942.403817586253
 20
9226.338426869974
 10
5942.875314970269
 20
9228.01422819079
 10
5943.177613449051
 20
9229.728648057585
 10
5943.307708644482
 20
9231.464647795508
 10
5943.264307612087
 20
9233.204974259249
 10
5943.047841690772
 20
9234.932331302493
 10
5942.660462216154
 20
9236.629551674937
 10
5942.106019139494
 20
9238.279767637983
 10
5941.390022765176
 20
9239.866578604036
 10
5940.51958898682
 20
9241.374214132752
 10
5939.503368566396
 20
9242.787690664961
 10
5938.351461159007
 20
9244.092960435811
 10
5937.075314937946
 20
9245.277051087963
 10
5935.687612817739
 20
9246.328194596484
 10
5934.202146405471
 20
9247.235944224959
 10
5932.633678933751
 20
9247.99127834977
 10
5930.997798536961
 20
9248.58669012104
 10
5929.310763329413
 20
9249.016262069051
 10
5927.589339824976
 20
9249.275724914799
 10
5925.850636303803
 20
9249.362499999987
  0
TEXT
  5
15B
330
17
100
AcDbEntity
  8
NESTED_RESULT
100
AcDbText
 10
5961.399999999994
 20
8791.849999999991
 30
0.0
 40
80.0
  1
511-D
 72
     1
 11
6121.399999999994
 21
8831.849999999992
 31
0.0
100
AcDbText
 73
     2
  0
LWPOLYLINE
  5
15C
330
17
100
AcDbEntity
  8
NESTED_RESULT
100
AcDbPolyline
 90
        5
 70
     0
 43
0.0
 10
5343.799999999987
 20
8501.749999999999
 10
5343.799999999987
 20
8000.0
 10
4696.099999999888
 20
8000.0
 10
4696.099999999888
 20
8501.749999999999
 10
5343.799999999987
 20
8501.749999999999
  0
TEXT
  5
15D
330
17
100
AcDbEntity
  8
NESTED_RESULT
100
AcDbText
 10
4853.283333333272
 20
8210.874999999999
 30
0.0
 40
80.0
  1
501-B
 72
     1
 11
5019.949999999939
 21
8250.875
 31
0.0
100
AcDbText
 73
     2
  0
LWPOLYLINE
  5
15E
330
17
100
AcDbEntity
  8
NESTED_RESULT
100
AcDbPolyline
 90
        5
 70
     0
 43
0.0
 10
4695.799999999987
 20
8501.649999999907
 10
4695.799999999987
 20
8000.0
 10
4048.099999999976
 20
8000.0
 10
4048.099999999976
 20
8501.649999999907
 10
4695.799999999987
 20
8501.649999999907
  0
TEXT
  5
15F
330
17
100
AcDbEntity
  8
NESTED_RESULT
100
AcDbText
 10
4185.283333333315
 20
8210.824999999951
 30
0.0
 40
80.0
  1
523-A
 72
     1
 11
4371.949999999983
 21
8250.824999999952
 31
0.0
100
AcDbText
 73
     2
  0
LWPOLYLINE
  5
160
330
17
100
AcDbEntity
  8
NESTED_RESULT
100
AcDbPolyline
 90
        5
 70
     0
 43
0.0
 10
5060.524999999994
 20
9650.999999999971
 10
5708.225000000005
 20
9650.999999999971
 10
5708.225000000005
 20
9200.149999999995
 10
5060.524999999994
 20
9200.149999999995
 10
5060.524999999994
 20
9650.999999999971
  0
TEXT
  5
161
330
17
100
AcDbEntity
  8
NESTED_RESULT
100
AcDbText
 10
5204.375
 20
9385.574999999985
 30
0.0
 40
80.0
  1
404-B
 72
     1
 11
5384.375
 21
9425.574999999986
 31
0.0
100
AcDbText
 73
     2
  0
LWPOLYLINE
  5
162
330
17
100
AcDbEntity
  8
NESTED_RESULT
 62
     1
100
AcDbPolyline
 90
        5
 70
     0
 43
0.0
 10
6800.0
 20
8000.0
 10
10000.0
 20
8000.0
 10
10000.0
 20
9800.0
 10
6800.0
 20
9800.0
 10
6800.0
 20
8000.0
  0
TEXT
  5
163
330
17
100
AcDbEntity
  8
NESTED_RESULT
 62
     1
100
AcDbText
 10
6800.0
 20
9846.666666666667
 30
0.0
 40
50.0
  1
Sheet_27
 11
6800.0
 21
9830.0
 31
0.0
100
AcDbText
 73
     1
  0
LWPOLYLINE
  5
164
330
17
100
AcDbEntity
  8
NESTED_RESULT
100
AcDbPolyline
 90
        5
 70
     0
 43
0.0
 10
8590.700000000012
 20
8977.700000000011
 10
6800.0
 20
8977.700000000011
 10
6800.0
 20
8000.0
 10
8590.700000000012
 20
8000.0
 10
8590.700000000012
 20
8977.700000000011
  0
TEXT
  5
165
330
17
100
AcDbEntity
  8
NESTED_RESULT
100
AcDbText
 10
7515.350000000006
 20
8448.850000000005
 30
0.0
 40
80.0
  1
420-C
 72
     1
 11
7695.350000000006
 21
8488.850000000006
 31
0.0
100
AcDbText
 73
     2
  0
LWPOLYLINE
  5
166
330
17
100
AcDbEntity
  8
NESTED_RESULT
100
AcDbPolyline
 90
        5
 70
     0
 43
0.0
 10
8743.099999999977
 20
8978.125
 10
6800.0
 20
8978.125
 10
6800.0
 20
9629.0
 10
8743.099999999977
 20
9629.0
 10
8743.099999999977
 20
8978.125
  0
LWPOLYLINE
  5
167
330
17
100
AcDbEntity
  8
NESTED_RESULT
100
AcDbPolyline
 90
        5
 70
     0
 43
0.0
 10
8177.949999999981
 20
9086.075000000013
 10
7530.249999999999
 20
9086.075000000013
 10
7530.249999999999
 20
9479.774999999994
 10
8177.949999999981
 20
9479.774999999994
 10
8177.949999999981
 20
9086.075000000013
  0
LWPOLYLINE
  5
168
330
17
100
AcDbEntity
  8
NESTED_RESULT
100
AcDbPolyline
 90
       64
 70
     0
 43
0.0
 10
7871.562499999971
 20
9535.337499999995
 10
7871.475724914782
 20
9537.076203521166
 10
7871.216262069037
 20
9538.797627025605
 10
7870.786690121022
 20
9540.484662233152
 10
7870.191278349754
 20
9542.120542629943
 10
7869.435944224942
 20
9543.689010101664
 10
7868.528194596468
 20
9545.174476513931
 10
7867.477051087945
 20
9546.562178634136
 10
7866.292960435792
 20
9547.838324855197
 10
7864.987690664944
 20
9548.990232262587
 10
7863.574214132734
 20
9550.006452683009
 10
7862.066578604018
 20
9550.876886461368
 10
7860.479767637968
 20
9551.592882835683
 10
7858.82955167492
 20
9552.147325912343
 10
7857.132331302477
 20
9552.534705386966
 10
7855.404974259233
 20
9552.75117130828
 10
7853.664647795493
 20
9552.794572340674
 10
7851.928648057569
 20
9552.66447714524
 10
7850.214228190772
 20
9552.362178666461
 10
7848.538426869956
 20
9551.890681282444
 10
7846.917898961547
 20
9551.254670945985
 10
7845.368749999964
 20
9550.460468613572
 10
7843.906376123574
 20
9549.515967424811
 10
7842.545311060938
 20
9548.430554256832
 10
7841.299081688136
 20
9547.215016433327
 10
7840.180073592607
 20
9545.881434515292
 10
7839.199407979468
 20
9544.443062239007
 10
7838.366831144231
 20
9542.914194794345
 10
7837.690617609507
 20
9541.310026752821
 10
7837.177487889189
 20
9539.64650105717
 10
7836.832541697018
 20
9537.94015057309
 10
7836.659207263206
 20
9536.207933778348
 10
7836.659207263206
 20
9534.467066221637
 10
7836.832541697018
 20
9532.734849426896
 10
7837.177487889189
 20
9531.028498942818
 10
7837.690617609507
 20
9529.364973247167
 10
7838.366831144231
 20
9527.760805205646
 10
7839.199407979468
 20
9526.231937760982
 10
7840.180073592607
 20
9524.793565484696
 10
7841.299081688136
 20
9523.45998356666
 10
7842.545311060938
 20
9522.244445743156
 10
7843.906376123574
 20
9521.159032575175
 10
7845.368749999964
 20
9520.214531386416
 10
7846.917898961547
 20
9519.420329054005
 10
7848.538426869956
 20
9518.784318717546
 10
7850.214228190772
 20
9518.312821333529
 10
7851.928648057569
 20
9518.01052285475
 10
7853.664647795493
 20
9517.880427659317
 10
7855.404974259233
 20
9517.92382869171
 10
7857.132331302477
 20
9518.140294613026
 10
7858.82955167492
 20
9518.527674087643
 10
7860.479767637968
 20
9519.082117164304
 10
7862.066578604018
 20
9519.798113538621
 10
7863.574214132734
 20
9520.668547316978
 10
7864.987690664944
 20
9521.684767737404
 10
7866.292960435792
 20
9522.836675144791
 10
7867.477051087945
 20
9524.112821365852
 10
7868.528194596468
 20
9525.500523486059
 10
7869.435944224942
 20
9526.985989898326
 10
7870.191278349754
 20
9528.554457370047
 10
7870.786690121022
 20
9530.190337766837
 10
7871.216262069037
 20
9531.877372974383
 10
7871.475724914782
 20
9533.598796478822
 10
7871.562499999971
 20
9535.337499999995
  0
TEXT
  5
169
330
17
100
AcDbEntity
  8
NESTED_RESULT
100
AcDbText
 10
6976.503820800778
 20
9263.325305175781
 30
0.0
 40
80.0
  1
402-A
 72
     1
 11
7156.503820800778
 21
9303.325305175782
 31
0.0
100
AcDbText
 73
     2
  0
LWPOLYLINE
  5
16A
330
17
100
AcDbEntity
  8
NESTED_RESULT
100
AcDbPolyline
 90
        8
 70
     0
 43
0.0
 10
9889.275000000111
 20
8250.825000000011
 10
9889.275000000111
 20
8901.700000000012
 10
8590.700000000012
 20
8901.700000000012
 10
8590.700000000012
 20
8000.0
 10
9241.575000000102
 20
8000.0
 10
9241.575000000102
 20
8241.300000000018
 10
9251.100000000006
 20
8250.825000000011
 10
9889.275000000111
 20
8250.825000000011
  0
TEXT
  5
16B
330
17
100
AcDbEntity
  8
NESTED_RESULT
100
AcDbText
 10
8794.629278564494
 20
8477.744366455089
 30
0.0
 40
80.0
  1
509-B
 72
     1
 11
8974.629278564496
 21
8517.744366455088
 31
0.0
100
AcDbText
 73
     2
  0
LWPOLYLINE
  5
16C
330
17
100
AcDbEntity
  8
NESTED_RESULT
100
AcDbPolyline
 90
        5
 70
     0
 43
0.0
 10
8743.099999999977
 20
8901.700000000012
 10
8743.099999999977
 20
9485.900000000025
 10
9994.049999999988
 20
9485.900000000025
 10
9994.049999999988
 20
8901.700000000012
 10
8743.099999999977
 20
8901.700000000012
  0
LWPOLYLINE
  5
16D
330
17
100
AcDbEntity
  8
NESTED_RESULT
100
AcDbPolyline
 90
        9
 70
     0
 43
0.0
 10
8854.224999999976
 20
9320.800000000016
 10
9273.324999999983
 20
9320.800000000016
 10
9286.024999999993
 20
9308.100000000006
 10
9286.024999999993
 20
9041.400000000026
 10
9273.324999999983
 20
9028.700000000013
 10
8854.224999999976
 20
9028.700000000013
 10
8841.524999999995
 20
9041.400000000026
 10
8841.524999999995
 20
9308.100000000006
 10
8854.224999999976
 20
9320.800000000016
  0
LWPOLYLINE
  5
16E
330
17
100
AcDbEntity
  8
NESTED_RESULT
100
AcDbPolyline
 90
       64
 70
     0
 43
0.0
 10
9081.237499999989
 20
9389.062499999999
 10
9081.150724914797
 20
9390.801203521172
 10
9080.891262069052
 20
9392.522627025611
 10
9080.461690121039
 20
9394.209662233159
 10
9079.866278349772
 20
9395.845542629947
 10
9079.110944224957
 20
9397.414010101668
 10
9078.203194596484
 20
9398.899476513937
 10
9077.152051087963
 20
9400.287178634142
 10
9075.967960435809
 20
9401.563324855203
 10
9074.662690664963
 20
9402.715232262591
 10
9073.249214132751
 20
9403.731452683016
 10
9071.741578604036
 20
9404.601886461373
 10
9070.154767637983
 20
9405.31788283569
 10
9068.504551674939
 20
9405.87232591235
 10
9066.807331302495
 20
9406.259705386968
 10
9065.07997425925
 20
9406.476171308284
 10
9063.339647795508
 20
9406.51957234068
 10
9061.603648057586
 20
9406.389477145246
 10
9059.88922819079
 20
9406.087178666464
 10
9058.213426869974
 20
9405.615681282448
 10
9056.592898961564
 20
9404.979670945991
 10
9055.043749999985
 20
9404.185468613578
 10
9053.581376123593
 20
9403.240967424821
 10
9052.220311060954
 20
9402.155554256841
 10
9050.974081688151
 20
9400.940016433336
 10
9049.855073592626
 20
9399.606434515302
 10
9048.874407979484
 20
9398.168062239014
 10
9048.041831144248
 20
9396.639194794349
 10
9047.365617609525
 20
9395.035026752827
 10
9046.852487889205
 20
9393.371501057176
 10
9046.507541697037
 20
9391.665150573102
 10
9046.334207263223
 20
9389.932933778357
 10
9046.334207263223
 20
9388.192066221643
 10
9046.507541697037
 20
9386.459849426898
 10
9046.852487889205
 20
9384.753498942824
 10
9047.365617609525
 20
9383.089973247171
 10
9048.041831144248
 20
9381.485805205652
 10
9048.874407979484
 20
9379.956937760988
 10
9049.855073592626
 20
9378.5185654847
 10
9050.974081688151
 20
9377.184983566664
 10
9052.220311060954
 20
9375.969445743159
 10
9053.581376123593
 20
9374.884032575179
 10
9055.043749999985
 20
9373.939531386422
 10
9056.592898961564
 20
9373.145329054009
 10
9058.213426869974
 20
9372.509318717552
 10
9059.88922819079
 20
9372.037821333536
 10
9061.603648057586
 20
9371.735522854754
 10
9063.339647795508
 20
9371.605427659321
 10
9065.07997425925
 20
9371.648828691716
 10
9066.807331302495
 20
9371.865294613032
 10
9068.504551674939
 20
9372.252674087652
 10
9070.154767637983
 20
9372.80711716431
 10
9071.741578604036
 20
9373.523113538627
 10
9073.249214132751
 20
9374.393547316984
 10
9074.662690664963
 20
9375.409767737409
 10
9075.967960435809
 20
9376.561675144797
 10
9077.152051087963
 20
9377.837821365858
 10
9078.203194596484
 20
9379.225523486065
 10
9079.110944224957
 20
9380.710989898332
 10
9079.866278349772
 20
9382.279457370051
 10
9080.461690121039
 20
9383.915337766842
 10
9080.891262069052
 20
9385.602372974391
 10
9081.150724914797
 20
9387.323796478828
 10
9081.237499999989
 20
9389.062499999999
  0
TEXT
  5
16F
330
17
100
AcDbEntity
  8
NESTED_RESULT
100
AcDbText
 10
9436.260656738268
 20
9153.494592285174
 30
0.0
 40
80.0
  1
407-D
 72
     1
 11
9616.260656738267
 21
9193.494592285173
 31
0.0
100
AcDbText
 73
     2
  0
LWPOLYLINE
  5
170
330
17
100
AcDbEntity
  8
NESTED_RESULT
 62
     1
100
AcDbPolyline
 90
        5
 70
     0
 43
0.0
 10
10200.0
 20
8000.0
 10
13400.0
 20
8000.0
 10
13400.0
 20
9800.0
 10
10200.0
 20
9800.0
 10
10200.0
 20
8000.0
  0
TEXT
  5
171
330
17
100
AcDbEntity
  8
NESTED_RESULT
 62
     1
100
AcDbText
 10
10200.0
 20
9846.666666666667
 30
0.0
 40
50.0
  1
Sheet_28
 11
10200.0
 21
9830.0
 31
0.0
100
AcDbText
 73
     1
  0
LWPOLYLINE
  5
172
330
17
100
AcDbEntity
  8
NESTED_RESULT
100
AcDbPolyline
 90
        8
 70
     0
 43
0.0
 10
11984.34999999992
 20
8000.0
 10
11984.34999999992
 20
8546.100000000006
 10
11974.82500000001
 20
8555.625
 10
10200.0
 20
8555.625
 10
10200.0
 20
9203.325000000011
 10
12632.05000000002
 20
9203.325000000011
 10
12632.05000000002
 20
8000.0
 10
11984.34999999992
 20
8000.0
  0
LWPOLYLINE
  5
173
330
17
100
AcDbEntity
  8
NESTED_RESULT
100
AcDbPolyline
 90
        5
 70
     0
 43
0.0
 10
10981.0499999999
 20
8663.575000000012
 10
10981.0499999999
 20
9057.275000000025
 10
11628.75
 20
9057.275000000025
 10
11628.75
 20
8663.575000000012
 10
10981.0499999999
 20
8663.575000000012
  0
LWPOLYLINE
  5
174
330
17
100
AcDbEntity
  8
NESTED_RESULT
100
AcDbPolyline
 90
       64
 70
     0
 43
0.0
 10
11322.36250000002
 20
9112.837500000024
 10
11322.27572491483
 20
9114.576203521195
 10
11322.01626206908
 20
9116.297627025634
 10
11321.58669012107
 20
9117.984662233181
 10
11320.9912783498
 20
9119.620542629972
 10
11320.23594422499
 20
9121.189010101691
 10
11319.32819459651
 20
9122.67447651396
 10
11318.27705108799
 20
9124.062178634163
 10
11317.09296043584
 20
9125.338324855229
 10
11315.78769066499
 20
9126.490232262616
 10
11314.37421413278
 20
9127.506452683041
 10
11312.86657860406
 20
9128.376886461396
 10
11311.27976763801
 20
9129.092882835713
 10
11309.62955167497
 20
9129.647325912374
 10
11307.93233130252
 20
9130.034705386991
 10
11306.20497425928
 20
9130.251171308307
 10
11304.46464779554
 20
9130.294572340705
 10
11302.72864805762
 20
9130.164477145269
 10
11301.01422819082
 20
9129.862178666488
 10
11299.33842687
 20
9129.390681282471
 10
11297.71789896159
 20
9128.754670946014
 10
11296.16875000001
 20
9127.960468613599
 10
11294.70637612362
 20
9127.015967424844
 10
11293.34531106098
 20
9125.930554256862
 10
11292.09908168818
 20
9124.715016433357
 10
11290.98007359266
 20
9123.381434515321
 10
11289.99940797951
 20
9121.943062239036
 10
11289.16683114427
 20
9120.414194794372
 10
11288.49061760955
 20
9118.81002675285
 10
11287.97748788924
 20
9117.146501057199
 10
11287.63254169706
 20
9115.440150573123
 10
11287.45920726325
 20
9113.70793377838
 10
11287.45920726325
 20
9111.967066221666
 10
11287.63254169706
 20
9110.234849426925
 10
11287.97748788924
 20
9108.528498942847
 10
11288.49061760955
 20
9106.864973247196
 10
11289.16683114427
 20
9105.260805205677
 10
11289.99940797951
 20
9103.731937761011
 10
11290.98007359266
 20
9102.293565484725
 10
11292.09908168818
 20
9100.959983566689
 10
11293.34531106098
 20
9099.744445743182
 10
11294.70637612362
 20
9098.659032575204
 10
11296.16875000001
 20
9097.714531386445
 10
11297.71789896159
 20
9096.920329054032
 10
11299.33842687
 20
9096.284318717575
 10
11301.01422819082
 20
9095.812821333559
 10
11302.72864805762
 20
9095.510522854775
 10
11304.46464779554
 20
9095.380427659344
 10
11306.20497425928
 20
9095.423828691739
 10
11307.93233130252
 20
9095.640294613055
 10
11309.62955167497
 20
9096.027674087672
 10
11311.27976763801
 20
9096.582117164333
 10
11312.86657860406
 20
9097.29811353865
 10
11314.37421413278
 20
9098.168547317007
 10
11315.78769066499
 20
9099.184767737432
 10
11317.09296043584
 20
9100.336675144822
 10
11318.27705108799
 20
9101.612821365881
 10
11319.32819459651
 20
9103.000523486088
 10
11320.23594422499
 20
9104.485989898355
 10
11320.9912783498
 20
9106.054457370076
 10
11321.58669012107
 20
9107.690337766864
 10
11322.01626206908
 20
9109.377372974412
 10
11322.27572491483
 20
9111.098796478854
 10
11322.36250000002
 20
9112.837500000024
  0
TEXT
  5
175
330
17
100
AcDbEntity
  8
NESTED_RESULT
100
AcDbText
 10
12069.9640197754
 20
8781.057635498056
 30
0.0
 40
80.0
  1
504-A
 72
     1
 11
12249.9640197754
 21
8821.057635498055
 31
0.0
100
AcDbText
 73
     2
  0
LWPOLYLINE
  5
176
102
{ACAD_REACTORS
330
3CA
102
}
330
17
100
AcDbEntity
  8
NESTED_RESULT
100
AcDbPolyline
 90
        5
 70
     0
 43
0.0
 10
12648.125
 20
9682.638165849988
 10
12648.125
 20
8018.938165849977
 10
13235.5
 20
8006.238165849964
 10
13235.5
 20
9682.638165849988
 10
12648.125
 20
9682.638165849988
  0
LWPOLYLINE
  5
177
330
17
100
AcDbEntity
  8
NESTED_RESULT
100
AcDbPolyline
 90
        9
 70
     0
 43
0.0
 10
12816.40000000011
 20
9034.938165849975
 10
12816.40000000011
 20
9454.038165849896
 10
12829.10000000012
 20
9466.738165849966
 10
13095.8000000001
 20
9466.738165849966
 10
13108.50000000011
 20
9454.038165849896
 10
13108.50000000011
 20
9034.938165849975
 10
13095.8000000001
 20
9022.238165849877
 10
12829.10000000012
 20
9022.238165849877
 10
12816.40000000011
 20
9034.938165849975
  0
LWPOLYLINE
  5
178
330
17
100
AcDbEntity
  8
NESTED_RESULT
100
AcDbPolyline
 90
        9
 70
     0
 43
0.0
 10
12816.40000000011
 20
8234.135366524279
 10
12816.40000000011
 20
8653.235366524169
 10
12829.10000000012
 20
8665.935366524179
 10
13095.8000000001
 20
8665.935366524179
 10
13108.50000000011
 20
8653.235366524169
 10
13108.50000000011
 20
8234.135366524279
 10
13095.8000000001
 20
8221.435366524296
 10
12829.10000000012
 20
8221.435366524296
 10
12816.40000000011
 20
8234.135366524279
  0
LWPOLYLINE
  5
179
330
17
100
AcDbEntity
  8
NESTED_RESULT
100
AcDbPolyline
 90
       64
 70
     0
 43
0.0
 10
12748.1375000001
 20
8461.147866524173
 10
12746.39879647893
 20
8461.061091439011
 10
12744.67737297449
 20
8460.801628593239
 10
12742.99033776694
 20
8460.372056645224
 10
12741.35445737015
 20
8459.776644873986
 10
12739.78598989843
 20
8459.021310749143
 10
12738.30052348616
 20
8458.11356112067
 10
12736.91282136595
 20
8457.062417612149
 10
12735.63667514489
 20
8455.878326959995
 10
12734.48476773751
 20
8454.573057189147
 10
12733.46854731708
 20
8453.159580656938
 10
12732.59811353872
 20
8451.651945128194
 10
12731.88211716441
 20
8450.065134162171
 10
12731.32767408775
 20
8448.414918199125
 10
12730.94029461313
 20
8446.717697826709
 10
12730.72382869181
 20
8444.990340783435
 10
12730.68042765942
 20
8443.250014319696
 10
12730.81052285485
 20
8441.514014581771
 10
12731.11282133363
 20
8439.799594714974
 10
12731.58431871765
 20
8438.12379339416
 10
12732.22032905411
 20
8436.503265485779
 10
12733.01453138652
 20
8434.954116524169
 10
12733.95903257528
 20
8433.491742647778
 10
12735.04444574326
 20
8432.13067758514
 10
12736.25998356676
 20
8430.884448212367
 10
12737.5935654848
 20
8429.765440116781
 10
12739.03193776109
 20
8428.7847745037
 10
12740.56080520575
 20
8427.952197668433
 10
12742.16497324727
 20
8427.275984133711
 10
12743.82849894292
 20
8426.762854413391
 10
12745.534849427
 20
8426.417908221221
 10
12747.26706622174
 20
8426.244573787407
 10
12749.00793377846
 20
8426.244573787407
 10
12750.7401505732
 20
8426.417908221221
 10
12752.44650105727
 20
8426.762854413391
 10
12754.11002675292
 20
8427.275984133711
 10
12755.71419479444
 20
8427.952197668433
 10
12757.24306223911
 20
8428.7847745037
 10
12758.68143451539
 20
8429.765440116781
 10
12760.01501643343
 20
8430.884448212367
 10
12761.23055425693
 20
8432.13067758514
 10
12762.31596742491
 20
8433.491742647778
 10
12763.26046861367
 20
8434.954116524169
 10
12764.05467094609
 20
8436.503265485779
 10
12764.69068128255
 20
8438.12379339416
 10
12765.16217866656
 20
8439.799594714974
 10
12765.46447714534
 20
8441.514014581771
 10
12765.59457234078
 20
8443.250014319696
 10
12765.55117130838
 20
8444.990340783435
 10
12765.33470538707
 20
8446.717697826709
 10
12764.94732591245
 20
8448.414918199125
 10
12764.39288283579
 20
8450.065134162171
 10
12763.67688646147
 20
8451.651945128194
 10
12762.80645268311
 20
8453.159580656938
 10
12761.79023226269
 20
8454.573057189147
 10
12760.6383248553
 20
8455.878326959995
 10
12759.36217863424
 20
8457.062417612149
 10
12757.97447651403
 20
8458.11356112067
 10
12756.48901010176
 20
8459.021310749143
 10
12754.92054263005
 20
8459.776644873986
 10
12753.28466223325
 20
8460.372056645224
 10
12751.59762702571
 20
8460.801628593239
 10
12749.87620352127
 20
8461.061091439011
 10
12748.1375000001
 20
8461.147866524173
  0
LWPOLYLINE
  5
17A
330
17
100
AcDbEntity
  8
NESTED_RESULT
100
AcDbPolyline
 90
       64
 70
     0
 43
0.0
 10
12748.1375000001
 20
9261.950665849871
 10
12746.39879647893
 20
9261.863890764683
 10
12744.67737297449
 20
9261.604427918936
 10
12742.99033776694
 20
9261.174855970926
 10
12741.35445737015
 20
9260.579444199654
 10
12739.78598989843
 20
9259.824110074871
 10
12738.30052348616
 20
9258.916360446368
 10
12736.91282136595
 20
9257.865216937847
 10
12735.63667514489
 20
9256.681126285725
 10
12734.48476773751
 20
9255.375856514817
 10
12733.46854731708
 20
9253.962379982635
 10
12732.59811353872
 20
9252.45474445392
 10
12731.88211716441
 20
9250.867933487898
 10
12731.32767408775
 20
9249.217717524821
 10
12730.94029461313
 20
9247.520497152377
 10
12730.72382869181
 20
9245.793140109134
 10
12730.68042765942
 20
9244.052813645422
 10
12730.81052285485
 20
9242.316813907471
 10
12731.11282133363
 20
9240.602394040646
 10
12731.58431871765
 20
9238.926592719858
 10
12732.22032905411
 20
9237.306064811447
 10
12733.01453138652
 20
9235.756915849895
 10
12733.95903257528
 20
9234.294541973477
 10
12735.04444574326
 20
9232.93347691084
 10
12736.25998356676
 20
9231.687247538035
 10
12737.5935654848
 20
9230.56823944251
 10
12739.03193776109
 20
9229.587573829368
 10
12740.56080520575
 20
9228.754996994132
 10
12742.16497324727
 20
9228.078783459407
 10
12743.82849894292
 20
9227.565653739121
 10
12745.534849427
 20
9227.220707546919
 10
12747.26706622174
 20
9227.047373113077
 10
12749.00793377846
 20
9227.047373113077
 10
12750.7401505732
 20
9227.220707546919
 10
12752.44650105727
 20
9227.565653739121
 10
12754.11002675292
 20
9228.078783459407
 10
12755.71419479444
 20
9228.754996994132
 10
12757.24306223911
 20
9229.587573829368
 10
12758.68143451539
 20
9230.56823944251
 10
12760.01501643343
 20
9231.687247538035
 10
12761.23055425693
 20
9232.93347691084
 10
12762.31596742491
 20
9234.294541973477
 10
12763.26046861367
 20
9235.756915849895
 10
12764.05467094609
 20
9237.306064811447
 10
12764.69068128255
 20
9238.926592719858
 10
12765.16217866656
 20
9240.602394040646
 10
12765.46447714534
 20
9242.316813907471
 10
12765.59457234078
 20
9244.052813645422
 10
12765.55117130838
 20
9245.793140109134
 10
12765.33470538707
 20
9247.520497152377
 10
12764.94732591245
 20
9249.217717524821
 10
12764.39288283579
 20
9250.867933487898
 10
12763.67688646147
 20
9252.45474445392
 10
12762.80645268311
 20
9253.962379982635
 10
12761.79023226269
 20
9255.375856514817
 10
12760.6383248553
 20
9256.681126285725
 10
12759.36217863424
 20
9257.865216937847
 10
12757.97447651403
 20
9258.916360446368
 10
12756.48901010176
 20
9259.824110074871
 10
12754.92054263005
 20
9260.579444199654
 10
12753.28466223325
 20
9261.174855970926
 10
12751.59762702571
 20
9261.604427918936
 10
12749.87620352127
 20
9261.863890764683
 10
12748.1375000001
 20
9261.950665849871
  0
TEXT
  5
17B
330
17
100
AcDbEntity
  8
NESTED_RESULT
100
AcDbText
 10
12761.8125
 20
8804.08676618703
 30
0.0
 40
80.0
  1
406-D
 72
     1
 11
12941.8125
 21
8844.086766187029
 31
0.0
100
AcDbText
 73
     2
  0
LWPOLYLINE
  5
17C
330
17
100
AcDbEntity
  8
NESTED_RESULT
100
AcDbPolyline
 90
        5
 70
     0
 43
0.0
 10
10200.0
 20
9787.525000000025
 10
11854.175
 20
9787.525000000025
 10
11854.175
 20
9203.325000000011
 10
10200.0
 20
9203.325000000011
 10
10200.0
 20
9787.525000000025
  0
LWPOLYLINE
  5
17D
330
17
100
AcDbEntity
  8
NESTED_RESULT
100
AcDbPolyline
 90
        9
 70
     0
 43
0.0
 10
10838.175
 20
9368.425000000016
 10
10419.07499999999
 20
9368.425000000016
 10
10406.375
 20
9381.125000000031
 10
10406.375
 20
9647.825000000011
 10
10419.07499999999
 20
9660.525000000026
 10
10838.175
 20
9660.525000000026
 10
10850.875
 20
9647.825000000011
 10
10850.875
 20
9381.125000000031
 10
10838.175
 20
9368.425000000016
  0
LWPOLYLINE
  5
17E
330
17
100
AcDbEntity
  8
NESTED_RESULT
100
AcDbPolyline
 90
        9
 70
     0
 43
0.0
 10
11635.09999999999
 20
9368.425000000016
 10
11216.0
 20
9368.425000000016
 10
11203.3
 20
9381.125000000031
 10
11203.3
 20
9647.825000000011
 10
11216.0
 20
9660.525000000026
 10
11635.09999999999
 20
9660.525000000026
 10
11647.8
 20
9647.825000000011
 10
11647.8
 20
9381.125000000031
 10
11635.09999999999
 20
9368.425000000016
  0
LWPOLYLINE
  5
17F
330
17
100
AcDbEntity
  8
NESTED_RESULT
100
AcDbPolyline
 90
       64
 70
     0
 43
0.0
 10
11408.08750000001
 20
9300.162500000034
 10
11408.17427508518
 20
9298.423796478862
 10
11408.43373793094
 20
9296.702372974424
 10
11408.86330987896
 20
9295.015337766875
 10
11409.45872165021
 20
9293.379457370086
 10
11410.21405577502
 20
9291.810989898367
 10
11411.12180540351
 20
9290.325523486099
 10
11412.17294891203
 20
9288.937821365893
 10
11413.35703956417
 20
9287.66167514483
 10
11414.66230933505
 20
9286.509767737443
 10
11416.07578586724
 20
9285.493547317022
 10
11417.58342139598
 20
9284.623113538662
 10
11419.17023236199
 20
9283.907117164345
 10
11420.82044832506
 20
9283.352674087685
 10
11422.51766869749
 20
9282.965294613067
 10
11424.24502574074
 20
9282.748828691749
 10
11425.98535220447
 20
9282.705427659356
 10
11427.72135194241
 20
9282.835522854787
 10
11429.43577180922
 20
9283.13782133357
 10
11431.11157313002
 20
9283.609318717589
 10
11432.73210103842
 20
9284.245329054042
 10
11434.28125
 20
9285.039531386455
 10
11435.7436238764
 20
9285.984032575216
 10
11437.10468893904
 20
9287.069445743197
 10
11438.35091831183
 20
9288.2849835667
 10
11439.46992640738
 20
9289.618565484735
 10
11440.45059202049
 20
9291.056937761025
 10
11441.28316885574
 20
9292.585805205687
 10
11441.95938239047
 20
9294.189973247208
 10
11442.47251211077
 20
9295.853498942861
 10
11442.81745830296
 20
9297.559849426937
 10
11442.99079273679
 20
9299.29206622168
 10
11442.99079273679
 20
9301.032933778392
 10
11442.81745830296
 20
9302.765150573135
 10
11442.47251211077
 20
9304.471501057209
 10
11441.95938239047
 20
9306.13502675286
 10
11441.28316885574
 20
9307.739194794384
 10
11440.45059202049
 20
9309.268062239047
 10
11439.46992640738
 20
9310.706434515335
 10
11438.35091831183
 20
9312.040016433369
 10
11437.10468893904
 20
9313.255554256874
 10
11435.7436238764
 20
9314.340967424854
 10
11434.28125
 20
9315.285468613613
 10
11432.73210103842
 20
9316.079670946024
 10
11431.11157313002
 20
9316.715681282483
 10
11429.43577180922
 20
9317.187178666499
 10
11427.72135194241
 20
9317.489477145283
 10
11425.98535220447
 20
9317.619572340715
 10
11424.24502574074
 20
9317.576171308322
 10
11422.51766869749
 20
9317.359705387003
 10
11420.82044832506
 20
9316.972325912386
 10
11419.17023236199
 20
9316.417882835724
 10
11417.58342139598
 20
9315.701886461408
 10
11416.07578586724
 20
9314.83145268305
 10
11414.66230933505
 20
9313.815232262628
 10
11413.35703956417
 20
9312.663324855241
 10
11412.17294891203
 20
9311.387178634175
 10
11411.12180540351
 20
9309.99947651397
 10
11410.21405577502
 20
9308.514010101701
 10
11409.45872165021
 20
9306.945542629986
 10
11408.86330987896
 20
9305.309662233195
 10
11408.43373793094
 20
9303.622627025644
 10
11408.17427508518
 20
9301.901203521209
 10
11408.08750000001
 20
9300.162500000034
  0
LWPOLYLINE
  5
180
330
17
100
AcDbEntity
  8
NESTED_RESULT
100
AcDbPolyline
 90
       64
 70
     0
 43
0.0
 10
10611.1625
 20
9300.162500000034
 10
10611.24927508518
 20
9298.423796478862
 10
10611.50873793094
 20
9296.702372974424
 10
10611.93830987895
 20
9295.015337766875
 10
10612.53372165021
 20
9293.379457370086
 10
10613.28905577502
 20
9291.810989898367
 10
10614.19680540351
 20
9290.325523486099
 10
10615.24794891203
 20
9288.937821365893
 10
10616.43203956417
 20
9287.66167514483
 10
10617.73730933504
 20
9286.509767737443
 10
10619.15078586724
 20
9285.493547317022
 10
10620.65842139597
 20
9284.623113538662
 10
10622.24523236199
 20
9283.907117164345
 10
10623.89544832505
 20
9283.352674087685
 10
10625.59266869748
 20
9282.965294613067
 10
10627.32002574074
 20
9282.748828691749
 10
10629.06035220447
 20
9282.705427659356
 10
10630.79635194241
 20
9282.835522854787
 10
10632.51077180922
 20
9283.13782133357
 10
10634.18657313002
 20
9283.609318717589
 10
10635.80710103841
 20
9284.245329054042
 10
10637.35625
 20
9285.039531386455
 10
10638.8186238764
 20
9285.984032575216
 10
10640.17968893904
 20
9287.069445743197
 10
10641.42591831182
 20
9288.2849835667
 10
10642.54492640738
 20
9289.618565484735
 10
10643.52559202049
 20
9291.056937761025
 10
10644.35816885574
 20
9292.585805205687
 10
10645.03438239047
 20
9294.189973247208
 10
10645.54751211077
 20
9295.853498942861
 10
10645.89245830296
 20
9297.559849426937
 10
10646.06579273679
 20
9299.29206622168
 10
10646.06579273679
 20
9301.032933778392
 10
10645.89245830296
 20
9302.765150573135
 10
10645.54751211077
 20
9304.471501057209
 10
10645.03438239047
 20
9306.13502675286
 10
10644.35816885574
 20
9307.739194794384
 10
10643.52559202049
 20
9309.268062239047
 10
10642.54492640738
 20
9310.706434515335
 10
10641.42591831182
 20
9312.040016433369
 10
10640.17968893904
 20
9313.255554256874
 10
10638.8186238764
 20
9314.340967424854
 10
10637.35625
 20
9315.285468613613
 10
10635.80710103841
 20
9316.079670946024
 10
10634.18657313002
 20
9316.715681282483
 10
10632.51077180922
 20
9317.187178666499
 10
10630.79635194241
 20
9317.489477145283
 10
10629.06035220447
 20
9317.619572340715
 10
10627.32002574074
 20
9317.576171308322
 10
10625.59266869748
 20
9317.359705387003
 10
10623.89544832505
 20
9316.972325912386
 10
10622.24523236199
 20
9316.417882835724
 10
10620.65842139597
 20
9315.701886461408
 10
10619.15078586724
 20
9314.83145268305
 10
10617.73730933504
 20
9313.815232262628
 10
10616.43203956417
 20
9312.663324855241
 10
10615.24794891203
 20
9311.387178634175
 10
10614.19680540351
 20
9309.99947651397
 10
10613.28905577502
 20
9308.514010101701
 10
10612.53372165021
 20
9306.945542629986
 10
10611.93830987895
 20
9305.309662233195
 10
10611.50873793094
 20
9303.622627025644
 10
10611.24927508518
 20
9301.901203521209
 10
10611.1625
 20
9300.162500000034
  0
TEXT
  5
181
330
17
100
AcDbEntity
  8
NESTED_RESULT
100
AcDbText
 10
10853.75416666666
 20
9474.475000000021
 30
0.0
 40
80.0
  1
515-D
 72
     1
 11
11027.0875
 21
9514.47500000002
 31
0.0
100
AcDbText
 73
     2
  0
LWPOLYLINE
  5
182
330
17
100
AcDbEntity
  8
NESTED_RESULT
100
AcDbPolyline
 90
        5
 70
     0
 43
0.0
 10
11854.175
 20
9203.325000000011
 10
11854.175
 20
9654.174999999987
 10
12505.05
 20
9654.174999999987
 10
12505.05
 20
9203.325000000011
 10
11854.175
 20
9203.325000000011
  0
TEXT
  5
183
330
17
100
AcDbEntity
  8
NESTED_RESULT
100
AcDbText
 10
11999.6125
 20
9388.749999999999
 30
0.0
 40
80.0
  1
406-B
 72
     1
 11
12179.6125
 21
9428.75
 31
0.0
100
AcDbText
 73
     2
  0
LWPOLYLINE
  5
184
330
17
100
AcDbEntity
  8
NESTED_RESULT
100
AcDbPolyline
 90
        5
 70
     0
 43
0.0
 10
10200.0
 20
8000.0
 10
10200.0
 20
8450.850000000006
 10
10847.69999999998
 20
8450.850000000006
 10
10847.69999999998
 20
8000.0
 10
10200.0
 20
8000.0
  0
TEXT
  5
185
330
17
100
AcDbEntity
  8
NESTED_RESULT
100
AcDbText
 10
10343.84999999999
 20
8185.425000000003
 30
0.0
 40
80.0
  1
504-B
 72
     1
 11
10523.84999999999
 21
8225.425000000003
 31
0.0
100
AcDbText
 73
     2
  0
LWPOLYLINE
  5
186
330
17
100
AcDbEntity
  8
NESTED_RESULT
100
AcDbPolyline
 90
        5
 70
     0
 43
0.0
 10
11495.39999999996
 20
8450.850000000006
 10
11495.39999999996
 20
8000.0
 10
10847.69999999998
 20
8000.0
 10
10847.69999999998
 20
8450.850000000006
 10
11495.39999999996
 20
8450.850000000006
  0
TEXT
  5
187
330
17
100
AcDbEntity
  8
NESTED_RESULT
100
AcDbText
 10
10991.54999999997
 20
8185.425000000003
 30
0.0
 40
80.0
  1
420-B
 72
     1
 11
11171.54999999997
 21
8225.425000000003
 31
0.0
100
AcDbText
 73
     2
  0
LWPOLYLINE
  5
188
330
17
100
AcDbEntity
  8
NESTED_RESULT
 62
     1
100
AcDbPolyline
 90
        5
 70
     0
 43
0.0
 10
13600.0
 20
8000.0
 10
16800.0
 20
8000.0
 10
16800.0
 20
9800.0
 10
13600.0
 20
9800.0
 10
13600.0
 20
8000.0
  0
TEXT
  5
189
330
17
100
AcDbEntity
  8
NESTED_RESULT
 62
     1
100
AcDbText
 10
13600.0
 20
9846.666666666667
 30
0.0
 40
50.0
  1
Sheet_29
 11
13600.0
 21
9830.0
 31
0.0
100
AcDbText
 73
     1
  0
LWPOLYLINE
  5
18A
330
17
100
AcDbEntity
  8
NESTED_RESULT
100
AcDbPolyline
 90
        5
 70
     0
 43
0.0
 10
13600.0
 20
9553.0
 10
15546.31324973759
 20
9553.0
 10
15546.31324973759
 20
8902.124999999999
 10
13600.0
 20
8902.124999999999
 10
13600.0
 20
9553.0
  0
LWPOLYLINE
  5
18B
330
17
100
AcDbEntity
  8
NESTED_RESULT
100
AcDbPolyline
 90
        5
 70
     0
 43
0.0
 10
14330.28774973759
 20
9445.049999999989
 10
14977.9877497376
 20
9445.049999999989
 10
14977.9877497376
 20
9051.350000000006
 10
14330.28774973759
 20
9051.350000000006
 10
14330.28774973759
 20
9445.049999999989
  0
LWPOLYLINE
  5
18C
330
17
100
AcDbEntity
  8
NESTED_RESULT
100
AcDbPolyline
 90
       64
 70
     0
 43
0.0
 10
14636.6752497376
 20
8995.787500000005
 10
14636.76202482277
 20
8994.048796478834
 10
14637.02148766853
 20
8992.327372974397
 10
14637.45105961655
 20
8990.640337766846
 10
14638.0464713878
 20
8989.004457370057
 10
14638.80180551262
 20
8987.435989898337
 10
14639.7095551411
 20
8985.950523486071
 10
14640.76069864962
 20
8984.562821365864
 10
14641.94478930176
 20
8983.286675144801
 10
14643.25005907264
 20
8982.134767737415
 10
14644.66353560484
 20
8981.118547316992
 10
14646.17117113356
 20
8980.248113538634
 10
14647.75798209958
 20
8979.532117164316
 10
14649.40819806265
 20
8978.977674087655
 10
14651.10541843508
 20
8978.590294613038
 10
14652.83277547834
 20
8978.37382869172
 10
14654.57310194206
 20
8978.330427659328
 10
14656.30910168
 20
8978.460522854758
 10
14658.02352154681
 20
8978.762821333541
 10
14659.69932286761
 20
8979.234318717557
 10
14661.31985077601
 20
8979.870329054014
 10
14662.86899973759
 20
8980.664531386429
 10
14664.33137361399
 20
8981.609032575187
 10
14665.69243867663
 20
8982.694445743168
 10
14666.93866804942
 20
8983.909983566672
 10
14668.05767614497
 20
8985.243565484706
 10
14669.03834175809
 20
8986.681937760994
 10
14669.87091859334
 20
8988.210805205659
 10
14670.54713212806
 20
8989.814973247179
 10
14671.06026184837
 20
8991.47849894283
 10
14671.40520804055
 20
8993.184849426908
 10
14671.57854247438
 20
8994.917066221651
 10
14671.57854247438
 20
8996.657933778363
 10
14671.40520804055
 20
8998.390150573106
 10
14671.06026184837
 20
9000.096501057182
 10
14670.54713212806
 20
9001.760026752831
 10
14669.87091859334
 20
9003.364194794356
 10
14669.03834175809
 20
9004.893062239018
 10
14668.05767614497
 20
9006.331434515304
 10
14666.93866804942
 20
9007.665016433341
 10
14665.69243867663
 20
9008.880554256846
 10
14664.33137361399
 20
9009.965967424825
 10
14662.86899973759
 20
9010.910468613584
 10
14661.31985077601
 20
9011.704670945995
 10
14659.69932286761
 20
9012.340681282454
 10
14658.02352154681
 20
9012.81217866647
 10
14656.30910168
 20
9013.114477145251
 10
14654.57310194206
 20
9013.244572340683
 10
14652.83277547834
 20
9013.20117130829
 10
14651.10541843508
 20
9012.984705386974
 10
14649.40819806265
 20
9012.597325912357
 10
14647.75798209958
 20
9012.042882835697
 10
14646.17117113356
 20
9011.326886461379
 10
14644.66353560484
 20
9010.456452683021
 10
14643.25005907264
 20
9009.440232262596
 10
14641.94478930176
 20
9008.288324855209
 10
14640.76069864962
 20
9007.012178634147
 10
14639.7095551411
 20
9005.624476513942
 10
14638.80180551262
 20
9004.139010101672
 10
14638.0464713878
 20
9002.570542629953
 10
14637.45105961655
 20
9000.934662233165
 10
14637.02148766853
 20
8999.247627025615
 10
14636.76202482277
 20
8997.526203521179
 10
14636.6752497376
 20
8995.787500000005
  0
TEXT
  5
18D
330
17
100
AcDbEntity
  8
NESTED_RESULT
100
AcDbText
 10
13770.42669446072
 20
9187.324912933382
 30
0.0
 40
80.0
  1
522-B
 72
     1
 11
13957.09336112739
 21
9227.324912933381
 31
0.0
100
AcDbText
 73
     2
  0
LWPOLYLINE
  5
18E
330
17
100
AcDbEntity
  8
NESTED_RESULT
100
AcDbPolyline
 90
        8
 70
     0
 43
0.0
 10
14250.875
 20
8901.699999999996
 10
13600.0
 20
8901.699999999996
 10
13600.0
 20
8000.0
 10
14901.75
 20
8000.0
 10
14901.75
 20
8650.875000000015
 10
14260.40000000002
 20
8650.875000000015
 10
14250.875
 20
8660.400000000008
 10
14250.875
 20
8901.699999999996
  0
TEXT
  5
18F
330
17
100
AcDbEntity
  8
NESTED_RESULT
100
AcDbText
 10
13804.23236083984
 20
8343.792077636718
 30
0.0
 40
80.0
  1
508-A
 72
     1
 11
13984.23236083984
 21
8383.792077636718
 31
0.0
100
AcDbText
 73
     2
  0
LWPOLYLINE
  5
190
330
17
100
AcDbEntity
  8
NESTED_RESULT
100
AcDbPolyline
 90
        8
 70
     0
 43
0.0
 10
16200.5
 20
8647.700000000012
 10
15559.14999999999
 20
8647.700000000012
 10
15549.625
 20
8657.225000000094
 10
15549.625
 20
8901.700000000012
 10
14901.92499999999
 20
8901.700000000012
 10
14901.92499999999
 20
8000.0
 10
16200.5
 20
8000.0
 10
16200.5
 20
8647.700000000012
  0
TEXT
  5
191
330
17
100
AcDbEntity
  8
NESTED_RESULT
100
AcDbText
 10
15110.61873575845
 20
8342.05342407227
 30
0.0
 40
80.0
  1
415-A
 72
     1
 11
15283.95206909179
 21
8382.053424072271
 31
0.0
100
AcDbText
 73
     2
  0
LWPOLYLINE
  5
192
330
17
100
AcDbEntity
  8
NESTED_RESULT
100
AcDbPolyline
 90
        8
 70
     0
 43
0.0
 10
16800.39999999991
 20
9304.75
 10
16213.0249999999
 20
9304.75
 10
16203.5
 20
9314.274999999994
 10
16203.5
 20
9555.574999999985
 10
15552.625
 20
9555.574999999985
 10
15552.625
 20
8653.875000000001
 10
16800.39999999991
 20
8653.875000000001
 10
16800.39999999991
 20
9304.75
  0
TEXT
  5
193
330
17
100
AcDbEntity
  8
NESTED_RESULT
100
AcDbText
 10
15770.10000203447
 20
8998.010467529292
 30
0.0
 40
80.0
  1
510-A
 72
     1
 11
15936.76666870114
 21
9038.010467529291
 31
0.0
100
AcDbText
 73
     2
  0
LWPOLYLINE
  5
194
330
17
100
AcDbEntity
  8
NESTED_RESULT
 62
     1
100
AcDbPolyline
 90
        5
 70
     0
 43
0.0
 10
17000.0
 20
8000.0
 10
20200.0
 20
8000.0
 10
20200.0
 20
9800.0
 10
17000.0
 20
9800.0
 10
17000.0
 20
8000.0
  0
TEXT
  5
195
330
17
100
AcDbEntity
  8
NESTED_RESULT
 62
     1
100
AcDbText
 10
17000.0
 20
9846.666666666667
 30
0.0
 40
50.0
  1
Sheet_30
 11
17000.0
 21
9830.0
 31
0.0
100
AcDbText
 73
     1
  0
LWPOLYLINE
  5
196
330
17
100
AcDbEntity
  8
NESTED_RESULT
100
AcDbPolyline
 90
        5
 70
     0
 43
0.0
 10
18941.513
 20
8901.700000000012
 10
17000.0
 20
8901.700000000012
 10
17000.0
 20
9549.399999999995
 10
18941.513
 20
9549.399999999995
 10
18941.513
 20
8901.700000000012
  0
LWPOLYLINE
  5
197
330
17
100
AcDbEntity
  8
NESTED_RESULT
100
AcDbPolyline
 90
        5
 70
     0
 43
0.0
 10
18204.913
 20
9403.350000000006
 10
18204.913
 20
9009.649999999995
 10
17557.21299999999
 20
9009.649999999995
 10
17557.21299999999
 20
9403.350000000006
 10
18204.913
 20
9403.350000000006
  0
LWPOLYLINE
  5
198
330
17
100
AcDbEntity
  8
NESTED_RESULT
100
AcDbPolyline
 90
       64
 70
     0
 43
0.0
 10
17898.52549999999
 20
9458.912500000007
 10
17898.4387249148
 20
9460.651203521178
 10
17898.17926206905
 20
9462.372627025615
 10
17897.74969012104
 20
9464.059662233163
 10
17897.15427834977
 20
9465.695542629953
 10
17896.39894422496
 20
9467.264010101674
 10
17895.49119459648
 20
9468.749476513941
 10
17894.44005108796
 20
9470.137178634148
 10
17893.25596043581
 20
9471.413324855211
 10
17891.95069066496
 20
9472.565232262596
 10
17890.53721413275
 20
9473.581452683022
 10
17889.02957860404
 20
9474.451886461379
 10
17887.44276763798
 20
9475.167882835696
 10
17885.79255167494
 20
9475.722325912355
 10
17884.09533130249
 20
9476.109705386974
 10
17882.36797425925
 20
9476.32617130829
 10
17880.62764779551
 20
9476.369572340685
 10
17878.89164805758
 20
9476.23947714525
 10
17877.17722819079
 20
9475.93717866647
 10
17875.50142686997
 20
9475.465681282456
 10
17873.88089896156
 20
9474.829670945995
 10
17872.33174999998
 20
9474.035468613584
 10
17870.86937612359
 20
9473.090967424825
 10
17869.50831106095
 20
9472.005554256844
 10
17868.26208168815
 20
9470.79001643334
 10
17867.14307359262
 20
9469.456434515306
 10
17866.16240797948
 20
9468.018062239018
 10
17865.32983114425
 20
9466.489194794354
 10
17864.65361760952
 20
9464.885026752833
 10
17864.1404878892
 20
9463.221501057182
 10
17863.79554169703
 20
9461.515150573104
 10
17863.62220726323
 20
9459.782933778361
 10
17863.62220726323
 20
9458.042066221651
 10
17863.79554169703
 20
9456.309849426908
 10
17864.1404878892
 20
9454.60349894283
 10
17864.65361760952
 20
9452.939973247179
 10
17865.32983114425
 20
9451.335805205657
 10
17866.16240797948
 20
9449.806937760994
 10
17867.14307359262
 20
9448.36856548471
 10
17868.26208168815
 20
9447.034983566673
 10
17869.50831106095
 20
9445.819445743167
 10
17870.86937612359
 20
9444.734032575189
 10
17872.33174999998
 20
9443.789531386428
 10
17873.88089896156
 20
9442.995329054014
 10
17875.50142686997
 20
9442.359318717555
 10
17877.17722819079
 20
9441.887821333539
 10
17878.89164805758
 20
9441.585522854758
 10
17880.62764779551
 20
9441.455427659326
 10
17882.36797425925
 20
9441.498828691718
 10
17884.09533130249
 20
9441.715294613036
 10
17885.79255167494
 20
9442.102674087657
 10
17887.44276763798
 20
9442.657117164317
 10
17889.02957860404
 20
9443.373113538632
 10
17890.53721413275
 20
9444.243547316991
 10
17891.95069066496
 20
9445.259767737415
 10
17893.25596043581
 20
9446.411675144801
 10
17894.44005108796
 20
9447.687821365864
 10
17895.49119459648
 20
9449.075523486071
 10
17896.39894422496
 20
9450.560989898336
 10
17897.15427834977
 20
9452.129457370059
 10
17897.74969012104
 20
9453.765337766849
 10
17898.17926206905
 20
9455.452372974397
 10
17898.4387249148
 20
9457.173796478834
 10
17898.52549999999
 20
9458.912500000007
  0
TEXT
  5
199
330
17
100
AcDbEntity
  8
NESTED_RESULT
100
AcDbText
 10
18387.73163155111
 20
9185.312998901371
 30
0.0
 40
80.0
  1
422-B
 72
     1
 11
18574.39829821777
 21
9225.312998901371
 31
0.0
100
AcDbText
 73
     2
  0
LWPOLYLINE
  5
19A
330
17
100
AcDbEntity
  8
NESTED_RESULT
100
AcDbPolyline
 90
        8
 70
     0
 43
0.0
 10
19549.7999999999
 20
8003.0
 10
20197.5
 20
8003.0
 10
20197.5
 20
9301.575000000012
 10
19295.7999999999
 20
9301.575000000012
 10
19295.7999999999
 20
8653.875000000001
 10
19540.2749999999
 20
8653.875000000001
 10
19549.7999999999
 20
8644.350000000006
 10
19549.7999999999
 20
8003.0
  0
TEXT
  5
19B
330
17
100
AcDbEntity
  8
NESTED_RESULT
100
AcDbText
 10
19642.11324259435
 20
8879.547930908211
 30
0.0
 40
80.0
  1
517-B
 72
     1
 11
19815.44657592768
 21
8919.547930908212
 31
0.0
100
AcDbText
 73
     2
  0
LWPOLYLINE
  5
19C
330
17
100
AcDbEntity
  8
NESTED_RESULT
100
AcDbPolyline
 90
        8
 70
     0
 43
0.0
 10
19546.35000000012
 20
8647.699999999998
 10
18905.00000000012
 20
8647.699999999998
 10
18895.47500000012
 20
8657.224999999991
 10
18895.47500000012
 20
8901.699999999996
 10
18247.77500000002
 20
8901.699999999996
 10
18247.77500000002
 20
8000.0
 10
19546.35000000012
 20
8000.0
 10
19546.35000000012
 20
8647.699999999998
  0
TEXT
  5
19D
330
17
100
AcDbEntity
  8
NESTED_RESULT
100
AcDbText
 10
18456.46873575851
 20
8342.053424072259
 30
0.0
 40
80.0
  1
515-A
 72
     1
 11
18629.80206909185
 21
8382.053424072259
 31
0.0
100
AcDbText
 73
     2
  0
LWPOLYLINE
  5
19E
330
17
100
AcDbEntity
  8
NESTED_RESULT
100
AcDbPolyline
 90
        8
 70
     0
 43
0.0
 10
17650.875
 20
8901.700000000012
 10
17000.0
 20
8901.700000000012
 10
17000.0
 20
8000.0
 10
18247.77500000002
 20
8000.0
 10
18247.77500000002
 20
8650.875
 10
17660.40000000002
 20
8650.875
 10
17650.875
 20
8660.399999999993
 10
17650.875
 20
8901.700000000012
  0
TEXT
  5
19F
330
17
100
AcDbEntity
  8
NESTED_RESULT
100
AcDbText
 10
17224.14166870118
 20
8344.135467529302
 30
0.0
 40
80.0
  1
511-A
 72
     1
 11
17384.14166870118
 21
8384.135467529301
 31
0.0
100
AcDbText
 73
     2
  0
LWPOLYLINE
  5
1A0
330
17
100
AcDbEntity
  8
NESTED_RESULT
 62
     1
100
AcDbPolyline
 90
        5
 70
     0
 43
0.0
 10
0.0
 20
10000.0
 10
3200.0
 20
10000.0
 10
3200.0
 20
11800.0
 10
0.0
 20
11800.0
 10
0.0
 20
10000.0
  0
TEXT
  5
1A1
330
17
100
AcDbEntity
  8
NESTED_RESULT
 62
     1
100
AcDbText
 10
0.000000000000001
 20
11846.66666666666
 30
0.0
 40
50.0
  1
Sheet_31
 11
0.0
 21
11830.0
 31
0.0
100
AcDbText
 73
     1
  0
LWPOLYLINE
  5
1A2
330
17
100
AcDbEntity
  8
NESTED_RESULT
100
AcDbPolyline
 90
        5
 70
     0
 43
0.0
 10
0.0
 20
10584.20000000001
 10
1674.812999999994
 20
10584.20000000001
 10
1674.812999999994
 20
10000.0
 10
0.0
 20
10000.0
 10
0.0
 20
10584.20000000001
  0
LWPOLYLINE
  5
1A3
330
17
100
AcDbEntity
  8
NESTED_RESULT
100
AcDbPolyline
 90
        9
 70
     0
 43
0.0
 10
231.7749999999942
 20
10419.1
 10
650.875
 20
10419.1
 10
663.5750000000116
 20
10406.39999999999
 10
663.5750000000116
 20
10139.70000000001
 10
650.875
 20
10127.0
 10
231.7749999999942
 20
10127.0
 10
219.0750000000116
 20
10139.70000000001
 10
219.0750000000116
 20
10406.39999999999
 10
231.7749999999942
 20
10419.1
  0
LWPOLYLINE
  5
1A4
330
17
100
AcDbEntity
  8
NESTED_RESULT
100
AcDbPolyline
 90
        9
 70
     0
 43
0.0
 10
1023.937999999994
 20
10419.1
 10
1443.038
 20
10419.1
 10
1455.738000000012
 20
10406.39999999999
 10
1455.738000000012
 20
10139.70000000001
 10
1443.038
 20
10127.0
 10
1023.937999999994
 20
10127.0
 10
1011.238000000012
 20
10139.70000000001
 10
1011.238000000012
 20
10406.39999999999
 10
1023.937999999994
 20
10419.1
  0
LWPOLYLINE
  5
1A5
330
17
100
AcDbEntity
  8
NESTED_RESULT
100
AcDbPolyline
 90
       64
 70
     0
 43
0.0
 10
458.7875000000058
 20
10487.36249999999
 10
458.7007249148155
 20
10489.10120352116
 10
458.4412620690708
 20
10490.82262702559
 10
458.0116901210567
 20
10492.50966223314
 10
457.4162783497885
 20
10494.14554262993
 10
456.6609442249755
 20
10495.71401010165
 10
455.753194596502
 20
10497.19947651392
 10
454.7020510879811
 20
10498.58717863413
 10
453.5179604358273
 20
10499.86332485519
 10
452.2126906649791
 20
10501.01523226258
 10
450.7992141327703
 20
10502.031452683
 10
449.2915786040539
 20
10502.90188646136
 10
447.7047676380024
 20
10503.61788283568
 10
446.0545516749553
 20
10504.17232591234
 10
444.3573313025116
 20
10504.55970538695
 10
442.6299742592673
 20
10504.77617130827
 10
440.8896477955277
 20
10504.81957234067
 10
439.1536480576032
 20
10504.68947714523
 10
437.4392281908076
 20
10504.38717866645
 10
435.7634268699911
 20
10503.91568128243
 10
434.1428989615815
 20
10503.27967094598
 10
432.59375
 20
10502.48546861356
 10
431.1313761236087
 20
10501.5409674248
 10
429.7703110609727
 20
10500.45555425682
 10
428.5240816881705
 20
10499.24001643332
 10
427.4050735926429
 20
10497.90643451528
 10
426.4244079795026
 20
10496.468062239
 10
425.5918311442655
 20
10494.93919479433
 10
424.9156176095421
 20
10493.33502675281
 10
424.4024878892232
 20
10491.67150105716
 10
424.0575416970532
 20
10489.96515057309
 10
423.8842072632396
 20
10488.23293377834
 10
423.8842072632396
 20
10486.49206622163
 10
424.0575416970532
 20
10484.75984942689
 10
424.4024878892232
 20
10483.05349894281
 10
424.9156176095421
 20
10481.38997324716
 10
425.5918311442655
 20
10479.78580520564
 10
426.4244079795026
 20
10478.25693776097
 10
427.4050735926429
 20
10476.81856548469
 10
428.5240816881705
 20
10475.48498356665
 10
429.7703110609727
 20
10474.26944574315
 10
431.1313761236087
 20
10473.18403257517
 10
432.59375
 20
10472.23953138641
 10
434.1428989615815
 20
10471.44532905399
 10
435.7634268699911
 20
10470.80931871754
 10
437.4392281908076
 20
10470.33782133352
 10
439.1536480576032
 20
10470.03552285474
 10
440.8896477955277
 20
10469.90542765931
 10
442.6299742592673
 20
10469.9488286917
 10
444.3573313025116
 20
10470.16529461302
 10
446.0545516749553
 20
10470.55267408764
 10
447.7047676380024
 20
10471.10711716429
 10
449.2915786040539
 20
10471.82311353861
 10
450.7992141327703
 20
10472.69354731697
 10
452.2126906649791
 20
10473.7097677374
 10
453.5179604358273
 20
10474.86167514478
 10
454.7020510879811
 20
10476.13782136584
 10
455.753194596502
 20
10477.52552348605
 10
456.6609442249755
 20
10479.01098989832
 10
457.4162783497885
 20
10480.57945737004
 10
458.0116901210567
 20
10482.21533776683
 10
458.4412620690708
 20
10483.90237297438
 10
458.7007249148155
 20
10485.62379647881
 10
458.7875000000058
 20
10487.36249999999
  0
LWPOLYLINE
  5
1A6
330
17
100
AcDbEntity
  8
NESTED_RESULT
100
AcDbPolyline
 90
       64
 70
     0
 43
0.0
 10
1250.950500000006
 20
10487.36249999999
 10
1250.863724914816
 20
10489.10120352116
 10
1250.604262069071
 20
10490.82262702559
 10
1250.174690121057
 20
10492.50966223314
 10
1249.579278349789
 20
10494.14554262993
 10
1248.823944224976
 20
10495.71401010165
 10
1247.916194596502
 20
10497.19947651392
 10
1246.865051087981
 20
10498.58717863413
 10
1245.680960435827
 20
10499.86332485519
 10
1244.375690664979
 20
10501.01523226258
 10
1242.962214132771
 20
10502.031452683
 10
1241.454578604054
 20
10502.90188646136
 10
1239.867767638003
 20
10503.61788283568
 10
1238.217551674956
 20
10504.17232591234
 10
1236.520331302512
 20
10504.55970538695
 10
1234.792974259268
 20
10504.77617130827
 10
1233.052647795528
 20
10504.81957234067
 10
1231.316648057603
 20
10504.68947714523
 10
1229.602228190808
 20
10504.38717866645
 10
1227.926426869991
 20
10503.91568128243
 10
1226.305898961582
 20
10503.27967094598
 10
1224.75675
 20
10502.48546861356
 10
1223.294376123609
 20
10501.5409674248
 10
1221.933311060973
 20
10500.45555425682
 10
1220.687081688171
 20
10499.24001643332
 10
1219.568073592643
 20
10497.90643451528
 10
1218.587407979503
 20
10496.468062239
 10
1217.754831144266
 20
10494.93919479433
 10
1217.078617609542
 20
10493.33502675281
 10
1216.565487889223
 20
10491.67150105716
 10
1216.220541697053
 20
10489.96515057309
 10
1216.04720726324
 20
10488.23293377834
 10
1216.04720726324
 20
10486.49206622163
 10
1216.220541697053
 20
10484.75984942689
 10
1216.565487889223
 20
10483.05349894281
 10
1217.078617609542
 20
10481.38997324716
 10
1217.754831144266
 20
10479.78580520564
 10
1218.587407979503
 20
10478.25693776097
 10
1219.568073592643
 20
10476.81856548469
 10
1220.687081688171
 20
10475.48498356665
 10
1221.933311060973
 20
10474.26944574315
 10
1223.294376123609
 20
10473.18403257517
 10
1224.75675
 20
10472.23953138641
 10
1226.305898961582
 20
10471.44532905399
 10
1227.926426869991
 20
10470.80931871754
 10
1229.602228190808
 20
10470.33782133352
 10
1231.316648057603
 20
10470.03552285474
 10
1233.052647795528
 20
10469.90542765931
 10
1234.792974259268
 20
10469.9488286917
 10
1236.520331302512
 20
10470.16529461302
 10
1238.217551674956
 20
10470.55267408764
 10
1239.867767638003
 20
10471.10711716429
 10
1241.454578604054
 20
10471.82311353861
 10
1242.962214132771
 20
10472.69354731697
 10
1244.375690664979
 20
10473.7097677374
 10
1245.680960435827
 20
10474.86167514478
 10
1246.865051087981
 20
10476.13782136584
 10
1247.916194596502
 20
10477.52552348605
 10
1248.823944224976
 20
10479.01098989832
 10
1249.579278349789
 20
10480.57945737004
 10
1250.174690121057
 20
10482.21533776683
 10
1250.604262069071
 20
10483.90237297438
 10
1250.863724914816
 20
10485.62379647881
 10
1250.950500000006
 20
10487.36249999999
  0
TEXT
  5
1A7
330
17
100
AcDbEntity
  8
NESTED_RESULT
100
AcDbText
 10
650.7398333333452
 20
10233.05
 30
0.0
 40
80.0
  1
422-E
 72
     1
 11
837.4065000000118
 21
10273.05
 31
0.0
100
AcDbText
 73
     2
  0
LWPOLYLINE
  5
1A8
330
17
100
AcDbEntity
  8
NESTED_RESULT
100
AcDbPolyline
 90
        5
 70
     0
 43
0.0
 10
1657.350000000006
 20
10584.20000000001
 10
0.0
 20
10584.20000000001
 10
0.0
 20
11168.40000000011
 10
1657.350000000006
 20
11168.40000000011
 10
1657.350000000006
 20
10584.20000000001
  0
LWPOLYLINE
  5
1A9
330
17
100
AcDbEntity
  8
NESTED_RESULT
100
AcDbPolyline
 90
        9
 70
     0
 43
0.0
 10
219.0749999999971
 20
11003.30000000002
 10
638.1750000000029
 20
11003.30000000002
 10
650.875
 20
10990.6
 10
650.875
 20
10723.90000000011
 10
638.1750000000029
 20
10711.20000000013
 10
219.0749999999971
 20
10711.20000000013
 10
206.375
 20
10723.90000000011
 10
206.375
 20
10990.6
 10
219.0749999999971
 20
11003.30000000002
  0
LWPOLYLINE
  5
1AA
330
17
100
AcDbEntity
  8
NESTED_RESULT
100
AcDbPolyline
 90
        9
 70
     0
 43
0.0
 10
1016.0
 20
11003.30000000002
 10
1435.100000000006
 20
11003.30000000002
 10
1447.800000000003
 20
10990.6
 10
1447.800000000003
 20
10723.90000000011
 10
1435.100000000006
 20
10711.20000000013
 10
1016.0
 20
10711.20000000013
 10
1003.300000000002
 20
10723.90000000011
 10
1003.300000000002
 20
10990.6
 10
1016.0
 20
11003.30000000002
  0
LWPOLYLINE
  5
1AB
330
17
100
AcDbEntity
  8
NESTED_RESULT
100
AcDbPolyline
 90
       64
 70
     0
 43
0.0
 10
446.0874999999941
 20
11071.56250000003
 10
446.0007249148183
 20
11073.3012035212
 10
445.7412620690592
 20
11075.02262702564
 10
445.3116901210451
 20
11076.70966223319
 10
444.7162783497915
 20
11078.34554262997
 10
443.9609442249785
 20
11079.91401010169
 10
443.0531945964903
 20
11081.39947651396
 10
442.0020510879695
 20
11082.78717863417
 10
440.8179604358301
 20
11084.06332485523
 10
439.5126906649529
 20
11085.21523226262
 10
438.0992141327587
 20
11086.23145268304
 10
436.5915786040278
 20
11087.1018864614
 10
435.0047676380054
 20
11087.81788283572
 10
433.3545516749436
 20
11088.37232591238
 10
431.6573313025146
 20
11088.759705387
 10
429.9299742592556
 20
11088.97617130831
 10
428.1896477955306
 20
11089.01957234071
 10
426.4536480575917
 20
11088.88947714527
 10
424.7392281907814
 20
11088.58717866649
 10
423.0634268699796
 20
11088.11568128247
 10
421.4428989615844
 20
11087.47967094602
 10
419.8937500000028
 20
11086.68546861361
 10
418.4313761235972
 20
11085.74096742485
 10
417.0703110609611
 20
11084.65555425687
 10
415.8240816881734
 20
11083.44001643336
 10
414.7050735926168
 20
11082.10643451532
 10
413.7244079795054
 20
11080.66806223904
 10
412.8918311442539
 20
11079.13919479438
 10
412.2156176095304
 20
11077.53502675285
 10
411.7024878892261
 20
11075.8715010572
 10
411.3575416970416
 20
11074.16515057312
 10
411.1842072632135
 20
11072.43293377838
 10
411.1842072632135
 20
11070.69206622167
 10
411.3575416970416
 20
11068.95984942693
 10
411.7024878892261
 20
11067.25349894285
 10
412.2156176095304
 20
11065.5899732472
 10
412.8918311442539
 20
11063.98580520568
 10
413.7244079795054
 20
11062.45693776101
 10
414.7050735926168
 20
11061.01856548473
 10
415.8240816881734
 20
11059.68498356669
 10
417.0703110609611
 20
11058.46944574319
 10
418.4313761235972
 20
11057.38403257521
 10
419.8937500000028
 20
11056.43953138645
 10
421.4428989615844
 20
11055.64532905404
 10
423.0634268699796
 20
11055.00931871758
 10
424.7392281907814
 20
11054.53782133356
 10
426.4536480575917
 20
11054.23552285478
 10
428.1896477955306
 20
11054.10542765935
 10
429.9299742592556
 20
11054.14882869174
 10
431.6573313025146
 20
11054.36529461306
 10
433.3545516749436
 20
11054.75267408768
 10
435.0047676380054
 20
11055.30711716434
 10
436.5915786040278
 20
11056.02311353865
 10
438.0992141327587
 20
11056.89354731701
 10
439.5126906649529
 20
11057.90976773744
 10
440.8179604358301
 20
11059.06167514482
 10
442.0020510879695
 20
11060.33782136589
 10
443.0531945964903
 20
11061.72552348609
 10
443.9609442249785
 20
11063.21098989836
 10
444.7162783497915
 20
11064.77945737008
 10
445.3116901210451
 20
11066.41533776687
 10
445.7412620690592
 20
11068.10237297442
 10
446.0007249148183
 20
11069.82379647885
 10
446.0874999999941
 20
11071.56250000003
  0
LWPOLYLINE
  5
1AC
330
17
100
AcDbEntity
  8
NESTED_RESULT
100
AcDbPolyline
 90
       64
 70
     0
 43
0.0
 10
1243.012499999997
 20
11071.56250000003
 10
1242.925724914821
 20
11073.3012035212
 10
1242.666262069062
 20
11075.02262702564
 10
1242.236690121048
 20
11076.70966223319
 10
1241.641278349794
 20
11078.34554262997
 10
1240.885944224981
 20
11079.91401010169
 10
1239.978194596493
 20
11081.39947651396
 10
1238.927051087972
 20
11082.78717863417
 10
1237.742960435833
 20
11084.06332485523
 10
1236.437690664956
 20
11085.21523226262
 10
1235.024214132761
 20
11086.23145268304
 10
1233.51657860403
 20
11087.1018864614
 10
1231.929767638008
 20
11087.81788283572
 10
1230.279551674946
 20
11088.37232591238
 10
1228.582331302517
 20
11088.759705387
 10
1226.854974259258
 20
11088.97617130831
 10
1225.114647795533
 20
11089.01957234071
 10
1223.378648057594
 20
11088.88947714527
 10
1221.664228190784
 20
11088.58717866649
 10
1219.988426869982
 20
11088.11568128247
 10
1218.367898961587
 20
11087.47967094602
 10
1216.818750000006
 20
11086.68546861361
 10
1215.3563761236
 20
11085.74096742485
 10
1213.995311060964
 20
11084.65555425687
 10
1212.749081688176
 20
11083.44001643336
 10
1211.630073592619
 20
11082.10643451532
 10
1210.649407979508
 20
11080.66806223904
 10
1209.816831144256
 20
11079.13919479438
 10
1209.140617609534
 20
11077.53502675285
 10
1208.627487889229
 20
11075.8715010572
 10
1208.282541697044
 20
11074.16515057312
 10
1208.109207263216
 20
11072.43293377838
 10
1208.109207263216
 20
11070.69206622167
 10
1208.282541697044
 20
11068.95984942693
 10
1208.627487889229
 20
11067.25349894285
 10
1209.140617609534
 20
11065.5899732472
 10
1209.816831144256
 20
11063.98580520568
 10
1210.649407979508
 20
11062.45693776101
 10
1211.630073592619
 20
11061.01856548473
 10
1212.749081688176
 20
11059.68498356669
 10
1213.995311060964
 20
11058.46944574319
 10
1215.3563761236
 20
11057.38403257521
 10
1216.818750000006
 20
11056.43953138645
 10
1218.367898961587
 20
11055.64532905404
 10
1219.988426869982
 20
11055.00931871758
 10
1221.664228190784
 20
11054.53782133356
 10
1223.378648057594
 20
11054.23552285478
 10
1225.114647795533
 20
11054.10542765935
 10
1226.854974259258
 20
11054.14882869174
 10
1228.582331302517
 20
11054.36529461306
 10
1230.279551674946
 20
11054.75267408768
 10
1231.929767638008
 20
11055.30711716434
 10
1233.51657860403
 20
11056.02311353865
 10
1235.024214132761
 20
11056.89354731701
 10
1236.437690664956
 20
11057.90976773744
 10
1237.742960435833
 20
11059.06167514482
 10
1238.927051087972
 20
11060.33782136589
 10
1239.978194596493
 20
11061.72552348609
 10
1240.885944224981
 20
11063.21098989836
 10
1241.641278349794
 20
11064.77945737008
 10
1242.236690121048
 20
11066.41533776687
 10
1242.666262069062
 20
11068.10237297442
 10
1242.925724914821
 20
11069.82379647885
 10
1243.012499999997
 20
11071.56250000003
  0
TEXT
  5
1AD
330
17
100
AcDbEntity
  8
NESTED_RESULT
100
AcDbText
 10
653.7541666666681
 20
10817.25000000006
 30
0.0
 40
80.0
  1
518-D
 72
     1
 11
827.0875000000016
 21
10857.25000000006
 31
0.0
100
AcDbText
 73
     2
  0
LWPOLYLINE
  5
1AE
330
17
100
AcDbEntity
  8
NESTED_RESULT
100
AcDbPolyline
 90
        5
 70
     0
 43
0.0
 10
1654.175000000003
 20
11168.40000000011
 10
0.0
 20
11168.40000000011
 10
0.0
 20
11752.60000000021
 10
1654.175000000003
 20
11752.60000000021
 10
1654.175000000003
 20
11168.40000000011
  0
LWPOLYLINE
  5
1AF
330
17
100
AcDbEntity
  8
NESTED_RESULT
100
AcDbPolyline
 90
        9
 70
     0
 43
0.0
 10
219.0749999999971
 20
11587.50000000009
 10
638.1750000000029
 20
11587.50000000009
 10
650.875
 20
11574.8000000001
 10
650.875
 20
11308.10000000009
 10
638.1750000000029
 20
11295.40000000011
 10
219.0749999999971
 20
11295.40000000011
 10
206.375
 20
11308.10000000009
 10
206.375
 20
11574.8000000001
 10
219.0749999999971
 20
11587.50000000009
  0
LWPOLYLINE
  5
1B0
330
17
100
AcDbEntity
  8
NESTED_RESULT
100
AcDbPolyline
 90
        9
 70
     0
 43
0.0
 10
1016.0
 20
11587.50000000009
 10
1435.100000000006
 20
11587.50000000009
 10
1447.800000000003
 20
11574.8000000001
 10
1447.800000000003
 20
11308.10000000009
 10
1435.100000000006
 20
11295.40000000011
 10
1016.0
 20
11295.40000000011
 10
1003.300000000002
 20
11308.10000000009
 10
1003.300000000002
 20
11574.8000000001
 10
1016.0
 20
11587.50000000009
  0
LWPOLYLINE
  5
1B1
330
17
100
AcDbEntity
  8
NESTED_RESULT
100
AcDbPolyline
 90
       64
 70
     0
 43
0.0
 10
446.0874999999941
 20
11655.7625000001
 10
446.0007249148183
 20
11657.50120352127
 10
445.7412620690592
 20
11659.22262702571
 10
445.3116901210451
 20
11660.90966223325
 10
444.7162783497915
 20
11662.54554263005
 10
443.9609442249785
 20
11664.11401010176
 10
443.0531945964903
 20
11665.59947651403
 10
442.0020510879695
 20
11666.98717863424
 10
440.8179604358301
 20
11668.2633248553
 10
439.5126906649529
 20
11669.41523226269
 10
438.0992141327587
 20
11670.43145268311
 10
436.5915786040278
 20
11671.30188646147
 10
435.0047676380054
 20
11672.01788283579
 10
433.3545516749436
 20
11672.57232591245
 10
431.6573313025146
 20
11672.95970538706
 10
429.9299742592556
 20
11673.17617130838
 10
428.1896477955306
 20
11673.21957234078
 10
426.4536480575917
 20
11673.08947714534
 10
424.7392281907814
 20
11672.78717866656
 10
423.0634268699796
 20
11672.31568128255
 10
421.4428989615844
 20
11671.67967094609
 10
419.8937500000028
 20
11670.88546861367
 10
418.4313761235972
 20
11669.94096742491
 10
417.0703110609611
 20
11668.85555425693
 10
415.8240816881734
 20
11667.64001643343
 10
414.7050735926168
 20
11666.3064345154
 10
413.7244079795054
 20
11664.86806223911
 10
412.8918311442539
 20
11663.33919479445
 10
412.2156176095304
 20
11661.73502675292
 10
411.7024878892261
 20
11660.07150105727
 10
411.3575416970416
 20
11658.36515057319
 10
411.1842072632135
 20
11656.63293377845
 10
411.1842072632135
 20
11654.89206622174
 10
411.3575416970416
 20
11653.159849427
 10
411.7024878892261
 20
11651.45349894292
 10
412.2156176095304
 20
11649.78997324727
 10
412.8918311442539
 20
11648.18580520575
 10
413.7244079795054
 20
11646.65693776109
 10
414.7050735926168
 20
11645.2185654848
 10
415.8240816881734
 20
11643.88498356676
 10
417.0703110609611
 20
11642.66944574326
 10
418.4313761235972
 20
11641.58403257528
 10
419.8937500000028
 20
11640.63953138652
 10
421.4428989615844
 20
11639.84532905411
 10
423.0634268699796
 20
11639.20931871765
 10
424.7392281907814
 20
11638.73782133363
 10
426.4536480575917
 20
11638.43552285485
 10
428.1896477955306
 20
11638.30542765942
 10
429.9299742592556
 20
11638.34882869182
 10
431.6573313025146
 20
11638.56529461313
 10
433.3545516749436
 20
11638.95267408775
 10
435.0047676380054
 20
11639.50711716441
 10
436.5915786040278
 20
11640.22311353873
 10
438.0992141327587
 20
11641.09354731708
 10
439.5126906649529
 20
11642.1097677375
 10
440.8179604358301
 20
11643.26167514489
 10
442.0020510879695
 20
11644.53782136595
 10
443.0531945964903
 20
11645.92552348616
 10
443.9609442249785
 20
11647.41098989843
 10
444.7162783497915
 20
11648.97945737015
 10
445.3116901210451
 20
11650.61533776694
 10
445.7412620690592
 20
11652.30237297449
 10
446.0007249148183
 20
11654.02379647893
 10
446.0874999999941
 20
11655.7625000001
  0
LWPOLYLINE
  5
1B2
330
17
100
AcDbEntity
  8
NESTED_RESULT
100
AcDbPolyline
 90
       64
 70
     0
 43
0.0
 10
1243.012499999997
 20
11655.7625000001
 10
1242.925724914821
 20
11657.50120352127
 10
1242.666262069062
 20
11659.22262702571
 10
1242.236690121048
 20
11660.90966223325
 10
1241.641278349794
 20
11662.54554263005
 10
1240.885944224981
 20
11664.11401010176
 10
1239.978194596493
 20
11665.59947651403
 10
1238.927051087972
 20
11666.98717863424
 10
1237.742960435833
 20
11668.2633248553
 10
1236.437690664956
 20
11669.41523226269
 10
1235.024214132761
 20
11670.43145268311
 10
1233.51657860403
 20
11671.30188646147
 10
1231.929767638008
 20
11672.01788283579
 10
1230.279551674946
 20
11672.57232591245
 10
1228.582331302517
 20
11672.95970538706
 10
1226.854974259258
 20
11673.17617130838
 10
1225.114647795533
 20
11673.21957234078
 10
1223.378648057594
 20
11673.08947714534
 10
1221.664228190784
 20
11672.78717866656
 10
1219.988426869982
 20
11672.31568128255
 10
1218.367898961587
 20
11671.67967094609
 10
1216.818750000006
 20
11670.88546861367
 10
1215.3563761236
 20
11669.94096742491
 10
1213.995311060964
 20
11668.85555425693
 10
1212.749081688176
 20
11667.64001643343
 10
1211.630073592619
 20
11666.3064345154
 10
1210.649407979508
 20
11664.86806223911
 10
1209.816831144256
 20
11663.33919479445
 10
1209.140617609534
 20
11661.73502675292
 10
1208.627487889229
 20
11660.07150105727
 10
1208.282541697044
 20
11658.36515057319
 10
1208.109207263216
 20
11656.63293377845
 10
1208.109207263216
 20
11654.89206622174
 10
1208.282541697044
 20
11653.159849427
 10
1208.627487889229
 20
11651.45349894292
 10
1209.140617609534
 20
11649.78997324727
 10
1209.816831144256
 20
11648.18580520575
 10
1210.649407979508
 20
11646.65693776109
 10
1211.630073592619
 20
11645.2185654848
 10
1212.749081688176
 20
11643.88498356676
 10
1213.995311060964
 20
11642.66944574326
 10
1215.3563761236
 20
11641.58403257528
 10
1216.818750000006
 20
11640.63953138652
 10
1218.367898961587
 20
11639.84532905411
 10
1219.988426869982
 20
11639.20931871765
 10
1221.664228190784
 20
11638.73782133363
 10
1223.378648057594
 20
11638.43552285485
 10
1225.114647795533
 20
11638.30542765942
 10
1226.854974259258
 20
11638.34882869182
 10
1228.582331302517
 20
11638.56529461313
 10
1230.279551674946
 20
11638.95267408775
 10
1231.929767638008
 20
11639.50711716441
 10
1233.51657860403
 20
11640.22311353873
 10
1235.024214132761
 20
11641.09354731708
 10
1236.437690664956
 20
11642.1097677375
 10
1237.742960435833
 20
11643.26167514489
 10
1238.927051087972
 20
11644.53782136595
 10
1239.978194596493
 20
11645.92552348616
 10
1240.885944224981
 20
11647.41098989843
 10
1241.641278349794
 20
11648.97945737015
 10
1242.236690121048
 20
11650.61533776694
 10
1242.666262069062
 20
11652.30237297449
 10
1242.925724914821
 20
11654.02379647893
 10
1243.012499999997
 20
11655.7625000001
  0
TEXT
  5
1B3
330
17
100
AcDbEntity
  8
NESTED_RESULT
100
AcDbText
 10
653.7541666666681
 20
11401.4500000001
 30
0.0
 40
80.0
  1
415-D
 72
     1
 11
827.0875000000016
 21
11441.4500000001
 31
0.0
100
AcDbText
 73
     2
  0
LWPOLYLINE
  5
1B4
330
17
100
AcDbEntity
  8
NESTED_RESULT
100
AcDbPolyline
 90
        5
 70
     0
 43
0.0
 10
1654.350000000006
 20
11755.77500000008
 10
3124.374999999913
 20
11755.77500000008
 10
3124.374999999913
 20
11171.57499999998
 10
1654.350000000006
 20
11171.57499999998
 10
1654.350000000006
 20
11755.77500000008
  0
LWPOLYLINE
  5
1B5
330
17
100
AcDbEntity
  8
NESTED_RESULT
100
AcDbPolyline
 90
        9
 70
     0
 43
0.0
 10
2578.275000000024
 20
11590.67500000007
 10
2997.374999999913
 20
11590.67500000007
 10
3010.074999999925
 20
11577.97500000006
 10
3010.074999999925
 20
11311.27500000008
 10
2997.374999999913
 20
11298.57499999998
 10
2578.275000000024
 20
11298.57499999998
 10
2565.575000000012
 20
11311.27500000008
 10
2565.575000000012
 20
11577.97500000006
 10
2578.275000000024
 20
11590.67500000007
  0
LWPOLYLINE
  5
1B6
330
17
100
AcDbEntity
  8
NESTED_RESULT
100
AcDbPolyline
 90
       64
 70
     0
 43
0.0
 10
2805.287499999918
 20
11658.93749999997
 10
2805.200724914728
 20
11660.67620352114
 10
2804.941262068984
 20
11662.39762702558
 10
2804.51169012097
 20
11664.08466223313
 10
2803.916278349701
 20
11665.72054262992
 10
2803.160944224888
 20
11667.28901010164
 10
2802.253194596415
 20
11668.77447651391
 10
2801.202051087895
 20
11670.16217863411
 10
2800.01796043574
 20
11671.43832485517
 10
2798.712690664892
 20
11672.59023226256
 10
2797.299214132683
 20
11673.60645268299
 10
2795.791578603967
 20
11674.47688646134
 10
2794.204767637916
 20
11675.19288283566
 10
2792.554551674868
 20
11675.74732591232
 10
2790.857331302424
 20
11676.13470538694
 10
2789.129974259181
 20
11676.35117130825
 10
2787.389647795441
 20
11676.39457234065
 10
2785.653648057516
 20
11676.26447714521
 10
2783.939228190721
 20
11675.96217866643
 10
2782.263426869905
 20
11675.49068128242
 10
2780.642898961494
 20
11674.85467094596
 10
2779.093749999913
 20
11674.06046861354
 10
2777.631376123521
 20
11673.11596742479
 10
2776.270311060885
 20
11672.03055425681
 10
2775.024081688083
 20
11670.8150164333
 10
2773.905073592557
 20
11669.48143451527
 10
2772.924407979415
 20
11668.04306223898
 10
2772.091831144178
 20
11666.51419479432
 10
2771.415617609455
 20
11664.91002675279
 10
2770.902487889136
 20
11663.24650105715
 10
2770.557541696966
 20
11661.54015057307
 10
2770.384207263152
 20
11659.80793377833
 10
2770.384207263152
 20
11658.06706622161
 10
2770.557541696966
 20
11656.33484942687
 10
2770.902487889136
 20
11654.62849894279
 10
2771.415617609455
 20
11652.96497324714
 10
2772.091831144178
 20
11651.36080520562
 10
2772.924407979415
 20
11649.83193776096
 10
2773.905073592557
 20
11648.39356548467
 10
2775.024081688083
 20
11647.05998356663
 10
2776.270311060885
 20
11645.84444574313
 10
2777.631376123521
 20
11644.75903257515
 10
2779.093749999913
 20
11643.81453138639
 10
2780.642898961494
 20
11643.02032905398
 10
2782.263426869905
 20
11642.38431871752
 10
2783.939228190721
 20
11641.9128213335
 10
2785.653648057516
 20
11641.61052285472
 10
2787.389647795441
 20
11641.48042765929
 10
2789.129974259181
 20
11641.52382869168
 10
2790.857331302424
 20
11641.740294613
 10
2792.554551674868
 20
11642.12767408762
 10
2794.204767637916
 20
11642.68211716428
 10
2795.791578603967
 20
11643.3981135386
 10
2797.299214132683
 20
11644.26854731695
 10
2798.712690664892
 20
11645.28476773738
 10
2800.01796043574
 20
11646.43667514477
 10
2801.202051087895
 20
11647.71282136582
 10
2802.253194596415
 20
11649.10052348603
 10
2803.160944224888
 20
11650.5859898983
 10
2803.916278349701
 20
11652.15445737002
 10
2804.51169012097
 20
11653.79033776681
 10
2804.941262068984
 20
11655.47737297436
 10
2805.200724914728
 20
11657.1987964788
 10
2805.287499999918
 20
11658.93749999997
  0
TEXT
  5
1B7
330
17
100
AcDbEntity
  8
NESTED_RESULT
100
AcDbText
 10
1973.749362182591
 20
11423.4955535889
 30
0.0
 40
80.0
  1
402-D
 72
     1
 11
2153.749362182591
 21
11463.4955535889
 31
0.0
100
AcDbText
 73
     2
  0
LWPOLYLINE
  5
1B8
330
17
100
AcDbEntity
  8
NESTED_RESULT
100
AcDbPolyline
 90
        5
 70
     0
 43
0.0
 10
1674.850000000005
 20
10000.0
 10
3129.0
 20
10000.0
 10
3129.0
 20
10587.375
 10
1674.850000000005
 20
10587.375
 10
1674.850000000005
 20
10000.0
  0
LWPOLYLINE
  5
1B9
330
17
100
AcDbEntity
  8
NESTED_RESULT
100
AcDbPolyline
 90
        9
 70
     0
 43
0.0
 10
2595.600000000006
 20
10419.09999999999
 10
3014.700000000012
 20
10419.09999999999
 10
3027.399999999994
 20
10406.39999999999
 10
3027.399999999994
 20
10139.7
 10
3014.700000000012
 20
10127.0
 10
2595.600000000006
 20
10127.0
 10
2582.899999999994
 20
10139.7
 10
2582.899999999994
 20
10406.39999999999
 10
2595.600000000006
 20
10419.09999999999
  0
LWPOLYLINE
  5
1BA
330
17
100
AcDbEntity
  8
NESTED_RESULT
100
AcDbPolyline
 90
       64
 70
     0
 43
0.0
 10
2822.612499999988
 20
10487.3625
 10
2822.525724914798
 20
10489.10120352117
 10
2822.266262069053
 20
10490.82262702563
 10
2821.83669012104
 20
10492.50966223314
 10
2821.241278349771
 20
10494.14554262995
 10
2820.485944224958
 20
10495.71401010168
 10
2819.578194596484
 20
10497.19947651394
 10
2818.527051087964
 20
10498.58717863416
 10
2817.34296043581
 20
10499.8633248552
 10
2816.037690664962
 20
10501.01523226259
 10
2814.624214132754
 20
10502.03145268302
 10
2813.116578604036
 20
10502.90188646137
 10
2811.529767637985
 20
10503.6178828357
 10
2809.879551674938
 20
10504.17232591237
 10
2808.182331302495
 20
10504.55970538697
 10
2806.45497425925
 20
10504.77617130827
 10
2804.71464779551
 20
10504.81957234069
 10
2802.978648057587
 20
10504.68947714526
 10
2801.26422819079
 20
10504.38717866648
 10
2799.588426869974
 20
10503.91568128245
 10
2797.967898961564
 20
10503.27967094599
 10
2796.418749999982
 20
10502.4854686136
 10
2794.956376123592
 20
10501.54096742482
 10
2793.595311060955
 20
10500.45555425682
 10
2792.349081688153
 20
10499.24001643332
 10
2791.230073592626
 20
10497.90643451531
 10
2790.249407979485
 20
10496.46806223901
 10
2789.416831144248
 20
10494.93919479433
 10
2788.740617609525
 20
10493.33502675283
 10
2788.227487889206
 20
10491.67150105716
 10
2787.882541697036
 20
10489.9651505731
 10
2787.709207263223
 20
10488.23293377836
 10
2787.709207263223
 20
10486.49206622164
 10
2787.882541697036
 20
10484.7598494269
 10
2788.227487889206
 20
10483.05349894284
 10
2788.740617609525
 20
10481.38997324717
 10
2789.416831144248
 20
10479.78580520567
 10
2790.249407979485
 20
10478.25693776099
 10
2791.230073592626
 20
10476.81856548469
 10
2792.349081688153
 20
10475.48498356668
 10
2793.595311060955
 20
10474.26944574318
 10
2794.956376123592
 20
10473.18403257518
 10
2796.418749999982
 20
10472.23953138641
 10
2797.967898961564
 20
10471.44532905401
 10
2799.588426869974
 20
10470.80931871755
 10
2801.26422819079
 20
10470.33782133352
 10
2802.978648057587
 20
10470.03552285474
 10
2804.71464779551
 20
10469.90542765931
 10
2806.45497425925
 20
10469.94882869173
 10
2808.182331302495
 20
10470.16529461303
 10
2809.879551674938
 20
10470.55267408764
 10
2811.529767637985
 20
10471.10711716429
 10
2813.116578604036
 20
10471.82311353863
 10
2814.624214132754
 20
10472.69354731699
 10
2816.037690664962
 20
10473.70976773741
 10
2817.34296043581
 20
10474.8616751448
 10
2818.527051087964
 20
10476.13782136584
 10
2819.578194596484
 20
10477.52552348607
 10
2820.485944224958
 20
10479.01098989832
 10
2821.241278349771
 20
10480.57945737006
 10
2821.83669012104
 20
10482.21533776686
 10
2822.266262069053
 20
10483.90237297438
 10
2822.525724914798
 20
10485.62379647883
 10
2822.612499999988
 20
10487.3625
  0
TEXT
  5
1BB
330
17
100
AcDbEntity
  8
NESTED_RESULT
100
AcDbText
 10
1976.785699462894
 20
10253.50999145507
 30
0.0
 40
80.0
  1
503-D
 72
     1
 11
2156.785699462894
 21
10293.50999145507
 31
0.0
100
AcDbText
 73
     2
  0
LWPOLYLINE
  5
1BC
330
17
100
AcDbEntity
  8
NESTED_RESULT
100
AcDbPolyline
 90
        5
 70
     0
 43
0.0
 10
3114.675000000017
 20
10587.375
 10
1657.350000000006
 20
10587.375
 10
1657.350000000006
 20
11171.57499999998
 10
3114.675000000017
 20
11171.57499999998
 10
3114.675000000017
 20
10587.375
  0
LWPOLYLINE
  5
1BD
330
17
100
AcDbEntity
  8
NESTED_RESULT
100
AcDbPolyline
 90
        9
 70
     0
 43
0.0
 10
1778.000000000029
 20
11006.47499999997
 10
2197.100000000006
 20
11006.47499999997
 10
2209.800000000018
 20
10993.77499999999
 10
2209.800000000018
 20
10727.07499999998
 10
2197.100000000006
 20
10714.375
 10
1778.000000000029
 20
10714.375
 10
1765.300000000017
 20
10727.07499999998
 10
1765.300000000017
 20
10993.77499999999
 10
1778.000000000029
 20
11006.47499999997
  0
LWPOLYLINE
  5
1BE
330
17
100
AcDbEntity
  8
NESTED_RESULT
100
AcDbPolyline
 90
       64
 70
     0
 43
0.0
 10
2005.012500000012
 20
11074.73749999999
 10
2004.925724914821
 20
11076.47620352116
 10
2004.666262069077
 20
11078.1976270256
 10
2004.236690121063
 20
11079.88466223315
 10
2003.641278349795
 20
11081.52054262993
 10
2002.885944224981
 20
11083.08901010165
 10
2001.978194596508
 20
11084.57447651392
 10
2000.927051087987
 20
11085.96217863413
 10
1999.742960435833
 20
11087.23832485519
 10
1998.437690664985
 20
11088.39023226258
 10
1997.024214132776
 20
11089.406452683
 10
1995.51657860406
 20
11090.27688646136
 10
1993.929767638008
 20
11090.99288283568
 10
1992.279551674961
 20
11091.54732591234
 10
1990.582331302517
 20
11091.93470538695
 10
1988.854974259272
 20
11092.15117130827
 10
1987.114647795533
 20
11092.19457234067
 10
1985.378648057609
 20
11092.06447714524
 10
1983.664228190813
 20
11091.76217866645
 10
1981.988426869997
 20
11091.29068128243
 10
1980.367898961587
 20
11090.65467094598
 10
1978.818750000005
 20
11089.86046861357
 10
1977.356376123615
 20
11088.91596742481
 10
1975.995311060978
 20
11087.83055425683
 10
1974.749081688176
 20
11086.61501643332
 10
1973.630073592649
 20
11085.28143451529
 10
1972.649407979508
 20
11083.843062239
 10
1971.816831144272
 20
11082.31419479434
 10
1971.140617609548
 20
11080.71002675281
 10
1970.627487889229
 20
11079.04650105716
 10
1970.282541697059
 20
11077.34015057309
 10
1970.109207263245
 20
11075.60793377834
 10
1970.109207263245
 20
11073.86706622163
 10
1970.282541697059
 20
11072.13484942689
 10
1970.627487889229
 20
11070.42849894281
 10
1971.140617609548
 20
11068.76497324716
 10
1971.816831144272
 20
11067.16080520564
 10
1972.649407979508
 20
11065.63193776097
 10
1973.630073592649
 20
11064.19356548469
 10
1974.749081688176
 20
11062.85998356665
 10
1975.995311060978
 20
11061.64444574315
 10
1977.356376123615
 20
11060.55903257517
 10
1978.818750000005
 20
11059.61453138641
 10
1980.367898961587
 20
11058.82032905399
 10
1981.988426869997
 20
11058.18431871754
 10
1983.664228190813
 20
11057.71282133352
 10
1985.378648057609
 20
11057.41052285474
 10
1987.114647795533
 20
11057.28042765931
 10
1988.854974259272
 20
11057.3238286917
 10
1990.582331302517
 20
11057.54029461302
 10
1992.279551674961
 20
11057.92767408764
 10
1993.929767638008
 20
11058.48211716429
 10
1995.51657860406
 20
11059.19811353861
 10
1997.024214132776
 20
11060.06854731697
 10
1998.437690664985
 20
11061.08476773739
 10
1999.742960435833
 20
11062.23667514478
 10
2000.927051087987
 20
11063.51282136584
 10
2001.978194596508
 20
11064.90052348605
 10
2002.885944224981
 20
11066.38598989832
 10
2003.641278349795
 20
11067.95445737004
 10
2004.236690121063
 20
11069.59033776683
 10
2004.666262069077
 20
11071.27737297438
 10
2004.925724914821
 20
11072.99879647881
 10
2005.012500000012
 20
11074.73749999999
  0
TEXT
  5
1BF
330
17
100
AcDbEntity
  8
NESTED_RESULT
100
AcDbText
 10
2571.139844767268
 20
10839.29710388182
 30
0.0
 40
80.0
  1
521-D
 72
     1
 11
2744.473178100601
 21
10879.29710388182
 31
0.0
100
AcDbText
 73
     2
  0
LWPOLYLINE
  5
1C0
330
17
100
AcDbEntity
  8
NESTED_RESULT
 62
     1
100
AcDbPolyline
 90
        5
 70
     0
 43
0.0
 10
3400.0
 20
10000.0
 10
6600.0
 20
10000.0
 10
6600.0
 20
11800.0
 10
3400.0
 20
11800.0
 10
3400.0
 20
10000.0
  0
TEXT
  5
1C1
330
17
100
AcDbEntity
  8
NESTED_RESULT
 62
     1
100
AcDbText
 10
3400.0
 20
11846.66666666666
 30
0.0
 40
50.0
  1
Sheet_32
 11
3400.0
 21
11830.0
 31
0.0
100
AcDbText
 73
     1
  0
LWPOLYLINE
  5
1C2
330
17
100
AcDbEntity
  8
NESTED_RESULT
100
AcDbPolyline
 90
        5
 70
     0
 43
0.0
 10
5219.274999999994
 20
10902.125
 10
3400.0
 20
10902.125
 10
3400.0
 20
11553.0
 10
5219.274999999994
 20
11553.0
 10
5219.274999999994
 20
10902.125
  0
LWPOLYLINE
  5
1C3
330
17
100
AcDbEntity
  8
NESTED_RESULT
100
AcDbPolyline
 90
        5
 70
     0
 43
0.0
 10
4112.786999999982
 20
11403.77499999999
 10
4760.486999999994
 20
11403.77499999999
 10
4760.486999999994
 20
11010.07500000001
 10
4112.786999999982
 20
11010.07500000001
 10
4112.786999999982
 20
11403.77499999999
  0
LWPOLYLINE
  5
1C4
330
17
100
AcDbEntity
  8
NESTED_RESULT
100
AcDbPolyline
 90
       64
 70
     0
 43
0.0
 10
4454.099499999983
 20
11459.33749999999
 10
4454.012724914792
 20
11461.07620352116
 10
4453.753262069047
 20
11462.7976270256
 10
4453.323690121033
 20
11464.48466223315
 10
4452.728278349765
 20
11466.12054262994
 10
4451.972944224952
 20
11467.68901010166
 10
4451.065194596478
 20
11469.17447651393
 10
4450.014051087957
 20
11470.56217863413
 10
4448.829960435803
 20
11471.8383248552
 10
4447.524690664955
 20
11472.99023226258
 10
4446.111214132748
 20
11474.00645268301
 10
4444.603578604029
 20
11474.87688646136
 10
4443.016767637979
 20
11475.59288283568
 10
4441.366551674932
 20
11476.14732591234
 10
4439.669331302488
 20
11476.53470538696
 10
4437.941974259244
 20
11476.75117130828
 10
4436.201647795503
 20
11476.79457234067
 10
4434.465648057579
 20
11476.66447714524
 10
4432.751228190784
 20
11476.36217866646
 10
4431.075426869968
 20
11475.89068128244
 10
4429.454898961558
 20
11475.25467094598
 10
4427.905749999976
 20
11474.46046861357
 10
4426.443376123585
 20
11473.51596742481
 10
4425.082311060949
 20
11472.43055425683
 10
4423.836081688146
 20
11471.21501643332
 10
4422.717073592619
 20
11469.88143451529
 10
4421.736407979479
 20
11468.443062239
 10
4420.903831144242
 20
11466.91419479434
 10
4420.227617609517
 20
11465.31002675282
 10
4419.7144878892
 20
11463.64650105717
 10
4419.369541697029
 20
11461.94015057309
 10
4419.196207263215
 20
11460.20793377835
 10
4419.196207263215
 20
11458.46706622164
 10
4419.369541697029
 20
11456.73484942689
 10
4419.7144878892
 20
11455.02849894282
 10
4420.227617609517
 20
11453.36497324717
 10
4420.903831144242
 20
11451.76080520565
 10
4421.736407979479
 20
11450.23193776098
 10
4422.717073592619
 20
11448.79356548469
 10
4423.836081688146
 20
11447.45998356666
 10
4425.082311060949
 20
11446.24444574316
 10
4426.443376123585
 20
11445.15903257517
 10
4427.905749999976
 20
11444.21453138641
 10
4429.454898961558
 20
11443.420329054
 10
4431.075426869968
 20
11442.78431871754
 10
4432.751228190784
 20
11442.31282133353
 10
4434.465648057579
 20
11442.01052285475
 10
4436.201647795503
 20
11441.88042765931
 10
4437.941974259244
 20
11441.92382869171
 10
4439.669331302488
 20
11442.14029461302
 10
4441.366551674932
 20
11442.52767408764
 10
4443.016767637979
 20
11443.0821171643
 10
4444.603578604029
 20
11443.79811353862
 10
4446.111214132748
 20
11444.66854731698
 10
4447.524690664955
 20
11445.6847677374
 10
4448.829960435803
 20
11446.83667514479
 10
4450.014051087957
 20
11448.11282136585
 10
4451.065194596478
 20
11449.50052348605
 10
4451.972944224952
 20
11450.98598989833
 10
4452.728278349765
 20
11452.55445737004
 10
4453.323690121033
 20
11454.19033776683
 10
4453.753262069047
 20
11455.87737297438
 10
4454.012724914792
 20
11457.59879647882
 10
4454.099499999983
 20
11459.33749999999
  0
TEXT
  5
1C5
330
17
100
AcDbEntity
  8
NESTED_RESULT
100
AcDbText
 10
3563.556936645507
 20
11187.34042053222
 30
0.0
 40
80.0
  1
409-A
 72
     1
 11
3743.556936645506
 21
11227.34042053222
 31
0.0
100
AcDbText
 73
     2
  0
LWPOLYLINE
  5
1C6
330
17
100
AcDbEntity
  8
NESTED_RESULT
100
AcDbPolyline
 90
        5
 70
     0
 43
0.0
 10
5898.800000000019
 20
10000.0
 10
5898.800000000019
 20
11676.39999999999
 10
6483.0
 20
11676.39999999999
 10
6483.0
 20
10000.0
 10
5898.800000000019
 20
10000.0
  0
LWPOLYLINE
  5
1C7
330
17
100
AcDbEntity
  8
NESTED_RESULT
100
AcDbPolyline
 90
        9
 70
     0
 43
0.0
 10
6064.327816493314
 20
11028.69999999998
 10
6064.327816493314
 20
11447.79999999999
 10
6077.027816493297
 20
11460.5
 10
6343.727816493309
 20
11460.5
 10
6356.427816493321
 20
11447.79999999999
 10
6356.427816493321
 20
11028.69999999998
 10
6343.727816493309
 20
11016.0
 10
6077.027816493297
 20
11016.0
 10
6064.327816493314
 20
11028.69999999998
  0
LWPOLYLINE
  5
1C8
330
17
100
AcDbEntity
  8
NESTED_RESULT
100
AcDbPolyline
 90
        9
 70
     0
 43
0.0
 10
6063.899999999994
 20
10228.59999999997
 10
6063.899999999994
 20
10647.69999999998
 10
6076.600000000093
 20
10660.39999999999
 10
6343.300000000018
 20
10660.39999999999
 10
6356.0
 20
10647.69999999998
 10
6356.0
 20
10228.59999999997
 10
6343.300000000018
 20
10215.89999999999
 10
6076.600000000093
 20
10215.89999999999
 10
6063.899999999994
 20
10228.59999999997
  0
LWPOLYLINE
  5
1C9
330
17
100
AcDbEntity
  8
NESTED_RESULT
100
AcDbPolyline
 90
       64
 70
     0
 43
0.0
 10
5995.637500000099
 20
10455.61249999999
 10
5993.898796478926
 20
10455.5257249148
 10
5992.177372974488
 20
10455.26626206905
 10
5990.49033776694
 20
10454.83669012104
 10
5988.854457370151
 20
10454.24127834977
 10
5987.285989898431
 20
10453.48594422496
 10
5985.800523486163
 20
10452.57819459648
 10
5984.412821365957
 20
10451.52705108796
 10
5983.136675144895
 20
10450.34296043581
 10
5981.984767737507
 20
10449.03769066496
 10
5980.968547317083
 20
10447.62421413275
 10
5980.098113538726
 20
10446.11657860403
 10
5979.382117164409
 20
10444.52976763798
 10
5978.827674087749
 20
10442.87955167493
 10
5978.440294613129
 20
10441.18233130249
 10
5978.223828691816
 20
10439.45497425925
 10
5978.180427659419
 20
10437.71464779551
 10
5978.310522854852
 20
10435.97864805758
 10
5978.612821333634
 20
10434.26422819079
 10
5979.084318717651
 20
10432.58842686997
 10
5979.720329054106
 20
10430.96789896156
 10
5980.514531386521
 20
10429.41874999998
 10
5981.45903257528
 20
10427.95637612359
 10
5982.54444574326
 20
10426.59531106095
 10
5983.759983566764
 20
10425.34908168815
 10
5985.0935654848
 20
10424.23007359262
 10
5986.531937761086
 20
10423.24940797948
 10
5988.06080520575
 20
10422.41683114424
 10
5989.664973247272
 20
10421.74061760952
 10
5991.328498942924
 20
10421.2274878892
 10
5993.034849426999
 20
10420.88254169703
 10
5994.767066221742
 20
10420.70920726322
 10
5996.507933778456
 20
10420.70920726322
 10
5998.240150573199
 20
10420.88254169703
 10
5999.946501057276
 20
10421.2274878892
 10
6001.610026752927
 20
10421.74061760952
 10
6003.214194794447
 20
10422.41683114424
 10
6004.743062239111
 20
10423.24940797948
 10
6006.181434515398
 20
10424.23007359262
 10
6007.515016433433
 20
10425.34908168815
 10
6008.730554256938
 20
10426.59531106095
 10
6009.815967424918
 20
10427.95637612359
 10
6010.760468613677
 20
10429.41874999998
 10
6011.55467094609
 20
10430.96789896156
 10
6012.190681282547
 20
10432.58842686997
 10
6012.662178666563
 20
10434.26422819079
 10
6012.964477145345
 20
10435.97864805758
 10
6013.094572340778
 20
10437.71464779551
 10
6013.051171308383
 20
10439.45497425925
 10
6012.834705387067
 20
10441.18233130249
 10
6012.44732591245
 20
10442.87955167493
 10
6011.892882835788
 20
10444.52976763798
 10
6011.17688646147
 20
10446.11657860403
 10
6010.306452683114
 20
10447.62421413275
 10
6009.29023226269
 20
10449.03769066496
 10
6008.138324855303
 20
10450.34296043581
 10
6006.862178634241
 20
10451.52705108796
 10
6005.474476514034
 20
10452.57819459648
 10
6003.989010101766
 20
10453.48594422496
 10
6002.420542630048
 20
10454.24127834977
 10
6000.784662233257
 20
10454.83669012104
 10
5999.097627025708
 20
10455.26626206905
 10
5997.37620352127
 20
10455.5257249148
 10
5995.637500000099
 20
10455.61249999999
  0
LWPOLYLINE
  5
1CA
330
17
100
AcDbEntity
  8
NESTED_RESULT
100
AcDbPolyline
 90
       64
 70
     0
 43
0.0
 10
5996.065316493303
 20
11255.71249999999
 10
5994.32661297213
 20
11255.6257249148
 10
5992.605189467693
 20
11255.36626206906
 10
5990.918154260143
 20
11254.93669012104
 10
5989.282273863355
 20
11254.34127834977
 10
5987.713806391635
 20
11253.58594422496
 10
5986.228339979366
 20
11252.67819459649
 10
5984.840637859162
 20
11251.62705108797
 10
5983.5644916381
 20
11250.44296043581
 10
5982.41258423071
 20
11249.13769066496
 10
5981.396363810286
 20
11247.72421413276
 10
5980.52593003193
 20
11246.21657860404
 10
5979.809933657612
 20
11244.62976763799
 10
5979.255490580952
 20
11242.97955167494
 10
5978.868111106334
 20
11241.2823313025
 10
5978.651645185018
 20
11239.55497425925
 10
5978.608244152623
 20
11237.81464779551
 10
5978.738339348055
 20
11236.07864805759
 10
5979.040637826837
 20
11234.36422819079
 10
5979.512135210854
 20
11232.68842686998
 10
5980.14814554731
 20
11231.06789896157
 10
5980.942347879725
 20
11229.51874999999
 10
5981.886849068484
 20
11228.05637612359
 10
5982.972262236463
 20
11226.69531106096
 10
5984.187800059968
 20
11225.44908168816
 10
5985.521381978004
 20
11224.33007359263
 10
5986.95975425429
 20
11223.34940797949
 10
5988.488621698953
 20
11222.51683114425
 10
5990.092789740476
 20
11221.84061760953
 10
5991.756315436127
 20
11221.32748788921
 10
5993.462665920204
 20
11220.98254169704
 10
5995.194882714947
 20
11220.80920726323
 10
5996.93575027166
 20
11220.80920726323
 10
5998.667967066403
 20
11220.98254169704
 10
6000.374317550479
 20
11221.32748788921
 10
6002.037843246129
 20
11221.84061760953
 10
6003.642011287651
 20
11222.51683114425
 10
6005.170878732315
 20
11223.34940797949
 10
6006.609251008602
 20
11224.33007359263
 10
6007.942832926638
 20
11225.44908168816
 10
6009.158370750141
 20
11226.69531106096
 10
6010.243783918123
 20
11228.05637612359
 10
6011.18828510688
 20
11229.51874999999
 10
6011.982487439294
 20
11231.06789896157
 10
6012.618497775751
 20
11232.68842686998
 10
6013.089995159768
 20
11234.36422819079
 10
6013.392293638549
 20
11236.07864805759
 10
6013.522388833981
 20
11237.81464779551
 10
6013.478987801587
 20
11239.55497425925
 10
6013.262521880271
 20
11241.2823313025
 10
6012.875142405654
 20
11242.97955167494
 10
6012.320699328993
 20
11244.62976763799
 10
6011.604702954675
 20
11246.21657860404
 10
6010.73426917632
 20
11247.72421413276
 10
6009.718048755893
 20
11249.13769066496
 10
6008.566141348507
 20
11250.44296043581
 10
6007.289995127445
 20
11251.62705108797
 10
6005.902293007238
 20
11252.67819459649
 10
6004.416826594972
 20
11253.58594422496
 10
6002.848359123251
 20
11254.34127834977
 10
6001.212478726461
 20
11254.93669012104
 10
5999.525443518914
 20
11255.36626206906
 10
5997.804020014475
 20
11255.6257249148
 10
5996.065316493303
 20
11255.71249999999
  0
TEXT
  5
1CB
330
17
100
AcDbEntity
  8
NESTED_RESULT
100
AcDbText
 10
6010.900000000009
 20
10798.2
 30
0.0
 40
80.0
  1
504-D
 72
     1
 11
6190.900000000009
 21
10838.2
 31
0.0
100
AcDbText
 73
     2
  0
LWPOLYLINE
  5
1CC
330
17
100
AcDbEntity
  8
NESTED_RESULT
100
AcDbPolyline
 90
        8
 70
     0
 43
0.0
 10
3400.0
 20
10650.875
 10
3400.0
 20
10000.0
 10
4647.775000000081
 20
10000.0
 10
4647.775000000081
 20
10901.69999999992
 10
3996.900000000082
 20
10901.69999999992
 10
3996.900000000082
 20
10660.40000000002
 10
3987.375000000088
 20
10650.875
 10
3400.0
 20
10650.875
  0
TEXT
  5
1CD
330
17
100
AcDbEntity
  8
NESTED_RESULT
100
AcDbText
 10
4090.29999796555
 20
10344.13546752925
 30
0.0
 40
80.0
  1
513-B
 72
     1
 11
4263.633331298884
 21
10384.13546752925
 31
0.0
100
AcDbText
 73
     2
  0
LWPOLYLINE
  5
1CE
330
17
100
AcDbEntity
  8
NESTED_RESULT
100
AcDbPolyline
 90
        8
 70
     0
 43
0.0
 10
5898.725000000063
 20
10247.64999999999
 10
5898.725000000063
 20
10898.52499999999
 10
4647.775000000081
 20
10898.52499999999
 10
4647.775000000081
 20
10000.0
 10
5298.650000000082
 20
10000.0
 10
5298.650000000082
 20
10238.125
 10
5308.175000000076
 20
10247.64999999999
 10
5898.725000000063
 20
10247.64999999999
  0
TEXT
  5
1CF
330
17
100
AcDbEntity
  8
NESTED_RESULT
100
AcDbText
 10
4858.644571940181
 20
10474.61975097656
 30
0.0
 40
80.0
  1
512-B
 72
     1
 11
5031.977905273514
 21
10514.61975097656
 31
0.0
100
AcDbText
 73
     2
  0
LWPOLYLINE
  5
1D0
330
17
100
AcDbEntity
  8
NESTED_RESULT
100
AcDbPolyline
 90
        5
 70
     0
 43
0.0
 10
5866.975000000093
 20
11727.19999999989
 10
5866.975000000093
 20
10898.52499999999
 10
5219.274999999994
 20
10898.52499999999
 10
5219.274999999994
 20
11727.19999999989
 10
5866.975000000093
 20
11727.19999999989
  0
TEXT
  5
1D1
330
17
100
AcDbEntity
  8
NESTED_RESULT
100
AcDbText
 10
5356.458333333376
 20
11272.86249999994
 30
0.0
 40
80.0
  1
422-A
 72
     1
 11
5543.125000000044
 21
11312.86249999994
 31
0.0
100
AcDbText
 73
     2
  0
LWPOLYLINE
  5
1D2
330
17
100
AcDbEntity
  8
NESTED_RESULT
 62
     1
100
AcDbPolyline
 90
        5
 70
     0
 43
0.0
 10
6800.0
 20
10000.0
 10
10000.0
 20
10000.0
 10
10000.0
 20
11800.0
 10
6800.0
 20
11800.0
 10
6800.0
 20
10000.0
  0
TEXT
  5
1D3
330
17
100
AcDbEntity
  8
NESTED_RESULT
 62
     1
100
AcDbText
 10
6800.0
 20
11846.66666666666
 30
0.0
 40
50.0
  1
Sheet_33
 11
6800.0
 21
11830.0
 31
0.0
100
AcDbText
 73
     1
  0
LWPOLYLINE
  5
1D4
330
17
100
AcDbEntity
  8
NESTED_RESULT
100
AcDbPolyline
 90
        5
 70
     0
 43
0.0
 10
6800.0
 20
10590.55000000001
 10
8470.049999999901
 20
10590.55000000001
 10
8470.049999999901
 20
10000.0
 10
6800.0
 20
10000.0
 10
6800.0
 20
10590.55000000001
  0
LWPOLYLINE
  5
1D5
330
17
100
AcDbEntity
  8
NESTED_RESULT
100
AcDbPolyline
 90
        9
 70
     0
 43
0.0
 10
7028.599999999991
 20
10419.1
 10
7447.699999999997
 20
10419.1
 10
7460.399999999994
 20
10406.40000000002
 10
7460.399999999994
 20
10139.70000000001
 10
7447.699999999997
 20
10127.0
 10
7028.599999999991
 20
10127.0
 10
7015.899999999994
 20
10139.70000000001
 10
7015.899999999994
 20
10406.40000000002
 10
7028.599999999991
 20
10419.1
  0
LWPOLYLINE
  5
1D6
330
17
100
AcDbEntity
  8
NESTED_RESULT
100
AcDbPolyline
 90
        9
 70
     0
 43
0.0
 10
7825.524999999995
 20
10419.1
 10
8244.624999999897
 20
10419.1
 10
8257.324999999894
 20
10406.40000000002
 10
8257.324999999894
 20
10139.70000000001
 10
8244.624999999897
 20
10127.0
 10
7825.524999999995
 20
10127.0
 10
7812.824999999998
 20
10139.70000000001
 10
7812.824999999998
 20
10406.40000000002
 10
7825.524999999995
 20
10419.1
  0
LWPOLYLINE
  5
1D7
330
17
100
AcDbEntity
  8
NESTED_RESULT
100
AcDbPolyline
 90
       64
 70
     0
 43
0.0
 10
8052.53749999999
 20
10487.36250000001
 10
8052.450724914814
 20
10489.10120352119
 10
8052.191262069056
 20
10490.82262702563
 10
8051.761690121042
 20
10492.50966223318
 10
8051.166278349787
 20
10494.14554262996
 10
8050.410944224974
 20
10495.71401010168
 10
8049.503194596487
 20
10497.19947651395
 10
8048.452051087966
 20
10498.58717863416
 10
8047.267960435826
 20
10499.86332485522
 10
8045.96269066495
 20
10501.0152322626
 10
8044.549214132755
 20
10502.03145268303
 10
8043.041578604025
 20
10502.90188646139
 10
8041.454767638002
 20
10503.6178828357
 10
8039.804551674942
 20
10504.17232591237
 10
8038.107331302512
 20
10504.55970538698
 10
8036.379974259252
 20
10504.7761713083
 10
8034.639647795527
 20
10504.81957234069
 10
8032.903648057589
 20
10504.68947714526
 10
8031.189228190777
 20
10504.38717866648
 10
8029.513426869977
 20
10503.91568128246
 10
8027.89289896158
 20
10503.27967094601
 10
8026.34375
 20
10502.4854686136
 10
8024.881376123593
 20
10501.54096742483
 10
8023.520311060959
 20
10500.45555425685
 10
8022.274081688172
 20
10499.24001643335
 10
8021.155073592614
 20
10497.90643451531
 10
8020.174407979503
 20
10496.46806223903
 10
8019.341831144251
 20
10494.93919479436
 10
8018.665617609526
 20
10493.33502675284
 10
8018.152487889222
 20
10491.67150105719
 10
8017.807541697038
 20
10489.96515057311
 10
8017.634207263212
 20
10488.23293377837
 10
8017.634207263212
 20
10486.49206622166
 10
8017.807541697038
 20
10484.75984942692
 10
8018.152487889222
 20
10483.05349894284
 10
8018.665617609526
 20
10481.38997324719
 10
8019.341831144251
 20
10479.78580520567
 10
8020.174407979503
 20
10478.256937761
 10
8021.155073592614
 20
10476.81856548472
 10
8022.274081688172
 20
10475.48498356668
 10
8023.520311060959
 20
10474.26944574318
 10
8024.881376123593
 20
10473.1840325752
 10
8026.34375
 20
10472.23953138644
 10
8027.89289896158
 20
10471.44532905402
 10
8029.513426869977
 20
10470.80931871757
 10
8031.189228190777
 20
10470.33782133355
 10
8032.903648057589
 20
10470.03552285477
 10
8034.639647795527
 20
10469.90542765934
 10
8036.379974259252
 20
10469.94882869173
 10
8038.107331302512
 20
10470.16529461305
 10
8039.804551674942
 20
10470.55267408767
 10
8041.454767638002
 20
10471.10711716432
 10
8043.041578604025
 20
10471.82311353864
 10
8044.549214132755
 20
10472.693547317
 10
8045.96269066495
 20
10473.70976773742
 10
8047.267960435826
 20
10474.86167514481
 10
8048.452051087966
 20
10476.13782136588
 10
8049.503194596487
 20
10477.52552348608
 10
8050.410944224974
 20
10479.01098989835
 10
8051.166278349787
 20
10480.57945737007
 10
8051.761690121042
 20
10482.21533776686
 10
8052.191262069056
 20
10483.9023729744
 10
8052.450724914814
 20
10485.62379647884
 10
8052.53749999999
 20
10487.36250000001
  0
LWPOLYLINE
  5
1D8
330
17
100
AcDbEntity
  8
NESTED_RESULT
100
AcDbPolyline
 90
       64
 70
     0
 43
0.0
 10
7255.612499999988
 20
10487.36250000001
 10
7255.525724914814
 20
10489.10120352119
 10
7255.266262069053
 20
10490.82262702563
 10
7254.836690121038
 20
10492.50966223318
 10
7254.241278349787
 20
10494.14554262996
 10
7253.485944224974
 20
10495.71401010168
 10
7252.578194596482
 20
10497.19947651395
 10
7251.527051087963
 20
10498.58717863416
 10
7250.342960435824
 20
10499.86332485522
 10
7249.037690664947
 20
10501.0152322626
 10
7247.624214132753
 20
10502.03145268303
 10
7246.116578604023
 20
10502.90188646139
 10
7244.529767638001
 20
10503.6178828357
 10
7242.879551674938
 20
10504.17232591237
 10
7241.18233130251
 20
10504.55970538698
 10
7239.45497425925
 20
10504.7761713083
 10
7237.714647795525
 20
10504.81957234069
 10
7235.978648057586
 20
10504.68947714526
 10
7234.264228190777
 20
10504.38717866648
 10
7232.588426869975
 20
10503.91568128246
 10
7230.967898961579
 20
10503.27967094601
 10
7229.418749999998
 20
10502.4854686136
 10
7227.956376123592
 20
10501.54096742483
 10
7226.595311060954
 20
10500.45555425685
 10
7225.349081688168
 20
10499.24001643335
 10
7224.230073592611
 20
10497.90643451531
 10
7223.2494079795
 20
10496.46806223903
 10
7222.416831144248
 20
10494.93919479436
 10
7221.740617609525
 20
10493.33502675284
 10
7221.22748788922
 20
10491.67150105719
 10
7220.882541697036
 20
10489.96515057311
 10
7220.709207263208
 20
10488.23293377837
 10
7220.709207263208
 20
10486.49206622166
 10
7220.882541697036
 20
10484.75984942692
 10
7221.22748788922
 20
10483.05349894284
 10
7221.740617609525
 20
10481.38997324719
 10
7222.416831144248
 20
10479.78580520567
 10
7223.2494079795
 20
10478.256937761
 10
7224.230073592611
 20
10476.81856548472
 10
7225.349081688168
 20
10475.48498356668
 10
7226.595311060954
 20
10474.26944574318
 10
7227.956376123592
 20
10473.1840325752
 10
7229.418749999998
 20
10472.23953138644
 10
7230.967898961579
 20
10471.44532905402
 10
7232.588426869975
 20
10470.80931871757
 10
7234.264228190777
 20
10470.33782133355
 10
7235.978648057586
 20
10470.03552285477
 10
7237.714647795525
 20
10469.90542765934
 10
7239.45497425925
 20
10469.94882869173
 10
7241.18233130251
 20
10470.16529461305
 10
7242.879551674938
 20
10470.55267408767
 10
7244.529767638001
 20
10471.10711716432
 10
7246.116578604023
 20
10471.82311353864
 10
7247.624214132753
 20
10472.693547317
 10
7249.037690664947
 20
10473.70976773742
 10
7250.342960435824
 20
10474.86167514481
 10
7251.527051087963
 20
10476.13782136588
 10
7252.578194596482
 20
10477.52552348608
 10
7253.485944224974
 20
10479.01098989835
 10
7254.241278349787
 20
10480.57945737007
 10
7254.836690121038
 20
10482.21533776686
 10
7255.266262069053
 20
10483.9023729744
 10
7255.525724914814
 20
10485.62379647884
 10
7255.612499999988
 20
10487.36250000001
  0
TEXT
  5
1D9
330
17
100
AcDbEntity
  8
NESTED_RESULT
100
AcDbText
 10
7449.989241536409
 20
10371.06948242187
 30
0.0
 40
80.0
  1
522-E
 72
     1
 11
7636.655908203076
 21
10411.06948242187
 31
0.0
100
AcDbText
 73
     2
  0
LWPOLYLINE
  5
1DA
330
17
100
AcDbEntity
  8
NESTED_RESULT
100
AcDbPolyline
 90
        5
 70
     0
 43
0.0
 10
6800.0
 20
11174.75000000003
 10
8479.575000000011
 20
11174.75000000003
 10
8479.575000000011
 20
10590.55000000001
 10
6800.0
 20
10590.55000000001
 10
6800.0
 20
11174.75000000003
  0
LWPOLYLINE
  5
1DB
330
17
100
AcDbEntity
  8
NESTED_RESULT
100
AcDbPolyline
 90
        9
 70
     0
 43
0.0
 10
7831.875000000001
 20
11009.65000000002
 10
8250.975000000005
 20
11009.65000000002
 10
8263.674999999988
 20
10996.94999999992
 10
8263.674999999988
 20
10730.25000000003
 10
8250.975000000005
 20
10717.55000000001
 10
7831.875000000001
 20
10717.55000000001
 10
7819.174999999987
 20
10730.25000000003
 10
7819.174999999987
 20
10996.94999999992
 10
7831.875000000001
 20
11009.65000000002
  0
LWPOLYLINE
  5
1DC
330
17
100
AcDbEntity
  8
NESTED_RESULT
100
AcDbPolyline
 90
        9
 70
     0
 43
0.0
 10
7034.950000000013
 20
11009.65000000002
 10
7454.049999999988
 20
11009.65000000002
 10
7466.750000000001
 20
10996.94999999992
 10
7466.750000000001
 20
10730.25000000003
 10
7454.049999999988
 20
10717.55000000001
 10
7034.950000000013
 20
10717.55000000001
 10
7022.249999999999
 20
10730.25000000003
 10
7022.249999999999
 20
10996.94999999992
 10
7034.950000000013
 20
11009.65000000002
  0
LWPOLYLINE
  5
1DD
330
17
100
AcDbEntity
  8
NESTED_RESULT
100
AcDbPolyline
 90
       64
 70
     0
 43
0.0
 10
7261.962499999994
 20
11077.91249999992
 10
7261.875724914805
 20
11079.65120352109
 10
7261.616262069058
 20
11081.37262702552
 10
7261.186690121045
 20
11083.05966223308
 10
7260.591278349777
 20
11084.69554262986
 10
7259.835944224964
 20
11086.26401010158
 10
7258.92819459649
 20
11087.74947651385
 10
7257.877051087969
 20
11089.13717863406
 10
7256.692960435815
 20
11090.41332485512
 10
7255.387690664966
 20
11091.56523226251
 10
7253.974214132759
 20
11092.58145268293
 10
7252.466578604042
 20
11093.45188646129
 10
7250.879767637991
 20
11094.16788283561
 10
7249.229551674943
 20
11094.72232591227
 10
7247.5323313025
 20
11095.10970538688
 10
7245.804974259256
 20
11095.3261713082
 10
7244.064647795515
 20
11095.3695723406
 10
7242.328648057593
 20
11095.23947714516
 10
7240.614228190796
 20
11094.93717866638
 10
7238.93842686998
 20
11094.46568128237
 10
7237.31789896157
 20
11093.82967094591
 10
7235.768749999987
 20
11093.03546861349
 10
7234.306376123597
 20
11092.09096742474
 10
7232.94531106096
 20
11091.00555425675
 10
7231.699081688159
 20
11089.79001643325
 10
7230.580073592631
 20
11088.45643451521
 10
7229.599407979491
 20
11087.01806223893
 10
7228.766831144255
 20
11085.48919479426
 10
7228.09061760953
 20
11083.88502675274
 10
7227.577487889212
 20
11082.22150105709
 10
7227.232541697043
 20
11080.51515057301
 10
7227.059207263227
 20
11078.78293377827
 10
7227.059207263227
 20
11077.04206622156
 10
7227.232541697043
 20
11075.30984942682
 10
7227.577487889212
 20
11073.60349894274
 10
7228.09061760953
 20
11071.93997324709
 10
7228.766831144255
 20
11070.33580520557
 10
7229.599407979491
 20
11068.8069377609
 10
7230.580073592631
 20
11067.36856548462
 10
7231.699081688159
 20
11066.03498356658
 10
7232.94531106096
 20
11064.81944574308
 10
7234.306376123597
 20
11063.7340325751
 10
7235.768749999987
 20
11062.78953138634
 10
7237.31789896157
 20
11061.99532905393
 10
7238.93842686998
 20
11061.35931871747
 10
7240.614228190796
 20
11060.88782133345
 10
7242.328648057593
 20
11060.58552285467
 10
7244.064647795515
 20
11060.45542765924
 10
7245.804974259256
 20
11060.49882869163
 10
7247.5323313025
 20
11060.71529461295
 10
7249.229551674943
 20
11061.10267408757
 10
7250.879767637991
 20
11061.65711716423
 10
7252.466578604042
 20
11062.37311353854
 10
7253.974214132759
 20
11063.2435473169
 10
7255.387690664966
 20
11064.25976773733
 10
7256.692960435815
 20
11065.41167514471
 10
7257.877051087969
 20
11066.68782136577
 10
7258.92819459649
 20
11068.07552348598
 10
7259.835944224964
 20
11069.56098989825
 10
7260.591278349777
 20
11071.12945736997
 10
7261.186690121045
 20
11072.76533776676
 10
7261.616262069058
 20
11074.45237297431
 10
7261.875724914805
 20
11076.17379647874
 10
7261.962499999994
 20
11077.91249999992
  0
LWPOLYLINE
  5
1DE
330
17
100
AcDbEntity
  8
NESTED_RESULT
100
AcDbPolyline
 90
       64
 70
     0
 43
0.0
 10
8058.887499999981
 20
11077.91249999992
 10
8058.800724914792
 20
11079.65120352109
 10
8058.541262069047
 20
11081.37262702552
 10
8058.111690121036
 20
11083.05966223308
 10
8057.516278349764
 20
11084.69554262986
 10
8056.760944224953
 20
11086.26401010158
 10
8055.85319459648
 20
11087.74947651385
 10
8054.802051087959
 20
11089.13717863406
 10
8053.617960435806
 20
11090.41332485512
 10
8052.312690664956
 20
11091.56523226251
 10
8050.899214132746
 20
11092.58145268293
 10
8049.39157860403
 20
11093.45188646129
 10
8047.804767637979
 20
11094.16788283561
 10
8046.154551674932
 20
11094.72232591227
 10
8044.457331302487
 20
11095.10970538688
 10
8042.729974259243
 20
11095.3261713082
 10
8040.989647795504
 20
11095.3695723406
 10
8039.253648057579
 20
11095.23947714516
 10
8037.539228190784
 20
11094.93717866638
 10
8035.863426869967
 20
11094.46568128237
 10
8034.242898961556
 20
11093.82967094591
 10
8032.693749999976
 20
11093.03546861349
 10
8031.231376123587
 20
11092.09096742474
 10
8029.870311060948
 20
11091.00555425675
 10
8028.624081688148
 20
11089.79001643325
 10
8027.505073592621
 20
11088.45643451521
 10
8026.524407979477
 20
11087.01806223893
 10
8025.691831144241
 20
11085.48919479426
 10
8025.015617609518
 20
11083.88502675274
 10
8024.502487889201
 20
11082.22150105709
 10
8024.15754169703
 20
11080.51515057301
 10
8023.984207263216
 20
11078.78293377827
 10
8023.984207263216
 20
11077.04206622156
 10
8024.15754169703
 20
11075.30984942682
 10
8024.502487889201
 20
11073.60349894274
 10
8025.015617609518
 20
11071.93997324709
 10
8025.691831144241
 20
11070.33580520557
 10
8026.524407979477
 20
11068.8069377609
 10
8027.505073592621
 20
11067.36856548462
 10
8028.624081688148
 20
11066.03498356658
 10
8029.870311060948
 20
11064.81944574308
 10
8031.231376123587
 20
11063.7340325751
 10
8032.693749999976
 20
11062.78953138634
 10
8034.242898961556
 20
11061.99532905393
 10
8035.863426869967
 20
11061.35931871747
 10
8037.539228190784
 20
11060.88782133345
 10
8039.253648057579
 20
11060.58552285467
 10
8040.989647795504
 20
11060.45542765924
 10
8042.729974259243
 20
11060.49882869163
 10
8044.457331302487
 20
11060.71529461295
 10
8046.154551674932
 20
11061.10267408757
 10
8047.804767637979
 20
11061.65711716423
 10
8049.39157860403
 20
11062.37311353854
 10
8050.899214132746
 20
11063.2435473169
 10
8052.312690664956
 20
11064.25976773733
 10
8053.617960435806
 20
11065.41167514471
 10
8054.802051087959
 20
11066.68782136577
 10
8055.85319459648
 20
11068.07552348598
 10
8056.760944224953
 20
11069.56098989825
 10
8057.516278349764
 20
11071.12945736997
 10
8058.111690121036
 20
11072.76533776676
 10
8058.541262069047
 20
11074.45237297431
 10
8058.800724914792
 20
11076.17379647874
 10
8058.887499999981
 20
11077.91249999992
  0
TEXT
  5
1DF
330
17
100
AcDbEntity
  8
NESTED_RESULT
100
AcDbText
 10
7462.962499999995
 20
10823.59999999997
 30
0.0
 40
80.0
  1
420-E
 72
     1
 11
7642.962499999994
 21
10863.59999999997
 31
0.0
100
AcDbText
 73
     2
  0
LWPOLYLINE
  5
1E0
330
17
100
AcDbEntity
  8
NESTED_RESULT
100
AcDbPolyline
 90
        5
 70
     0
 43
0.0
 10
6800.0
 20
11758.95000000001
 10
8473.225000000006
 20
11758.95000000001
 10
8473.225000000006
 20
11174.75000000003
 10
6800.0
 20
11174.75000000003
 10
6800.0
 20
11758.95000000001
  0
LWPOLYLINE
  5
1E1
330
17
100
AcDbEntity
  8
NESTED_RESULT
100
AcDbPolyline
 90
        9
 70
     0
 43
0.0
 10
7822.350000000006
 20
11593.85000000003
 10
8241.449999999998
 20
11593.85000000003
 10
8254.150000000008
 20
11581.15000000002
 10
8254.150000000008
 20
11314.45000000001
 10
8241.449999999998
 20
11301.75000000003
 10
7822.350000000006
 20
11301.75000000003
 10
7809.650000000009
 20
11314.45000000001
 10
7809.650000000009
 20
11581.15000000002
 10
7822.350000000006
 20
11593.85000000003
  0
LWPOLYLINE
  5
1E2
330
17
100
AcDbEntity
  8
NESTED_RESULT
100
AcDbPolyline
 90
        9
 70
     0
 43
0.0
 10
7031.775000000095
 20
11593.85000000003
 10
7450.875
 20
11593.85000000003
 10
7463.574999999998
 20
11581.15000000002
 10
7463.574999999998
 20
11314.45000000001
 10
7450.875
 20
11301.75000000003
 10
7031.775000000095
 20
11301.75000000003
 10
7019.074999999998
 20
11314.45000000001
 10
7019.074999999998
 20
11581.15000000002
 10
7031.775000000095
 20
11593.85000000003
  0
LWPOLYLINE
  5
1E3
330
17
100
AcDbEntity
  8
NESTED_RESULT
100
AcDbPolyline
 90
       64
 70
     0
 43
0.0
 10
7258.787499999991
 20
11662.11249999993
 10
7258.700724914814
 20
11663.8512035211
 10
7258.441262069057
 20
11665.57262702554
 10
7258.011690121041
 20
11667.25966223309
 10
7257.416278349788
 20
11668.89554262988
 10
7256.660944224974
 20
11670.4640101016
 10
7255.753194596486
 20
11671.94947651386
 10
7254.702051087966
 20
11673.33717863407
 10
7253.517960435826
 20
11674.61332485513
 10
7252.212690664951
 20
11675.76523226252
 10
7250.799214132756
 20
11676.78145268294
 10
7249.291578604026
 20
11677.6518864613
 10
7247.704767638002
 20
11678.36788283562
 10
7246.054551674942
 20
11678.92232591228
 10
7244.357331302513
 20
11679.3097053869
 10
7242.629974259253
 20
11679.52617130821
 10
7240.889647795528
 20
11679.56957234061
 10
7239.153648057589
 20
11679.43947714517
 10
7237.439228190777
 20
11679.13717866639
 10
7235.763426869977
 20
11678.66568128238
 10
7234.142898961581
 20
11678.02967094592
 10
7232.593749999999
 20
11677.23546861351
 10
7231.131376123594
 20
11676.29096742475
 10
7229.770311060959
 20
11675.20555425676
 10
7228.524081688171
 20
11673.99001643326
 10
7227.405073592613
 20
11672.65643451523
 10
7226.424407979504
 20
11671.21806223894
 10
7225.591831144249
 20
11669.68919479428
 10
7224.915617609527
 20
11668.08502675275
 10
7224.402487889221
 20
11666.4215010571
 10
7224.057541697039
 20
11664.71515057303
 10
7223.884207263211
 20
11662.98293377829
 10
7223.884207263211
 20
11661.24206622157
 10
7224.057541697039
 20
11659.50984942683
 10
7224.402487889221
 20
11657.80349894275
 10
7224.915617609527
 20
11656.1399732471
 10
7225.591831144249
 20
11654.53580520558
 10
7226.424407979504
 20
11653.00693776092
 10
7227.405073592613
 20
11651.56856548463
 10
7228.524081688171
 20
11650.2349835666
 10
7229.770311060959
 20
11649.01944574309
 10
7231.131376123594
 20
11647.93403257511
 10
7232.593749999999
 20
11646.98953138635
 10
7234.142898961581
 20
11646.19532905394
 10
7235.763426869977
 20
11645.55931871748
 10
7237.439228190777
 20
11645.08782133346
 10
7239.153648057589
 20
11644.78552285468
 10
7240.889647795528
 20
11644.65542765925
 10
7242.629974259253
 20
11644.69882869164
 10
7244.357331302513
 20
11644.91529461296
 10
7246.054551674942
 20
11645.30267408758
 10
7247.704767638002
 20
11645.85711716424
 10
7249.291578604026
 20
11646.57311353856
 10
7250.799214132756
 20
11647.44354731691
 10
7252.212690664951
 20
11648.45976773734
 10
7253.517960435826
 20
11649.61167514472
 10
7254.702051087966
 20
11650.88782136579
 10
7255.753194596486
 20
11652.27552348599
 10
7256.660944224974
 20
11653.76098989826
 10
7257.416278349788
 20
11655.32945736998
 10
7258.011690121041
 20
11656.96533776677
 10
7258.441262069057
 20
11658.65237297432
 10
7258.700724914814
 20
11660.37379647876
 10
7258.787499999991
 20
11662.11249999993
  0
LWPOLYLINE
  5
1E4
330
17
100
AcDbEntity
  8
NESTED_RESULT
100
AcDbPolyline
 90
       64
 70
     0
 43
0.0
 10
8049.362500000002
 20
11662.11249999993
 10
8049.275724914826
 20
11663.8512035211
 10
8049.01626206907
 20
11665.57262702554
 10
8048.586690121053
 20
11667.25966223309
 10
8047.991278349799
 20
11668.89554262988
 10
8047.235944224986
 20
11670.4640101016
 10
8046.328194596499
 20
11671.94947651386
 10
8045.277051087978
 20
11673.33717863407
 10
8044.092960435838
 20
11674.61332485513
 10
8042.787690664964
 20
11675.76523226252
 10
8041.374214132765
 20
11676.78145268294
 10
8039.866578604035
 20
11677.6518864613
 10
8038.279767638014
 20
11678.36788283562
 10
8036.629551674954
 20
11678.92232591228
 10
8034.932331302524
 20
11679.3097053869
 10
8033.204974259263
 20
11679.52617130821
 10
8031.464647795539
 20
11679.56957234061
 10
8029.7286480576
 20
11679.43947714517
 10
8028.014228190791
 20
11679.13717866639
 10
8026.338426869989
 20
11678.66568128238
 10
8024.717898961593
 20
11678.02967094592
 10
8023.168750000012
 20
11677.23546861351
 10
8021.706376123606
 20
11676.29096742475
 10
8020.345311060971
 20
11675.20555425676
 10
8019.099081688182
 20
11673.99001643326
 10
8017.980073592626
 20
11672.65643451523
 10
8016.999407979515
 20
11671.21806223894
 10
8016.166831144262
 20
11669.68919479428
 10
8015.490617609538
 20
11668.08502675275
 10
8014.977487889234
 20
11666.4215010571
 10
8014.63254169705
 20
11664.71515057303
 10
8014.459207263222
 20
11662.98293377829
 10
8014.459207263222
 20
11661.24206622157
 10
8014.63254169705
 20
11659.50984942683
 10
8014.977487889234
 20
11657.80349894275
 10
8015.490617609538
 20
11656.1399732471
 10
8016.166831144262
 20
11654.53580520558
 10
8016.999407979515
 20
11653.00693776092
 10
8017.980073592626
 20
11651.56856548463
 10
8019.099081688182
 20
11650.2349835666
 10
8020.345311060971
 20
11649.01944574309
 10
8021.706376123606
 20
11647.93403257511
 10
8023.168750000012
 20
11646.98953138635
 10
8024.717898961593
 20
11646.19532905394
 10
8026.338426869989
 20
11645.55931871748
 10
8028.014228190791
 20
11645.08782133346
 10
8029.7286480576
 20
11644.78552285468
 10
8031.464647795539
 20
11644.65542765925
 10
8033.204974259263
 20
11644.69882869164
 10
8034.932331302524
 20
11644.91529461296
 10
8036.629551674954
 20
11645.30267408758
 10
8038.279767638014
 20
11645.85711716424
 10
8039.866578604035
 20
11646.57311353856
 10
8041.374214132765
 20
11647.44354731691
 10
8042.787690664964
 20
11648.45976773734
 10
8044.092960435838
 20
11649.61167514472
 10
8045.277051087978
 20
11650.88782136579
 10
8046.328194596499
 20
11652.27552348599
 10
8047.235944224986
 20
11653.76098989826
 10
8047.991278349799
 20
11655.32945736998
 10
8048.586690121053
 20
11656.96533776677
 10
8049.01626206907
 20
11658.65237297432
 10
8049.275724914826
 20
11660.37379647876
 10
8049.362500000002
 20
11662.11249999993
  0
TEXT
  5
1E5
330
17
100
AcDbEntity
  8
NESTED_RESULT
100
AcDbText
 10
7456.612500000002
 20
11407.80000000002
 30
0.0
 40
80.0
  1
520-E
 72
     1
 11
7636.612500000002
 21
11447.80000000002
 31
0.0
100
AcDbText
 73
     2
  0
LWPOLYLINE
  5
1E6
330
17
100
AcDbEntity
  8
NESTED_RESULT
100
AcDbPolyline
 90
        5
 70
     0
 43
0.0
 10
8479.575000000011
 20
11171.57499999998
 10
9997.225000000007
 20
11171.57499999998
 10
9997.225000000007
 20
10584.19999999998
 10
8479.575000000011
 20
10584.19999999998
 10
8479.575000000011
 20
11171.57499999998
  0
LWPOLYLINE
  5
1E7
330
17
100
AcDbEntity
  8
NESTED_RESULT
100
AcDbPolyline
 90
        9
 70
     0
 43
0.0
 10
8679.600000000005
 20
11003.29999999999
 10
9098.700000000013
 20
11003.29999999999
 10
9111.400000000024
 20
10990.59999999997
 10
9111.400000000024
 20
10723.89999999996
 10
9098.700000000013
 20
10711.19999999998
 10
8679.600000000005
 20
10711.19999999998
 10
8666.900000000024
 20
10723.89999999996
 10
8666.900000000024
 20
10990.59999999997
 10
8679.600000000005
 20
11003.29999999999
  0
LWPOLYLINE
  5
1E8
330
17
100
AcDbEntity
  8
NESTED_RESULT
100
AcDbPolyline
 90
        9
 70
     0
 43
0.0
 10
9381.275000000025
 20
11003.29999999999
 10
9800.37500000003
 20
11003.29999999999
 10
9813.075000000011
 20
10990.59999999997
 10
9813.075000000011
 20
10723.89999999996
 10
9800.37500000003
 20
10711.19999999998
 10
9381.275000000025
 20
10711.19999999998
 10
9368.575000000012
 20
10723.89999999996
 10
9368.575000000012
 20
10990.59999999997
 10
9381.275000000025
 20
11003.29999999999
  0
LWPOLYLINE
  5
1E9
330
17
100
AcDbEntity
  8
NESTED_RESULT
100
AcDbPolyline
 90
       64
 70
     0
 43
0.0
 10
9608.287500000006
 20
11071.56249999997
 10
9608.200724914816
 20
11073.30120352114
 10
9607.941262069074
 20
11075.02262702558
 10
9607.511690121057
 20
11076.70966223313
 10
9606.916278349787
 20
11078.34554262992
 10
9606.160944224976
 20
11079.91401010164
 10
9605.253194596503
 20
11081.39947651391
 10
9604.20205108798
 20
11082.78717863411
 10
9603.017960435828
 20
11084.06332485518
 10
9601.71269066498
 20
11085.21523226256
 10
9600.299214132771
 20
11086.23145268299
 10
9598.791578604055
 20
11087.10188646134
 10
9597.204767638004
 20
11087.81788283566
 10
9595.554551674956
 20
11088.37232591232
 10
9593.857331302512
 20
11088.75970538694
 10
9592.129974259268
 20
11088.97617130826
 10
9590.389647795529
 20
11089.01957234065
 10
9588.653648057604
 20
11088.88947714522
 10
9586.939228190807
 20
11088.58717866643
 10
9585.263426869991
 20
11088.11568128242
 10
9583.642898961581
 20
11087.47967094596
 10
9582.09375
 20
11086.68546861354
 10
9580.631376123609
 20
11085.74096742479
 10
9579.270311060971
 20
11084.65555425681
 10
9578.02408168817
 20
11083.4400164333
 10
9576.905073592646
 20
11082.10643451527
 10
9575.924407979504
 20
11080.66806223898
 10
9575.091831144266
 20
11079.13919479432
 10
9574.415617609544
 20
11077.53502675279
 10
9573.902487889224
 20
11075.87150105715
 10
9573.557541697052
 20
11074.16515057307
 10
9573.384207263242
 20
11072.43293377833
 10
9573.384207263242
 20
11070.69206622161
 10
9573.557541697052
 20
11068.95984942687
 10
9573.902487889224
 20
11067.25349894279
 10
9574.415617609544
 20
11065.58997324714
 10
9575.091831144266
 20
11063.98580520562
 10
9575.924407979504
 20
11062.45693776096
 10
9576.905073592646
 20
11061.01856548467
 10
9578.02408168817
 20
11059.68498356663
 10
9579.270311060971
 20
11058.46944574313
 10
9580.631376123609
 20
11057.38403257515
 10
9582.09375
 20
11056.43953138639
 10
9583.642898961581
 20
11055.64532905398
 10
9585.263426869991
 20
11055.00931871752
 10
9586.939228190807
 20
11054.5378213335
 10
9588.653648057604
 20
11054.23552285472
 10
9590.389647795529
 20
11054.10542765929
 10
9592.129974259268
 20
11054.14882869169
 10
9593.857331302512
 20
11054.365294613
 10
9595.554551674956
 20
11054.75267408762
 10
9597.204767638004
 20
11055.30711716428
 10
9598.791578604055
 20
11056.0231135386
 10
9600.299214132771
 20
11056.89354731695
 10
9601.71269066498
 20
11057.90976773738
 10
9603.017960435828
 20
11059.06167514477
 10
9604.20205108798
 20
11060.33782136582
 10
9605.253194596503
 20
11061.72552348603
 10
9606.160944224976
 20
11063.2109898983
 10
9606.916278349787
 20
11064.77945737002
 10
9607.511690121057
 20
11066.41533776681
 10
9607.941262069074
 20
11068.10237297436
 10
9608.200724914816
 20
11069.8237964788
 10
9608.287500000006
 20
11071.56249999997
  0
LWPOLYLINE
  5
1EA
330
17
100
AcDbEntity
  8
NESTED_RESULT
100
AcDbPolyline
 90
       64
 70
     0
 43
0.0
 10
8906.612500000017
 20
11071.56249999997
 10
8906.525724914827
 20
11073.30120352114
 10
8906.266262069083
 20
11075.02262702558
 10
8905.836690121068
 20
11076.70966223313
 10
8905.2412783498
 20
11078.34554262992
 10
8904.485944224987
 20
11079.91401010164
 10
8903.578194596514
 20
11081.39947651391
 10
8902.527051087993
 20
11082.78717863411
 10
8901.342960435838
 20
11084.06332485518
 10
8900.037690664991
 20
11085.21523226256
 10
8898.624214132782
 20
11086.23145268299
 10
8897.116578604066
 20
11087.10188646134
 10
8895.529767638015
 20
11087.81788283566
 10
8893.879551674967
 20
11088.37232591232
 10
8892.182331302523
 20
11088.75970538694
 10
8890.454974259279
 20
11088.97617130826
 10
8888.714647795541
 20
11089.01957234065
 10
8886.978648057615
 20
11088.88947714522
 10
8885.264228190822
 20
11088.58717866643
 10
8883.588426870003
 20
11088.11568128242
 10
8881.967898961594
 20
11087.47967094596
 10
8880.418750000011
 20
11086.68546861354
 10
8878.956376123621
 20
11085.74096742479
 10
8877.595311060984
 20
11084.65555425681
 10
8876.349081688182
 20
11083.4400164333
 10
8875.230073592655
 20
11082.10643451527
 10
8874.249407979515
 20
11080.66806223898
 10
8873.416831144277
 20
11079.13919479432
 10
8872.740617609554
 20
11077.53502675279
 10
8872.227487889235
 20
11075.87150105715
 10
8871.882541697065
 20
11074.16515057307
 10
8871.709207263251
 20
11072.43293377833
 10
8871.709207263251
 20
11070.69206622161
 10
8871.882541697065
 20
11068.95984942687
 10
8872.227487889235
 20
11067.25349894279
 10
8872.740617609554
 20
11065.58997324714
 10
8873.416831144277
 20
11063.98580520562
 10
8874.249407979515
 20
11062.45693776096
 10
8875.230073592655
 20
11061.01856548467
 10
8876.349081688182
 20
11059.68498356663
 10
8877.595311060984
 20
11058.46944574313
 10
8878.956376123621
 20
11057.38403257515
 10
8880.418750000011
 20
11056.43953138639
 10
8881.967898961594
 20
11055.64532905398
 10
8883.588426870003
 20
11055.00931871752
 10
8885.264228190822
 20
11054.5378213335
 10
8886.978648057615
 20
11054.23552285472
 10
8888.714647795541
 20
11054.10542765929
 10
8890.454974259279
 20
11054.14882869169
 10
8892.182331302523
 20
11054.365294613
 10
8893.879551674967
 20
11054.75267408762
 10
8895.529767638015
 20
11055.30711716428
 10
8897.116578604066
 20
11056.0231135386
 10
8898.624214132782
 20
11056.89354731695
 10
8900.037690664991
 20
11057.90976773738
 10
8901.342960435838
 20
11059.06167514477
 10
8902.527051087993
 20
11060.33782136582
 10
8903.578194596514
 20
11061.72552348603
 10
8904.485944224987
 20
11063.2109898983
 10
8905.2412783498
 20
11064.77945737002
 10
8905.836690121068
 20
11066.41533776681
 10
8906.266262069083
 20
11068.10237297436
 10
8906.525724914827
 20
11069.8237964788
 10
8906.612500000017
 20
11071.56249999997
  0
TEXT
  5
1EB
330
17
100
AcDbEntity
  8
NESTED_RESULT
100
AcDbText
 10
9060.067340087901
 20
10995.54376831052
 30
0.0
 40
80.0
  1
503-E
 72
     1
 11
9240.0673400879
 21
11035.54376831052
 31
0.0
100
AcDbText
 73
     2
  0
LWPOLYLINE
  5
1EC
330
17
100
AcDbEntity
  8
NESTED_RESULT
100
AcDbPolyline
 90
        5
 70
     0
 43
0.0
 10
9927.374999999884
 20
10000.0
 10
8470.049999999901
 20
10000.0
 10
8470.049999999901
 20
10584.19999999998
 10
9927.374999999884
 20
10584.19999999998
 10
9927.374999999884
 20
10000.0
  0
LWPOLYLINE
  5
1ED
330
17
100
AcDbEntity
  8
NESTED_RESULT
100
AcDbPolyline
 90
        9
 70
     0
 43
0.0
 10
8590.699999999982
 20
10419.1
 10
9009.799999999899
 20
10419.1
 10
9022.499999999885
 20
10406.39999999988
 10
9022.499999999885
 20
10139.69999999998
 10
9009.799999999899
 20
10127.0
 10
8590.699999999982
 20
10127.0
 10
8577.999999999883
 20
10139.69999999998
 10
8577.999999999883
 20
10406.39999999988
 10
8590.699999999982
 20
10419.1
  0
LWPOLYLINE
  5
1EE
330
17
100
AcDbEntity
  8
NESTED_RESULT
100
AcDbPolyline
 90
       64
 70
     0
 43
0.0
 10
8817.712499999878
 20
10487.36249999999
 10
8817.625724914687
 20
10489.10120352116
 10
8817.366262068942
 20
10490.82262702559
 10
8816.936690120929
 20
10492.50966223314
 10
8816.341278349659
 20
10494.14554262993
 10
8815.585944224848
 20
10495.71401010165
 10
8814.678194596373
 20
10497.19947651392
 10
8813.627051087854
 20
10498.58717863413
 10
8812.442960435699
 20
10499.86332485519
 10
8811.137690664851
 20
10501.01523226258
 10
8809.724214132641
 20
10502.031452683
 10
8808.216578603925
 20
10502.90188646136
 10
8806.629767637872
 20
10503.61788283568
 10
8804.979551674827
 20
10504.17232591234
 10
8803.282331302384
 20
10504.55970538695
 10
8801.554974259142
 20
10504.77617130827
 10
8799.814647795399
 20
10504.81957234067
 10
8798.078648057474
 20
10504.68947714523
 10
8796.364228190681
 20
10504.38717866645
 10
8794.688426869864
 20
10503.91568128243
 10
8793.067898961453
 20
10503.27967094598
 10
8791.518749999871
 20
10502.48546861356
 10
8790.05637612348
 20
10501.5409674248
 10
8788.695311060845
 20
10500.45555425682
 10
8787.449081688043
 20
10499.24001643332
 10
8786.330073592514
 20
10497.90643451528
 10
8785.349407979374
 20
10496.468062239
 10
8784.516831144138
 20
10494.93919479433
 10
8783.840617609413
 20
10493.33502675281
 10
8783.327487889094
 20
10491.67150105716
 10
8782.982541696926
 20
10489.96515057309
 10
8782.809207263111
 20
10488.23293377834
 10
8782.809207263111
 20
10486.49206622163
 10
8782.982541696926
 20
10484.75984942689
 10
8783.327487889094
 20
10483.05349894281
 10
8783.840617609413
 20
10481.38997324716
 10
8784.516831144138
 20
10479.78580520564
 10
8785.349407979374
 20
10478.25693776097
 10
8786.330073592514
 20
10476.81856548469
 10
8787.449081688043
 20
10475.48498356665
 10
8788.695311060845
 20
10474.26944574315
 10
8790.05637612348
 20
10473.18403257517
 10
8791.518749999871
 20
10472.23953138641
 10
8793.067898961453
 20
10471.44532905399
 10
8794.688426869864
 20
10470.80931871754
 10
8796.364228190681
 20
10470.33782133352
 10
8798.078648057474
 20
10470.03552285474
 10
8799.814647795399
 20
10469.90542765931
 10
8801.554974259142
 20
10469.9488286917
 10
8803.282331302384
 20
10470.16529461302
 10
8804.979551674827
 20
10470.55267408764
 10
8806.629767637872
 20
10471.10711716429
 10
8808.216578603925
 20
10471.82311353861
 10
8809.724214132641
 20
10472.69354731697
 10
8811.137690664851
 20
10473.7097677374
 10
8812.442960435699
 20
10474.86167514478
 10
8813.627051087854
 20
10476.13782136584
 10
8814.678194596373
 20
10477.52552348605
 10
8815.585944224848
 20
10479.01098989832
 10
8816.341278349659
 20
10480.57945737004
 10
8816.936690120929
 20
10482.21533776683
 10
8817.366262068942
 20
10483.90237297438
 10
8817.625724914687
 20
10485.62379647881
 10
8817.712499999878
 20
10487.36249999999
  0
TEXT
  5
1EF
330
17
100
AcDbEntity
  8
NESTED_RESULT
100
AcDbText
 10
9383.839844767143
 20
10251.92210388182
 30
0.0
 40
80.0
  1
421-D
 72
     1
 11
9557.173178100477
 21
10291.92210388182
 31
0.0
100
AcDbText
 73
     2
  0
LWPOLYLINE
  5
1F0
330
17
100
AcDbEntity
  8
NESTED_RESULT
100
AcDbPolyline
 90
        5
 70
     0
 43
0.0
 10
8479.575000000011
 20
11171.57499999998
 10
8479.575000000011
 20
11755.77499999999
 10
9933.72499999992
 20
11755.77499999999
 10
9933.72499999992
 20
11171.57499999998
 10
8479.575000000011
 20
11171.57499999998
  0
LWPOLYLINE
  5
1F1
330
17
100
AcDbEntity
  8
NESTED_RESULT
100
AcDbPolyline
 90
        9
 70
     0
 43
0.0
 10
9346.349999999921
 20
11590.67499999999
 10
9765.449999999924
 20
11590.67499999999
 10
9778.149999999937
 20
11577.97499999999
 10
9778.149999999937
 20
11311.27499999999
 10
9765.449999999924
 20
11298.57499999998
 10
9346.349999999921
 20
11298.57499999998
 10
9333.649999999936
 20
11311.27499999999
 10
9333.649999999936
 20
11577.97499999999
 10
9346.349999999921
 20
11590.67499999999
  0
LWPOLYLINE
  5
1F2
330
17
100
AcDbEntity
  8
NESTED_RESULT
100
AcDbPolyline
 90
        9
 70
     0
 43
0.0
 10
8647.84999999992
 20
11590.67499999999
 10
9066.949999999925
 20
11590.67499999999
 10
9079.649999999935
 20
11577.97499999999
 10
9079.649999999935
 20
11311.27499999999
 10
9066.949999999925
 20
11298.57499999998
 10
8647.84999999992
 20
11298.57499999998
 10
8635.149999999937
 20
11311.27499999999
 10
8635.149999999937
 20
11577.97499999999
 10
8647.84999999992
 20
11590.67499999999
  0
LWPOLYLINE
  5
1F3
330
17
100
AcDbEntity
  8
NESTED_RESULT
100
AcDbPolyline
 90
       64
 70
     0
 43
0.0
 10
8874.862499999927
 20
11658.93749999988
 10
8874.775724914741
 20
11660.67620352106
 10
8874.516262068995
 20
11662.39762702551
 10
8874.08669012098
 20
11664.08466223303
 10
8873.491278349714
 20
11665.72054262983
 10
8872.735944224899
 20
11667.28901010156
 10
8871.828194596426
 20
11668.77447651382
 10
8870.777051087905
 20
11670.16217863404
 10
8869.592960435751
 20
11671.43832485509
 10
8868.287690664905
 20
11672.59023226247
 10
8866.874214132694
 20
11673.6064526829
 10
8865.366578603978
 20
11674.47688646125
 10
8863.779767637927
 20
11675.19288283559
 10
8862.129551674881
 20
11675.74732591225
 10
8860.432331302437
 20
11676.13470538685
 10
8858.704974259191
 20
11676.35117130815
 10
8856.964647795452
 20
11676.39457234058
 10
8855.228648057527
 20
11676.26447714514
 10
8853.514228190732
 20
11675.96217866636
 10
8851.838426869916
 20
11675.49068128233
 10
8850.217898961506
 20
11674.85467094588
 10
8848.668749999925
 20
11674.06046861347
 10
8847.206376123533
 20
11673.1159674247
 10
8845.845311060896
 20
11672.03055425671
 10
8844.599081688095
 20
11670.8150164332
 10
8843.480073592568
 20
11669.48143451519
 10
8842.499407979428
 20
11668.04306223889
 10
8841.666831144189
 20
11666.51419479421
 10
8840.990617609467
 20
11664.91002675271
 10
8840.477487889147
 20
11663.24650105704
 10
8840.132541696979
 20
11661.54015057298
 10
8839.959207263165
 20
11659.80793377824
 10
8839.959207263165
 20
11658.06706622153
 10
8840.132541696979
 20
11656.33484942678
 10
8840.477487889147
 20
11654.62849894272
 10
8840.990617609467
 20
11652.96497324705
 10
8841.666831144189
 20
11651.36080520555
 10
8842.499407979428
 20
11649.83193776087
 10
8843.480073592568
 20
11648.39356548457
 10
8844.599081688095
 20
11647.05998356656
 10
8845.845311060896
 20
11645.84444574306
 10
8847.206376123533
 20
11644.75903257506
 10
8848.668749999925
 20
11643.81453138629
 10
8850.217898961506
 20
11643.02032905389
 10
8851.838426869916
 20
11642.38431871744
 10
8853.514228190732
 20
11641.9128213334
 10
8855.228648057527
 20
11641.61052285462
 10
8856.964647795452
 20
11641.48042765919
 10
8858.704974259191
 20
11641.52382869161
 10
8860.432331302437
 20
11641.74029461291
 10
8862.129551674881
 20
11642.12767408751
 10
8863.779767637927
 20
11642.68211716418
 10
8865.366578603978
 20
11643.39811353851
 10
8866.874214132694
 20
11644.26854731686
 10
8868.287690664905
 20
11645.28476773729
 10
8869.592960435751
 20
11646.43667514468
 10
8870.777051087905
 20
11647.71282136572
 10
8871.828194596426
 20
11649.10052348595
 10
8872.735944224899
 20
11650.5859898982
 10
8873.491278349714
 20
11652.15445736993
 10
8874.08669012098
 20
11653.79033776674
 10
8874.516262068995
 20
11655.47737297426
 10
8874.775724914741
 20
11657.19879647871
 10
8874.862499999927
 20
11658.93749999988
  0
LWPOLYLINE
  5
1F4
330
17
100
AcDbEntity
  8
NESTED_RESULT
100
AcDbPolyline
 90
       64
 70
     0
 43
0.0
 10
9573.362499999928
 20
11658.93749999988
 10
9573.275724914742
 20
11660.67620352106
 10
9573.016262068996
 20
11662.39762702551
 10
9572.586690120981
 20
11664.08466223303
 10
9571.991278349711
 20
11665.72054262983
 10
9571.2359442249
 20
11667.28901010156
 10
9570.328194596426
 20
11668.77447651382
 10
9569.277051087905
 20
11670.16217863404
 10
9568.092960435752
 20
11671.43832485509
 10
9566.787690664904
 20
11672.59023226247
 10
9565.374214132697
 20
11673.6064526829
 10
9563.866578603978
 20
11674.47688646125
 10
9562.27976763793
 20
11675.19288283559
 10
9560.62955167488
 20
11675.74732591225
 10
9558.932331302436
 20
11676.13470538685
 10
9557.204974259191
 20
11676.35117130815
 10
9555.464647795451
 20
11676.39457234058
 10
9553.728648057527
 20
11676.26447714514
 10
9552.014228190733
 20
11675.96217866636
 10
9550.338426869915
 20
11675.49068128233
 10
9548.717898961506
 20
11674.85467094588
 10
9547.168749999924
 20
11674.06046861347
 10
9545.706376123531
 20
11673.1159674247
 10
9544.345311060896
 20
11672.03055425671
 10
9543.099081688096
 20
11670.8150164332
 10
9541.980073592569
 20
11669.48143451519
 10
9540.999407979427
 20
11668.04306223889
 10
9540.166831144189
 20
11666.51419479421
 10
9539.490617609466
 20
11664.91002675271
 10
9538.977487889146
 20
11663.24650105704
 10
9538.632541696978
 20
11661.54015057298
 10
9538.459207263164
 20
11659.80793377824
 10
9538.459207263164
 20
11658.06706622153
 10
9538.632541696978
 20
11656.33484942678
 10
9538.977487889146
 20
11654.62849894272
 10
9539.490617609466
 20
11652.96497324705
 10
9540.166831144189
 20
11651.36080520555
 10
9540.999407979427
 20
11649.83193776087
 10
9541.980073592569
 20
11648.39356548457
 10
9543.099081688096
 20
11647.05998356656
 10
9544.345311060896
 20
11645.84444574306
 10
9545.706376123531
 20
11644.75903257506
 10
9547.168749999924
 20
11643.81453138629
 10
9548.717898961506
 20
11643.02032905389
 10
9550.338426869915
 20
11642.38431871744
 10
9552.014228190733
 20
11641.9128213334
 10
9553.728648057527
 20
11641.61052285462
 10
9555.464647795451
 20
11641.48042765919
 10
9557.204974259191
 20
11641.52382869161
 10
9558.932331302436
 20
11641.74029461291
 10
9560.62955167488
 20
11642.12767408751
 10
9562.27976763793
 20
11642.68211716418
 10
9563.866578603978
 20
11643.39811353851
 10
9565.374214132697
 20
11644.26854731686
 10
9566.787690664904
 20
11645.28476773729
 10
9568.092960435752
 20
11646.43667514468
 10
9569.277051087905
 20
11647.71282136572
 10
9570.328194596426
 20
11649.10052348595
 10
9571.2359442249
 20
11650.5859898982
 10
9571.991278349711
 20
11652.15445736993
 10
9572.586690120981
 20
11653.79033776674
 10
9573.016262068996
 20
11655.47737297426
 10
9573.275724914742
 20
11657.19879647871
 10
9573.362499999928
 20
11658.93749999988
  0
TEXT
  5
1F5
330
17
100
AcDbEntity
  8
NESTED_RESULT
100
AcDbText
 10
9026.472491455042
 20
11581.48009643552
 30
0.0
 40
80.0
  1
505-D
 72
     1
 11
9206.472491455041
 21
11621.48009643552
 31
0.0
100
AcDbText
 73
     2
  0
LWPOLYLINE
  5
1F6
330
17
100
AcDbEntity
  8
NESTED_RESULT
 62
     1
100
AcDbPolyline
 90
        5
 70
     0
 43
0.0
 10
10200.0
 20
10000.0
 10
13400.0
 20
10000.0
 10
13400.0
 20
11800.0
 10
10200.0
 20
11800.0
 10
10200.0
 20
10000.0
  0
TEXT
  5
1F7
330
17
100
AcDbEntity
  8
NESTED_RESULT
 62
     1
100
AcDbText
 10
10200.0
 20
11846.66666666666
 30
0.0
 40
50.0
  1
Sheet_34
 11
10200.0
 21
11830.0
 31
0.0
100
AcDbText
 73
     1
  0
LWPOLYLINE
  5
1F8
330
17
100
AcDbEntity
  8
NESTED_RESULT
100
AcDbPolyline
 90
        5
 70
     0
 43
0.0
 10
12019.27499999999
 20
10901.70000000001
 10
10200.0
 20
10901.70000000001
 10
10200.0
 20
11549.39999999999
 10
12019.27499999999
 20
11549.39999999999
 10
12019.27499999999
 20
10901.70000000001
  0
LWPOLYLINE
  5
1F9
330
17
100
AcDbEntity
  8
NESTED_RESULT
100
AcDbPolyline
 90
        5
 70
     0
 43
0.0
 10
11560.487
 20
11047.75
 10
10912.78699999999
 20
11047.75
 10
10912.78699999999
 20
11441.45000000001
 10
11560.487
 20
11441.45000000001
 10
11560.487
 20
11047.75
  0
LWPOLYLINE
  5
1FA
330
17
100
AcDbEntity
  8
NESTED_RESULT
100
AcDbPolyline
 90
       64
 70
     0
 43
0.0
 10
11219.1745
 20
10992.1875
 10
11219.26127508518
 20
10990.44879647883
 10
11219.52073793094
 20
10988.72737297439
 10
11219.95030987895
 20
10987.04033776684
 10
11220.54572165021
 20
10985.40445737005
 10
11221.30105577502
 20
10983.83598989833
 10
11222.20880540351
 20
10982.35052348606
 10
11223.25994891203
 20
10980.96282136586
 10
11224.44403956417
 20
10979.68667514479
 10
11225.74930933505
 20
10978.53476773741
 10
11227.16278586724
 20
10977.51854731698
 10
11228.67042139597
 20
10976.64811353862
 10
11230.25723236199
 20
10975.93211716431
 10
11231.90744832506
 20
10975.37767408765
 10
11233.60466869748
 20
10974.99029461303
 10
11235.33202574074
 20
10974.77382869171
 10
11237.07235220447
 20
10974.73042765932
 10
11238.80835194241
 20
10974.86052285475
 10
11240.52277180922
 20
10975.16282133353
 10
11242.19857313002
 20
10975.63431871755
 10
11243.81910103842
 20
10976.27032905401
 10
11245.36825
 20
10977.06453138642
 10
11246.8306238764
 20
10978.00903257518
 10
11248.19168893904
 20
10979.09444574316
 10
11249.43791831183
 20
10980.30998356666
 10
11250.55692640738
 20
10981.6435654847
 10
11251.53759202049
 20
10983.08193776099
 10
11252.37016885574
 20
10984.61080520565
 10
11253.04638239047
 20
10986.21497324717
 10
11253.55951211078
 20
10987.87849894282
 10
11253.90445830296
 20
10989.5848494269
 10
11254.07779273678
 20
10991.31706622164
 10
11254.07779273678
 20
10993.05793377835
 10
11253.90445830296
 20
10994.7901505731
 10
11253.55951211078
 20
10996.49650105717
 10
11253.04638239047
 20
10998.16002675283
 10
11252.37016885574
 20
10999.76419479435
 10
11251.53759202049
 20
11001.29306223901
 10
11250.55692640738
 20
11002.7314345153
 10
11249.43791831183
 20
11004.06501643333
 10
11248.19168893904
 20
11005.28055425684
 10
11246.8306238764
 20
11006.36596742482
 10
11245.36825
 20
11007.31046861358
 10
11243.81910103842
 20
11008.10467094599
 10
11242.19857313002
 20
11008.74068128245
 10
11240.52277180922
 20
11009.21217866646
 10
11238.80835194241
 20
11009.51447714525
 10
11237.07235220447
 20
11009.64457234068
 10
11235.33202574074
 20
11009.60117130828
 10
11233.60466869748
 20
11009.38470538697
 10
11231.90744832506
 20
11008.99732591235
 10
11230.25723236199
 20
11008.44288283569
 10
11228.67042139597
 20
11007.72688646137
 10
11227.16278586724
 20
11006.85645268301
 10
11225.74930933505
 20
11005.84023226259
 10
11224.44403956417
 20
11004.6883248552
 10
11223.25994891203
 20
11003.41217863414
 10
11222.20880540351
 20
11002.02447651393
 10
11221.30105577502
 20
11000.53901010167
 10
11220.54572165021
 20
10998.97054262995
 10
11219.95030987895
 20
10997.33466223316
 10
11219.52073793094
 20
10995.64762702561
 10
11219.26127508518
 20
10993.92620352117
 10
11219.1745
 20
10992.1875
  0
TEXT
  5
1FB
330
17
100
AcDbEntity
  8
NESTED_RESULT
100
AcDbText
 10
10395.0965037028
 20
11185.32792053223
 30
0.0
 40
80.0
  1
518-B
 72
     1
 11
10568.42983703613
 21
11225.32792053223
 31
0.0
100
AcDbText
 73
     2
  0
LWPOLYLINE
  5
1FC
330
17
100
AcDbEntity
  8
NESTED_RESULT
100
AcDbPolyline
 90
        8
 70
     0
 43
0.0
 10
12797.14999999996
 20
10254.0
 10
12155.79999999999
 20
10254.0
 10
12146.27499999996
 20
10244.47500000012
 10
12146.27499999996
 20
10000.0
 10
11498.57499999998
 20
10000.0
 10
11498.57499999998
 20
10901.70000000001
 10
12797.14999999996
 20
10901.70000000001
 10
12797.14999999996
 20
10254.0
  0
TEXT
  5
1FD
330
17
100
AcDbEntity
  8
NESTED_RESULT
100
AcDbText
 10
11707.26873575844
 20
10479.64657592774
 30
0.0
 40
80.0
  1
416-B
 72
     1
 11
11880.60206909177
 21
10519.64657592774
 31
0.0
100
AcDbText
 73
     2
  0
LWPOLYLINE
  5
1FE
330
17
100
AcDbEntity
  8
NESTED_RESULT
100
AcDbPolyline
 90
        8
 70
     0
 43
0.0
 10
11498.57499999998
 20
10254.0
 10
10857.225
 20
10254.0
 10
10847.69999999998
 20
10244.47499999997
 10
10847.69999999998
 20
10000.0
 10
10200.0
 20
10000.0
 10
10200.0
 20
10901.69999999998
 10
11498.57499999998
 20
10901.69999999998
 10
11498.57499999998
 20
10254.0
  0
TEXT
  5
1FF
330
17
100
AcDbEntity
  8
NESTED_RESULT
100
AcDbText
 10
10408.69373575846
 20
10479.64657592772
 30
0.0
 40
80.0
  1
516-B
 72
     1
 11
10582.02706909179
 21
10519.64657592772
 31
0.0
100
AcDbText
 73
     2
  0
LWPOLYLINE
  5
200
330
17
100
AcDbEntity
  8
NESTED_RESULT
100
AcDbPolyline
 90
        5
 70
     0
 43
0.0
 10
12797.14999999996
 20
10000.0
 10
12797.14999999996
 20
11657.35
 10
13381.34999999997
 20
11657.35
 10
13381.34999999997
 20
10000.0
 10
12797.14999999996
 20
10000.0
  0
LWPOLYLINE
  5
201
330
17
100
AcDbEntity
  8
NESTED_RESULT
100
AcDbPolyline
 90
        9
 70
     0
 43
0.0
 10
13216.24999999997
 20
11435.1
 10
13216.24999999997
 20
11016.0
 10
13203.54999999999
 20
11003.29999999999
 10
12936.84999999997
 20
11003.29999999999
 10
12924.14999999996
 20
11016.0
 10
12924.14999999996
 20
11435.1
 10
12936.84999999997
 20
11447.79999999999
 10
13203.54999999999
 20
11447.79999999999
 10
13216.24999999997
 20
11435.1
  0
LWPOLYLINE
  5
202
330
17
100
AcDbEntity
  8
NESTED_RESULT
100
AcDbPolyline
 90
        9
 70
     0
 43
0.0
 10
13216.53686369618
 20
10634.99999999988
 10
13216.53686369618
 20
10215.89999999999
 10
13203.83686369617
 20
10203.19999999998
 10
12937.13686369618
 20
10203.19999999998
 10
12924.43686369617
 20
10215.89999999999
 10
12924.43686369617
 20
10634.99999999988
 10
12937.13686369618
 20
10647.69999999998
 10
13203.83686369617
 20
10647.69999999998
 10
13216.53686369618
 20
10634.99999999988
  0
LWPOLYLINE
  5
203
330
17
100
AcDbEntity
  8
NESTED_RESULT
100
AcDbPolyline
 90
       64
 70
     0
 43
0.0
 10
13284.51249999998
 20
11208.08749999999
 10
13286.25120352115
 20
11208.17427508518
 10
13287.97262702559
 20
11208.43373793092
 10
13289.65966223314
 20
11208.86330987894
 10
13291.29554262993
 20
11209.45872165021
 10
13292.86401010165
 20
11210.21405577502
 10
13294.34947651392
 20
11211.1218054035
 10
13295.73717863412
 20
11212.17294891202
 10
13297.01332485519
 20
11213.35703956417
 10
13298.16523226257
 20
11214.66230933502
 10
13299.181452683
 20
11216.07578586723
 10
13300.05188646135
 20
11217.58342139594
 10
13300.76788283567
 20
11219.170232362
 10
13301.32232591233
 20
11220.82044832504
 10
13301.70970538695
 20
11222.51766869749
 10
13301.92617130827
 20
11224.24502574073
 10
13301.96957234066
 20
11225.98535220447
 10
13301.83947714523
 20
11227.72135194239
 10
13301.53717866644
 20
11229.43577180919
 10
13301.06568128243
 20
11231.11157313001
 10
13300.42967094597
 20
11232.73210103842
 10
13299.63546861356
 20
11234.28125
 10
13298.6909674248
 20
11235.74362387639
 10
13297.60555425682
 20
11237.10468893903
 10
13296.39001643331
 20
11238.35091831183
 10
13295.05643451528
 20
11239.46992640735
 10
13293.61806223899
 20
11240.45059202049
 10
13292.08919479433
 20
11241.28316885573
 10
13290.4850267528
 20
11241.95938239046
 10
13288.82150105716
 20
11242.47251211077
 10
13287.11515057308
 20
11242.81745830295
 10
13285.38293377834
 20
11242.99079273676
 10
13283.64206622162
 20
11242.99079273676
 10
13281.90984942688
 20
11242.81745830295
 10
13280.20349894281
 20
11242.47251211077
 10
13278.53997324715
 20
11241.95938239046
 10
13276.93580520563
 20
11241.28316885573
 10
13275.40693776097
 20
11240.45059202049
 10
13273.96856548468
 20
11239.46992640735
 10
13272.63498356665
 20
11238.35091831183
 10
13271.41944574314
 20
11237.10468893903
 10
13270.33403257516
 20
11235.74362387639
 10
13269.3895313864
 20
11234.28125
 10
13268.59532905399
 20
11232.73210103842
 10
13267.95931871753
 20
11231.11157313001
 10
13267.48782133352
 20
11229.43577180919
 10
13267.18552285473
 20
11227.72135194239
 10
13267.0554276593
 20
11225.98535220447
 10
13267.0988286917
 20
11224.24502574073
 10
13267.31529461301
 20
11222.51766869749
 10
13267.70267408763
 20
11220.82044832504
 10
13268.25711716429
 20
11219.170232362
 10
13268.97311353861
 20
11217.58342139594
 10
13269.84354731697
 20
11216.07578586723
 10
13270.85976773739
 20
11214.66230933502
 10
13272.01167514478
 20
11213.35703956417
 10
13273.28782136584
 20
11212.17294891202
 10
13274.67552348605
 20
11211.1218054035
 10
13276.16098989831
 20
11210.21405577502
 10
13277.72945737003
 20
11209.45872165021
 10
13279.36533776682
 20
11208.86330987894
 10
13281.05237297437
 20
11208.43373793092
 10
13282.77379647881
 20
11208.17427508518
 10
13284.51249999998
 20
11208.08749999999
  0
LWPOLYLINE
  5
204
330
17
100
AcDbEntity
  8
NESTED_RESULT
100
AcDbPolyline
 90
       64
 70
     0
 43
0.0
 10
13284.79936369619
 20
10407.98749999999
 10
13286.53806721736
 20
10408.07427508518
 10
13288.2594907218
 20
10408.33373793092
 10
13289.94652592935
 20
10408.76330987893
 10
13291.58240632614
 20
10409.3587216502
 10
13293.15087379786
 20
10410.11405577502
 10
13294.63634021013
 20
10411.02180540349
 10
13296.02404233033
 20
10412.07294891201
 10
13297.30018855139
 20
10413.25703956416
 10
13298.45209595878
 20
10414.56230933501
 10
13299.46831637921
 20
10415.97578586722
 10
13300.33875015756
 20
10417.48342139594
 10
13301.05474653188
 20
10419.07023236199
 10
13301.60918960854
 20
10420.72044832504
 10
13301.99656908316
 20
10422.41766869748
 10
13302.21303500447
 20
10424.14502574072
 10
13302.25643603687
 20
10425.88535220446
 10
13302.12634084144
 20
10427.62135194239
 10
13301.82404236265
 20
10429.33577180919
 10
13301.35254497864
 20
10431.01157313
 10
13300.71653464218
 20
10432.63210103841
 10
13299.92233230977
 20
10434.18124999999
 10
13298.97783112101
 20
10435.64362387638
 10
13297.89241795303
 20
10437.00468893902
 10
13296.67688012952
 20
10438.25091831182
 10
13295.34329821149
 20
10439.36992640735
 10
13293.9049259352
 20
10440.35059202049
 10
13292.37605849054
 20
10441.18316885572
 10
13290.77189044902
 20
10441.85938239045
 10
13289.10836475337
 20
10442.37251211077
 10
13287.40201426929
 20
10442.71745830294
 10
13285.66979747455
 20
10442.89079273675
 10
13283.92892991783
 20
10442.89079273675
 10
13282.19671312309
 20
10442.71745830294
 10
13280.49036263901
 20
10442.37251211077
 10
13278.82683694336
 20
10441.85938239045
 10
13277.22266890184
 20
10441.18316885572
 10
13275.69380145718
 20
10440.35059202049
 10
13274.25542918089
 20
10439.36992640735
 10
13272.92184726285
 20
10438.25091831182
 10
13271.70630943935
 20
10437.00468893902
 10
13270.62089627137
 20
10435.64362387638
 10
13269.67639508261
 20
10434.18124999999
 10
13268.8821927502
 20
10432.63210103841
 10
13268.24618241374
 20
10431.01157313
 10
13267.77468502972
 20
10429.33577180919
 10
13267.47238655094
 20
10427.62135194239
 10
13267.34229135551
 20
10425.88535220446
 10
13267.38569238791
 20
10424.14502574072
 10
13267.60215830922
 20
10422.41766869748
 10
13267.98953778384
 20
10420.72044832504
 10
13268.5439808605
 20
10419.07023236199
 10
13269.25997723482
 20
10417.48342139594
 10
13270.13041101317
 20
10415.97578586722
 10
13271.1466314336
 20
10414.56230933501
 10
13272.29853884099
 20
10413.25703956416
 10
13273.57468506205
 20
10412.07294891201
 10
13274.96238718225
 20
10411.02180540349
 10
13276.44785359452
 20
10410.11405577502
 10
13278.01632106624
 20
10409.3587216502
 10
13279.65220146303
 20
10408.76330987893
 10
13281.33923667058
 20
10408.33373793092
 10
13283.06066017502
 20
10408.07427508518
 10
13284.79936369619
 20
10407.98749999999
  0
TEXT
  5
205
330
17
100
AcDbEntity
  8
NESTED_RESULT
100
AcDbText
 10
12922.5833333333
 20
10785.49999999998
 30
0.0
 40
80.0
  1
510-D
 72
     1
 11
13089.24999999997
 21
10825.49999999998
 31
0.0
100
AcDbText
 73
     2
  0
LWPOLYLINE
  5
206
330
17
100
AcDbEntity
  8
NESTED_RESULT
100
AcDbPolyline
 90
        5
 70
     0
 43
0.0
 10
12670.14999999999
 20
10901.70000000001
 10
12670.14999999999
 20
11549.40000000002
 10
12019.27499999999
 20
11549.40000000002
 10
12019.27499999999
 20
10901.70000000001
 10
12670.14999999999
 20
10901.70000000001
  0
TEXT
  5
207
330
17
100
AcDbEntity
  8
NESTED_RESULT
100
AcDbText
 10
12164.71249999999
 20
11185.55000000001
 30
0.0
 40
80.0
  1
403-B
 72
     1
 11
12344.71249999999
 21
11225.55000000001
 31
0.0
100
AcDbText
 73
     2
  0
LWPOLYLINE
  5
208
330
17
100
AcDbEntity
  8
NESTED_RESULT
 62
     1
100
AcDbPolyline
 90
        5
 70
     0
 43
0.0
 10
13600.0
 20
10000.0
 10
16800.0
 20
10000.0
 10
16800.0
 20
11800.0
 10
13600.0
 20
11800.0
 10
13600.0
 20
10000.0
  0
TEXT
  5
209
330
17
100
AcDbEntity
  8
NESTED_RESULT
 62
     1
100
AcDbText
 10
13600.0
 20
11846.66666666666
 30
0.0
 40
50.0
  1
Sheet_35
 11
13600.0
 21
11830.0
 31
0.0
100
AcDbText
 73
     1
  0
LWPOLYLINE
  5
20A
330
17
100
AcDbEntity
  8
NESTED_RESULT
100
AcDbPolyline
 90
        5
 70
     0
 43
0.0
 10
15419.275
 20
10901.70000000001
 10
13600.0
 20
10901.70000000001
 10
13600.0
 20
11552.57500000001
 10
15419.275
 20
11552.57500000001
 10
15419.275
 20
10901.70000000001
  0
LWPOLYLINE
  5
20B
330
17
100
AcDbEntity
  8
NESTED_RESULT
100
AcDbPolyline
 90
        5
 70
     0
 43
0.0
 10
14706.4880000001
 20
11403.35
 10
14706.4880000001
 20
11009.64999999999
 10
14058.788
 20
11009.64999999999
 10
14058.788
 20
11403.35
 10
14706.4880000001
 20
11403.35
  0
LWPOLYLINE
  5
20C
330
17
100
AcDbEntity
  8
NESTED_RESULT
100
AcDbPolyline
 90
       64
 70
     0
 43
0.0
 10
14400.1005
 20
11458.9125
 10
14400.01372491482
 20
11460.65120352118
 10
14399.75426206906
 20
11462.37262702561
 10
14399.32469012105
 20
11464.05966223316
 10
14398.72927834979
 20
11465.69554262995
 10
14397.97394422498
 20
11467.26401010167
 10
14397.06619459649
 20
11468.74947651394
 10
14396.01505108797
 20
11470.13717863414
 10
14394.83096043583
 20
11471.41332485521
 10
14393.52569066496
 20
11472.56523226259
 10
14392.11221413276
 20
11473.58145268302
 10
14390.60457860403
 20
11474.45188646137
 10
14389.01776763801
 20
11475.16788283569
 10
14387.36755167495
 20
11475.72232591235
 10
14385.67033130252
 20
11476.10970538697
 10
14383.94297425926
 20
11476.32617130829
 10
14382.20264779553
 20
11476.36957234068
 10
14380.4666480576
 20
11476.23947714525
 10
14378.75222819078
 20
11475.93717866647
 10
14377.07642686998
 20
11475.46568128245
 10
14375.45589896159
 20
11474.82967094599
 10
14373.90675000001
 20
11474.03546861358
 10
14372.4443761236
 20
11473.09096742482
 10
14371.08331106097
 20
11472.00555425684
 10
14369.83708168818
 20
11470.79001643334
 10
14368.71807359262
 20
11469.4564345153
 10
14367.73740797951
 20
11468.01806223902
 10
14366.90483114426
 20
11466.48919479435
 10
14366.22861760953
 20
11464.88502675283
 10
14365.71548788923
 20
11463.22150105718
 10
14365.37054169705
 20
11461.5151505731
 10
14365.19720726322
 20
11459.78293377836
 10
14365.19720726322
 20
11458.04206622165
 10
14365.37054169705
 20
11456.30984942691
 10
14365.71548788923
 20
11454.60349894283
 10
14366.22861760953
 20
11452.93997324718
 10
14366.90483114426
 20
11451.33580520566
 10
14367.73740797951
 20
11449.80693776099
 10
14368.71807359262
 20
11448.36856548471
 10
14369.83708168818
 20
11447.03498356667
 10
14371.08331106097
 20
11445.81944574317
 10
14372.4443761236
 20
11444.73403257519
 10
14373.90675000001
 20
11443.78953138643
 10
14375.45589896159
 20
11442.99532905401
 10
14377.07642686998
 20
11442.35931871755
 10
14378.75222819078
 20
11441.88782133354
 10
14380.4666480576
 20
11441.58552285476
 10
14382.20264779553
 20
11441.45542765932
 10
14383.94297425926
 20
11441.49882869172
 10
14385.67033130252
 20
11441.71529461303
 10
14387.36755167495
 20
11442.10267408765
 10
14389.01776763801
 20
11442.65711716432
 10
14390.60457860403
 20
11443.37311353863
 10
14392.11221413276
 20
11444.24354731699
 10
14393.52569066496
 20
11445.25976773741
 10
14394.83096043583
 20
11446.4116751448
 10
14396.01505108797
 20
11447.68782136586
 10
14397.06619459649
 20
11449.07552348607
 10
14397.97394422498
 20
11450.56098989833
 10
14398.72927834979
 20
11452.12945737006
 10
14399.32469012105
 20
11453.76533776685
 10
14399.75426206906
 20
11455.45237297439
 10
14400.01372491482
 20
11457.17379647883
 10
14400.1005
 20
11458.9125
  0
TEXT
  5
20D
330
17
100
AcDbEntity
  8
NESTED_RESULT
100
AcDbText
 10
14931.26362609864
 20
11186.91542053223
 30
0.0
 40
80.0
  1
411-B
 72
     1
 11
15091.26362609864
 21
11226.91542053223
 31
0.0
100
AcDbText
 73
     2
  0
LWPOLYLINE
  5
20E
330
17
100
AcDbEntity
  8
NESTED_RESULT
100
AcDbPolyline
 90
        8
 70
     0
 43
0.0
 10
14250.875
 20
10901.70000000001
 10
13600.0
 20
10901.70000000001
 10
13600.0
 20
10000.0
 10
14847.77500000002
 20
10000.0
 10
14847.77500000002
 20
10650.875
 10
14260.40000000002
 20
10650.875
 10
14250.875
 20
10660.40000000002
 10
14250.875
 20
10901.70000000001
  0
TEXT
  5
20F
330
17
100
AcDbEntity
  8
NESTED_RESULT
100
AcDbText
 10
13824.14166870118
 20
10344.1354675293
 30
0.0
 40
80.0
  1
411-A
 72
     1
 11
13984.14166870118
 21
10384.1354675293
 31
0.0
100
AcDbText
 73
     2
  0
LWPOLYLINE
  5
210
330
17
100
AcDbEntity
  8
NESTED_RESULT
100
AcDbPolyline
 90
        8
 70
     0
 43
0.0
 10
16095.55000000005
 20
10250.82499999989
 10
16095.55000000005
 20
10901.69999999989
 10
14847.77500000002
 20
10901.69999999989
 10
14847.77500000002
 20
10000.0
 10
15498.64999999993
 20
10000.0
 10
15498.64999999993
 20
10241.29999999999
 10
15508.17499999993
 20
10250.82499999989
 10
16095.55000000005
 20
10250.82499999989
  0
TEXT
  5
211
330
17
100
AcDbEntity
  8
NESTED_RESULT
100
AcDbText
 10
15058.58333536786
 20
10477.56453247065
 30
0.0
 40
80.0
  1
413-B
 72
     1
 11
15231.9166687012
 21
10517.56453247065
 31
0.0
100
AcDbText
 73
     2
  0
LWPOLYLINE
  5
212
330
17
100
AcDbEntity
  8
NESTED_RESULT
100
AcDbPolyline
 90
        5
 70
     0
 43
0.0
 10
16095.79999999999
 20
11657.35000000003
 10
16680.0
 20
11657.35000000003
 10
16680.0
 20
10000.0
 10
16095.79999999999
 20
10000.0
 10
16095.79999999999
 20
11657.35000000003
  0
LWPOLYLINE
  5
213
330
17
100
AcDbEntity
  8
NESTED_RESULT
100
AcDbPolyline
 90
        9
 70
     0
 43
0.0
 10
16514.89999999999
 20
10641.34999999992
 10
16514.89999999999
 20
10222.24999999991
 10
16502.20000000001
 20
10209.55000000001
 10
16235.5
 20
10209.55000000001
 10
16222.79999999999
 20
10222.24999999991
 10
16222.79999999999
 20
10641.34999999992
 10
16235.5
 20
10654.05000000001
 10
16502.20000000001
 20
10654.05000000001
 10
16514.89999999999
 20
10641.34999999992
  0
LWPOLYLINE
  5
214
330
17
100
AcDbEntity
  8
NESTED_RESULT
100
AcDbPolyline
 90
        9
 70
     0
 43
0.0
 10
16514.89999999999
 20
11438.32500000001
 10
16514.89999999999
 20
11019.22500000003
 10
16502.20000000001
 20
11006.52500000002
 10
16235.5
 20
11006.52500000002
 10
16222.79999999999
 20
11019.22500000003
 10
16222.79999999999
 20
11438.32500000001
 10
16235.5
 20
11451.02500000002
 10
16502.20000000001
 20
11451.02500000002
 10
16514.89999999999
 20
11438.32500000001
  0
LWPOLYLINE
  5
215
330
17
100
AcDbEntity
  8
NESTED_RESULT
100
AcDbPolyline
 90
       64
 70
     0
 43
0.0
 10
16583.1625
 20
11211.3125
 10
16584.90120352118
 20
11211.39927508519
 10
16586.62262702561
 20
11211.65873793093
 10
16588.30966223316
 20
11212.08830987894
 10
16589.94554262995
 20
11212.68372165021
 10
16591.51401010167
 20
11213.43905577503
 10
16592.99947651394
 20
11214.34680540353
 10
16594.38717863415
 20
11215.39794891205
 10
16595.66332485521
 20
11216.58203956418
 10
16596.81523226259
 20
11217.88730933505
 10
16597.83145268302
 20
11219.30078586726
 10
16598.70188646138
 20
11220.80842139598
 10
16599.41788283569
 20
11222.395232362
 10
16599.97232591235
 20
11224.04544832505
 10
16600.35970538697
 20
11225.74266869749
 10
16600.57617130829
 20
11227.47002574074
 10
16600.61957234068
 20
11229.21035220448
 10
16600.48947714525
 20
11230.94635194243
 10
16600.18717866647
 20
11232.66077180923
 10
16599.71568128245
 20
11234.33657313004
 10
16599.07967094599
 20
11235.95710103842
 10
16598.28546861358
 20
11237.50625
 10
16597.34096742482
 20
11238.96862387639
 10
16596.25555425684
 20
11240.32968893903
 10
16595.04001643334
 20
11241.57591831183
 10
16593.7064345153
 20
11242.69492640739
 10
16592.26806223902
 20
11243.6755920205
 10
16590.73919479435
 20
11244.50816885574
 10
16589.13502675283
 20
11245.18438239046
 10
16587.47150105718
 20
11245.69751211078
 10
16585.7651505731
 20
11246.04245830298
 10
16584.03293377836
 20
11246.2157927368
 10
16582.29206622165
 20
11246.2157927368
 10
16580.55984942691
 20
11246.04245830298
 10
16578.85349894283
 20
11245.69751211078
 10
16577.18997324718
 20
11245.18438239046
 10
16575.58580520566
 20
11244.50816885574
 10
16574.05693776099
 20
11243.6755920205
 10
16572.6185654847
 20
11242.69492640739
 10
16571.28498356667
 20
11241.57591831183
 10
16570.06944574316
 20
11240.32968893903
 10
16568.98403257518
 20
11238.96862387639
 10
16568.03953138643
 20
11237.50625
 10
16567.24532905401
 20
11235.95710103842
 10
16566.60931871756
 20
11234.33657313004
 10
16566.13782133354
 20
11232.66077180923
 10
16565.83552285476
 20
11230.94635194243
 10
16565.70542765932
 20
11229.21035220448
 10
16565.74882869171
 20
11227.47002574074
 10
16565.96529461304
 20
11225.74266869749
 10
16566.35267408765
 20
11224.04544832505
 10
16566.90711716431
 20
11222.395232362
 10
16567.62311353863
 20
11220.80842139598
 10
16568.49354731699
 20
11219.30078586726
 10
16569.50976773741
 20
11217.88730933505
 10
16570.6616751448
 20
11216.58203956418
 10
16571.93782136586
 20
11215.39794891205
 10
16573.32552348607
 20
11214.34680540353
 10
16574.81098989834
 20
11213.43905577503
 10
16576.37945737006
 20
11212.68372165021
 10
16578.01533776684
 20
11212.08830987894
 10
16579.70237297439
 20
11211.65873793093
 10
16581.42379647883
 20
11211.39927508519
 10
16583.1625
 20
11211.3125
  0
LWPOLYLINE
  5
216
330
17
100
AcDbEntity
  8
NESTED_RESULT
100
AcDbPolyline
 90
       64
 70
     0
 43
0.0
 10
16583.1625
 20
10414.33750000002
 10
16584.90120352118
 20
10414.42427508521
 10
16586.62262702561
 20
10414.68373793096
 10
16588.30966223316
 20
10415.11330987897
 10
16589.94554262995
 20
10415.70872165024
 10
16591.51401010167
 20
10416.46405577502
 10
16592.99947651394
 20
10417.37180540353
 10
16594.38717863415
 20
10418.42294891205
 10
16595.66332485521
 20
10419.60703956417
 10
16596.81523226259
 20
10420.91230933508
 10
16597.83145268302
 20
10422.32578586726
 10
16598.70188646138
 20
10423.83342139598
 10
16599.41788283569
 20
10425.42023236199
 10
16599.97232591235
 20
10427.07044832507
 10
16600.35970538697
 20
10428.76766869751
 10
16600.57617130829
 20
10430.49502574076
 10
16600.61957234068
 20
10432.23535220447
 10
16600.48947714525
 20
10433.97135194242
 10
16600.18717866647
 20
10435.68577180925
 10
16599.71568128245
 20
10437.36157313003
 10
16599.07967094599
 20
10438.98210103844
 10
16598.28546861358
 20
10440.53125
 10
16597.34096742482
 20
10441.99362387642
 10
16596.25555425684
 20
10443.35468893905
 10
16595.04001643334
 20
10444.60091831186
 10
16593.7064345153
 20
10445.71992640738
 10
16592.26806223902
 20
10446.70059202053
 10
16590.73919479435
 20
10447.53316885576
 10
16589.13502675283
 20
10448.20938239049
 10
16587.47150105718
 20
10448.72251211077
 10
16585.7651505731
 20
10449.06745830297
 10
16584.03293377836
 20
10449.24079273682
 10
16582.29206622165
 20
10449.24079273682
 10
16580.55984942691
 20
10449.06745830297
 10
16578.85349894283
 20
10448.72251211077
 10
16577.18997324718
 20
10448.20938239049
 10
16575.58580520566
 20
10447.53316885576
 10
16574.05693776099
 20
10446.70059202053
 10
16572.6185654847
 20
10445.71992640738
 10
16571.28498356667
 20
10444.60091831186
 10
16570.06944574316
 20
10443.35468893905
 10
16568.98403257518
 20
10441.99362387642
 10
16568.03953138643
 20
10440.53125
 10
16567.24532905401
 20
10438.98210103844
 10
16566.60931871756
 20
10437.36157313003
 10
16566.13782133354
 20
10435.68577180925
 10
16565.83552285476
 20
10433.97135194242
 10
16565.70542765932
 20
10432.23535220447
 10
16565.74882869171
 20
10430.49502574076
 10
16565.96529461304
 20
10428.76766869751
 10
16566.35267408765
 20
10427.07044832507
 10
16566.90711716431
 20
10425.42023236199
 10
16567.62311353863
 20
10423.83342139598
 10
16568.49354731699
 20
10422.32578586726
 10
16569.50976773741
 20
10420.91230933508
 10
16570.6616751448
 20
10419.60703956417
 10
16571.93782136586
 20
10418.42294891205
 10
16573.32552348607
 20
10417.37180540353
 10
16574.81098989834
 20
10416.46405577502
 10
16576.37945737006
 20
10415.70872165024
 10
16578.01533776684
 20
10415.11330987897
 10
16579.70237297439
 20
10414.68373793096
 10
16581.42379647883
 20
10414.42427508521
 10
16583.1625
 20
10414.33750000002
  0
TEXT
  5
217
330
17
100
AcDbEntity
  8
NESTED_RESULT
100
AcDbText
 10
16214.56666666666
 20
10790.28750000002
 30
0.0
 40
80.0
  1
517-D
 72
     1
 11
16387.89999999999
 21
10830.28750000002
 31
0.0
100
AcDbText
 73
     2
  0
LWPOLYLINE
  5
218
330
17
100
AcDbEntity
  8
NESTED_RESULT
100
AcDbPolyline
 90
        5
 70
     0
 43
0.0
 10
16070.15000000002
 20
10901.70000000001
 10
16070.15000000002
 20
11549.4
 10
15419.27500000002
 20
11549.4
 10
15419.27500000002
 20
10901.70000000001
 10
16070.15000000002
 20
10901.70000000001
  0
TEXT
  5
219
330
17
100
AcDbEntity
  8
NESTED_RESULT
100
AcDbText
 10
15564.71250000002
 20
11185.55000000001
 30
0.0
 40
80.0
  1
503-B
 72
     1
 11
15744.71250000002
 21
11225.55000000001
 31
0.0
100
AcDbText
 73
     2
  0
LWPOLYLINE
  5
21A
330
17
100
AcDbEntity
  8
NESTED_RESULT
 62
     1
100
AcDbPolyline
 90
        5
 70
     0
 43
0.0
 10
17000.0
 20
10000.0
 10
20200.0
 20
10000.0
 10
20200.0
 20
11800.0
 10
17000.0
 20
11800.0
 10
17000.0
 20
10000.0
  0
TEXT
  5
21B
330
17
100
AcDbEntity
  8
NESTED_RESULT
 62
     1
100
AcDbText
 10
17000.0
 20
11846.66666666666
 30
0.0
 40
50.0
  1
Sheet_36
 11
17000.0
 21
11830.0
 31
0.0
100
AcDbText
 73
     1
  0
LWPOLYLINE
  5
21C
330
17
100
AcDbEntity
  8
NESTED_RESULT
100
AcDbPolyline
 90
        5
 70
     0
 43
0.0
 10
17000.0
 20
11552.57500000001
 10
18819.27500000002
 20
11552.57500000001
 10
18819.27500000002
 20
10901.70000000001
 10
17000.0
 20
10901.70000000001
 10
17000.0
 20
11552.57500000001
  0
LWPOLYLINE
  5
21D
330
17
100
AcDbEntity
  8
NESTED_RESULT
100
AcDbPolyline
 90
        5
 70
     0
 43
0.0
 10
17457.18000000002
 20
11050.9249999999
 10
17457.18000000002
 20
11444.625
 10
18104.88
 20
11444.625
 10
18104.88
 20
11050.9249999999
 10
17457.18000000002
 20
11050.9249999999
  0
LWPOLYLINE
  5
21E
330
17
100
AcDbEntity
  8
NESTED_RESULT
100
AcDbPolyline
 90
       64
 70
     0
 43
0.0
 10
17763.5675
 20
10995.3624999999
 10
17763.65427508519
 20
10993.62379647873
 10
17763.91373793094
 20
10991.90237297429
 10
17764.34330987895
 20
10990.21533776674
 10
17764.93872165022
 20
10988.57945736995
 10
17765.69405577503
 20
10987.01098989823
 10
17766.60180540351
 20
10985.52552348596
 10
17767.65294891203
 20
10984.13782136576
 10
17768.83703956418
 20
10982.86167514469
 10
17770.14230933503
 20
10981.70976773731
 10
17771.55578586724
 20
10980.69354731688
 10
17773.06342139596
 20
10979.82311353853
 10
17774.650232362
 20
10979.10711716421
 10
17776.30044832505
 20
10978.55267408755
 10
17777.9976686975
 20
10978.16529461293
 10
17779.72502574074
 20
10977.94882869161
 10
17781.46535220448
 20
10977.90542765922
 10
17783.20135194241
 20
10978.03552285465
 10
17784.9157718092
 20
10978.33782133343
 10
17786.59157313002
 20
10978.80931871745
 10
17788.21210103843
 20
10979.44532905391
 10
17789.76125000001
 20
10980.23953138632
 10
17791.2236238764
 20
10981.18403257508
 10
17792.58468893904
 20
10982.26944574306
 10
17793.83091831184
 20
10983.48498356656
 10
17794.94992640737
 20
10984.8185654846
 10
17795.93059202051
 20
10986.25693776088
 10
17796.76316885574
 20
10987.78580520555
 10
17797.43938239047
 20
10989.38997324707
 10
17797.95251211079
 20
10991.05349894272
 10
17798.29745830296
 20
10992.7598494268
 10
17798.47079273677
 20
10994.49206622154
 10
17798.47079273677
 20
10996.23293377826
 10
17798.29745830296
 20
10997.965150573
 10
17797.95251211079
 20
10999.67150105707
 10
17797.43938239047
 20
11001.33502675272
 10
17796.76316885574
 20
11002.93919479425
 10
17795.93059202051
 20
11004.46806223891
 10
17794.94992640737
 20
11005.9064345152
 10
17793.83091831184
 20
11007.24001643323
 10
17792.58468893904
 20
11008.45555425674
 10
17791.2236238764
 20
11009.54096742472
 10
17789.76125000001
 20
11010.48546861348
 10
17788.21210103843
 20
11011.27967094589
 10
17786.59157313002
 20
11011.91568128235
 10
17784.9157718092
 20
11012.38717866636
 10
17783.20135194241
 20
11012.68947714515
 10
17781.46535220448
 20
11012.81957234058
 10
17779.72502574074
 20
11012.77617130818
 10
17777.9976686975
 20
11012.55970538687
 10
17776.30044832505
 20
11012.17232591225
 10
17774.650232362
 20
11011.61788283559
 10
17773.06342139596
 20
11010.90188646127
 10
17771.55578586724
 20
11010.03145268291
 10
17770.14230933503
 20
11009.01523226249
 10
17768.83703956418
 20
11007.8633248551
 10
17767.65294891203
 20
11006.58717863404
 10
17766.60180540351
 20
11005.19947651383
 10
17765.69405577503
 20
11003.71401010156
 10
17764.93872165022
 20
11002.14554262985
 10
17764.34330987895
 20
11000.50966223306
 10
17763.91373793094
 20
10998.82262702551
 10
17763.65427508519
 20
10997.10120352107
 10
17763.5675
 20
10995.3624999999
  0
TEXT
  5
21F
330
17
100
AcDbEntity
  8
NESTED_RESULT
100
AcDbText
 10
18261.07794901531
 20
11186.91542053223
 30
0.0
 40
80.0
  1
512-A
 72
     1
 11
18434.41128234865
 21
11226.91542053223
 31
0.0
100
AcDbText
 73
     2
  0
LWPOLYLINE
  5
220
330
17
100
AcDbEntity
  8
NESTED_RESULT
100
AcDbPolyline
 90
        8
 70
     0
 43
0.0
 10
18301.75
 20
10250.82499999998
 10
18301.75
 20
10901.69999999998
 10
17000.0
 20
10901.69999999998
 10
17000.0
 20
9999.999999999971
 10
17650.875
 20
9999.999999999971
 10
17650.875
 20
10241.29999999999
 10
17660.39999999999
 20
10250.82499999998
 10
18301.75
 20
10250.82499999998
  0
TEXT
  5
221
330
17
100
AcDbEntity
  8
NESTED_RESULT
100
AcDbText
 10
17204.23236083984
 20
10477.90792236326
 30
0.0
 40
80.0
  1
506-B
 72
     1
 11
17384.23236083984
 21
10517.90792236326
 31
0.0
100
AcDbText
 73
     2
  0
LWPOLYLINE
  5
222
330
17
100
AcDbEntity
  8
NESTED_RESULT
100
AcDbPolyline
 90
        5
 70
     0
 43
0.0
 10
19549.52500000002
 20
10000.0
 10
19549.52500000002
 20
11679.57499999998
 10
20133.72500000001
 20
11679.57499999998
 10
20133.72500000001
 20
10000.0
 10
19549.52500000002
 20
10000.0
  0
LWPOLYLINE
  5
223
330
17
100
AcDbEntity
  8
NESTED_RESULT
100
AcDbPolyline
 90
        9
 70
     0
 43
0.0
 10
19714.62500000003
 20
10231.77499999999
 10
19714.62500000003
 20
10650.875
 10
19727.32500000001
 20
10663.57499999998
 10
19994.02500000002
 20
10663.57499999998
 10
20006.72500000001
 20
10650.875
 10
20006.72500000001
 20
10231.77499999999
 10
19994.02500000002
 20
10219.07499999998
 10
19727.32500000001
 20
10219.07499999998
 10
19714.62500000003
 20
10231.77499999999
  0
LWPOLYLINE
  5
224
330
17
100
AcDbEntity
  8
NESTED_RESULT
100
AcDbPolyline
 90
        9
 70
     0
 43
0.0
 10
19714.62500000003
 20
11028.7000000001
 10
19714.62500000003
 20
11447.79999999999
 10
19727.32500000001
 20
11460.5
 10
19994.02500000002
 20
11460.5
 10
20006.72500000001
 20
11447.79999999999
 10
20006.72500000001
 20
11028.7000000001
 10
19994.02500000002
 20
11016.0
 10
19727.32500000001
 20
11016.0
 10
19714.62500000003
 20
11028.7000000001
  0
LWPOLYLINE
  5
225
330
17
100
AcDbEntity
  8
NESTED_RESULT
100
AcDbPolyline
 90
       64
 70
     0
 43
0.0
 10
19646.36250000001
 20
10458.78749999997
 10
19644.62379647884
 20
10458.70072491478
 10
19642.90237297441
 20
10458.44126206904
 10
19641.21533776686
 20
10458.01169012102
 10
19639.57945737007
 20
10457.41627834976
 10
19638.01098989835
 20
10456.66094422494
 10
19636.52552348608
 20
10455.75319459647
 10
19635.13782136587
 20
10454.70205108795
 10
19633.86167514481
 20
10453.5179604358
 10
19632.70976773742
 20
10452.21269066495
 10
19631.693547317
 20
10450.79921413274
 10
19630.82311353864
 20
10449.29157860402
 10
19630.10711716433
 20
10447.70476763797
 10
19629.55267408766
 20
10446.05455167492
 10
19629.16529461305
 20
10444.35733130248
 10
19628.94882869173
 20
10442.62997425924
 10
19628.90542765933
 20
10440.8896477955
 10
19629.03552285476
 20
10439.15364805757
 10
19629.33782133355
 20
10437.43922819078
 10
19629.80931871757
 20
10435.76342686996
 10
19630.44532905402
 20
10434.14289896155
 10
19631.23953138644
 20
10432.59374999997
 10
19632.1840325752
 20
10431.13137612358
 10
19633.26944574318
 20
10429.77031106094
 10
19634.48498356668
 20
10428.52408168814
 10
19635.81856548472
 20
10427.40507359261
 10
19637.256937761
 20
10426.42440797947
 10
19638.78580520567
 20
10425.59183114423
 10
19640.38997324719
 20
10424.91561760951
 10
19642.05349894284
 20
10424.40248788919
 10
19643.75984942692
 20
10424.05754169702
 10
19645.49206622166
 20
10423.88420726321
 10
19647.23293377837
 20
10423.88420726321
 10
19648.96515057312
 20
10424.05754169702
 10
19650.67150105719
 20
10424.40248788919
 10
19652.33502675284
 20
10424.91561760951
 10
19653.93919479437
 20
10425.59183114423
 10
19655.46806223903
 20
10426.42440797947
 10
19656.90643451532
 20
10427.40507359261
 10
19658.24001643335
 20
10428.52408168814
 10
19659.45555425685
 20
10429.77031106094
 10
19660.54096742484
 20
10431.13137612358
 10
19661.48546861359
 20
10432.59374999997
 10
19662.27967094601
 20
10434.14289896155
 10
19662.91568128246
 20
10435.76342686996
 10
19663.38717866648
 20
10437.43922819078
 10
19663.68947714526
 20
10439.15364805757
 10
19663.81957234069
 20
10440.8896477955
 10
19663.7761713083
 20
10442.62997425924
 10
19663.55970538698
 20
10444.35733130248
 10
19663.17232591237
 20
10446.05455167492
 10
19662.61788283571
 20
10447.70476763797
 10
19661.90188646139
 20
10449.29157860402
 10
19661.03145268304
 20
10450.79921413274
 10
19660.01523226261
 20
10452.21269066495
 10
19658.86332485522
 20
10453.5179604358
 10
19657.58717863416
 20
10454.70205108795
 10
19656.19947651395
 20
10455.75319459647
 10
19654.71401010168
 20
10456.66094422494
 10
19653.14554262996
 20
10457.41627834976
 10
19651.50966223317
 20
10458.01169012102
 10
19649.82262702562
 20
10458.44126206904
 10
19648.10120352119
 20
10458.70072491478
 10
19646.36250000001
 20
10458.78749999997
  0
LWPOLYLINE
  5
226
330
17
100
AcDbEntity
  8
NESTED_RESULT
100
AcDbPolyline
 90
       64
 70
     0
 43
0.0
 10
19646.36250000001
 20
11255.71249999999
 10
19644.62379647884
 20
11255.6257249148
 10
19642.90237297441
 20
11255.36626206906
 10
19641.21533776686
 20
11254.93669012104
 10
19639.57945737007
 20
11254.34127834977
 10
19638.01098989835
 20
11253.58594422496
 10
19636.52552348608
 20
11252.67819459649
 10
19635.13782136587
 20
11251.62705108797
 10
19633.86167514481
 20
11250.44296043581
 10
19632.70976773742
 20
11249.13769066496
 10
19631.693547317
 20
11247.72421413276
 10
19630.82311353864
 20
11246.21657860404
 10
19630.10711716433
 20
11244.62976763799
 10
19629.55267408766
 20
11242.97955167494
 10
19629.16529461305
 20
11241.2823313025
 10
19628.94882869173
 20
11239.55497425925
 10
19628.90542765933
 20
11237.81464779551
 10
19629.03552285476
 20
11236.07864805759
 10
19629.33782133355
 20
11234.36422819079
 10
19629.80931871757
 20
11232.68842686998
 10
19630.44532905402
 20
11231.06789896157
 10
19631.23953138644
 20
11229.51874999999
 10
19632.1840325752
 20
11228.05637612359
 10
19633.26944574318
 20
11226.69531106096
 10
19634.48498356668
 20
11225.44908168816
 10
19635.81856548472
 20
11224.33007359263
 10
19637.256937761
 20
11223.34940797949
 10
19638.78580520567
 20
11222.51683114425
 10
19640.38997324719
 20
11221.84061760953
 10
19642.05349894284
 20
11221.32748788921
 10
19643.75984942692
 20
11220.98254169704
 10
19645.49206622166
 20
11220.80920726323
 10
19647.23293377837
 20
11220.80920726323
 10
19648.96515057312
 20
11220.98254169704
 10
19650.67150105719
 20
11221.32748788921
 10
19652.33502675284
 20
11221.84061760953
 10
19653.93919479437
 20
11222.51683114425
 10
19655.46806223903
 20
11223.34940797949
 10
19656.90643451532
 20
11224.33007359263
 10
19658.24001643335
 20
11225.44908168816
 10
19659.45555425685
 20
11226.69531106096
 10
19660.54096742484
 20
11228.05637612359
 10
19661.48546861359
 20
11229.51874999999
 10
19662.27967094601
 20
11231.06789896157
 10
19662.91568128246
 20
11232.68842686998
 10
19663.38717866648
 20
11234.36422819079
 10
19663.68947714526
 20
11236.07864805759
 10
19663.81957234069
 20
11237.81464779551
 10
19663.7761713083
 20
11239.55497425925
 10
19663.55970538698
 20
11241.2823313025
 10
19663.17232591237
 20
11242.97955167494
 10
19662.61788283571
 20
11244.62976763799
 10
19661.90188646139
 20
11246.21657860404
 10
19661.03145268304
 20
11247.72421413276
 10
19660.01523226261
 20
11249.13769066496
 10
19658.86332485522
 20
11250.44296043581
 10
19657.58717863416
 20
11251.62705108797
 10
19656.19947651395
 20
11252.67819459649
 10
19654.71401010168
 20
11253.58594422496
 10
19653.14554262996
 20
11254.34127834977
 10
19651.50966223317
 20
11254.93669012104
 10
19649.82262702562
 20
11255.36626206906
 10
19648.10120352119
 20
11255.6257249148
 10
19646.36250000001
 20
11255.71249999999
  0
TEXT
  5
227
330
17
100
AcDbEntity
  8
NESTED_RESULT
100
AcDbText
 10
19661.62500000001
 20
10799.78749999999
 30
0.0
 40
80.0
  1
407-E
 72
     1
 11
19841.62500000001
 21
10839.78749999999
 31
0.0
100
AcDbText
 73
     2
  0
LWPOLYLINE
  5
228
330
17
100
AcDbEntity
  8
NESTED_RESULT
100
AcDbPolyline
 90
        8
 70
     0
 43
0.0
 10
19549.52500000002
 20
10250.82500000001
 10
19549.52500000002
 20
10901.70000000001
 10
18301.75
 20
10901.70000000001
 10
18301.75
 20
10000.0
 10
18952.625
 20
10000.0
 10
18952.625
 20
10241.30000000001
 10
18962.15000000002
 20
10250.82500000001
 10
19549.52500000002
 20
10250.82500000001
  0
TEXT
  5
229
330
17
100
AcDbEntity
  8
NESTED_RESULT
100
AcDbText
 10
18512.55833536785
 20
10477.56453247071
 30
0.0
 40
80.0
  1
514-B
 72
     1
 11
18685.89166870118
 21
10517.56453247071
 31
0.0
100
AcDbText
 73
     2
  0
LWPOLYLINE
  5
22A
330
17
100
AcDbEntity
  8
NESTED_RESULT
100
AcDbPolyline
 90
        5
 70
     0
 43
0.0
 10
18819.27500000002
 20
11549.39999999999
 10
19471.73800000004
 20
11549.39999999999
 10
19471.73800000004
 20
10901.70000000001
 10
18819.27500000002
 20
10901.70000000001
 10
18819.27500000002
 20
11549.39999999999
  0
TEXT
  5
22B
330
17
100
AcDbEntity
  8
NESTED_RESULT
100
AcDbText
 10
18972.1731666667
 20
11185.55
 30
0.0
 40
80.0
  1
521-A
 72
     1
 11
19145.50650000003
 21
11225.55
 31
0.0
100
AcDbText
 73
     2
  0
LWPOLYLINE
  5
22C
330
17
100
AcDbEntity
  8
NESTED_RESULT
 62
     1
100
AcDbPolyline
 90
        5
 70
     0
 43
0.0
 10
0.0
 20
12000.0
 10
3200.0
 20
12000.0
 10
3200.0
 20
13800.0
 10
0.0
 20
13800.0
 10
0.0
 20
12000.0
  0
TEXT
  5
22D
330
17
100
AcDbEntity
  8
NESTED_RESULT
 62
     1
100
AcDbText
 10
0.000000000000001
 20
13846.66666666666
 30
0.0
 40
50.0
  1
Sheet_37
 11
0.0
 21
13830.0
 31
0.0
100
AcDbText
 73
     1
  0
LWPOLYLINE
  5
22E
330
17
100
AcDbEntity
  8
NESTED_RESULT
100
AcDbPolyline
 90
        5
 70
     0
 43
0.0
 10
3121.025000000024
 20
12000.0
 10
1301.75
 20
12000.0
 10
1301.75
 20
12650.87499999998
 10
3121.025000000024
 20
12650.87499999998
 10
3121.025000000024
 20
12000.0
  0
LWPOLYLINE
  5
22F
330
17
100
AcDbEntity
  8
NESTED_RESULT
100
AcDbPolyline
 90
        5
 70
     0
 43
0.0
 10
2014.536999999924
 20
12107.94999999998
 10
2014.536999999924
 20
12501.65000000009
 10
2662.237000000023
 20
12501.65000000009
 10
2662.237000000023
 20
12107.94999999998
 10
2014.536999999924
 20
12107.94999999998
  0
LWPOLYLINE
  5
230
330
17
100
AcDbEntity
  8
NESTED_RESULT
100
AcDbPolyline
 90
       64
 70
     0
 43
0.0
 10
2355.849499999895
 20
12557.21249999999
 10
2355.762724914705
 20
12558.95120352116
 10
2355.50326206896
 20
12560.67262702562
 10
2355.073690120946
 20
12562.35966223314
 10
2354.478278349677
 20
12563.99554262994
 10
2353.722944224864
 20
12565.56401010167
 10
2352.815194596391
 20
12567.04947651393
 10
2351.76405108787
 20
12568.43717863415
 10
2350.579960435716
 20
12569.7133248552
 10
2349.274690664868
 20
12570.86523226258
 10
2347.86121413266
 20
12571.88145268301
 10
2346.353578603943
 20
12572.75188646136
 10
2344.766767637892
 20
12573.4678828357
 10
2343.116551674844
 20
12574.02232591235
 10
2341.419331302401
 20
12574.40970538696
 10
2339.691974259157
 20
12574.62617130826
 10
2337.951647795417
 20
12574.66957234069
 10
2336.215648057492
 20
12574.53947714525
 10
2334.501228190697
 20
12574.23717866647
 10
2332.82542686988
 20
12573.76568128244
 10
2331.204898961471
 20
12573.12967094598
 10
2329.655749999889
 20
12572.33546861358
 10
2328.193376123498
 20
12571.39096742481
 10
2326.832311060861
 20
12570.30555425682
 10
2325.58608168806
 20
12569.09001643331
 10
2324.467073592532
 20
12567.75643451531
 10
2323.486407979391
 20
12566.31806223901
 10
2322.653831144155
 20
12564.78919479433
 10
2321.977617609431
 20
12563.18502675282
 10
2321.464487889112
 20
12561.52150105715
 10
2321.119541696942
 20
12559.81515057309
 10
2320.946207263129
 20
12558.08293377835
 10
2320.946207263129
 20
12556.34206622163
 10
2321.119541696942
 20
12554.6098494269
 10
2321.464487889112
 20
12552.90349894283
 10
2321.977617609431
 20
12551.23997324717
 10
2322.653831144155
 20
12549.63580520566
 10
2323.486407979391
 20
12548.10693776098
 10
2324.467073592532
 20
12546.66856548468
 10
2325.58608168806
 20
12545.33498356667
 10
2326.832311060861
 20
12544.11944574317
 10
2328.193376123498
 20
12543.03403257517
 10
2329.655749999889
 20
12542.0895313864
 10
2331.204898961471
 20
12541.295329054
 10
2332.82542686988
 20
12540.65931871754
 10
2334.501228190697
 20
12540.18782133351
 10
2336.215648057492
 20
12539.88552285473
 10
2337.951647795417
 20
12539.7554276593
 10
2339.691974259157
 20
12539.79882869172
 10
2341.419331302401
 20
12540.01529461302
 10
2343.116551674844
 20
12540.40267408762
 10
2344.766767637892
 20
12540.95711716429
 10
2346.353578603943
 20
12541.67311353862
 10
2347.86121413266
 20
12542.54354731697
 10
2349.274690664868
 20
12543.5597677374
 10
2350.579960435716
 20
12544.71167514479
 10
2351.76405108787
 20
12545.98782136584
 10
2352.815194596391
 20
12547.37552348605
 10
2353.722944224864
 20
12548.86098989831
 10
2354.478278349677
 20
12550.42945737004
 10
2355.073690120946
 20
12552.06533776685
 10
2355.50326206896
 20
12553.75237297437
 10
2355.762724914705
 20
12555.47379647882
 10
2355.849499999895
 20
12557.21249999999
  0
TEXT
  5
231
330
17
100
AcDbEntity
  8
NESTED_RESULT
100
AcDbText
 10
1471.973603312179
 20
12285.21542053222
 30
0.0
 40
80.0
  1
514-A
 72
     1
 11
1645.306936645512
 21
12325.21542053222
 31
0.0
100
AcDbText
 73
     2
  0
LWPOLYLINE
  5
232
330
17
100
AcDbEntity
  8
NESTED_RESULT
100
AcDbPolyline
 90
        8
 70
     0
 43
0.0
 10
650.875
 20
12901.70000000001
 10
0.0
 20
12901.70000000001
 10
0.0
 20
12000.0
 10
1301.75
 20
12000.0
 10
1301.75
 20
12650.875
 10
660.3999999999943
 20
12650.875
 10
650.875
 20
12660.40000000002
 10
650.875
 20
12901.70000000001
  0
TEXT
  5
233
330
17
100
AcDbEntity
  8
NESTED_RESULT
100
AcDbText
 10
204.2323608398437
 20
12343.79207763672
 30
0.0
 40
80.0
  1
408-A
 72
     1
 11
384.2323608398438
 21
12383.79207763672
 31
0.0
100
AcDbText
 73
     2
  0
LWPOLYLINE
  5
234
330
17
100
AcDbEntity
  8
NESTED_RESULT
100
AcDbPolyline
 90
        8
 70
     0
 43
0.0
 10
3149.799999999988
 20
12901.70000000001
 10
3149.799999999988
 20
13552.57500000001
 10
1902.024999999994
 20
13552.57500000001
 10
1902.024999999994
 20
12650.875
 10
2552.899999999994
 20
12650.875
 10
2552.899999999994
 20
12892.17499999999
 10
2562.424999999989
 20
12901.70000000001
 10
3149.799999999988
 20
12901.70000000001
  0
TEXT
  5
235
330
17
100
AcDbEntity
  8
NESTED_RESULT
100
AcDbText
 10
2112.833335367831
 20
13128.43953247071
 30
0.0
 40
80.0
  1
414-B
 72
     1
 11
2286.166668701165
 21
13168.43953247071
 31
0.0
100
AcDbText
 73
     2
  0
LWPOLYLINE
  5
236
330
17
100
AcDbEntity
  8
NESTED_RESULT
100
AcDbPolyline
 90
        8
 70
     0
 43
0.0
 10
1305.124999999913
 20
13558.57499999998
 10
654.25
 20
13558.57499999998
 10
654.25
 20
12656.875
 10
1902.024999999994
 20
12656.875
 10
1902.024999999994
 20
13307.75
 10
1314.649999999994
 20
13307.75
 10
1305.124999999913
 20
13317.27499999999
 10
1305.124999999913
 20
13558.57499999998
  0
TEXT
  5
237
330
17
100
AcDbEntity
  8
NESTED_RESULT
100
AcDbText
 10
871.725002034503
 20
13001.01046752929
 30
0.0
 40
80.0
  1
410-A
 72
     1
 11
1038.391668701169
 21
13041.01046752929
 31
0.0
100
AcDbText
 73
     2
  0
LWPOLYLINE
  5
238
330
17
100
AcDbEntity
  8
NESTED_RESULT
100
AcDbPolyline
 90
        5
 70
     0
 43
0.0
 10
650.875
 20
12901.70000000001
 10
0.0
 20
12901.70000000001
 10
0.0
 20
13552.57500000001
 10
650.875
 20
13552.57500000001
 10
650.875
 20
12901.70000000001
  0
TEXT
  5
239
330
17
100
AcDbEntity
  8
NESTED_RESULT
100
AcDbText
 10
152.1041666666666
 20
13187.13750000001
 30
0.0
 40
80.0
  1
421-A
 72
     1
 11
325.4375
 21
13227.13750000001
 31
0.0
100
AcDbText
 73
     2
  0
LWPOLYLINE
  5
23A
330
17
100
AcDbEntity
  8
NESTED_RESULT
 62
     1
100
AcDbPolyline
 90
        5
 70
     0
 43
0.0
 10
3400.0
 20
12000.0
 10
6600.0
 20
12000.0
 10
6600.0
 20
13800.0
 10
3400.0
 20
13800.0
 10
3400.0
 20
12000.0
  0
TEXT
  5
23B
330
17
100
AcDbEntity
  8
NESTED_RESULT
 62
     1
100
AcDbText
 10
3400.0
 20
13846.66666666666
 30
0.0
 40
50.0
  1
Sheet_38
 11
3400.0
 21
13830.0
 31
0.0
100
AcDbText
 73
     1
  0
LWPOLYLINE
  5
23C
330
17
100
AcDbEntity
  8
NESTED_RESULT
100
AcDbPolyline
 90
        5
 70
     0
 43
0.0
 10
3400.0
 20
12584.19999999998
 10
3400.0
 20
13168.39999999999
 10
5057.349999999977
 20
13168.39999999999
 10
5057.349999999977
 20
12584.19999999998
 10
3400.0
 20
12584.19999999998
  0
LWPOLYLINE
  5
23D
330
17
100
AcDbEntity
  8
NESTED_RESULT
100
AcDbPolyline
 90
        9
 70
     0
 43
0.0
 10
3615.899999999994
 20
13003.29999999999
 10
4035.0
 20
13003.29999999999
 10
4047.699999999983
 20
12990.6
 10
4047.699999999983
 20
12723.89999999999
 10
4035.0
 20
12711.2000000001
 10
3615.899999999994
 20
12711.2000000001
 10
3603.199999999983
 20
12723.89999999999
 10
3603.199999999983
 20
12990.6
 10
3615.899999999994
 20
13003.29999999999
  0
LWPOLYLINE
  5
23E
330
17
100
AcDbEntity
  8
NESTED_RESULT
100
AcDbPolyline
 90
        9
 70
     0
 43
0.0
 10
4416.0
 20
13003.29999999999
 10
4835.099999999977
 20
13003.29999999999
 10
4847.799999999987
 20
12990.6
 10
4847.799999999987
 20
12723.89999999999
 10
4835.099999999977
 20
12711.2000000001
 10
4416.0
 20
12711.2000000001
 10
4403.299999999987
 20
12723.89999999999
 10
4403.299999999987
 20
12990.6
 10
4416.0
 20
13003.29999999999
  0
LWPOLYLINE
  5
23F
330
17
100
AcDbEntity
  8
NESTED_RESULT
100
AcDbPolyline
 90
       64
 70
     0
 43
0.0
 10
3842.912499999977
 20
13071.5625
 10
3842.825724914786
 20
13073.30120352117
 10
3842.566262069042
 20
13075.02262702561
 10
3842.136690121028
 20
13076.70966223316
 10
3841.54127834976
 20
13078.34554262994
 10
3840.785944224946
 20
13079.91401010166
 10
3839.878194596473
 20
13081.39947651393
 10
3838.827051087952
 20
13082.78717863414
 10
3837.642960435798
 20
13084.0633248552
 10
3836.33769066495
 20
13085.21523226259
 10
3834.924214132741
 20
13086.23145268301
 10
3833.416578604025
 20
13087.10188646137
 10
3831.829767637973
 20
13087.81788283569
 10
3830.179551674927
 20
13088.37232591235
 10
3828.482331302483
 20
13088.75970538697
 10
3826.754974259239
 20
13088.97617130828
 10
3825.014647795498
 20
13089.01957234068
 10
3823.278648057574
 20
13088.88947714525
 10
3821.564228190779
 20
13088.58717866646
 10
3819.888426869962
 20
13088.11568128245
 10
3818.267898961552
 20
13087.47967094599
 10
3816.718749999971
 20
13086.68546861358
 10
3815.25637612358
 20
13085.74096742482
 10
3813.895311060944
 20
13084.65555425684
 10
3812.649081688141
 20
13083.44001643333
 10
3811.530073592614
 20
13082.1064345153
 10
3810.549407979474
 20
13080.66806223901
 10
3809.716831144237
 20
13079.13919479435
 10
3809.040617609513
 20
13077.53502675282
 10
3808.527487889194
 20
13075.87150105717
 10
3808.182541697024
 20
13074.1651505731
 10
3808.009207263211
 20
13072.43293377835
 10
3808.009207263211
 20
13070.69206622164
 10
3808.182541697024
 20
13068.9598494269
 10
3808.527487889194
 20
13067.25349894282
 10
3809.040617609513
 20
13065.58997324717
 10
3809.716831144237
 20
13063.98580520565
 10
3810.549407979474
 20
13062.45693776099
 10
3811.530073592614
 20
13061.0185654847
 10
3812.649081688141
 20
13059.68498356666
 10
3813.895311060944
 20
13058.46944574316
 10
3815.25637612358
 20
13057.38403257518
 10
3816.718749999971
 20
13056.43953138642
 10
3818.267898961552
 20
13055.64532905401
 10
3819.888426869962
 20
13055.00931871755
 10
3821.564228190779
 20
13054.53782133353
 10
3823.278648057574
 20
13054.23552285475
 10
3825.014647795498
 20
13054.10542765932
 10
3826.754974259239
 20
13054.14882869171
 10
3828.482331302483
 20
13054.36529461303
 10
3830.179551674927
 20
13054.75267408765
 10
3831.829767637973
 20
13055.30711716431
 10
3833.416578604025
 20
13056.02311353863
 10
3834.924214132741
 20
13056.89354731698
 10
3836.33769066495
 20
13057.90976773741
 10
3837.642960435798
 20
13059.06167514479
 10
3838.827051087952
 20
13060.33782136585
 10
3839.878194596473
 20
13061.72552348606
 10
3840.785944224946
 20
13063.21098989833
 10
3841.54127834976
 20
13064.77945737005
 10
3842.136690121028
 20
13066.41533776684
 10
3842.566262069042
 20
13068.10237297439
 10
3842.825724914786
 20
13069.82379647882
 10
3842.912499999977
 20
13071.5625
  0
LWPOLYLINE
  5
240
330
17
100
AcDbEntity
  8
NESTED_RESULT
100
AcDbPolyline
 90
       64
 70
     0
 43
0.0
 10
4643.012499999982
 20
13071.5625
 10
4642.925724914792
 20
13073.30120352117
 10
4642.666262069048
 20
13075.02262702561
 10
4642.236690121034
 20
13076.70966223316
 10
4641.641278349765
 20
13078.34554262994
 10
4640.885944224951
 20
13079.91401010166
 10
4639.978194596479
 20
13081.39947651393
 10
4638.927051087957
 20
13082.78717863414
 10
4637.742960435804
 20
13084.0633248552
 10
4636.437690664956
 20
13085.21523226259
 10
4635.024214132747
 20
13086.23145268301
 10
4633.51657860403
 20
13087.10188646137
 10
4631.929767637979
 20
13087.81788283569
 10
4630.279551674932
 20
13088.37232591235
 10
4628.582331302489
 20
13088.75970538697
 10
4626.854974259244
 20
13088.97617130828
 10
4625.114647795505
 20
13089.01957234068
 10
4623.37864805758
 20
13088.88947714525
 10
4621.664228190784
 20
13088.58717866646
 10
4619.988426869968
 20
13088.11568128245
 10
4618.367898961558
 20
13087.47967094599
 10
4616.818749999977
 20
13086.68546861358
 10
4615.356376123585
 20
13085.74096742482
 10
4613.995311060949
 20
13084.65555425684
 10
4612.749081688147
 20
13083.44001643333
 10
4611.63007359262
 20
13082.1064345153
 10
4610.649407979479
 20
13080.66806223901
 10
4609.816831144242
 20
13079.13919479435
 10
4609.140617609519
 20
13077.53502675282
 10
4608.6274878892
 20
13075.87150105717
 10
4608.282541697029
 20
13074.1651505731
 10
4608.109207263217
 20
13072.43293377835
 10
4608.109207263217
 20
13070.69206622164
 10
4608.282541697029
 20
13068.9598494269
 10
4608.6274878892
 20
13067.25349894282
 10
4609.140617609519
 20
13065.58997324717
 10
4609.816831144242
 20
13063.98580520565
 10
4610.649407979479
 20
13062.45693776099
 10
4611.63007359262
 20
13061.0185654847
 10
4612.749081688147
 20
13059.68498356666
 10
4613.995311060949
 20
13058.46944574316
 10
4615.356376123585
 20
13057.38403257518
 10
4616.818749999977
 20
13056.43953138642
 10
4618.367898961558
 20
13055.64532905401
 10
4619.988426869968
 20
13055.00931871755
 10
4621.664228190784
 20
13054.53782133353
 10
4623.37864805758
 20
13054.23552285475
 10
4625.114647795505
 20
13054.10542765932
 10
4626.854974259244
 20
13054.14882869171
 10
4628.582331302489
 20
13054.36529461303
 10
4630.279551674932
 20
13054.75267408765
 10
4631.929767637979
 20
13055.30711716431
 10
4633.51657860403
 20
13056.02311353863
 10
4635.024214132747
 20
13056.89354731698
 10
4636.437690664956
 20
13057.90976773741
 10
4637.742960435804
 20
13059.06167514479
 10
4638.927051087957
 20
13060.33782136585
 10
4639.978194596479
 20
13061.72552348606
 10
4640.885944224951
 20
13063.21098989833
 10
4641.641278349765
 20
13064.77945737005
 10
4642.236690121034
 20
13066.41533776684
 10
4642.666262069048
 20
13068.10237297439
 10
4642.925724914792
 20
13069.82379647882
 10
4643.012499999982
 20
13071.5625
  0
TEXT
  5
241
330
17
100
AcDbEntity
  8
NESTED_RESULT
100
AcDbText
 10
4045.499999999985
 20
12817.25
 30
0.0
 40
80.0
  1
409-D
 72
     1
 11
4225.499999999985
 21
12857.25
 31
0.0
100
AcDbText
 73
     2
  0
LWPOLYLINE
  5
242
330
17
100
AcDbEntity
  8
NESTED_RESULT
100
AcDbPolyline
 90
        5
 70
     0
 43
0.0
 10
3400.0
 20
12000.0
 10
3400.0
 20
12584.19999999998
 10
5057.350000000006
 20
12584.19999999998
 10
5057.350000000006
 20
12000.0
 10
3400.0
 20
12000.0
  0
LWPOLYLINE
  5
243
330
17
100
AcDbEntity
  8
NESTED_RESULT
100
AcDbPolyline
 90
        9
 70
     0
 43
0.0
 10
4422.350000000005
 20
12419.09999999997
 10
4841.450000000012
 20
12419.09999999997
 10
4854.150000000009
 20
12406.39999999999
 10
4854.150000000009
 20
12139.69999999998
 10
4841.450000000012
 20
12127.0
 10
4422.350000000005
 20
12127.0
 10
4409.650000000008
 20
12139.69999999998
 10
4409.650000000008
 20
12406.39999999999
 10
4422.350000000005
 20
12419.09999999997
  0
LWPOLYLINE
  5
244
330
17
100
AcDbEntity
  8
NESTED_RESULT
100
AcDbPolyline
 90
        9
 70
     0
 43
0.0
 10
3622.250000000001
 20
12419.09999999997
 10
4041.350000000006
 20
12419.09999999997
 10
4054.050000000002
 20
12406.39999999999
 10
4054.050000000002
 20
12139.69999999998
 10
4041.350000000006
 20
12127.0
 10
3622.250000000001
 20
12127.0
 10
3609.550000000003
 20
12139.69999999998
 10
3609.550000000003
 20
12406.39999999999
 10
3622.250000000001
 20
12419.09999999997
  0
LWPOLYLINE
  5
245
330
17
100
AcDbEntity
  8
NESTED_RESULT
100
AcDbPolyline
 90
       64
 70
     0
 43
0.0
 10
4649.362500000003
 20
12487.36249999999
 10
4649.275724914827
 20
12489.10120352116
 10
4649.016262069068
 20
12490.8226270256
 10
4648.586690121054
 20
12492.50966223315
 10
4647.991278349799
 20
12494.14554262993
 10
4647.235944224987
 20
12495.71401010165
 10
4646.328194596499
 20
12497.19947651392
 10
4645.277051087978
 20
12498.58717863413
 10
4644.092960435838
 20
12499.86332485519
 10
4642.787690664962
 20
12501.01523226258
 10
4641.374214132767
 20
12502.031452683
 10
4639.866578604037
 20
12502.90188646136
 10
4638.279767638014
 20
12503.61788283568
 10
4636.629551674952
 20
12504.17232591234
 10
4634.932331302524
 20
12504.55970538695
 10
4633.204974259263
 20
12504.77617130827
 10
4631.464647795539
 20
12504.81957234067
 10
4629.7286480576
 20
12504.68947714523
 10
4628.01422819079
 20
12504.38717866645
 10
4626.338426869987
 20
12503.91568128244
 10
4624.717898961593
 20
12503.27967094598
 10
4623.168750000012
 20
12502.48546861357
 10
4621.706376123606
 20
12501.54096742481
 10
4620.345311060971
 20
12500.45555425683
 10
4619.099081688182
 20
12499.24001643332
 10
4617.980073592625
 20
12497.90643451529
 10
4616.999407979514
 20
12496.468062239
 10
4616.166831144262
 20
12494.93919479433
 10
4615.490617609539
 20
12493.33502675281
 10
4614.977487889235
 20
12491.67150105716
 10
4614.632541697051
 20
12489.96515057309
 10
4614.459207263222
 20
12488.23293377834
 10
4614.459207263222
 20
12486.49206622163
 10
4614.632541697051
 20
12484.75984942689
 10
4614.977487889235
 20
12483.05349894281
 10
4615.490617609539
 20
12481.38997324716
 10
4616.166831144262
 20
12479.78580520564
 10
4616.999407979514
 20
12478.25693776097
 10
4617.980073592625
 20
12476.81856548469
 10
4619.099081688182
 20
12475.48498356665
 10
4620.345311060971
 20
12474.26944574315
 10
4621.706376123606
 20
12473.18403257517
 10
4623.168750000012
 20
12472.23953138641
 10
4624.717898961593
 20
12471.445329054
 10
4626.338426869987
 20
12470.80931871754
 10
4628.01422819079
 20
12470.33782133352
 10
4629.7286480576
 20
12470.03552285474
 10
4631.464647795539
 20
12469.90542765931
 10
4633.204974259263
 20
12469.9488286917
 10
4634.932331302524
 20
12470.16529461302
 10
4636.629551674952
 20
12470.55267408764
 10
4638.279767638014
 20
12471.10711716429
 10
4639.866578604037
 20
12471.82311353861
 10
4641.374214132767
 20
12472.69354731697
 10
4642.787690664962
 20
12473.70976773739
 10
4644.092960435838
 20
12474.86167514478
 10
4645.277051087978
 20
12476.13782136584
 10
4646.328194596499
 20
12477.52552348605
 10
4647.235944224987
 20
12479.01098989832
 10
4647.991278349799
 20
12480.57945737004
 10
4648.586690121054
 20
12482.21533776683
 10
4649.016262069068
 20
12483.90237297438
 10
4649.275724914827
 20
12485.62379647881
 10
4649.362500000003
 20
12487.36249999999
  0
LWPOLYLINE
  5
246
330
17
100
AcDbEntity
  8
NESTED_RESULT
100
AcDbPolyline
 90
       64
 70
     0
 43
0.0
 10
3849.262499999997
 20
12487.36249999999
 10
3849.175724914822
 20
12489.10120352116
 10
3848.916262069062
 20
12490.8226270256
 10
3848.486690121048
 20
12492.50966223315
 10
3847.891278349794
 20
12494.14554262993
 10
3847.135944224982
 20
12495.71401010165
 10
3846.228194596493
 20
12497.19947651392
 10
3845.177051087972
 20
12498.58717863413
 10
3843.992960435834
 20
12499.86332485519
 10
3842.687690664956
 20
12501.01523226258
 10
3841.274214132761
 20
12502.031452683
 10
3839.766578604031
 20
12502.90188646136
 10
3838.179767638008
 20
12503.61788283568
 10
3836.529551674946
 20
12504.17232591234
 10
3834.832331302518
 20
12504.55970538695
 10
3833.104974259259
 20
12504.77617130827
 10
3831.364647795534
 20
12504.81957234067
 10
3829.628648057595
 20
12504.68947714523
 10
3827.914228190785
 20
12504.38717866645
 10
3826.238426869983
 20
12503.91568128244
 10
3824.617898961587
 20
12503.27967094598
 10
3823.068750000007
 20
12502.48546861357
 10
3821.6063761236
 20
12501.54096742481
 10
3820.245311060964
 20
12500.45555425683
 10
3818.999081688177
 20
12499.24001643332
 10
3817.88007359262
 20
12497.90643451529
 10
3816.899407979509
 20
12496.468062239
 10
3816.066831144257
 20
12494.93919479433
 10
3815.390617609534
 20
12493.33502675281
 10
3814.877487889229
 20
12491.67150105716
 10
3814.532541697046
 20
12489.96515057309
 10
3814.359207263216
 20
12488.23293377834
 10
3814.359207263216
 20
12486.49206622163
 10
3814.532541697046
 20
12484.75984942689
 10
3814.877487889229
 20
12483.05349894281
 10
3815.390617609534
 20
12481.38997324716
 10
3816.066831144257
 20
12479.78580520564
 10
3816.899407979509
 20
12478.25693776097
 10
3817.88007359262
 20
12476.81856548469
 10
3818.999081688177
 20
12475.48498356665
 10
3820.245311060964
 20
12474.26944574315
 10
3821.6063761236
 20
12473.18403257517
 10
3823.068750000007
 20
12472.23953138641
 10
3824.617898961587
 20
12471.445329054
 10
3826.238426869983
 20
12470.80931871754
 10
3827.914228190785
 20
12470.33782133352
 10
3829.628648057595
 20
12470.03552285474
 10
3831.364647795534
 20
12469.90542765931
 10
3833.104974259259
 20
12469.9488286917
 10
3834.832331302518
 20
12470.16529461302
 10
3836.529551674946
 20
12470.55267408764
 10
3838.179767638008
 20
12471.10711716429
 10
3839.766578604031
 20
12471.82311353861
 10
3841.274214132761
 20
12472.69354731697
 10
3842.687690664956
 20
12473.70976773739
 10
3843.992960435834
 20
12474.86167514478
 10
3845.177051087972
 20
12476.13782136584
 10
3846.228194596493
 20
12477.52552348605
 10
3847.135944224982
 20
12479.01098989832
 10
3847.891278349794
 20
12480.57945737004
 10
3848.486690121048
 20
12482.21533776683
 10
3848.916262069062
 20
12483.90237297438
 10
3849.175724914822
 20
12485.62379647881
 10
3849.262499999997
 20
12487.36249999999
  0
TEXT
  5
247
330
17
100
AcDbEntity
  8
NESTED_RESULT
100
AcDbText
 10
4051.850000000006
 20
12233.04999999999
 30
0.0
 40
80.0
  1
506-D
 72
     1
 11
4231.850000000005
 21
12273.04999999999
 31
0.0
100
AcDbText
 73
     2
  0
LWPOLYLINE
  5
248
330
17
100
AcDbEntity
  8
NESTED_RESULT
100
AcDbPolyline
 90
        5
 70
     0
 43
0.0
 10
5057.350000000006
 20
13168.39999999999
 10
3400.0
 20
13168.39999999999
 10
3400.0
 20
13752.59999999997
 10
5057.350000000006
 20
13752.59999999997
 10
5057.350000000006
 20
13168.39999999999
  0
LWPOLYLINE
  5
249
330
17
100
AcDbEntity
  8
NESTED_RESULT
100
AcDbPolyline
 90
        9
 70
     0
 43
0.0
 10
3622.249999999913
 20
13587.5
 10
4041.349999999918
 20
13587.5
 10
4054.049999999901
 20
13574.79999999999
 10
4054.049999999901
 20
13308.09999999997
 10
4041.349999999918
 20
13295.39999999999
 10
3622.249999999913
 20
13295.39999999999
 10
3609.549999999901
 20
13308.09999999997
 10
3609.549999999901
 20
13574.79999999999
 10
3622.249999999913
 20
13587.5
  0
LWPOLYLINE
  5
24A
330
17
100
AcDbEntity
  8
NESTED_RESULT
100
AcDbPolyline
 90
        9
 70
     0
 43
0.0
 10
4422.349999999918
 20
13587.5
 10
4841.449999999895
 20
13587.5
 10
4854.149999999907
 20
13574.79999999999
 10
4854.149999999907
 20
13308.09999999997
 10
4841.449999999895
 20
13295.39999999999
 10
4422.349999999918
 20
13295.39999999999
 10
4409.649999999906
 20
13308.09999999997
 10
4409.649999999906
 20
13574.79999999999
 10
4422.349999999918
 20
13587.5
  0
LWPOLYLINE
  5
24B
330
17
100
AcDbEntity
  8
NESTED_RESULT
100
AcDbPolyline
 90
       64
 70
     0
 43
0.0
 10
3849.262499999895
 20
13655.76249999998
 10
3849.175724914706
 20
13657.50120352115
 10
3848.91626206896
 20
13659.22262702559
 10
3848.486690120946
 20
13660.90966223314
 10
3847.891278349678
 20
13662.54554262993
 10
3847.135944224865
 20
13664.11401010165
 10
3846.228194596392
 20
13665.59947651392
 10
3845.177051087871
 20
13666.98717863412
 10
3843.992960435718
 20
13668.26332485519
 10
3842.687690664869
 20
13669.41523226257
 10
3841.27421413266
 20
13670.431452683
 10
3839.766578603943
 20
13671.30188646135
 10
3838.179767637893
 20
13672.01788283567
 10
3836.529551674845
 20
13672.57232591233
 10
3834.832331302401
 20
13672.95970538695
 10
3833.104974259157
 20
13673.17617130827
 10
3831.364647795417
 20
13673.21957234066
 10
3829.628648057493
 20
13673.08947714523
 10
3827.914228190697
 20
13672.78717866645
 10
3826.238426869881
 20
13672.31568128243
 10
3824.617898961471
 20
13671.67967094597
 10
3823.068749999889
 20
13670.88546861356
 10
3821.606376123498
 20
13669.9409674248
 10
3820.245311060862
 20
13668.85555425682
 10
3818.99908168806
 20
13667.64001643331
 10
3817.880073592533
 20
13666.30643451528
 10
3816.899407979392
 20
13664.86806223899
 10
3816.066831144155
 20
13663.33919479433
 10
3815.390617609432
 20
13661.73502675281
 10
3814.877487889113
 20
13660.07150105716
 10
3814.532541696943
 20
13658.36515057308
 10
3814.359207263129
 20
13656.63293377834
 10
3814.359207263129
 20
13654.89206622162
 10
3814.532541696943
 20
13653.15984942688
 10
3814.877487889113
 20
13651.45349894281
 10
3815.390617609432
 20
13649.78997324715
 10
3816.066831144155
 20
13648.18580520563
 10
3816.899407979392
 20
13646.65693776097
 10
3817.880073592533
 20
13645.21856548468
 10
3818.99908168806
 20
13643.88498356664
 10
3820.245311060862
 20
13642.66944574314
 10
3821.606376123498
 20
13641.58403257516
 10
3823.068749999889
 20
13640.6395313864
 10
3824.617898961471
 20
13639.84532905399
 10
3826.238426869881
 20
13639.20931871753
 10
3827.914228190697
 20
13638.73782133351
 10
3829.628648057493
 20
13638.43552285473
 10
3831.364647795417
 20
13638.3054276593
 10
3833.104974259157
 20
13638.3488286917
 10
3834.832331302401
 20
13638.56529461301
 10
3836.529551674845
 20
13638.95267408763
 10
3838.179767637893
 20
13639.50711716429
 10
3839.766578603943
 20
13640.22311353861
 10
3841.27421413266
 20
13641.09354731697
 10
3842.687690664869
 20
13642.10976773739
 10
3843.992960435718
 20
13643.26167514478
 10
3845.177051087871
 20
13644.53782136584
 10
3846.228194596392
 20
13645.92552348604
 10
3847.135944224865
 20
13647.41098989831
 10
3847.891278349678
 20
13648.97945737003
 10
3848.486690120946
 20
13650.61533776682
 10
3848.91626206896
 20
13652.30237297437
 10
3849.175724914706
 20
13654.02379647881
 10
3849.262499999895
 20
13655.76249999998
  0
LWPOLYLINE
  5
24C
330
17
100
AcDbEntity
  8
NESTED_RESULT
100
AcDbPolyline
 90
       64
 70
     0
 43
0.0
 10
4649.362499999901
 20
13655.76249999998
 10
4649.275724914711
 20
13657.50120352115
 10
4649.016262068966
 20
13659.22262702559
 10
4648.586690120952
 20
13660.90966223314
 10
4647.991278349683
 20
13662.54554262993
 10
4647.23594422487
 20
13664.11401010165
 10
4646.328194596397
 20
13665.59947651392
 10
4645.277051087876
 20
13666.98717863412
 10
4644.092960435722
 20
13668.26332485519
 10
4642.787690664873
 20
13669.41523226257
 10
4641.374214132666
 20
13670.431452683
 10
4639.866578603949
 20
13671.30188646135
 10
4638.279767637897
 20
13672.01788283567
 10
4636.629551674849
 20
13672.57232591233
 10
4634.932331302407
 20
13672.95970538695
 10
4633.204974259164
 20
13673.17617130827
 10
4631.464647795422
 20
13673.21957234066
 10
4629.728648057499
 20
13673.08947714523
 10
4628.014228190703
 20
13672.78717866645
 10
4626.338426869887
 20
13672.31568128243
 10
4624.717898961477
 20
13671.67967094597
 10
4623.168749999895
 20
13670.88546861356
 10
4621.706376123504
 20
13669.9409674248
 10
4620.345311060868
 20
13668.85555425682
 10
4619.099081688065
 20
13667.64001643331
 10
4617.980073592538
 20
13666.30643451528
 10
4616.999407979398
 20
13664.86806223899
 10
4616.166831144161
 20
13663.33919479433
 10
4615.490617609437
 20
13661.73502675281
 10
4614.977487889119
 20
13660.07150105716
 10
4614.632541696948
 20
13658.36515057308
 10
4614.459207263134
 20
13656.63293377834
 10
4614.459207263134
 20
13654.89206622162
 10
4614.632541696948
 20
13653.15984942688
 10
4614.977487889119
 20
13651.45349894281
 10
4615.490617609437
 20
13649.78997324715
 10
4616.166831144161
 20
13648.18580520563
 10
4616.999407979398
 20
13646.65693776097
 10
4617.980073592538
 20
13645.21856548468
 10
4619.099081688065
 20
13643.88498356664
 10
4620.345311060868
 20
13642.66944574314
 10
4621.706376123504
 20
13641.58403257516
 10
4623.168749999895
 20
13640.6395313864
 10
4624.717898961477
 20
13639.84532905399
 10
4626.338426869887
 20
13639.20931871753
 10
4628.014228190703
 20
13638.73782133351
 10
4629.728648057499
 20
13638.43552285473
 10
4631.464647795422
 20
13638.3054276593
 10
4633.204974259164
 20
13638.3488286917
 10
4634.932331302407
 20
13638.56529461301
 10
4636.629551674849
 20
13638.95267408763
 10
4638.279767637897
 20
13639.50711716429
 10
4639.866578603949
 20
13640.22311353861
 10
4641.374214132666
 20
13641.09354731697
 10
4642.787690664873
 20
13642.10976773739
 10
4644.092960435722
 20
13643.26167514478
 10
4645.277051087876
 20
13644.53782136584
 10
4646.328194596397
 20
13645.92552348604
 10
4647.23594422487
 20
13647.41098989831
 10
4647.991278349683
 20
13648.97945737003
 10
4648.586690120952
 20
13650.61533776682
 10
4649.016262068966
 20
13652.30237297437
 10
4649.275724914711
 20
13654.02379647881
 10
4649.362499999901
 20
13655.76249999998
  0
TEXT
  5
24D
330
17
100
AcDbEntity
  8
NESTED_RESULT
100
AcDbText
 10
4051.849999999904
 20
13401.44999999998
 30
0.0
 40
80.0
  1
408-D
 72
     1
 11
4231.849999999904
 21
13441.44999999998
 31
0.0
100
AcDbText
 73
     2
  0
LWPOLYLINE
  5
24E
330
17
100
AcDbEntity
  8
NESTED_RESULT
100
AcDbPolyline
 90
        5
 70
     0
 43
0.0
 10
5057.350000000006
 20
13755.87499999997
 10
6578.175000000019
 20
13755.87499999997
 10
6578.175000000019
 20
13171.67499999999
 10
5057.350000000006
 20
13171.67499999999
 10
5057.350000000006
 20
13755.87499999997
  0
LWPOLYLINE
  5
24F
330
17
100
AcDbEntity
  8
NESTED_RESULT
100
AcDbPolyline
 90
        9
 70
     0
 43
0.0
 10
5257.375
 20
13590.77500000008
 10
5676.47499999992
 20
13590.77500000008
 10
5689.175000000019
 20
13578.07500000007
 10
5689.175000000019
 20
13311.37500000008
 10
5676.47499999992
 20
13298.67499999999
 10
5257.375
 20
13298.67499999999
 10
5244.675000000018
 20
13311.37500000008
 10
5244.675000000018
 20
13578.07500000007
 10
5257.375
 20
13590.77500000008
  0
LWPOLYLINE
  5
250
330
17
100
AcDbEntity
  8
NESTED_RESULT
100
AcDbPolyline
 90
        9
 70
     0
 43
0.0
 10
5955.875
 20
13590.77500000008
 10
6374.97499999992
 20
13590.77500000008
 10
6387.675000000019
 20
13578.07500000007
 10
6387.675000000019
 20
13311.37500000008
 10
6374.97499999992
 20
13298.67499999999
 10
5955.875
 20
13298.67499999999
 10
5943.175000000018
 20
13311.37500000008
 10
5943.175000000018
 20
13578.07500000007
 10
5955.875
 20
13590.77500000008
  0
LWPOLYLINE
  5
251
330
17
100
AcDbEntity
  8
NESTED_RESULT
100
AcDbPolyline
 90
       64
 70
     0
 43
0.0
 10
6182.887500000012
 20
13659.03749999997
 10
6182.80072491482
 20
13660.77620352114
 10
6182.541262069077
 20
13662.49762702559
 10
6182.111690121064
 20
13664.18466223314
 10
6181.516278349794
 20
13665.82054262992
 10
6180.760944224981
 20
13667.38901010164
 10
6179.853194596508
 20
13668.87447651391
 10
6178.802051087987
 20
13670.26217863412
 10
6177.617960435832
 20
13671.53832485518
 10
6176.312690664985
 20
13672.69023226257
 10
6174.899214132776
 20
13673.70645268299
 10
6173.39157860406
 20
13674.57688646135
 10
6171.804767638008
 20
13675.29288283567
 10
6170.154551674961
 20
13675.84732591233
 10
6168.457331302518
 20
13676.23470538694
 10
6166.729974259272
 20
13676.45117130826
 10
6164.989647795533
 20
13676.49457234065
 10
6163.253648057608
 20
13676.36447714522
 10
6161.539228190813
 20
13676.06217866644
 10
6159.863426869998
 20
13675.59068128242
 10
6158.242898961588
 20
13674.95467094596
 10
6156.693750000005
 20
13674.16046861355
 10
6155.231376123615
 20
13673.21596742479
 10
6153.870311060979
 20
13672.13055425682
 10
6152.624081688177
 20
13670.91501643331
 10
6151.505073592648
 20
13669.58143451527
 10
6150.524407979508
 20
13668.14306223899
 10
6149.691831144271
 20
13666.61419479432
 10
6149.015617609548
 20
13665.0100267528
 10
6148.502487889228
 20
13663.34650105715
 10
6148.157541697059
 20
13661.64015057307
 10
6147.984207263245
 20
13659.90793377833
 10
6147.984207263245
 20
13658.16706622162
 10
6148.157541697059
 20
13656.43484942688
 10
6148.502487889228
 20
13654.7284989428
 10
6149.015617609548
 20
13653.06497324715
 10
6149.691831144271
 20
13651.46080520563
 10
6150.524407979508
 20
13649.93193776096
 10
6151.505073592648
 20
13648.49356548468
 10
6152.624081688177
 20
13647.15998356664
 10
6153.870311060979
 20
13645.94444574313
 10
6155.231376123615
 20
13644.85903257515
 10
6156.693750000005
 20
13643.9145313864
 10
6158.242898961588
 20
13643.12032905398
 10
6159.863426869998
 20
13642.48431871752
 10
6161.539228190813
 20
13642.01282133351
 10
6163.253648057608
 20
13641.71052285473
 10
6164.989647795533
 20
13641.58042765929
 10
6166.729974259272
 20
13641.62382869169
 10
6168.457331302518
 20
13641.84029461301
 10
6170.154551674961
 20
13642.22767408763
 10
6171.804767638008
 20
13642.78211716428
 10
6173.39157860406
 20
13643.4981135386
 10
6174.899214132776
 20
13644.36854731696
 10
6176.312690664985
 20
13645.38476773738
 10
6177.617960435832
 20
13646.53667514477
 10
6178.802051087987
 20
13647.81282136583
 10
6179.853194596508
 20
13649.20052348604
 10
6180.760944224981
 20
13650.68598989831
 10
6181.516278349794
 20
13652.25445737002
 10
6182.111690121064
 20
13653.89033776682
 10
6182.541262069077
 20
13655.57737297437
 10
6182.80072491482
 20
13657.2987964788
 10
6182.887500000012
 20
13659.03749999997
  0
LWPOLYLINE
  5
252
330
17
100
AcDbEntity
  8
NESTED_RESULT
100
AcDbPolyline
 90
       64
 70
     0
 43
0.0
 10
5484.387500000012
 20
13659.03749999997
 10
5484.300724914821
 20
13660.77620352114
 10
5484.041262069077
 20
13662.49762702559
 10
5483.611690121064
 20
13664.18466223314
 10
5483.016278349793
 20
13665.82054262992
 10
5482.260944224981
 20
13667.38901010164
 10
5481.353194596508
 20
13668.87447651391
 10
5480.302051087987
 20
13670.26217863412
 10
5479.117960435833
 20
13671.53832485518
 10
5477.812690664985
 20
13672.69023226257
 10
5476.399214132776
 20
13673.70645268299
 10
5474.89157860406
 20
13674.57688646135
 10
5473.304767638007
 20
13675.29288283567
 10
5471.654551674961
 20
13675.84732591233
 10
5469.957331302517
 20
13676.23470538694
 10
5468.229974259273
 20
13676.45117130826
 10
5466.489647795534
 20
13676.49457234065
 10
5464.753648057609
 20
13676.36447714522
 10
5463.039228190813
 20
13676.06217866644
 10
5461.363426869997
 20
13675.59068128242
 10
5459.742898961588
 20
13674.95467094596
 10
5458.193750000006
 20
13674.16046861355
 10
5456.731376123616
 20
13673.21596742479
 10
5455.370311060979
 20
13672.13055425682
 10
5454.124081688177
 20
13670.91501643331
 10
5453.005073592649
 20
13669.58143451527
 10
5452.024407979508
 20
13668.14306223899
 10
5451.191831144271
 20
13666.61419479432
 10
5450.515617609548
 20
13665.0100267528
 10
5450.002487889229
 20
13663.34650105715
 10
5449.657541697059
 20
13661.64015057307
 10
5449.484207263246
 20
13659.90793377833
 10
5449.484207263246
 20
13658.16706622162
 10
5449.657541697059
 20
13656.43484942688
 10
5450.002487889229
 20
13654.7284989428
 10
5450.515617609548
 20
13653.06497324715
 10
5451.191831144271
 20
13651.46080520563
 10
5452.024407979508
 20
13649.93193776096
 10
5453.005073592649
 20
13648.49356548468
 10
5454.124081688177
 20
13647.15998356664
 10
5455.370311060979
 20
13645.94444574313
 10
5456.731376123616
 20
13644.85903257515
 10
5458.193750000006
 20
13643.9145313864
 10
5459.742898961588
 20
13643.12032905398
 10
5461.363426869997
 20
13642.48431871752
 10
5463.039228190813
 20
13642.01282133351
 10
5464.753648057609
 20
13641.71052285473
 10
5466.489647795534
 20
13641.58042765929
 10
5468.229974259273
 20
13641.62382869169
 10
5469.957331302517
 20
13641.84029461301
 10
5471.654551674961
 20
13642.22767408763
 10
5473.304767638007
 20
13642.78211716428
 10
5474.89157860406
 20
13643.4981135386
 10
5476.399214132776
 20
13644.36854731696
 10
5477.812690664985
 20
13645.38476773738
 10
5479.117960435833
 20
13646.53667514477
 10
5480.302051087987
 20
13647.81282136583
 10
5481.353194596508
 20
13649.20052348604
 10
5482.260944224981
 20
13650.68598989831
 10
5483.016278349793
 20
13652.25445737002
 10
5483.611690121064
 20
13653.89033776682
 10
5484.041262069077
 20
13655.57737297437
 10
5484.300724914821
 20
13657.2987964788
 10
5484.387500000012
 20
13659.03749999997
  0
TEXT
  5
253
330
17
100
AcDbEntity
  8
NESTED_RESULT
100
AcDbText
 10
5642.758338419609
 20
13581.76109313963
 30
0.0
 40
80.0
  1
421-E
 72
     1
 11
5816.091671752942
 21
13621.76109313963
 31
0.0
100
AcDbText
 73
     2
  0
LWPOLYLINE
  5
254
330
17
100
AcDbEntity
  8
NESTED_RESULT
100
AcDbPolyline
 90
        5
 70
     0
 43
0.0
 10
5057.350000000006
 20
13171.67499999999
 10
6575.00000000003
 20
13171.67499999999
 10
6575.00000000003
 20
12587.375
 10
5057.350000000006
 20
12587.375
 10
5057.350000000006
 20
13171.67499999999
  0
LWPOLYLINE
  5
255
330
17
100
AcDbEntity
  8
NESTED_RESULT
100
AcDbPolyline
 90
        9
 70
     0
 43
0.0
 10
5959.050000000019
 20
13006.47499999997
 10
6378.150000000023
 20
13006.47499999997
 10
6390.850000000006
 20
12993.77499999999
 10
6390.850000000006
 20
12727.07499999998
 10
6378.150000000023
 20
12714.375
 10
5959.050000000019
 20
12714.375
 10
5946.350000000006
 20
12727.07499999998
 10
5946.350000000006
 20
12993.77499999999
 10
5959.050000000019
 20
13006.47499999997
  0
LWPOLYLINE
  5
256
330
17
100
AcDbEntity
  8
NESTED_RESULT
100
AcDbPolyline
 90
        9
 70
     0
 43
0.0
 10
5260.550000000018
 20
13006.47499999997
 10
5679.650000000023
 20
13006.47499999997
 10
5692.350000000006
 20
12993.77499999999
 10
5692.350000000006
 20
12727.07499999998
 10
5679.650000000023
 20
12714.375
 10
5260.550000000018
 20
12714.375
 10
5247.850000000006
 20
12727.07499999998
 10
5247.850000000006
 20
12993.77499999999
 10
5260.550000000018
 20
13006.47499999997
  0
LWPOLYLINE
  5
257
330
17
100
AcDbEntity
  8
NESTED_RESULT
100
AcDbPolyline
 90
       64
 70
     0
 43
0.0
 10
6186.0625
 20
13074.73749999999
 10
6185.975724914809
 20
13076.47620352116
 10
6185.716262069065
 20
13078.1976270256
 10
6185.286690121051
 20
13079.88466223314
 10
6184.691278349783
 20
13081.52054262993
 10
6183.935944224971
 20
13083.08901010165
 10
6183.028194596496
 20
13084.57447651392
 10
6181.977051087976
 20
13085.96217863413
 10
6180.792960435821
 20
13087.23832485519
 10
6179.487690664974
 20
13088.39023226258
 10
6178.074214132765
 20
13089.406452683
 10
6176.566578604048
 20
13090.27688646136
 10
6174.979767637997
 20
13090.99288283568
 10
6173.32955167495
 20
13091.54732591234
 10
6171.632331302506
 20
13091.93470538695
 10
6169.904974259261
 20
13092.15117130827
 10
6168.164647795522
 20
13092.19457234067
 10
6166.428648057597
 20
13092.06447714523
 10
6164.714228190802
 20
13091.76217866645
 10
6163.038426869985
 20
13091.29068128243
 10
6161.417898961576
 20
13090.65467094598
 10
6159.868749999994
 20
13089.86046861356
 10
6158.406376123604
 20
13088.91596742481
 10
6157.045311060967
 20
13087.83055425683
 10
6155.799081688165
 20
13086.61501643332
 10
6154.680073592636
 20
13085.28143451529
 10
6153.699407979497
 20
13083.843062239
 10
6152.866831144261
 20
13082.31419479433
 10
6152.190617609536
 20
13080.71002675281
 10
6151.677487889218
 20
13079.04650105716
 10
6151.332541697048
 20
13077.34015057309
 10
6151.159207263233
 20
13075.60793377834
 10
6151.159207263233
 20
13073.86706622163
 10
6151.332541697048
 20
13072.13484942689
 10
6151.677487889218
 20
13070.42849894281
 10
6152.190617609536
 20
13068.76497324716
 10
6152.866831144261
 20
13067.16080520564
 10
6153.699407979497
 20
13065.63193776097
 10
6154.680073592636
 20
13064.19356548469
 10
6155.799081688165
 20
13062.85998356665
 10
6157.045311060967
 20
13061.64444574315
 10
6158.406376123604
 20
13060.55903257517
 10
6159.868749999994
 20
13059.61453138641
 10
6161.417898961576
 20
13058.82032905399
 10
6163.038426869985
 20
13058.18431871754
 10
6164.714228190802
 20
13057.71282133352
 10
6166.428648057597
 20
13057.41052285474
 10
6168.164647795522
 20
13057.28042765931
 10
6169.904974259261
 20
13057.3238286917
 10
6171.632331302506
 20
13057.54029461302
 10
6173.32955167495
 20
13057.92767408764
 10
6174.979767637997
 20
13058.48211716429
 10
6176.566578604048
 20
13059.19811353861
 10
6178.074214132765
 20
13060.06854731697
 10
6179.487690664974
 20
13061.08476773739
 10
6180.792960435821
 20
13062.23667514478
 10
6181.977051087976
 20
13063.51282136585
 10
6183.028194596496
 20
13064.90052348605
 10
6183.935944224971
 20
13066.38598989832
 10
6184.691278349783
 20
13067.95445737004
 10
6185.286690121051
 20
13069.59033776683
 10
6185.716262069065
 20
13071.27737297438
 10
6185.975724914809
 20
13072.99879647881
 10
6186.0625
 20
13074.73749999999
  0
LWPOLYLINE
  5
258
330
17
100
AcDbEntity
  8
NESTED_RESULT
100
AcDbPolyline
 90
       64
 70
     0
 43
0.0
 10
5487.5625
 20
13074.73749999999
 10
5487.47572491481
 20
13076.47620352116
 10
5487.216262069065
 20
13078.1976270256
 10
5486.786690121051
 20
13079.88466223314
 10
5486.191278349783
 20
13081.52054262993
 10
5485.43594422497
 20
13083.08901010165
 10
5484.528194596496
 20
13084.57447651392
 10
5483.477051087976
 20
13085.96217863413
 10
5482.29296043582
 20
13087.23832485519
 10
5480.987690664973
 20
13088.39023226258
 10
5479.574214132765
 20
13089.406452683
 10
5478.066578604048
 20
13090.27688646136
 10
5476.479767637997
 20
13090.99288283568
 10
5474.82955167495
 20
13091.54732591234
 10
5473.132331302505
 20
13091.93470538695
 10
5471.404974259263
 20
13092.15117130827
 10
5469.664647795521
 20
13092.19457234067
 10
5467.928648057598
 20
13092.06447714523
 10
5466.214228190802
 20
13091.76217866645
 10
5464.538426869984
 20
13091.29068128243
 10
5462.917898961576
 20
13090.65467094598
 10
5461.368749999994
 20
13089.86046861356
 10
5459.906376123603
 20
13088.91596742481
 10
5458.545311060967
 20
13087.83055425683
 10
5457.299081688166
 20
13086.61501643332
 10
5456.180073592636
 20
13085.28143451529
 10
5455.199407979496
 20
13083.843062239
 10
5454.366831144261
 20
13082.31419479433
 10
5453.690617609536
 20
13080.71002675281
 10
5453.177487889217
 20
13079.04650105716
 10
5452.832541697048
 20
13077.34015057309
 10
5452.659207263234
 20
13075.60793377834
 10
5452.659207263234
 20
13073.86706622163
 10
5452.832541697048
 20
13072.13484942689
 10
5453.177487889217
 20
13070.42849894281
 10
5453.690617609536
 20
13068.76497324716
 10
5454.366831144261
 20
13067.16080520564
 10
5455.199407979496
 20
13065.63193776097
 10
5456.180073592636
 20
13064.19356548469
 10
5457.299081688166
 20
13062.85998356665
 10
5458.545311060967
 20
13061.64444574315
 10
5459.906376123603
 20
13060.55903257517
 10
5461.368749999994
 20
13059.61453138641
 10
5462.917898961576
 20
13058.82032905399
 10
5464.538426869984
 20
13058.18431871754
 10
5466.214228190802
 20
13057.71282133352
 10
5467.928648057598
 20
13057.41052285474
 10
5469.664647795521
 20
13057.28042765931
 10
5471.404974259263
 20
13057.3238286917
 10
5473.132331302505
 20
13057.54029461302
 10
5474.82955167495
 20
13057.92767408764
 10
5476.479767637997
 20
13058.48211716429
 10
5478.066578604048
 20
13059.19811353861
 10
5479.574214132765
 20
13060.06854731697
 10
5480.987690664973
 20
13061.08476773739
 10
5482.29296043582
 20
13062.23667514478
 10
5483.477051087976
 20
13063.51282136585
 10
5484.528194596496
 20
13064.90052348605
 10
5485.43594422497
 20
13066.38598989832
 10
5486.191278349783
 20
13067.95445737004
 10
5486.786690121051
 20
13069.59033776683
 10
5487.216262069065
 20
13071.27737297438
 10
5487.47572491481
 20
13072.99879647881
 10
5487.5625
 20
13074.73749999999
  0
TEXT
  5
259
330
17
100
AcDbEntity
  8
NESTED_RESULT
100
AcDbText
 10
5639.324420166033
 20
12997.18126831054
 30
0.0
 40
80.0
  1
403-E
 72
     1
 11
5819.324420166033
 21
13037.18126831054
 31
0.0
100
AcDbText
 73
     2
  0
LWPOLYLINE
  5
25A
330
17
100
AcDbEntity
  8
NESTED_RESULT
100
AcDbPolyline
 90
        5
 70
     0
 43
0.0
 10
6565.475000000006
 20
12587.375
 10
5057.350000000006
 20
12587.375
 10
5057.350000000006
 20
12000.0
 10
6565.475000000006
 20
12000.0
 10
6565.475000000006
 20
12587.375
  0
LWPOLYLINE
  5
25B
330
17
100
AcDbEntity
  8
NESTED_RESULT
100
AcDbPolyline
 90
        9
 70
     0
 43
0.0
 10
5254.199999999983
 20
12419.1
 10
5673.299999999901
 20
12419.1
 10
5686.0
 20
12406.39999999999
 10
5686.0
 20
12139.70000000001
 10
5673.299999999901
 20
12127.0
 10
5254.199999999983
 20
12127.0
 10
5241.5
 20
12139.70000000001
 10
5241.5
 20
12406.39999999999
 10
5254.199999999983
 20
12419.1
  0
LWPOLYLINE
  5
25C
330
17
100
AcDbEntity
  8
NESTED_RESULT
100
AcDbPolyline
 90
        9
 70
     0
 43
0.0
 10
5946.350000000006
 20
12419.1
 10
6365.449999999896
 20
12419.1
 10
6378.149999999907
 20
12406.39999999999
 10
6378.149999999907
 20
12139.70000000001
 10
6365.449999999896
 20
12127.0
 10
5946.350000000006
 20
12127.0
 10
5933.649999999994
 20
12139.70000000001
 10
5933.649999999994
 20
12406.39999999999
 10
5946.350000000006
 20
12419.1
  0
LWPOLYLINE
  5
25D
330
17
100
AcDbEntity
  8
NESTED_RESULT
100
AcDbPolyline
 90
       64
 70
     0
 43
0.0
 10
5481.212499999994
 20
12487.36250000002
 10
5481.125724914804
 20
12489.10120352119
 10
5480.866262069058
 20
12490.82262702563
 10
5480.436690121045
 20
12492.50966223317
 10
5479.841278349777
 20
12494.14554262996
 10
5479.085944224964
 20
12495.71401010168
 10
5478.178194596489
 20
12497.19947651395
 10
5477.127051087968
 20
12498.58717863416
 10
5475.942960435816
 20
12499.86332485522
 10
5474.637690664969
 20
12501.01523226261
 10
5473.224214132759
 20
12502.03145268303
 10
5471.716578604041
 20
12502.90188646139
 10
5470.129767637991
 20
12503.61788283571
 10
5468.479551674944
 20
12504.17232591237
 10
5466.7823313025
 20
12504.55970538698
 10
5465.054974259256
 20
12504.7761713083
 10
5463.314647795517
 20
12504.81957234069
 10
5461.578648057592
 20
12504.68947714526
 10
5459.864228190796
 20
12504.38717866648
 10
5458.18842686998
 20
12503.91568128246
 10
5456.567898961571
 20
12503.27967094601
 10
5455.018749999988
 20
12502.48546861359
 10
5453.556376123597
 20
12501.54096742484
 10
5452.195311060961
 20
12500.45555425685
 10
5450.949081688158
 20
12499.24001643335
 10
5449.830073592631
 20
12497.90643451531
 10
5448.849407979491
 20
12496.46806223903
 10
5448.016831144254
 20
12494.93919479436
 10
5447.34061760953
 20
12493.33502675284
 10
5446.827487889212
 20
12491.67150105719
 10
5446.482541697043
 20
12489.96515057311
 10
5446.309207263228
 20
12488.23293377837
 10
5446.309207263228
 20
12486.49206622166
 10
5446.482541697043
 20
12484.75984942692
 10
5446.827487889212
 20
12483.05349894284
 10
5447.34061760953
 20
12481.38997324719
 10
5448.016831144254
 20
12479.78580520567
 10
5448.849407979491
 20
12478.256937761
 10
5449.830073592631
 20
12476.81856548471
 10
5450.949081688158
 20
12475.48498356668
 10
5452.195311060961
 20
12474.26944574318
 10
5453.556376123597
 20
12473.1840325752
 10
5455.018749999988
 20
12472.23953138644
 10
5456.567898961571
 20
12471.44532905402
 10
5458.18842686998
 20
12470.80931871757
 10
5459.864228190796
 20
12470.33782133355
 10
5461.578648057592
 20
12470.03552285477
 10
5463.314647795517
 20
12469.90542765934
 10
5465.054974259256
 20
12469.94882869173
 10
5466.7823313025
 20
12470.16529461304
 10
5468.479551674944
 20
12470.55267408767
 10
5470.129767637991
 20
12471.10711716433
 10
5471.716578604041
 20
12471.82311353864
 10
5473.224214132759
 20
12472.693547317
 10
5474.637690664969
 20
12473.70976773742
 10
5475.942960435816
 20
12474.86167514481
 10
5477.127051087968
 20
12476.13782136588
 10
5478.178194596489
 20
12477.52552348608
 10
5479.085944224964
 20
12479.01098989835
 10
5479.841278349777
 20
12480.57945737007
 10
5480.436690121045
 20
12482.21533776686
 10
5480.866262069058
 20
12483.90237297441
 10
5481.125724914804
 20
12485.62379647884
 10
5481.212499999994
 20
12487.36250000002
  0
LWPOLYLINE
  5
25E
330
17
100
AcDbEntity
  8
NESTED_RESULT
100
AcDbPolyline
 90
       64
 70
     0
 43
0.0
 10
6173.362499999988
 20
12487.36250000002
 10
6173.275724914799
 20
12489.10120352119
 10
6173.016262069054
 20
12490.82262702563
 10
6172.586690121039
 20
12492.50966223317
 10
6171.991278349771
 20
12494.14554262996
 10
6171.235944224958
 20
12495.71401010168
 10
6170.328194596486
 20
12497.19947651395
 10
6169.277051087964
 20
12498.58717863416
 10
6168.09296043581
 20
12499.86332485522
 10
6166.787690664962
 20
12501.01523226261
 10
6165.374214132754
 20
12502.03145268303
 10
6163.866578604036
 20
12502.90188646139
 10
6162.279767637985
 20
12503.61788283571
 10
6160.629551674937
 20
12504.17232591237
 10
6158.932331302494
 20
12504.55970538698
 10
6157.204974259251
 20
12504.7761713083
 10
6155.46464779551
 20
12504.81957234069
 10
6153.728648057586
 20
12504.68947714526
 10
6152.01422819079
 20
12504.38717866648
 10
6150.338426869975
 20
12503.91568128246
 10
6148.717898961564
 20
12503.27967094601
 10
6147.168749999982
 20
12502.48546861359
 10
6145.706376123591
 20
12501.54096742484
 10
6144.345311060955
 20
12500.45555425685
 10
6143.099081688153
 20
12499.24001643335
 10
6141.980073592626
 20
12497.90643451531
 10
6140.999407979485
 20
12496.46806223903
 10
6140.166831144249
 20
12494.93919479436
 10
6139.490617609525
 20
12493.33502675284
 10
6138.977487889206
 20
12491.67150105719
 10
6138.632541697035
 20
12489.96515057311
 10
6138.459207263221
 20
12488.23293377837
 10
6138.459207263221
 20
12486.49206622166
 10
6138.632541697035
 20
12484.75984942692
 10
6138.977487889206
 20
12483.05349894284
 10
6139.490617609525
 20
12481.38997324719
 10
6140.166831144249
 20
12479.78580520567
 10
6140.999407979485
 20
12478.256937761
 10
6141.980073592626
 20
12476.81856548471
 10
6143.099081688153
 20
12475.48498356668
 10
6144.345311060955
 20
12474.26944574318
 10
6145.706376123591
 20
12473.1840325752
 10
6147.168749999982
 20
12472.23953138644
 10
6148.717898961564
 20
12471.44532905402
 10
6150.338426869975
 20
12470.80931871757
 10
6152.01422819079
 20
12470.33782133355
 10
6153.728648057586
 20
12470.03552285477
 10
6155.46464779551
 20
12469.90542765934
 10
6157.204974259251
 20
12469.94882869173
 10
6158.932331302494
 20
12470.16529461304
 10
6160.629551674937
 20
12470.55267408767
 10
6162.279767637985
 20
12471.10711716433
 10
6163.866578604036
 20
12471.82311353864
 10
6165.374214132754
 20
12472.693547317
 10
6166.787690664962
 20
12473.70976773742
 10
6168.09296043581
 20
12474.86167514481
 10
6169.277051087964
 20
12476.13782136588
 10
6170.328194596486
 20
12477.52552348608
 10
6171.235944224958
 20
12479.01098989835
 10
6171.991278349771
 20
12480.57945737007
 10
6172.586690121039
 20
12482.21533776686
 10
6173.016262069054
 20
12483.90237297441
 10
6173.275724914799
 20
12485.62379647884
 10
6173.362499999988
 20
12487.36250000002
  0
TEXT
  5
25F
330
17
100
AcDbEntity
  8
NESTED_RESULT
100
AcDbText
 10
5636.422291056321
 20
12414.4044342041
 30
0.0
 40
80.0
  1
521-E
 72
     1
 11
5809.755624389654
 21
12454.4044342041
 31
0.0
100
AcDbText
 73
     2
  0
LWPOLYLINE
  5
260
330
17
100
AcDbEntity
  8
NESTED_RESULT
 62
     1
100
AcDbPolyline
 90
        5
 70
     0
 43
0.0
 10
6800.0
 20
12000.0
 10
10000.0
 20
12000.0
 10
10000.0
 20
13800.0
 10
6800.0
 20
13800.0
 10
6800.0
 20
12000.0
  0
TEXT
  5
261
330
17
100
AcDbEntity
  8
NESTED_RESULT
 62
     1
100
AcDbText
 10
6800.0
 20
13846.66666666666
 30
0.0
 40
50.0
  1
Sheet_39
 11
6800.0
 21
13830.0
 31
0.0
100
AcDbText
 73
     1
  0
LWPOLYLINE
  5
262
330
17
100
AcDbEntity
  8
NESTED_RESULT
100
AcDbPolyline
 90
        5
 70
     0
 43
0.0
 10
6800.0
 20
13168.39999999999
 10
8476.399999999994
 20
13168.39999999999
 10
8476.399999999994
 20
12584.20000000001
 10
6800.0
 20
12584.20000000001
 10
6800.0
 20
13168.39999999999
  0
LWPOLYLINE
  5
263
330
17
100
AcDbEntity
  8
NESTED_RESULT
100
AcDbPolyline
 90
        9
 70
     0
 43
0.0
 10
7828.700000000013
 20
13002.87218350669
 10
8247.799999999989
 20
13002.87218350669
 10
8260.5
 20
12990.17218350668
 10
8260.5
 20
12723.4721835067
 10
8247.799999999989
 20
12710.77218350669
 10
7828.700000000013
 20
12710.77218350669
 10
7816.0
 20
12723.4721835067
 10
7816.0
 20
12990.17218350668
 10
7828.700000000013
 20
13002.87218350669
  0
LWPOLYLINE
  5
264
330
17
100
AcDbEntity
  8
NESTED_RESULT
100
AcDbPolyline
 90
        9
 70
     0
 43
0.0
 10
7028.600000000006
 20
13003.29999999999
 10
7447.700000000013
 20
13003.29999999999
 10
7460.399999999994
 20
12990.6
 10
7460.399999999994
 20
12723.89999999999
 10
7447.700000000013
 20
12711.20000000001
 10
7028.600000000006
 20
12711.20000000001
 10
7015.899999999994
 20
12723.89999999999
 10
7015.899999999994
 20
12990.6
 10
7028.600000000006
 20
13003.29999999999
  0
LWPOLYLINE
  5
265
330
17
100
AcDbEntity
  8
NESTED_RESULT
100
AcDbPolyline
 90
       64
 70
     0
 43
0.0
 10
7255.612499999988
 20
13071.5625
 10
7255.525724914798
 20
13073.30120352117
 10
7255.266262069053
 20
13075.02262702561
 10
7254.836690121038
 20
13076.70966223316
 10
7254.241278349771
 20
13078.34554262994
 10
7253.485944224959
 20
13079.91401010166
 10
7252.578194596482
 20
13081.39947651393
 10
7251.527051087963
 20
13082.78717863414
 10
7250.342960435808
 20
13084.0633248552
 10
7249.037690664962
 20
13085.21523226259
 10
7247.624214132753
 20
13086.23145268301
 10
7246.116578604035
 20
13087.10188646137
 10
7244.529767637985
 20
13087.81788283569
 10
7242.879551674938
 20
13088.37232591235
 10
7241.182331302494
 20
13088.75970538697
 10
7239.45497425925
 20
13088.97617130828
 10
7237.71464779551
 20
13089.01957234068
 10
7235.978648057586
 20
13088.88947714525
 10
7234.264228190792
 20
13088.58717866646
 10
7232.588426869975
 20
13088.11568128245
 10
7230.967898961565
 20
13087.47967094599
 10
7229.418749999982
 20
13086.68546861358
 10
7227.956376123592
 20
13085.74096742482
 10
7226.595311060954
 20
13084.65555425684
 10
7225.349081688154
 20
13083.44001643333
 10
7224.230073592626
 20
13082.1064345153
 10
7223.249407979484
 20
13080.66806223901
 10
7222.416831144248
 20
13079.13919479435
 10
7221.740617609525
 20
13077.53502675282
 10
7221.227487889207
 20
13075.87150105717
 10
7220.882541697036
 20
13074.1651505731
 10
7220.709207263222
 20
13072.43293377835
 10
7220.709207263222
 20
13070.69206622164
 10
7220.882541697036
 20
13068.9598494269
 10
7221.227487889207
 20
13067.25349894282
 10
7221.740617609525
 20
13065.58997324717
 10
7222.416831144248
 20
13063.98580520565
 10
7223.249407979484
 20
13062.45693776099
 10
7224.230073592626
 20
13061.0185654847
 10
7225.349081688154
 20
13059.68498356666
 10
7226.595311060954
 20
13058.46944574316
 10
7227.956376123592
 20
13057.38403257518
 10
7229.418749999982
 20
13056.43953138642
 10
7230.967898961565
 20
13055.64532905401
 10
7232.588426869975
 20
13055.00931871755
 10
7234.264228190792
 20
13054.53782133353
 10
7235.978648057586
 20
13054.23552285475
 10
7237.71464779551
 20
13054.10542765932
 10
7239.45497425925
 20
13054.14882869171
 10
7241.182331302494
 20
13054.36529461303
 10
7242.879551674938
 20
13054.75267408765
 10
7244.529767637985
 20
13055.30711716431
 10
7246.116578604035
 20
13056.02311353863
 10
7247.624214132753
 20
13056.89354731698
 10
7249.037690664962
 20
13057.90976773741
 10
7250.342960435808
 20
13059.06167514479
 10
7251.527051087963
 20
13060.33782136585
 10
7252.578194596482
 20
13061.72552348606
 10
7253.485944224959
 20
13063.21098989833
 10
7254.241278349771
 20
13064.77945737005
 10
7254.836690121038
 20
13066.41533776684
 10
7255.266262069053
 20
13068.10237297439
 10
7255.525724914798
 20
13069.82379647882
 10
7255.612499999988
 20
13071.5625
  0
LWPOLYLINE
  5
266
330
17
100
AcDbEntity
  8
NESTED_RESULT
100
AcDbPolyline
 90
       64
 70
     0
 43
0.0
 10
8055.712499999994
 20
13071.13468350671
 10
8055.625724914804
 20
13072.87338702788
 10
8055.366262069059
 20
13074.59481053232
 10
8054.936690121044
 20
13076.28184573986
 10
8054.341278349777
 20
13077.91772613665
 10
8053.585944224964
 20
13079.48619360837
 10
8052.67819459649
 20
13080.97166002064
 10
8051.627051087969
 20
13082.35936214085
 10
8050.442960435814
 20
13083.63550836191
 10
8049.137690664966
 20
13084.7874157693
 10
8047.72421413276
 20
13085.80363618972
 10
8046.216578604042
 20
13086.67406996808
 10
8044.62976763799
 20
13087.3900663424
 10
8042.979551674944
 20
13087.94450941906
 10
8041.2823313025
 20
13088.33188889368
 10
8039.554974259257
 20
13088.54835481499
 10
8037.814647795515
 20
13088.59175584739
 10
8036.078648057593
 20
13088.46166065195
 10
8034.364228190796
 20
13088.15936217317
 10
8032.688426869979
 20
13087.68786478915
 10
8031.06789896157
 20
13087.0518544527
 10
8029.518749999986
 20
13086.25765212029
 10
8028.056376123597
 20
13085.31315093153
 10
8026.69531106096
 20
13084.22773776354
 10
8025.449081688158
 20
13083.01219994004
 10
8024.330073592631
 20
13081.678618022
 10
8023.349407979491
 20
13080.24024574572
 10
8022.516831144255
 20
13078.71137830106
 10
8021.84061760953
 20
13077.10721025953
 10
8021.327487889212
 20
13075.44368456388
 10
8020.982541697042
 20
13073.73733407981
 10
8020.809207263226
 20
13072.00511728506
 10
8020.809207263226
 20
13070.26424972835
 10
8020.982541697042
 20
13068.53203293361
 10
8021.327487889212
 20
13066.82568244953
 10
8021.84061760953
 20
13065.16215675388
 10
8022.516831144255
 20
13063.55798871236
 10
8023.349407979491
 20
13062.02912126769
 10
8024.330073592631
 20
13060.5907489914
 10
8025.449081688158
 20
13059.25716707337
 10
8026.69531106096
 20
13058.04162924987
 10
8028.056376123597
 20
13056.95621608189
 10
8029.518749999986
 20
13056.01171489313
 10
8031.06789896157
 20
13055.21751256071
 10
8032.688426869979
 20
13054.58150222426
 10
8034.364228190796
 20
13054.11000484024
 10
8036.078648057593
 20
13053.80770636146
 10
8037.814647795515
 20
13053.67761116603
 10
8039.554974259257
 20
13053.72101219842
 10
8041.2823313025
 20
13053.93747811974
 10
8042.979551674944
 20
13054.32485759436
 10
8044.62976763799
 20
13054.87930067102
 10
8046.216578604042
 20
13055.59529704533
 10
8047.72421413276
 20
13056.46573082369
 10
8049.137690664966
 20
13057.48195124411
 10
8050.442960435814
 20
13058.6338586515
 10
8051.627051087969
 20
13059.91000487257
 10
8052.67819459649
 20
13061.29770699277
 10
8053.585944224964
 20
13062.78317340504
 10
8054.341278349777
 20
13064.35164087676
 10
8054.936690121044
 20
13065.98752127355
 10
8055.366262069059
 20
13067.6745564811
 10
8055.625724914804
 20
13069.39597998553
 10
8055.712499999994
 20
13071.13468350671
  0
TEXT
  5
267
330
17
100
AcDbEntity
  8
NESTED_RESULT
100
AcDbText
 10
7458.199999999997
 20
12817.03609175334
 30
0.0
 40
80.0
  1
404-D
 72
     1
 11
7638.199999999997
 21
12857.03609175334
 31
0.0
100
AcDbText
 73
     2
  0
LWPOLYLINE
  5
268
330
17
100
AcDbEntity
  8
NESTED_RESULT
100
AcDbPolyline
 90
        5
 70
     0
 43
0.0
 10
6800.0
 20
13752.59999999997
 10
8457.349999999991
 20
13752.59999999997
 10
8457.349999999991
 20
13168.39999999999
 10
6800.0
 20
13168.39999999999
 10
6800.0
 20
13752.59999999997
  0
LWPOLYLINE
  5
269
330
17
100
AcDbEntity
  8
NESTED_RESULT
100
AcDbPolyline
 90
        9
 70
     0
 43
0.0
 10
7435.0
 20
13333.21313630379
 10
7015.899999999994
 20
13333.21313630379
 10
7003.199999999998
 20
13345.9131363038
 10
7003.199999999998
 20
13612.61313630378
 10
7015.899999999994
 20
13625.31313630379
 10
7435.0
 20
13625.31313630379
 10
7447.699999999997
 20
13612.61313630378
 10
7447.699999999997
 20
13345.9131363038
 10
7435.0
 20
13333.21313630379
  0
LWPOLYLINE
  5
26A
330
17
100
AcDbEntity
  8
NESTED_RESULT
100
AcDbPolyline
 90
        9
 70
     0
 43
0.0
 10
8235.099999999992
 20
13333.5
 10
7816.000000000103
 20
13333.5
 10
7803.300000000091
 20
13346.19999999998
 10
7803.300000000091
 20
13612.89999999999
 10
7816.000000000103
 20
13625.59999999997
 10
8235.099999999992
 20
13625.59999999997
 10
8247.800000000003
 20
13612.89999999999
 10
8247.800000000003
 20
13346.19999999998
 10
8235.099999999992
 20
13333.5
  0
LWPOLYLINE
  5
26B
330
17
100
AcDbEntity
  8
NESTED_RESULT
100
AcDbPolyline
 90
       64
 70
     0
 43
0.0
 10
8008.087500000009
 20
13265.23750000007
 10
8008.174275085185
 20
13263.4987964789
 10
8008.433737930943
 20
13261.77737297446
 10
8008.863309878959
 20
13260.09033776691
 10
8009.458721650211
 20
13258.45445737013
 10
8010.214055775024
 20
13256.88598989841
 10
8011.121805403513
 20
13255.40052348614
 10
8012.172948912034
 20
13254.01282136593
 10
8013.357039564175
 20
13252.73667514487
 10
8014.662309335049
 20
13251.58476773748
 10
8016.075785867244
 20
13250.56854731706
 10
8017.583421395976
 20
13249.6981135387
 10
8019.170232361998
 20
13248.98211716438
 10
8020.820448325059
 20
13248.42767408772
 10
8022.517668697487
 20
13248.04029461311
 10
8024.245025740746
 20
13247.82382869179
 10
8025.985352204472
 20
13247.78042765939
 10
8027.72135194241
 20
13247.91052285483
 10
8029.435771809222
 20
13248.21282133361
 10
8031.111573130024
 20
13248.68431871762
 10
8032.732101038417
 20
13249.32032905408
 10
8034.281250000001
 20
13250.1145313865
 10
8035.743623876406
 20
13251.05903257525
 10
8037.104688939042
 20
13252.14444574323
 10
8038.350918311829
 20
13253.35998356674
 10
8039.469926407386
 20
13254.69356548477
 10
8040.450592020496
 20
13256.13193776106
 10
8041.28316885575
 20
13257.66080520573
 10
8041.959382390471
 20
13259.26497324725
 10
8042.472512110778
 20
13260.9284989429
 10
8042.817458302961
 20
13262.63484942697
 10
8042.990792736789
 20
13264.36706622172
 10
8042.990792736789
 20
13266.10793377843
 10
8042.817458302961
 20
13267.84015057317
 10
8042.472512110778
 20
13269.54650105725
 10
8041.959382390471
 20
13271.2100267529
 10
8041.28316885575
 20
13272.81419479442
 10
8040.450592020496
 20
13274.34306223908
 10
8039.469926407386
 20
13275.78143451537
 10
8038.350918311829
 20
13277.11501643341
 10
8037.104688939042
 20
13278.33055425691
 10
8035.743623876406
 20
13279.41596742489
 10
8034.281250000001
 20
13280.36046861365
 10
8032.732101038417
 20
13281.15467094606
 10
8031.111573130024
 20
13281.79068128252
 10
8029.435771809222
 20
13282.26217866654
 10
8027.72135194241
 20
13282.56447714532
 10
8025.985352204472
 20
13282.69457234076
 10
8024.245025740746
 20
13282.65117130836
 10
8022.517668697487
 20
13282.43470538704
 10
8020.820448325059
 20
13282.04732591242
 10
8019.170232361998
 20
13281.49288283576
 10
8017.583421395976
 20
13280.77688646145
 10
8016.075785867244
 20
13279.90645268309
 10
8014.662309335049
 20
13278.89023226267
 10
8013.357039564175
 20
13277.73832485528
 10
8012.172948912034
 20
13276.46217863422
 10
8011.121805403513
 20
13275.07447651401
 10
8010.214055775024
 20
13273.58901010174
 10
8009.458721650211
 20
13272.02054263002
 10
8008.863309878959
 20
13270.38466223323
 10
8008.433737930943
 20
13268.69762702568
 10
8008.174275085185
 20
13266.97620352125
 10
8008.087500000009
 20
13265.23750000007
  0
LWPOLYLINE
  5
26C
330
17
100
AcDbEntity
  8
NESTED_RESULT
100
AcDbPolyline
 90
       64
 70
     0
 43
0.0
 10
7207.987500000001
 20
13264.95063630378
 10
7208.07427508518
 20
13263.21193278261
 10
7208.333737930939
 20
13261.49050927817
 10
7208.763309878951
 20
13259.80347407062
 10
7209.358721650207
 20
13258.16759367383
 10
7210.11405577502
 20
13256.59912620211
 10
7211.021805403508
 20
13255.11365978984
 10
7212.072948912028
 20
13253.72595766963
 10
7213.257039564168
 20
13252.44981144857
 10
7214.562309335043
 20
13251.29790404119
 10
7215.975785867238
 20
13250.28168362076
 10
7217.48342139597
 20
13249.41124984241
 10
7219.070232361993
 20
13248.69525346809
 10
7220.720448325052
 20
13248.14081039143
 10
7222.417668697481
 20
13247.75343091681
 10
7224.145025740742
 20
13247.53696499549
 10
7225.885352204466
 20
13247.4935639631
 10
7227.621351942405
 20
13247.62365915853
 10
7229.335771809217
 20
13247.92595763731
 10
7231.011573130018
 20
13248.39745502133
 10
7232.632101038413
 20
13249.03346535779
 10
7234.181249999995
 20
13249.8276676902
 10
7235.6436238764
 20
13250.77216887896
 10
7237.004688939037
 20
13251.85758204694
 10
7238.250918311824
 20
13253.07311987044
 10
7239.369926407379
 20
13254.40670178848
 10
7240.350592020492
 20
13255.84507406477
 10
7241.183168855743
 20
13257.37394150943
 10
7241.859382390467
 20
13258.97810955095
 10
7242.372512110772
 20
13260.6416352466
 10
7242.717458302955
 20
13262.34798573068
 10
7242.890792736783
 20
13264.08020252542
 10
7242.890792736783
 20
13265.82107008213
 10
7242.717458302955
 20
13267.55328687688
 10
7242.372512110772
 20
13269.25963736095
 10
7241.859382390467
 20
13270.9231630566
 10
7241.183168855743
 20
13272.52733109813
 10
7240.350592020492
 20
13274.05619854279
 10
7239.369926407379
 20
13275.49457081908
 10
7238.250918311824
 20
13276.82815273711
 10
7237.004688939037
 20
13278.04369056062
 10
7235.6436238764
 20
13279.1291037286
 10
7234.181249999995
 20
13280.07360491735
 10
7232.632101038413
 20
13280.86780724977
 10
7231.011573130018
 20
13281.50381758623
 10
7229.335771809217
 20
13281.97531497024
 10
7227.621351942405
 20
13282.27761344903
 10
7225.885352204466
 20
13282.40770864446
 10
7224.145025740742
 20
13282.36430761206
 10
7222.417668697481
 20
13282.14784169075
 10
7220.720448325052
 20
13281.76046221613
 10
7219.070232361993
 20
13281.20601913947
 10
7217.48342139597
 20
13280.49002276515
 10
7215.975785867238
 20
13279.61958898679
 10
7214.562309335043
 20
13278.60336856637
 10
7213.257039564168
 20
13277.45146115898
 10
7212.072948912028
 20
13276.17531493792
 10
7211.021805403508
 20
13274.78761281771
 10
7210.11405577502
 20
13273.30214640545
 10
7209.358721650207
 20
13271.73367893373
 10
7208.763309878951
 20
13270.09779853694
 10
7208.333737930939
 20
13268.41076332939
 10
7208.07427508518
 20
13266.68933982495
 10
7207.987500000001
 20
13264.95063630378
  0
TEXT
  5
26D
330
17
100
AcDbEntity
  8
NESTED_RESULT
100
AcDbText
 10
7458.833333333377
 20
13439.40656815188
 30
0.0
 40
80.0
  1
410-D
 72
     1
 11
7625.500000000044
 21
13479.40656815188
 31
0.0
100
AcDbText
 73
     2
  0
LWPOLYLINE
  5
26E
330
17
100
AcDbEntity
  8
NESTED_RESULT
100
AcDbPolyline
 90
        5
 70
     0
 43
0.0
 10
6800.0
 20
12000.0
 10
6800.0
 20
12584.20000000001
 10
8457.349999999903
 20
12584.20000000001
 10
8457.349999999903
 20
12000.0
 10
6800.0
 20
12000.0
  0
LWPOLYLINE
  5
26F
330
17
100
AcDbEntity
  8
NESTED_RESULT
100
AcDbPolyline
 90
        9
 70
     0
 43
0.0
 10
7015.899999999994
 20
12419.10000000012
 10
7434.999999999897
 20
12419.10000000012
 10
7447.699999999895
 20
12406.40000000002
 10
7447.699999999895
 20
12139.70000000001
 10
7434.999999999897
 20
12127.0
 10
7015.899999999994
 20
12127.0
 10
7003.199999999998
 20
12139.70000000001
 10
7003.199999999998
 20
12406.40000000002
 10
7015.899999999994
 20
12419.10000000012
  0
LWPOLYLINE
  5
270
330
17
100
AcDbEntity
  8
NESTED_RESULT
100
AcDbPolyline
 90
        9
 70
     0
 43
0.0
 10
7816.0
 20
12419.38686369621
 10
8235.099999999905
 20
12419.38686369621
 10
8247.799999999902
 20
12406.6868636962
 10
8247.799999999902
 20
12139.98686369631
 10
8235.099999999905
 20
12127.28686369632
 10
7816.0
 20
12127.28686369632
 10
7803.2999999999
 20
12139.98686369631
 10
7803.2999999999
 20
12406.6868636962
 10
7816.0
 20
12419.38686369621
  0
LWPOLYLINE
  5
271
330
17
100
AcDbEntity
  8
NESTED_RESULT
100
AcDbPolyline
 90
       64
 70
     0
 43
0.0
 10
7242.912499999992
 20
12487.36250000002
 10
7242.825724914815
 20
12489.10120352119
 10
7242.566262069056
 20
12490.82262702563
 10
7242.136690121042
 20
12492.50966223317
 10
7241.541278349789
 20
12494.14554262996
 10
7240.785944224974
 20
12495.71401010168
 10
7239.878194596487
 20
12497.19947651395
 10
7238.827051087966
 20
12498.58717863416
 10
7237.642960435826
 20
12499.86332485522
 10
7236.33769066495
 20
12501.01523226261
 10
7234.924214132757
 20
12502.03145268303
 10
7233.416578604025
 20
12502.90188646139
 10
7231.829767638001
 20
12503.61788283571
 10
7230.179551674942
 20
12504.17232591237
 10
7228.482331302513
 20
12504.55970538698
 10
7226.754974259254
 20
12504.7761713083
 10
7225.014647795529
 20
12504.81957234069
 10
7223.278648057588
 20
12504.68947714526
 10
7221.564228190778
 20
12504.38717866648
 10
7219.888426869977
 20
12503.91568128246
 10
7218.267898961581
 20
12503.27967094601
 10
7216.71875
 20
12502.48546861359
 10
7215.256376123594
 20
12501.54096742484
 10
7213.895311060958
 20
12500.45555425685
 10
7212.649081688171
 20
12499.24001643335
 10
7211.530073592614
 20
12497.90643451531
 10
7210.549407979503
 20
12496.46806223903
 10
7209.71683114425
 20
12494.93919479436
 10
7209.040617609527
 20
12493.33502675284
 10
7208.527487889222
 20
12491.67150105719
 10
7208.182541697039
 20
12489.96515057311
 10
7208.009207263211
 20
12488.23293377837
 10
7208.009207263211
 20
12486.49206622166
 10
7208.182541697039
 20
12484.75984942692
 10
7208.527487889222
 20
12483.05349894284
 10
7209.040617609527
 20
12481.38997324719
 10
7209.71683114425
 20
12479.78580520567
 10
7210.549407979503
 20
12478.256937761
 10
7211.530073592614
 20
12476.81856548471
 10
7212.649081688171
 20
12475.48498356668
 10
7213.895311060958
 20
12474.26944574318
 10
7215.256376123594
 20
12473.1840325752
 10
7216.71875
 20
12472.23953138644
 10
7218.267898961581
 20
12471.44532905402
 10
7219.888426869977
 20
12470.80931871757
 10
7221.564228190778
 20
12470.33782133355
 10
7223.278648057588
 20
12470.03552285477
 10
7225.014647795529
 20
12469.90542765934
 10
7226.754974259254
 20
12469.94882869173
 10
7228.482331302513
 20
12470.16529461304
 10
7230.179551674942
 20
12470.55267408767
 10
7231.829767638001
 20
12471.10711716433
 10
7233.416578604025
 20
12471.82311353864
 10
7234.924214132757
 20
12472.693547317
 10
7236.33769066495
 20
12473.70976773742
 10
7237.642960435826
 20
12474.86167514481
 10
7238.827051087966
 20
12476.13782136588
 10
7239.878194596487
 20
12477.52552348608
 10
7240.785944224974
 20
12479.01098989835
 10
7241.541278349789
 20
12480.57945737007
 10
7242.136690121042
 20
12482.21533776686
 10
7242.566262069056
 20
12483.90237297441
 10
7242.825724914815
 20
12485.62379647884
 10
7242.912499999992
 20
12487.36250000002
  0
LWPOLYLINE
  5
272
330
17
100
AcDbEntity
  8
NESTED_RESULT
100
AcDbPolyline
 90
       64
 70
     0
 43
0.0
 10
8043.012499999894
 20
12487.64936369622
 10
8042.925724914718
 20
12489.3880672174
 10
8042.66626206896
 20
12491.10949072183
 10
8042.236690120946
 20
12492.79652592938
 10
8041.641278349693
 20
12494.43240632617
 10
8040.885944224879
 20
12496.00087379789
 10
8039.978194596391
 20
12497.48634021016
 10
8038.92705108787
 20
12498.87404233037
 10
8037.742960435732
 20
12500.15018855143
 10
8036.437690664852
 20
12501.30209595881
 10
8035.024214132659
 20
12502.31831637924
 10
8033.516578603929
 20
12503.1887501576
 10
8031.929767637906
 20
12503.90474653191
 10
8030.279551674844
 20
12504.45918960857
 10
8028.582331302414
 20
12504.84656908319
 10
8026.854974259157
 20
12505.06303500451
 10
8025.114647795431
 20
12505.10643603691
 10
8023.378648057493
 20
12504.97634084147
 10
8021.664228190683
 20
12504.67404236269
 10
8019.988426869883
 20
12504.20254497867
 10
8018.367898961486
 20
12503.56653464222
 10
8016.818749999904
 20
12502.7723323098
 10
8015.356376123497
 20
12501.82783112104
 10
8013.995311060863
 20
12500.74241795306
 10
8012.749081688074
 20
12499.52688012956
 10
8011.630073592518
 20
12498.19329821152
 10
8010.649407979405
 20
12496.75492593523
 10
8009.816831144155
 20
12495.22605849057
 10
8009.14061760943
 20
12493.62189044905
 10
8008.627487889127
 20
12491.9583647534
 10
8008.282541696944
 20
12490.25201426932
 10
8008.109207263114
 20
12488.51979747458
 10
8008.109207263114
 20
12486.77892991787
 10
8008.282541696944
 20
12485.04671312312
 10
8008.627487889127
 20
12483.34036263905
 10
8009.14061760943
 20
12481.6768369434
 10
8009.816831144155
 20
12480.07266890187
 10
8010.649407979405
 20
12478.54380145721
 10
8011.630073592518
 20
12477.10542918093
 10
8012.749081688074
 20
12475.77184726289
 10
8013.995311060863
 20
12474.55630943939
 10
8015.356376123497
 20
12473.47089627141
 10
8016.818749999904
 20
12472.52639508265
 10
8018.367898961486
 20
12471.73219275023
 10
8019.988426869883
 20
12471.09618241378
 10
8021.664228190683
 20
12470.62468502976
 10
8023.378648057493
 20
12470.32238655098
 10
8025.114647795431
 20
12470.19229135554
 10
8026.854974259157
 20
12470.23569238794
 10
8028.582331302414
 20
12470.45215830925
 10
8030.279551674844
 20
12470.83953778387
 10
8031.929767637906
 20
12471.39398086054
 10
8033.516578603929
 20
12472.10997723485
 10
8035.024214132659
 20
12472.98041101321
 10
8036.437690664852
 20
12473.99663143363
 10
8037.742960435732
 20
12475.14853884102
 10
8038.92705108787
 20
12476.42468506208
 10
8039.978194596391
 20
12477.81238718229
 10
8040.885944224879
 20
12479.29785359456
 10
8041.641278349693
 20
12480.86632106627
 10
8042.236690120946
 20
12482.50220146307
 10
8042.66626206896
 20
12484.18923667061
 10
8042.925724914718
 20
12485.91066017505
 10
8043.012499999894
 20
12487.64936369622
  0
TEXT
  5
273
330
17
100
AcDbEntity
  8
NESTED_RESULT
100
AcDbText
 10
7452.166666666563
 20
12233.19343184816
 30
0.0
 40
80.0
  1
412-D
 72
     1
 11
7625.499999999897
 21
12273.19343184816
 31
0.0
100
AcDbText
 73
     2
  0
LWPOLYLINE
  5
274
330
17
100
AcDbEntity
  8
NESTED_RESULT
100
AcDbPolyline
 90
        5
 70
     0
 43
0.0
 10
8476.399999999994
 20
13168.39999999999
 10
9949.600000000092
 20
13168.39999999999
 10
9949.600000000092
 20
12584.20000000001
 10
8476.399999999994
 20
12584.20000000001
 10
8476.399999999994
 20
13168.39999999999
  0
LWPOLYLINE
  5
275
330
17
100
AcDbEntity
  8
NESTED_RESULT
100
AcDbPolyline
 90
        9
 70
     0
 43
0.0
 10
9403.500000000088
 20
13003.3000000001
 10
9822.600000000091
 20
13003.3000000001
 10
9835.300000000076
 20
12990.6
 10
9835.300000000076
 20
12723.90000000011
 10
9822.600000000091
 20
12711.20000000001
 10
9403.500000000088
 20
12711.20000000001
 10
9390.800000000075
 20
12723.90000000011
 10
9390.800000000075
 20
12990.6
 10
9403.500000000088
 20
13003.3000000001
  0
LWPOLYLINE
  5
276
330
17
100
AcDbEntity
  8
NESTED_RESULT
100
AcDbPolyline
 90
       64
 70
     0
 43
0.0
 10
9630.512500000072
 20
13071.5625
 10
9630.42572491488
 20
13073.30120352117
 10
9630.166262069135
 20
13075.02262702561
 10
9629.73669012112
 20
13076.70966223316
 10
9629.141278349854
 20
13078.34554262994
 10
9628.385944225041
 20
13079.91401010166
 10
9627.478194596566
 20
13081.39947651393
 10
9626.427051088045
 20
13082.78717863414
 10
9625.242960435894
 20
13084.0633248552
 10
9623.937690665044
 20
13085.21523226259
 10
9622.524214132836
 20
13086.23145268301
 10
9621.01657860412
 20
13087.10188646137
 10
9619.429767638068
 20
13087.81788283569
 10
9617.77955167502
 20
13088.37232591235
 10
9616.082331302576
 20
13088.75970538697
 10
9614.354974259335
 20
13088.97617130828
 10
9612.614647795592
 20
13089.01957234068
 10
9610.878648057671
 20
13088.88947714525
 10
9609.164228190872
 20
13088.58717866646
 10
9607.488426870055
 20
13088.11568128245
 10
9605.867898961646
 20
13087.47967094599
 10
9604.318750000064
 20
13086.68546861358
 10
9602.856376123671
 20
13085.74096742482
 10
9601.495311061036
 20
13084.65555425684
 10
9600.249081688238
 20
13083.44001643333
 10
9599.130073592707
 20
13082.1064345153
 10
9598.149407979567
 20
13080.66806223901
 10
9597.316831144331
 20
13079.13919479435
 10
9596.640617609606
 20
13077.53502675282
 10
9596.127487889289
 20
13075.87150105717
 10
9595.782541697117
 20
13074.1651505731
 10
9595.609207263304
 20
13072.43293377835
 10
9595.609207263304
 20
13070.69206622164
 10
9595.782541697117
 20
13068.9598494269
 10
9596.127487889289
 20
13067.25349894282
 10
9596.640617609606
 20
13065.58997324717
 10
9597.316831144331
 20
13063.98580520565
 10
9598.149407979567
 20
13062.45693776099
 10
9599.130073592707
 20
13061.0185654847
 10
9600.249081688238
 20
13059.68498356666
 10
9601.495311061036
 20
13058.46944574316
 10
9602.856376123671
 20
13057.38403257518
 10
9604.318750000064
 20
13056.43953138642
 10
9605.867898961646
 20
13055.64532905401
 10
9607.488426870055
 20
13055.00931871755
 10
9609.164228190872
 20
13054.53782133353
 10
9610.878648057671
 20
13054.23552285475
 10
9612.614647795592
 20
13054.10542765932
 10
9614.354974259335
 20
13054.14882869171
 10
9616.082331302576
 20
13054.36529461303
 10
9617.77955167502
 20
13054.75267408765
 10
9619.429767638068
 20
13055.30711716431
 10
9621.01657860412
 20
13056.02311353863
 10
9622.524214132836
 20
13056.89354731698
 10
9623.937690665044
 20
13057.90976773741
 10
9625.242960435894
 20
13059.06167514479
 10
9626.427051088045
 20
13060.33782136585
 10
9627.478194596566
 20
13061.72552348606
 10
9628.385944225041
 20
13063.21098989833
 10
9629.141278349854
 20
13064.77945737005
 10
9629.73669012112
 20
13066.41533776684
 10
9630.166262069135
 20
13068.10237297439
 10
9630.42572491488
 20
13069.82379647882
 10
9630.512500000072
 20
13071.5625
  0
TEXT
  5
277
330
17
100
AcDbEntity
  8
NESTED_RESULT
100
AcDbText
 10
8764.507861328151
 20
12836.12016601562
 30
0.0
 40
80.0
  1
502-D
 72
     1
 11
8944.507861328151
 21
12876.12016601562
 31
0.0
100
AcDbText
 73
     2
  0
LWPOLYLINE
  5
278
330
17
100
AcDbEntity
  8
NESTED_RESULT
100
AcDbPolyline
 90
        5
 70
     0
 43
0.0
 10
8457.349999999991
 20
13752.59999999997
 10
9914.674999999988
 20
13752.59999999997
 10
9914.674999999988
 20
13168.39999999999
 10
8457.349999999991
 20
13168.39999999999
 10
8457.349999999991
 20
13752.59999999997
  0
LWPOLYLINE
  5
279
330
17
100
AcDbEntity
  8
NESTED_RESULT
100
AcDbPolyline
 90
        9
 70
     0
 43
0.0
 10
9743.224999999991
 20
13333.5
 10
9324.124999999984
 20
13333.5
 10
9311.424999999989
 20
13346.19999999998
 10
9311.424999999989
 20
13612.89999999999
 10
9324.124999999984
 20
13625.59999999997
 10
9743.224999999991
 20
13625.59999999997
 10
9755.92499999999
 20
13612.89999999999
 10
9755.92499999999
 20
13346.19999999998
 10
9743.224999999991
 20
13333.5
  0
LWPOLYLINE
  5
27A
330
17
100
AcDbEntity
  8
NESTED_RESULT
100
AcDbPolyline
 90
        9
 70
     0
 43
0.0
 10
9044.72499999999
 20
13333.5
 10
8625.624999999985
 20
13333.5
 10
8612.924999999988
 20
13346.19999999998
 10
8612.924999999988
 20
13612.89999999999
 10
8625.624999999985
 20
13625.59999999997
 10
9044.72499999999
 20
13625.59999999997
 10
9057.424999999987
 20
13612.89999999999
 10
9057.424999999987
 20
13346.19999999998
 10
9044.72499999999
 20
13333.5
  0
LWPOLYLINE
  5
27B
330
17
100
AcDbEntity
  8
NESTED_RESULT
100
AcDbPolyline
 90
       64
 70
     0
 43
0.0
 10
9516.212499999994
 20
13265.23749999999
 10
9516.299275085172
 20
13263.49879647881
 10
9516.558737930926
 20
13261.77737297438
 10
9516.988309878945
 20
13260.09033776683
 10
9517.583721650197
 20
13258.45445737004
 10
9518.33905577501
 20
13256.88598989832
 10
9519.246805403497
 20
13255.40052348605
 10
9520.297948912022
 20
13254.01282136584
 10
9521.482039564158
 20
13252.73667514478
 10
9522.787309335035
 20
13251.58476773739
 10
9524.200785867229
 20
13250.56854731697
 10
9525.708421395959
 20
13249.69811353861
 10
9527.295232361984
 20
13248.98211716429
 10
9528.945448325044
 20
13248.42767408764
 10
9530.642668697474
 20
13248.04029461302
 10
9532.370025740732
 20
13247.8238286917
 10
9534.110352204457
 20
13247.78042765931
 10
9535.846351942396
 20
13247.91052285474
 10
9537.560771809207
 20
13248.21282133352
 10
9539.236573130009
 20
13248.68431871754
 10
9540.857101038403
 20
13249.32032905399
 10
9542.406249999983
 20
13250.11453138641
 10
9543.86862387639
 20
13251.05903257517
 10
9545.229688939029
 20
13252.14444574315
 10
9546.475918311818
 20
13253.35998356665
 10
9547.594926407372
 20
13254.69356548469
 10
9548.575592020482
 20
13256.13193776097
 10
9549.408168855734
 20
13257.66080520564
 10
9550.084382390457
 20
13259.26497324716
 10
9550.597512110762
 20
13260.92849894281
 10
9550.942458302948
 20
13262.63484942689
 10
9551.115792736776
 20
13264.36706622163
 10
9551.115792736776
 20
13266.10793377834
 10
9550.942458302948
 20
13267.84015057309
 10
9550.597512110762
 20
13269.54650105716
 10
9550.084382390457
 20
13271.21002675281
 10
9549.408168855734
 20
13272.81419479434
 10
9548.575592020482
 20
13274.343062239
 10
9547.594926407372
 20
13275.78143451529
 10
9546.475918311818
 20
13277.11501643332
 10
9545.229688939029
 20
13278.33055425683
 10
9543.86862387639
 20
13279.41596742481
 10
9542.406249999983
 20
13280.36046861357
 10
9540.857101038403
 20
13281.15467094598
 10
9539.236573130009
 20
13281.79068128243
 10
9537.560771809207
 20
13282.26217866645
 10
9535.846351942396
 20
13282.56447714524
 10
9534.110352204457
 20
13282.69457234067
 10
9532.370025740732
 20
13282.65117130827
 10
9530.642668697474
 20
13282.43470538695
 10
9528.945448325044
 20
13282.04732591234
 10
9527.295232361984
 20
13281.49288283568
 10
9525.708421395959
 20
13280.77688646136
 10
9524.200785867229
 20
13279.906452683
 10
9522.787309335035
 20
13278.89023226258
 10
9521.482039564158
 20
13277.73832485519
 10
9520.297948912022
 20
13276.46217863413
 10
9519.246805403497
 20
13275.07447651392
 10
9518.33905577501
 20
13273.58901010165
 10
9517.583721650197
 20
13272.02054262993
 10
9516.988309878945
 20
13270.38466223315
 10
9516.558737930926
 20
13268.6976270256
 10
9516.299275085172
 20
13266.97620352116
 10
9516.212499999994
 20
13265.23749999999
  0
LWPOLYLINE
  5
27C
330
17
100
AcDbEntity
  8
NESTED_RESULT
100
AcDbPolyline
 90
       64
 70
     0
 43
0.0
 10
8817.712499999995
 20
13265.23749999999
 10
8817.799275085171
 20
13263.49879647881
 10
8818.058737930929
 20
13261.77737297438
 10
8818.488309878942
 20
13260.09033776683
 10
8819.083721650198
 20
13258.45445737004
 10
8819.839055775011
 20
13256.88598989832
 10
8820.746805403498
 20
13255.40052348605
 10
8821.797948912019
 20
13254.01282136584
 10
8822.982039564157
 20
13252.73667514478
 10
8824.287309335035
 20
13251.58476773739
 10
8825.70078586723
 20
13250.56854731697
 10
8827.208421395958
 20
13249.69811353861
 10
8828.795232361983
 20
13248.98211716429
 10
8830.445448325045
 20
13248.42767408764
 10
8832.142668697473
 20
13248.04029461302
 10
8833.870025740733
 20
13247.8238286917
 10
8835.610352204458
 20
13247.78042765931
 10
8837.346351942397
 20
13247.91052285474
 10
8839.060771809206
 20
13248.21282133352
 10
8840.736573130008
 20
13248.68431871754
 10
8842.357101038404
 20
13249.32032905399
 10
8843.906249999985
 20
13250.11453138641
 10
8845.368623876391
 20
13251.05903257517
 10
8846.729688939026
 20
13252.14444574315
 10
8847.975918311815
 20
13253.35998356665
 10
8849.094926407373
 20
13254.69356548469
 10
8850.075592020482
 20
13256.13193776097
 10
8850.908168855735
 20
13257.66080520564
 10
8851.584382390457
 20
13259.26497324716
 10
8852.097512110763
 20
13260.92849894281
 10
8852.442458302947
 20
13262.63484942689
 10
8852.615792736775
 20
13264.36706622163
 10
8852.615792736775
 20
13266.10793377834
 10
8852.442458302947
 20
13267.84015057309
 10
8852.097512110763
 20
13269.54650105716
 10
8851.584382390457
 20
13271.21002675281
 10
8850.908168855735
 20
13272.81419479434
 10
8850.075592020482
 20
13274.343062239
 10
8849.094926407373
 20
13275.78143451529
 10
8847.975918311815
 20
13277.11501643332
 10
8846.729688939026
 20
13278.33055425683
 10
8845.368623876391
 20
13279.41596742481
 10
8843.906249999985
 20
13280.36046861357
 10
8842.357101038404
 20
13281.15467094598
 10
8840.736573130008
 20
13281.79068128243
 10
8839.060771809206
 20
13282.26217866645
 10
8837.346351942397
 20
13282.56447714524
 10
8835.610352204458
 20
13282.69457234067
 10
8833.870025740733
 20
13282.65117130827
 10
8832.142668697473
 20
13282.43470538695
 10
8830.445448325045
 20
13282.04732591234
 10
8828.795232361983
 20
13281.49288283568
 10
8827.208421395958
 20
13280.77688646136
 10
8825.70078586723
 20
13279.906452683
 10
8824.287309335035
 20
13278.89023226258
 10
8822.982039564157
 20
13277.73832485519
 10
8821.797948912019
 20
13276.46217863413
 10
8820.746805403498
 20
13275.07447651392
 10
8819.839055775011
 20
13273.58901010165
 10
8819.083721650198
 20
13272.02054262993
 10
8818.488309878942
 20
13270.38466223315
 10
8818.058737930929
 20
13268.6976270256
 10
8817.799275085171
 20
13266.97620352116
 10
8817.712499999995
 20
13265.23749999999
  0
TEXT
  5
27D
330
17
100
AcDbEntity
  8
NESTED_RESULT
100
AcDbText
 10
9011.255997721344
 20
13262.5282470703
 30
0.0
 40
80.0
  1
519-E
 72
     1
 11
9184.589331054679
 21
13302.5282470703
 31
0.0
100
AcDbText
 73
     2
  0
LWPOLYLINE
  5
27E
330
17
100
AcDbEntity
  8
NESTED_RESULT
100
AcDbPolyline
 90
        5
 70
     0
 43
0.0
 10
8457.349999999903
 20
12000.0
 10
8457.349999999903
 20
12584.20000000001
 10
9616.224999999905
 20
12584.20000000001
 10
9616.224999999905
 20
12000.0
 10
8457.349999999903
 20
12000.0
  0
LWPOLYLINE
  5
27F
330
17
100
AcDbEntity
  8
NESTED_RESULT
100
AcDbPolyline
 90
        9
 70
     0
 43
0.0
 10
8581.174999999914
 20
12419.1
 10
9000.274999999907
 20
12419.1
 10
9012.974999999903
 20
12406.39999999999
 10
9012.974999999903
 20
12139.70000000001
 10
9000.274999999907
 20
12127.0
 10
8581.174999999914
 20
12127.0
 10
8568.474999999905
 20
12139.70000000001
 10
8568.474999999905
 20
12406.39999999999
 10
8581.174999999914
 20
12419.1
  0
LWPOLYLINE
  5
280
330
17
100
AcDbEntity
  8
NESTED_RESULT
100
AcDbPolyline
 90
       64
 70
     0
 43
0.0
 10
8808.187499999899
 20
12487.36249999999
 10
8808.100724914721
 20
12489.10120352116
 10
8807.841262068963
 20
12490.8226270256
 10
8807.411690120948
 20
12492.50966223315
 10
8806.816278349696
 20
12494.14554262993
 10
8806.060944224883
 20
12495.71401010165
 10
8805.153194596394
 20
12497.19947651392
 10
8804.102051087873
 20
12498.58717863413
 10
8802.917960435733
 20
12499.86332485519
 10
8801.612690664857
 20
12501.01523226258
 10
8800.199214132662
 20
12502.031452683
 10
8798.691578603932
 20
12502.90188646136
 10
8797.104767637909
 20
12503.61788283568
 10
8795.454551674849
 20
12504.17232591234
 10
8793.757331302419
 20
12504.55970538695
 10
8792.029974259159
 20
12504.77617130827
 10
8790.289647795434
 20
12504.81957234067
 10
8788.553648057495
 20
12504.68947714523
 10
8786.839228190684
 20
12504.38717866645
 10
8785.163426869884
 20
12503.91568128244
 10
8783.542898961488
 20
12503.27967094598
 10
8781.993749999907
 20
12502.48546861357
 10
8780.531376123501
 20
12501.54096742481
 10
8779.170311060864
 20
12500.45555425683
 10
8777.924081688077
 20
12499.24001643332
 10
8776.805073592521
 20
12497.90643451529
 10
8775.82440797941
 20
12496.468062239
 10
8774.991831144157
 20
12494.93919479433
 10
8774.315617609435
 20
12493.33502675281
 10
8773.802487889131
 20
12491.67150105716
 10
8773.457541696947
 20
12489.96515057309
 10
8773.284207263115
 20
12488.23293377834
 10
8773.284207263115
 20
12486.49206622163
 10
8773.457541696947
 20
12484.75984942689
 10
8773.802487889131
 20
12483.05349894281
 10
8774.315617609435
 20
12481.38997324716
 10
8774.991831144157
 20
12479.78580520564
 10
8775.82440797941
 20
12478.25693776097
 10
8776.805073592521
 20
12476.81856548469
 10
8777.924081688077
 20
12475.48498356665
 10
8779.170311060864
 20
12474.26944574315
 10
8780.531376123501
 20
12473.18403257517
 10
8781.993749999907
 20
12472.23953138641
 10
8783.542898961488
 20
12471.445329054
 10
8785.163426869884
 20
12470.80931871754
 10
8786.839228190684
 20
12470.33782133352
 10
8788.553648057495
 20
12470.03552285474
 10
8790.289647795434
 20
12469.90542765931
 10
8792.029974259159
 20
12469.9488286917
 10
8793.757331302419
 20
12470.16529461302
 10
8795.454551674849
 20
12470.55267408764
 10
8797.104767637909
 20
12471.10711716429
 10
8798.691578603932
 20
12471.82311353861
 10
8800.199214132662
 20
12472.69354731697
 10
8801.612690664857
 20
12473.70976773739
 10
8802.917960435733
 20
12474.86167514478
 10
8804.102051087873
 20
12476.13782136584
 10
8805.153194596394
 20
12477.52552348605
 10
8806.060944224883
 20
12479.01098989832
 10
8806.816278349696
 20
12480.57945737004
 10
8807.411690120948
 20
12482.21533776683
 10
8807.841262068963
 20
12483.90237297438
 10
8808.100724914721
 20
12485.62379647881
 10
8808.187499999899
 20
12487.36249999999
  0
TEXT
  5
281
330
17
100
AcDbEntity
  8
NESTED_RESULT
100
AcDbText
 10
9136.480137125555
 20
12251.81707153321
 30
0.0
 40
80.0
  1
519-D
 72
     1
 11
9309.813470458889
 21
12291.81707153321
 31
0.0
100
AcDbText
 73
     2
  0
LWPOLYLINE
  5
282
330
17
100
AcDbEntity
  8
NESTED_RESULT
 62
     1
100
AcDbPolyline
 90
        5
 70
     0
 43
0.0
 10
10200.0
 20
12000.0
 10
13400.0
 20
12000.0
 10
13400.0
 20
13800.0
 10
10200.0
 20
13800.0
 10
10200.0
 20
12000.0
  0
TEXT
  5
283
330
17
100
AcDbEntity
  8
NESTED_RESULT
 62
     1
100
AcDbText
 10
10200.0
 20
13846.66666666666
 30
0.0
 40
50.0
  1
Sheet_40
 11
10200.0
 21
13830.0
 31
0.0
100
AcDbText
 73
     1
  0
LWPOLYLINE
  5
284
330
17
100
AcDbEntity
  8
NESTED_RESULT
100
AcDbPolyline
 90
        5
 70
     0
 43
0.0
 10
12019.27499999999
 20
12901.70000000001
 10
10200.0
 20
12901.70000000001
 10
10200.0
 20
13552.57500000001
 10
12019.27499999999
 20
13552.57500000001
 10
12019.27499999999
 20
12901.70000000001
  0
LWPOLYLINE
  5
285
330
17
100
AcDbEntity
  8
NESTED_RESULT
100
AcDbPolyline
 90
        5
 70
     0
 43
0.0
 10
10658.788
 20
13009.65000000001
 10
10658.788
 20
13403.35
 10
11306.48800000001
 20
13403.35
 10
11306.48800000001
 20
13009.65000000001
 10
10658.788
 20
13009.65000000001
  0
LWPOLYLINE
  5
286
330
17
100
AcDbEntity
  8
NESTED_RESULT
100
AcDbPolyline
 90
       64
 70
     0
 43
0.0
 10
11000.1005
 20
13458.91250000011
 10
11000.01372491481
 20
13460.65120352128
 10
10999.75426206906
 20
13462.37262702573
 10
10999.32469012105
 20
13464.05966223325
 10
10998.72927834978
 20
13465.69554263005
 10
10997.97394422497
 20
13467.26401010179
 10
10997.06619459649
 20
13468.74947651404
 10
10996.01505108797
 20
13470.13717863426
 10
10994.83096043582
 20
13471.41332485531
 10
10993.52569066497
 20
13472.5652322627
 10
10992.11221413276
 20
13473.58145268312
 10
10990.60457860405
 20
13474.45188646148
 10
10989.01776763799
 20
13475.16788283581
 10
10987.36755167495
 20
13475.72232591247
 10
10985.6703313025
 20
13476.10970538707
 10
10983.94297425926
 20
13476.32617130838
 10
10982.20264779552
 20
13476.3695723408
 10
10980.4666480576
 20
13476.23947714537
 10
10978.7522281908
 20
13475.93717866659
 10
10977.07642686998
 20
13475.46568128255
 10
10975.45589896157
 20
13474.8296709461
 10
10973.90674999999
 20
13474.0354686137
 10
10972.4443761236
 20
13473.09096742493
 10
10971.08331106096
 20
13472.00555425693
 10
10969.83708168816
 20
13470.79001643343
 10
10968.71807359264
 20
13469.45643451542
 10
10967.73740797949
 20
13468.01806223912
 10
10966.90483114426
 20
13466.48919479444
 10
10966.22861760953
 20
13464.88502675293
 10
10965.71548788922
 20
13463.22150105726
 10
10965.37054169705
 20
13461.5151505732
 10
10965.19720726323
 20
13459.78293377846
 10
10965.19720726323
 20
13458.04206622175
 10
10965.37054169705
 20
13456.30984942701
 10
10965.71548788922
 20
13454.60349894294
 10
10966.22861760953
 20
13452.93997324728
 10
10966.90483114426
 20
13451.33580520577
 10
10967.73740797949
 20
13449.80693776109
 10
10968.71807359264
 20
13448.36856548479
 10
10969.83708168816
 20
13447.03498356679
 10
10971.08331106096
 20
13445.81944574328
 10
10972.4443761236
 20
13444.73403257529
 10
10973.90674999999
 20
13443.78953138651
 10
10975.45589896157
 20
13442.99532905411
 10
10977.07642686998
 20
13442.35931871766
 10
10978.7522281908
 20
13441.88782133363
 10
10980.4666480576
 20
13441.58552285484
 10
10982.20264779552
 20
13441.45542765941
 10
10983.94297425926
 20
13441.49882869184
 10
10985.6703313025
 20
13441.71529461314
 10
10987.36755167495
 20
13442.10267408774
 10
10989.01776763799
 20
13442.6571171644
 10
10990.60457860405
 20
13443.37311353873
 10
10992.11221413276
 20
13444.24354731709
 10
10993.52569066497
 20
13445.25976773752
 10
10994.83096043582
 20
13446.4116751449
 10
10996.01505108797
 20
13447.68782136595
 10
10997.06619459649
 20
13449.07552348617
 10
10997.97394422497
 20
13450.56098989842
 10
10998.72927834978
 20
13452.12945737016
 10
10999.32469012105
 20
13453.76533776696
 10
10999.75426206906
 20
13455.45237297448
 10
11000.01372491481
 20
13457.17379647893
 10
11000.1005
 20
13458.91250000011
  0
TEXT
  5
287
330
17
100
AcDbEntity
  8
NESTED_RESULT
100
AcDbText
 10
11511.26362609863
 20
13186.91542053223
 30
0.0
 40
80.0
  1
508-B
 72
     1
 11
11691.26362609862
 21
13226.91542053223
 31
0.0
100
AcDbText
 73
     2
  0
LWPOLYLINE
  5
288
330
17
100
AcDbEntity
  8
NESTED_RESULT
100
AcDbPolyline
 90
        8
 70
     0
 43
0.0
 10
12797.15000000011
 20
12250.82500000001
 10
12797.15000000011
 20
12901.70000000001
 10
11498.5750000001
 20
12901.70000000001
 10
11498.5750000001
 20
12000.0
 10
12149.4500000001
 20
12000.0
 10
12149.4500000001
 20
12241.30000000001
 10
12158.97500000009
 20
12250.82500000001
 10
12797.15000000011
 20
12250.82500000001
  0
TEXT
  5
289
330
17
100
AcDbEntity
  8
NESTED_RESULT
100
AcDbText
 10
11702.50427856455
 20
12477.74436645508
 30
0.0
 40
80.0
  1
409-B
 72
     1
 11
11882.50427856455
 21
12517.74436645508
 31
0.0
100
AcDbText
 73
     2
  0
LWPOLYLINE
  5
28A
330
17
100
AcDbEntity
  8
NESTED_RESULT
100
AcDbPolyline
 90
        8
 70
     0
 43
0.0
 10
11498.5750000001
 20
12254.0
 10
11498.5750000001
 20
12901.70000000001
 10
10200.0
 20
12901.70000000001
 10
10200.0
 20
12000.0
 10
10847.7000000001
 20
12000.0
 10
10847.7000000001
 20
12244.47500000009
 10
10857.225
 20
12254.0
 10
11498.5750000001
 20
12254.0
  0
TEXT
  5
28B
330
17
100
AcDbEntity
  8
NESTED_RESULT
100
AcDbText
 10
10408.69373575849
 20
12479.64657592774
 30
0.0
 40
80.0
  1
417-B
 72
     1
 11
10582.02706909182
 21
12519.64657592774
 31
0.0
100
AcDbText
 73
     2
  0
LWPOLYLINE
  5
28C
330
17
100
AcDbEntity
  8
NESTED_RESULT
100
AcDbPolyline
 90
        5
 70
     0
 43
0.0
 10
13381.35000000021
 20
13657.35
 10
13381.35000000021
 20
12000.0
 10
12797.15000000011
 20
12000.0
 10
12797.15000000011
 20
13657.35
 10
13381.35000000021
 20
13657.35
  0
LWPOLYLINE
  5
28D
330
17
100
AcDbEntity
  8
NESTED_RESULT
100
AcDbPolyline
 90
        9
 70
     0
 43
0.0
 10
12962.25000000011
 20
12222.25
 10
12962.25000000011
 20
12641.34999999992
 10
12974.95000000021
 20
12654.04999999999
 10
13241.65000000022
 20
12654.04999999999
 10
13254.35000000021
 20
12641.34999999992
 10
13254.35000000021
 20
12222.25
 10
13241.65000000022
 20
12209.54999999999
 10
12974.95000000021
 20
12209.54999999999
 10
12962.25000000011
 20
12222.25
  0
LWPOLYLINE
  5
28E
330
17
100
AcDbEntity
  8
NESTED_RESULT
100
AcDbPolyline
 90
        9
 70
     0
 43
0.0
 10
12961.96313630391
 20
13022.35
 10
12961.96313630391
 20
13441.44999999989
 10
12974.66313630392
 20
13454.15000000002
 10
13241.3631363039
 20
13454.15000000002
 10
13254.06313630391
 20
13441.44999999989
 10
13254.06313630391
 20
13022.35
 10
13241.3631363039
 20
13009.64999999991
 10
12974.66313630392
 20
13009.64999999991
 10
12961.96313630391
 20
13022.35
  0
LWPOLYLINE
  5
28F
330
17
100
AcDbEntity
  8
NESTED_RESULT
100
AcDbPolyline
 90
       64
 70
     0
 43
0.0
 10
12893.98750000022
 20
12449.26250000001
 10
12892.24879647904
 20
12449.17572491482
 10
12890.52737297461
 20
12448.91626206907
 10
12888.84033776706
 20
12448.48669012106
 10
12887.20445737027
 20
12447.89127834979
 10
12885.63598989855
 20
12447.13594422498
 10
12884.15052348628
 20
12446.22819459648
 10
12882.76282136608
 20
12445.17705108796
 10
12881.48667514501
 20
12443.99296043583
 10
12880.33476773763
 20
12442.68769066495
 10
12879.3185473172
 20
12441.27421413275
 10
12878.44811353884
 20
12439.76657860403
 10
12877.73211716453
 20
12438.17976763801
 10
12877.17767408787
 20
12436.52955167496
 10
12876.79029461325
 20
12434.83233130252
 10
12876.57382869193
 20
12433.10497425927
 10
12876.53042765954
 20
12431.36464779553
 10
12876.66052285497
 20
12429.62864805758
 10
12876.96282133375
 20
12427.91422819078
 10
12877.43431871777
 20
12426.23842686997
 10
12878.07032905422
 20
12424.61789896158
 10
12878.86453138664
 20
12423.06875
 10
12879.8090325754
 20
12421.60637612361
 10
12880.89444574338
 20
12420.24531106098
 10
12882.10998356688
 20
12418.99908168818
 10
12883.44356548492
 20
12417.88007359262
 10
12884.88193776121
 20
12416.8994079795
 10
12886.41080520587
 20
12416.06683114427
 10
12888.01497324739
 20
12415.39061760954
 10
12889.67849894304
 20
12414.87748788923
 10
12891.38484942712
 20
12414.53254169703
 10
12893.11706622186
 20
12414.35920726321
 10
12894.85793377858
 20
12414.35920726321
 10
12896.59015057332
 20
12414.53254169703
 10
12898.29650105739
 20
12414.87748788923
 10
12899.96002675305
 20
12415.39061760954
 10
12901.56419479457
 20
12416.06683114427
 10
12903.09306223923
 20
12416.8994079795
 10
12904.53143451552
 20
12417.88007359262
 10
12905.86501643355
 20
12418.99908168818
 10
12907.08055425706
 20
12420.24531106098
 10
12908.16596742504
 20
12421.60637612361
 10
12909.1104686138
 20
12423.06875
 10
12909.90467094621
 20
12424.61789896158
 10
12910.54068128267
 20
12426.23842686997
 10
12911.01217866668
 20
12427.91422819078
 10
12911.31447714547
 20
12429.62864805758
 10
12911.4445723409
 20
12431.36464779553
 10
12911.4011713085
 20
12433.10497425927
 10
12911.18470538719
 20
12434.83233130252
 10
12910.79732591257
 20
12436.52955167496
 10
12910.24288283591
 20
12438.17976763801
 10
12909.52688646159
 20
12439.76657860403
 10
12908.65645268323
 20
12441.27421413275
 10
12907.64023226281
 20
12442.68769066495
 10
12906.48832485542
 20
12443.99296043583
 10
12905.21217863436
 20
12445.17705108796
 10
12903.82447651415
 20
12446.22819459648
 10
12902.33901010188
 20
12447.13594422498
 10
12900.77054263017
 20
12447.89127834979
 10
12899.13466223338
 20
12448.48669012106
 10
12897.44762702583
 20
12448.91626206907
 10
12895.72620352139
 20
12449.17572491482
 10
12893.98750000022
 20
12449.26250000001
  0
LWPOLYLINE
  5
290
330
17
100
AcDbEntity
  8
NESTED_RESULT
100
AcDbPolyline
 90
       64
 70
     0
 43
0.0
 10
12893.70063630401
 20
13249.36249999999
 10
12891.96193278284
 20
13249.27572491483
 10
12890.2405092784
 20
13249.01626206905
 10
12888.55347407085
 20
13248.58669012104
 10
12886.91759367406
 20
13247.9912783498
 10
12885.34912620234
 20
13247.23594422499
 10
12883.86365979007
 20
13246.32819459651
 10
12882.47595766987
 20
13245.27705108799
 10
12881.19981144881
 20
13244.09296043584
 10
12880.04790404142
 20
13242.78769066496
 10
12879.031683621
 20
13241.37421413278
 10
12878.16124984264
 20
13239.86657860404
 10
12877.44525346832
 20
13238.27976763801
 10
12876.89081039166
 20
13236.62955167494
 10
12876.50343091704
 20
13234.93233130252
 10
12876.28696499573
 20
13233.20497425925
 10
12876.24356396333
 20
13231.46464779554
 10
12876.37365915877
 20
13229.72864805761
 10
12876.67595763755
 20
13228.01422819079
 10
12877.14745502156
 20
13226.33842687
 10
12877.78346535802
 20
13224.71789896159
 10
12878.57766769044
 20
13223.16875000001
 10
12879.52216887919
 20
13221.70637612359
 10
12880.60758204717
 20
13220.34531106095
 10
12881.82311987068
 20
13219.09908168818
 10
12883.15670178871
 20
13217.98007359263
 10
12884.595074065
 20
13216.99940797951
 10
12886.12394150966
 20
13216.16683114425
 10
12887.72810955118
 20
13215.49061760952
 10
12889.39163524684
 20
13214.97748788923
 10
12891.09798573091
 20
13214.63254169706
 10
12892.83020252565
 20
13214.45920726322
 10
12894.57107008237
 20
13214.45920726322
 10
12896.30328687711
 20
13214.63254169706
 10
12898.00963736119
 20
13214.97748788923
 10
12899.67316305684
 20
13215.49061760952
 10
12901.27733109836
 20
13216.16683114425
 10
12902.80619854302
 20
13216.99940797951
 10
12904.24457081931
 20
13217.98007359263
 10
12905.57815273735
 20
13219.09908168818
 10
12906.79369056085
 20
13220.34531106095
 10
12907.87910372883
 20
13221.70637612359
 10
12908.82360491759
 20
13223.16875000001
 10
12909.61780725
 20
13224.71789896159
 10
12910.25381758646
 20
13226.33842687
 10
12910.72531497047
 20
13228.01422819079
 10
12911.02761344926
 20
13229.72864805761
 10
12911.15770864469
 20
13231.46464779554
 10
12911.11430761229
 20
13233.20497425925
 10
12910.89784169098
 20
13234.93233130252
 10
12910.51046221636
 20
13236.62955167494
 10
12909.9560191397
 20
13238.27976763801
 10
12909.24002276538
 20
13239.86657860404
 10
12908.36958898703
 20
13241.37421413278
 10
12907.3533685666
 20
13242.78769066496
 10
12906.20146115921
 20
13244.09296043584
 10
12904.92531493816
 20
13245.27705108799
 10
12903.53761281795
 20
13246.32819459651
 10
12902.05214640568
 20
13247.23594422499
 10
12900.48367893396
 20
13247.9912783498
 10
12898.84779853717
 20
13248.58669012104
 10
12897.16076332962
 20
13249.01626206905
 10
12895.43933982518
 20
13249.27572491483
 10
12893.70063630401
 20
13249.36249999999
  0
TEXT
  5
291
330
17
100
AcDbEntity
  8
NESTED_RESULT
100
AcDbText
 10
12929.25000000016
 20
12791.84999999995
 30
0.0
 40
80.0
  1
411-D
 72
     1
 11
13089.25000000016
 21
12831.84999999995
 31
0.0
100
AcDbText
 73
     2
  0
LWPOLYLINE
  5
292
330
17
100
AcDbEntity
  8
NESTED_RESULT
100
AcDbPolyline
 90
        5
 70
     0
 43
0.0
 10
12670.14999999999
 20
13730.375
 10
12019.27499999999
 20
13730.375
 10
12019.27499999999
 20
12901.70000000001
 10
12670.14999999999
 20
12901.70000000001
 10
12670.14999999999
 20
13730.375
  0
TEXT
  5
293
330
17
100
AcDbEntity
  8
NESTED_RESULT
100
AcDbText
 10
12164.71249999999
 20
13276.0375
 30
0.0
 40
80.0
  1
402-B
 72
     1
 11
12344.71249999999
 21
13316.0375
 31
0.0
100
AcDbText
 73
     2
  0
LWPOLYLINE
  5
294
330
17
100
AcDbEntity
  8
NESTED_RESULT
 62
     1
100
AcDbPolyline
 90
        5
 70
     0
 43
0.0
 10
13600.0
 20
12000.0
 10
16800.0
 20
12000.0
 10
16800.0
 20
13800.0
 10
13600.0
 20
13800.0
 10
13600.0
 20
12000.0
  0
TEXT
  5
295
330
17
100
AcDbEntity
  8
NESTED_RESULT
 62
     1
100
AcDbText
 10
13600.0
 20
13846.66666666666
 30
0.0
 40
50.0
  1
Sheet_41
 11
13600.0
 21
13830.0
 31
0.0
100
AcDbText
 73
     1
  0
LWPOLYLINE
  5
296
330
17
100
AcDbEntity
  8
NESTED_RESULT
100
AcDbPolyline
 90
        5
 70
     0
 43
0.0
 10
13600.0
 20
13552.57499999998
 10
15517.69999999998
 20
13552.57499999998
 10
15517.69999999998
 20
12901.69999999998
 10
13600.0
 20
12901.69999999998
 10
13600.0
 20
13552.57499999998
  0
LWPOLYLINE
  5
297
330
17
100
AcDbEntity
  8
NESTED_RESULT
100
AcDbPolyline
 90
        5
 70
     0
 43
0.0
 10
14312.78699999998
 20
13050.9249999999
 10
14312.78699999998
 20
13444.62499999988
 10
14960.48699999999
 20
13444.62499999988
 10
14960.48699999999
 20
13050.9249999999
 10
14312.78699999998
 20
13050.9249999999
  0
LWPOLYLINE
  5
298
330
17
100
AcDbEntity
  8
NESTED_RESULT
100
AcDbPolyline
 90
       64
 70
     0
 43
0.0
 10
14619.17449999999
 20
12995.3624999999
 10
14619.26127508518
 20
12993.62379647873
 10
14619.52073793093
 20
12991.90237297429
 10
14619.95030987894
 20
12990.21533776674
 10
14620.54572165021
 20
12988.57945736995
 10
14621.30105577502
 20
12987.01098989823
 10
14622.2088054035
 20
12985.52552348596
 10
14623.25994891202
 20
12984.13782136576
 10
14624.44403956417
 20
12982.86167514469
 10
14625.74930933502
 20
12981.70976773731
 10
14627.16278586723
 20
12980.69354731688
 10
14628.67042139594
 20
12979.82311353853
 10
14630.257232362
 20
12979.10711716421
 10
14631.90744832504
 20
12978.55267408755
 10
14633.60466869749
 20
12978.16529461293
 10
14635.33202574073
 20
12977.94882869161
 10
14637.07235220447
 20
12977.90542765922
 10
14638.80835194239
 20
12978.03552285465
 10
14640.52277180919
 20
12978.33782133343
 10
14642.19857313
 20
12978.80931871745
 10
14643.81910103841
 20
12979.44532905391
 10
14645.36825
 20
12980.23953138632
 10
14646.83062387639
 20
12981.18403257508
 10
14648.19168893903
 20
12982.26944574306
 10
14649.43791831183
 20
12983.48498356656
 10
14650.55692640735
 20
12984.8185654846
 10
14651.53759202049
 20
12986.25693776089
 10
14652.37016885573
 20
12987.78580520555
 10
14653.04638239046
 20
12989.38997324707
 10
14653.55951211077
 20
12991.05349894272
 10
14653.90445830294
 20
12992.7598494268
 10
14654.07779273676
 20
12994.49206622154
 10
14654.07779273676
 20
12996.23293377826
 10
14653.90445830294
 20
12997.965150573
 10
14653.55951211077
 20
12999.67150105707
 10
14653.04638239046
 20
13001.33502675272
 10
14652.37016885573
 20
13002.93919479425
 10
14651.53759202049
 20
13004.46806223891
 10
14650.55692640735
 20
13005.9064345152
 10
14649.43791831183
 20
13007.24001643323
 10
14648.19168893903
 20
13008.45555425674
 10
14646.83062387639
 20
13009.54096742472
 10
14645.36825
 20
13010.48546861348
 10
14643.81910103841
 20
13011.27967094589
 10
14642.19857313
 20
13011.91568128235
 10
14640.52277180919
 20
13012.38717866637
 10
14638.80835194239
 20
13012.68947714515
 10
14637.07235220447
 20
13012.81957234058
 10
14635.33202574073
 20
13012.77617130818
 10
14633.60466869749
 20
13012.55970538687
 10
14631.90744832504
 20
13012.17232591225
 10
14630.257232362
 20
13011.61788283559
 10
14628.67042139594
 20
13010.90188646127
 10
14627.16278586723
 20
13010.03145268291
 10
14625.74930933502
 20
13009.01523226249
 10
14624.44403956417
 20
13007.8633248551
 10
14623.25994891202
 20
13006.58717863404
 10
14622.2088054035
 20
13005.19947651383
 10
14621.30105577502
 20
13003.71401010157
 10
14620.54572165021
 20
13002.14554262985
 10
14619.95030987894
 20
13000.50966223306
 10
14619.52073793093
 20
12998.82262702551
 10
14619.26127508518
 20
12997.10120352107
 10
14619.17449999999
 20
12995.3624999999
  0
TEXT
  5
299
330
17
100
AcDbEntity
  8
NESTED_RESULT
100
AcDbText
 10
13757.44182535807
 20
13186.9034057617
 30
0.0
 40
80.0
  1
421-B
 72
     1
 11
13930.7751586914
 21
13226.9034057617
 31
0.0
100
AcDbText
 73
     2
  0
LWPOLYLINE
  5
29A
330
17
100
AcDbEntity
  8
NESTED_RESULT
100
AcDbPolyline
 90
        5
 70
     0
 43
0.0
 10
16717.84999999998
 20
12000.0
 10
14898.57499999998
 20
12000.0
 10
14898.57499999998
 20
12647.70000000001
 10
16717.84999999998
 20
12647.70000000001
 10
16717.84999999998
 20
12000.0
  0
LWPOLYLINE
  5
29B
330
17
100
AcDbEntity
  8
NESTED_RESULT
100
AcDbPolyline
 90
        5
 70
     0
 43
0.0
 10
16257.47499999997
 20
12501.65000000002
 10
16257.47499999997
 20
12107.95000000001
 10
15609.77499999998
 20
12107.95000000001
 10
15609.77499999998
 20
12501.65000000002
 10
16257.47499999997
 20
12501.65000000002
  0
LWPOLYLINE
  5
29C
330
17
100
AcDbEntity
  8
NESTED_RESULT
100
AcDbPolyline
 90
       64
 70
     0
 43
0.0
 10
15951.08749999998
 20
12557.21250000011
 10
15951.0007249148
 20
12558.95120352128
 10
15950.74126206904
 20
12560.67262702572
 10
15950.31169012103
 20
12562.35966223327
 10
15949.71627834977
 20
12563.99554263006
 10
15948.96094422496
 20
12565.56401010178
 10
15948.05319459648
 20
12567.04947651405
 10
15947.00205108795
 20
12568.43717863425
 10
15945.81796043581
 20
12569.71332485531
 10
15944.51269066493
 20
12570.8652322627
 10
15943.09921413274
 20
12571.88145268312
 10
15941.59157860401
 20
12572.75188646148
 10
15940.00476763799
 20
12573.4678828358
 10
15938.35455167493
 20
12574.02232591246
 10
15936.6573313025
 20
12574.40970538708
 10
15934.92997425924
 20
12574.6261713084
 10
15933.18964779551
 20
12574.66957234079
 10
15931.45364805757
 20
12574.53947714536
 10
15929.73922819077
 20
12574.23717866658
 10
15928.06342686996
 20
12573.76568128256
 10
15926.44289896157
 20
12573.1296709461
 10
15924.89374999999
 20
12572.33546861369
 10
15923.43137612358
 20
12571.39096742493
 10
15922.07031106094
 20
12570.30555425695
 10
15920.82408168816
 20
12569.09001643344
 10
15919.7050735926
 20
12567.75643451541
 10
15918.72440797949
 20
12566.31806223912
 10
15917.89183114424
 20
12564.78919479446
 10
15917.21561760951
 20
12563.18502675294
 10
15916.70248788921
 20
12561.52150105729
 10
15916.35754169703
 20
12559.81515057321
 10
15916.1842072632
 20
12558.08293377846
 10
15916.1842072632
 20
12556.34206622175
 10
15916.35754169703
 20
12554.60984942701
 10
15916.70248788921
 20
12552.90349894293
 10
15917.21561760951
 20
12551.23997324728
 10
15917.89183114424
 20
12549.63580520576
 10
15918.72440797949
 20
12548.1069377611
 10
15919.7050735926
 20
12546.66856548481
 10
15920.82408168816
 20
12545.33498356677
 10
15922.07031106094
 20
12544.11944574327
 10
15923.43137612358
 20
12543.03403257529
 10
15924.89374999999
 20
12542.08953138653
 10
15926.44289896157
 20
12541.29532905412
 10
15928.06342686996
 20
12540.65931871766
 10
15929.73922819077
 20
12540.18782133364
 10
15931.45364805757
 20
12539.88552285486
 10
15933.18964779551
 20
12539.75542765943
 10
15934.92997425924
 20
12539.79882869182
 10
15936.6573313025
 20
12540.01529461314
 10
15938.35455167493
 20
12540.40267408776
 10
15940.00476763799
 20
12540.95711716442
 10
15941.59157860401
 20
12541.67311353874
 10
15943.09921413274
 20
12542.54354731709
 10
15944.51269066493
 20
12543.55976773752
 10
15945.81796043581
 20
12544.7116751449
 10
15947.00205108795
 20
12545.98782136596
 10
15948.05319459648
 20
12547.37552348617
 10
15948.96094422496
 20
12548.86098989844
 10
15949.71627834977
 20
12550.42945737016
 10
15950.31169012103
 20
12552.06533776695
 10
15950.74126206904
 20
12553.7523729745
 10
15951.0007249148
 20
12555.47379647894
 10
15951.08749999998
 20
12557.21250000011
  0
TEXT
  5
29D
330
17
100
AcDbEntity
  8
NESTED_RESULT
100
AcDbText
 10
15099.00141092934
 20
12283.62792053223
 30
0.0
 40
80.0
  1
517-A
 72
     1
 11
15272.33474426267
 21
12323.62792053223
 31
0.0
100
AcDbText
 73
     2
  0
LWPOLYLINE
  5
29E
330
17
100
AcDbEntity
  8
NESTED_RESULT
100
AcDbPolyline
 90
        8
 70
     0
 43
0.0
 10
13600.0
 20
12254.0
 10
14241.34999999997
 20
12254.0
 10
14250.875
 20
12244.47499999997
 10
14250.875
 20
12000.0
 10
14898.57499999998
 20
12000.0
 10
14898.57499999998
 20
12901.69999999998
 10
13600.0
 20
12901.69999999998
 10
13600.0
 20
12254.0
  0
TEXT
  5
29F
330
17
100
AcDbEntity
  8
NESTED_RESULT
100
AcDbText
 10
14343.21459757486
 20
12479.64657592772
 30
0.0
 40
80.0
  1
418-A
 72
     1
 11
14516.54793090819
 21
12519.64657592772
 31
0.0
100
AcDbText
 73
     2
  0
LWPOLYLINE
  5
2A0
330
17
100
AcDbEntity
  8
NESTED_RESULT
100
AcDbPolyline
 90
        8
 70
     0
 43
0.0
 10
16762.29999999996
 20
12901.70000000001
 10
16762.29999999996
 20
13552.57500000001
 10
15517.69999999998
 20
13552.57500000001
 10
15517.69999999998
 20
12647.70000000001
 10
16168.57499999998
 20
12647.70000000001
 10
16168.57499999998
 20
12892.17500000002
 10
16178.09999999997
 20
12901.70000000001
 10
16762.29999999996
 20
12901.70000000001
  0
TEXT
  5
2A1
330
17
100
AcDbEntity
  8
NESTED_RESULT
100
AcDbText
 10
15722.07963867185
 20
13128.50541992188
 30
0.0
 40
80.0
  1
507-B
 72
     1
 11
15902.07963867185
 21
13168.50541992188
 31
0.0
100
AcDbText
 73
     2
  0
LWPOLYLINE
  5
2A2
330
17
100
AcDbEntity
  8
NESTED_RESULT
 62
     1
100
AcDbPolyline
 90
        5
 70
     0
 43
0.0
 10
17000.0
 20
12000.0
 10
20200.0
 20
12000.0
 10
20200.0
 20
13800.0
 10
17000.0
 20
13800.0
 10
17000.0
 20
12000.0
  0
TEXT
  5
2A3
330
17
100
AcDbEntity
  8
NESTED_RESULT
 62
     1
100
AcDbText
 10
17000.0
 20
13846.66666666666
 30
0.0
 40
50.0
  1
Sheet_42
 11
17000.0
 21
13830.0
 31
0.0
100
AcDbText
 73
     1
  0
LWPOLYLINE
  5
2A4
330
17
100
AcDbEntity
  8
NESTED_RESULT
100
AcDbPolyline
 90
        8
 70
     0
 43
0.0
 10
18784.35000000001
 20
12000.0
 10
18784.35000000001
 20
12546.1
 10
18774.82499999998
 20
12555.62500000011
 10
17000.0
 20
12555.62500000011
 10
17000.0
 20
13203.3250000001
 10
19432.04999999999
 20
13203.3250000001
 10
19432.04999999999
 20
12000.0
 10
18784.35000000001
 20
12000.0
  0
LWPOLYLINE
  5
2A5
330
17
100
AcDbEntity
  8
NESTED_RESULT
100
AcDbPolyline
 90
        5
 70
     0
 43
0.0
 10
17781.04999999999
 20
12663.5750000001
 10
17781.04999999999
 20
13057.27499999999
 10
18428.75
 20
13057.27499999999
 10
18428.75
 20
12663.5750000001
 10
17781.04999999999
 20
12663.5750000001
  0
LWPOLYLINE
  5
2A6
330
17
100
AcDbEntity
  8
NESTED_RESULT
100
AcDbPolyline
 90
       64
 70
     0
 43
0.0
 10
18122.36249999999
 20
13112.83750000011
 10
18122.2757249148
 20
13114.57620352128
 10
18122.01626206905
 20
13116.29762702572
 10
18121.58669012104
 20
13117.98466223327
 10
18120.99127834976
 20
13119.62054263006
 10
18120.23594422496
 20
13121.18901010178
 10
18119.32819459648
 20
13122.67447651405
 10
18118.27705108796
 20
13124.06217863425
 10
18117.09296043581
 20
13125.33832485531
 10
18115.78769066496
 20
13126.4902322627
 10
18114.37421413275
 20
13127.50645268312
 10
18112.86657860404
 20
13128.37688646148
 10
18111.27976763798
 20
13129.0928828358
 10
18109.62955167494
 20
13129.64732591246
 10
18107.93233130249
 20
13130.03470538708
 10
18106.20497425925
 20
13130.2511713084
 10
18104.46464779551
 20
13130.29457234079
 10
18102.72864805758
 20
13130.16447714536
 10
18101.01422819079
 20
13129.86217866658
 10
18099.33842686997
 20
13129.39068128256
 10
18097.71789896156
 20
13128.7546709461
 10
18096.16874999998
 20
13127.96046861369
 10
18094.70637612359
 20
13127.01596742493
 10
18093.34531106095
 20
13125.93055425695
 10
18092.09908168815
 20
13124.71501643344
 10
18090.98007359262
 20
13123.38143451541
 10
18089.99940797948
 20
13121.94306223912
 10
18089.16683114425
 20
13120.41419479446
 10
18088.49061760952
 20
13118.81002675294
 10
18087.97748788921
 20
13117.14650105729
 10
18087.63254169704
 20
13115.44015057321
 10
18087.45920726322
 20
13113.70793377846
 10
18087.45920726322
 20
13111.96706622175
 10
18087.63254169704
 20
13110.23484942701
 10
18087.97748788921
 20
13108.52849894293
 10
18088.49061760952
 20
13106.86497324728
 10
18089.16683114425
 20
13105.26080520576
 10
18089.99940797948
 20
13103.7319377611
 10
18090.98007359262
 20
13102.29356548481
 10
18092.09908168815
 20
13100.95998356677
 10
18093.34531106095
 20
13099.74444574327
 10
18094.70637612359
 20
13098.65903257529
 10
18096.16874999998
 20
13097.71453138653
 10
18097.71789896156
 20
13096.92032905412
 10
18099.33842686997
 20
13096.28431871766
 10
18101.01422819079
 20
13095.81282133364
 10
18102.72864805758
 20
13095.51052285486
 10
18104.46464779551
 20
13095.38042765943
 10
18106.20497425925
 20
13095.42382869183
 10
18107.93233130249
 20
13095.64029461314
 10
18109.62955167494
 20
13096.02767408776
 10
18111.27976763798
 20
13096.58211716442
 10
18112.86657860404
 20
13097.29811353874
 10
18114.37421413275
 20
13098.16854731709
 10
18115.78769066496
 20
13099.18476773752
 10
18117.09296043581
 20
13100.33667514491
 10
18118.27705108796
 20
13101.61282136596
 10
18119.32819459648
 20
13103.00052348617
 10
18120.23594422496
 20
13104.48598989844
 10
18120.99127834976
 20
13106.05445737016
 10
18121.58669012104
 20
13107.69033776695
 10
18122.01626206905
 20
13109.3773729745
 10
18122.2757249148
 20
13111.09879647894
 10
18122.36249999999
 20
13112.83750000011
  0
TEXT
  5
2A7
330
17
100
AcDbEntity
  8
NESTED_RESULT
100
AcDbText
 10
18869.96401977538
 20
12781.05763549809
 30
0.0
 40
80.0
  1
404-A
 72
     1
 11
19049.96401977538
 21
12821.05763549809
 31
0.0
100
AcDbText
 73
     2
  0
LWPOLYLINE
  5
2A8
330
17
100
AcDbEntity
  8
NESTED_RESULT
100
AcDbPolyline
 90
        5
 70
     0
 43
0.0
 10
17000.0
 20
13203.3250000001
 10
17000.0
 20
13787.5250000002
 10
18657.35000000011
 20
13787.5250000002
 10
18657.35000000011
 20
13203.3250000001
 10
17000.0
 20
13203.3250000001
  0
LWPOLYLINE
  5
2A9
330
17
100
AcDbEntity
  8
NESTED_RESULT
100
AcDbPolyline
 90
        9
 70
     0
 43
0.0
 10
18016.0000000001
 20
13622.42500000019
 10
18435.1
 20
13622.42500000019
 10
18447.8000000001
 20
13609.72500000009
 10
18447.8000000001
 20
13343.0250000002
 10
18435.1
 20
13330.3250000001
 10
18016.0000000001
 20
13330.3250000001
 10
18003.3000000001
 20
13343.0250000002
 10
18003.3000000001
 20
13609.72500000009
 10
18016.0000000001
 20
13622.42500000019
  0
LWPOLYLINE
  5
2AA
330
17
100
AcDbEntity
  8
NESTED_RESULT
100
AcDbPolyline
 90
        9
 70
     0
 43
0.0
 10
17219.02500000009
 20
13622.42500000019
 10
17638.125
 20
13622.42500000019
 10
17650.82499999999
 20
13609.72500000009
 10
17650.82499999999
 20
13343.0250000002
 10
17638.125
 20
13330.3250000001
 10
17219.02500000009
 20
13330.3250000001
 10
17206.3250000001
 20
13343.0250000002
 10
17206.3250000001
 20
13609.72500000009
 10
17219.02500000009
 20
13622.42500000019
  0
LWPOLYLINE
  5
2AB
330
17
100
AcDbEntity
  8
NESTED_RESULT
100
AcDbPolyline
 90
       64
 70
     0
 43
0.0
 10
17446.03750000009
 20
13690.68750000008
 10
17445.95072491492
 20
13692.42620352126
 10
17445.69126206916
 20
13694.14762702569
 10
17445.26169012114
 20
13695.83466223324
 10
17444.66627834989
 20
13697.47054263003
 10
17443.91094422508
 20
13699.03901010175
 10
17443.00319459659
 20
13700.52447651402
 10
17441.95205108807
 20
13701.91217863423
 10
17440.76796043593
 20
13703.18832485529
 10
17439.46269066505
 20
13704.34023226268
 10
17438.04921413286
 20
13705.3564526831
 10
17436.54157860413
 20
13706.22688646146
 10
17434.9547676381
 20
13706.94288283578
 10
17433.30455167504
 20
13707.49732591244
 10
17431.60733130261
 20
13707.88470538705
 10
17429.87997425935
 20
13708.10117130837
 10
17428.13964779563
 20
13708.14457234077
 10
17426.40364805769
 20
13708.01447714533
 10
17424.68922819088
 20
13707.71217866655
 10
17423.01342687008
 20
13707.24068128253
 10
17421.39289896168
 20
13706.60467094608
 10
17419.8437500001
 20
13705.81046861366
 10
17418.38137612369
 20
13704.8659674249
 10
17417.02031106106
 20
13703.78055425692
 10
17415.77408168827
 20
13702.56501643342
 10
17414.65507359271
 20
13701.23143451538
 10
17413.6744079796
 20
13699.7930622391
 10
17412.84183114435
 20
13698.26419479443
 10
17412.16561760963
 20
13696.66002675291
 10
17411.65248788932
 20
13694.99650105726
 10
17411.30754169714
 20
13693.29015057318
 10
17411.13420726331
 20
13691.55793377844
 10
17411.13420726331
 20
13689.81706622173
 10
17411.30754169714
 20
13688.08484942698
 10
17411.65248788932
 20
13686.37849894291
 10
17412.16561760963
 20
13684.71497324726
 10
17412.84183114435
 20
13683.11080520574
 10
17413.6744079796
 20
13681.58193776108
 10
17414.65507359271
 20
13680.14356548479
 10
17415.77408168827
 20
13678.80998356675
 10
17417.02031106106
 20
13677.59444574325
 10
17418.38137612369
 20
13676.50903257527
 10
17419.8437500001
 20
13675.56453138651
 10
17421.39289896168
 20
13674.77032905409
 10
17423.01342687008
 20
13674.13431871764
 10
17424.68922819088
 20
13673.66282133362
 10
17426.40364805769
 20
13673.36052285484
 10
17428.13964779563
 20
13673.23042765941
 10
17429.87997425935
 20
13673.2738286918
 10
17431.60733130261
 20
13673.49029461312
 10
17433.30455167504
 20
13673.87767408773
 10
17434.9547676381
 20
13674.43211716439
 10
17436.54157860413
 20
13675.14811353871
 10
17438.04921413286
 20
13676.01854731707
 10
17439.46269066505
 20
13677.03476773749
 10
17440.76796043593
 20
13678.18667514488
 10
17441.95205108807
 20
13679.46282136594
 10
17443.00319459659
 20
13680.85052348615
 10
17443.91094422508
 20
13682.33598989842
 10
17444.66627834989
 20
13683.90445737014
 10
17445.26169012114
 20
13685.54033776693
 10
17445.69126206916
 20
13687.22737297447
 10
17445.95072491492
 20
13688.94879647891
 10
17446.03750000009
 20
13690.68750000008
  0
LWPOLYLINE
  5
2AC
330
17
100
AcDbEntity
  8
NESTED_RESULT
100
AcDbPolyline
 90
       64
 70
     0
 43
0.0
 10
18243.0125000001
 20
13690.68750000008
 10
18242.92572491492
 20
13692.42620352126
 10
18242.66626206916
 20
13694.14762702569
 10
18242.23669012115
 20
13695.83466223324
 10
18241.6412783499
 20
13697.47054263003
 10
18240.88594422508
 20
13699.03901010175
 10
18239.97819459659
 20
13700.52447651402
 10
18238.92705108807
 20
13701.91217863423
 10
18237.74296043593
 20
13703.18832485529
 10
18236.43769066506
 20
13704.34023226268
 10
18235.02421413286
 20
13705.3564526831
 10
18233.51657860413
 20
13706.22688646146
 10
18231.92976763811
 20
13706.94288283578
 10
18230.27955167504
 20
13707.49732591244
 10
18228.58233130262
 20
13707.88470538705
 10
18226.85497425936
 20
13708.10117130837
 10
18225.11464779563
 20
13708.14457234077
 10
18223.3786480577
 20
13708.01447714533
 10
18221.66422819089
 20
13707.71217866655
 10
18219.98842687008
 20
13707.24068128253
 10
18218.36789896169
 20
13706.60467094608
 10
18216.8187500001
 20
13705.81046861366
 10
18215.3563761237
 20
13704.8659674249
 10
18213.99531106106
 20
13703.78055425692
 10
18212.74908168828
 20
13702.56501643342
 10
18211.63007359272
 20
13701.23143451538
 10
18210.64940797961
 20
13699.7930622391
 10
18209.81683114436
 20
13698.26419479443
 10
18209.14061760963
 20
13696.66002675291
 10
18208.62748788933
 20
13694.99650105726
 10
18208.28254169714
 20
13693.29015057318
 10
18208.10920726332
 20
13691.55793377844
 10
18208.10920726332
 20
13689.81706622173
 10
18208.28254169714
 20
13688.08484942698
 10
18208.62748788933
 20
13686.37849894291
 10
18209.14061760963
 20
13684.71497324726
 10
18209.81683114436
 20
13683.11080520574
 10
18210.64940797961
 20
13681.58193776108
 10
18211.63007359272
 20
13680.14356548479
 10
18212.74908168828
 20
13678.80998356675
 10
18213.99531106106
 20
13677.59444574325
 10
18215.3563761237
 20
13676.50903257527
 10
18216.8187500001
 20
13675.56453138651
 10
18218.36789896169
 20
13674.77032905409
 10
18219.98842687008
 20
13674.13431871764
 10
18221.66422819089
 20
13673.66282133362
 10
18223.3786480577
 20
13673.36052285484
 10
18225.11464779563
 20
13673.23042765941
 10
18226.85497425936
 20
13673.2738286918
 10
18228.58233130262
 20
13673.49029461312
 10
18230.27955167504
 20
13673.87767408773
 10
18231.92976763811
 20
13674.43211716439
 10
18233.51657860413
 20
13675.14811353871
 10
18235.02421413286
 20
13676.01854731707
 10
18236.43769066506
 20
13677.03476773749
 10
18237.74296043593
 20
13678.18667514488
 10
18238.92705108807
 20
13679.46282136594
 10
18239.97819459659
 20
13680.85052348615
 10
18240.88594422508
 20
13682.33598989842
 10
18241.6412783499
 20
13683.90445737014
 10
18242.23669012115
 20
13685.54033776693
 10
18242.66626206916
 20
13687.22737297447
 10
18242.92572491492
 20
13688.94879647891
 10
18243.0125000001
 20
13690.68750000008
  0
TEXT
  5
2AD
330
17
100
AcDbEntity
  8
NESTED_RESULT
100
AcDbText
 10
17653.72916666671
 20
13436.37500000014
 30
0.0
 40
80.0
  1
417-D
 72
     1
 11
17827.06250000004
 21
13476.37500000014
 31
0.0
100
AcDbText
 73
     2
  0
LWPOLYLINE
  5
2AE
330
17
100
AcDbEntity
  8
NESTED_RESULT
100
AcDbPolyline
 90
        5
 70
     0
 43
0.0
 10
20117.85000000012
 20
13203.3250000001
 10
18657.35000000012
 20
13203.3250000001
 10
18657.35000000012
 20
13787.5250000002
 10
20117.85000000012
 20
13787.5250000002
 10
20117.85000000012
 20
13203.3250000001
  0
LWPOLYLINE
  5
2AF
330
17
100
AcDbEntity
  8
NESTED_RESULT
100
AcDbPolyline
 90
        9
 70
     0
 43
0.0
 10
18828.8000000001
 20
13622.4250000001
 10
19247.90000000011
 20
13622.4250000001
 10
19260.60000000012
 20
13609.72500000012
 10
19260.60000000012
 20
13343.02500000011
 10
19247.90000000011
 20
13330.3250000001
 10
18828.8000000001
 20
13330.3250000001
 10
18816.10000000012
 20
13343.02500000011
 10
18816.10000000012
 20
13609.72500000012
 10
18828.8000000001
 20
13622.4250000001
  0
LWPOLYLINE
  5
2B0
330
17
100
AcDbEntity
  8
NESTED_RESULT
100
AcDbPolyline
 90
        9
 70
     0
 43
0.0
 10
19530.47500000012
 20
13622.4250000001
 10
19949.5750000001
 20
13622.4250000001
 10
19962.27500000011
 20
13609.72500000012
 10
19962.27500000011
 20
13343.02500000011
 10
19949.5750000001
 20
13330.3250000001
 10
19530.47500000012
 20
13330.3250000001
 10
19517.77500000011
 20
13343.02500000011
 10
19517.77500000011
 20
13609.72500000012
 10
19530.47500000012
 20
13622.4250000001
  0
LWPOLYLINE
  5
2B1
330
17
100
AcDbEntity
  8
NESTED_RESULT
100
AcDbPolyline
 90
       64
 70
     0
 43
0.0
 10
19055.81250000012
 20
13690.68750000011
 10
19055.72572491493
 20
13692.42620352129
 10
19055.46626206918
 20
13694.14762702572
 10
19055.03669012117
 20
13695.83466223327
 10
19054.4412783499
 20
13697.47054263006
 10
19053.68594422508
 20
13699.03901010178
 10
19052.77819459661
 20
13700.52447651405
 10
19051.72705108809
 20
13701.91217863426
 10
19050.54296043593
 20
13703.18832485532
 10
19049.23769066509
 20
13704.34023226271
 10
19047.82421413288
 20
13705.35645268313
 10
19046.31657860416
 20
13706.22688646149
 10
19044.72976763812
 20
13706.94288283581
 10
19043.07955167506
 20
13707.49732591247
 10
19041.38233130263
 20
13707.88470538708
 10
19039.65497425937
 20
13708.1011713084
 10
19037.91464779564
 20
13708.14457234079
 10
19036.17864805771
 20
13708.01447714536
 10
19034.46422819092
 20
13707.71217866658
 10
19032.7884268701
 20
13707.24068128256
 10
19031.16789896169
 20
13706.6046709461
 10
19029.61875000011
 20
13705.81046861369
 10
19028.15637612372
 20
13704.86596742493
 10
19026.79531106108
 20
13703.78055425695
 10
19025.54908168828
 20
13702.56501643345
 10
19024.43007359275
 20
13701.23143451541
 10
19023.44940797961
 20
13699.79306223913
 10
19022.61683114437
 20
13698.26419479446
 10
19021.94061760965
 20
13696.66002675294
 10
19021.42748788933
 20
13694.99650105729
 10
19021.08254169716
 20
13693.29015057321
 10
19020.90920726335
 20
13691.55793377847
 10
19020.90920726335
 20
13689.81706622176
 10
19021.08254169716
 20
13688.08484942702
 10
19021.42748788933
 20
13686.37849894294
 10
19021.94061760965
 20
13684.71497324729
 10
19022.61683114437
 20
13683.11080520577
 10
19023.44940797961
 20
13681.5819377611
 10
19024.43007359275
 20
13680.14356548482
 10
19025.54908168828
 20
13678.80998356678
 10
19026.79531106108
 20
13677.59444574328
 10
19028.15637612372
 20
13676.50903257529
 10
19029.61875000011
 20
13675.56453138654
 10
19031.16789896169
 20
13674.77032905412
 10
19032.7884268701
 20
13674.13431871767
 10
19034.46422819092
 20
13673.66282133365
 10
19036.17864805771
 20
13673.36052285487
 10
19037.91464779564
 20
13673.23042765943
 10
19039.65497425937
 20
13673.27382869183
 10
19041.38233130263
 20
13673.49029461315
 10
19043.07955167506
 20
13673.87767408776
 10
19044.72976763812
 20
13674.43211716442
 10
19046.31657860416
 20
13675.14811353874
 10
19047.82421413288
 20
13676.0185473171
 10
19049.23769066509
 20
13677.03476773752
 10
19050.54296043593
 20
13678.18667514491
 10
19051.72705108809
 20
13679.46282136597
 10
19052.77819459661
 20
13680.85052348618
 10
19053.68594422508
 20
13682.33598989845
 10
19054.4412783499
 20
13683.90445737017
 10
19055.03669012117
 20
13685.54033776695
 10
19055.46626206918
 20
13687.2273729745
 10
19055.72572491493
 20
13688.94879647894
 10
19055.81250000012
 20
13690.68750000011
  0
LWPOLYLINE
  5
2B2
330
17
100
AcDbEntity
  8
NESTED_RESULT
100
AcDbPolyline
 90
       64
 70
     0
 43
0.0
 10
19757.4875000001
 20
13690.68750000011
 10
19757.40072491492
 20
13692.42620352129
 10
19757.14126206917
 20
13694.14762702572
 10
19756.71169012116
 20
13695.83466223327
 10
19756.11627834989
 20
13697.47054263006
 10
19755.36094422507
 20
13699.03901010178
 10
19754.45319459659
 20
13700.52447651405
 10
19753.40205108808
 20
13701.91217863426
 10
19752.21796043592
 20
13703.18832485532
 10
19750.91269066508
 20
13704.34023226271
 10
19749.49921413287
 20
13705.35645268313
 10
19747.99157860416
 20
13706.22688646149
 10
19746.4047676381
 20
13706.94288283581
 10
19744.75455167505
 20
13707.49732591247
 10
19743.05733130261
 20
13707.88470538708
 10
19741.32997425936
 20
13708.1011713084
 10
19739.58964779562
 20
13708.14457234079
 10
19737.8536480577
 20
13708.01447714536
 10
19736.1392281909
 20
13707.71217866658
 10
19734.46342687009
 20
13707.24068128256
 10
19732.84289896168
 20
13706.6046709461
 10
19731.2937500001
 20
13705.81046861369
 10
19729.8313761237
 20
13704.86596742493
 10
19728.47031106106
 20
13703.78055425695
 10
19727.22408168827
 20
13702.56501643345
 10
19726.10507359274
 20
13701.23143451541
 10
19725.1244079796
 20
13699.79306223913
 10
19724.29183114436
 20
13698.26419479446
 10
19723.61561760964
 20
13696.66002675294
 10
19723.10248788932
 20
13694.99650105729
 10
19722.75754169715
 20
13693.29015057321
 10
19722.58420726334
 20
13691.55793377847
 10
19722.58420726334
 20
13689.81706622176
 10
19722.75754169715
 20
13688.08484942702
 10
19723.10248788932
 20
13686.37849894294
 10
19723.61561760964
 20
13684.71497324729
 10
19724.29183114436
 20
13683.11080520577
 10
19725.1244079796
 20
13681.5819377611
 10
19726.10507359274
 20
13680.14356548482
 10
19727.22408168827
 20
13678.80998356678
 10
19728.47031106106
 20
13677.59444574328
 10
19729.8313761237
 20
13676.50903257529
 10
19731.2937500001
 20
13675.56453138654
 10
19732.84289896168
 20
13674.77032905412
 10
19734.46342687009
 20
13674.13431871767
 10
19736.1392281909
 20
13673.66282133365
 10
19737.8536480577
 20
13673.36052285487
 10
19739.58964779562
 20
13673.23042765943
 10
19741.32997425936
 20
13673.27382869183
 10
19743.05733130261
 20
13673.49029461315
 10
19744.75455167505
 20
13673.87767408776
 10
19746.4047676381
 20
13674.43211716442
 10
19747.99157860416
 20
13675.14811353874
 10
19749.49921413287
 20
13676.0185473171
 10
19750.91269066508
 20
13677.03476773752
 10
19752.21796043592
 20
13678.18667514491
 10
19753.40205108808
 20
13679.46282136597
 10
19754.45319459659
 20
13680.85052348618
 10
19755.36094422507
 20
13682.33598989845
 10
19756.11627834989
 20
13683.90445737017
 10
19756.71169012116
 20
13685.54033776695
 10
19757.14126206917
 20
13687.2273729745
 10
19757.40072491492
 20
13688.94879647894
 10
19757.4875000001
 20
13690.68750000011
  0
TEXT
  5
2B3
330
17
100
AcDbEntity
  8
NESTED_RESULT
100
AcDbText
 10
19215.87121988945
 20
13612.13636474624
 30
0.0
 40
80.0
  1
419-E
 72
     1
 11
19389.20455322278
 21
13652.13636474624
 31
0.0
100
AcDbText
 73
     2
  0
LWPOLYLINE
  5
2B4
330
17
100
AcDbEntity
  8
NESTED_RESULT
100
AcDbPolyline
 90
        5
 70
     0
 43
0.0
 10
20016.35000000001
 20
13152.52499999999
 10
20016.35000000001
 20
12000.0
 10
19432.04999999999
 20
12000.0
 10
19432.04999999999
 20
13152.52499999999
 10
20016.35000000001
 20
13152.52499999999
  0
LWPOLYLINE
  5
2B5
330
17
100
AcDbEntity
  8
NESTED_RESULT
100
AcDbPolyline
 90
        9
 70
     0
 43
0.0
 10
19597.25
 20
12615.95000000001
 10
19597.25
 20
13035.04999999999
 10
19609.95000000001
 20
13047.75000000009
 10
19876.6499999999
 20
13047.75000000009
 10
19889.35000000001
 20
13035.04999999999
 10
19889.35000000001
 20
12615.95000000001
 10
19876.6499999999
 20
12603.25
 10
19609.95000000001
 20
12603.25
 10
19597.25
 20
12615.95000000001
  0
LWPOLYLINE
  5
2B6
330
17
100
AcDbEntity
  8
NESTED_RESULT
100
AcDbPolyline
 90
       64
 70
     0
 43
0.0
 10
19528.98749999999
 20
12842.96249999999
 10
19527.24879647881
 20
12842.8757249148
 10
19525.52737297438
 20
12842.61626206906
 10
19523.84033776683
 20
12842.18669012104
 10
19522.20445737004
 20
12841.59127834977
 10
19520.63598989832
 20
12840.83594422496
 10
19519.15052348605
 20
12839.92819459649
 10
19517.76282136584
 20
12838.87705108797
 10
19516.48667514478
 20
12837.69296043581
 10
19515.3347677374
 20
12836.38769066496
 10
19514.31854731697
 20
12834.97421413276
 10
19513.44811353861
 20
12833.46657860404
 10
19512.7321171643
 20
12831.87976763799
 10
19512.17767408764
 20
12830.22955167494
 10
19511.79029461301
 20
12828.5323313025
 10
19511.5738286917
 20
12826.80497425925
 10
19511.53042765931
 20
12825.06464779551
 10
19511.66052285474
 20
12823.32864805759
 10
19511.96282133352
 20
12821.61422819079
 10
19512.43431871754
 20
12819.93842686998
 10
19513.070329054
 20
12818.31789896157
 10
19513.86453138641
 20
12816.76874999999
 10
19514.80903257517
 20
12815.30637612359
 10
19515.89444574315
 20
12813.94531106096
 10
19517.10998356665
 20
12812.69908168816
 10
19518.44356548469
 20
12811.58007359263
 10
19519.88193776097
 20
12810.59940797949
 10
19521.41080520564
 20
12809.76683114425
 10
19523.01497324716
 20
12809.09061760953
 10
19524.67849894281
 20
12808.57748788921
 10
19526.38484942689
 20
12808.23254169704
 10
19528.11706622163
 20
12808.05920726323
 10
19529.85793377834
 20
12808.05920726323
 10
19531.59015057309
 20
12808.23254169704
 10
19533.29650105716
 20
12808.57748788921
 10
19534.96002675281
 20
12809.09061760953
 10
19536.56419479433
 20
12809.76683114425
 10
19538.093062239
 20
12810.59940797949
 10
19539.53143451529
 20
12811.58007359263
 10
19540.86501643333
 20
12812.69908168816
 10
19542.08055425683
 20
12813.94531106096
 10
19543.16596742481
 20
12815.30637612359
 10
19544.11046861356
 20
12816.76874999999
 10
19544.90467094598
 20
12818.31789896157
 10
19545.54068128244
 20
12819.93842686998
 10
19546.01217866645
 20
12821.61422819079
 10
19546.31447714523
 20
12823.32864805759
 10
19546.44457234067
 20
12825.06464779551
 10
19546.40117130827
 20
12826.80497425925
 10
19546.18470538696
 20
12828.5323313025
 10
19545.79732591234
 20
12830.22955167494
 10
19545.24288283568
 20
12831.87976763799
 10
19544.52688646136
 20
12833.46657860404
 10
19543.656452683
 20
12834.97421413276
 10
19542.64023226258
 20
12836.38769066496
 10
19541.48832485519
 20
12837.69296043581
 10
19540.21217863413
 20
12838.87705108797
 10
19538.82447651392
 20
12839.92819459649
 10
19537.33901010165
 20
12840.83594422496
 10
19535.77054262994
 20
12841.59127834977
 10
19534.13466223315
 20
12842.18669012104
 10
19532.4476270256
 20
12842.61626206906
 10
19530.72620352116
 20
12842.8757249148
 10
19528.98749999999
 20
12842.96249999999
  0
TEXT
  5
2B7
330
17
100
AcDbEntity
  8
NESTED_RESULT
100
AcDbText
 10
19557.53333333333
 20
12261.625
 30
0.0
 40
80.0
  1
401-D
 72
     1
 11
19724.2
 21
12301.625
 31
0.0
100
AcDbText
 73
     2
  0
LWPOLYLINE
  5
2B8
330
17
100
AcDbEntity
  8
NESTED_RESULT
100
AcDbPolyline
 90
        5
 70
     0
 43
0.0
 10
17647.70000000001
 20
12450.85
 10
17647.70000000001
 20
12000.0
 10
17000.0
 20
12000.0
 10
17000.0
 20
12450.85
 10
17647.70000000001
 20
12450.85
  0
TEXT
  5
2B9
330
17
100
AcDbEntity
  8
NESTED_RESULT
100
AcDbText
 10
17143.85
 20
12185.425
 30
0.0
 40
80.0
  1
520-B
 72
     1
 11
17323.85
 21
12225.425
 31
0.0
100
AcDbText
 73
     2
  0
LWPOLYLINE
  5
2BA
330
17
100
AcDbEntity
  8
NESTED_RESULT
 62
     1
100
AcDbPolyline
 90
        5
 70
     0
 43
0.0
 10
0.0
 20
14000.0
 10
3200.0
 20
14000.0
 10
3200.0
 20
15800.0
 10
0.0
 20
15800.0
 10
0.0
 20
14000.0
  0
TEXT
  5
2BB
330
17
100
AcDbEntity
  8
NESTED_RESULT
 62
     1
100
AcDbText
 10
0.000000000000001
 20
15846.66666666666
 30
0.0
 40
50.0
  1
Sheet_43
 11
0.0
 21
15830.0
 31
0.0
100
AcDbText
 73
     1
  0
LWPOLYLINE
  5
2BC
330
17
100
AcDbEntity
  8
NESTED_RESULT
100
AcDbPolyline
 90
        8
 70
     0
 43
0.0
 10
650.875
 20
14000.0
 10
1298.574999999982
 20
14000.0
 10
1298.574999999982
 20
14901.70000000001
 10
0.0
 20
14901.70000000001
 10
0.0
 20
14254.0
 10
641.3499999999767
 20
14254.0
 10
650.875
 20
14244.47500000003
 10
650.875
 20
14000.0
  0
TEXT
  5
2BD
330
17
100
AcDbEntity
  8
NESTED_RESULT
100
AcDbText
 10
743.2145975748574
 20
14479.64657592774
 30
0.0
 40
80.0
  1
518-A
 72
     1
 11
916.5479309081907
 21
14519.64657592774
 31
0.0
100
AcDbText
 73
     2
  0
LWPOLYLINE
  5
2BE
330
17
100
AcDbEntity
  8
NESTED_RESULT
100
AcDbPolyline
 90
        8
 70
     0
 43
0.0
 10
2549.525000000081
 20
15147.76299999992
 10
2549.525000000081
 20
15798.63799999992
 10
1298.574999999982
 20
15798.63799999992
 10
1298.574999999982
 20
14900.11300000001
 10
1949.449999999982
 20
14900.11300000001
 10
1949.449999999982
 20
15138.23799999989
 10
1958.974999999977
 20
15147.76299999992
 10
2549.525000000081
 20
15147.76299999992
  0
TEXT
  5
2BF
330
17
100
AcDbEntity
  8
NESTED_RESULT
100
AcDbText
 10
1509.444571940117
 20
15374.73275097653
 30
0.0
 40
80.0
  1
412-B
 72
     1
 11
1682.77790527345
 21
15414.73275097653
 31
0.0
100
AcDbText
 73
     2
  0
LWPOLYLINE
  5
2C0
330
17
100
AcDbEntity
  8
NESTED_RESULT
100
AcDbPolyline
 90
        8
 70
     0
 43
0.0
 10
2546.349999999889
 20
14249.23800000001
 10
2546.349999999889
 20
14900.11300000001
 10
1298.574999999982
 20
14900.11300000001
 10
1298.574999999982
 20
14000.0
 10
1949.449999999895
 20
14000.0
 10
1949.449999999895
 20
14239.71300000002
 10
1958.975000000005
 20
14249.23800000001
 10
2546.349999999889
 20
14249.23800000001
  0
TEXT
  5
2C1
330
17
100
AcDbEntity
  8
NESTED_RESULT
100
AcDbText
 10
1502.716668701126
 20
14476.16176733398
 30
0.0
 40
80.0
  1
407-B
 72
     1
 11
1682.716668701126
 21
14516.16176733398
 31
0.0
100
AcDbText
 73
     2
  0
LWPOLYLINE
  5
2C2
330
17
100
AcDbEntity
  8
NESTED_RESULT
100
AcDbPolyline
 90
        5
 70
     0
 43
0.0
 10
3134.0
 20
14000.00000000003
 10
2549.799999999989
 20
14000.00000000003
 10
2549.799999999989
 20
15657.35000000003
 10
3134.0
 20
15657.35000000003
 10
3134.0
 20
14000.00000000003
  0
LWPOLYLINE
  5
2C3
330
17
100
AcDbEntity
  8
NESTED_RESULT
100
AcDbPolyline
 90
        9
 70
     0
 43
0.0
 10
2714.899999999907
 20
14219.07500000004
 10
2714.899999999907
 20
14638.17500000005
 10
2727.600000000006
 20
14650.87500000003
 10
2994.299999999988
 20
14650.87500000003
 10
3007.0
 20
14638.17500000005
 10
3007.0
 20
14219.07500000004
 10
2994.299999999988
 20
14206.37500000003
 10
2727.600000000006
 20
14206.37500000003
 10
2714.899999999907
 20
14219.07500000004
  0
LWPOLYLINE
  5
2C4
330
17
100
AcDbEntity
  8
NESTED_RESULT
100
AcDbPolyline
 90
        9
 70
     0
 43
0.0
 10
2714.613136303785
 20
15019.17500000005
 10
2714.613136303785
 20
15438.27500000002
 10
2727.313136303797
 20
15450.97500000004
 10
2994.013136303693
 20
15450.97500000004
 10
3006.713136303704
 20
15438.27500000002
 10
3006.713136303704
 20
15019.17500000005
 10
2994.013136303693
 20
15006.47500000003
 10
2727.313136303797
 20
15006.47500000003
 10
2714.613136303785
 20
15019.17500000005
  0
LWPOLYLINE
  5
2C5
330
17
100
AcDbEntity
  8
NESTED_RESULT
100
AcDbPolyline
 90
       64
 70
     0
 43
0.0
 10
2646.637499999983
 20
14446.08750000002
 10
2644.89879647881
 20
14446.00072491483
 10
2643.177372974373
 20
14445.74126206908
 10
2641.490337766823
 20
14445.31169012107
 10
2639.854457370035
 20
14444.71627834981
 10
2638.285989898315
 20
14443.96094422502
 10
2636.800523486046
 20
14443.05319459652
 10
2635.412821365841
 20
14442.002051088
 10
2634.136675144779
 20
14440.81796043587
 10
2632.984767737391
 20
14439.51269066497
 10
2631.968547316967
 20
14438.09921413279
 10
2631.09811353861
 20
14436.59157860407
 10
2630.382117164292
 20
14435.00476763805
 10
2629.827674087632
 20
14433.35455167497
 10
2629.440294613014
 20
14431.65733130253
 10
2629.223828691698
 20
14429.92997425928
 10
2629.180427659303
 20
14428.18964779557
 10
2629.310522854736
 20
14426.45364805762
 10
2629.612821333518
 20
14424.73922819079
 10
2630.084318717534
 20
14423.06342687001
 10
2630.720329053991
 20
14421.4428989616
 10
2631.514531386405
 20
14419.89375000005
 10
2632.459032575164
 20
14418.43137612362
 10
2633.544445743144
 20
14417.07031106099
 10
2634.759983566648
 20
14415.82408168819
 10
2636.093565484684
 20
14414.70507359266
 10
2637.53193776097
 20
14413.72440797952
 10
2639.060805205634
 20
14412.89183114428
 10
2640.664973247156
 20
14412.21561760956
 10
2642.328498942807
 20
14411.70248788927
 10
2644.034849426884
 20
14411.35754169707
 10
2645.767066221626
 20
14411.18420726323
 10
2647.507933778339
 20
14411.18420726323
 10
2649.240150573081
 20
14411.35754169707
 10
2650.946501057159
 20
14411.70248788927
 10
2652.610026752809
 20
14412.21561760956
 10
2654.214194794331
 20
14412.89183114428
 10
2655.743062238995
 20
14413.72440797952
 10
2657.181434515282
 20
14414.70507359266
 10
2658.515016433317
 20
14415.82408168819
 10
2659.730554256821
 20
14417.07031106099
 10
2660.815967424802
 20
14418.43137612362
 10
2661.76046861356
 20
14419.89375000005
 10
2662.554670945974
 20
14421.4428989616
 10
2663.190681282431
 20
14423.06342687001
 10
2663.662178666447
 20
14424.73922819079
 10
2663.964477145229
 20
14426.45364805762
 10
2664.094572340662
 20
14428.18964779557
 10
2664.051171308267
 20
14429.92997425928
 10
2663.834705386951
 20
14431.65733130253
 10
2663.447325912333
 20
14433.35455167497
 10
2662.892882835673
 20
14435.00476763805
 10
2662.176886461355
 20
14436.59157860407
 10
2661.306452682999
 20
14438.09921413279
 10
2660.290232262574
 20
14439.51269066497
 10
2659.138324855187
 20
14440.81796043587
 10
2657.862178634125
 20
14442.002051088
 10
2656.474476513919
 20
14443.05319459652
 10
2654.98901010165
 20
14443.96094422502
 10
2653.420542629931
 20
14444.71627834981
 10
2651.784662233141
 20
14445.31169012107
 10
2650.097627025593
 20
14445.74126206908
 10
2648.376203521156
 20
14446.00072491483
 10
2646.637499999983
 20
14446.08750000002
  0
LWPOLYLINE
  5
2C6
330
17
100
AcDbEntity
  8
NESTED_RESULT
100
AcDbPolyline
 90
       64
 70
     0
 43
0.0
 10
2646.350636303803
 20
15246.18750000003
 10
2644.611932782631
 20
15246.10072491487
 10
2642.890509278193
 20
15245.84126206909
 10
2641.203474070644
 20
15245.41169012108
 10
2639.567593673856
 20
15244.81627834984
 10
2637.999126202136
 20
15244.060944225
 10
2636.513659789867
 20
15243.15319459652
 10
2635.125957669661
 20
15242.102051088
 10
2633.849811448599
 20
15240.91796043585
 10
2632.697904041212
 20
15239.612690665
 10
2631.681683620787
 20
15238.19921413279
 10
2630.811249842431
 20
15236.69157860405
 10
2630.095253468113
 20
15235.10476763802
 10
2629.540810391453
 20
15233.45455167498
 10
2629.153430916835
 20
15231.75733130256
 10
2628.936964995519
 20
15230.02997425929
 10
2628.893563963124
 20
15228.28964779555
 10
2629.023659158557
 20
15226.55364805762
 10
2629.325957637338
 20
15224.83922819083
 10
2629.797455021355
 20
15223.16342687001
 10
2630.433465357812
 20
15221.54289896163
 10
2631.227667690226
 20
15219.99375000002
 10
2632.172168878984
 20
15218.53137612363
 10
2633.257582046966
 20
15217.17031106099
 10
2634.473119870469
 20
15215.92408168822
 10
2635.806701788504
 20
15214.80507359264
 10
2637.245074064791
 20
15213.82440797955
 10
2638.773941509455
 20
15212.99183114428
 10
2640.378109550977
 20
15212.31561760956
 10
2642.041635246628
 20
15211.80248788925
 10
2643.747985730705
 20
15211.45754169707
 10
2645.480202525448
 20
15211.28420726326
 10
2647.221070082161
 20
15211.28420726326
 10
2648.953286876902
 20
15211.45754169707
 10
2650.659637360979
 20
15211.80248788925
 10
2652.32316305663
 20
15212.31561760956
 10
2653.927331098152
 20
15212.99183114428
 10
2655.456198542816
 20
15213.82440797955
 10
2656.894570819103
 20
15214.80507359264
 10
2658.228152737138
 20
15215.92408168822
 10
2659.443690560642
 20
15217.17031106099
 10
2660.529103728622
 20
15218.53137612363
 10
2661.473604917381
 20
15219.99375000002
 10
2662.267807249795
 20
15221.54289896163
 10
2662.903817586252
 20
15223.16342687001
 10
2663.375314970268
 20
15224.83922819083
 10
2663.67761344905
 20
15226.55364805762
 10
2663.807708644484
 20
15228.28964779555
 10
2663.764307612088
 20
15230.02997425929
 10
2663.547841690772
 20
15231.75733130256
 10
2663.160462216154
 20
15233.45455167498
 10
2662.606019139494
 20
15235.10476763802
 10
2661.890022765176
 20
15236.69157860405
 10
2661.019588986819
 20
15238.19921413279
 10
2660.003368566395
 20
15239.612690665
 10
2658.851461159007
 20
15240.91796043585
 10
2657.575314937945
 20
15242.102051088
 10
2656.187612817739
 20
15243.15319459652
 10
2654.702146405471
 20
15244.060944225
 10
2653.133678933751
 20
15244.81627834984
 10
2651.497798536963
 20
15245.41169012108
 10
2649.810763329413
 20
15245.84126206909
 10
2648.089339824976
 20
15246.10072491487
 10
2646.350636303803
 20
15246.18750000003
  0
TEXT
  5
2C7
330
17
100
AcDbEntity
  8
NESTED_RESULT
100
AcDbText
 10
2668.56666666666
 20
14788.67500000003
 30
0.0
 40
80.0
  1
516-D
 72
     1
 11
2841.899999999994
 21
14828.67500000003
 31
0.0
100
AcDbText
 73
     2
  0
LWPOLYLINE
  5
2C8
330
17
100
AcDbEntity
  8
NESTED_RESULT
100
AcDbPolyline
 90
        5
 70
     0
 43
0.0
 10
1162.049999999901
 20
14901.70000000001
 10
0.0
 20
14901.70000000001
 10
0.0
 20
15485.90000000002
 10
1162.049999999901
 20
15485.90000000002
 10
1162.049999999901
 20
14901.70000000001
  0
LWPOLYLINE
  5
2C9
330
17
100
AcDbEntity
  8
NESTED_RESULT
100
AcDbPolyline
 90
        9
 70
     0
 43
0.0
 10
622.2999999999883
 20
15320.80000000002
 10
1041.399999999907
 20
15320.80000000002
 10
1054.100000000006
 20
15308.10000000004
 10
1054.100000000006
 20
15041.40000000002
 10
1041.399999999907
 20
15028.70000000001
 10
622.2999999999883
 20
15028.70000000001
 10
609.5999999998894
 20
15041.40000000002
 10
609.5999999998894
 20
15308.10000000004
 10
622.2999999999883
 20
15320.80000000002
  0
LWPOLYLINE
  5
2CA
330
17
100
AcDbEntity
  8
NESTED_RESULT
100
AcDbPolyline
 90
       64
 70
     0
 43
0.0
 10
849.3125
 20
15389.06249999991
 10
849.2257249148096
 20
15390.80120352108
 10
848.9662620690651
 20
15392.52262702552
 10
848.5366901210509
 20
15394.20966223307
 10
847.9412783497826
 20
15395.84554262986
 10
847.1859442249698
 20
15397.41401010158
 10
846.2781945964962
 20
15398.89947651384
 10
845.2270510879753
 20
15400.28717863405
 10
844.0429604358213
 20
15401.56332485511
 10
842.7376906649733
 20
15402.7152322625
 10
841.3242141327646
 20
15403.73145268292
 10
839.8165786040481
 20
15404.60188646128
 10
838.2297676379968
 20
15405.3178828356
 10
836.5795516749495
 20
15405.87232591226
 10
834.8823313025059
 20
15406.25970538688
 10
833.1549742592615
 20
15406.47617130819
 10
831.4146477955219
 20
15406.51957234059
 10
829.6786480575974
 20
15406.38947714516
 10
827.9642281908017
 20
15406.08717866638
 10
826.2884268699853
 20
15405.61568128236
 10
824.6678989615757
 20
15404.9796709459
 10
823.1187499999942
 20
15404.18546861349
 10
821.6563761236031
 20
15403.24096742473
 10
820.2953110609669
 20
15402.15555425675
 10
819.0490816881649
 20
15400.94001643325
 10
817.9300735926371
 20
15399.60643451521
 10
816.9494079794967
 20
15398.16806223892
 10
816.1168311442597
 20
15396.63919479426
 10
815.4406176095362
 20
15395.03502675274
 10
814.9274878892173
 20
15393.37150105708
 10
814.5825416970474
 20
15391.66515057301
 10
814.4092072632338
 20
15389.93293377827
 10
814.4092072632338
 20
15388.19206622155
 10
814.5825416970474
 20
15386.45984942681
 10
814.9274878892173
 20
15384.75349894274
 10
815.4406176095362
 20
15383.08997324708
 10
816.1168311442597
 20
15381.48580520556
 10
816.9494079794967
 20
15379.9569377609
 10
817.9300735926371
 20
15378.51856548461
 10
819.0490816881649
 20
15377.18498356658
 10
820.2953110609669
 20
15375.96944574307
 10
821.6563761236031
 20
15374.88403257509
 10
823.1187499999942
 20
15373.93953138633
 10
824.6678989615757
 20
15373.14532905392
 10
826.2884268699853
 20
15372.50931871746
 10
827.9642281908017
 20
15372.03782133345
 10
829.6786480575974
 20
15371.73552285466
 10
831.4146477955219
 20
15371.60542765923
 10
833.1549742592615
 20
15371.64882869163
 10
834.8823313025059
 20
15371.86529461294
 10
836.5795516749495
 20
15372.25267408756
 10
838.2297676379968
 20
15372.80711716422
 10
839.8165786040481
 20
15373.52311353854
 10
841.3242141327646
 20
15374.3935473169
 10
842.7376906649733
 20
15375.40976773732
 10
844.0429604358213
 20
15376.56167514471
 10
845.2270510879753
 20
15377.83782136577
 10
846.2781945964962
 20
15379.22552348597
 10
847.1859442249698
 20
15380.71098989824
 10
847.9412783497826
 20
15382.27945736996
 10
848.5366901210509
 20
15383.91533776675
 10
848.9662620690651
 20
15385.6023729743
 10
849.2257249148096
 20
15387.32379647874
 10
849.3125
 20
15389.06249999991
  0
TEXT
  5
2CB
330
17
100
AcDbEntity
  8
NESTED_RESULT
100
AcDbText
 10
142.2865681965883
 20
15153.51629638673
 30
0.0
 40
80.0
  1
501-D
 72
     1
 11
308.953234863255
 21
15193.51629638673
 31
0.0
100
AcDbText
 73
     2
  0
LWPOLYLINE
  5
2CC
330
17
100
AcDbEntity
  8
NESTED_RESULT
 62
     1
100
AcDbPolyline
 90
        5
 70
     0
 43
0.0
 10
3400.0
 20
14000.0
 10
6600.0
 20
14000.0
 10
6600.0
 20
15800.0
 10
3400.0
 20
15800.0
 10
3400.0
 20
14000.0
  0
TEXT
  5
2CD
330
17
100
AcDbEntity
  8
NESTED_RESULT
 62
     1
100
AcDbText
 10
3400.0
 20
15846.66666666666
 30
0.0
 40
50.0
  1
Sheet_44
 11
3400.0
 21
15830.0
 31
0.0
100
AcDbText
 73
     1
  0
LWPOLYLINE
  5
2CE
330
17
100
AcDbEntity
  8
NESTED_RESULT
100
AcDbPolyline
 90
        5
 70
     0
 43
0.0
 10
3400.0
 20
14000.0
 10
3400.0
 20
14584.20000000001
 10
5057.349999999991
 20
14584.20000000001
 10
5057.349999999991
 20
14000.0
 10
3400.0
 20
14000.0
  0
LWPOLYLINE
  5
2CF
330
17
100
AcDbEntity
  8
NESTED_RESULT
100
AcDbPolyline
 90
        9
 70
     0
 43
0.0
 10
3615.899999999994
 20
14419.1
 10
4034.999999999898
 20
14419.1
 10
4047.699999999895
 20
14406.39999999999
 10
4047.699999999895
 20
14139.70000000001
 10
4034.999999999898
 20
14127.0
 10
3615.899999999994
 20
14127.0
 10
3603.199999999895
 20
14139.70000000001
 10
3603.199999999895
 20
14406.39999999999
 10
3615.899999999994
 20
14419.1
  0
LWPOLYLINE
  5
2D0
330
17
100
AcDbEntity
  8
NESTED_RESULT
100
AcDbPolyline
 90
        9
 70
     0
 43
0.0
 10
4416.0
 20
14419.1
 10
4835.099999999888
 20
14419.1
 10
4847.799999999987
 20
14406.39999999999
 10
4847.799999999987
 20
14139.70000000001
 10
4835.099999999888
 20
14127.0
 10
4416.0
 20
14127.0
 10
4403.299999999987
 20
14139.70000000001
 10
4403.299999999987
 20
14406.39999999999
 10
4416.0
 20
14419.1
  0
LWPOLYLINE
  5
2D1
330
17
100
AcDbEntity
  8
NESTED_RESULT
100
AcDbPolyline
 90
       64
 70
     0
 43
0.0
 10
3842.912499999991
 20
14487.36250000002
 10
3842.825724914817
 20
14489.10120352119
 10
3842.566262069056
 20
14490.82262702563
 10
3842.136690121042
 20
14492.50966223317
 10
3841.541278349789
 20
14494.14554262996
 10
3840.785944224976
 20
14495.71401010168
 10
3839.878194596488
 20
14497.19947651395
 10
3838.827051087967
 20
14498.58717863416
 10
3837.642960435827
 20
14499.86332485522
 10
3836.33769066495
 20
14501.01523226261
 10
3834.924214132756
 20
14502.03145268303
 10
3833.416578604025
 20
14502.90188646139
 10
3831.829767638003
 20
14503.61788283571
 10
3830.179551674941
 20
14504.17232591237
 10
3828.482331302512
 20
14504.55970538698
 10
3826.754974259253
 20
14504.7761713083
 10
3825.014647795529
 20
14504.81957234069
 10
3823.278648057589
 20
14504.68947714526
 10
3821.564228190779
 20
14504.38717866648
 10
3819.888426869976
 20
14503.91568128246
 10
3818.267898961582
 20
14503.27967094601
 10
3816.718750000001
 20
14502.48546861359
 10
3815.256376123594
 20
14501.54096742483
 10
3813.895311060959
 20
14500.45555425685
 10
3812.649081688171
 20
14499.24001643335
 10
3811.530073592614
 20
14497.90643451531
 10
3810.549407979503
 20
14496.46806223903
 10
3809.716831144251
 20
14494.93919479436
 10
3809.040617609528
 20
14493.33502675284
 10
3808.527487889223
 20
14491.67150105719
 10
3808.182541697039
 20
14489.96515057311
 10
3808.009207263211
 20
14488.23293377837
 10
3808.009207263211
 20
14486.49206622166
 10
3808.182541697039
 20
14484.75984942692
 10
3808.527487889223
 20
14483.05349894284
 10
3809.040617609528
 20
14481.38997324719
 10
3809.716831144251
 20
14479.78580520567
 10
3810.549407979503
 20
14478.256937761
 10
3811.530073592614
 20
14476.81856548471
 10
3812.649081688171
 20
14475.48498356668
 10
3813.895311060959
 20
14474.26944574318
 10
3815.256376123594
 20
14473.1840325752
 10
3816.718750000001
 20
14472.23953138644
 10
3818.267898961582
 20
14471.44532905402
 10
3819.888426869976
 20
14470.80931871757
 10
3821.564228190779
 20
14470.33782133355
 10
3823.278648057589
 20
14470.03552285477
 10
3825.014647795529
 20
14469.90542765933
 10
3826.754974259253
 20
14469.94882869173
 10
3828.482331302512
 20
14470.16529461305
 10
3830.179551674941
 20
14470.55267408767
 10
3831.829767638003
 20
14471.10711716433
 10
3833.416578604025
 20
14471.82311353864
 10
3834.924214132756
 20
14472.693547317
 10
3836.33769066495
 20
14473.70976773742
 10
3837.642960435827
 20
14474.86167514481
 10
3838.827051087967
 20
14476.13782136587
 10
3839.878194596488
 20
14477.52552348608
 10
3840.785944224976
 20
14479.01098989835
 10
3841.541278349789
 20
14480.57945737007
 10
3842.136690121042
 20
14482.21533776686
 10
3842.566262069056
 20
14483.90237297441
 10
3842.825724914817
 20
14485.62379647884
 10
3842.912499999991
 20
14487.36250000002
  0
LWPOLYLINE
  5
2D2
330
17
100
AcDbEntity
  8
NESTED_RESULT
100
AcDbPolyline
 90
       64
 70
     0
 43
0.0
 10
4643.012499999982
 20
14487.36250000002
 10
4642.925724914806
 20
14489.10120352119
 10
4642.666262069048
 20
14490.82262702563
 10
4642.236690121034
 20
14492.50966223317
 10
4641.641278349779
 20
14494.14554262996
 10
4640.885944224967
 20
14495.71401010168
 10
4639.978194596479
 20
14497.19947651395
 10
4638.927051087957
 20
14498.58717863416
 10
4637.742960435818
 20
14499.86332485522
 10
4636.43769066494
 20
14501.01523226261
 10
4635.024214132747
 20
14502.03145268303
 10
4633.516578604016
 20
14502.90188646139
 10
4631.929767637994
 20
14503.61788283571
 10
4630.279551674932
 20
14504.17232591237
 10
4628.582331302503
 20
14504.55970538698
 10
4626.854974259244
 20
14504.7761713083
 10
4625.114647795519
 20
14504.81957234069
 10
4623.37864805758
 20
14504.68947714526
 10
4621.664228190771
 20
14504.38717866648
 10
4619.988426869968
 20
14503.91568128246
 10
4618.367898961572
 20
14503.27967094601
 10
4616.818749999992
 20
14502.48546861359
 10
4615.356376123585
 20
14501.54096742483
 10
4613.995311060949
 20
14500.45555425685
 10
4612.749081688162
 20
14499.24001643335
 10
4611.630073592605
 20
14497.90643451531
 10
4610.649407979494
 20
14496.46806223903
 10
4609.816831144242
 20
14494.93919479436
 10
4609.140617609519
 20
14493.33502675284
 10
4608.627487889215
 20
14491.67150105719
 10
4608.282541697029
 20
14489.96515057311
 10
4608.109207263201
 20
14488.23293377837
 10
4608.109207263201
 20
14486.49206622166
 10
4608.282541697029
 20
14484.75984942692
 10
4608.627487889215
 20
14483.05349894284
 10
4609.140617609519
 20
14481.38997324719
 10
4609.816831144242
 20
14479.78580520567
 10
4610.649407979494
 20
14478.256937761
 10
4611.630073592605
 20
14476.81856548471
 10
4612.749081688162
 20
14475.48498356668
 10
4613.995311060949
 20
14474.26944574318
 10
4615.356376123585
 20
14473.1840325752
 10
4616.818749999992
 20
14472.23953138644
 10
4618.367898961572
 20
14471.44532905402
 10
4619.988426869968
 20
14470.80931871757
 10
4621.664228190771
 20
14470.33782133355
 10
4623.37864805758
 20
14470.03552285477
 10
4625.114647795519
 20
14469.90542765933
 10
4626.854974259244
 20
14469.94882869173
 10
4628.582331302503
 20
14470.16529461305
 10
4630.279551674932
 20
14470.55267408767
 10
4631.929767637994
 20
14471.10711716433
 10
4633.516578604016
 20
14471.82311353864
 10
4635.024214132747
 20
14472.693547317
 10
4636.43769066494
 20
14473.70976773742
 10
4637.742960435818
 20
14474.86167514481
 10
4638.927051087957
 20
14476.13782136587
 10
4639.978194596479
 20
14477.52552348608
 10
4640.885944224967
 20
14479.01098989835
 10
4641.641278349779
 20
14480.57945737007
 10
4642.236690121034
 20
14482.21533776686
 10
4642.666262069048
 20
14483.90237297441
 10
4642.925724914806
 20
14485.62379647884
 10
4643.012499999982
 20
14487.36250000002
  0
TEXT
  5
2D3
330
17
100
AcDbEntity
  8
NESTED_RESULT
100
AcDbText
 10
4052.166666666608
 20
14233.05
 30
0.0
 40
80.0
  1
513-D
 72
     1
 11
4225.499999999942
 21
14273.05
 31
0.0
100
AcDbText
 73
     2
  0
LWPOLYLINE
  5
2D4
330
17
100
AcDbEntity
  8
NESTED_RESULT
100
AcDbPolyline
 90
        5
 70
     0
 43
0.0
 10
5057.349999999991
 20
14000.0
 10
6514.675000000003
 20
14000.0
 10
6514.675000000003
 20
14584.20000000001
 10
5057.349999999991
 20
14584.20000000001
 10
5057.349999999991
 20
14000.0
  0
LWPOLYLINE
  5
2D5
330
17
100
AcDbEntity
  8
NESTED_RESULT
100
AcDbPolyline
 90
        9
 70
     0
 43
0.0
 10
5181.175000000003
 20
14419.1
 10
5600.274999999994
 20
14419.1
 10
5612.974999999991
 20
14406.39999999999
 10
5612.974999999991
 20
14139.70000000001
 10
5600.274999999994
 20
14127.0
 10
5181.175000000003
 20
14127.0
 10
5168.474999999991
 20
14139.70000000001
 10
5168.474999999991
 20
14406.39999999999
 10
5181.175000000003
 20
14419.1
  0
LWPOLYLINE
  5
2D6
330
17
100
AcDbEntity
  8
NESTED_RESULT
100
AcDbPolyline
 90
       64
 70
     0
 43
0.0
 10
5408.187499999985
 20
14487.3624999999
 10
5408.10072491481
 20
14489.10120352107
 10
5407.841262069051
 20
14490.82262702551
 10
5407.411690121035
 20
14492.50966223306
 10
5406.816278349783
 20
14494.14554262985
 10
5406.06094422497
 20
14495.71401010157
 10
5405.153194596482
 20
14497.19947651383
 10
5404.10205108796
 20
14498.58717863404
 10
5402.917960435821
 20
14499.8633248551
 10
5401.612690664944
 20
14501.01523226249
 10
5400.19921413275
 20
14502.03145268291
 10
5398.691578604019
 20
14502.90188646127
 10
5397.104767637997
 20
14503.61788283559
 10
5395.454551674935
 20
14504.17232591225
 10
5393.757331302506
 20
14504.55970538687
 10
5392.029974259247
 20
14504.77617130818
 10
5390.289647795522
 20
14504.81957234058
 10
5388.553648057583
 20
14504.68947714515
 10
5386.839228190773
 20
14504.38717866637
 10
5385.163426869971
 20
14503.91568128235
 10
5383.542898961575
 20
14503.27967094589
 10
5381.993749999995
 20
14502.48546861348
 10
5380.531376123588
 20
14501.54096742472
 10
5379.170311060953
 20
14500.45555425674
 10
5377.924081688166
 20
14499.24001643323
 10
5376.805073592608
 20
14497.9064345152
 10
5375.824407979497
 20
14496.46806223891
 10
5374.991831144246
 20
14494.93919479425
 10
5374.315617609521
 20
14493.33502675272
 10
5373.802487889217
 20
14491.67150105707
 10
5373.457541697033
 20
14489.965150573
 10
5373.284207263204
 20
14488.23293377826
 10
5373.284207263204
 20
14486.49206622154
 10
5373.457541697033
 20
14484.7598494268
 10
5373.802487889217
 20
14483.05349894272
 10
5374.315617609521
 20
14481.38997324707
 10
5374.991831144246
 20
14479.78580520555
 10
5375.824407979497
 20
14478.25693776089
 10
5376.805073592608
 20
14476.8185654846
 10
5377.924081688166
 20
14475.48498356656
 10
5379.170311060953
 20
14474.26944574306
 10
5380.531376123588
 20
14473.18403257508
 10
5381.993749999995
 20
14472.23953138632
 10
5383.542898961575
 20
14471.44532905391
 10
5385.163426869971
 20
14470.80931871745
 10
5386.839228190773
 20
14470.33782133343
 10
5388.553648057583
 20
14470.03552285465
 10
5390.289647795522
 20
14469.90542765922
 10
5392.029974259247
 20
14469.94882869161
 10
5393.757331302506
 20
14470.16529461293
 10
5395.454551674935
 20
14470.55267408755
 10
5397.104767637997
 20
14471.10711716421
 10
5398.691578604019
 20
14471.82311353853
 10
5400.19921413275
 20
14472.69354731688
 10
5401.612690664944
 20
14473.70976773731
 10
5402.917960435821
 20
14474.86167514469
 10
5404.10205108796
 20
14476.13782136576
 10
5405.153194596482
 20
14477.52552348596
 10
5406.06094422497
 20
14479.01098989823
 10
5406.816278349783
 20
14480.57945736995
 10
5407.411690121035
 20
14482.21533776674
 10
5407.841262069051
 20
14483.90237297429
 10
5408.10072491481
 20
14485.62379647873
 10
5408.187499999985
 20
14487.3624999999
  0
TEXT
  5
2D7
330
17
100
AcDbEntity
  8
NESTED_RESULT
100
AcDbText
 10
5934.324223836263
 20
14251.92210388184
 30
0.0
 40
80.0
  1
522-D
 72
     1
 11
6120.990890502929
 21
14291.92210388184
 31
0.0
100
AcDbText
 73
     2
  0
LWPOLYLINE
  5
2D8
330
17
100
AcDbEntity
  8
NESTED_RESULT
100
AcDbPolyline
 90
        5
 70
     0
 43
0.0
 10
3400.0
 20
14584.20000000001
 10
3400.0
 20
15168.40000000002
 10
4854.149999999994
 20
15168.40000000002
 10
4854.149999999994
 20
14584.20000000001
 10
3400.0
 20
14584.20000000001
  0
LWPOLYLINE
  5
2D9
330
17
100
AcDbEntity
  8
NESTED_RESULT
100
AcDbPolyline
 90
        9
 70
     0
 43
0.0
 10
3565.099999999991
 20
15003.30000000001
 10
3984.199999999997
 20
15003.30000000001
 10
3996.899999999994
 20
14990.60000000004
 10
3996.899999999994
 20
14723.90000000002
 10
3984.199999999997
 20
14711.20000000001
 10
3565.099999999991
 20
14711.20000000001
 10
3552.399999999994
 20
14723.90000000002
 10
3552.399999999994
 20
14990.60000000004
 10
3565.099999999991
 20
15003.30000000001
  0
LWPOLYLINE
  5
2DA
330
17
100
AcDbEntity
  8
NESTED_RESULT
100
AcDbPolyline
 90
        9
 70
     0
 43
0.0
 10
4263.599999999991
 20
15003.30000000001
 10
4682.699999999996
 20
15003.30000000001
 10
4695.399999999994
 20
14990.60000000004
 10
4695.399999999994
 20
14723.90000000002
 10
4682.699999999996
 20
14711.20000000001
 10
4263.599999999991
 20
14711.20000000001
 10
4250.899999999994
 20
14723.90000000002
 10
4250.899999999994
 20
14990.60000000004
 10
4263.599999999991
 20
15003.30000000001
  0
LWPOLYLINE
  5
2DB
330
17
100
AcDbEntity
  8
NESTED_RESULT
100
AcDbPolyline
 90
       64
 70
     0
 43
0.0
 10
3792.112499999989
 20
15071.56250000003
 10
3792.025724914813
 20
15073.3012035212
 10
3791.766262069053
 20
15075.02262702564
 10
3791.336690121039
 20
15076.70966223319
 10
3790.741278349786
 20
15078.34554262997
 10
3789.985944224973
 20
15079.9140101017
 10
3789.078194596485
 20
15081.39947651396
 10
3788.027051087964
 20
15082.78717863417
 10
3786.842960435824
 20
15084.06332485523
 10
3785.537690664947
 20
15085.21523226262
 10
3784.124214132754
 20
15086.23145268304
 10
3782.616578604023
 20
15087.1018864614
 10
3781.029767638
 20
15087.81788283572
 10
3779.379551674938
 20
15088.37232591238
 10
3777.682331302509
 20
15088.75970538699
 10
3775.95497425925
 20
15088.97617130831
 10
3774.214647795525
 20
15089.01957234071
 10
3772.478648057587
 20
15088.88947714527
 10
3770.764228190776
 20
15088.58717866649
 10
3769.088426869974
 20
15088.11568128247
 10
3767.467898961579
 20
15087.47967094602
 10
3765.918749999997
 20
15086.68546861361
 10
3764.456376123591
 20
15085.74096742485
 10
3763.095311060955
 20
15084.65555425687
 10
3761.849081688168
 20
15083.44001643336
 10
3760.730073592611
 20
15082.10643451532
 10
3759.749407979501
 20
15080.66806223904
 10
3758.916831144249
 20
15079.13919479437
 10
3758.240617609525
 20
15077.53502675285
 10
3757.727487889221
 20
15075.8715010572
 10
3757.382541697037
 20
15074.16515057313
 10
3757.209207263208
 20
15072.43293377838
 10
3757.209207263208
 20
15070.69206622167
 10
3757.382541697037
 20
15068.95984942693
 10
3757.727487889221
 20
15067.25349894285
 10
3758.240617609525
 20
15065.5899732472
 10
3758.916831144249
 20
15063.98580520568
 10
3759.749407979501
 20
15062.45693776101
 10
3760.730073592611
 20
15061.01856548473
 10
3761.849081688168
 20
15059.68498356669
 10
3763.095311060955
 20
15058.46944574319
 10
3764.456376123591
 20
15057.38403257521
 10
3765.918749999997
 20
15056.43953138645
 10
3767.467898961579
 20
15055.64532905404
 10
3769.088426869974
 20
15055.00931871758
 10
3770.764228190776
 20
15054.53782133356
 10
3772.478648057587
 20
15054.23552285478
 10
3774.214647795525
 20
15054.10542765935
 10
3775.95497425925
 20
15054.14882869174
 10
3777.682331302509
 20
15054.36529461306
 10
3779.379551674938
 20
15054.75267408768
 10
3781.029767638
 20
15055.30711716434
 10
3782.616578604023
 20
15056.02311353865
 10
3784.124214132754
 20
15056.89354731701
 10
3785.537690664947
 20
15057.90976773744
 10
3786.842960435824
 20
15059.06167514482
 10
3788.027051087964
 20
15060.33782136589
 10
3789.078194596485
 20
15061.72552348609
 10
3789.985944224973
 20
15063.21098989836
 10
3790.741278349786
 20
15064.77945737008
 10
3791.336690121039
 20
15066.41533776687
 10
3791.766262069053
 20
15068.10237297442
 10
3792.025724914813
 20
15069.82379647885
 10
3792.112499999989
 20
15071.56250000003
  0
LWPOLYLINE
  5
2DC
330
17
100
AcDbEntity
  8
NESTED_RESULT
100
AcDbPolyline
 90
       64
 70
     0
 43
0.0
 10
4490.612499999987
 20
15071.56250000003
 10
4490.525724914813
 20
15073.3012035212
 10
4490.266262069053
 20
15075.02262702564
 10
4489.836690121038
 20
15076.70966223319
 10
4489.241278349786
 20
15078.34554262997
 10
4488.485944224973
 20
15079.9140101017
 10
4487.578194596484
 20
15081.39947651396
 10
4486.527051087963
 20
15082.78717863417
 10
4485.342960435825
 20
15084.06332485523
 10
4484.037690664947
 20
15085.21523226262
 10
4482.624214132753
 20
15086.23145268304
 10
4481.116578604022
 20
15087.1018864614
 10
4479.529767637999
 20
15087.81788283572
 10
4477.879551674937
 20
15088.37232591238
 10
4476.182331302509
 20
15088.75970538699
 10
4474.454974259249
 20
15088.97617130831
 10
4472.714647795525
 20
15089.01957234071
 10
4470.978648057585
 20
15088.88947714527
 10
4469.264228190776
 20
15088.58717866649
 10
4467.588426869974
 20
15088.11568128247
 10
4465.967898961578
 20
15087.47967094602
 10
4464.418749999997
 20
15086.68546861361
 10
4462.956376123591
 20
15085.74096742485
 10
4461.595311060955
 20
15084.65555425687
 10
4460.349081688167
 20
15083.44001643336
 10
4459.23007359261
 20
15082.10643451532
 10
4458.2494079795
 20
15080.66806223904
 10
4457.416831144248
 20
15079.13919479437
 10
4456.740617609525
 20
15077.53502675285
 10
4456.22748788922
 20
15075.8715010572
 10
4455.882541697035
 20
15074.16515057313
 10
4455.709207263208
 20
15072.43293377838
 10
4455.709207263208
 20
15070.69206622167
 10
4455.882541697035
 20
15068.95984942693
 10
4456.22748788922
 20
15067.25349894285
 10
4456.740617609525
 20
15065.5899732472
 10
4457.416831144248
 20
15063.98580520568
 10
4458.2494079795
 20
15062.45693776101
 10
4459.23007359261
 20
15061.01856548473
 10
4460.349081688167
 20
15059.68498356669
 10
4461.595311060955
 20
15058.46944574319
 10
4462.956376123591
 20
15057.38403257521
 10
4464.418749999997
 20
15056.43953138645
 10
4465.967898961578
 20
15055.64532905404
 10
4467.588426869974
 20
15055.00931871758
 10
4469.264228190776
 20
15054.53782133356
 10
4470.978648057585
 20
15054.23552285478
 10
4472.714647795525
 20
15054.10542765935
 10
4474.454974259249
 20
15054.14882869174
 10
4476.182331302509
 20
15054.36529461306
 10
4477.879551674937
 20
15054.75267408768
 10
4479.529767637999
 20
15055.30711716434
 10
4481.116578604022
 20
15056.02311353865
 10
4482.624214132753
 20
15056.89354731701
 10
4484.037690664947
 20
15057.90976773744
 10
4485.342960435825
 20
15059.06167514482
 10
4486.527051087963
 20
15060.33782136589
 10
4487.578194596484
 20
15061.72552348609
 10
4488.485944224973
 20
15063.21098989836
 10
4489.241278349786
 20
15064.77945737008
 10
4489.836690121038
 20
15066.41533776687
 10
4490.266262069053
 20
15068.10237297442
 10
4490.525724914813
 20
15069.82379647885
 10
4490.612499999987
 20
15071.56250000003
  0
TEXT
  5
2DD
330
17
100
AcDbEntity
  8
NESTED_RESULT
100
AcDbText
 10
3943.879846191403
 20
14994.28260498048
 30
0.0
 40
80.0
  1
405-D
 72
     1
 11
4123.879846191402
 21
15034.28260498048
 31
0.0
100
AcDbText
 73
     2
  0
LWPOLYLINE
  5
2DE
330
17
100
AcDbEntity
  8
NESTED_RESULT
100
AcDbPolyline
 90
        5
 70
     0
 43
0.0
 10
3400.0
 20
15168.40000000002
 10
3400.0
 20
15752.6
 10
4657.300000000002
 20
15752.6
 10
4657.300000000002
 20
15168.40000000002
 10
3400.0
 20
15168.40000000002
  0
LWPOLYLINE
  5
2DF
330
17
100
AcDbEntity
  8
NESTED_RESULT
100
AcDbPolyline
 90
        9
 70
     0
 43
0.0
 10
3520.650000000097
 20
15587.5
 10
3939.75
 20
15587.5
 10
3952.449999999998
 20
15574.7999999999
 10
3952.449999999998
 20
15308.1
 10
3939.75
 20
15295.40000000002
 10
3520.650000000097
 20
15295.40000000002
 10
3507.950000000099
 20
15308.1
 10
3507.950000000099
 20
15574.7999999999
 10
3520.650000000097
 20
15587.5
  0
LWPOLYLINE
  5
2E0
330
17
100
AcDbEntity
  8
NESTED_RESULT
100
AcDbPolyline
 90
       64
 70
     0
 43
0.0
 10
3747.662499999991
 20
15655.76250000001
 10
3747.575724914817
 20
15657.50120352118
 10
3747.316262069056
 20
15659.22262702562
 10
3746.886690121042
 20
15660.90966223317
 10
3746.291278349789
 20
15662.54554262996
 10
3745.535944224976
 20
15664.11401010168
 10
3744.628194596488
 20
15665.59947651394
 10
3743.577051087967
 20
15666.98717863415
 10
3742.392960435827
 20
15668.26332485521
 10
3741.08769066495
 20
15669.4152322626
 10
3739.674214132756
 20
15670.43145268303
 10
3738.166578604025
 20
15671.30188646138
 10
3736.579767638003
 20
15672.0178828357
 10
3734.929551674941
 20
15672.57232591236
 10
3733.232331302512
 20
15672.95970538698
 10
3731.504974259253
 20
15673.17617130829
 10
3729.764647795529
 20
15673.21957234069
 10
3728.02864805759
 20
15673.08947714526
 10
3726.314228190779
 20
15672.78717866647
 10
3724.638426869977
 20
15672.31568128246
 10
3723.017898961582
 20
15671.679670946
 10
3721.46875
 20
15670.88546861359
 10
3720.006376123594
 20
15669.94096742483
 10
3718.645311060959
 20
15668.85555425685
 10
3717.399081688171
 20
15667.64001643334
 10
3716.280073592614
 20
15666.30643451531
 10
3715.299407979503
 20
15664.86806223902
 10
3714.466831144251
 20
15663.33919479436
 10
3713.790617609528
 20
15661.73502675283
 10
3713.277487889223
 20
15660.07150105719
 10
3712.93254169704
 20
15658.36515057311
 10
3712.759207263211
 20
15656.63293377837
 10
3712.759207263211
 20
15654.89206622165
 10
3712.93254169704
 20
15653.15984942691
 10
3713.277487889223
 20
15651.45349894283
 10
3713.790617609528
 20
15649.78997324718
 10
3714.466831144251
 20
15648.18580520566
 10
3715.299407979503
 20
15646.656937761
 10
3716.280073592614
 20
15645.21856548471
 10
3717.399081688171
 20
15643.88498356667
 10
3718.645311060959
 20
15642.66944574317
 10
3720.006376123594
 20
15641.58403257519
 10
3721.46875
 20
15640.63953138643
 10
3723.017898961582
 20
15639.84532905402
 10
3724.638426869977
 20
15639.20931871756
 10
3726.314228190779
 20
15638.73782133355
 10
3728.02864805759
 20
15638.43552285476
 10
3729.764647795529
 20
15638.30542765933
 10
3731.504974259253
 20
15638.34882869173
 10
3733.232331302512
 20
15638.56529461304
 10
3734.929551674941
 20
15638.95267408766
 10
3736.579767638003
 20
15639.50711716432
 10
3738.166578604025
 20
15640.22311353864
 10
3739.674214132756
 20
15641.093547317
 10
3741.08769066495
 20
15642.10976773742
 10
3742.392960435827
 20
15643.26167514481
 10
3743.577051087967
 20
15644.53782136587
 10
3744.628194596488
 20
15645.92552348607
 10
3745.535944224976
 20
15647.41098989834
 10
3746.291278349789
 20
15648.97945737006
 10
3746.886690121042
 20
15650.61533776685
 10
3747.316262069056
 20
15652.3023729744
 10
3747.575724914817
 20
15654.02379647884
 10
3747.662499999991
 20
15655.76250000001
  0
TEXT
  5
2E1
330
17
100
AcDbEntity
  8
NESTED_RESULT
100
AcDbText
 10
4097.592944335939
 20
15420.1930419922
 30
0.0
 40
80.0
  1
507-D
 72
     1
 11
4277.59294433594
 21
15460.1930419922
 31
0.0
100
AcDbText
 73
     2
  0
LWPOLYLINE
  5
2E2
330
17
100
AcDbEntity
  8
NESTED_RESULT
100
AcDbPolyline
 90
        5
 70
     0
 43
0.0
 10
6594.049999999987
 20
15743.07500000001
 10
6594.049999999987
 20
14584.20000000001
 10
6009.850000000006
 20
14584.20000000001
 10
6009.850000000006
 20
15743.07500000001
 10
6594.049999999987
 20
15743.07500000001
  0
LWPOLYLINE
  5
2E3
330
17
100
AcDbEntity
  8
NESTED_RESULT
100
AcDbPolyline
 90
        9
 70
     0
 43
0.0
 10
6174.949999999983
 20
15200.15000000002
 10
6174.949999999983
 20
15619.25000000003
 10
6187.649999999994
 20
15631.95000000001
 10
6454.350000000006
 20
15631.95000000001
 10
6467.049999999987
 20
15619.25000000003
 10
6467.049999999987
 20
15200.15000000002
 10
6454.350000000006
 20
15187.45000000001
 10
6187.649999999994
 20
15187.45000000001
 10
6174.949999999983
 20
15200.15000000002
  0
LWPOLYLINE
  5
2E4
330
17
100
AcDbEntity
  8
NESTED_RESULT
100
AcDbPolyline
 90
       64
 70
     0
 43
0.0
 10
6106.6875
 20
15427.1625
 10
6104.948796478828
 20
15427.07572491482
 10
6103.227372974389
 20
15426.81626206907
 10
6101.540337766841
 20
15426.38669012105
 10
6099.904457370052
 20
15425.79127834978
 10
6098.335989898333
 20
15425.03594422497
 10
6096.850523486065
 20
15424.1281945965
 10
6095.462821365858
 20
15423.07705108798
 10
6094.186675144796
 20
15421.89296043583
 10
6093.034767737409
 20
15420.58769066498
 10
6092.018547316984
 20
15419.17421413277
 10
6091.148113538627
 20
15417.66657860405
 10
6090.43211716431
 20
15416.079767638
 10
6089.877674087649
 20
15414.42955167495
 10
6089.490294613032
 20
15412.73233130251
 10
6089.273828691716
 20
15411.00497425927
 10
6089.23042765932
 20
15409.26464779553
 10
6089.360522854753
 20
15407.5286480576
 10
6089.662821333535
 20
15405.81422819081
 10
6090.134318717552
 20
15404.13842686999
 10
6090.770329054008
 20
15402.51789896158
 10
6091.564531386423
 20
15400.96875
 10
6092.509032575181
 20
15399.50637612361
 10
6093.594445743161
 20
15398.14531106097
 10
6094.809983566666
 20
15396.89908168817
 10
6096.143565484701
 20
15395.78007359264
 10
6097.581937760988
 20
15394.7994079795
 10
6099.110805205651
 20
15393.96683114426
 10
6100.714973247175
 20
15393.29061760954
 10
6102.378498942823
 20
15392.77748788922
 10
6104.0848494269
 20
15392.43254169705
 10
6105.817066221645
 20
15392.25920726324
 10
6107.557933778356
 20
15392.25920726324
 10
6109.2901505731
 20
15392.43254169705
 10
6110.996501057177
 20
15392.77748788922
 10
6112.660026752826
 20
15393.29061760954
 10
6114.264194794349
 20
15393.96683114426
 10
6115.793062239013
 20
15394.7994079795
 10
6117.231434515299
 20
15395.78007359264
 10
6118.565016433334
 20
15396.89908168817
 10
6119.780554256839
 20
15398.14531106097
 10
6120.865967424819
 20
15399.50637612361
 10
6121.810468613578
 20
15400.96875
 10
6122.604670945992
 20
15402.51789896158
 10
6123.240681282448
 20
15404.13842686999
 10
6123.712178666465
 20
15405.81422819081
 10
6124.014477145247
 20
15407.5286480576
 10
6124.144572340679
 20
15409.26464779553
 10
6124.101171308283
 20
15411.00497425927
 10
6123.884705386968
 20
15412.73233130251
 10
6123.49732591235
 20
15414.42955167495
 10
6122.942882835689
 20
15416.079767638
 10
6122.226886461374
 20
15417.66657860405
 10
6121.356452683016
 20
15419.17421413277
 10
6120.340232262591
 20
15420.58769066498
 10
6119.188324855204
 20
15421.89296043583
 10
6117.912178634142
 20
15423.07705108798
 10
6116.524476513936
 20
15424.1281945965
 10
6115.039010101668
 20
15425.03594422497
 10
6113.470542629948
 20
15425.79127834978
 10
6111.834662233159
 20
15426.38669012105
 10
6110.147627025611
 20
15426.81626206907
 10
6108.426203521172
 20
15427.07572491482
 10
6106.6875
 20
15427.1625
  0
TEXT
  5
2E5
330
17
100
AcDbEntity
  8
NESTED_RESULT
100
AcDbText
 10
6121.949999999998
 20
14845.82500000001
 30
0.0
 40
80.0
  1
505-E
 72
     1
 11
6301.949999999997
 21
14885.82500000001
 31
0.0
100
AcDbText
 73
     2
  0
LWPOLYLINE
  5
2E6
330
17
100
AcDbEntity
  8
NESTED_RESULT
100
AcDbPolyline
 90
        5
 70
     0
 43
0.0
 10
4854.149999999994
 20
14584.20000000001
 10
4854.149999999994
 20
15168.40000000002
 10
6009.850000000006
 20
15168.40000000002
 10
6009.850000000006
 20
14584.20000000001
 10
4854.149999999994
 20
14584.20000000001
  0
LWPOLYLINE
  5
2E7
330
17
100
AcDbEntity
  8
NESTED_RESULT
100
AcDbPolyline
 90
        9
 70
     0
 43
0.0
 10
4971.625
 20
15003.30000000001
 10
5390.725000000006
 20
15003.30000000001
 10
5403.425000000018
 20
14990.6
 10
5403.425000000018
 20
14723.90000000002
 10
5390.725000000006
 20
14711.20000000001
 10
4971.625
 20
14711.20000000001
 10
4958.925000000018
 20
14723.90000000002
 10
4958.925000000018
 20
14990.6
 10
4971.625
 20
15003.30000000001
  0
LWPOLYLINE
  5
2E8
330
17
100
AcDbEntity
  8
NESTED_RESULT
100
AcDbPolyline
 90
       64
 70
     0
 43
0.0
 10
5198.637500000012
 20
15071.5625
 10
5198.550724914821
 20
15073.30120352117
 10
5198.291262069076
 20
15075.02262702561
 10
5197.861690121063
 20
15076.70966223316
 10
5197.266278349793
 20
15078.34554262995
 10
5196.510944224981
 20
15079.91401010166
 10
5195.603194596507
 20
15081.39947651393
 10
5194.552051087987
 20
15082.78717863414
 10
5193.367960435833
 20
15084.0633248552
 10
5192.062690664985
 20
15085.21523226259
 10
5190.649214132776
 20
15086.23145268301
 10
5189.14157860406
 20
15087.10188646137
 10
5187.554767638007
 20
15087.81788283569
 10
5185.904551674961
 20
15088.37232591235
 10
5184.207331302517
 20
15088.75970538697
 10
5182.479974259273
 20
15088.97617130828
 10
5180.739647795534
 20
15089.01957234068
 10
5179.003648057609
 20
15088.88947714525
 10
5177.289228190812
 20
15088.58717866646
 10
5175.613426869997
 20
15088.11568128245
 10
5173.992898961587
 20
15087.47967094599
 10
5172.443750000006
 20
15086.68546861358
 10
5170.981376123616
 20
15085.74096742482
 10
5169.620311060978
 20
15084.65555425684
 10
5168.374081688177
 20
15083.44001643333
 10
5167.255073592649
 20
15082.1064345153
 10
5166.274407979508
 20
15080.66806223901
 10
5165.441831144272
 20
15079.13919479435
 10
5164.765617609548
 20
15077.53502675282
 10
5164.252487889228
 20
15075.87150105717
 10
5163.907541697059
 20
15074.1651505731
 10
5163.734207263246
 20
15072.43293377835
 10
5163.734207263246
 20
15070.69206622164
 10
5163.907541697059
 20
15068.9598494269
 10
5164.252487889228
 20
15067.25349894282
 10
5164.765617609548
 20
15065.58997324717
 10
5165.441831144272
 20
15063.98580520565
 10
5166.274407979508
 20
15062.45693776099
 10
5167.255073592649
 20
15061.0185654847
 10
5168.374081688177
 20
15059.68498356666
 10
5169.620311060978
 20
15058.46944574316
 10
5170.981376123616
 20
15057.38403257518
 10
5172.443750000006
 20
15056.43953138642
 10
5173.992898961587
 20
15055.64532905401
 10
5175.613426869997
 20
15055.00931871755
 10
5177.289228190812
 20
15054.53782133353
 10
5179.003648057609
 20
15054.23552285475
 10
5180.739647795534
 20
15054.10542765932
 10
5182.479974259273
 20
15054.14882869171
 10
5184.207331302517
 20
15054.36529461303
 10
5185.904551674961
 20
15054.75267408765
 10
5187.554767638007
 20
15055.30711716431
 10
5189.14157860406
 20
15056.02311353863
 10
5190.649214132776
 20
15056.89354731698
 10
5192.062690664985
 20
15057.90976773741
 10
5193.367960435833
 20
15059.06167514479
 10
5194.552051087987
 20
15060.33782136585
 10
5195.603194596507
 20
15061.72552348606
 10
5196.510944224981
 20
15063.21098989833
 10
5197.266278349793
 20
15064.77945737005
 10
5197.861690121063
 20
15066.41533776684
 10
5198.291262069076
 20
15068.10237297439
 10
5198.550724914821
 20
15069.82379647883
 10
5198.637500000012
 20
15071.5625
  0
TEXT
  5
2E9
330
17
100
AcDbEntity
  8
NESTED_RESULT
100
AcDbText
 10
5513.096834309898
 20
14836.58215332033
 30
0.0
 40
80.0
  1
423-D
 72
     1
 11
5699.763500976565
 21
14876.58215332033
 31
0.0
100
AcDbText
 73
     2
  0
LWPOLYLINE
  5
2EA
330
17
100
AcDbEntity
  8
NESTED_RESULT
100
AcDbPolyline
 90
        5
 70
     0
 43
0.0
 10
4657.300000000002
 20
15752.6
 10
5813.0
 20
15752.6
 10
5813.0
 20
15168.40000000002
 10
4657.300000000002
 20
15168.40000000002
 10
4657.300000000002
 20
15752.6
  0
LWPOLYLINE
  5
2EB
330
17
100
AcDbEntity
  8
NESTED_RESULT
100
AcDbPolyline
 90
        9
 70
     0
 43
0.0
 10
5197.050000000003
 20
15333.5
 10
4777.950000000013
 20
15333.5
 10
4765.25
 20
15346.2000000001
 10
4765.25
 20
15612.90000000002
 10
4777.950000000013
 20
15625.60000000012
 10
5197.050000000003
 20
15625.60000000012
 10
5209.75
 20
15612.90000000002
 10
5209.75
 20
15346.2000000001
 10
5197.050000000003
 20
15333.5
  0
LWPOLYLINE
  5
2EC
330
17
100
AcDbEntity
  8
NESTED_RESULT
100
AcDbPolyline
 90
       64
 70
     0
 43
0.0
 10
4970.037500000006
 20
15265.2375000001
 10
4970.124275085182
 20
15263.49879647893
 10
4970.383737930942
 20
15261.77737297449
 10
4970.813309878955
 20
15260.09033776694
 10
4971.408721650209
 20
15258.45445737016
 10
4972.164055775022
 20
15256.88598989843
 10
4973.071805403511
 20
15255.40052348616
 10
4974.122948912031
 20
15254.01282136596
 10
4975.307039564171
 20
15252.7366751449
 10
4976.612309335047
 20
15251.58476773751
 10
4978.025785867242
 20
15250.56854731708
 10
4979.533421395973
 20
15249.69811353873
 10
4981.120232361996
 20
15248.98211716441
 10
4982.770448325056
 20
15248.42767408775
 10
4984.467668697484
 20
15248.04029461314
 10
4986.195025740745
 20
15247.82382869182
 10
4987.93535220447
 20
15247.78042765942
 10
4989.671351942408
 20
15247.91052285486
 10
4991.385771809219
 20
15248.21282133364
 10
4993.06157313002
 20
15248.68431871766
 10
4994.682101038416
 20
15249.32032905411
 10
4996.231249999997
 20
15250.11453138653
 10
4997.693623876403
 20
15251.05903257528
 10
4999.054688939039
 20
15252.14444574326
 10
5000.300918311826
 20
15253.35998356677
 10
5001.419926407383
 20
15254.69356548481
 10
5002.400592020496
 20
15256.13193776109
 10
5003.233168855746
 20
15257.66080520575
 10
5003.909382390471
 20
15259.26497324728
 10
5004.422512110774
 20
15260.92849894292
 10
5004.767458302957
 20
15262.634849427
 10
5004.940792736785
 20
15264.36706622175
 10
5004.940792736785
 20
15266.10793377846
 10
5004.767458302957
 20
15267.8401505732
 10
5004.422512110774
 20
15269.54650105728
 10
5003.909382390471
 20
15271.21002675293
 10
5003.233168855746
 20
15272.81419479445
 10
5002.400592020496
 20
15274.34306223911
 10
5001.419926407383
 20
15275.7814345154
 10
5000.300918311826
 20
15277.11501643344
 10
4999.054688939039
 20
15278.33055425694
 10
4997.693623876403
 20
15279.41596742492
 10
4996.231249999997
 20
15280.36046861368
 10
4994.682101038416
 20
15281.15467094609
 10
4993.06157313002
 20
15281.79068128255
 10
4991.385771809219
 20
15282.26217866657
 10
4989.671351942408
 20
15282.56447714535
 10
4987.93535220447
 20
15282.69457234078
 10
4986.195025740745
 20
15282.65117130839
 10
4984.467668697484
 20
15282.43470538707
 10
4982.770448325056
 20
15282.04732591245
 10
4981.120232361996
 20
15281.49288283579
 10
4979.533421395973
 20
15280.77688646147
 10
4978.025785867242
 20
15279.90645268312
 10
4976.612309335047
 20
15278.89023226269
 10
4975.307039564171
 20
15277.73832485531
 10
4974.122948912031
 20
15276.46217863425
 10
4973.071805403511
 20
15275.07447651404
 10
4972.164055775022
 20
15273.58901010177
 10
4971.408721650209
 20
15272.02054263005
 10
4970.813309878955
 20
15270.38466223326
 10
4970.383737930942
 20
15268.69762702571
 10
4970.124275085182
 20
15266.97620352128
 10
4970.037500000006
 20
15265.2375000001
  0
TEXT
  5
2ED
330
17
100
AcDbEntity
  8
NESTED_RESULT
100
AcDbText
 10
5322.349194335938
 20
15420.78215332033
 30
0.0
 40
80.0
  1
405-E
 72
     1
 11
5502.349194335938
 21
15460.78215332033
 31
0.0
100
AcDbText
 73
     2
  0
LWPOLYLINE
  5
2EE
330
17
100
AcDbEntity
  8
NESTED_RESULT
 62
     1
100
AcDbPolyline
 90
        5
 70
     0
 43
0.0
 10
6800.0
 20
14000.0
 10
10000.0
 20
14000.0
 10
10000.0
 20
15800.0
 10
6800.0
 20
15800.0
 10
6800.0
 20
14000.0
  0
TEXT
  5
2EF
330
17
100
AcDbEntity
  8
NESTED_RESULT
 62
     1
100
AcDbText
 10
6800.0
 20
15846.66666666666
 30
0.0
 40
50.0
  1
Sheet_45
 11
6800.0
 21
15830.0
 31
0.0
100
AcDbText
 73
     1
  0
LWPOLYLINE
  5
2F0
330
17
100
AcDbEntity
  8
NESTED_RESULT
100
AcDbPolyline
 90
        8
 70
     0
 43
0.0
 10
9220.937500000001
 20
14000.0
 10
9220.937500000001
 20
14246.0625
 10
9211.412500000006
 20
14255.5875
 10
6800.0
 20
14255.5875
 10
6800.0
 20
14903.2875
 10
9868.637500000012
 20
14903.2875
 10
9868.637500000012
 20
14000.0
 10
9220.937500000001
 20
14000.0
  0
LWPOLYLINE
  5
2F1
330
17
100
AcDbEntity
  8
NESTED_RESULT
100
AcDbPolyline
 90
        5
 70
     0
 43
0.0
 10
7563.587499999994
 20
14363.5375
 10
7563.587499999994
 20
14757.2375
 10
8211.287500000006
 20
14757.2375
 10
8211.287500000006
 20
14363.5375
 10
7563.587499999994
 20
14363.5375
  0
LWPOLYLINE
  5
2F2
330
17
100
AcDbEntity
  8
NESTED_RESULT
100
AcDbPolyline
 90
       64
 70
     0
 43
0.0
 10
7904.899999999995
 20
14812.8
 10
7904.813224914803
 20
14814.53870352118
 10
7904.553762069058
 20
14816.26012702563
 10
7904.124190121045
 20
14817.94716223315
 10
7903.528778349777
 20
14819.58304262995
 10
7902.773444224965
 20
14821.15151010168
 10
7901.865694596491
 20
14822.63697651394
 10
7900.814551087968
 20
14824.02467863416
 10
7899.630460435815
 20
14825.30082485521
 10
7898.325190664966
 20
14826.45273226259
 10
7896.911714132759
 20
14827.46895268302
 10
7895.404078604041
 20
14828.33938646137
 10
7893.817267637991
 20
14829.05538283571
 10
7892.167051674944
 20
14829.60982591237
 10
7890.469831302501
 20
14829.99720538697
 10
7888.742474259257
 20
14830.21367130827
 10
7887.002147795517
 20
14830.25707234069
 10
7885.266148057592
 20
14830.12697714526
 10
7883.551728190797
 20
14829.82467866648
 10
7881.875926869979
 20
14829.35318128245
 10
7880.25539896157
 20
14828.71717094599
 10
7878.706249999988
 20
14827.9229686136
 10
7877.243876123597
 20
14826.97846742482
 10
7875.882811060961
 20
14825.89305425683
 10
7874.636581688159
 20
14824.67751643332
 10
7873.51757359263
 20
14823.34393451531
 10
7872.536907979491
 20
14821.90556223901
 10
7871.704331144254
 20
14820.37669479433
 10
7871.02811760953
 20
14818.77252675283
 10
7870.514987889212
 20
14817.10900105716
 10
7870.170041697043
 20
14815.4026505731
 10
7869.996707263227
 20
14813.67043377836
 10
7869.996707263227
 20
14811.92956622164
 10
7870.170041697043
 20
14810.1973494269
 10
7870.514987889212
 20
14808.49099894284
 10
7871.02811760953
 20
14806.82747324717
 10
7871.704331144254
 20
14805.22330520567
 10
7872.536907979491
 20
14803.69443776099
 10
7873.51757359263
 20
14802.25606548469
 10
7874.636581688159
 20
14800.92248356668
 10
7875.882811060961
 20
14799.70694574318
 10
7877.243876123597
 20
14798.62153257518
 10
7878.706249999988
 20
14797.67703138641
 10
7880.25539896157
 20
14796.88282905401
 10
7881.875926869979
 20
14796.24681871755
 10
7883.551728190797
 20
14795.77532133352
 10
7885.266148057592
 20
14795.47302285474
 10
7887.002147795517
 20
14795.34292765931
 10
7888.742474259257
 20
14795.38632869173
 10
7890.469831302501
 20
14795.60279461303
 10
7892.167051674944
 20
14795.99017408764
 10
7893.817267637991
 20
14796.5446171643
 10
7895.404078604041
 20
14797.26061353863
 10
7896.911714132759
 20
14798.13104731698
 10
7898.325190664966
 20
14799.14726773741
 10
7899.630460435815
 20
14800.2991751448
 10
7900.814551087968
 20
14801.57532136584
 10
7901.865694596491
 20
14802.96302348607
 10
7902.773444224965
 20
14804.44848989832
 10
7903.528778349777
 20
14806.01695737006
 10
7904.124190121045
 20
14807.65283776686
 10
7904.553762069058
 20
14809.33987297438
 10
7904.813224914803
 20
14811.06129647883
 10
7904.899999999995
 20
14812.8
  0
TEXT
  5
2F3
330
17
100
AcDbEntity
  8
NESTED_RESULT
100
AcDbText
 10
9306.36887588502
 20
14481.13010940551
 30
0.0
 40
80.0
  1
505-A
 72
     1
 11
9486.36887588502
 21
14521.13010940552
 31
0.0
100
AcDbText
 73
     2
  0
LWPOLYLINE
  5
2F4
330
17
100
AcDbEntity
  8
NESTED_RESULT
100
AcDbPolyline
 90
        5
 70
     0
 43
0.0
 10
6800.0
 20
14903.2875
 10
9009.799999999989
 20
14903.2875
 10
9009.799999999989
 20
15550.98750000001
 10
6800.0
 20
15550.98750000001
 10
6800.0
 20
14903.2875
  0
LWPOLYLINE
  5
2F5
330
17
100
AcDbEntity
  8
NESTED_RESULT
100
AcDbPolyline
 90
        5
 70
     0
 43
0.0
 10
7355.625
 20
15011.23750000002
 10
7355.625
 20
15404.93750000002
 10
8003.324999999998
 20
15404.93750000002
 10
8003.324999999998
 20
15011.23750000002
 10
7355.625
 20
15011.23750000002
  0
LWPOLYLINE
  5
2F6
330
17
100
AcDbEntity
  8
NESTED_RESULT
100
AcDbPolyline
 90
       64
 70
     0
 43
0.0
 10
7696.937499999986
 20
15460.50000000001
 10
7696.85072491481
 20
15462.23870352119
 10
7696.591262069052
 20
15463.96012702564
 10
7696.161690121036
 20
15465.64716223316
 10
7695.566278349783
 20
15467.28304262996
 10
7694.81094422497
 20
15468.8515101017
 10
7693.903194596481
 20
15470.33697651395
 10
7692.852051087962
 20
15471.72467863417
 10
7691.667960435822
 20
15473.00082485522
 10
7690.362690664945
 20
15474.1527322626
 10
7688.949214132751
 20
15475.16895268303
 10
7687.441578604019
 20
15476.03938646139
 10
7685.854767637997
 20
15476.75538283572
 10
7684.204551674935
 20
15477.30982591238
 10
7682.507331302506
 20
15477.69720538698
 10
7680.779974259246
 20
15477.91367130828
 10
7679.039647795523
 20
15477.95707234071
 10
7677.303648057582
 20
15477.82697714527
 10
7675.589228190773
 20
15477.52467866649
 10
7673.913426869972
 20
15477.05318128246
 10
7672.292898961575
 20
15476.417170946
 10
7670.743749999994
 20
15475.62296861361
 10
7669.281376123588
 20
15474.67846742483
 10
7667.920311060952
 20
15473.59305425684
 10
7666.674081688165
 20
15472.37751643333
 10
7665.555073592607
 20
15471.04393451532
 10
7664.574407979497
 20
15469.60556223903
 10
7663.741831144246
 20
15468.07669479434
 10
7663.065617609522
 20
15466.47252675284
 10
7662.552487889218
 20
15464.80900105717
 10
7662.207541697033
 20
15463.10265057311
 10
7662.034207263205
 20
15461.37043377837
 10
7662.034207263205
 20
15459.62956622166
 10
7662.207541697033
 20
15457.89734942691
 10
7662.552487889218
 20
15456.19099894285
 10
7663.065617609522
 20
15454.52747324719
 10
7663.741831144246
 20
15452.92330520568
 10
7664.574407979497
 20
15451.394437761
 10
7665.555073592607
 20
15449.9560654847
 10
7666.674081688165
 20
15448.62248356669
 10
7667.920311060952
 20
15447.40694574319
 10
7669.281376123588
 20
15446.32153257519
 10
7670.743749999994
 20
15445.37703138642
 10
7672.292898961575
 20
15444.58282905402
 10
7673.913426869972
 20
15443.94681871756
 10
7675.589228190773
 20
15443.47532133353
 10
7677.303648057582
 20
15443.17302285475
 10
7679.039647795523
 20
15443.04292765932
 10
7680.779974259246
 20
15443.08632869174
 10
7682.507331302506
 20
15443.30279461305
 10
7684.204551674935
 20
15443.69017408765
 10
7685.854767637997
 20
15444.24461716431
 10
7687.441578604019
 20
15444.96061353864
 10
7688.949214132751
 20
15445.831047317
 10
7690.362690664945
 20
15446.84726773742
 10
7691.667960435822
 20
15447.99917514481
 10
7692.852051087962
 20
15449.27532136585
 10
7693.903194596481
 20
15450.66302348608
 10
7694.81094422497
 20
15452.14848989833
 10
7695.566278349783
 20
15453.71695737007
 10
7696.161690121036
 20
15455.35283776687
 10
7696.591262069052
 20
15457.03987297439
 10
7696.85072491481
 20
15458.76129647884
 10
7696.937499999986
 20
15460.50000000001
  0
TEXT
  5
2F7
330
17
100
AcDbEntity
  8
NESTED_RESULT
100
AcDbText
 10
8236.964461263012
 20
15186.86774902345
 30
0.0
 40
80.0
  1
523-B
 72
     1
 11
8423.631127929679
 21
15226.86774902345
 31
0.0
100
AcDbText
 73
     2
  0
LWPOLYLINE
  5
2F8
330
17
100
AcDbEntity
  8
NESTED_RESULT
100
AcDbPolyline
 90
        5
 70
     0
 43
0.0
 10
9840.062499999884
 20
15550.98749999999
 10
9009.799999999989
 20
15550.98749999999
 10
9009.799999999989
 20
14903.2875
 10
9840.062499999884
 20
14903.2875
 10
9840.062499999884
 20
15550.98749999999
  0
TEXT
  5
2F9
330
17
100
AcDbEntity
  8
NESTED_RESULT
100
AcDbText
 10
9244.931249999936
 20
15187.13749999999
 30
0.0
 40
80.0
  1
502-B
 72
     1
 11
9424.931249999936
 21
15227.13749999999
 31
0.0
100
AcDbText
 73
     2
  0
LWPOLYLINE
  5
2FA
330
17
100
AcDbEntity
  8
NESTED_RESULT
 62
     1
100
AcDbPolyline
 90
        5
 70
     0
 43
0.0
 10
10200.0
 20
14000.0
 10
13400.0
 20
14000.0
 10
13400.0
 20
15800.0
 10
10200.0
 20
15800.0
 10
10200.0
 20
14000.0
  0
TEXT
  5
2FB
330
17
100
AcDbEntity
  8
NESTED_RESULT
 62
     1
100
AcDbText
 10
10200.0
 20
15846.66666666666
 30
0.0
 40
50.0
  1
Sheet_46
 11
10200.0
 21
15830.0
 31
0.0
100
AcDbText
 73
     1
  0
LWPOLYLINE
  5
2FC
330
17
100
AcDbEntity
  8
NESTED_RESULT
100
AcDbPolyline
 90
        5
 70
     0
 43
0.0
 10
11857.35
 20
14000.0
 10
10200.0
 20
14000.0
 10
10200.0
 20
14584.20000000001
 10
11857.35
 20
14584.20000000001
 10
11857.35
 20
14000.0
  0
LWPOLYLINE
  5
2FD
330
17
100
AcDbEntity
  8
NESTED_RESULT
100
AcDbPolyline
 90
        9
 70
     0
 43
0.0
 10
10422.25
 20
14419.1
 10
10841.35
 20
14419.1
 10
10854.04999999999
 20
14406.39999999999
 10
10854.04999999999
 20
14139.70000000001
 10
10841.35
 20
14127.0
 10
10422.25
 20
14127.0
 10
10409.54999999999
 20
14139.70000000001
 10
10409.54999999999
 20
14406.39999999999
 10
10422.25
 20
14419.1
  0
LWPOLYLINE
  5
2FE
330
17
100
AcDbEntity
  8
NESTED_RESULT
100
AcDbPolyline
 90
        9
 70
     0
 43
0.0
 10
11222.35
 20
14419.1
 10
11641.44999999998
 20
14419.1
 10
11654.14999999999
 20
14406.39999999999
 10
11654.14999999999
 20
14139.70000000001
 10
11641.44999999998
 20
14127.0
 10
11222.35
 20
14127.0
 10
11209.64999999999
 20
14139.70000000001
 10
11209.64999999999
 20
14406.39999999999
 10
11222.35
 20
14419.1
  0
LWPOLYLINE
  5
2FF
330
17
100
AcDbEntity
  8
NESTED_RESULT
100
AcDbPolyline
 90
       64
 70
     0
 43
0.0
 10
10649.26249999998
 20
14487.36249999999
 10
10649.17572491479
 20
14489.10120352116
 10
10648.91626206905
 20
14490.8226270256
 10
10648.48669012103
 20
14492.50966223315
 10
10647.89127834976
 20
14494.14554262993
 10
10647.13594422495
 20
14495.71401010165
 10
10646.22819459648
 20
14497.19947651392
 10
10645.17705108795
 20
14498.58717863413
 10
10643.9929604358
 20
14499.86332485519
 10
10642.68769066495
 20
14501.01523226258
 10
10641.27421413274
 20
14502.031452683
 10
10639.76657860403
 20
14502.90188646136
 10
10638.17976763798
 20
14503.61788283568
 10
10636.52955167493
 20
14504.17232591234
 10
10634.83233130249
 20
14504.55970538695
 10
10633.10497425924
 20
14504.77617130827
 10
10631.3646477955
 20
14504.81957234067
 10
10629.62864805758
 20
14504.68947714524
 10
10627.91422819078
 20
14504.38717866645
 10
10626.23842686997
 20
14503.91568128243
 10
10624.61789896156
 20
14503.27967094598
 10
10623.06874999997
 20
14502.48546861357
 10
10621.60637612358
 20
14501.54096742481
 10
10620.24531106095
 20
14500.45555425683
 10
10618.99908168815
 20
14499.24001643332
 10
10617.88007359262
 20
14497.90643451529
 10
10616.89940797948
 20
14496.468062239
 10
10616.06683114424
 20
14494.93919479434
 10
10615.39061760952
 20
14493.33502675281
 10
10614.8774878892
 20
14491.67150105716
 10
10614.53254169703
 20
14489.96515057309
 10
10614.35920726321
 20
14488.23293377834
 10
10614.35920726321
 20
14486.49206622163
 10
10614.53254169703
 20
14484.75984942689
 10
10614.8774878892
 20
14483.05349894281
 10
10615.39061760952
 20
14481.38997324716
 10
10616.06683114424
 20
14479.78580520564
 10
10616.89940797948
 20
14478.25693776097
 10
10617.88007359262
 20
14476.81856548469
 10
10618.99908168815
 20
14475.48498356665
 10
10620.24531106095
 20
14474.26944574315
 10
10621.60637612358
 20
14473.18403257517
 10
10623.06874999997
 20
14472.23953138641
 10
10624.61789896156
 20
14471.445329054
 10
10626.23842686997
 20
14470.80931871754
 10
10627.91422819078
 20
14470.33782133352
 10
10629.62864805758
 20
14470.03552285474
 10
10631.3646477955
 20
14469.90542765931
 10
10633.10497425924
 20
14469.9488286917
 10
10634.83233130249
 20
14470.16529461301
 10
10636.52955167493
 20
14470.55267408764
 10
10638.17976763798
 20
14471.10711716429
 10
10639.76657860403
 20
14471.82311353861
 10
10641.27421413274
 20
14472.69354731697
 10
10642.68769066495
 20
14473.70976773739
 10
10643.9929604358
 20
14474.86167514478
 10
10645.17705108795
 20
14476.13782136584
 10
10646.22819459648
 20
14477.52552348605
 10
10647.13594422495
 20
14479.01098989832
 10
10647.89127834976
 20
14480.57945737004
 10
10648.48669012103
 20
14482.21533776683
 10
10648.91626206905
 20
14483.90237297438
 10
10649.17572491479
 20
14485.62379647881
 10
10649.26249999998
 20
14487.36249999999
  0
LWPOLYLINE
  5
300
330
17
100
AcDbEntity
  8
NESTED_RESULT
100
AcDbPolyline
 90
       64
 70
     0
 43
0.0
 10
11449.36249999999
 20
14487.36249999999
 10
11449.2757249148
 20
14489.10120352116
 10
11449.01626206905
 20
14490.8226270256
 10
11448.58669012104
 20
14492.50966223315
 10
11447.99127834977
 20
14494.14554262993
 10
11447.23594422496
 20
14495.71401010165
 10
11446.32819459648
 20
14497.19947651392
 10
11445.27705108796
 20
14498.58717863413
 10
11444.09296043581
 20
14499.86332485519
 10
11442.78769066496
 20
14501.01523226258
 10
11441.37421413275
 20
14502.031452683
 10
11439.86657860403
 20
14502.90188646136
 10
11438.27976763798
 20
14503.61788283568
 10
11436.62955167494
 20
14504.17232591234
 10
11434.93233130249
 20
14504.55970538695
 10
11433.20497425925
 20
14504.77617130827
 10
11431.46464779551
 20
14504.81957234067
 10
11429.72864805758
 20
14504.68947714524
 10
11428.01422819079
 20
14504.38717866645
 10
11426.33842686997
 20
14503.91568128243
 10
11424.71789896156
 20
14503.27967094598
 10
11423.16874999998
 20
14502.48546861357
 10
11421.70637612359
 20
14501.54096742481
 10
11420.34531106095
 20
14500.45555425683
 10
11419.09908168815
 20
14499.24001643332
 10
11417.98007359263
 20
14497.90643451529
 10
11416.99940797948
 20
14496.468062239
 10
11416.16683114424
 20
14494.93919479434
 10
11415.49061760952
 20
14493.33502675281
 10
11414.9774878892
 20
14491.67150105716
 10
11414.63254169703
 20
14489.96515057309
 10
11414.45920726322
 20
14488.23293377834
 10
11414.45920726322
 20
14486.49206622163
 10
11414.63254169703
 20
14484.75984942689
 10
11414.9774878892
 20
14483.05349894281
 10
11415.49061760952
 20
14481.38997324716
 10
11416.16683114424
 20
14479.78580520564
 10
11416.99940797948
 20
14478.25693776097
 10
11417.98007359263
 20
14476.81856548469
 10
11419.09908168815
 20
14475.48498356665
 10
11420.34531106095
 20
14474.26944574315
 10
11421.70637612359
 20
14473.18403257517
 10
11423.16874999998
 20
14472.23953138641
 10
11424.71789896156
 20
14471.445329054
 10
11426.33842686997
 20
14470.80931871754
 10
11428.01422819079
 20
14470.33782133352
 10
11429.72864805758
 20
14470.03552285474
 10
11431.46464779551
 20
14469.90542765931
 10
11433.20497425925
 20
14469.9488286917
 10
11434.93233130249
 20
14470.16529461301
 10
11436.62955167494
 20
14470.55267408764
 10
11438.27976763798
 20
14471.10711716429
 10
11439.86657860403
 20
14471.82311353861
 10
11441.37421413275
 20
14472.69354731697
 10
11442.78769066496
 20
14473.70976773739
 10
11444.09296043581
 20
14474.86167514478
 10
11445.27705108796
 20
14476.13782136584
 10
11446.32819459648
 20
14477.52552348605
 10
11447.23594422496
 20
14479.01098989832
 10
11447.99127834977
 20
14480.57945737004
 10
11448.58669012104
 20
14482.21533776683
 10
11449.01626206905
 20
14483.90237297438
 10
11449.2757249148
 20
14485.62379647881
 10
11449.36249999999
 20
14487.36249999999
  0
TEXT
  5
301
330
17
100
AcDbEntity
  8
NESTED_RESULT
100
AcDbText
 10
10851.84999999999
 20
14233.05
 30
0.0
 40
80.0
  1
508-D
 72
     1
 11
11031.84999999999
 21
14273.05
 31
0.0
100
AcDbText
 73
     2
  0
LWPOLYLINE
  5
302
330
17
100
AcDbEntity
  8
NESTED_RESULT
100
AcDbPolyline
 90
        5
 70
     0
 43
0.0
 10
11857.34977104692
 20
14000.0
 10
11857.3920902019
 20
14586.85973191701
 10
13117.86709020191
 20
14586.85973191701
 10
13117.8247710469
 20
14000.0
 10
11857.34977104692
 20
14000.0
  0
LWPOLYLINE
  5
303
330
17
100
AcDbEntity
  8
NESTED_RESULT
100
AcDbPolyline
 90
        9
 70
     0
 43
0.0
 10
11974.82499999992
 20
14419.1
 10
12393.9249999999
 20
14419.1
 10
12406.62499999991
 20
14406.39999999999
 10
12406.62499999991
 20
14139.70000000001
 10
12393.9249999999
 20
14127.0
 10
11974.82499999992
 20
14127.0
 10
11962.12499999991
 20
14139.70000000001
 10
11962.12499999991
 20
14406.39999999999
 10
11974.82499999992
 20
14419.1
  0
LWPOLYLINE
  5
304
330
17
100
AcDbEntity
  8
NESTED_RESULT
100
AcDbPolyline
 90
       64
 70
     0
 43
0.0
 10
12201.83749999991
 20
14487.36250000002
 10
12201.75072491471
 20
14489.10120352119
 10
12201.49126206897
 20
14490.82262702563
 10
12201.06169012096
 20
14492.50966223317
 10
12200.46627834969
 20
14494.14554262996
 10
12199.71094422487
 20
14495.71401010168
 10
12198.8031945964
 20
14497.19947651395
 10
12197.75205108788
 20
14498.58717863416
 10
12196.56796043573
 20
14499.86332485522
 10
12195.26269066488
 20
14501.01523226261
 10
12193.84921413267
 20
14502.03145268303
 10
12192.34157860395
 20
14502.90188646139
 10
12190.7547676379
 20
14503.61788283571
 10
12189.10455167485
 20
14504.17232591237
 10
12187.40733130241
 20
14504.55970538698
 10
12185.67997425917
 20
14504.7761713083
 10
12183.93964779542
 20
14504.81957234069
 10
12182.2036480575
 20
14504.68947714526
 10
12180.48922819071
 20
14504.38717866648
 10
12178.81342686989
 20
14503.91568128246
 10
12177.19289896148
 20
14503.27967094601
 10
12175.6437499999
 20
14502.48546861359
 10
12174.18137612351
 20
14501.54096742483
 10
12172.82031106087
 20
14500.45555425685
 10
12171.57408168807
 20
14499.24001643335
 10
12170.45507359254
 20
14497.90643451531
 10
12169.4744079794
 20
14496.46806223903
 10
12168.64183114416
 20
14494.93919479436
 10
12167.96561760944
 20
14493.33502675284
 10
12167.45248788912
 20
14491.67150105719
 10
12167.10754169695
 20
14489.96515057311
 10
12166.93420726314
 20
14488.23293377837
 10
12166.93420726314
 20
14486.49206622166
 10
12167.10754169695
 20
14484.75984942692
 10
12167.45248788912
 20
14483.05349894284
 10
12167.96561760944
 20
14481.38997324719
 10
12168.64183114416
 20
14479.78580520567
 10
12169.4744079794
 20
14478.256937761
 10
12170.45507359254
 20
14476.81856548471
 10
12171.57408168807
 20
14475.48498356668
 10
12172.82031106087
 20
14474.26944574318
 10
12174.18137612351
 20
14473.1840325752
 10
12175.6437499999
 20
14472.23953138644
 10
12177.19289896148
 20
14471.44532905402
 10
12178.81342686989
 20
14470.80931871757
 10
12180.48922819071
 20
14470.33782133355
 10
12182.2036480575
 20
14470.03552285477
 10
12183.93964779542
 20
14469.90542765933
 10
12185.67997425917
 20
14469.94882869173
 10
12187.40733130241
 20
14470.16529461305
 10
12189.10455167485
 20
14470.55267408767
 10
12190.7547676379
 20
14471.10711716433
 10
12192.34157860395
 20
14471.82311353864
 10
12193.84921413267
 20
14472.693547317
 10
12195.26269066488
 20
14473.70976773742
 10
12196.56796043573
 20
14474.86167514481
 10
12197.75205108788
 20
14476.13782136587
 10
12198.8031945964
 20
14477.52552348608
 10
12199.71094422487
 20
14479.01098989835
 10
12200.46627834969
 20
14480.57945737007
 10
12201.06169012096
 20
14482.21533776686
 10
12201.49126206897
 20
14483.90237297441
 10
12201.75072491471
 20
14485.62379647884
 10
12201.83749999991
 20
14487.36250000002
  0
TEXT
  5
305
330
17
100
AcDbEntity
  8
NESTED_RESULT
100
AcDbText
 10
12629.81586059396
 20
14253.73760944462
 30
0.0
 40
80.0
  1
504-E
 72
     1
 11
12809.81586059396
 21
14293.73760944463
 31
0.0
100
AcDbText
 73
     2
  0
LWPOLYLINE
  5
306
330
17
100
AcDbEntity
  8
NESTED_RESULT
100
AcDbPolyline
 90
        5
 70
     0
 43
0.0
 10
10200.0
 20
14584.20000000001
 10
10200.0
 20
15168.40000000002
 10
11457.2999999999
 20
15168.40000000002
 10
11457.2999999999
 20
14584.20000000001
 10
10200.0
 20
14584.20000000001
  0
LWPOLYLINE
  5
307
330
17
100
AcDbEntity
  8
NESTED_RESULT
100
AcDbPolyline
 90
        9
 70
     0
 43
0.0
 10
10320.64999999999
 20
15003.30000000001
 10
10739.74999999988
 20
15003.30000000001
 10
10752.4499999999
 20
14990.6
 10
10752.4499999999
 20
14723.90000000002
 10
10739.74999999988
 20
14711.20000000001
 10
10320.64999999999
 20
14711.20000000001
 10
10307.94999999989
 20
14723.90000000002
 10
10307.94999999989
 20
14990.6
 10
10320.64999999999
 20
15003.30000000001
  0
LWPOLYLINE
  5
308
330
17
100
AcDbEntity
  8
NESTED_RESULT
100
AcDbPolyline
 90
       64
 70
     0
 43
0.0
 10
10547.66249999989
 20
15071.5625
 10
10547.5757249147
 20
15073.30120352117
 10
10547.31626206895
 20
15075.02262702561
 10
10546.88669012094
 20
15076.70966223316
 10
10546.29127834967
 20
15078.34554262995
 10
10545.53594422486
 20
15079.91401010166
 10
10544.62819459638
 20
15081.39947651393
 10
10543.57705108786
 20
15082.78717863414
 10
10542.39296043571
 20
15084.0633248552
 10
10541.08769066486
 20
15085.21523226259
 10
10539.67421413265
 20
15086.23145268301
 10
10538.16657860394
 20
15087.10188646137
 10
10536.57976763788
 20
15087.81788283569
 10
10534.92955167484
 20
15088.37232591235
 10
10533.2323313024
 20
15088.75970538697
 10
10531.50497425915
 20
15088.97617130828
 10
10529.76464779541
 20
15089.01957234068
 10
10528.02864805749
 20
15088.88947714525
 10
10526.31422819069
 20
15088.58717866646
 10
10524.63842686987
 20
15088.11568128245
 10
10523.01789896146
 20
15087.47967094599
 10
10521.46874999988
 20
15086.68546861358
 10
10520.00637612349
 20
15085.74096742482
 10
10518.64531106085
 20
15084.65555425684
 10
10517.39908168805
 20
15083.44001643333
 10
10516.28007359253
 20
15082.1064345153
 10
10515.29940797938
 20
15080.66806223901
 10
10514.46683114415
 20
15079.13919479435
 10
10513.79061760942
 20
15077.53502675282
 10
10513.2774878891
 20
15075.87150105717
 10
10512.93254169693
 20
15074.1651505731
 10
10512.75920726312
 20
15072.43293377835
 10
10512.75920726312
 20
15070.69206622164
 10
10512.93254169693
 20
15068.9598494269
 10
10513.2774878891
 20
15067.25349894282
 10
10513.79061760942
 20
15065.58997324717
 10
10514.46683114415
 20
15063.98580520565
 10
10515.29940797938
 20
15062.45693776099
 10
10516.28007359253
 20
15061.0185654847
 10
10517.39908168805
 20
15059.68498356666
 10
10518.64531106085
 20
15058.46944574316
 10
10520.00637612349
 20
15057.38403257518
 10
10521.46874999988
 20
15056.43953138642
 10
10523.01789896146
 20
15055.64532905401
 10
10524.63842686987
 20
15055.00931871755
 10
10526.31422819069
 20
15054.53782133353
 10
10528.02864805749
 20
15054.23552285475
 10
10529.76464779541
 20
15054.10542765932
 10
10531.50497425915
 20
15054.14882869171
 10
10533.2323313024
 20
15054.36529461303
 10
10534.92955167484
 20
15054.75267408765
 10
10536.57976763788
 20
15055.30711716431
 10
10538.16657860394
 20
15056.02311353863
 10
10539.67421413265
 20
15056.89354731698
 10
10541.08769066486
 20
15057.90976773741
 10
10542.39296043571
 20
15059.06167514479
 10
10543.57705108786
 20
15060.33782136585
 10
10544.62819459638
 20
15061.72552348606
 10
10545.53594422486
 20
15063.21098989833
 10
10546.29127834967
 20
15064.77945737005
 10
10546.88669012094
 20
15066.41533776684
 10
10547.31626206895
 20
15068.10237297439
 10
10547.5757249147
 20
15069.82379647883
 10
10547.66249999989
 20
15071.5625
  0
TEXT
  5
309
330
17
100
AcDbEntity
  8
NESTED_RESULT
100
AcDbText
 10
10897.59294433587
 20
14835.99304199221
 30
0.0
 40
80.0
  1
420-D
 72
     1
 11
11077.59294433587
 21
14875.9930419922
 31
0.0
100
AcDbText
 73
     2
  0
LWPOLYLINE
  5
30A
330
17
100
AcDbEntity
  8
NESTED_RESULT
100
AcDbPolyline
 90
        5
 70
     0
 43
0.0
 10
11457.2999999999
 20
14586.85973191701
 10
11457.2999999999
 20
15171.05973191702
 10
12714.59999999978
 20
15171.05973191702
 10
12714.59999999978
 20
14586.85973191701
 10
11457.2999999999
 20
14586.85973191701
  0
LWPOLYLINE
  5
30B
330
17
100
AcDbEntity
  8
NESTED_RESULT
100
AcDbPolyline
 90
        9
 70
     0
 43
0.0
 10
11577.94999999979
 20
15005.95973191701
 10
11997.0499999998
 20
15005.95973191701
 10
12009.74999999979
 20
14993.25973191701
 10
12009.74999999979
 20
14726.55973191702
 10
11997.0499999998
 20
14713.859731917
 10
11577.94999999979
 20
14713.859731917
 10
11565.24999999979
 20
14726.55973191702
 10
11565.24999999979
 20
14993.25973191701
 10
11577.94999999979
 20
15005.95973191701
  0
LWPOLYLINE
  5
30C
330
17
100
AcDbEntity
  8
NESTED_RESULT
100
AcDbPolyline
 90
       64
 70
     0
 43
0.0
 10
11804.96249999979
 20
15074.22223191701
 10
11804.87572491461
 20
15075.96093543818
 10
11804.61626206885
 20
15077.68235894263
 10
11804.18669012084
 20
15079.36939415015
 10
11803.59127834958
 20
15081.00527454696
 10
11802.83594422477
 20
15082.57374201869
 10
11801.92819459629
 20
15084.05920843094
 10
11800.87705108776
 20
15085.44691055116
 10
11799.69296043562
 20
15086.72305677221
 10
11798.38769066475
 20
15087.8749641796
 10
11796.97421413256
 20
15088.89118460002
 10
11795.46657860382
 20
15089.76161837838
 10
11793.8797676378
 20
15090.47761475271
 10
11792.22955167474
 20
15091.03205782937
 10
11790.53233130231
 20
15091.41943730398
 10
11788.80497425905
 20
15091.63590322528
 10
11787.06464779532
 20
15091.6793042577
 10
11785.32864805739
 20
15091.54920906227
 10
11783.61422819057
 20
15091.24691058349
 10
11781.93842686977
 20
15090.77541319946
 10
11780.31789896138
 20
15090.139402863
 10
11778.7687499998
 20
15089.3452005306
 10
11777.30637612339
 20
15088.40069934183
 10
11775.94531106076
 20
15087.31528617383
 10
11774.69908168797
 20
15086.09974835033
 10
11773.58007359241
 20
15084.76616643232
 10
11772.5994079793
 20
15083.32779415602
 10
11771.76683114405
 20
15081.79892671134
 10
11771.09061760933
 20
15080.19475866984
 10
11770.57748788902
 20
15078.53123297417
 10
11770.23254169684
 20
15076.82488249011
 10
11770.05920726301
 20
15075.09266569537
 10
11770.05920726301
 20
15073.35179813865
 10
11770.23254169684
 20
15071.61958134391
 10
11770.57748788902
 20
15069.91323085985
 10
11771.09061760933
 20
15068.24970516418
 10
11771.76683114405
 20
15066.64553712267
 10
11772.5994079793
 20
15065.11666967799
 10
11773.58007359241
 20
15063.67829740169
 10
11774.69908168797
 20
15062.34471548369
 10
11775.94531106076
 20
15061.12917766019
 10
11777.30637612339
 20
15060.04376449219
 10
11778.7687499998
 20
15059.09926330342
 10
11780.31789896138
 20
15058.30506097102
 10
11781.93842686977
 20
15057.66905063456
 10
11783.61422819057
 20
15057.19755325053
 10
11785.32864805739
 20
15056.89525477174
 10
11787.06464779532
 20
15056.76515957631
 10
11788.80497425905
 20
15056.80856060874
 10
11790.53233130231
 20
15057.02502653004
 10
11792.22955167474
 20
15057.41240600464
 10
11793.8797676378
 20
15057.9668490813
 10
11795.46657860382
 20
15058.68284545564
 10
11796.97421413256
 20
15059.55327923399
 10
11798.38769066475
 20
15060.56949965442
 10
11799.69296043562
 20
15061.72140706181
 10
11800.87705108776
 20
15062.99755328285
 10
11801.92819459629
 20
15064.38525540307
 10
11802.83594422477
 20
15065.87072181532
 10
11803.59127834958
 20
15067.43918928706
 10
11804.18669012084
 20
15069.07506968387
 10
11804.61626206885
 20
15070.76210489138
 10
11804.87572491461
 20
15072.48352839584
 10
11804.96249999979
 20
15074.22223191701
  0
TEXT
  5
30D
330
17
100
AcDbEntity
  8
NESTED_RESULT
100
AcDbText
 10
12154.89294433576
 20
14838.6527739092
 30
0.0
 40
80.0
  1
520-D
 72
     1
 11
12334.89294433576
 21
14878.6527739092
 31
0.0
100
AcDbText
 73
     2
  0
LWPOLYLINE
  5
30E
330
17
100
AcDbEntity
  8
NESTED_RESULT
100
AcDbPolyline
 90
        5
 70
     0
 43
0.0
 10
11450.94999999999
 20
15168.40000000002
 10
10200.0
 20
15168.40000000002
 10
10200.0
 20
15752.60000000003
 10
11450.94999999999
 20
15752.60000000003
 10
11450.94999999999
 20
15168.40000000002
  0
LWPOLYLINE
  5
30F
330
17
100
AcDbEntity
  8
NESTED_RESULT
100
AcDbPolyline
 90
        9
 70
     0
 43
0.0
 10
10917.55
 20
15587.50000000003
 10
11336.64999999999
 20
15587.50000000003
 10
11349.35
 20
15574.80000000005
 10
11349.35
 20
15308.10000000004
 10
11336.64999999999
 20
15295.40000000002
 10
10917.55
 20
15295.40000000002
 10
10904.85
 20
15308.10000000004
 10
10904.85
 20
15574.80000000005
 10
10917.55
 20
15587.50000000003
  0
LWPOLYLINE
  5
310
330
17
100
AcDbEntity
  8
NESTED_RESULT
100
AcDbPolyline
 90
       64
 70
     0
 43
0.0
 10
11144.5625
 20
15655.76250000004
 10
11144.47572491482
 20
15657.50120352121
 10
11144.21626206906
 20
15659.22262702565
 10
11143.78669012105
 20
15660.9096622332
 10
11143.19127834979
 20
15662.54554262999
 10
11142.43594422498
 20
15664.11401010171
 10
11141.52819459649
 20
15665.59947651398
 10
11140.47705108797
 20
15666.98717863418
 10
11139.29296043583
 20
15668.26332485524
 10
11137.98769066496
 20
15669.41523226263
 10
11136.57421413276
 20
15670.43145268305
 10
11135.06657860403
 20
15671.30188646141
 10
11133.47976763801
 20
15672.01788283573
 10
11131.82955167495
 20
15672.57232591239
 10
11130.13233130252
 20
15672.95970538701
 10
11128.40497425926
 20
15673.17617130832
 10
11126.66464779553
 20
15673.21957234072
 10
11124.92864805759
 20
15673.08947714528
 10
11123.21422819079
 20
15672.7871786665
 10
11121.53842686998
 20
15672.31568128249
 10
11119.91789896159
 20
15671.67967094603
 10
11118.36875
 20
15670.88546861362
 10
11116.9063761236
 20
15669.94096742486
 10
11115.54531106097
 20
15668.85555425688
 10
11114.29908168818
 20
15667.64001643337
 10
11113.18007359262
 20
15666.30643451534
 10
11112.19940797951
 20
15664.86806223905
 10
11111.36683114426
 20
15663.33919479439
 10
11110.69061760953
 20
15661.73502675287
 10
11110.17748788923
 20
15660.07150105722
 10
11109.83254169705
 20
15658.36515057314
 10
11109.65920726322
 20
15656.63293377839
 10
11109.65920726322
 20
15654.89206622168
 10
11109.83254169705
 20
15653.15984942694
 10
11110.17748788923
 20
15651.45349894286
 10
11110.69061760953
 20
15649.78997324721
 10
11111.36683114426
 20
15648.18580520569
 10
11112.19940797951
 20
15646.65693776103
 10
11113.18007359262
 20
15645.21856548474
 10
11114.29908168818
 20
15643.8849835667
 10
11115.54531106097
 20
15642.6694457432
 10
11116.9063761236
 20
15641.58403257522
 10
11118.36875
 20
15640.63953138646
 10
11119.91789896159
 20
15639.84532905405
 10
11121.53842686998
 20
15639.20931871759
 10
11123.21422819079
 20
15638.73782133357
 10
11124.92864805759
 20
15638.43552285479
 10
11126.66464779553
 20
15638.30542765936
 10
11128.40497425926
 20
15638.34882869175
 10
11130.13233130252
 20
15638.56529461307
 10
11131.82955167495
 20
15638.95267408769
 10
11133.47976763801
 20
15639.50711716435
 10
11135.06657860403
 20
15640.22311353866
 10
11136.57421413276
 20
15641.09354731702
 10
11137.98769066496
 20
15642.10976773745
 10
11139.29296043583
 20
15643.26167514483
 10
11140.47705108797
 20
15644.5378213659
 10
11141.52819459649
 20
15645.9255234861
 10
11142.43594422498
 20
15647.41098989837
 10
11143.19127834979
 20
15648.97945737009
 10
11143.78669012105
 20
15650.61533776688
 10
11144.21626206906
 20
15652.30237297443
 10
11144.47572491482
 20
15654.02379647886
 10
11144.5625
 20
15655.76250000004
  0
TEXT
  5
311
330
17
100
AcDbEntity
  8
NESTED_RESULT
100
AcDbText
 10
10378.8540649414
 20
15420.19459228518
 30
0.0
 40
80.0
  1
406-E
 72
     1
 11
10558.8540649414
 21
15460.19459228518
 31
0.0
100
AcDbText
 73
     2
  0
LWPOLYLINE
  5
312
330
17
100
AcDbEntity
  8
NESTED_RESULT
100
AcDbPolyline
 90
        5
 70
     0
 43
0.0
 10
13298.79999999981
 20
14586.85973191701
 10
12714.5999999998
 20
14586.85973191701
 10
12714.5999999998
 20
15745.73473191712
 10
13298.79999999981
 20
15745.73473191712
 10
13298.79999999981
 20
14586.85973191701
  0
LWPOLYLINE
  5
313
330
17
100
AcDbEntity
  8
NESTED_RESULT
100
AcDbPolyline
 90
        9
 70
     0
 43
0.0
 10
12879.69999999981
 20
14707.50973191712
 10
12879.69999999981
 20
15126.60973191712
 10
12892.39999999982
 20
15139.3097319171
 10
13159.0999999998
 20
15139.3097319171
 10
13171.79999999981
 20
15126.60973191712
 10
13171.79999999981
 20
14707.50973191712
 10
13159.0999999998
 20
14694.8097319171
 10
12892.39999999982
 20
14694.8097319171
 10
12879.69999999981
 20
14707.50973191712
  0
LWPOLYLINE
  5
314
330
17
100
AcDbEntity
  8
NESTED_RESULT
100
AcDbPolyline
 90
       64
 70
     0
 43
0.0
 10
12811.43749999991
 20
14934.5222319171
 10
12809.69879647874
 20
14934.43545683191
 10
12807.9773729743
 20
14934.17599398616
 10
12806.29033776675
 20
14933.74642203815
 10
12804.65445736996
 20
14933.15101026688
 10
12803.08598989824
 20
14932.39567614207
 10
12801.60052348597
 20
14931.4879265136
 10
12800.21282136577
 20
14930.43678300507
 10
12798.9366751447
 20
14929.25269235292
 10
12797.78476773732
 20
14927.94742258207
 10
12796.76854731689
 20
14926.53394604986
 10
12795.89811353854
 20
14925.02631052115
 10
12795.18211716422
 20
14923.43949955509
 10
12794.62767408756
 20
14921.78928359205
 10
12794.24029461294
 20
14920.0920632196
 10
12794.02382869163
 20
14918.36470617636
 10
12793.98042765923
 20
14916.62437971262
 10
12794.11052285466
 20
14914.8883799747
 10
12794.41282133345
 20
14913.1739601079
 10
12794.88431871746
 20
14911.49815878708
 10
12795.52032905392
 20
14909.87763087867
 10
12796.31453138633
 20
14908.32848191709
 10
12797.25903257509
 20
14906.8661080407
 10
12798.34444574307
 20
14905.50504297807
 10
12799.55998356658
 20
14904.25881360526
 10
12800.89356548461
 20
14903.13980550974
 10
12802.3319377609
 20
14902.1591398966
 10
12803.86080520556
 20
14901.32656306136
 10
12805.46497324708
 20
14900.65034952663
 10
12807.12849894273
 20
14900.13721980632
 10
12808.83484942681
 20
14899.79227361415
 10
12810.56706622155
 20
14899.61893918033
 10
12812.30793377827
 20
14899.61893918033
 10
12814.04015057301
 20
14899.79227361415
 10
12815.74650105709
 20
14900.13721980632
 10
12817.41002675274
 20
14900.65034952663
 10
12819.01419479426
 20
14901.32656306136
 10
12820.54306223892
 20
14902.1591398966
 10
12821.98143451521
 20
14903.13980550974
 10
12823.31501643324
 20
14904.25881360526
 10
12824.53055425675
 20
14905.50504297807
 10
12825.61596742473
 20
14906.8661080407
 10
12826.56046861349
 20
14908.32848191709
 10
12827.3546709459
 20
14909.87763087867
 10
12827.99068128236
 20
14911.49815878708
 10
12828.46217866637
 20
14913.1739601079
 10
12828.76447714516
 20
14914.8883799747
 10
12828.89457234059
 20
14916.62437971262
 10
12828.85117130819
 20
14918.36470617636
 10
12828.63470538688
 20
14920.0920632196
 10
12828.24732591226
 20
14921.78928359205
 10
12827.6928828356
 20
14923.43949955509
 10
12826.97688646128
 20
14925.02631052115
 10
12826.10645268293
 20
14926.53394604986
 10
12825.0902322625
 20
14927.94742258207
 10
12823.93832485511
 20
14929.25269235292
 10
12822.66217863405
 20
14930.43678300507
 10
12821.27447651384
 20
14931.4879265136
 10
12819.78901010158
 20
14932.39567614207
 10
12818.22054262986
 20
14933.15101026688
 10
12816.58466223307
 20
14933.74642203815
 10
12814.89762702552
 20
14934.17599398616
 10
12813.17620352108
 20
14934.43545683191
 10
12811.43749999991
 20
14934.5222319171
  0
TEXT
  5
315
330
17
100
AcDbEntity
  8
NESTED_RESULT
100
AcDbText
 10
12833.36666666647
 20
15402.52223191711
 30
0.0
 40
80.0
  1
419-D
 72
     1
 11
13006.69999999981
 21
15442.52223191711
 31
0.0
100
AcDbText
 73
     2
  0
LWPOLYLINE
  5
316
330
17
100
AcDbEntity
  8
NESTED_RESULT
100
AcDbPolyline
 90
        5
 70
     0
 43
0.0
 10
11450.94999999999
 20
15171.05973191702
 10
12603.47499999999
 20
15171.05973191702
 10
12603.47499999999
 20
15758.43473191702
 10
11450.94999999999
 20
15758.43473191702
 10
11450.94999999999
 20
15171.05973191702
  0
LWPOLYLINE
  5
317
330
17
100
AcDbEntity
  8
NESTED_RESULT
100
AcDbPolyline
 90
        9
 70
     0
 43
0.0
 10
11568.425
 20
15590.15973191702
 10
11987.52499999989
 20
15590.15973191702
 10
12000.22499999999
 20
15577.45973191701
 10
12000.22499999999
 20
15310.759731917
 10
11987.52499999989
 20
15298.05973191702
 10
11568.425
 20
15298.05973191702
 10
11555.72499999989
 20
15310.759731917
 10
11555.72499999989
 20
15577.45973191701
 10
11568.425
 20
15590.15973191702
  0
LWPOLYLINE
  5
318
330
17
100
AcDbEntity
  8
NESTED_RESULT
100
AcDbPolyline
 90
       64
 70
     0
 43
0.0
 10
11795.43749999998
 20
15658.42223191701
 10
11795.35072491481
 20
15660.16093543818
 10
11795.09126206905
 20
15661.88235894261
 10
11794.66169012103
 20
15663.56939415017
 10
11794.06627834978
 20
15665.20527454695
 10
11793.31094422497
 20
15666.77374201868
 10
11792.40319459648
 20
15668.25920843094
 10
11791.35205108796
 20
15669.64691055115
 10
11790.16796043582
 20
15670.92305677221
 10
11788.86269066494
 20
15672.0749641796
 10
11787.44921413275
 20
15673.09118460002
 10
11785.94157860402
 20
15673.96161837838
 10
11784.35476763799
 20
15674.6776147527
 10
11782.70455167493
 20
15675.23205782936
 10
11781.0073313025
 20
15675.61943730397
 10
11779.27997425925
 20
15675.83590322529
 10
11777.53964779552
 20
15675.87930425768
 10
11775.80364805758
 20
15675.74920906225
 10
11774.08922819077
 20
15675.44691058347
 10
11772.41342686997
 20
15674.97541319945
 10
11770.79289896157
 20
15674.339402863
 10
11769.24374999999
 20
15673.54520053058
 10
11767.78137612359
 20
15672.60069934183
 10
11766.42031106095
 20
15671.51528617384
 10
11765.17408168816
 20
15670.29974835034
 10
11764.05507359261
 20
15668.9661664323
 10
11763.07440797949
 20
15667.52779415602
 10
11762.24183114424
 20
15665.99892671135
 10
11761.56561760952
 20
15664.39475866983
 10
11761.05248788921
 20
15662.73123297418
 10
11760.70754169703
 20
15661.0248824901
 10
11760.5342072632
 20
15659.29266569536
 10
11760.5342072632
 20
15657.55179813865
 10
11760.70754169703
 20
15655.81958134391
 10
11761.05248788921
 20
15654.11323085983
 10
11761.56561760952
 20
15652.44970516418
 10
11762.24183114424
 20
15650.84553712266
 10
11763.07440797949
 20
15649.31666967799
 10
11764.05507359261
 20
15647.87829740171
 10
11765.17408168816
 20
15646.54471548367
 10
11766.42031106095
 20
15645.32917766017
 10
11767.78137612359
 20
15644.24376449219
 10
11769.24374999999
 20
15643.29926330343
 10
11770.79289896157
 20
15642.50506097101
 10
11772.41342686997
 20
15641.86905063456
 10
11774.08922819077
 20
15641.39755325054
 10
11775.80364805758
 20
15641.09525477176
 10
11777.53964779552
 20
15640.96515957633
 10
11779.27997425925
 20
15641.00856060872
 10
11781.0073313025
 20
15641.22502653004
 10
11782.70455167493
 20
15641.61240600465
 10
11784.35476763799
 20
15642.16684908131
 10
11785.94157860402
 20
15642.88284545563
 10
11787.44921413275
 20
15643.75327923399
 10
11788.86269066494
 20
15644.76949965441
 10
11790.16796043582
 20
15645.9214070618
 10
11791.35205108796
 20
15647.19755328286
 10
11792.40319459648
 20
15648.58525540307
 10
11793.31094422497
 20
15650.07072181534
 10
11794.06627834978
 20
15651.63918928706
 10
11794.66169012103
 20
15653.27506968385
 10
11795.09126206905
 20
15654.9621048914
 10
11795.35072491481
 20
15656.68352839583
 10
11795.43749999998
 20
15658.42223191701
  0
TEXT
  5
319
330
17
100
AcDbEntity
  8
NESTED_RESULT
100
AcDbText
 10
12122.20538533528
 20
15425.02861009085
 30
0.0
 40
80.0
  1
523-D
 72
     1
 11
12308.87205200194
 21
15465.02861009084
 31
0.0
100
AcDbText
 73
     2
  0
LWPOLYLINE
  5
31A
330
17
100
AcDbEntity
  8
NESTED_RESULT
 62
     1
100
AcDbPolyline
 90
        5
 70
     0
 43
0.0
 10
13600.0
 20
14000.0
 10
16800.0
 20
14000.0
 10
16800.0
 20
15800.0
 10
13600.0
 20
15800.0
 10
13600.0
 20
14000.0
  0
TEXT
  5
31B
330
17
100
AcDbEntity
  8
NESTED_RESULT
 62
     1
100
AcDbText
 10
13600.0
 20
15846.66666666666
 30
0.0
 40
50.0
  1
Sheet_47
 11
13600.0
 21
15830.0
 31
0.0
100
AcDbText
 73
     1
  0
LWPOLYLINE
  5
31C
330
17
100
AcDbEntity
  8
NESTED_RESULT
100
AcDbPolyline
 90
        8
 70
     0
 43
0.0
 10
14257.225
 20
14255.58799999999
 10
16679.75
 20
14255.58799999999
 10
16679.75
 20
14903.288
 10
13600.0
 20
14903.288
 10
13600.0
 20
14000.0
 10
14247.70000000001
 20
14000.0
 10
14247.70000000001
 20
14246.06299999999
 10
14257.225
 20
14255.58799999999
  0
LWPOLYLINE
  5
31D
330
17
100
AcDbEntity
  8
NESTED_RESULT
100
AcDbPolyline
 90
        5
 70
     0
 43
0.0
 10
15260.525
 20
14363.538
 10
15260.525
 20
14757.23799999998
 10
15908.225
 20
14757.23799999998
 10
15908.225
 20
14363.538
 10
15260.525
 20
14363.538
  0
LWPOLYLINE
  5
31E
330
17
100
AcDbEntity
  8
NESTED_RESULT
100
AcDbPolyline
 90
       64
 70
     0
 43
0.0
 10
15601.8374999999
 20
14812.80049999998
 10
15601.75072491473
 20
14814.53920352115
 10
15601.49126206897
 20
14816.26062702559
 10
15601.06169012096
 20
14817.94766223314
 10
15600.4662783497
 20
14819.58354262993
 10
15599.71094422489
 20
14821.15201010165
 10
15598.8031945964
 20
14822.63747651392
 10
15597.75205108788
 20
14824.02517863412
 10
15596.56796043574
 20
14825.30132485519
 10
15595.26269066486
 20
14826.45323226257
 10
15593.84921413267
 20
14827.469452683
 10
15592.34157860394
 20
14828.33988646135
 10
15590.75476763792
 20
14829.05588283567
 10
15589.10455167485
 20
14829.61032591233
 10
15587.40733130243
 20
14829.99770538695
 10
15585.67997425917
 20
14830.21417130827
 10
15583.93964779544
 20
14830.25757234066
 10
15582.2036480575
 20
14830.12747714523
 10
15580.48922819069
 20
14829.82517866645
 10
15578.81342686989
 20
14829.35368128243
 10
15577.1928989615
 20
14828.71767094597
 10
15575.64374999992
 20
14827.92346861356
 10
15574.18137612351
 20
14826.9789674248
 10
15572.82031106087
 20
14825.89355425682
 10
15571.57408168808
 20
14824.67801643332
 10
15570.45507359253
 20
14823.34443451528
 10
15569.47440797942
 20
14821.906062239
 10
15568.64183114416
 20
14820.37719479433
 10
15567.96561760944
 20
14818.77302675281
 10
15567.45248788914
 20
14817.10950105716
 10
15567.10754169695
 20
14815.40315057308
 10
15566.93420726312
 20
14813.67093377834
 10
15566.93420726312
 20
14811.93006622163
 10
15567.10754169695
 20
14810.19784942688
 10
15567.45248788914
 20
14808.49149894281
 10
15567.96561760944
 20
14806.82797324715
 10
15568.64183114416
 20
14805.22380520563
 10
15569.47440797942
 20
14803.69493776097
 10
15570.45507359253
 20
14802.25656548468
 10
15571.57408168808
 20
14800.92298356665
 10
15572.82031106087
 20
14799.70744574314
 10
15574.18137612351
 20
14798.62203257516
 10
15575.64374999992
 20
14797.6775313864
 10
15577.1928989615
 20
14796.88332905399
 10
15578.81342686989
 20
14796.24731871753
 10
15580.48922819069
 20
14795.77582133352
 10
15582.2036480575
 20
14795.47352285473
 10
15583.93964779544
 20
14795.3434276593
 10
15585.67997425917
 20
14795.3868286917
 10
15587.40733130243
 20
14795.60329461301
 10
15589.10455167485
 20
14795.99067408763
 10
15590.75476763792
 20
14796.54511716429
 10
15592.34157860394
 20
14797.26111353861
 10
15593.84921413267
 20
14798.13154731697
 10
15595.26269066486
 20
14799.14776773739
 10
15596.56796043574
 20
14800.29967514478
 10
15597.75205108788
 20
14801.57582136584
 10
15598.8031945964
 20
14802.96352348605
 10
15599.71094422489
 20
14804.44898989831
 10
15600.4662783497
 20
14806.01745737003
 10
15601.06169012096
 20
14807.65333776682
 10
15601.49126206897
 20
14809.34037297437
 10
15601.75072491473
 20
14811.06179647881
 10
15601.8374999999
 20
14812.80049999998
  0
TEXT
  5
31F
330
17
100
AcDbEntity
  8
NESTED_RESULT
100
AcDbText
 10
13808.81582132975
 20
14481.00604528808
 30
0.0
 40
80.0
  1
519-A
 72
     1
 11
13982.14915466308
 21
14521.00604528808
 31
0.0
100
AcDbText
 73
     2
  0
LWPOLYLINE
  5
320
330
17
100
AcDbEntity
  8
NESTED_RESULT
100
AcDbPolyline
 90
        5
 70
     0
 43
0.0
 10
15811.388
 20
15554.163
 10
13600.0
 20
15554.163
 10
13600.0
 20
14903.288
 10
15811.388
 20
14903.288
 10
15811.388
 20
15554.163
  0
LWPOLYLINE
  5
321
330
17
100
AcDbEntity
  8
NESTED_RESULT
100
AcDbPolyline
 90
        5
 70
     0
 43
0.0
 10
15254.1750000001
 20
15446.21299999999
 10
15254.1750000001
 20
15052.51299999989
 10
14606.47500000009
 20
15052.51299999989
 10
14606.47500000009
 20
15446.21299999999
 10
15254.1750000001
 20
15446.21299999999
  0
LWPOLYLINE
  5
322
330
17
100
AcDbEntity
  8
NESTED_RESULT
100
AcDbPolyline
 90
       64
 70
     0
 43
0.0
 10
14912.8625000001
 20
14996.95049999989
 10
14912.94927508529
 20
14995.21179647872
 10
14913.20873793104
 20
14993.49037297428
 10
14913.63830987905
 20
14991.80333776673
 10
14914.23372165032
 20
14990.16745736994
 10
14914.98905577514
 20
14988.59898989822
 10
14915.89680540361
 20
14987.11352348595
 10
14916.94794891213
 20
14985.72582136575
 10
14918.13203956428
 20
14984.44967514468
 10
14919.43730933513
 20
14983.29776773729
 10
14920.85078586734
 20
14982.28154731687
 10
14922.35842139606
 20
14981.41111353851
 10
14923.9452323621
 20
14980.6951171642
 10
14925.59544832515
 20
14980.14067408754
 10
14927.2926686976
 20
14979.75329461292
 10
14929.02002574084
 20
14979.5368286916
 10
14930.76035220458
 20
14979.49342765921
 10
14932.49635194251
 20
14979.62352285464
 10
14934.2107718093
 20
14979.92582133342
 10
14935.88657313012
 20
14980.39731871744
 10
14937.50710103852
 20
14981.0333290539
 10
14939.05625000011
 20
14981.82753138631
 10
14940.5186238765
 20
14982.77203257507
 10
14941.87968893914
 20
14983.85744574305
 10
14943.12591831194
 20
14985.07298356655
 10
14944.24492640747
 20
14986.40656548459
 10
14945.22559202061
 20
14987.84493776088
 10
14946.05816885584
 20
14989.37380520554
 10
14946.73438239057
 20
14990.97797324706
 10
14947.24751211089
 20
14992.64149894271
 10
14947.59245830306
 20
14994.34784942679
 10
14947.76579273687
 20
14996.08006622153
 10
14947.76579273687
 20
14997.82093377825
 10
14947.59245830306
 20
14999.55315057299
 10
14947.24751211089
 20
15001.25950105706
 10
14946.73438239057
 20
15002.92302675271
 10
14946.05816885584
 20
15004.52719479424
 10
14945.22559202061
 20
15006.0560622389
 10
14944.24492640747
 20
15007.49443451518
 10
14943.12591831194
 20
15008.82801643322
 10
14941.87968893914
 20
15010.04355425673
 10
14940.5186238765
 20
15011.12896742471
 10
14939.05625000011
 20
15012.07346861346
 10
14937.50710103852
 20
15012.86767094588
 10
14935.88657313012
 20
15013.50368128234
 10
14934.2107718093
 20
15013.97517866635
 10
14932.49635194251
 20
15014.27747714513
 10
14930.76035220458
 20
15014.40757234057
 10
14929.02002574084
 20
15014.36417130817
 10
14927.2926686976
 20
15014.14770538686
 10
14925.59544832515
 20
15013.76032591224
 10
14923.9452323621
 20
15013.20588283558
 10
14922.35842139606
 20
15012.48988646126
 10
14920.85078586734
 20
15011.6194526829
 10
14919.43730933513
 20
15010.60323226248
 10
14918.13203956428
 20
15009.45132485509
 10
14916.94794891213
 20
15008.17517863403
 10
14915.89680540361
 20
15006.78747651383
 10
14914.98905577514
 20
15005.30201010155
 10
14914.23372165032
 20
15003.73354262984
 10
14913.63830987905
 20
15002.09766223304
 10
14913.20873793104
 20
15000.4106270255
 10
14912.94927508529
 20
14998.68920352106
 10
14912.8625000001
 20
14996.95049999989
  0
TEXT
  5
323
330
17
100
AcDbEntity
  8
NESTED_RESULT
100
AcDbText
 10
13827.69863850912
 20
15188.45555517578
 30
0.0
 40
80.0
  1
423-B
 72
     1
 11
14014.36530517578
 21
15228.45555517578
 31
0.0
100
AcDbText
 73
     2
  0
LWPOLYLINE
  5
324
330
17
100
AcDbEntity
  8
NESTED_RESULT
100
AcDbPolyline
 90
        5
 70
     0
 43
0.0
 10
15811.388
 20
14903.288
 10
15811.388
 20
15733.55100000001
 10
16462.26300000001
 20
15733.55100000001
 10
16462.26300000001
 20
14903.288
 10
15811.388
 20
14903.288
  0
TEXT
  5
325
330
17
100
AcDbEntity
  8
NESTED_RESULT
100
AcDbText
 10
15950.15883333334
 20
15278.4195
 30
0.0
 40
80.0
  1
522-A
 72
     1
 11
16136.8255
 21
15318.4195
 31
0.0
100
AcDbText
 73
     2
  0
LWPOLYLINE
  5
326
330
17
100
AcDbEntity
  8
NESTED_RESULT
 62
     1
100
AcDbPolyline
 90
        5
 70
     0
 43
0.0
 10
17000.0
 20
14000.0
 10
20200.0
 20
14000.0
 10
20200.0
 20
15800.0
 10
17000.0
 20
15800.0
 10
17000.0
 20
14000.0
  0
TEXT
  5
327
330
17
100
AcDbEntity
  8
NESTED_RESULT
 62
     1
100
AcDbText
 10
17000.0
 20
15846.66666666666
 30
0.0
 40
50.0
  1
Sheet_48
 11
17000.0
 21
15830.0
 31
0.0
100
AcDbText
 73
     1
  0
LWPOLYLINE
  5
328
330
17
100
AcDbEntity
  8
NESTED_RESULT
100
AcDbPolyline
 90
        8
 70
     0
 43
0.0
 10
17657.22499999998
 20
14257.17499999999
 10
20041.64999999999
 20
14257.17499999999
 10
20041.64999999999
 20
14904.875
 10
17000.0
 20
14904.875
 10
17000.0
 20
14000.0
 10
17647.69999999998
 20
14000.0
 10
17647.69999999998
 20
14247.64999999999
 10
17657.22499999998
 20
14257.17499999999
  0
LWPOLYLINE
  5
329
330
17
100
AcDbEntity
  8
NESTED_RESULT
100
AcDbPolyline
 90
        5
 70
     0
 43
0.0
 10
18663.69999999998
 20
14365.125
 10
18663.69999999998
 20
14758.82500000001
 10
19311.39999999999
 20
14758.82500000001
 10
19311.39999999999
 20
14365.125
 10
18663.69999999998
 20
14365.125
  0
LWPOLYLINE
  5
32A
330
17
100
AcDbEntity
  8
NESTED_RESULT
100
AcDbPolyline
 90
       64
 70
     0
 43
0.0
 10
19005.01249999998
 20
14814.38750000001
 10
19004.92572491479
 20
14816.12620352118
 10
19004.66626206904
 20
14817.84762702562
 10
19004.23669012103
 20
14819.53466223317
 10
19003.64127834976
 20
14821.17054262996
 10
19002.88594422495
 20
14822.73901010168
 10
19001.97819459648
 20
14824.22447651394
 10
19000.92705108796
 20
14825.61217863415
 10
18999.7429604358
 20
14826.88832485521
 10
18998.43769066496
 20
14828.0402322626
 10
18997.02421413275
 20
14829.05645268303
 10
18995.51657860403
 20
14829.92688646138
 10
18993.92976763798
 20
14830.6428828357
 10
18992.27955167493
 20
14831.19732591236
 10
18990.58233130249
 20
14831.58470538698
 10
18988.85497425924
 20
14831.80117130829
 10
18987.1146477955
 20
14831.84457234069
 10
18985.37864805758
 20
14831.71447714526
 10
18983.66422819078
 20
14831.41217866647
 10
18981.98842686997
 20
14830.94068128246
 10
18980.36789896156
 20
14830.304670946
 10
18978.81874999997
 20
14829.51046861359
 10
18977.35637612358
 20
14828.56596742483
 10
18975.99531106095
 20
14827.48055425685
 10
18974.74908168815
 20
14826.26501643334
 10
18973.63007359262
 20
14824.93143451531
 10
18972.64940797948
 20
14823.49306223902
 10
18971.81683114424
 20
14821.96419479436
 10
18971.14061760952
 20
14820.36002675283
 10
18970.6274878892
 20
14818.69650105719
 10
18970.28254169703
 20
14816.99015057311
 10
18970.10920726321
 20
14815.25793377837
 10
18970.10920726321
 20
14813.51706622165
 10
18970.28254169703
 20
14811.78484942691
 10
18970.6274878892
 20
14810.07849894283
 10
18971.14061760952
 20
14808.41497324718
 10
18971.81683114424
 20
14806.81080520566
 10
18972.64940797948
 20
14805.281937761
 10
18973.63007359262
 20
14803.84356548471
 10
18974.74908168815
 20
14802.50998356667
 10
18975.99531106095
 20
14801.29444574317
 10
18977.35637612358
 20
14800.20903257519
 10
18978.81874999997
 20
14799.26453138643
 10
18980.36789896156
 20
14798.47032905402
 10
18981.98842686997
 20
14797.83431871756
 10
18983.66422819078
 20
14797.36282133355
 10
18985.37864805758
 20
14797.06052285476
 10
18987.1146477955
 20
14796.93042765933
 10
18988.85497425924
 20
14796.97382869173
 10
18990.58233130249
 20
14797.19029461304
 10
18992.27955167493
 20
14797.57767408766
 10
18993.92976763798
 20
14798.13211716432
 10
18995.51657860403
 20
14798.84811353864
 10
18997.02421413275
 20
14799.718547317
 10
18998.43769066496
 20
14800.73476773742
 10
18999.7429604358
 20
14801.88667514481
 10
19000.92705108796
 20
14803.16282136587
 10
19001.97819459648
 20
14804.55052348608
 10
19002.88594422495
 20
14806.03598989834
 10
19003.64127834976
 20
14807.60445737006
 10
19004.23669012103
 20
14809.24033776685
 10
19004.66626206904
 20
14810.9273729744
 10
19004.92572491479
 20
14812.64879647884
 10
19005.01249999998
 20
14814.38750000001
  0
TEXT
  5
32B
330
17
100
AcDbEntity
  8
NESTED_RESULT
100
AcDbText
 10
17208.91504007975
 20
14482.79793395996
 30
0.0
 40
80.0
  1
419-A
 72
     1
 11
17382.24837341308
 21
14522.79793395996
 31
0.0
100
AcDbText
 73
     2
  0
LWPOLYLINE
  5
32C
330
17
100
AcDbEntity
  8
NESTED_RESULT
100
AcDbPolyline
 90
        5
 70
     0
 43
0.0
 10
17000.0
 20
15552.5750000001
 10
19208.212
 20
15552.5750000001
 10
19208.212
 20
14904.875
 10
17000.0
 20
14904.875
 10
17000.0
 20
15552.5750000001
  0
LWPOLYLINE
  5
32D
330
17
100
AcDbEntity
  8
NESTED_RESULT
100
AcDbPolyline
 90
        5
 70
     0
 43
0.0
 10
18206.49949999998
 20
15444.62500000008
 10
18206.49949999998
 20
15050.92499999999
 10
17558.79949999999
 20
15050.92499999999
 10
17558.79949999999
 20
15444.62500000008
 10
18206.49949999998
 20
15444.62500000008
  0
LWPOLYLINE
  5
32E
330
17
100
AcDbEntity
  8
NESTED_RESULT
100
AcDbPolyline
 90
       64
 70
     0
 43
0.0
 10
17865.187
 20
14995.36249999999
 10
17865.27377508519
 20
14993.62379647881
 10
17865.53323793094
 20
14991.90237297438
 10
17865.96280987895
 20
14990.21533776683
 10
17866.55822165022
 20
14988.57945737004
 10
17867.31355577503
 20
14987.01098989832
 10
17868.22130540351
 20
14985.52552348605
 10
17869.27244891203
 20
14984.13782136584
 10
17870.45653956418
 20
14982.86167514478
 10
17871.76180933503
 20
14981.70976773739
 10
17873.17528586724
 20
14980.69354731697
 10
17874.68292139596
 20
14979.82311353861
 10
17876.26973236201
 20
14979.10711716429
 10
17877.91994832505
 20
14978.55267408764
 10
17879.6171686975
 20
14978.16529461302
 10
17881.34452574074
 20
14977.9488286917
 10
17883.08485220448
 20
14977.90542765931
 10
17884.82085194241
 20
14978.03552285474
 10
17886.5352718092
 20
14978.33782133352
 10
17888.21107313002
 20
14978.80931871754
 10
17889.83160103843
 20
14979.445329054
 10
17891.38075000001
 20
14980.23953138641
 10
17892.8431238764
 20
14981.18403257517
 10
17894.20418893904
 20
14982.26944574315
 10
17895.45041831184
 20
14983.48498356665
 10
17896.56942640737
 20
14984.81856548469
 10
17897.55009202051
 20
14986.25693776098
 10
17898.38266885574
 20
14987.78580520564
 10
17899.05888239047
 20
14989.38997324716
 10
17899.57201211079
 20
14991.05349894281
 10
17899.91695830296
 20
14992.75984942689
 10
17900.09029273677
 20
14994.49206622163
 10
17900.09029273677
 20
14996.23293377834
 10
17899.91695830296
 20
14997.96515057309
 10
17899.57201211079
 20
14999.67150105716
 10
17899.05888239047
 20
15001.33502675281
 10
17898.38266885574
 20
15002.93919479434
 10
17897.55009202051
 20
15004.468062239
 10
17896.56942640737
 20
15005.90643451529
 10
17895.45041831184
 20
15007.24001643332
 10
17894.20418893904
 20
15008.45555425683
 10
17892.8431238764
 20
15009.5409674248
 10
17891.38075000001
 20
15010.48546861357
 10
17889.83160103843
 20
15011.27967094598
 10
17888.21107313002
 20
15011.91568128243
 10
17886.5352718092
 20
15012.38717866645
 10
17884.82085194241
 20
15012.68947714524
 10
17883.08485220448
 20
15012.81957234067
 10
17881.34452574074
 20
15012.77617130827
 10
17879.6171686975
 20
15012.55970538695
 10
17877.91994832505
 20
15012.17232591234
 10
17876.26973236201
 20
15011.61788283568
 10
17874.68292139596
 20
15010.90188646136
 10
17873.17528586724
 20
15010.031452683
 10
17871.76180933503
 20
15009.01523226258
 10
17870.45653956418
 20
15007.86332485519
 10
17869.27244891203
 20
15006.58717863413
 10
17868.22130540351
 20
15005.19947651392
 10
17867.31355577503
 20
15003.71401010165
 10
17866.55822165022
 20
15002.14554262993
 10
17865.96280987895
 20
15000.50966223315
 10
17865.53323793094
 20
14998.8226270256
 10
17865.27377508519
 20
14997.10120352116
 10
17865.187
 20
14995.36249999999
  0
TEXT
  5
32F
330
17
100
AcDbEntity
  8
NESTED_RESULT
100
AcDbText
 10
18716.7289930013
 20
15188.45544287114
 30
0.0
 40
80.0
  1
501-A
 72
     1
 11
18883.39565966797
 21
15228.45544287114
 31
0.0
100
AcDbText
 73
     2
  0
LWPOLYLINE
  5
330
330
17
100
AcDbEntity
  8
NESTED_RESULT
 62
     1
100
AcDbPolyline
 90
        5
 70
     0
 43
0.0
 10
0.0
 20
16000.0
 10
3200.0
 20
16000.0
 10
3200.0
 20
17800.0
 10
0.0
 20
17800.0
 10
0.0
 20
16000.0
  0
TEXT
  5
331
330
17
100
AcDbEntity
  8
NESTED_RESULT
 62
     1
100
AcDbText
 10
0.000000000000001
 20
17846.66666666667
 30
0.0
 40
50.0
  1
Sheet_49
 11
0.0
 21
17830.0
 31
0.0
100
AcDbText
 73
     1
  0
LWPOLYLINE
  5
332
330
17
100
AcDbEntity
  8
NESTED_RESULT
100
AcDbPolyline
 90
        5
 70
     0
 43
0.0
 10
1919.288
 20
16000.0
 10
0.0
 20
16000.0
 10
0.0
 20
16647.69999999998
 10
1919.288
 20
16647.69999999998
 10
1919.288
 20
16000.0
  0
LWPOLYLINE
  5
333
330
17
100
AcDbEntity
  8
NESTED_RESULT
100
AcDbPolyline
 90
        5
 70
     0
 43
0.0
 10
1207.675500000012
 20
16501.64999999999
 10
1207.675500000012
 20
16107.94999999998
 10
559.9755000000006
 20
16107.94999999998
 10
559.9755000000006
 20
16501.64999999999
 10
1207.675500000012
 20
16501.64999999999
  0
LWPOLYLINE
  5
334
330
17
100
AcDbEntity
  8
NESTED_RESULT
100
AcDbPolyline
 90
       64
 70
     0
 43
0.0
 10
901.2880000000004
 20
16557.21249999999
 10
901.2012249148101
 20
16558.95120352117
 10
900.9417620690655
 20
16560.6726270256
 10
900.5121901210513
 20
16562.35966223315
 10
899.9167783497833
 20
16563.99554262994
 10
899.1614442249703
 20
16565.56401010166
 10
898.2536945964964
 20
16567.04947651393
 10
897.2025510879758
 20
16568.43717863413
 10
896.0184604358218
 20
16569.7133248552
 10
894.7131906649739
 20
16570.86523226258
 10
893.2997141327652
 20
16571.88145268301
 10
891.7920786040486
 20
16572.75188646137
 10
890.2052676379973
 20
16573.46788283568
 10
888.55505167495
 20
16574.02232591234
 10
886.8578313025064
 20
16574.40970538696
 10
885.1304742592619
 20
16574.62617130828
 10
883.3901477955222
 20
16574.66957234067
 10
881.6541480575978
 20
16574.53947714524
 10
879.9397281908023
 20
16574.23717866646
 10
878.2639268699858
 20
16573.76568128244
 10
876.6433989615762
 20
16573.12967094599
 10
875.0942499999947
 20
16572.33546861356
 10
873.6318761236033
 20
16571.39096742481
 10
872.2708110609673
 20
16570.30555425683
 10
871.0245816881652
 20
16569.09001643333
 10
869.9055735926377
 20
16567.75643451529
 10
868.9249079794972
 20
16566.318062239
 10
868.0923311442603
 20
16564.78919479434
 10
867.4161176095367
 20
16563.18502675282
 10
866.9029878892178
 20
16561.52150105716
 10
866.5580416970479
 20
16559.81515057309
 10
866.3847072632343
 20
16558.08293377835
 10
866.3847072632343
 20
16556.34206622164
 10
866.5580416970479
 20
16554.60984942689
 10
866.9029878892178
 20
16552.90349894282
 10
867.4161176095367
 20
16551.23997324717
 10
868.0923311442603
 20
16549.63580520564
 10
868.9249079794972
 20
16548.10693776098
 10
869.9055735926377
 20
16546.66856548469
 10
871.0245816881652
 20
16545.33498356666
 10
872.2708110609673
 20
16544.11944574315
 10
873.6318761236033
 20
16543.03403257517
 10
875.0942499999947
 20
16542.08953138641
 10
876.6433989615762
 20
16541.295329054
 10
878.2639268699858
 20
16540.65931871754
 10
879.9397281908023
 20
16540.18782133353
 10
881.6541480575978
 20
16539.88552285474
 10
883.3901477955222
 20
16539.75542765931
 10
885.1304742592619
 20
16539.79882869171
 10
886.8578313025064
 20
16540.01529461302
 10
888.55505167495
 20
16540.40267408764
 10
890.2052676379973
 20
16540.9571171643
 10
891.7920786040486
 20
16541.67311353862
 10
893.2997141327652
 20
16542.54354731698
 10
894.7131906649739
 20
16543.5597677374
 10
896.0184604358218
 20
16544.71167514479
 10
897.2025510879758
 20
16545.98782136585
 10
898.2536945964964
 20
16547.37552348606
 10
899.1614442249703
 20
16548.86098989833
 10
899.9167783497833
 20
16550.42945737004
 10
900.5121901210513
 20
16552.06533776683
 10
900.9417620690655
 20
16553.75237297438
 10
901.2012249148101
 20
16555.47379647882
 10
901.2880000000004
 20
16557.21249999999
  0
TEXT
  5
335
330
17
100
AcDbEntity
  8
NESTED_RESULT
100
AcDbText
 10
1363.362222330729
 20
16283.61571191405
 30
0.0
 40
80.0
  1
521-B
 72
     1
 11
1536.695555664063
 21
16323.61571191405
 31
0.0
100
AcDbText
 73
     2
  0
LWPOLYLINE
  5
336
330
17
100
AcDbEntity
  8
NESTED_RESULT
100
AcDbPolyline
 90
        5
 70
     0
 43
0.0
 10
1917.699999999982
 20
16647.69999999998
 10
0.0
 20
16647.69999999998
 10
0.0
 20
17295.40000000008
 10
1917.699999999982
 20
17295.40000000008
 10
1917.699999999982
 20
16647.69999999998
  0
LWPOLYLINE
  5
337
330
17
100
AcDbEntity
  8
NESTED_RESULT
100
AcDbPolyline
 90
        5
 70
     0
 43
0.0
 10
1358.899999999994
 20
16755.64999999999
 10
711.1999999999824
 20
16755.64999999999
 10
711.1999999999824
 20
17149.35000000009
 10
1358.899999999994
 20
17149.35000000009
 10
1358.899999999994
 20
16755.64999999999
  0
LWPOLYLINE
  5
338
330
17
100
AcDbEntity
  8
NESTED_RESULT
100
AcDbPolyline
 90
       64
 70
     0
 43
0.0
 10
1052.512499999982
 20
17204.91250000009
 10
1052.425724914792
 20
17206.65120352126
 10
1052.166262069047
 20
17208.37262702572
 10
1051.736690121034
 20
17210.05966223324
 10
1051.141278349765
 20
17211.69554263004
 10
1050.385944224952
 20
17213.26401010177
 10
1049.478194596479
 20
17214.74947651403
 10
1048.427051087958
 20
17216.13717863425
 10
1047.242960435804
 20
17217.41332485529
 10
1045.937690664956
 20
17218.56523226268
 10
1044.524214132747
 20
17219.58145268311
 10
1043.016578604031
 20
17220.45188646147
 10
1041.429767637979
 20
17221.1678828358
 10
1039.779551674932
 20
17221.72232591246
 10
1038.082331302488
 20
17222.10970538706
 10
1036.354974259244
 20
17222.32617130836
 10
1034.614647795504
 20
17222.36957234079
 10
1032.87864805758
 20
17222.23947714535
 10
1031.164228190784
 20
17221.93717866657
 10
1029.488426869968
 20
17221.46568128254
 10
1027.867898961558
 20
17220.82967094608
 10
1026.318749999977
 20
17220.03546861368
 10
1024.856376123586
 20
17219.09096742491
 10
1023.495311060949
 20
17218.00555425692
 10
1022.249081688147
 20
17216.79001643341
 10
1021.130073592619
 20
17215.4564345154
 10
1020.149407979479
 20
17214.0180622391
 10
1019.316831144242
 20
17212.48919479442
 10
1018.640617609519
 20
17210.88502675292
 10
1018.1274878892
 20
17209.22150105725
 10
1017.78254169703
 20
17207.51515057319
 10
1017.609207263216
 20
17205.78293377845
 10
1017.609207263216
 20
17204.04206622173
 10
1017.78254169703
 20
17202.30984942699
 10
1018.1274878892
 20
17200.60349894293
 10
1018.640617609519
 20
17198.93997324726
 10
1019.316831144242
 20
17197.33580520576
 10
1020.149407979479
 20
17195.80693776108
 10
1021.130073592619
 20
17194.36856548478
 10
1022.249081688147
 20
17193.03498356677
 10
1023.495311060949
 20
17191.81944574327
 10
1024.856376123586
 20
17190.73403257527
 10
1026.318749999977
 20
17189.7895313865
 10
1027.867898961558
 20
17188.9953290541
 10
1029.488426869968
 20
17188.35931871764
 10
1031.164228190784
 20
17187.88782133361
 10
1032.87864805758
 20
17187.58552285483
 10
1034.614647795504
 20
17187.4554276594
 10
1036.354974259244
 20
17187.49882869182
 10
1038.082331302488
 20
17187.71529461312
 10
1039.779551674932
 20
17188.10267408773
 10
1041.429767637979
 20
17188.65711716439
 10
1043.016578604031
 20
17189.37311353871
 10
1044.524214132747
 20
17190.24354731707
 10
1045.937690664956
 20
17191.2597677375
 10
1047.242960435804
 20
17192.41167514489
 10
1048.427051087958
 20
17193.68782136593
 10
1049.478194596479
 20
17195.07552348615
 10
1050.385944224952
 20
17196.56098989841
 10
1051.141278349765
 20
17198.12945737014
 10
1051.736690121034
 20
17199.76533776695
 10
1052.166262069047
 20
17201.45237297447
 10
1052.425724914792
 20
17203.17379647892
 10
1052.512499999982
 20
17204.91250000009
  0
TEXT
  5
339
330
17
100
AcDbEntity
  8
NESTED_RESULT
100
AcDbText
 10
169.0345092773406
 20
16931.31590576175
 30
0.0
 40
80.0
  1
503-A
 72
     1
 11
349.0345092773406
 21
16971.31590576175
 31
0.0
100
AcDbText
 73
     2
  0
LWPOLYLINE
  5
33A
330
17
100
AcDbEntity
  8
NESTED_RESULT
100
AcDbPolyline
 90
        5
 70
     0
 43
0.0
 10
2503.488000000012
 20
16000.0
 10
2503.488000000012
 20
17676.39999999999
 10
3087.688000000024
 20
17676.39999999999
 10
3087.688000000024
 20
16000.0
 10
2503.488000000012
 20
16000.0
  0
LWPOLYLINE
  5
33B
330
17
100
AcDbEntity
  8
NESTED_RESULT
100
AcDbPolyline
 90
        9
 70
     0
 43
0.0
 10
2668.588000000018
 20
17028.7
 10
2668.588000000018
 20
17447.79999999999
 10
2681.28800000003
 20
17460.5
 10
2947.988000000012
 20
17460.5
 10
2960.688000000024
 20
17447.79999999999
 10
2960.688000000024
 20
17028.7
 10
2947.988000000012
 20
17016.0
 10
2681.28800000003
 20
17016.0
 10
2668.588000000018
 20
17028.7
  0
LWPOLYLINE
  5
33C
330
17
100
AcDbEntity
  8
NESTED_RESULT
100
AcDbPolyline
 90
        9
 70
     0
 43
0.0
 10
2668.588000000018
 20
16228.6
 10
2668.588000000018
 20
16647.70000000001
 10
2681.28800000003
 20
16660.39999999999
 10
2947.988000000012
 20
16660.39999999999
 10
2960.688000000024
 20
16647.70000000001
 10
2960.688000000024
 20
16228.6
 10
2947.988000000012
 20
16215.89999999999
 10
2681.28800000003
 20
16215.89999999999
 10
2668.588000000018
 20
16228.6
  0
LWPOLYLINE
  5
33D
330
17
100
AcDbEntity
  8
NESTED_RESULT
100
AcDbPolyline
 90
       64
 70
     0
 43
0.0
 10
2600.325500000036
 20
16455.61249999999
 10
2598.586796478863
 20
16455.5257249148
 10
2596.865372974426
 20
16455.26626206905
 10
2595.178337766876
 20
16454.83669012104
 10
2593.542457370088
 20
16454.24127834977
 10
2591.973989898368
 20
16453.48594422499
 10
2590.488523486099
 20
16452.57819459648
 10
2589.100821365893
 20
16451.52705108796
 10
2587.824675144832
 20
16450.34296043584
 10
2586.672767737444
 20
16449.03769066493
 10
2585.65654731702
 20
16447.62421413275
 10
2584.786113538663
 20
16446.11657860403
 10
2584.070117164345
 20
16444.52976763801
 10
2583.515674087685
 20
16442.87955167493
 10
2583.128294613067
 20
16441.18233130249
 10
2582.911828691751
 20
16439.45497425925
 10
2582.868427659356
 20
16437.71464779554
 10
2582.998522854789
 20
16435.97864805759
 10
2583.300821333571
 20
16434.26422819076
 10
2583.772318717587
 20
16432.58842686997
 10
2584.408329054044
 20
16430.96789896156
 10
2585.202531386459
 20
16429.41875000001
 10
2586.147032575216
 20
16427.95637612359
 10
2587.232445743197
 20
16426.59531106095
 10
2588.447983566701
 20
16425.34908168815
 10
2589.781565484737
 20
16424.23007359262
 10
2591.219937761023
 20
16423.24940797948
 10
2592.748805205687
 20
16422.41683114425
 10
2594.352973247209
 20
16421.74061760952
 10
2596.01649894286
 20
16421.22748788923
 10
2597.722849426937
 20
16420.88254169703
 10
2599.455066221679
 20
16420.70920726319
 10
2601.195933778392
 20
16420.70920726319
 10
2602.928150573134
 20
16420.88254169703
 10
2604.634501057212
 20
16421.22748788923
 10
2606.298026752862
 20
16421.74061760952
 10
2607.902194794384
 20
16422.41683114425
 10
2609.431062239048
 20
16423.24940797948
 10
2610.869434515335
 20
16424.23007359262
 10
2612.20301643337
 20
16425.34908168815
 10
2613.418554256874
 20
16426.59531106095
 10
2614.503967424855
 20
16427.95637612359
 10
2615.448468613613
 20
16429.41875000001
 10
2616.242670946027
 20
16430.96789896156
 10
2616.878681282484
 20
16432.58842686997
 10
2617.3501786665
 20
16434.26422819076
 10
2617.652477145283
 20
16435.97864805759
 10
2617.782572340715
 20
16437.71464779554
 10
2617.73917130832
 20
16439.45497425925
 10
2617.522705387004
 20
16441.18233130249
 10
2617.135325912386
 20
16442.87955167493
 10
2616.580882835726
 20
16444.52976763801
 10
2615.864886461408
 20
16446.11657860403
 10
2614.994452683051
 20
16447.62421413275
 10
2613.978232262627
 20
16449.03769066493
 10
2612.82632485524
 20
16450.34296043584
 10
2611.550178634177
 20
16451.52705108796
 10
2610.162476513972
 20
16452.57819459648
 10
2608.677010101703
 20
16453.48594422499
 10
2607.108542629984
 20
16454.24127834977
 10
2605.472662233195
 20
16454.83669012104
 10
2603.785627025645
 20
16455.26626206905
 10
2602.064203521208
 20
16455.5257249148
 10
2600.325500000036
 20
16455.61249999999
  0
LWPOLYLINE
  5
33E
330
17
100
AcDbEntity
  8
NESTED_RESULT
100
AcDbPolyline
 90
       64
 70
     0
 43
0.0
 10
2600.325500000036
 20
17255.71249999999
 10
2598.586796478863
 20
17255.62572491483
 10
2596.865372974426
 20
17255.36626206906
 10
2595.178337766876
 20
17254.93669012104
 10
2593.542457370088
 20
17254.3412783498
 10
2591.973989898368
 20
17253.58594422496
 10
2590.488523486099
 20
17252.67819459649
 10
2589.100821365893
 20
17251.62705108797
 10
2587.824675144832
 20
17250.44296043581
 10
2586.672767737444
 20
17249.13769066497
 10
2585.65654731702
 20
17247.72421413276
 10
2584.786113538663
 20
17246.21657860401
 10
2584.070117164345
 20
17244.62976763799
 10
2583.515674087685
 20
17242.97955167494
 10
2583.128294613067
 20
17241.28233130253
 10
2582.911828691751
 20
17239.55497425925
 10
2582.868427659356
 20
17237.81464779551
 10
2582.998522854789
 20
17236.07864805759
 10
2583.300821333571
 20
17234.36422819079
 10
2583.772318717587
 20
17232.68842686998
 10
2584.408329054044
 20
17231.0678989616
 10
2585.202531386459
 20
17229.51874999999
 10
2586.147032575216
 20
17228.05637612359
 10
2587.232445743197
 20
17226.69531106096
 10
2588.447983566701
 20
17225.44908168819
 10
2589.781565484737
 20
17224.3300735926
 10
2591.219937761023
 20
17223.34940797952
 10
2592.748805205687
 20
17222.51683114425
 10
2594.352973247209
 20
17221.84061760953
 10
2596.01649894286
 20
17221.32748788921
 10
2597.722849426937
 20
17220.98254169704
 10
2599.455066221679
 20
17220.80920726322
 10
2601.195933778392
 20
17220.80920726322
 10
2602.928150573134
 20
17220.98254169704
 10
2604.634501057212
 20
17221.32748788921
 10
2606.298026752862
 20
17221.84061760953
 10
2607.902194794384
 20
17222.51683114425
 10
2609.431062239048
 20
17223.34940797952
 10
2610.869434515335
 20
17224.3300735926
 10
2612.20301643337
 20
17225.44908168819
 10
2613.418554256874
 20
17226.69531106096
 10
2614.503967424855
 20
17228.05637612359
 10
2615.448468613613
 20
17229.51874999999
 10
2616.242670946027
 20
17231.0678989616
 10
2616.878681282484
 20
17232.68842686998
 10
2617.3501786665
 20
17234.36422819079
 10
2617.652477145283
 20
17236.07864805759
 10
2617.782572340715
 20
17237.81464779551
 10
2617.73917130832
 20
17239.55497425925
 10
2617.522705387004
 20
17241.28233130253
 10
2617.135325912386
 20
17242.97955167494
 10
2616.580882835726
 20
17244.62976763799
 10
2615.864886461408
 20
17246.21657860401
 10
2614.994452683051
 20
17247.72421413276
 10
2613.978232262627
 20
17249.13769066497
 10
2612.82632485524
 20
17250.44296043581
 10
2611.550178634177
 20
17251.62705108797
 10
2610.162476513972
 20
17252.67819459649
 10
2608.677010101703
 20
17253.58594422496
 10
2607.108542629984
 20
17254.3412783498
 10
2605.472662233195
 20
17254.93669012104
 10
2603.785627025645
 20
17255.36626206906
 10
2602.064203521208
 20
17255.62572491483
 10
2600.325500000036
 20
17255.71249999999
  0
TEXT
  5
33F
330
17
100
AcDbEntity
  8
NESTED_RESULT
100
AcDbText
 10
2615.588000000018
 20
16798.19999999999
 30
0.0
 40
80.0
  1
507-E
 72
     1
 11
2795.588000000018
 21
16838.19999999999
 31
0.0
100
AcDbText
 73
     2
  0
LWPOLYLINE
  5
340
330
17
100
AcDbEntity
  8
NESTED_RESULT
100
AcDbPolyline
 90
        5
 70
     0
 43
0.0
 10
1919.288
 20
17657.35
 10
2503.488000000012
 20
17657.35
 10
2503.488000000012
 20
16000.0
 10
1919.288
 20
16000.0
 10
1919.288
 20
17657.35
  0
LWPOLYLINE
  5
341
330
17
100
AcDbEntity
  8
NESTED_RESULT
100
AcDbPolyline
 90
        9
 70
     0
 43
0.0
 10
2338.388000000006
 20
16641.35
 10
2338.388000000006
 20
16222.25
 10
2325.687999999995
 20
16209.54999999999
 10
2058.988000000012
 20
16209.54999999999
 10
2046.288000000001
 20
16222.25
 10
2046.288000000001
 20
16641.35
 10
2058.988000000012
 20
16654.04999999999
 10
2325.687999999995
 20
16654.04999999999
 10
2338.388000000006
 20
16641.35
  0
LWPOLYLINE
  5
342
330
17
100
AcDbEntity
  8
NESTED_RESULT
100
AcDbPolyline
 90
        9
 70
     0
 43
0.0
 10
2338.388000000006
 20
17441.44999999998
 10
2338.388000000006
 20
17022.35
 10
2325.687999999995
 20
17009.64999999999
 10
2058.988000000012
 20
17009.64999999999
 10
2046.288000000001
 20
17022.35
 10
2046.288000000001
 20
17441.44999999998
 10
2058.988000000012
 20
17454.14999999999
 10
2325.687999999995
 20
17454.14999999999
 10
2338.388000000006
 20
17441.44999999998
  0
LWPOLYLINE
  5
343
330
17
100
AcDbEntity
  8
NESTED_RESULT
100
AcDbPolyline
 90
       64
 70
     0
 43
0.0
 10
2406.650500000018
 20
17214.4375
 10
2408.38920352119
 20
17214.52427508519
 10
2410.110627025628
 20
17214.78373793093
 10
2411.797662233177
 20
17215.21330987895
 10
2413.433542629967
 20
17215.80872165021
 10
2415.002010101685
 20
17216.56405577503
 10
2416.487476513954
 20
17217.4718054035
 10
2417.87517863416
 20
17218.52294891202
 10
2419.151324855222
 20
17219.70703956418
 10
2420.303232262609
 20
17221.01230933502
 10
2421.319452683034
 20
17222.42578586723
 10
2422.189886461391
 20
17223.93342139595
 10
2422.905882835709
 20
17225.520232362
 10
2423.460325912369
 20
17227.17044832505
 10
2423.847705386986
 20
17228.86766869749
 10
2424.064171308303
 20
17230.59502574074
 10
2424.107572340697
 20
17232.33535220448
 10
2423.977477145265
 20
17234.0713519424
 10
2423.675178666483
 20
17235.7857718092
 10
2423.203681282466
 20
17237.46157313002
 10
2422.567670946009
 20
17239.08210103842
 10
2421.773468613596
 20
17240.63125
 10
2420.828967424837
 20
17242.09362387639
 10
2419.743554256857
 20
17243.45468893903
 10
2418.528016433353
 20
17244.70091831183
 10
2417.194434515317
 20
17245.81992640736
 10
2415.75606223903
 20
17246.8005920205
 10
2414.227194794367
 20
17247.63316885574
 10
2412.623026752845
 20
17248.30938239046
 10
2410.959501057194
 20
17248.82251211078
 10
2409.253150573118
 20
17249.16745830295
 10
2407.520933778375
 20
17249.34079273676
 10
2405.780066221661
 20
17249.34079273676
 10
2404.047849426919
 20
17249.16745830295
 10
2402.341498942842
 20
17248.82251211078
 10
2400.677973247192
 20
17248.30938239046
 10
2399.073805205669
 20
17247.63316885574
 10
2397.544937761006
 20
17246.8005920205
 10
2396.106565484719
 20
17245.81992640736
 10
2394.772983566683
 20
17244.70091831183
 10
2393.55744574318
 20
17243.45468893903
 10
2392.472032575199
 20
17242.09362387639
 10
2391.527531386441
 20
17240.63125
 10
2390.733329054027
 20
17239.08210103842
 10
2390.09731871757
 20
17237.46157313002
 10
2389.625821333553
 20
17235.7857718092
 10
2389.323522854771
 20
17234.0713519424
 10
2389.193427659339
 20
17232.33535220448
 10
2389.236828691733
 20
17230.59502574074
 10
2389.453294613049
 20
17228.86766869749
 10
2389.840674087667
 20
17227.17044832505
 10
2390.395117164327
 20
17225.520232362
 10
2391.111113538645
 20
17223.93342139595
 10
2391.981547317002
 20
17222.42578586723
 10
2392.997767737426
 20
17221.01230933502
 10
2394.149675144814
 20
17219.70703956418
 10
2395.425821365876
 20
17218.52294891202
 10
2396.813523486082
 20
17217.4718054035
 10
2398.29898989835
 20
17216.56405577503
 10
2399.86745737007
 20
17215.80872165021
 10
2401.50333776686
 20
17215.21330987895
 10
2403.190372974408
 20
17214.78373793093
 10
2404.911796478846
 20
17214.52427508519
 10
2406.650500000018
 20
17214.4375
  0
LWPOLYLINE
  5
344
330
17
100
AcDbEntity
  8
NESTED_RESULT
100
AcDbPolyline
 90
       64
 70
     0
 43
0.0
 10
2406.650500000018
 20
16414.33749999999
 10
2408.38920352119
 20
16414.42427508518
 10
2410.110627025628
 20
16414.68373793093
 10
2411.797662233177
 20
16415.11330987894
 10
2413.433542629967
 20
16415.70872165021
 10
2415.002010101685
 20
16416.46405577502
 10
2416.487476513954
 20
16417.37180540349
 10
2417.87517863416
 20
16418.42294891202
 10
2419.151324855222
 20
16419.60703956417
 10
2420.303232262609
 20
16420.91230933502
 10
2421.319452683034
 20
16422.32578586723
 10
2422.189886461391
 20
16423.83342139594
 10
2422.905882835709
 20
16425.420232362
 10
2423.460325912369
 20
16427.07044832504
 10
2423.847705386986
 20
16428.76766869749
 10
2424.064171308303
 20
16430.49502574073
 10
2424.107572340697
 20
16432.23535220447
 10
2423.977477145265
 20
16433.9713519424
 10
2423.675178666483
 20
16435.68577180919
 10
2423.203681282466
 20
16437.36157313001
 10
2422.567670946009
 20
16438.98210103842
 10
2421.773468613596
 20
16440.53125
 10
2420.828967424837
 20
16441.99362387639
 10
2419.743554256857
 20
16443.35468893902
 10
2418.528016433353
 20
16444.60091831183
 10
2417.194434515317
 20
16445.71992640736
 10
2415.75606223903
 20
16446.70059202049
 10
2414.227194794367
 20
16447.53316885573
 10
2412.623026752845
 20
16448.20938239046
 10
2410.959501057194
 20
16448.72251211078
 10
2409.253150573118
 20
16449.06745830295
 10
2407.520933778375
 20
16449.24079273676
 10
2405.780066221661
 20
16449.24079273676
 10
2404.047849426919
 20
16449.06745830295
 10
2402.341498942842
 20
16448.72251211078
 10
2400.677973247192
 20
16448.20938239046
 10
2399.073805205669
 20
16447.53316885573
 10
2397.544937761006
 20
16446.70059202049
 10
2396.106565484719
 20
16445.71992640736
 10
2394.772983566683
 20
16444.60091831183
 10
2393.55744574318
 20
16443.35468893902
 10
2392.472032575199
 20
16441.99362387639
 10
2391.527531386441
 20
16440.53125
 10
2390.733329054027
 20
16438.98210103842
 10
2390.09731871757
 20
16437.36157313001
 10
2389.625821333553
 20
16435.68577180919
 10
2389.323522854771
 20
16433.9713519424
 10
2389.193427659339
 20
16432.23535220447
 10
2389.236828691733
 20
16430.49502574073
 10
2389.453294613049
 20
16428.76766869749
 10
2389.840674087667
 20
16427.07044832504
 10
2390.395117164327
 20
16425.420232362
 10
2391.111113538645
 20
16423.83342139594
 10
2391.981547317002
 20
16422.32578586723
 10
2392.997767737426
 20
16420.91230933502
 10
2394.149675144814
 20
16419.60703956417
 10
2395.425821365876
 20
16418.42294891202
 10
2396.813523486082
 20
16417.37180540349
 10
2398.29898989835
 20
16416.46405577502
 10
2399.86745737007
 20
16415.70872165021
 10
2401.50333776686
 20
16415.11330987894
 10
2403.190372974408
 20
16414.68373793093
 10
2404.911796478846
 20
16414.42427508518
 10
2406.650500000018
 20
16414.33749999999
  0
TEXT
  5
345
330
17
100
AcDbEntity
  8
NESTED_RESULT
100
AcDbText
 10
2031.388000000006
 20
16791.84999999999
 30
0.0
 40
80.0
  1
509-D
 72
     1
 11
2211.388000000006
 21
16831.84999999999
 31
0.0
100
AcDbText
 73
     2
  0
LWPOLYLINE
  5
346
330
17
100
AcDbEntity
  8
NESTED_RESULT
 62
     1
100
AcDbPolyline
 90
        5
 70
     0
 43
0.0
 10
3400.0
 20
16000.0
 10
6600.0
 20
16000.0
 10
6600.0
 20
17800.0
 10
3400.0
 20
17800.0
 10
3400.0
 20
16000.0
  0
TEXT
  5
347
330
17
100
AcDbEntity
  8
NESTED_RESULT
 62
     1
100
AcDbText
 10
3400.0
 20
17846.66666666667
 30
0.0
 40
50.0
  1
Sheet_50
 11
3400.0
 21
17830.0
 31
0.0
100
AcDbText
 73
     1
  0
LWPOLYLINE
  5
348
330
17
100
AcDbEntity
  8
NESTED_RESULT
100
AcDbPolyline
 90
        5
 70
     0
 43
0.0
 10
5219.275000000009
 20
16000.0
 10
3400.0
 20
16000.0
 10
3400.0
 20
16647.70000000001
 10
5219.275000000009
 20
16647.70000000001
 10
5219.275000000009
 20
16000.0
  0
LWPOLYLINE
  5
349
330
17
100
AcDbEntity
  8
NESTED_RESULT
100
AcDbPolyline
 90
        5
 70
     0
 43
0.0
 10
3858.788000000001
 20
16501.64999999999
 10
4506.487999999999
 20
16501.64999999999
 10
4506.487999999999
 20
16107.95000000001
 10
3858.788000000001
 20
16107.95000000001
 10
3858.788000000001
 20
16501.64999999999
  0
LWPOLYLINE
  5
34A
330
17
100
AcDbEntity
  8
NESTED_RESULT
100
AcDbPolyline
 90
       64
 70
     0
 43
0.0
 10
4200.100500000001
 20
16557.21249999999
 10
4200.013724914824
 20
16558.95120352117
 10
4199.754262069066
 20
16560.6726270256
 10
4199.324690121051
 20
16562.35966223315
 10
4198.729278349797
 20
16563.99554262994
 10
4197.973944224985
 20
16565.56401010166
 10
4197.066194596497
 20
16567.04947651393
 10
4196.015051087975
 20
16568.43717863413
 10
4194.830960435836
 20
16569.7133248552
 10
4193.525690664959
 20
16570.86523226258
 10
4192.112214132765
 20
16571.88145268301
 10
4190.604578604034
 20
16572.75188646137
 10
4189.017767638012
 20
16573.46788283568
 10
4187.36755167495
 20
16574.02232591234
 10
4185.67033130252
 20
16574.40970538696
 10
4183.942974259262
 20
16574.62617130828
 10
4182.202647795537
 20
16574.66957234067
 10
4180.466648057598
 20
16574.53947714524
 10
4178.752228190787
 20
16574.23717866646
 10
4177.076426869986
 20
16573.76568128244
 10
4175.455898961591
 20
16573.12967094599
 10
4173.906750000009
 20
16572.33546861356
 10
4172.444376123602
 20
16571.39096742481
 10
4171.083311060966
 20
16570.30555425683
 10
4169.83708168818
 20
16569.09001643333
 10
4168.718073592623
 20
16567.75643451529
 10
4167.737407979512
 20
16566.318062239
 10
4166.90483114426
 20
16564.78919479434
 10
4166.228617609537
 20
16563.18502675282
 10
4165.715487889232
 20
16561.52150105716
 10
4165.370541697048
 20
16559.81515057309
 10
4165.19720726322
 20
16558.08293377835
 10
4165.19720726322
 20
16556.34206622164
 10
4165.370541697048
 20
16554.60984942689
 10
4165.715487889232
 20
16552.90349894282
 10
4166.228617609537
 20
16551.23997324717
 10
4166.90483114426
 20
16549.63580520564
 10
4167.737407979512
 20
16548.10693776098
 10
4168.718073592623
 20
16546.66856548469
 10
4169.83708168818
 20
16545.33498356666
 10
4171.083311060966
 20
16544.11944574315
 10
4172.444376123602
 20
16543.03403257517
 10
4173.906750000009
 20
16542.08953138641
 10
4175.455898961591
 20
16541.295329054
 10
4177.076426869986
 20
16540.65931871754
 10
4178.752228190787
 20
16540.18782133353
 10
4180.466648057598
 20
16539.88552285474
 10
4182.202647795537
 20
16539.75542765931
 10
4183.942974259262
 20
16539.79882869171
 10
4185.67033130252
 20
16540.01529461302
 10
4187.36755167495
 20
16540.40267408764
 10
4189.017767638012
 20
16540.9571171643
 10
4190.604578604034
 20
16541.67311353862
 10
4192.112214132765
 20
16542.54354731698
 10
4193.525690664959
 20
16543.5597677374
 10
4194.830960435836
 20
16544.71167514479
 10
4196.015051087975
 20
16545.98782136585
 10
4197.066194596497
 20
16547.37552348606
 10
4197.973944224985
 20
16548.86098989833
 10
4198.729278349797
 20
16550.42945737004
 10
4199.324690121051
 20
16552.06533776683
 10
4199.754262069066
 20
16553.75237297438
 10
4200.013724914824
 20
16555.47379647882
 10
4200.100500000001
 20
16557.21249999999
  0
TEXT
  5
34B
330
17
100
AcDbEntity
  8
NESTED_RESULT
100
AcDbText
 10
4693.057392374682
 20
16283.62792053223
 30
0.0
 40
80.0
  1
415-B
 72
     1
 11
4866.390725708015
 21
16323.62792053223
 31
0.0
100
AcDbText
 73
     2
  0
LWPOLYLINE
  5
34C
330
17
100
AcDbEntity
  8
NESTED_RESULT
100
AcDbPolyline
 90
        5
 70
     0
 43
0.0
 10
5219.274999999994
 20
16647.70000000001
 10
3400.0
 20
16647.70000000001
 10
3400.0
 20
17295.39999999999
 10
5219.274999999994
 20
17295.39999999999
 10
5219.274999999994
 20
16647.70000000001
  0
LWPOLYLINE
  5
34D
330
17
100
AcDbEntity
  8
NESTED_RESULT
100
AcDbPolyline
 90
        5
 70
     0
 43
0.0
 10
4112.786999999996
 20
16755.64999999999
 10
4112.786999999996
 20
17149.35
 10
4760.486999999994
 20
17149.35
 10
4760.486999999994
 20
16755.64999999999
 10
4112.786999999996
 20
16755.64999999999
  0
LWPOLYLINE
  5
34E
330
17
100
AcDbEntity
  8
NESTED_RESULT
100
AcDbPolyline
 90
       64
 70
     0
 43
0.0
 10
4454.099499999983
 20
17204.9125
 10
4454.012724914806
 20
17206.65120352118
 10
4453.753262069047
 20
17208.37262702561
 10
4453.323690121033
 20
17210.05966223316
 10
4452.72827834978
 20
17211.69554262995
 10
4451.972944224965
 20
17213.26401010167
 10
4451.065194596478
 20
17214.74947651394
 10
4450.014051087957
 20
17216.13717863414
 10
4448.829960435818
 20
17217.41332485521
 10
4447.52469066494
 20
17218.56523226259
 10
4446.111214132748
 20
17219.58145268302
 10
4444.603578604016
 20
17220.45188646138
 10
4443.016767637993
 20
17221.16788283569
 10
4441.366551674932
 20
17221.72232591235
 10
4439.669331302503
 20
17222.10970538697
 10
4437.941974259244
 20
17222.32617130829
 10
4436.201647795519
 20
17222.36957234068
 10
4434.465648057579
 20
17222.23947714525
 10
4432.751228190769
 20
17221.93717866647
 10
4431.075426869968
 20
17221.46568128245
 10
4429.454898961572
 20
17220.829670946
 10
4427.90574999999
 20
17220.03546861358
 10
4426.443376123585
 20
17219.09096742482
 10
4425.082311060949
 20
17218.00555425684
 10
4423.836081688161
 20
17216.79001643334
 10
4422.717073592604
 20
17215.4564345153
 10
4421.736407979492
 20
17214.01806223902
 10
4420.903831144242
 20
17212.48919479435
 10
4420.227617609517
 20
17210.88502675283
 10
4419.714487889214
 20
17209.22150105718
 10
4419.369541697029
 20
17207.5151505731
 10
4419.196207263201
 20
17205.78293377836
 10
4419.196207263201
 20
17204.04206622165
 10
4419.369541697029
 20
17202.30984942691
 10
4419.714487889214
 20
17200.60349894283
 10
4420.227617609517
 20
17198.93997324718
 10
4420.903831144242
 20
17197.33580520566
 10
4421.736407979492
 20
17195.80693776099
 10
4422.717073592604
 20
17194.36856548471
 10
4423.836081688161
 20
17193.03498356667
 10
4425.082311060949
 20
17191.81944574317
 10
4426.443376123585
 20
17190.73403257518
 10
4427.90574999999
 20
17189.78953138643
 10
4429.454898961572
 20
17188.99532905401
 10
4431.075426869968
 20
17188.35931871756
 10
4432.751228190769
 20
17187.88782133354
 10
4434.465648057579
 20
17187.58552285476
 10
4436.201647795519
 20
17187.45542765932
 10
4437.941974259244
 20
17187.49882869172
 10
4439.669331302503
 20
17187.71529461303
 10
4441.366551674932
 20
17188.10267408765
 10
4443.016767637993
 20
17188.65711716431
 10
4444.603578604016
 20
17189.37311353863
 10
4446.111214132748
 20
17190.24354731699
 10
4447.52469066494
 20
17191.25976773741
 10
4448.829960435818
 20
17192.4116751448
 10
4450.014051087957
 20
17193.68782136586
 10
4451.065194596478
 20
17195.07552348607
 10
4451.972944224965
 20
17196.56098989834
 10
4452.72827834978
 20
17198.12945737006
 10
4453.323690121033
 20
17199.76533776685
 10
4453.753262069047
 20
17201.45237297439
 10
4454.012724914806
 20
17203.17379647883
 10
4454.099499999983
 20
17204.9125
  0
TEXT
  5
34F
330
17
100
AcDbEntity
  8
NESTED_RESULT
100
AcDbText
 10
3595.096503702798
 20
16931.32792053223
 30
0.0
 40
80.0
  1
416-A
 72
     1
 11
3768.429837036132
 21
16971.32792053223
 31
0.0
100
AcDbText
 73
     2
  0
LWPOLYLINE
  5
350
330
17
100
AcDbEntity
  8
NESTED_RESULT
100
AcDbPolyline
 90
        5
 70
     0
 43
0.0
 10
5803.5
 20
16000.0
 10
5219.299999999988
 20
16000.0
 10
5219.299999999988
 20
17657.35
 10
5803.5
 20
17657.35
 10
5803.5
 20
16000.0
  0
LWPOLYLINE
  5
351
330
17
100
AcDbEntity
  8
NESTED_RESULT
100
AcDbPolyline
 90
        9
 70
     0
 43
0.0
 10
5384.399999999994
 20
16215.89999999999
 10
5384.399999999994
 20
16635.0
 10
5397.100000000006
 20
16647.69999999998
 10
5663.799999999987
 20
16647.69999999998
 10
5676.5
 20
16635.0
 10
5676.5
 20
16215.89999999999
 10
5663.799999999987
 20
16203.19999999998
 10
5397.100000000006
 20
16203.19999999998
 10
5384.399999999994
 20
16215.89999999999
  0
LWPOLYLINE
  5
352
330
17
100
AcDbEntity
  8
NESTED_RESULT
100
AcDbPolyline
 90
        9
 70
     0
 43
0.0
 10
5384.113136303786
 20
17016.0
 10
5384.113136303786
 20
17435.1
 10
5396.813136303798
 20
17447.79999999999
 10
5663.513136303779
 20
17447.79999999999
 10
5676.213136303791
 20
17435.1
 10
5676.213136303791
 20
17016.0
 10
5663.513136303779
 20
17003.29999999999
 10
5396.813136303798
 20
17003.29999999999
 10
5384.113136303786
 20
17016.0
  0
LWPOLYLINE
  5
353
330
17
100
AcDbEntity
  8
NESTED_RESULT
100
AcDbPolyline
 90
       64
 70
     0
 43
0.0
 10
5316.137499999983
 20
16442.91249999997
 10
5314.39879647881
 20
16442.82572491478
 10
5312.677372974373
 20
16442.56626206904
 10
5310.990337766823
 20
16442.13669012103
 10
5309.354457370035
 20
16441.54127834976
 10
5307.785989898315
 20
16440.78594422494
 10
5306.300523486047
 20
16439.87819459647
 10
5304.912821365841
 20
16438.82705108795
 10
5303.63667514478
 20
16437.6429604358
 10
5302.484767737391
 20
16436.33769066495
 10
5301.468547316968
 20
16434.92421413274
 10
5300.59811353861
 20
16433.41657860402
 10
5299.882117164292
 20
16431.82976763797
 10
5299.327674087631
 20
16430.17955167492
 10
5298.940294613014
 20
16428.48233130248
 10
5298.723828691699
 20
16426.75497425924
 10
5298.680427659303
 20
16425.0146477955
 10
5298.810522854735
 20
16423.27864805757
 10
5299.112821333518
 20
16421.56422819078
 10
5299.584318717535
 20
16419.88842686996
 10
5300.220329053991
 20
16418.26789896155
 10
5301.014531386405
 20
16416.71874999997
 10
5301.959032575163
 20
16415.25637612358
 10
5303.044445743144
 20
16413.89531106094
 10
5304.259983566648
 20
16412.64908168814
 10
5305.593565484683
 20
16411.53007359261
 10
5307.031937760971
 20
16410.54940797947
 10
5308.560805205634
 20
16409.71683114423
 10
5310.164973247156
 20
16409.04061760951
 10
5311.828498942807
 20
16408.52748788919
 10
5313.534849426884
 20
16408.18254169702
 10
5315.267066221625
 20
16408.00920726321
 10
5317.007933778339
 20
16408.00920726321
 10
5318.740150573081
 20
16408.18254169702
 10
5320.446501057158
 20
16408.52748788919
 10
5322.11002675281
 20
16409.04061760951
 10
5323.714194794331
 20
16409.71683114423
 10
5325.243062238995
 20
16410.54940797947
 10
5326.681434515282
 20
16411.53007359261
 10
5328.015016433317
 20
16412.64908168814
 10
5329.230554256821
 20
16413.89531106094
 10
5330.315967424803
 20
16415.25637612358
 10
5331.26046861356
 20
16416.71874999997
 10
5332.054670945974
 20
16418.26789896155
 10
5332.690681282431
 20
16419.88842686996
 10
5333.162178666447
 20
16421.56422819078
 10
5333.464477145231
 20
16423.27864805757
 10
5333.594572340662
 20
16425.0146477955
 10
5333.551171308267
 20
16426.75497425924
 10
5333.334705386951
 20
16428.48233130248
 10
5332.947325912332
 20
16430.17955167492
 10
5332.392882835673
 20
16431.82976763797
 10
5331.676886461355
 20
16433.41657860402
 10
5330.806452682999
 20
16434.92421413274
 10
5329.790232262574
 20
16436.33769066495
 10
5328.638324855186
 20
16437.6429604358
 10
5327.362178634125
 20
16438.82705108795
 10
5325.97447651392
 20
16439.87819459647
 10
5324.48901010165
 20
16440.78594422494
 10
5322.92054262993
 20
16441.54127834976
 10
5321.284662233142
 20
16442.13669012103
 10
5319.597627025593
 20
16442.56626206904
 10
5317.876203521155
 20
16442.82572491478
 10
5316.137499999983
 20
16442.91249999997
  0
LWPOLYLINE
  5
354
330
17
100
AcDbEntity
  8
NESTED_RESULT
100
AcDbPolyline
 90
       64
 70
     0
 43
0.0
 10
5315.850636303803
 20
17243.01249999998
 10
5314.111932782631
 20
17242.92572491479
 10
5312.390509278192
 20
17242.66626206905
 10
5310.703474070644
 20
17242.23669012103
 10
5309.067593673855
 20
17241.64127834976
 10
5307.499126202135
 20
17240.88594422495
 10
5306.013659789868
 20
17239.97819459648
 10
5304.625957669661
 20
17238.92705108795
 10
5303.349811448599
 20
17237.7429604358
 10
5302.197904041213
 20
17236.43769066495
 10
5301.181683620786
 20
17235.02421413275
 10
5300.31124984243
 20
17233.51657860403
 10
5299.595253468113
 20
17231.92976763798
 10
5299.040810391453
 20
17230.27955167493
 10
5298.653430916835
 20
17228.58233130249
 10
5298.436964995519
 20
17226.85497425924
 10
5298.393563963124
 20
17225.1146477955
 10
5298.523659158556
 20
17223.37864805758
 10
5298.825957637339
 20
17221.66422819078
 10
5299.297455021354
 20
17219.98842686996
 10
5299.933465357812
 20
17218.36789896156
 10
5300.727667690225
 20
17216.81874999998
 10
5301.672168878984
 20
17215.35637612358
 10
5302.757582046965
 20
17213.99531106095
 10
5303.973119870469
 20
17212.74908168815
 10
5305.306701788504
 20
17211.63007359262
 10
5306.745074064791
 20
17210.64940797948
 10
5308.273941509455
 20
17209.81683114424
 10
5309.878109550978
 20
17209.14061760952
 10
5311.541635246627
 20
17208.6274878892
 10
5313.247985730703
 20
17208.28254169703
 10
5314.980202525447
 20
17208.10920726322
 10
5316.721070082159
 20
17208.10920726322
 10
5318.453286876902
 20
17208.28254169703
 10
5320.159637360979
 20
17208.6274878892
 10
5321.82316305663
 20
17209.14061760952
 10
5323.427331098152
 20
17209.81683114424
 10
5324.956198542814
 20
17210.64940797948
 10
5326.394570819102
 20
17211.63007359262
 10
5327.728152737138
 20
17212.74908168815
 10
5328.943690560642
 20
17213.99531106095
 10
5330.029103728621
 20
17215.35637612358
 10
5330.973604917381
 20
17216.81874999998
 10
5331.767807249795
 20
17218.36789896156
 10
5332.403817586252
 20
17219.98842686996
 10
5332.875314970268
 20
17221.66422819078
 10
5333.17761344905
 20
17223.37864805758
 10
5333.307708644483
 20
17225.1146477955
 10
5333.264307612087
 20
17226.85497425924
 10
5333.047841690771
 20
17228.58233130249
 10
5332.660462216153
 20
17230.27955167493
 10
5332.106019139494
 20
17231.92976763798
 10
5331.390022765176
 20
17233.51657860403
 10
5330.519588986819
 20
17235.02421413275
 10
5329.503368566395
 20
17236.43769066495
 10
5328.351461159007
 20
17237.7429604358
 10
5327.075314937945
 20
17238.92705108795
 10
5325.687612817739
 20
17239.97819459648
 10
5324.202146405472
 20
17240.88594422495
 10
5322.633678933751
 20
17241.64127834976
 10
5320.997798536962
 20
17242.23669012103
 10
5319.310763329413
 20
17242.66626206905
 10
5317.589339824976
 20
17242.92572491479
 10
5315.850636303803
 20
17243.01249999998
  0
TEXT
  5
355
330
17
100
AcDbEntity
  8
NESTED_RESULT
100
AcDbText
 10
5338.066666666661
 20
16785.49999999998
 30
0.0
 40
80.0
  1
512-D
 72
     1
 11
5511.399999999994
 21
16825.49999999998
 31
0.0
100
AcDbText
 73
     2
  0
LWPOLYLINE
  5
356
330
17
100
AcDbEntity
  8
NESTED_RESULT
100
AcDbPolyline
 90
        5
 70
     0
 43
0.0
 10
6387.700000000013
 20
16000.0
 10
5803.5
 20
16000.0
 10
5803.5
 20
17657.34999999998
 10
6387.700000000013
 20
17657.34999999998
 10
6387.700000000013
 20
16000.0
  0
LWPOLYLINE
  5
357
330
17
100
AcDbEntity
  8
NESTED_RESULT
100
AcDbPolyline
 90
        9
 70
     0
 43
0.0
 10
5968.600000000122
 20
17016.0
 10
5968.600000000122
 20
17435.09999999997
 10
5981.300000000104
 20
17447.79999999999
 10
6248.0
 20
17447.79999999999
 10
6260.700000000099
 20
17435.09999999997
 10
6260.700000000099
 20
17016.0
 10
6248.0
 20
17003.29999999999
 10
5981.300000000104
 20
17003.29999999999
 10
5968.600000000122
 20
17016.0
  0
LWPOLYLINE
  5
358
330
17
100
AcDbEntity
  8
NESTED_RESULT
100
AcDbPolyline
 90
        9
 70
     0
 43
0.0
 10
5968.600000000122
 20
16215.89999999999
 10
5968.600000000122
 20
16635.0
 10
5981.300000000104
 20
16647.69999999998
 10
6248.0
 20
16647.69999999998
 10
6260.700000000099
 20
16635.0
 10
6260.700000000099
 20
16215.89999999999
 10
6248.0
 20
16203.19999999998
 10
5981.300000000104
 20
16203.19999999998
 10
5968.600000000122
 20
16215.89999999999
  0
LWPOLYLINE
  5
359
330
17
100
AcDbEntity
  8
NESTED_RESULT
100
AcDbPolyline
 90
       64
 70
     0
 43
0.0
 10
5900.337500000111
 20
16442.91249999997
 10
5898.598796478939
 20
16442.82572491478
 10
5896.8773729745
 20
16442.56626206904
 10
5895.190337766951
 20
16442.13669012103
 10
5893.554457370163
 20
16441.54127834976
 10
5891.985989898444
 20
16440.78594422497
 10
5890.500523486175
 20
16439.87819459647
 10
5889.112821365969
 20
16438.82705108795
 10
5887.836675144908
 20
16437.64296043582
 10
5886.68476773752
 20
16436.33769066492
 10
5885.668547317095
 20
16434.92421413274
 10
5884.798113538739
 20
16433.41657860402
 10
5884.08211716442
 20
16431.829767638
 10
5883.527674087759
 20
16430.17955167492
 10
5883.140294613141
 20
16428.48233130248
 10
5882.923828691826
 20
16426.75497425924
 10
5882.880427659431
 20
16425.01464779553
 10
5883.010522854864
 20
16423.27864805757
 10
5883.312821333646
 20
16421.56422819075
 10
5883.784318717662
 20
16419.88842686996
 10
5884.420329054119
 20
16418.26789896155
 10
5885.214531386533
 20
16416.71875
 10
5886.159032575291
 20
16415.25637612358
 10
5887.244445743271
 20
16413.89531106094
 10
5888.459983566775
 20
16412.64908168814
 10
5889.793565484812
 20
16411.53007359261
 10
5891.231937761098
 20
16410.54940797947
 10
5892.760805205762
 20
16409.71683114423
 10
5894.364973247284
 20
16409.04061760951
 10
5896.028498942935
 20
16408.52748788922
 10
5897.734849427012
 20
16408.18254169702
 10
5899.467066221754
 20
16408.00920726318
 10
5901.207933778467
 20
16408.00920726318
 10
5902.940150573209
 20
16408.18254169702
 10
5904.646501057287
 20
16408.52748788922
 10
5906.310026752937
 20
16409.04061760951
 10
5907.914194794459
 20
16409.71683114423
 10
5909.443062239123
 20
16410.54940797947
 10
5910.881434515411
 20
16411.53007359261
 10
5912.215016433446
 20
16412.64908168814
 10
5913.430554256949
 20
16413.89531106094
 10
5914.515967424929
 20
16415.25637612358
 10
5915.460468613688
 20
16416.71875
 10
5916.254670946102
 20
16418.26789896155
 10
5916.890681282559
 20
16419.88842686996
 10
5917.362178666575
 20
16421.56422819075
 10
5917.664477145358
 20
16423.27864805757
 10
5917.79457234079
 20
16425.01464779553
 10
5917.751171308395
 20
16426.75497425924
 10
5917.53470538708
 20
16428.48233130248
 10
5917.147325912462
 20
16430.17955167492
 10
5916.592882835801
 20
16431.829767638
 10
5915.876886461483
 20
16433.41657860402
 10
5915.006452683127
 20
16434.92421413274
 10
5913.990232262701
 20
16436.33769066492
 10
5912.838324855314
 20
16437.64296043582
 10
5911.562178634253
 20
16438.82705108795
 10
5910.174476514047
 20
16439.87819459647
 10
5908.689010101778
 20
16440.78594422497
 10
5907.120542630059
 20
16441.54127834976
 10
5905.484662233271
 20
16442.13669012103
 10
5903.797627025721
 20
16442.56626206904
 10
5902.076203521283
 20
16442.82572491478
 10
5900.337500000111
 20
16442.91249999997
  0
LWPOLYLINE
  5
35A
330
17
100
AcDbEntity
  8
NESTED_RESULT
100
AcDbPolyline
 90
       64
 70
     0
 43
0.0
 10
5900.337500000111
 20
17243.01249999998
 10
5898.598796478939
 20
17242.92572491482
 10
5896.8773729745
 20
17242.66626206905
 10
5895.190337766951
 20
17242.23669012103
 10
5893.554457370163
 20
17241.64127834979
 10
5891.985989898444
 20
17240.88594422495
 10
5890.500523486175
 20
17239.97819459648
 10
5889.112821365969
 20
17238.92705108795
 10
5887.836675144908
 20
17237.7429604358
 10
5886.68476773752
 20
17236.43769066495
 10
5885.668547317095
 20
17235.02421413275
 10
5884.798113538739
 20
17233.516578604
 10
5884.08211716442
 20
17231.92976763798
 10
5883.527674087759
 20
17230.27955167493
 10
5883.140294613141
 20
17228.58233130251
 10
5882.923828691826
 20
17226.85497425924
 10
5882.880427659431
 20
17225.1146477955
 10
5883.010522854864
 20
17223.37864805758
 10
5883.312821333646
 20
17221.66422819078
 10
5883.784318717662
 20
17219.98842686996
 10
5884.420329054119
 20
17218.36789896159
 10
5885.214531386533
 20
17216.81874999998
 10
5886.159032575291
 20
17215.35637612358
 10
5887.244445743271
 20
17213.99531106095
 10
5888.459983566775
 20
17212.74908168817
 10
5889.793565484812
 20
17211.63007359259
 10
5891.231937761098
 20
17210.64940797951
 10
5892.760805205762
 20
17209.81683114424
 10
5894.364973247284
 20
17209.14061760952
 10
5896.028498942935
 20
17208.6274878892
 10
5897.734849427012
 20
17208.28254169703
 10
5899.467066221754
 20
17208.10920726322
 10
5901.207933778467
 20
17208.10920726322
 10
5902.940150573209
 20
17208.28254169703
 10
5904.646501057287
 20
17208.6274878892
 10
5906.310026752937
 20
17209.14061760952
 10
5907.914194794459
 20
17209.81683114424
 10
5909.443062239123
 20
17210.64940797951
 10
5910.881434515411
 20
17211.63007359259
 10
5912.215016433446
 20
17212.74908168817
 10
5913.430554256949
 20
17213.99531106095
 10
5914.515967424929
 20
17215.35637612358
 10
5915.460468613688
 20
17216.81874999998
 10
5916.254670946102
 20
17218.36789896159
 10
5916.890681282559
 20
17219.98842686996
 10
5917.362178666575
 20
17221.66422819078
 10
5917.664477145358
 20
17223.37864805758
 10
5917.79457234079
 20
17225.1146477955
 10
5917.751171308395
 20
17226.85497425924
 10
5917.53470538708
 20
17228.58233130251
 10
5917.147325912462
 20
17230.27955167493
 10
5916.592882835801
 20
17231.92976763798
 10
5915.876886461483
 20
17233.516578604
 10
5915.006452683127
 20
17235.02421413275
 10
5913.990232262701
 20
17236.43769066495
 10
5912.838324855314
 20
17237.7429604358
 10
5911.562178634253
 20
17238.92705108795
 10
5910.174476514047
 20
17239.97819459648
 10
5908.689010101778
 20
17240.88594422495
 10
5907.120542630059
 20
17241.64127834979
 10
5905.484662233271
 20
17242.23669012103
 10
5903.797627025721
 20
17242.66626206905
 10
5902.076203521283
 20
17242.92572491482
 10
5900.337500000111
 20
17243.01249999998
  0
TEXT
  5
35B
330
17
100
AcDbEntity
  8
NESTED_RESULT
100
AcDbText
 10
5922.266666666672
 20
16785.49999999998
 30
0.0
 40
80.0
  1
413-D
 72
     1
 11
6095.600000000006
 21
16825.49999999998
 31
0.0
100
AcDbText
 73
     2
  0
DIMENSION
  5
3B3
102
{ACAD_XDICTIONARY
360
3C0
102
}
102
{ACAD_REACTORS
330
3CA
102
}
330
17
100
AcDbEntity
  8
0
 62
    40
420
 16308017
100
AcDbDimension
280
     0
  2
*D2
 10
13233.83902296059
 20
7929.417977777251
 30
0.0
 11
12940.92161324539
 21
7971.38465344966
 31
0.0
 70
    33
 71
     5
 42
23.13035851299424
 73
     0
 74
     0
 75
     0
  3
Standard
100
AcDbAlignedDimension
 13
12648.125
 23
8018.938165849977
 33
0.0
 14
13235.5
 24
8006.238165849964
 34
0.0
1001
ACAD
1000
DSTYLE
1002
{
1070
    49
1040
1.0
1070
    50
1040
0.785398163397
1070
    79
1070
     0
1070
   140
1040
30.0
1070
   144
1040
0.03937
1070
   179
1070
     0
1070
   271
1070
     4
1070
   272
1070
     4
1070
   277
1070
     5
1070
   340
1005
29
1070
   341
1005
395
1070
   342
1005
395
1002
}
  0
ENDSEC
  0
SECTION
  2
OBJECTS
  0
DICTIONARY
  5
A
330
0
100
AcDbDictionary
281
     1
  3
ACAD_CIP_PREVIOUS_PRODUCT_INFO
350
391
  3
ACAD_COLOR
350
B
  3
ACAD_DETAILVIEWSTYLE
350
38E
  3
ACAD_GROUP
350
C
  3
ACAD_LAYOUT
350
D
  3
ACAD_MATERIAL
350
E
  3
ACAD_MLEADERSTYLE
350
F
  3
ACAD_MLINESTYLE
350
10
  3
ACAD_PLOTSETTINGS
350
11
  3
ACAD_PLOTSTYLENAME
350
12
  3
ACAD_SCALELIST
350
14
  3
ACAD_SECTIONVIEWSTYLE
350
38C
  3
ACAD_TABLESTYLE
350
15
  3
ACAD_VISUALSTYLE
350
16
  3
ACDB_RECOMPOSE_DATA
350
422
  3
AcDbVariableDictionary
350
41A
  3
EZDXF_META
350
2D
  0
DICTIONARY
  5
3C0
330
3B3
100
AcDbDictionary
280
     1
281
     1
  3
ACAD_DIMASSOC
360
3CA
  0
XRECORD
  5
391
102
{ACAD_REACTORS
330
A
102
}
330
A
100
AcDbXrecord
280
     1
300
ACD
300
2023
300

  0
DICTIONARY
  5
B
330
A
100
AcDbDictionary
281
     1
  0
DICTIONARY
  5
38E
102
{ACAD_REACTORS
330
A
102
}
330
A
100
AcDbDictionary
281
     1
  3
Metric50
350
38F
  0
DICTIONARY
  5
C
330
A
100
AcDbDictionary
281
     1
  0
DICTIONARY
  5
D
330
A
100
AcDbDictionary
281
     1
  3
Layout1
350
1E
  3
Model
350
1A
  0
DICTIONARY
  5
E
330
A
100
AcDbDictionary
281
     1
  3
ByBlock
350
1F
  3
ByLayer
350
20
  3
Global
350
21
  0
DICTIONARY
  5
F
330
A
100
AcDbDictionary
281
     1
  3
Standard
350
2C
  0
DICTIONARY
  5
10
330
A
100
AcDbDictionary
281
     1
  3
Standard
350
22
  0
DICTIONARY
  5
11
330
A
100
AcDbDictionary
281
     1
  0
ACDBDICTIONARYWDFLT
  5
12
330
A
100
AcDbDictionary
281
     1
  3
Normal
350
13
100
AcDbDictionaryWithDefault
340
13
  0
DICTIONARY
  5
14
330
A
100
AcDbDictionary
281
     1
  3
A0
350
37B
  3
A1
350
37C
  3
A2
350
37D
  3
A3
350
37E
  3
A4
350
37F
  3
A5
350
380
  3
A6
350
381
  3
A7
350
382
  3
A8
350
383
  3
A9
350
384
  3
B0
350
385
  3
B1
350
386
  3
B2
350
387
  3
B3
350
388
  3
B4
350
389
  3
B5
350
38A
  3
B6
350
38B
  0
DICTIONARY
  5
38C
102
{ACAD_REACTORS
330
A
102
}
330
A
100
AcDbDictionary
281
     1
  3
Metric50
350
38D
  0
DICTIONARY
  5
15
330
A
100
AcDbDictionary
281
     1
  3
Standard
350
37A
  0
DICTIONARY
  5
16
330
A
100
AcDbDictionary
281
     1
  3
2dWireframe
350
367
  3
Basic
350
366
  3
Brighten
350
36D
  3
ColorChange
350
371
  3
Conceptual
350
36A
  3
Dim
350
36C
  3
EdgeColorOff
350
379
  3
Facepattern
350
370
  3
Flat
350
362
  3
FlatWithEdges
350
363
  3
Gouraud
350
364
  3
GouraudWithEdges
350
365
  3
Hidden
350
369
  3
JitterOff
350
377
  3
Linepattern
350
36F
  3
OverhangOff
350
378
  3
Realistic
350
36B
  3
Shaded
350
376
  3
Shaded with edges
350
375
  3
Shades of Gray
350
372
  3
Sketchy
350
373
  3
Thicken
350
36E
  3
Wireframe
350
368
  3
X-Ray
350
374
  0
XRECORD
  5
422
102
{ACAD_REACTORS
330
A
102
}
330
A
100
AcDbXrecord
280
     1
 90
        1
330
37A
  0
DICTIONARY
  5
41A
102
{ACAD_REACTORS
330
A
102
}
330
A
100
AcDbDictionary
281
     1
  3
CANNOSCALE
350
41F
  3
CMLEADERSTYLE
350
41C
  3
CTABLESTYLE
350
41B
  3
CVIEWDETAILSTYLE
350
41D
  3
CVIEWSECTIONSTYLE
350
41E
  0
DICTIONARY
  5
2D
330
A
100
AcDbDictionary
280
     1
281
     1
  3
CREATED_BY_EZDXF
360
2E
  3
WRITTEN_BY_EZDXF
360
35E
  0
DIMASSOC
  5
3CA
102
{ACAD_REACTORS
330
3C0
102
}
330
3C0
100
AcDbDimAssoc
330
3B3
 90
        3
 70
     0
 71
     0
  1
AcDbOsnapPointRef
 72
     1
331
176
 73
     2
 91
        1
 40
1.0
 10
12648.125
 20
8018.938165849977
 30
0.0
 75
     0
  1
AcDbOsnapPointRef
 72
     1
331
176
 73
     2
 91
        2
 40
0.9999999999999998
 10
13235.5
 20
8006.238165849964
 30
0.0
 75
     0
  0
ACDBDETAILVIEWSTYLE
  5
38F
102
{ACAD_REACTORS
330
38E
102
}
330
38E
100
AcDbModelDocViewStyle
 70
     0
  3
Metric50
290
     0
300
Metric50
 90
        0
100
AcDbDetailViewStyle
 70
     0
 71
     0
 90
        3
 71
     1
340
29
 62
   256
 40
5.0
340
0
 62
   256
 40
5.0
300

 40
0.0
280
     1
 71
     2
340
26
 90
       25
 62
   256
 71
     3
340
29
 62
   256
 40
5.0
 90
        0
 40
15.0
 90
        1
300
%<\AcVar ViewDetailId>% (%<\AcVar ViewScale \f "%sn">%)
 71
     4
340
26
 90
       25
 62
   256
340
26
 90
       25
 62
   256
280
     0
  0
LAYOUT
  5
1E
330
D
100
AcDbPlotSettings
  1

  2
Canon E3400 series
  4
A3
  6

 40
7.5
 41
20.0
 42
7.5
 43
20.0
 44
420.0
 45
297.0
 46
0.0
 47
0.0
 48
0.0
 49
0.0
140
0.0
141
0.0
142
1.0
143
1.0
 70
     0
 72
     1
 73
     0
 74
     5
  7

 75
    16
147
1.0
 76
     0
 77
     2
 78
   300
148
0.0
149
0.0
100
AcDbLayout
  1
Layout1
 70
     1
 71
     1
 10
0.0
 20
0.0
 11
420.0
 21
297.0
 12
0.0
 22
0.0
 32
0.0
 14
1.000000000000000E+20
 24
1.000000000000000E+20
 34
1.000000000000000E+20
 15
-1.000000000000000E+20
 25
-1.000000000000000E+20
 35
-1.000000000000000E+20
146
0.0
 13
0.0
 23
0.0
 33
0.0
 16
1.0
 26
0.0
 36
0.0
 17
0.0
 27
1.0
 37
0.0
 76
     0
330
1B
  0
LAYOUT
  5
1A
330
D
100
AcDbPlotSettings
  1

  2
Canon E3400 series
  4
A3
  6

 40
7.5
 41
20.0
 42
7.5
 43
20.0
 44
420.0
 45
297.0
 46
0.0
 47
0.0
 48
0.0
 49
0.0
140
0.0
141
0.0
142
1.0
143
1.0
 70
  1024
 72
     1
 73
     0
 74
     5
  7

 75
    16
147
1.0
 76
     0
 77
     2
 78
   300
148
0.0
149
0.0
100
AcDbLayout
  1
Model
 70
     1
 71
     0
 10
0.0
 20
0.0
 11
420.0
 21
297.0
 12
0.0
 22
0.0
 32
0.0
 14
1.000000000000000E+20
 24
1.000000000000000E+20
 34
1.000000000000000E+20
 15
-1.000000000000000E+20
 25
-1.000000000000000E+20
 35
-1.000000000000000E+20
146
0.0
 13
0.0
 23
0.0
 33
0.0
 16
1.0
 26
0.0
 36
0.0
 17
0.0
 27
1.0
 37
0.0
 76
     1
330
17
331
23
  0
MATERIAL
  5
1F
102
{ACAD_REACTORS
330
E
102
}
330
E
100
AcDbMaterial
  1
ByBlock
 71
     1
 91
-1023410177
 73
     1
 78
     1
172
     1
176
     1
270
     1
273
     1
274
     1
 94
       63
  0
MATERIAL
  5
20
102
{ACAD_REACTORS
330
E
102
}
330
E
100
AcDbMaterial
  1
ByLayer
 71
     1
 91
-1023410177
 73
     1
 78
     1
172
     1
176
     1
270
     1
273
     1
274
     1
 94
       63
  0
MATERIAL
  5
21
102
{ACAD_XDICTIONARY
360
393
102
}
102
{ACAD_REACTORS
330
E
102
}
330
E
100
AcDbMaterial
  1
Global
 71
     1
 91
-1023410177
 73
     1
 78
     1
172
     1
176
     1
270
     1
273
     1
274
     1
 94
       63
  0
MLEADERSTYLE
  5
2C
102
{ACAD_REACTORS
330
F
102
}
330
F
100
AcDbMLeaderStyle
179
     2
170
     2
171
     1
172
     0
 90
        2
 40
0.0
 41
0.0
173
     1
 91
-1056964608
 92
       -2
290
     1
 42
2.0
291
     1
 43
8.0
  3
Standard
 44
4.0
300

342
29
174
     1
178
     1
175
     1
176
     0
 93
-1056964608
 45
4.0
292
     0
297
     0
 46
4.0
 94
-1056964608
 47
1.0
 49
1.0
140
1.0
293
     1
141
0.0
294
     1
177
     0
142
1.0
295
     0
296
     0
143
3.75
271
     0
272
     9
273
     9
298
     1
  0
MLINESTYLE
  5
22
102
{ACAD_REACTORS
330
10
102
}
330
10
100
AcDbMlineStyle
  2
STANDARD
 70
     0
  3

 62
   256
 51
90.0
 52
90.0
 71
     2
 49
0.5
 62
   256
  6
BYLAYER
 49
-0.5
 62
   256
  6
BYLAYER
  0
ACDBPLACEHOLDER
  5
13
330
12
  0
SCALE
  5
37B
102
{ACAD_REACTORS
330
14
102
}
330
14
100
AcDbScale
 70
     0
300
1:1
140
1.0
141
1.0
290
     1
  0
SCALE
  5
37C
102
{ACAD_REACTORS
330
14
102
}
330
14
100
AcDbScale
 70
     0
300
1:2
140
1.0
141
2.0
290
     0
  0
SCALE
  5
37D
102
{ACAD_REACTORS
330
14
102
}
330
14
100
AcDbScale
 70
     0
300
1:4
140
1.0
141
4.0
290
     0
  0
SCALE
  5
37E
102
{ACAD_REACTORS
330
14
102
}
330
14
100
AcDbScale
 70
     0
300
1:5
140
1.0
141
5.0
290
     0
  0
SCALE
  5
37F
102
{ACAD_REACTORS
330
14
102
}
330
14
100
AcDbScale
 70
     0
300
1:8
140
1.0
141
8.0
290
     0
  0
SCALE
  5
380
102
{ACAD_REACTORS
330
14
102
}
330
14
100
AcDbScale
 70
     0
300
1:10
140
1.0
141
10.0
290
     0
  0
SCALE
  5
381
102
{ACAD_REACTORS
330
14
102
}
330
14
100
AcDbScale
 70
     0
300
1:16
140
1.0
141
16.0
290
     0
  0
SCALE
  5
382
102
{ACAD_REACTORS
330
14
102
}
330
14
100
AcDbScale
 70
     0
300
1:20
140
1.0
141
20.0
290
     0
  0
SCALE
  5
383
102
{ACAD_REACTORS
330
14
102
}
330
14
100
AcDbScale
 70
     0
300
1:30
140
1.0
141
30.0
290
     0
  0
SCALE
  5
384
102
{ACAD_REACTORS
330
14
102
}
330
14
100
AcDbScale
 70
     0
300
1:40
140
1.0
141
40.0
290
     0
  0
SCALE
  5
385
102
{ACAD_REACTORS
330
14
102
}
330
14
100
AcDbScale
 70
     0
300
1:50
140
1.0
141
50.0
290
     0
  0
SCALE
  5
386
102
{ACAD_REACTORS
330
14
102
}
330
14
100
AcDbScale
 70
     0
300
1:100
140
1.0
141
100.0
290
     0
  0
SCALE
  5
387
102
{ACAD_REACTORS
330
14
102
}
330
14
100
AcDbScale
 70
     0
300
2:1
140
2.0
141
1.0
290
     0
  0
SCALE
  5
388
102
{ACAD_REACTORS
330
14
102
}
330
14
100
AcDbScale
 70
     0
300
4:1
140
4.0
141
1.0
290
     0
  0
SCALE
  5
389
102
{ACAD_REACTORS
330
14
102
}
330
14
100
AcDbScale
 70
     0
300
8:1
140
8.0
141
1.0
290
     0
  0
SCALE
  5
38A
102
{ACAD_REACTORS
330
14
102
}
330
14
100
AcDbScale
 70
     0
300
10:1
140
10.0
141
1.0
290
     0
  0
SCALE
  5
38B
102
{ACAD_REACTORS
330
14
102
}
330
14
100
AcDbScale
 70
     0
300
100:1
140
100.0
141
1.0
290
     0
  0
ACDBSECTIONVIEWSTYLE
  5
38D
102
{ACAD_REACTORS
330
38C
102
}
330
38C
100
AcDbModelDocViewStyle
 70
     0
  3
Metric50
290
     0
300
Metric50
 90
        0
100
AcDbSectionViewStyle
 70
     0
 71
     0
 90
      102
 71
     1
340
29
 62
   256
 40
5.0
340
0
340
0
 62
   256
 40
5.0
300
I, O, Q, S, X, Z
 40
10.0
 90
        0
 40
2.5
 90
        0
 71
     2
340
26
 90
       25
 62
   256
340
26
 90
       50
 62
   256
 40
5.0
 40
2.5
 40
5.0
 71
     3
340
29
 62
   256
 40
5.0
 90
        0
 40
15.0
 90
        1
300
%<\AcVar ViewSectionStartId>%-%<\AcVar ViewSectionEndId>% (%<\AcVar ViewScale \f "%sn">%)
 71
     4
 62
   256
 62
   257
300
ANSI31
 40
1.0
 90
        0
290
     0
290
     0
 90
        6
 40
0.0
 40
1.570796326794896
 40
0.2617993877991494
 40
1.308996938995747
 40
-0.2617993877991494
 40
1.832595714594046
  0
TABLESTYLE
  5
37A
102
{ACAD_XDICTIONARY
360
420
102
}
102
{ACAD_REACTORS
330
15
102
}
330
15
100
AcDbTableStyle
280
     0
  3
Standard
 70
     0
 71
     0
 40
1.5
 41
1.5
280
     0
281
     0
  7
Standard
140
4.5
170
     2
 62
     0
 63
     7
283
     0
 90
      512
 91
        0
  1

274
    -2
284
     1
 64
     0
275
    -2
285
     1
 65
     0
276
    -2
286
     1
 66
     0
277
    -2
287
     1
 67
     0
278
    -2
288
     1
 68
     0
279
    -2
289
     1
 69
     0
  7
Standard
140
6.0
170
     5
 62
     0
 63
     7
283
     0
 90
      512
 91
        0
  1

274
    -2
284
     1
 64
     0
275
    -2
285
     1
 65
     0
276
    -2
286
     1
 66
     0
277
    -2
287
     1
 67
     0
278
    -2
288
     1
 68
     0
279
    -2
289
     1
 69
     0
  7
Standard
140
4.5
170
     5
 62
     0
 63
     7
283
     0
 90
      512
 91
        0
  1

274
    -2
284
     1
 64
     0
275
    -2
285
     1
 65
     0
276
    -2
286
     1
 66
     0
277
    -2
287
     1
 67
     0
278
    -2
288
     1
 68
     0
279
    -2
289
     1
 69
     0
  0
VISUALSTYLE
  5
367
102
{ACAD_REACTORS
330
16
102
}
330
16
100
AcDbVisualStyle
  2
2dWireframe
 70
     4
177
     3
291
     0
 70
    58
 90
        0
176
     1
 90
        2
176
     1
 90
        0
176
     1
 90
        0
176
     1
 40
0.6
176
     1
 40
30.0
176
     1
 62
     7
420
 16777215
176
     1
 90
        1
176
     1
 90
        4
176
     1
 62
     7
176
     1
 62
   257
176
     1
 90
        1
176
     1
 90
        1
176
     1
 40
1.0
176
     1
 90
        0
176
     1
 62
   257
176
     1
 40
1.0
176
     1
 90
        1
176
     1
 90
        6
176
     1
 90
        2
176
     1
 62
     7
176
     1
 90
        5
176
     1
 90
        0
176
     1
 90
        0
176
     1
290
     0
176
     1
 90
        1
176
     1
 40
0.0
176
     1
 90
        0
176
     1
290
     1
176
     1
290
     1
176
     1
290
     0
176
     1
290
     0
176
     1
290
     0
176
     1
290
     0
176
     1
290
     0
176
     1
290
     0
176
     1
290
     0
176
     1
 90
       50
176
     1
 40
0.0
176
     1
 40
1.0
176
     1
 90
        0
176
     1
 62
    18
420
        0
176
     1
 90
       50
176
     1
 90
        3
176
     1
 62
     5
420
      255
176
     1
290
     0
176
     1
 90
       50
176
     1
 90
       50
176
     1
 90
       50
176
     1
290
     0
176
     1
 90
       50
176
     1
 62
   256
176
     0
 40
1.0
176
     0
 90
        2
176
     1
  1
strokes_ogs.tif
176
     1
290
     0
176
     1
 40
1.0
176
     1
 40
1.0
176
     1
  0
VISUALSTYLE
  5
366
102
{ACAD_REACTORS
330
16
102
}
330
16
100
AcDbVisualStyle
  2
Basic
 70
     7
177
     3
291
     1
 70
    58
 90
        1
176
     1
 90
        0
176
     1
 90
        1
176
     1
 90
        0
176
     1
 40
0.6
176
     1
 40
30.0
176
     1
 62
     7
420
 16777215
176
     1
 90
        0
176
     1
 90
        4
176
     1
 62
     7
176
     1
 62
   257
176
     1
 90
        1
176
     1
 90
        1
176
     1
 40
1.0
176
     1
 90
        8
176
     1
 62
     7
176
     1
 40
1.0
176
     1
 90
        1
176
     1
 90
        6
176
     1
 90
        2
176
     1
 62
     7
176
     1
 90
        5
176
     1
 90
        0
176
     1
 90
        0
176
     1
290
     0
176
     1
 90
        1
176
     1
 40
0.0
176
     1
 90
        0
176
     1
290
     0
176
     1
290
     1
176
     1
290
     1
176
     1
290
     0
176
     1
290
     0
176
     1
290
     0
176
     1
290
     0
176
     1
290
     0
176
     1
290
     0
176
     1
 90
       50
176
     1
 40
0.0
176
     1
 40
1.0
176
     1
 90
        0
176
     1
 62
    18
420
        0
176
     1
 90
       50
176
     1
 90
        3
176
     1
 62
     5
420
      255
176
     1
290
     0
176
     1
 90
       50
176
     1
 90
       50
176
     1
 90
       50
176
     1
290
     0
176
     1
 90
       50
176
     1
 62
   256
176
     0
 40
1.0
176
     0
 90
        2
176
     1
  1
strokes_ogs.tif
176
     1
290
     0
176
     1
 40
1.0
176
     1
 40
1.0
176
     1
  0
VISUALSTYLE
  5
36D
102
{ACAD_REACTORS
330
16
102
}
330
16
100
AcDbVisualStyle
  2
Brighten
 70
    12
177
     3
291
     1
 70
    58
 90
        2
176
     1
 90
        2
176
     1
 90
        0
176
     1
 90
        0
176
     1
 40
0.6
176
     1
 40
30.0
176
     1
 62
     7
420
 16777215
176
     1
 90
        1
176
     1
 90
        4
176
     1
 62
     7
176
     1
 62
   257
176
     1
 90
        1
176
     1
 90
        1
176
     1
 40
1.0
176
     1
 90
        8
176
     1
 62
     7
176
     1
 40
1.0
176
     1
 90
        1
176
     1
 90
        6
176
     1
 90
        2
176
     1
 62
     7
176
     1
 90
        5
176
     1
 90
        0
176
     1
 90
        0
176
     1
290
     0
176
     1
 90
        1
176
     1
 40
50.0
176
     1
 90
        0
176
     1
290
     0
176
     1
290
     1
176
     1
290
     1
176
     1
290
     0
176
     1
290
     0
176
     1
290
     0
176
     1
290
     0
176
     1
290
     0
176
     1
290
     0
176
     1
 90
       50
176
     1
 40
0.0
176
     1
 40
1.0
176
     1
 90
        0
176
     1
 62
    18
420
        0
176
     1
 90
       50
176
     1
 90
        3
176
     1
 62
     5
420
      255
176
     1
290
     0
176
     1
 90
       50
176
     1
 90
       50
176
     1
 90
       50
176
     1
290
     0
176
     1
 90
       50
176
     1
 62
   256
176
     0
 40
1.0
176
     0
 90
        2
176
     1
  1
strokes_ogs.tif
176
     1
290
     0
176
     1
 40
1.0
176
     1
 40
1.0
176
     1
  0
VISUALSTYLE
  5
371
102
{ACAD_REACTORS
330
16
102
}
330
16
100
AcDbVisualStyle
  2
ColorChange
 70
    16
177
     3
291
     1
 70
    58
 90
        2
176
     1
 90
        2
176
     1
 90
        3
176
     1
 90
        0
176
     1
 40
0.6
176
     1
 40
30.0
176
     1
 62
     8
420
  8421504
176
     1
 90
        1
176
     1
 90
        4
176
     1
 62
     7
176
     1
 62
   257
176
     1
 90
        1
176
     1
 90
        1
176
     1
 40
1.0
176
     1
 90
        8
176
     1
 62
     8
420
  8421504
176
     1
 40
1.0
176
     1
 90
        1
176
     1
 90
        6
176
     1
 90
        2
176
     1
 62
     7
176
     1
 90
        5
176
     1
 90
        0
176
     1
 90
        0
176
     1
290
     0
176
     1
 90
        1
176
     1
 40
0.0
176
     1
 90
        0
176
     1
290
     0
176
     1
290
     1
176
     1
290
     1
176
     1
290
     0
176
     1
290
     0
176
     1
290
     0
176
     1
290
     0
176
     1
290
     0
176
     1
290
     0
176
     1
 90
       50
176
     1
 40
0.0
176
     1
 40
1.0
176
     1
 90
        0
176
     1
 62
    18
420
        0
176
     1
 90
       50
176
     1
 90
        3
176
     1
 62
     5
420
      255
176
     1
290
     0
176
     1
 90
       50
176
     1
 90
       50
176
     1
 90
       50
176
     1
290
     0
176
     1
 90
       50
176
     1
 62
   256
176
     0
 40
1.0
176
     0
 90
        2
176
     1
  1
strokes_ogs.tif
176
     1
290
     0
176
     1
 40
1.0
176
     1
 40
1.0
176
     1
  0
VISUALSTYLE
  5
36A
102
{ACAD_REACTORS
330
16
102
}
330
16
100
AcDbVisualStyle
  2
Conceptual
 70
     9
177
     3
291
     0
 70
    58
 90
        3
176
     1
 90
        2
176
     1
 90
        0
176
     1
 90
        0
176
     1
 40
0.6
176
     1
 40
30.0
176
     1
 62
     7
420
 16777215
176
     1
 90
        2
176
     1
 90
        2
176
     1
 62
     7
176
     1
 62
   257
176
     1
 90
        1
176
     1
 90
        1
176
     1
 40
179.0
176
     1
 90
        8
176
     1
 62
     7
176
     1
 40
1.0
176
     1
 90
        1
176
     1
 90
        6
176
     1
 90
        2
176
     1
 62
     7
176
     1
 90
        3
176
     1
 90
        0
176
     1
 90
        0
176
     1
290
     0
176
     1
 90
        1
176
     1
 40
0.0
176
     1
 90
        0
176
     1
290
     0
176
     1
290
     1
176
     1
290
     1
176
     1
290
     0
176
     1
290
     0
176
     1
290
     0
176
     1
290
     0
176
     1
290
     0
176
     1
290
     0
176
     1
 90
       50
176
     1
 40
0.0
176
     1
 40
1.0
176
     1
 90
        0
176
     1
 62
    18
420
        0
176
     1
 90
       50
176
     1
 90
        3
176
     1
 62
     5
420
      255
176
     1
290
     0
176
     1
 90
       50
176
     1
 90
       50
176
     1
 90
       50
176
     1
290
     0
176
     1
 90
       50
176
     1
 62
   256
176
     0
 40
1.0
176
     0
 90
        2
176
     1
  1
strokes_ogs.tif
176
     1
290
     0
176
     1
 40
1.0
176
     1
 40
1.0
176
     1
  0
VISUALSTYLE
  5
36C
102
{ACAD_REACTORS
330
16
102
}
330
16
100
AcDbVisualStyle
  2
Dim
 70
    11
177
     3
291
     1
 70
    58
 90
        2
176
     1
 90
        2
176
     1
 90
        0
176
     1
 90
        0
176
     1
 40
0.6
176
     1
 40
30.0
176
     1
 62
     7
420
 16777215
176
     1
 90
        1
176
     1
 90
        4
176
     1
 62
     7
176
     1
 62
   257
176
     1
 90
        1
176
     1
 90
        1
176
     1
 40
1.0
176
     1
 90
        8
176
     1
 62
     7
176
     1
 40
1.0
176
     1
 90
        1
176
     1
 90
        6
176
     1
 90
        2
176
     1
 62
     7
176
     1
 90
        5
176
     1
 90
        0
176
     1
 90
        0
176
     1
290
     0
176
     1
 90
        1
176
     1
 40
-50.0
176
     1
 90
        0
176
     1
290
     0
176
     1
290
     1
176
     1
290
     1
176
     1
290
     0
176
     1
290
     0
176
     1
290
     0
176
     1
290
     0
176
     1
290
     0
176
     1
290
     0
176
     1
 90
       50
176
     1
 40
0.0
176
     1
 40
1.0
176
     1
 90
        0
176
     1
 62
    18
420
        0
176
     1
 90
       50
176
     1
 90
        3
176
     1
 62
     5
420
      255
176
     1
290
     0
176
     1
 90
       50
176
     1
 90
       50
176
     1
 90
       50
176
     1
290
     0
176
     1
 90
       50
176
     1
 62
   256
176
     0
 40
1.0
176
     0
 90
        2
176
     1
  1
strokes_ogs.tif
176
     1
290
     0
176
     1
 40
1.0
176
     1
 40
1.0
176
     1
  0
VISUALSTYLE
  5
379
102
{ACAD_REACTORS
330
16
102
}
330
16
100
AcDbVisualStyle
  2
EdgeColorOff
 70
    22
177
     3
291
     1
 70
    58
 90
        2
176
     0
 90
        2
176
     0
 90
        0
176
     0
 90
        0
176
     0
 40
0.6
176
     0
 40
30.0
176
     0
 62
     7
420
 16777215
176
     0
 90
        1
176
     0
 90
        4
176
     0
 62
     7
176
     0
 62
   257
176
     0
 90
        1
176
     0
 90
        1
176
     0
 40
1.0
176
     0
 90
        8
176
     2
 62
     7
176
     0
 40
1.0
176
     0
 90
        1
176
     0
 90
        6
176
     0
 90
        2
176
     0
 62
     7
176
     0
 90
        5
176
     0
 90
        0
176
     0
 90
        0
176
     0
290
     0
176
     0
 90
        1
176
     0
 40
0.0
176
     0
 90
        0
176
     0
290
     0
176
     0
290
     1
176
     0
290
     1
176
     0
290
     0
176
     0
290
     0
176
     0
290
     0
176
     0
290
     0
176
     0
290
     0
176
     0
290
     0
176
     0
 90
       50
176
     0
 40
0.0
176
     0
 40
1.0
176
     0
 90
        0
176
     0
 62
    18
420
        0
176
     0
 90
       50
176
     0
 90
        3
176
     0
 62
     5
420
      255
176
     0
290
     0
176
     0
 90
       50
176
     0
 90
       50
176
     0
 90
       50
176
     0
290
     0
176
     0
 90
       50
176
     0
 62
   256
176
     0
 40
1.0
176
     0
 90
        2
176
     0
  1
strokes_ogs.tif
176
     0
290
     0
176
     0
 40
1.0
176
     0
 40
1.0
176
     0
  0
VISUALSTYLE
  5
370
102
{ACAD_REACTORS
330
16
102
}
330
16
100
AcDbVisualStyle
  2
Facepattern
 70
    15
177
     3
291
     1
 70
    58
 90
        2
176
     1
 90
        2
176
     1
 90
        0
176
     1
 90
        0
176
     1
 40
0.6
176
     1
 40
30.0
176
     1
 62
     7
420
 16777215
176
     1
 90
        1
176
     1
 90
        4
176
     1
 62
     7
176
     1
 62
   257
176
     1
 90
        1
176
     1
 90
        1
176
     1
 40
1.0
176
     1
 90
        8
176
     1
 62
     7
176
     1
 40
1.0
176
     1
 90
        1
176
     1
 90
        6
176
     1
 90
        2
176
     1
 62
     7
176
     1
 90
        5
176
     1
 90
        0
176
     1
 90
        0
176
     1
290
     0
176
     1
 90
        1
176
     1
 40
0.0
176
     1
 90
        0
176
     1
290
     0
176
     1
290
     1
176
     1
290
     1
176
     1
290
     0
176
     1
290
     0
176
     1
290
     0
176
     1
290
     0
176
     1
290
     0
176
     1
290
     0
176
     1
 90
       50
176
     1
 40
0.0
176
     1
 40
1.0
176
     1
 90
        0
176
     1
 62
    18
420
        0
176
     1
 90
       50
176
     1
 90
        3
176
     1
 62
     5
420
      255
176
     1
290
     0
176
     1
 90
       50
176
     1
 90
       50
176
     1
 90
       50
176
     1
290
     0
176
     1
 90
       50
176
     1
 62
   256
176
     0
 40
1.0
176
     0
 90
        2
176
     1
  1
strokes_ogs.tif
176
     1
290
     0
176
     1
 40
1.0
176
     1
 40
1.0
176
     1
  0
VISUALSTYLE
  5
362
102
{ACAD_REACTORS
330
16
102
}
330
16
100
AcDbVisualStyle
  2
Flat
 70
     0
177
     3
291
     1
 70
    58
 90
        2
176
     1
 90
        1
176
     1
 90
        1
176
     1
 90
        2
176
     1
 40
0.6
176
     1
 40
30.0
176
     1
 62
     7
420
 16777215
176
     1
 90
        0
176
     1
 90
        0
176
     1
 62
     7
176
     1
 62
   257
176
     1
 90
        1
176
     1
 90
        1
176
     1
 40
1.0
176
     1
 90
        8
176
     1
 62
     7
176
     1
 40
1.0
176
     1
 90
        1
176
     1
 90
        6
176
     1
 90
        2
176
     1
 62
     7
176
     1
 90
        5
176
     1
 90
        0
176
     1
 90
        0
176
     1
290
     0
176
     1
 90
       13
176
     1
 40
0.0
176
     1
 90
        0
176
     1
290
     0
176
     1
290
     1
176
     1
290
     1
176
     1
290
     0
176
     1
290
     0
176
     1
290
     0
176
     1
290
     0
176
     1
290
     0
176
     1
290
     0
176
     1
 90
       50
176
     1
 40
0.0
176
     1
 40
1.0
176
     1
 90
        0
176
     1
 62
    18
420
        0
176
     1
 90
       50
176
     1
 90
        3
176
     1
 62
     5
420
      255
176
     1
290
     0
176
     1
 90
       50
176
     1
 90
       50
176
     1
 90
       50
176
     1
290
     0
176
     1
 90
       50
176
     1
 62
   256
176
     0
 40
1.0
176
     0
 90
        2
176
     1
  1
strokes_ogs.tif
176
     1
290
     0
176
     1
 40
1.0
176
     1
 40
1.0
176
     1
  0
VISUALSTYLE
  5
363
102
{ACAD_REACTORS
330
16
102
}
330
16
100
AcDbVisualStyle
  2
FlatWithEdges
 70
     1
177
     3
291
     1
 70
    58
 90
        2
176
     1
 90
        1
176
     1
 90
        1
176
     1
 90
        2
176
     1
 40
0.6
176
     1
 40
30.0
176
     1
 62
     7
420
 16777215
176
     1
 90
        1
176
     1
 90
        0
176
     1
 62
     7
176
     1
 62
   257
176
     1
 90
        1
176
     1
 90
        1
176
     1
 40
1.0
176
     1
 90
        0
176
     1
 62
   257
176
     1
 40
1.0
176
     1
 90
        1
176
     1
 90
        6
176
     1
 90
        2
176
     1
 62
     7
176
     1
 90
        5
176
     1
 90
        0
176
     1
 90
        0
176
     1
290
     0
176
     1
 90
       13
176
     1
 40
0.0
176
     1
 90
        0
176
     1
290
     0
176
     1
290
     1
176
     1
290
     1
176
     1
290
     0
176
     1
290
     0
176
     1
290
     0
176
     1
290
     0
176
     1
290
     0
176
     1
290
     0
176
     1
 90
       50
176
     1
 40
0.0
176
     1
 40
1.0
176
     1
 90
        0
176
     1
 62
    18
420
        0
176
     1
 90
       50
176
     1
 90
        3
176
     1
 62
     5
420
      255
176
     1
290
     0
176
     1
 90
       50
176
     1
 90
       50
176
     1
 90
       50
176
     1
290
     0
176
     1
 90
       50
176
     1
 62
   256
176
     0
 40
1.0
176
     0
 90
        2
176
     1
  1
strokes_ogs.tif
176
     1
290
     0
176
     1
 40
1.0
176
     1
 40
1.0
176
     1
  0
VISUALSTYLE
  5
364
102
{ACAD_REACTORS
330
16
102
}
330
16
100
AcDbVisualStyle
  2
Gouraud
 70
     2
177
     3
291
     1
 70
    58
 90
        2
176
     1
 90
        2
176
     1
 90
        1
176
     1
 90
        2
176
     1
 40
0.6
176
     1
 40
30.0
176
     1
 62
     7
420
 16777215
176
     1
 90
        0
176
     1
 90
        0
176
     1
 62
     7
176
     1
 62
   257
176
     1
 90
        1
176
     1
 90
        1
176
     1
 40
1.0
176
     1
 90
        0
176
     1
 62
     7
176
     1
 40
1.0
176
     1
 90
        1
176
     1
 90
        6
176
     1
 90
        2
176
     1
 62
     7
176
     1
 90
        5
176
     1
 90
        0
176
     1
 90
        0
176
     1
290
     0
176
     1
 90
       13
176
     1
 40
0.0
176
     1
 90
        0
176
     1
290
     0
176
     1
290
     1
176
     1
290
     1
176
     1
290
     0
176
     1
290
     0
176
     1
290
     0
176
     1
290
     0
176
     1
290
     0
176
     1
290
     0
176
     1
 90
       50
176
     1
 40
0.0
176
     1
 40
1.0
176
     1
 90
        0
176
     1
 62
    18
420
        0
176
     1
 90
       50
176
     1
 90
        3
176
     1
 62
     5
420
      255
176
     1
290
     0
176
     1
 90
       50
176
     1
 90
       50
176
     1
 90
       50
176
     1
290
     0
176
     1
 90
       50
176
     1
 62
   256
176
     0
 40
1.0
176
     0
 90
        2
176
     1
  1
strokes_ogs.tif
176
     1
290
     0
176
     1
 40
1.0
176
     1
 40
1.0
176
     1
  0
VISUALSTYLE
  5
365
102
{ACAD_REACTORS
330
16
102
}
330
16
100
AcDbVisualStyle
  2
GouraudWithEdges
 70
     3
177
     3
291
     1
 70
    58
 90
        2
176
     1
 90
        2
176
     1
 90
        1
176
     1
 90
        2
176
     1
 40
0.6
176
     1
 40
30.0
176
     1
 62
     7
420
 16777215
176
     1
 90
        1
176
     1
 90
        0
176
     1
 62
     7
176
     1
 62
   257
176
     1
 90
        1
176
     1
 90
        1
176
     1
 40
1.0
176
     1
 90
        0
176
     1
 62
   257
176
     1
 40
1.0
176
     1
 90
        1
176
     1
 90
        6
176
     1
 90
        2
176
     1
 62
     7
176
     1
 90
        5
176
     1
 90
        0
176
     1
 90
        0
176
     1
290
     0
176
     1
 90
       13
176
     1
 40
0.0
176
     1
 90
        0
176
     1
290
     0
176
     1
290
     1
176
     1
290
     1
176
     1
290
     0
176
     1
290
     0
176
     1
290
     0
176
     1
290
     0
176
     1
290
     0
176
     1
290
     0
176
     1
 90
       50
176
     1
 40
0.0
176
     1
 40
1.0
176
     1
 90
        0
176
     1
 62
    18
420
        0
176
     1
 90
       50
176
     1
 90
        3
176
     1
 62
     5
420
      255
176
     1
290
     0
176
     1
 90
       50
176
     1
 90
       50
176
     1
 90
       50
176
     1
290
     0
176
     1
 90
       50
176
     1
 62
   256
176
     0
 40
1.0
176
     0
 90
        2
176
     1
  1
strokes_ogs.tif
176
     1
290
     0
176
     1
 40
1.0
176
     1
 40
1.0
176
     1
  0
VISUALSTYLE
  5
369
102
{ACAD_REACTORS
330
16
102
}
330
16
100
AcDbVisualStyle
  2
Hidden
 70
     6
177
     3
291
     0
 70
    58
 90
        1
176
     1
 90
        2
176
     1
 90
        2
176
     1
 90
        0
176
     1
 40
0.6
176
     1
 40
30.0
176
     1
 62
     7
420
 16777215
176
     1
 90
        2
176
     1
 90
        2
176
     1
 62
     7
176
     1
 62
   257
176
     1
 90
        2
176
     1
 90
        1
176
     1
 40
40.0
176
     1
 90
        0
176
     1
 62
   257
176
     1
 40
1.0
176
     1
 90
        1
176
     1
 90
        6
176
     1
 90
        2
176
     1
 62
     7
176
     1
 90
        3
176
     1
 90
        0
176
     1
 90
        0
176
     1
290
     0
176
     1
 90
        1
176
     1
 40
0.0
176
     1
 90
        0
176
     1
290
     0
176
     1
290
     1
176
     1
290
     1
176
     1
290
     0
176
     1
290
     0
176
     1
290
     0
176
     1
290
     0
176
     1
290
     0
176
     1
290
     0
176
     1
 90
       50
176
     1
 40
0.0
176
     1
 40
1.0
176
     1
 90
        0
176
     1
 62
    18
420
        0
176
     1
 90
       50
176
     1
 90
        3
176
     1
 62
     5
420
      255
176
     1
290
     0
176
     1
 90
       50
176
     1
 90
       50
176
     1
 90
       50
176
     1
290
     0
176
     1
 90
       50
176
     1
 62
   256
176
     0
 40
1.0
176
     0
 90
        2
176
     1
  1
strokes_ogs.tif
176
     1
290
     0
176
     1
 40
1.0
176
     1
 40
1.0
176
     1
  0
VISUALSTYLE
  5
377
102
{ACAD_REACTORS
330
16
102
}
330
16
100
AcDbVisualStyle
  2
JitterOff
 70
    20
177
     3
291
     1
 70
    58
 90
        2
176
     0
 90
        2
176
     0
 90
        0
176
     0
 90
        0
176
     0
 40
0.6
176
     0
 40
30.0
176
     0
 62
     7
420
 16777215
176
     0
 90
        1
176
     0
 90
        4
176
     0
 62
     7
176
     0
 62
   257
176
     0
 90
        1
176
     0
 90
        1
176
     0
 40
1.0
176
     0
 90
       10
176
     2
 62
     7
176
     0
 40
1.0
176
     0
 90
        1
176
     0
 90
        6
176
     0
 90
        2
176
     0
 62
     7
176
     0
 90
        5
176
     0
 90
        0
176
     0
 90
        0
176
     0
290
     0
176
     0
 90
        1
176
     0
 40
0.0
176
     0
 90
        0
176
     0
290
     0
176
     0
290
     1
176
     0
290
     1
176
     0
290
     0
176
     0
290
     0
176
     0
290
     0
176
     0
290
     0
176
     0
290
     0
176
     0
290
     0
176
     0
 90
       50
176
     0
 40
0.0
176
     0
 40
1.0
176
     0
 90
        0
176
     0
 62
    18
420
        0
176
     0
 90
       50
176
     0
 90
        3
176
     0
 62
     5
420
      255
176
     0
290
     0
176
     0
 90
       50
176
     0
 90
       50
176
     0
 90
       50
176
     0
290
     0
176
     0
 90
       50
176
     0
 62
   256
176
     0
 40
1.0
176
     0
 90
        2
176
     0
  1
strokes_ogs.tif
176
     0
290
     0
176
     0
 40
1.0
176
     0
 40
1.0
176
     0
  0
VISUALSTYLE
  5
36F
102
{ACAD_REACTORS
330
16
102
}
330
16
100
AcDbVisualStyle
  2
Linepattern
 70
    14
177
     3
291
     1
 70
    58
 90
        2
176
     1
 90
        2
176
     1
 90
        0
176
     1
 90
        0
176
     1
 40
0.6
176
     1
 40
30.0
176
     1
 62
     7
420
 16777215
176
     1
 90
        1
176
     1
 90
        4
176
     1
 62
     7
176
     1
 62
   257
176
     1
 90
        7
176
     1
 90
        7
176
     1
 40
1.0
176
     1
 90
        8
176
     1
 62
     7
176
     1
 40
1.0
176
     1
 90
        1
176
     1
 90
        6
176
     1
 90
        2
176
     1
 62
     7
176
     1
 90
        5
176
     1
 90
        0
176
     1
 90
        0
176
     1
290
     0
176
     1
 90
        1
176
     1
 40
0.0
176
     1
 90
        0
176
     1
290
     0
176
     1
290
     1
176
     1
290
     1
176
     1
290
     0
176
     1
290
     0
176
     1
290
     0
176
     1
290
     0
176
     1
290
     0
176
     1
290
     0
176
     1
 90
       50
176
     1
 40
0.0
176
     1
 40
1.0
176
     1
 90
        0
176
     1
 62
    18
420
        0
176
     1
 90
       50
176
     1
 90
        3
176
     1
 62
     5
420
      255
176
     1
290
     0
176
     1
 90
       50
176
     1
 90
       50
176
     1
 90
       50
176
     1
290
     0
176
     1
 90
       50
176
     1
 62
   256
176
     0
 40
1.0
176
     0
 90
        2
176
     1
  1
strokes_ogs.tif
176
     1
290
     0
176
     1
 40
1.0
176
     1
 40
1.0
176
     1
  0
VISUALSTYLE
  5
378
102
{ACAD_REACTORS
330
16
102
}
330
16
100
AcDbVisualStyle
  2
OverhangOff
 70
    21
177
     3
291
     1
 70
    58
 90
        2
176
     0
 90
        2
176
     0
 90
        0
176
     0
 90
        0
176
     0
 40
0.6
176
     0
 40
30.0
176
     0
 62
     7
420
 16777215
176
     0
 90
        1
176
     0
 90
        4
176
     0
 62
     7
176
     0
 62
   257
176
     0
 90
        1
176
     0
 90
        1
176
     0
 40
1.0
176
     0
 90
        9
176
     2
 62
     7
176
     0
 40
1.0
176
     0
 90
        1
176
     0
 90
        6
176
     0
 90
        2
176
     0
 62
     7
176
     0
 90
        5
176
     0
 90
        0
176
     0
 90
        0
176
     0
290
     0
176
     0
 90
        1
176
     0
 40
0.0
176
     0
 90
        0
176
     0
290
     0
176
     0
290
     1
176
     0
290
     1
176
     0
290
     0
176
     0
290
     0
176
     0
290
     0
176
     0
290
     0
176
     0
290
     0
176
     0
290
     0
176
     0
 90
       50
176
     0
 40
0.0
176
     0
 40
1.0
176
     0
 90
        0
176
     0
 62
    18
420
        0
176
     0
 90
       50
176
     0
 90
        3
176
     0
 62
     5
420
      255
176
     0
290
     0
176
     0
 90
       50
176
     0
 90
       50
176
     0
 90
       50
176
     0
290
     0
176
     0
 90
       50
176
     0
 62
   256
176
     0
 40
1.0
176
     0
 90
        2
176
     0
  1
strokes_ogs.tif
176
     0
290
     0
176
     0
 40
1.0
176
     0
 40
1.0
176
     0
  0
VISUALSTYLE
  5
36B
102
{ACAD_REACTORS
330
16
102
}
330
16
100
AcDbVisualStyle
  2
Realistic
 70
     8
177
     3
291
     0
 70
    58
 90
        2
176
     1
 90
        3
176
     1
 90
        0
176
     1
 90
        2
176
     1
 40
0.6
176
     1
 40
30.0
176
     1
 62
     7
420
 16777215
176
     1
 90
        0
176
     1
 90
        0
176
     1
 62
     7
176
     1
 62
   257
176
     1
 90
        1
176
     1
 90
        1
176
     1
 40
1.0
176
     1
 90
        8
176
     1
 62
   257
176
     1
 40
1.0
176
     1
 90
        1
176
     1
 90
        6
176
     1
 90
        2
176
     1
 62
     7
176
     1
 90
        3
176
     1
 90
        0
176
     1
 90
        0
176
     1
290
     0
176
     1
 90
       13
176
     1
 40
0.0
176
     1
 90
        0
176
     1
290
     0
176
     1
290
     1
176
     1
290
     1
176
     1
290
     0
176
     1
290
     0
176
     1
290
     0
176
     1
290
     0
176
     1
290
     0
176
     1
290
     0
176
     1
 90
       50
176
     1
 40
0.0
176
     1
 40
1.0
176
     1
 90
        0
176
     1
 62
    18
420
        0
176
     1
 90
       50
176
     1
 90
        3
176
     1
 62
     5
420
      255
176
     1
290
     0
176
     1
 90
       50
176
     1
 90
       50
176
     1
 90
       50
176
     1
290
     0
176
     1
 90
       50
176
     1
 62
   256
176
     0
 40
1.0
176
     0
 90
        2
176
     1
  1
strokes_ogs.tif
176
     1
290
     0
176
     1
 40
1.0
176
     1
 40
1.0
176
     1
  0
VISUALSTYLE
  5
376
102
{ACAD_REACTORS
330
16
102
}
330
16
100
AcDbVisualStyle
  2
Shaded
 70
    27
177
     3
291
     0
 70
    58
 90
        2
176
     1
 90
        2
176
     1
 90
        1
176
     1
 90
        2
176
     1
 40
0.6
176
     1
 40
30.0
176
     1
 62
     7
420
 16777215
176
     1
 90
        0
176
     1
 90
        4
176
     1
 62
     7
176
     1
 62
   257
176
     1
 90
        1
176
     1
 90
        1
176
     1
 40
1.0
176
     1
 90
        8
176
     1
 62
   257
176
     1
 40
1.0
176
     1
 90
        1
176
     1
 90
        6
176
     1
 90
        2
176
     1
 62
     8
420
  7895160
176
     1
 90
        3
176
     1
 90
        0
176
     1
 90
        0
176
     1
290
     0
176
     1
 90
        5
176
     1
 40
0.0
176
     1
 90
        0
176
     1
290
     0
176
     1
290
     1
176
     1
290
     1
176
     1
290
     0
176
     1
290
     0
176
     1
290
     0
176
     1
290
     0
176
     1
290
     0
176
     1
290
     0
176
     1
 90
       50
176
     1
 40
0.0
176
     1
 40
1.0
176
     1
 90
        0
176
     1
 62
    18
420
        0
176
     1
 90
       50
176
     1
 90
        3
176
     1
 62
     5
420
      255
176
     1
290
     0
176
     1
 90
       50
176
     1
 90
       50
176
     1
 90
       50
176
     1
290
     0
176
     1
 90
       50
176
     1
 62
   256
176
     0
 40
1.0
176
     0
 90
        2
176
     1
  1
strokes_ogs.tif
176
     1
290
     0
176
     1
 40
1.0
176
     1
 40
1.0
176
     1
  0
VISUALSTYLE
  5
375
102
{ACAD_REACTORS
330
16
102
}
330
16
100
AcDbVisualStyle
  2
Shaded with edges
 70
    26
177
     3
291
     0
 70
    58
 90
        2
176
     1
 90
        2
176
     1
 90
        1
176
     1
 90
        2
176
     1
 40
0.6
176
     1
 40
30.0
176
     1
 62
     7
420
 16777215
176
     1
 90
        1
176
     1
 90
        2
176
     1
 62
     7
176
     1
 62
   257
176
     1
 90
        2
176
     1
 90
        1
176
     1
 40
1.0
176
     1
 90
        8
176
     1
 62
   257
176
     1
 40
1.0
176
     1
 90
        1
176
     1
 90
        6
176
     1
 90
        2
176
     1
 62
     7
176
     1
 90
        3
176
     1
 90
        0
176
     1
 90
        0
176
     1
290
     0
176
     1
 90
        5
176
     1
 40
0.0
176
     1
 90
        0
176
     1
290
     0
176
     1
290
     1
176
     1
290
     1
176
     1
290
     0
176
     1
290
     0
176
     1
290
     0
176
     1
290
     0
176
     1
290
     0
176
     1
290
     0
176
     1
 90
       50
176
     1
 40
0.0
176
     1
 40
1.0
176
     1
 90
        0
176
     1
 62
    18
420
        0
176
     1
 90
       50
176
     1
 90
        3
176
     1
 62
     5
420
      255
176
     1
290
     0
176
     1
 90
       50
176
     1
 90
       50
176
     1
 90
       50
176
     1
290
     0
176
     1
 90
       50
176
     1
 62
   256
176
     0
 40
1.0
176
     0
 90
        2
176
     1
  1
strokes_ogs.tif
176
     1
290
     0
176
     1
 40
1.0
176
     1
 40
1.0
176
     1
  0
VISUALSTYLE
  5
372
102
{ACAD_REACTORS
330
16
102
}
330
16
100
AcDbVisualStyle
  2
Shades of Gray
 70
    23
177
     3
291
     0
 70
    58
 90
        2
176
     1
 90
        2
176
     1
 90
        3
176
     1
 90
        0
176
     1
 40
0.6
176
     1
 40
30.0
176
     1
 62
     7
420
 16777215
176
     1
 90
        2
176
     1
 90
        2
176
     1
 62
     7
176
     1
 62
     7
176
     1
 90
        1
176
     1
 90
        1
176
     1
 40
40.0
176
     1
 90
        8
176
     1
 62
     7
176
     1
 40
1.0
176
     1
 90
        1
176
     1
 90
        6
176
     1
 90
        2
176
     1
 62
     7
176
     1
 90
        3
176
     1
 90
        0
176
     1
 90
        0
176
     1
290
     0
176
     1
 90
        1
176
     1
 40
0.0
176
     1
 90
        0
176
     1
290
     0
176
     1
290
     1
176
     1
290
     1
176
     1
290
     0
176
     1
290
     0
176
     1
290
     0
176
     1
290
     0
176
     1
290
     0
176
     1
290
     0
176
     1
 90
       50
176
     1
 40
0.0
176
     1
 40
1.0
176
     1
 90
        0
176
     1
 62
    18
420
        0
176
     1
 90
       50
176
     1
 90
        3
176
     1
 62
     5
420
      255
176
     1
290
     0
176
     1
 90
       50
176
     1
 90
       50
176
     1
 90
       50
176
     1
290
     0
176
     1
 90
       50
176
     1
 62
   256
176
     0
 40
1.0
176
     0
 90
        2
176
     1
  1
strokes_ogs.tif
176
     1
290
     0
176
     1
 40
1.0
176
     1
 40
1.0
176
     1
  0
VISUALSTYLE
  5
373
102
{ACAD_REACTORS
330
16
102
}
330
16
100
AcDbVisualStyle
  2
Sketchy
 70
    24
177
     3
291
     0
 70
    58
 90
        1
176
     1
 90
        2
176
     1
 90
        2
176
     1
 90
        0
176
     1
 40
0.6
176
     1
 40
30.0
176
     1
 62
     7
420
 16777215
176
     1
 90
        2
176
     1
 90
        2
176
     1
 62
     7
176
     1
 62
     7
176
     1
 90
        1
176
     1
 90
        1
176
     1
 40
40.0
176
     1
 90
       11
176
     1
 62
     7
176
     1
 40
1.0
176
     1
 90
        1
176
     1
 90
        6
176
     1
 90
        2
176
     1
 62
     7
176
     1
 90
        6
176
     1
 90
        0
176
     1
 90
        0
176
     1
290
     0
176
     1
 90
        1
176
     1
 40
0.0
176
     1
 90
        0
176
     1
290
     0
176
     1
290
     1
176
     1
290
     1
176
     1
290
     0
176
     1
290
     0
176
     1
290
     0
176
     1
290
     0
176
     1
290
     0
176
     1
290
     0
176
     1
 90
       50
176
     1
 40
0.0
176
     1
 40
1.0
176
     1
 90
        0
176
     1
 62
    18
420
        0
176
     1
 90
       50
176
     1
 90
        3
176
     1
 62
     5
420
      255
176
     1
290
     0
176
     1
 90
       50
176
     1
 90
       50
176
     1
 90
       50
176
     1
290
     0
176
     1
 90
       50
176
     1
 62
   256
176
     0
 40
1.0
176
     0
 90
        2
176
     1
  1
strokes_ogs.tif
176
     1
290
     0
176
     1
 40
1.0
176
     1
 40
1.0
176
     1
  0
VISUALSTYLE
  5
36E
102
{ACAD_REACTORS
330
16
102
}
330
16
100
AcDbVisualStyle
  2
Thicken
 70
    13
177
     3
291
     1
 70
    58
 90
        2
176
     1
 90
        2
176
     1
 90
        0
176
     1
 90
        0
176
     1
 40
0.6
176
     1
 40
30.0
176
     1
 62
     7
420
 16777215
176
     1
 90
        1
176
     1
 90
        4
176
     1
 62
     7
176
     1
 62
   257
176
     1
 90
        1
176
     1
 90
        1
176
     1
 40
1.0
176
     1
 90
       12
176
     1
 62
     7
176
     1
 40
1.0
176
     1
 90
        1
176
     1
 90
        6
176
     1
 90
        2
176
     1
 62
     7
176
     1
 90
        5
176
     1
 90
        0
176
     1
 90
        0
176
     1
290
     0
176
     1
 90
        1
176
     1
 40
0.0
176
     1
 90
        0
176
     1
290
     0
176
     1
290
     1
176
     1
290
     1
176
     1
290
     0
176
     1
290
     0
176
     1
290
     0
176
     1
290
     0
176
     1
290
     0
176
     1
290
     0
176
     1
 90
       50
176
     1
 40
0.0
176
     1
 40
1.0
176
     1
 90
        0
176
     1
 62
    18
420
        0
176
     1
 90
       50
176
     1
 90
        3
176
     1
 62
     5
420
      255
176
     1
290
     0
176
     1
 90
       50
176
     1
 90
       50
176
     1
 90
       50
176
     1
290
     0
176
     1
 90
       50
176
     1
 62
   256
176
     0
 40
1.0
176
     0
 90
        2
176
     1
  1
strokes_ogs.tif
176
     1
290
     0
176
     1
 40
1.0
176
     1
 40
1.0
176
     1
  0
VISUALSTYLE
  5
368
102
{ACAD_REACTORS
330
16
102
}
330
16
100
AcDbVisualStyle
  2
Wireframe
 70
     5
177
     3
291
     0
 70
    58
 90
        0
176
     1
 90
        2
176
     1
 90
        0
176
     1
 90
        0
176
     1
 40
0.6
176
     1
 40
30.0
176
     1
 62
     7
420
 16777215
176
     1
 90
        1
176
     1
 90
        4
176
     1
 62
     7
176
     1
 62
   257
176
     1
 90
        1
176
     1
 90
        1
176
     1
 40
1.0
176
     1
 90
        0
176
     1
 62
   257
176
     1
 40
1.0
176
     1
 90
        1
176
     1
 90
        6
176
     1
 90
        2
176
     1
 62
     7
176
     1
 90
        3
176
     1
 90
        0
176
     1
 90
        0
176
     1
290
     0
176
     1
 90
        1
176
     1
 40
0.0
176
     1
 90
        0
176
     1
290
     0
176
     1
290
     1
176
     1
290
     1
176
     1
290
     0
176
     1
290
     0
176
     1
290
     0
176
     1
290
     0
176
     1
290
     0
176
     1
290
     0
176
     1
 90
       50
176
     1
 40
0.0
176
     1
 40
1.0
176
     1
 90
        0
176
     1
 62
    18
420
        0
176
     1
 90
       50
176
     1
 90
        3
176
     1
 62
     5
420
      255
176
     1
290
     0
176
     1
 90
       50
176
     1
 90
       50
176
     1
 90
       50
176
     1
290
     0
176
     1
 90
       50
176
     1
 62
   256
176
     0
 40
1.0
176
     0
 90
        2
176
     1
  1
strokes_ogs.tif
176
     1
290
     0
176
     1
 40
1.0
176
     1
 40
1.0
176
     1
  0
VISUALSTYLE
  5
374
102
{ACAD_REACTORS
330
16
102
}
330
16
100
AcDbVisualStyle
  2
X-Ray
 70
    25
177
     3
291
     0
 70
    58
 90
        2
176
     1
 90
        2
176
     1
 90
        1
176
     1
 90
        1
176
     1
 40
0.5
176
     1
 40
30.0
176
     1
 62
     7
420
 16777215
176
     1
 90
        1
176
     1
 90
        0
176
     1
 62
     7
176
     1
 62
   257
176
     1
 90
        1
176
     1
 90
        1
176
     1
 40
1.0
176
     1
 90
        8
176
     1
 62
     7
176
     1
 40
1.0
176
     1
 90
        1
176
     1
 90
        6
176
     1
 90
        2
176
     1
 62
     7
176
     1
 90
        3
176
     1
 90
        0
176
     1
 90
        0
176
     1
290
     0
176
     1
 90
       13
176
     1
 40
0.0
176
     1
 90
        0
176
     1
290
     0
176
     1
290
     1
176
     1
290
     1
176
     1
290
     0
176
     1
290
     0
176
     1
290
     0
176
     1
290
     0
176
     1
290
     0
176
     1
290
     0
176
     1
 90
       50
176
     1
 40
0.0
176
     1
 40
1.0
176
     1
 90
        0
176
     1
 62
    18
420
        0
176
     1
 90
       50
176
     1
 90
        3
176
     1
 62
     5
420
      255
176
     1
290
     0
176
     1
 90
       50
176
     1
 90
       50
176
     1
 90
       50
176
     1
290
     0
176
     1
 90
       50
176
     1
 62
   256
176
     0
 40
1.0
176
     0
 90
        2
176
     1
  1
strokes_ogs.tif
176
     1
290
     0
176
     1
 40
1.0
176
     1
 40
1.0
176
     1
  0
DICTIONARYVAR
  5
41F
102
{ACAD_REACTORS
330
41A
102
}
330
41A
100
DictionaryVariables
280
     0
  1
1:1
  0
DICTIONARYVAR
  5
41C
102
{ACAD_REACTORS
330
41A
102
}
330
41A
100
DictionaryVariables
280
     0
  1
STANDARD
  0
DICTIONARYVAR
  5
41B
102
{ACAD_REACTORS
330
41A
102
}
330
41A
100
DictionaryVariables
280
     0
  1
STANDARD
  0
DICTIONARYVAR
  5
41D
102
{ACAD_REACTORS
330
41A
102
}
330
41A
100
DictionaryVariables
280
     0
  1
Metric50
  0
DICTIONARYVAR
  5
41E
102
{ACAD_REACTORS
330
41A
102
}
330
41A
100
DictionaryVariables
280
     0
  1
Metric50
  0
DICTIONARYVAR
  5
2E
330
2D
100
DictionaryVariables
280
     0
  1
1.4.4 @ 2026-08-04T11:51:32.948386+00:00
  0
DICTIONARYVAR
  5
35E
330
2D
100
DictionaryVariables
280
     0
  1
1.4.4 @ 2026-08-04T11:51:33.241831+00:00
  0
DICTIONARY
  5
393
330
21
100
AcDbDictionary
280
     1
281
     1
  3
FBXASSET
360
394
  0
DICTIONARY
  5
420
330
37A
100
AcDbDictionary
280
     1
281
     1
  3
ACAD_ROUNDTRIP_2008_TABLESTYLE_CELLSTYLEMAP
360
421
  0
XRECORD
  5
394
102
{ACAD_REACTORS
330
393
102
}
330
393
100
AcDbXrecord
280
     1
 70
     1
 90
604169412
 71
     1
  1
91A9EACC-C8E0-40EB-9D4E-C5F013B0832E
311
504B0304140006080800F8A0045D131FBA131D010000A80100004F00000034444141464542432D303537332D344546322D384137362D4231324642464530333641352F4173736574446174612F446566696E6974696F6E4974657261746F7250726F706572746965732E62696E6D513D4FC33010350C20241890D8583A3062
311
62274E932021E44F2616F801C80D6E13C94DAB261162A223133F93BF0167E176C2D2F33DDD3DDF3DDB9F08A19FB880A203C016F633880FAE739BB67EAE1BB7B4E82864FC6A66FD15302A722234D358492631E3D4E08AD202B3CA489E9665A1953A04DD3140B9B91DFD105A3EB67DEDBCB79D5B8DFD3924E28CC9D20E30CBFA
311
9B70E804A110B600B42BF4A1D3E2CF5130F906B0AFEBDB7BDBF76EB84B98E2DC682131C98B0C336D525CF2628A054D8D309A64539E274FAE5F8D9BDAF5494579A5B99458969A6046B4C09582EBC8DC109A095266A94E86660C4F73116CCC3ADBFA8424D1C2CBBA5B407ABF4E239B5C7E7C7F81F9EB18F7824876BA32D6D53F
311
BAF9F0BE6E5C5BC3E8FDDFFC02504B0304140006080800F8A0045D8AA9EE531F010000300200004500000034444141464542432D303537332D344546322D384137362D4231324642464530333641352F4173736574446174612F496E7374616E636550726F706572746965732E62696E75513B4EC340109D10241A8873039A
311
1450AC647BD7215BF9B3DE7080B4692CDB522848112151E2928EF3D072060E9023B8414A61C9CC78BDB2A5C048E3F776DEFCD6FB0E006D6F4861825EE1F706F1B1DC9787A77C93EFCAE76C8101E9C552C74A31B5D22E13AE4E984C85662A58BB1E4FDC15F7F5D5504825DC13A9F603C9022138134BDF63C93A4999F7C05DB5
311
544AC65A629AB1FBEDC7D7CFDD77887881910ADD9E3B3459754862B729C23C82391D8D2D22CBFEC13AEC8533620323C439534CAF865E563CF66DAE0769C4E87F0E8AAD1925F4B4F88C0CB3297F607757F346E2BC4317A9C34B447AB919FAE6357BC9772C3964FBA22C48A9DB5B80136D5CD3660E1C5BE26F60C6350E4043C2
311
D404E88C03E9E66827CCA5DAAA6D27D038BF504B0304140006080800F8A0045DB5A795FFE3790000DE7900006B00000034444141464542432D303537332D344546322D384137362D4231324642464530333641352F5265736F75726365732F39314139454143432D433845302D343045422D394434452D4335463031334230
311
383332452F7468756D626E61696C2F302F67656E657269635F706E6701DE79218689504E470D0A1A0A0000000D49484452000001000000010008030000006BAC58540000000467414D410000B18F0BFC6105000000017352474200AECE1CE900000192504C5445818181B3B3B35A5A5A4848486060605C5C5C646464838383
311
5E5E5E6262624E4E4EAFAFAF4A4A4AB5B5B54C4C4CB1B1B1858585B7B7B7585858ADADAD7C7C7C464646787878ABABAB747474A7A7A7686868707070B9B9B96E6E6E6A6A6A8B8B8B666666545454565656A5A5A5505050A1A1A1BBBBBB8F8F8F9F9F9F4242425252527676764040403E3E3E9B9B9B7A7A7A8989897E7E7E93
311
93939797974444448787873C3C3C727272BDBDBD3A3A3A6C6C6CA9A9A9A3A3A32020209D9D9DBFBFBF8D8D8D9595959191912626269999992222222424241E1E1EC1C1C1282828C3C3C32C2C2C2A2A2A2E2E2E303030C5C5C53232321C1C1C363636383838343434C7C7C71A1A1A0E0E0E121212484A484C4E4C1616160A0A
311
0A4A4C4A787A781414147C7E7C9193915E605E464846838583878987B1B3B18587856668665A5C5A626462818381A7A7A5A3A3A1B1B1AFADAFAD7072705C5E5C9D9D9BABADAB7E817EB7B9B7585A58BBBDBB4C4C4A8D8F8D747674B5B5B3B7B7B59FA19F606260ABABA9A5A5A39B9B99A9A9A78F8F8D6C6C6AC7C7C5451AD1
311
2700002000494441547801DCBD89771BD7B5A70B8EE04C702641712605CE034890E220088028C93245451215B713AF388E7DFD9EEDB8DDCE6ABFF4B57D97137BE50FEFEFDBA74049B6AEED74869B7E87404D2814EBB7F76F0F67A8835CEEBFA0E42B854AA5B2BB5B6BCC951A8D52A93657A914FE0BEEE39FFE2FF395B9B9C6
311
CAD2D4C4606F4B7FFF8D1B37EEDCB97587F7CD9B4343BD134BABE7DB48E3FFA7A228ECD6F6574E4786C0FC8B5FFCE2CD5FFCE297BF7CF3CD5FFC92B52FFE58BFF9E69B776E0EF5F79E55CBBBF9FC3F5D3DFFB07F5898ABAF7CDA3B74E74EC0CE20230561BF096E97E05712BFFCC59BC80539DCE83DDD6E54FE61B7747DE17F
311
B8980BBBFB2BBD4337DF487881AAE6C5ACC6AF25207877B2B527BFF1CB3B77FA47561ABBD7F7FA7FE146A5B6BD74E3164C7F51449AE95DB412200EC539418717E7F2F11B376FF62E95FEAF1442BED0581DBCA1BD2780D23F506AFA16E1A7AD974EF17876F00DD7BCB187A1A97AE51FCED5BF2BC1F2BBE5B3C19BE27B43CF26
311
DE00933658FE129B109C2FFF922CC22C4260FA01BEFB462A77DEBC35F42F600C3F5B0795D2E9E02DAD5E650B4438A92801B65C35CBAB7B1EE5041CE69D3B6F1822DFB873EBD6AD3B6FBC71EBC6C86AE967DFC2DFA4CEBFF1BF54F6276EBC114E2F43FEC60B01A0D440A868B2920E5C4BC10D60931ADCB871F3268B21D3851B
311
08E1D6AD9BFD4BF57F7577909FAB86F29B982571136AF01DF5FE32AC3BD9406CAAF2440A54CF176EDD01FBADA1FEFEFE21FE4C9858DFF4183458A9FD2B6708A5A5A137E0EE1D11A9EC0C7C58B2C73C0AD6B479BD76B7790CF899E287FA5B06FB7B07C9195B7851FA8794031EF1FC5F9406BBFB23375420286399B631E93B08
311
022A785C4DBF9996EC3551874094D71B6F487E80F6837E50F483BDBDBD83232323AC420A18C68DA196EDDADF68A77F938F78FD972BABBDB7B87FB164AC6FC2CB760365821ACB74AED44FFAD7E7431ECD7E08AC421F391D199998989A383D9D98E8E56F84A318C58D9BFD2DAB73FF5222C8EFAEF4DE7AF30D756E5108683DA4
311
71E70D0502099A7240F19E4089D3FD203E620F1B47BF43501E85031AE44B4B9F2E4D2D9D4D51D8970983FA861B3706FF950CA170DE82F6B312CC4F42C8966295F7D725ED29882415DC055F36DEA1FE96FEC141493F05FAA9A9A5A595B333DED5B3D5A533F62183323032F46EFF13EA0AAFA5FBF7C8976F8C10F7280A014832
311
593B90004D52341980D907EAEB73411EB2F1EBC9F507F92746C40E7AE0AFAE54292BAB2BAB67CAE0746264A277B06508168C94BF772BE9765F7BF0B548FE1E07F3B5A521340A5CB5297C4B12811B89E82191ECF3E41B3259C529F135E23CF4C7F961FB13537F5A02ECCAEA76B5BA5D3D3FDF3F2FEFEFB3AA22053E50088334
311
28DC6C59FA2F770595F311F235D427F379BB8A121BD901B96076A388DC4C3C61C7933CCCD770FF375A6E0CE9F535FE2534BF5ADD3E3FAFD71BF57AA951B6D4CFEBFB8864758A26154430080B06ABFF557610ECC93726224F155D1471041E0D42F82F4891C926C1355B0831649FF365F46FF05300A7A790BD8ADEEB0D4AA956
311
9A9BDBADCCD56AA55AE377F5F3F3EA2A34983A1DE91D810543138D7F28E57FF4E2B5335A3928B76EA1CB9B00BF158C8F63A2E788826896D0B5E7C461949ECE089144F8EBEFC7FB4D8C9C4E9DAD60F7FBE572B416C2F2423ECF8B86C439E450DA970634ACFDA977629098D0B2FAF313A36B3869E37AF7853378CDA1171FBEBA
311
95DF1E44FD5144A420588641B0055A79ED91CC0DC41E27064512FB33F1F04D09D0D2DF0203A646A6CECE80DF28356A348CED8C4F1EF137B9319E1BCD29867CA556AA97F7B757567006A447FD375A26CAAFDED9CFDCFB2BB0BEEE8AA5911BC2C7F85DF88A3775389990AA72219D582409210F85A4E66F2987D875C308480230
311
88FDF77E87F96FD7CBA5B9DCCEF4F4C9FC7C676777577B7B7B67E7ECCCE4E8DEE85E81A6D55AA3BC7FBEB242589CE8ED4770E785D7DDE23FF2587EBF57F50B9E820527316488E5C32D50F979BCA58207297E2B6D658702FFCD211840FE43FC9F3A5BAD9E97E6F21B9FCF16BBBB3A3A5A175B5B1787875B5B3B86DFEFFC687A
311
72674F19D46A8DFDF3EACA59E405375ACE76FFA922C817CE86A89BDD92F400F2C55B7462F610459837D3A61ACF50C7471C8F2F2A9D38C3DA2F068007F80EFCDBFBE5DCC674B1D83EBCBEB8BCBCBC3ED0D3D333D0B3DE33BCBEB0D8DA35FBF9F8CECE68AE020BCE61C112A4C1138CD47F9AD13F7DC6AB9CF9CFCFAF9D0E01FF
311
E6CD503F5B91C5218E2899CA15098714848B04FCE5654884ABF0E554F11F6C21D73D5D5AADD64B7B9327DDAD8B0B7D7D6D6D07070763BC0F3E38E8EB4310EBEB8BC3DDB347E3E37B5842B97C4E44A0C630427E5CFDFB71E03F471E12CA9FF70E055AE141042DD81234B879EB4606361D9328149037D7D76A571A7E974FA20A
311
D0323832713AB5BA7ABE3B3E3D3FBC30307070B0B9B645D93C3CDC3CDCA41CFC6AAC2D64D0D579B4B1B397A7C1BDBEBD7D36657A3CD4B2F44F4909F2B9CA597F4245C59DEC354316F0587020D0C661742BC02869435FD12CF195C422DB3C5A3E2305C000CE6B7B27ED8B7D63079B5B5B878787C787C7C7C757C76C51B60ED6
311
0EDAFA06D67B965B3B672677080BB5329E60E9B477847AE2E9EB53E35779FD37EFCD2D0DDD68AA355B6B0D81860502B8B68C801F5C697E9AD62F4B406244CB975560BAC756AAA577675B07C6D03778C17E7C95CAF1B3ABABE3E3ADADE3CDB1B1B6B681014470343EBA979F8B90383545727C63E43549D14FD0F927E5F1FDEF
311
D7263058FE02EBCD1BDCBCA053496BD58E69BC44F9F854D4D979AE9ADB908824382AC1D4014E9756EAF9CE85B6B54DB01F02F8EA5908E0D9D5F1B3E72188C3C3AB67879B07C8A0A767B8B831FE5E7EB754DEAE5261460243FFF07858D8EF0D658BDC563A2C5EF5833C13C90B69248C4DD97842B61DFA7F210A2F6108A0F96B
311
62E2D3B3F3DD939EA47E30ABF5AB2B903F4BE5F9B36757CF65021E616DAC6F60A1FB647274B4B05B2E5341B082D43278F67D8DFDA48AFF9A13F22B34C7586C9992BA6E66CABC190E313E7C811AA57304B421A75B289B9D174CC868C24548823E230B9A5A2DCD2CAFE1F98E61C015CA7E96B083FC59F3ED06EE60F360B3AD6F
311
79787ED278D0A86FAFE00BA9220EAEFE1D5DE1F7855939C3FCC1332426B377F692406E022C010DB437EF009803F0DCFD3B7C94440571D8F2C328F115F47FD324802070BAB43FBA80EFDB92FCA1F7E7CF9FA875CBB327CF9EB08C4DE4815BC4210E2CB7CF1CEDECEDCED5B757490968286899FAF95583BF46F9393CEE6A86D6
311
F618CAAD9BFF0BE22B042412C5CFB50556815CC5BBE33E9F61ECEC26A9BCB8145FD10590078F9C9E953B513FAE1FE387FAC246E14F9E3CE7F5F8194BD6594140876B6B84C5D6799C61A16434201E5237582AFD75C07EEED9863F463284E2E13425A036BD41061259289B6BDC1ED656FC8B8592C9D00701E27CEA749F0D8EF4
311
4EAD8C1F80FFF8F8F9D513191F6803384C800097F24069C407CFAE88136B7DCB3D5D4A60B711F19070D83235F77331FD35E715966889038E2E0B346EAB7936C4162043E1A1F144093695443A570144898BC4079CEF1912809A3035A1D3F361235F90FFF1E3E0FB93C7E2750719F88E7D8E68123883ADB5B18185AE99F1D11C
311
1238A792DC4BEDE8EC6FF503DF377E0445F68FAF4E08D43082D02170F30131A154206CC559A8D9CFDD762B31273E4947A581E0D9BB71E33FFA07CD02CE2A6BE1EC80167497F2A81CFA3F7EFE58D0CF5D5D170DE4F89070B0BC4040CC17BEAC6B0586C3D3FF0309BC06F44B04A1E13729929B4DF73C44070692C810B08AC301
311
2E8EE9EAE22067796288C193B2139B970B86F47FAD0F98382B1E035D9C32FD318A4FAFCB274F2E1FA772F94411B0CD42493C23393A685B5FEF3E1ACF554AF5F3552A478383374E6B2FDDFC4F6DFE38F4F4ED7A7FE838F488EA852482F412D3CB07E293D02C9F074F12E84C5AAC423271450572A385449844706475FD38DC3C
311
22486A0639E5F1E38B0CFE93CB4B25910EF309A2224BD8DAD40C682C28341AD69047E8539A6AFC14EC573F7FAD10AE0FE6EB13E87B28E093B513B5803514DE408809BC12A14876DE0A25F643009E9176D9F0C330164285A7444DC8CAF0E9FE41429EE0A2F6A6DE91C0856C501272404A8468822E24C807030B1D33D40D4AFB
311
DBABB411D093D88C86D7205E05FC57EDD1F805FA4CED5920F0CED39157E007CE21757C5DE440ECBCB46CD283E378029B43FB077B4F47E60E9F61E8D01BE017D7E843EB49F50A2028F1E442FCC90C9EE308E4C0C2C94EAE30B75FAD3A0EAFA57FE9EF960F14BE15638840EAF3BA490BB6850EDB38EECAFD21A0C746D0C4234D
311
BD035EFC7EDD121FA585FAB73DB89FE6A03CF833AB0730E5E2F1A36CE3F202A128934B44E396961121E1F2C9F32BFCC0C140CFE22C1CA8E109B182919696BFB98120234F61B59F7BF46EC30CF067B21A33B0FB3E402448EE266CCD93135A8E823DB31F85E677434E608F53F8100BC0098EA2FD6BC01770E0F2F2D1E5452A71
311
1C4BB8486248FAD756D852026B6DC90A2AA5C6B69E9068B8F27AFABFFEE8AB36F1D23985D5960014FD711940800B560250D2272CC54FF1D3A660B275AC3881E349689C1616E1E9044129D032313509DE4700BC867C71F128C400159407C761022BA8A040F40A244788808C60B3AD67A17576279F6F946923191921B0545FC2
311
F12AC0EFEFBD7262B6935679FC7F80629160ABFAEC88E8430E76D82A8DE62ACE50BD4A42FBF03B387B37FD321B37E31C3F063D99703F5160E6C9E5A300CF32A91E0A085A29C0FC507F6C21012303C6104B82C1F1E156DB3229D1A855A32A8352C9077AF733A0AFE0FB3EF81FDF2F0F82C21B0EB06998866878B103305E31EC
311
17F4FD43831E570A2118D1667632D4FFFFB125782F96168A833DBE78C3F11F8383A79D49F58F1E3DBC780417AE6581381E8610604888E2913E12492881274822C221AD04CB0B1D273B8542837460898C686864FF6F801E8269F40AD0481DFAF5E6E9C1F3BE391C325004DF0746A4E4448F7B52C0D5EAD39EC46896B888C421
311
0D68E99DFA2820DF7FF850EC407EB55C3EBC5028611409BFCB8889C90F1C52355AEF98B18100094C9D0EF6F64FD47E5CBF3FF5293DDFB4B50DDD54F351446FA1F14580DC3902C085F593CB24ACC917B213BBC11B3F0A61042FD8B24F4FB9C4556D0CB9E1A880DE89934CE9607F18F81FDD950DD0E1D143F41D56110E227C25
311
0621FF098838042BC85B5B6BCBCBC31DD37B34966E9FFD9936A2FEFEA9EBA4182E5CD3E17AE35501FCE0707E5525A7DBC64DFD077825BE37CE0BBE1BBEC061410C660B6E49912665E2B3749C7C9F93834022F74CDE6CA5EB501D9CBC04B768292C5CCB84478F3CA83074092C6082169015E5800D5839DC6C1B58EFE83ECA51
311
3BDE3EFB8EF1242D2D4B3FD55AFE03D42F8492AF8A3F21444FA2FA9ABBF525EAF84C09F0168527B0138A85D1EC0443C467B28BF844EAF76323BE13D7C11F72FED783837B970FEFDE7D7817E077C17EF7E2A1C2C0FE851FE4C008388C15E818958746129E1009D054B67530D6B3D8DA3D59D82D9D57CF70039FF50FFE0DE940
311
89DB269C3655A4F25B38C49D0BD48E59F1526887C18FC5272197F85CA72862A593A4843CD25F920487DDF7AA0441A2C0600D062001F103FCEEA3D8560CEC3EBACB01CAE5A51E420349F602191E5F901893142381351CE17047E764BE50DEAF9E4D8C38B6ECFFACEB141E54A6865A88A60133EE9CBB4C256930B0B168C1C3AB
311
59FE1743FB422C7166082E934AFA5EFA3E4BCE0B69362FA7041818B7FDECE1DDFB4D022007CA23E521F0700AAEB5888BBBF08023E128B4045381542FA256B0D04E28A0C3804E233A1BFB476A2F48FD135BAF9843BEDA3264EB42BA499601F16B566E72C7EA35908ABCB9176BBED43204C696AFD3D7B24B08D3AFA44BE243D8
311
8A6D9D0B6562B52F741E1610C0EFBBAF2B0829289A640EC4C8A4FF66A24430786CEBE1E1E61AF9507BFB496EAEB64F8F49B4129EBDEC065EC1F8A3F228A3CD0950883B41BEC6D1944AE06147289600A7726313AC69A3F91197F1438BCB743E76F01F6EF1D1C854071670FFFE43FF1EDED702EE5A14C85D0C42DF90B8606880
311
0659AC88981855E3E774A71C0CAC2F76754EE7CC87C808D1E1E0F6CF47FD4224731337BE1E39C5010823EE997B1491BBD99FC8D8EF77482BEB5EB2CF66499A8E0F7511B19B3EFBDACB6507BC78731B1B383D02FFDD7BE8DD9256F7D0BA7B46015941097B80018F700FFA024CC08078F51806100ADBFA163ABA8A3B95B9D2F9
311
2AC30BC908ED31FABE0CBEBFFF0279B675868F9AA24E9530B08C174055B7F48E4F58002F3E82F0BDFA003E8B431EB6C4A91E4D9B5FFB791265BA8827BBE5F1BCFA7F789F72F75EC800F8AE43FFAEC42F13009FB905A9A0132015D0068ED7682AC608BA6771038DEDB3B33082891FAB1ABF5614F93238079726B833958796B8
311
45B731FCB86316713C1DC581B1E19B424EE32674093F80776F7E27C6FBFAC85C536CD955B96EDA2A3FBF770FF4BE11845470EB3E42D022000E0FE07D161811020742162444668308801E133A4C163BE68F6826A5523071CA78B2FED51F28F8C70FE4190073A3E5D3259D7A288CD19BDE623F10021BAB0C6E327FD507B27416
311
27727EA00D31856492F9F009D7F152D930704E642795C1C1B336E0DEBB7F0FDCB79318543B25341F36802D64A981A690B94259607DE0B19D466BF8C1C5E1CEF9A3FC5C639FD6117B4BAEAB453F8EFBDA500A67E8BAF76C8A06566E36EE1184E8329419161F83D843D5DE7D8221163E145F56921C3EE383978072129E290A9B
311
7166E63D26BAB1FCDBF710009E4051842390031845F20077CD079407C575F20364C4910ED2A574BC357630B0BCD8DE39335EB175646A698458F6A346F003A93002E846FFE0C459B8006E506D79BF902908A0AA05CB5E73530E33BA1D3C2EF99C712B7C8B41DF4D2A7830BE8707485FCFAEEB85A09AB6D39BBF7B4F23E00509
311
C20DB04E240822A4B810E04D8D53D10D504C059ED86BB8697F514777717A8F8144D48A4C89077F7EDB00E2D89DC02A7B975640A282C49A4AA84B70B12BFED8EA6584860DFB7EE23FCB00C6BAF7332FF259FA3C9346508813E372F1DDE425065BB61FDF8300F7EEDDBE8D0C6EDF46F7D8823478590AE23759D60DA6B7A9F125
311
EDE8F4A5D2B37470D0B63C30DCDE3D3D59A8D1501EB1B0A5377517BDD6E301F995E3F955F0F58FAC2E81CE172A8344AC03DC6781939D2484B8FFC15E8F3ACCD3954CE19576B942D0A029188EC7013FE59AE90B71292DE774F1F63D60230180B30A2EDC65291B6211B4081128856001A680015CE000708254891851D4B3BED0
311
FA4D7166B466BFF1D2A924885AD12B387FC0FCE6819AC3AE06A7AA4B715F0927B74D119D4A668FB54B8A8C268D8B038A207D10A7B1E95E42195B695BE0240F7408B311257C23F581E987C180140C584A02B1670CB817CEC0A080F259F1360E58452013200E3EC107AC1DF4FD7B0F6D23F33347F9527D9F51E6138E31AF35F1
311
BDAAEEEBA3D71BB402E2FB47CECEE96B4DB85536772B07C82A34F3E66D0BCEC207FEB9E70643761276F7B50D5EE963CFF80C7AF4A2130F5BF8C4EBFB5F07B709840480DBD8007FB7EF3F90104908BA457D43AA2A6A02C91422285E5AAC143F3313A0CB74D9D164933B86C25587134E8D342B453FC982860D09FD13ABE72055
311
ED020E85D3E312F74C25CB0293D978A1C4001927C80B86FD06349126EC219F0C735C8053D8F5F310817EA01F1B7851F406144C211C6362C27DD51F1E310C0102280ADB891E9B085CC528A2B1369A46BA195B9A2B351862CE43174BA73FB7CBB430A5798F4C54B7333B96C3224A9863AD02B9FBD8E63092191924E77C199D92
311
887DA594B6DCF0112857162FD0949FE6A441F5E62E42FB2105BC405A2301A3424601DC807912CB2C39C604A27908021CDA30C4C8C2019A883B3A8BD393BB3546136EAF561980FB63E9E035FF73B96D09A905ACB2C11D79571C5159026227DDBDB81396EB03F14100BEB66DE1FA9EF82C3ECCBE318119C4269FD014E66361FC
311
8BB0B4EA9A98EF3D8848A01360430284335004C183CC25BCA82D2302EB03B8419241C64DF4F5ADAF77B533BE786334BFCBB8DA72BDBEFFC36103AFB30608A0B39B58D93F0BF42180841DD26BDC22CF0A770E90240006BAC65197D90920131C7B2EB3CFD3C71C6378A305EE8488FC1FF8D391E2BDDB0F6E3F45E7C8207C4198
311
00DB410073A3173942CA8D5242642A74496FF115832A6314D9FA4257577BF7FCF8F8E8CEE8DEDE5EBE76DD3CF892BA7FB8B90F629431B5525E92A15A3A4A6FEA3FDD73136172060959206591F4C927196CF645AA285CF3014630121754261C0D31E1A7E3DA2DBDB54B04703BDE3A4209F02045C4BB0F529A14BED07098A2A1
311
CD47513DA64B512F409BC01663090796D787173B5AA141B1B39BB470EEBCF1E30F9D263ACC4D05110797CEF7B923B027F089F74D1D06F0A4D8C0CDA6604023FCA45B76C5CDE0BF3845ECBE13E0C0ED73700A8A753C1AC8AEFFF1B407FC8A20F42F0D94019121DE304077A027D4112283BB8FF0072444D68AAD111D6F591BC0
311
061854BBC048EBBE9E81F6A33A95C21BFD13AF3C7E7DCDFFEB0DE8903F77B41DF178E99C289895B0EA8CD640549D68935BA7C5294E0A1D66DA0CC419BD398E6265789CA1241441AC94532A3C19C95340BEFC68703077EFC1D307B71F3C500859C11494838E902203A2BE90EACC5135B80B078804340C920C2300BCC06F7A1C
311
71B875DC572C9BD1D84BD5FB9363CA6BA7D03E5C40FDFC54FC23C9B4B9DDD028787D89219038523BF64E638BB37CC25335937A00DFD32869C5B390C8C32FF25C8C47A7181B4A599A224A9DADB0E0406FEFF9F183B7448F081E3C55024FB33828784AB61704482CD0160C04174F9E33BA9291D58C2F1F1B1B3B5863B0D9F3E5
311
1C35C253D54A23E560E2C0CB3A6F7A81382601C2079CAE96B7B1560D20A341E85A928A4E01083256420576C2ED477E2E565FD9223BCC691CF394D3D8E281501E0EE5C1C8159E92585D255CF30CC854C75318006EA4A01028EC853F9407C6053910BE105348324002260254886C156260F9189EE0F8C9A3CBAE9D5A99218456
311
8A69D5183A7DB97DB089FDC57AEE54F858FE54F577DBA85309640290F2D220952620750C5811FB772A7876D1E4040FBFC6474D51246D8B3FB378283FB514F8AB3C20B8BF7DBE5DE541C9A5D3D38DDB30E00151E02523081BC89C2214103E0BC1B3D0199A08E002681A2613A2616CEDF0F0F9C5DDC75DA395C25C0309C03DEC
311
8091A4AFD3FEB504AAC6633930556DAC86EE3561941E862C4A75DD6B6BB3A0C59BE153DFA73EDFCBC3CE2188D3D378FC976D0EF9A95B7C8532F527CE3CF539581E0FE501291E9139FFB65EFF5DBD8E0C18DE3077170A64E033FD278F18068028802F156C3809FDEB11B1019C208D020C9BA2870457F0F8E1FDC7EDD393E3B9
311
FC9C4308E9315704233F960E554802C14716B0B45DAB5EAB5E25AB7830EBB8D25E6CA94E4AA01794FB1EE164FE9F040FE82C940A4BCEF913075D087E85A7237D3CF29C47E4E676777779528C4781761F0BFBC1D3A77880E40C9A2E5109180D5255317890394229F0F082010354082D574F1E3FBAB7D6553C2113DACB97BEB5
311
526C7C6F69F9310A94C46CD89FF8F379AD1AA035FD00FF3F320180F01417A6F255A3A8D86319FE0C0B0E06A0DCD33F79841339C01E5BBE1911AFCFF7C1E0A540BFBDBFCF2372352686D863F83F59CB6865F43104007EE06F52406F680341102048A01BB048823082CBCB0B6AC48C313F3E7CFEF8F2D1FDC3D6F6F9F9D9E98D
311
9D7CAE5EADE2A6512FAD7AB526E17F600C85550DDE9ACFE9D97E694513103BC69F8A2813176032C890C1E9C49FC09C61670FF8705B1D7386260E7C8E7122C7F8208A55139E8C8D4763F7EBF5728DF9C34677364E3A3F9AEFDEC9CD95470788834F9FBEC512379890B38C94205B2557987C4186DF5C0837608DF0F9F3CB87B7
311
EF6E920475752A01460E556919B2B64296FB9FB70DD5F47232A0F77465BF140CD001F00ADCA175090E2665A14E6329B62660E02A1CB50C6025E3DA252A670B3F0FFAA5EAD94A509FE7036B159E0D1D9F2E76B7AE1FD5A606198D3A747AF450023CBDFD162278B9446688111009B4029B0F2180AE20A542D40610C073B47FEF
311
E1416B2B12200F3C991C2F54EC2491027A816B0A34A9D05C6F437AC23462385DADD75642EDDA738AF1600DBE07EE8437804D2D011A94DF71C2085EDD40266A407FFA1D1C00B0C03927E60338E3B9D8C47D1F8CAED578E06F7CFAA4BB63B175FA7C301B747CB377F45192003CB8FD34B12009224543D8604494011A80C1903C
311
E0518C986208E1C5FDDB8FDA161686873BBABABAE74FA637BEA894A44078C19696F326E057D7F95D061A6B0394A9D5F2DCAAFE4C2388D8A6E9AB7695CB0BDD0A332430F1A9333DA41D1FFB97FA09AE84E738C75C407C260408F8DBD5EDED7DE1570A7BE333C54F16963B46AB0C2B71208EA3D16EF4EEDCD7005241166C005A
311
73C03164792151205C007288AE337B4D7103741BDE7B7AC913350B348B2D767515674EC6F72A0402BBCB41C81305AFCF05F2758D3ECAC8D26AB97606DB9581A4B7A8FFB068CD5C0604E6849046B70C2B60FF0CDDF93C13822B4E82FA0479A68220E66D9FD775FB3C1A9CDBDB9829B6AF2F77EC9E0678FB20ED8D1B1A1A39D1
311
0F9812E20D6281F5673121AACAA9C53424000DAC173F7E18C3052EEE3E78E7F1160F5AAEAFB70E0F7775CFCE4EF384DDEEBEB9C0889D5243BDF557559FEDE5F17AB21E118C4C31A3DF6A96B56AC62180293910ECD6B721047664BCFCC6B2DD3C65CA0F0C823DFEF84083C7ECCDF05898EEF158F4FEF97EB9C123F1B9D1D1A3
311
D9F9AEC5F5CEDA84A3C96C14A55584D62893D6A54D8D2028D05C8B1F124884543F3223B29D208B04910D3FC43F5C52196AEB5B5F5E58E8E82610F08C21BD443801233C0CE8BD1E40F84A1CA86001990048031ABBAB11EF83F9283EA89F181F2A0D9A9F62D94B7F625FD727E6A93F63F200F614F7CF100D4511C07DB45FC5F0
311
CB4CA359ABE4774631FDAE85E599EA0878A3C33D5AD6430CF4C055EE5FDB80629000D7855DED3F436F3B61B3DC7FFACEFD2B1BC6FB0696312CFA477CE87A87070C7998E04FBA78AE3F915A065E819FCF35B410321D9ABB308146A11AD5196CDDD7C477A171C8AFC74B45CBC6F641AB53C8D4ADA5870C02379BC0470CF83DB5
311
5F073E29CF5CE5F7A3F8FD62EB7AEB1774C2C6780B9523F9287193FD23DDB79FBEA513B45200E2E0C1B51350163AC19043C600F2C1DBF7DEBA7BB9B5457BC0D840CF325EB0BBABBB786D301437000020004944415472B491ABCCEDAFC0591201CAC8EBFACBF367FE7B6E40E69F551BBBE7123E3C00AC560CE20C62436E8C3C
311
54CC225EE08C0D74CE26148877689EDD004FB2BFBFFFBB984035373A7954EC5EE8591FE531348654514DB1D1C56411DFA2A7C212BE5ED91278F2851A432244C6822C29C85A8B320ADCBDFDD63BF71FD32648E7D098CD018BC35D7FE89E250EF2AC75F96C15271602687965C844B8807C6E7729D93F22E81D39ABD62A0820C1
311
FE9F11CFA7208125D33E96FD69E83AF6052DD32D49FF0802CD9F9DFD39260389A950887A647CCC99BAB17132DFB5DED35138FB3A060F6295AA5E195BF0BB56495A5A4A8FA440026E46A047D40ED2520A441C302D240F201FB8F7E0EDDB0E12A04D8816215A0579E8FE1B1281E9F19C9900DE79842E2A7CCD48E9876EB01C75
311
DBA0E0C8D44AB5512947A00BE7CF5DE9E1A6A6BE43CF1A78783DFD5A404E4477336C1ED8B18908B2A847B2AFE9839E891137A6673BBB96FBBA2A4B8E9373B001F08369BA11BE8ABC4302FD2345FD6014A127068427D007BE28B41D9B0D40FFB7EE531FA673C8870A69135B1CEEE8D009C08042A5B4EDA314920B635BF941E7
311
487E45256439DFE9D276295F87E698389CD49FB394FE19720412DEDDC40E9CE9C6DD605E0B719FADC416CB15AB3A61F9B5B9B9426E54F81D8B03DD950946D432B40CEDAB7BB5AF11213CBA73C9BCCCDAFBCF06127C7980FE6D1DC9B4DF14832D6568FEAEEBA76FBF438300B541064ED33F3AC0B0D10505306FD370AED02859
311
234402F6C3FED006766DDED2034D90D119057225EEE3DAF787EBF30EC51ACB4F551678BD6728E1944730C095F13E4D81A4DFFBF67C5BEE37E62A85FCCEC6CC6C7BC77A5B477E22223ECA4FCC0F87E2A5E3EB782BDB25B8CFC6736A044DE5A7CDA604526361D650484FE283B77EFBD65D52C1C73C4F48E7D0D81ACF572F2E22
311
80F98FB230508FA906B42DE240ED651B301CEC83DE1790C9FD96B6CBF986BECF3BD332C18EF627A0B6EECD5B152E02088D03D828AFFAD26B05BF671B4F9A09A8CE0CD2707F67F2A4B3BB75B9ADA331C1305BBAC182FB4A79820B7EEAF73199B8404C0B81231CDCBB871B80FC41FF5860E8E108222A1A076C29E6E03B6F3FBD
311
4F1F295DC457573C7ADED636D6B7B8C88413DDF3B327E1046AA51040B40CB50C7E3F1D2E44DAD34CFA604029BFFBE714DF0C069908027EB275F1F366C132E1A7450B04011CF82B2B647CE754F650FF6E25BF37AAF65B7BDA16CAA791F1D09F6CAB989EC5AB7809BE145FA459E8D3E4B0FB47DAEF093B946FED585B80FE1A03
311
05FD5330FEDB4FDF79FBF6BDE81D8300CF6815E5F9896552412A03F31FCDCC7CB5E32365550CD9365FDCCEC8752E943161D78047336F8AF6539840A1F2E764FDA2970999F205CD2BD1F5CF496571F76EAEFA0E1CF8FD2A55FD06391F9EEF8B9DC9994E72BEBEE1FC928E2F223EBA0FBFBFB4F2DF137BC894B8087643D64ADE
311
6EDED67F7680FAC9060239E845FC94AE93D880F994FBF71FBCF5F66F9F32C292EA900F9C1E6F1105E81C5B5F58A067A448143842008D7275EA3BBA3D2516FDF02FF79260020D6B3C714711F3CFB61BFF56A826E627E82256F7400FB387FEF23C1C1E77FD6A21EBB1B2B35F2F95E7760BE1FA3ABB3A981423477517EEE36FF9
311
6F122B942F6FB64D9502BD1B9089162532A2FEFED255028FE653C9F46FA321E0B588B7DE79FBED07C44106CC85133CA65190543004D01D02D8181DDDA5A9C91A7110805B7875B689FC3902200FB192E7DFD936B37B57D9C338BD49E99E181F4E5FCAB2ABC1CA7AAB382CBC7D515457CFABE6FBC63D525E5CDF74B16378B9AD
311
6774A58531912D232DF01BAA913DFB7D3AAFF912984302B84D0500077800D26C60A4742101DE420C610C2E92FA93056022EFBCFD5BB6B38651470CD33BD87630C05831BA864C85997B8754B05167F0706499DC442FCD22592AEC2ABF3FF13F950039BF159FA9B36ABDB2778EFF83F70972B83BFD3F4899E64DD8346AA495CB
311
155A7499F2CE39B0AAE755125EB84FD8CF8D8E4F4E9FB4B72E8F1DBCCB98B31BC4607C2CFF21C8145FB48EA0F2159F86A3098415609554DEFA7B27EF1301033DD06D274BAF6821D220DEF96FA4CBB60B3CA241C021D38E1AA76B4406B4767576166766A6C7F77273F5F395291BBA19F64F2E3095C14F3E60371827741CB27E
311
89543857D6D96BF9A47C6A9A26057840332EB843717AAD171880217B71FCCC0355AED3D4819911F79D0EA8AD6DA31A83E36C5DC2D470295C011302387069158F6C9966022367ECF1D00BA9BB95C389AE7B6105A1FB640689033A7FCCFFEDB762189103A61C3A4FEFE0D6A6B5A19EC5755A443AE78BC5E9235B047890A65919
311
A0D2F96AA3C01CEE913BB3ED239C3E0CD8DDAB99E4348BF3F8B977B6C43DEBEFBD7721A839A63B94C06A10DB87FCBFA3C2932F8C26F88B6D6BB30C3C4E09AFE40FAB52EFAA1EC0316920E031A46D65A0FFE45A673432E907FBCF86717AC04F2CD0EF512D665FF53F05BFCDC43489F150890C60A8E0314E70A06F619D30D841
311
189CA15D3417F3CD50191AE4396543F0C42BCFD696C58DF163F5B46D708BD5FDDA5E5E5FDF9401BC4F7E00E8A17520833D1CBFF495B5D1CE037C664123EEE74737268B5D1D3DBFDA6AAD8C08DF2C0BC7A737E10AAB2A7B958990CEBF556CDBEE823CB09FB344143463C630CFFF585D330CF0320E921744A7918280FEEF9811
311
61008E9FBC78C830217A07B7D6985E83F9A79884ABB5AB383B4D7D788F9FB3D867A2112A43F19042B33A108690CF6F472F8661CFAC971478757F6E6F2F7AEB82FEA85E5715941778B278281F28C268AB24BDB470EF3303E09C359E9DF1CF990D8A096106E6A66C8620DDE7D281DF0B2831F20439A30D68386CE13E002F7EDA
311
8D7806162B205D6A19AA1FABFD6B1B400EC2BFFDD66FDF7E8755B4883C043F43046C1326136680404F1F934EBDDFDD39CB58A98DF1BD7880E0532E671FA1435E9D6EA5E9071000BE8F262E7C4044FD95D5FD526EB40A05A634775F32205C3D779FDC168CD5E56BF982508BF572BDA4F6F57D3304BE9EB18149461B12F760D7
311
485891CA47CFC44909136FBF4931716A2E100123FC6CCAA6A644F25EDF4AC980B14039009BECE8B798BF69A05DC5B6885CD23F8E13A46FF0C0A986D617F001C52241801E87C2974C31411DA3A5D7B6175472763D637D3E57C33B908F867F4A59CFCA7923375E5F027A983E18BD7BD4E6FDDBB2250C1529F4202EFAAF979DFF
311
B1F2612E87EBEFEC58581EDB9AA95AD1D7C1905F7305BF8182D5BBB524D47C4E3B81CD843220DE1E6536497C0962C225F75A2D6A998303B23FC501F0B3F736EE1FF01200FC8C99F5515207C9C40081DF304C0A17D06E26CCBC5B3C47459308178301FA8057C2C0AE9D99B05F038828B08400F2E3251254DD7EB8BC4853B101
311
F99AB48E387457C96951E5DB670648BAB70A7B04FE93EEC5F5B183F9739C98952C6845C380D401B8FC86E70A20744EC720E09D35955D96A9041720196D183AC2CFE6AEA816652D0234883D788BEC8F5DF2615261DB031C2381092401B48D8D2D870FECEA9C3D99DDB036C8A051058030E32190976718C89F031DFBFF2EEA3D
311
88606A8A19BD0AE305BDFD12BA4FF46F1A0002B07137989C748936E9DB2C91F43B07E4E4D16C3779CF5A4FFE8CC981F07C29E34B7C012AF0054FAEA4A6A3D49D3A16D2B3CF220A029003366663053C89B3FB1827080DEC2780076FBFFD8E39810CB0593CC68B5D9009F2D400418028B0BC6CC74067E7C9CC0C2690FBB084AA
311
5254A12AF63543B35EB40D17B693F7E3464D5094C00AA9E04E0E0524F5C35C5EC6BA94B21AAF2440725E2A9FF94FE7A8F0E769EB83FDEB039B631B18BF396F5C13CF89ACC02C387DA56DC3B1CD84B96CFAAA37B55FE723B611062258257D331F186AC93D8AD600B4FEF4AD777E4BF68F2168FF08C081A37AC13446C8599648
311
03961928476D78F68419390D830C1935B5C2A0A22A3AB17D3D6428BF12DC373B8D464E04C0A496BB3B3B75639DCC2500E0F0B15FB6F47B5A7ED0183A87CAE8D535F2EDBD4B3B7FC762DFE65A07C30B2851DB890082ADC07131EEEFA3DB7DD5CD32C0860CA83CD4B7993A175F422A8149B1C1D94C1145059D9C78A8A572A90B
311
7C8B1E3392FF77A80C50220880FF3669004E90F101740D2B808181455A044904674E7482CC3EC85C4BCE339404C0B0BF6A5611E4F9B8157BAB6DE327EC9BFBA1B4557ECB609C1F45326499EFB90EE78F18227F09E563C9E63D847EDB3B68EB9C39E95AC4F7ADCF7D87F6752BB6912040281E4A0D8A8314E80D60470999B8A5
311
1FB1488A66A9F3F81FFA61C83F4FA6969E472288FADFD61B005E0EA4284822E018911828E868614DA0C36E11F3A051070BF2F0840E35F200E2C0C80A776CC9E7E6841C0503D0EDF15ED9AFE527E798D23BEE5F0604E58DFB7099D739BF0BA5D332EF29F1535995BDBD0DE681C4F71DFE6A7AC5A13554AE6910963E9ABC9A0D
311
B5B202225545F5CFACC942B5B93C207352B6E5310BF349AF200175D7DFDF78F6D683B7C87E087FA9B35812C4F8F13452CED610A2207541E6D659A739441F3833CD0C9C3C3DC2B0712F62333C4FA9327C9CA1124904B4FDE0FE21C119776CB0C212AAFBA5CAF80EB43772ADFE77CD9FA8A4144C54C2FB2304C65F62FC3678E4
311
F6C68F30FEE1BE8383CE7DB86F58B1AE0C51F0F055E188D02F00911DDB0991832228B3172B3E623E513FF1734FF414A611A603163F401BEA790FC9FF7FC3FD3DB02DC00184145B850D01D120424DC03C00FCEB7880EEEE939399F1F18DBD4AA54C939899304D913CC2D5CFBC55E50C7FBE4C0E14AEEF53D6843DFF56BE2D55
311
4637EA047D3C210E2C61077875FB5B40E19F43AB7470CAFE1C0D3ED3B3B4778D1DF6D4F837C08747180FE8394F2CA1E0A46B6DA62CE2B2DABEDE0B1924098580FC16B369730E9E90541D3730D47FDE16EE1FFAD3419CDA05ED1F2715C607F2E81893AFC5936303F40EB776F1D808BDE393A3FA401E1C706E154C892860AD74
311
A2949C409E28A8FB3349C764D13E4D1D3468952B7B1B35001BF41142CAD58D6011C8B78961EACAB66E9AFBC627673B61FFDA4167950A274145BF11EA17BA9AA60815C2C43AE1F648E3772E53C94E6364AF826019E723069A8AA353A3BF7FB5359281700061FF64C28C10B9AF0B70B0B0D30A31CD1CFD22F68C76DA1E445588
311
69257892363C091D313EFA46B57C3BEB252E9C6BF5B4799EC58F1910F469E25AA17B343799DB3E33CF410061F96C6D63FA91B1000CEBB7D2971BDD39A2A76361E000F5DBC1688D47CB812DD60F8001AF25B328D173A9E4BAC18CE9F1F628704330741B2649B92E9714447C68559C6CD2F681919367E4811100750058809D02
311
30C087A89FF3C80C23C4C60882E481F48D531764BABD5CCECA308DE2F63D3BB50373D630796126803C2D1FBAC148F7592881B395ED7D26B7DD38D7096AF98841CB37592561D9C6565317AFBE9FC4AF7371E060736C7635E0CBA1809FC80F544DBAA1F2F9393D970D44C0615A0C6930E758B9E63AE690F73045F0C8C0731DE9
311
CD80F718E94652383458799E02C06D328010011C7090D8C5E5336A83D4059953877EA1E1D66FBE994F04608C4C991917230FB61F9AEE183A40AB9108D032449FD1A7283DD25ED15360EF7EA9303EDDC0043403531EDEAB10DFF87F5E2FD56DF0F1B701A9F614DB17FA0E0EDF6FD0B1622A81FA3D1DE5A33F551930335C353A
311
87F9AB05C60455193448246944A232C5D07636D864CDD7A50D0B4440CDCC465D1C418321F50E1648D500294065D869559EF3C40C8FCC6C323E989AD0F0C73142480B200842802C061008B480A9954AF282052B3AF67350FD0DD30D1F4075AC303A5D490250F5400ACF479656861E4C77AFF327F3EBECA4B57B6B6C8FF62602
311
BF150744656A87DABD7BC6BED50527B2120C001A0B3718C74F0C65CD34F275164D7968148DDF259AB8AD6CA81CDA4E8819509B996A7F642D987A401A2B04018C01E6C169A8700F9DE3B489DB2BC49C9B7B858A4F50D22AE15428FCA4A1EDB20C83492690CFE361CC7F8C8066FFD0D77AEE797977F468A36E0B0DFC87F90EE6
311
348BC748F7CB73B5B9DD5C6EE7AB19ADBF6DF359F1DC2A0F9E44F213F8041F64274C0859A2AB7C37440FEDDD2F95BE44065F22067E3EA0CC3BD8C0D8194EAB291CCEE20B9CD8E02950AD806080047A279F19024C837C848816719AC4A34DF8F0706CED904E8185753A458A27E4C1E37B5F30A104932BE140E0BF4E400160F3
311
20B054A8705042FFC47B4940810173F9C9E97240C7FCC3F3813EA239B745DE9F1B1F3FC2F9330374DBD1A7B475923F9A2ED81716D18D1B577DAAB9D1A0458655AD3CA7E211867AE7C702DCACCD291E0F798013DC01BC326087775C0833E04EA3778FBCB8DA4687A0255CA0AD210C15661E4E92001A4449031D1DD27D327334
311
BE830B64DAD90CBF537A45FBD4E94A7A88888E715B7E74FCD040E818BDC1BF5AC609CCCC015DED23877080FCDC47BD8EF3A7B783A17D33F3ADEB6D6BC7AD75EA7C7852C5B6FDADA6AFEFC2D181C03F8C40DD8A4AB5024F0B72E34B57BC1182472DC80946789AFB711DB7F1193C03C893B0345F420246114D3EA71D04FBA731
311
C0DAB0D3CD311B218F0D5A15ECC105D02F3AC32F13600084731A83220040019B03180634B5923D438300B05BAC80881F061095FED5D572A3323ABD83F1D37A2301A8C930AB3F66ADF7CBEFED30BAAD7D78A06DEB6A87F15491F5AB7E25842B6B34BEFC12C8A159F187C64B3CBD2356DE5FBAB98BBE9583F0E3280C0076DA15
311
BF34C15238145742B07080B1EFB83382F9FEF2239D003541041083C5AF9EF3C8944DC2030BC3ADEDDD9D27475800693049E05413BFB3FEB4308731512F13400D06F813368A0101D8D863EB3E75FCCADED124F532AD3F123F131AB46A93DF1ECE7F96CE9EB6C365C6D6A07EEC461FC919FE288AF7AE1A7D012D291EB073735F
311
F26BBB1C99FB706E972192819B7A34BF22424BEA1CC7958AC2E04BFC8E02DB90A4A1DD04811ACDBC181037864672C78F6C0EC3073A40CC49D5E813593B7002763BC6A909D31AC86F3F6E335C9E1C309BC58F16418642E2AF6B290A34FEDC0CFEE08FCA0F56700699CB73B9C99302AA17BD516D7F1FD755A2B32B3FBE7134D3
311
BEC813195BD355020A7DBB541539CD2C06E45F46FC0EE08293E6C0E1972176D9B678340AA1A4823404EF79B1E2347E47C35D0A2260730E0B513025DC0BD1C07E3366E9B9D17F767405FB531070700035618606F0B40C73C974CFD321B0C174A80C0F3AA54945FFEF348F5488895713E89B5C98DA501E06D8D24FF04FF0CD7E
311
CD7BAA755A854EC6A180AD13BE094E8D5D63BFD6DFA5F5D3E4DB1BA18FD8473DC6E17FFC9832B71A2A94D96E808BB53F9192955D62C82E282B05168AA0927D54AB20A20A74800B7CC9655C8B15F62377CA4C91641F9F4D0478F4FEFDCE273A002CC0A725EC165CE3A149F0333E8E9600B2C05A7D15FD831F0938DBE5D0FF13
311
E3C0F0765965A0961C3FA86DEEB0E28304747BFBA5FCDEE44C23544F7BB7BF7A132DDE34F99E44EC3FEEAE92F667A10F7E90B0E8C6442DF5A5318B0F816311DB2E6DC6F172C363FC800EE09186BB9EC82A24C0117700CD884AA42023B81EA6E0CF8B3056411110D78606EBC5AD5417B45BCC8E61EA01C4006AC233933E35D8
311
60BC1B6CB9C9CCCE7840D2E0C1C1FFC11CCE54D59300F2B47D66A10F09D8E24B71B9BDDF98FB62A3B897C53EC88D16D1FFE8C649B17BB8E760EB20B784F52F992544753F2CBF642CD3C9C70D8722C197142C567E74FB431EE248A8F3FC00377F5142144A82FFC28AC2970A780C85A7EE9146FA4B2981F3C93BCB0F3FBCB6DD
311
3DE69C72B6073B99140DE28B8E919D9D9E7C2F5FA99FC1FFD07E9AC0965CDAEA0A945FADE52C791EA989E8E7A21A355FB37E44405D171B98A6E946DB26AE71DBD01FEF07FD378F5B4B518724481820890E7486E3FCE61A60E096D577701890EE07CA5D7F2B086040749FCEF3F81972E510A86359C9BB579883035887542090
311
614E5C4461705D7CA1CF84DB564838606CF1597E8119790D021080C935A908324EDE9F60A04B7830A33F0670CB08605B8D01BF9A3D435693FAB4FD84EF6754930640C1F9D74B052A7ABBA9F502B39DA3BF6BC7514EA4BEC71D752BFDC198EDA8DFE8F32B3EF811E4576B0A2074B99B070A069F60173E7427BDF285024E35A4
311
418B7A412914F2800F1965C4F1120A2D5D2C64400563D5942044807BE7C738EBF3034C4A6F4D70C04ED1F97673C039FABC4CFF18866E08200BB66BDC9CCDCC3FFD1E43BEFC52C317F0F5E64900FBFCDA4DEE68768FFF46350E0EDADB7B34DBBEDE3776BC55599AF84E312229F931E700D04478D66A0D88D09B2276141AF0F8
311
811C5F8067DC04C0F90929F7F1AC9CCD368488AFB965C97B855A3E2E93AE5B4866502E55991B82D4388614F2C36B8484A5FA06E3EFFA984A6AF17D5C2073299D9F12FD63826F67FC460E54030981684E9FBFC22009A3006962285FDF4FC84B699FB5BEF3736C6072F6844C15EDF25883037DE6BB7AFAD6AE164B367812FA8C
311
FCA6FA25725D99AEC5C6EDEEC64ADDA2BE0056002032E1D7A20A54CF444E360D520A5B69816C0A953CE0434A8A898BF18E2B704588C01BDB2133342F5404FEE698957C200EF54E31BE6DF4E888C9C67F5F3F1B41F922777E7FA6332677C20098C59F762F5DFE4A23F9801A3BB6F8A4F66E0D40EC867E92DEFCE84C714FC7CE
311
8DD3DD3BDBF9C781B1C3B549FAD2C89D711808CAB100E09700BB85240374A7209212F320CA577222A7020E7824500179FC7096C714884BDFD9499E027ABEB3CB0226CD293CAE6E0C41A6788F396606A073E28CBE5CC67D584D36CA39D37974FE1023253E3FFB007A26F657FFC901D851130DDC2BF54884F20D5D40A0B7E5C7
311
BCC7CC87B84F2ED820192CCE1AABA1FF24ADBE1D03635B5B3B53D4A5F84120125FADC36A0E792D3AD7E255792CD5241A4C84171F1104090017DA493D0A7790A7BDE6DF326180398E4B0DEADA5C2763825E43E05C388E184678C88CE6422606C017F030366981353DF03A753DBF6370879F79889DD0BF75408724DB53C5B006
311
3AB6568D02DC47AE4627B58D7E367A6000267E7840C23A0940B992DB98ED1C4731B4FB4DCFB6D3EAFB6CAC7646F0335C5031888CD74E2103380260AD47176D703960230370FBBF28813524C17FFFBD6288BB28E4F905ADB4A788B40B4A6201C1878BED224DE9906C4C79EF32EE679B9F5D3B5DFA137327320643909A823F62
311
106CB8F9BFE4BFEAFF0FC7A6393EC7F64A698EFF8ACE31BA05ECE6DAB6DF124118D1D13F892F3D3530602E3F3ED3D59DFB821ECFA3D9AE85B1ADAB9E328DE738BF55D5DFD039445AE76D0194180F57B15BEE5F09C07F952F9A10372BC894CF7DA12CF6507E2A8916E0DF430C519485C55D61EFE209912D8C32866214E12161
311
1E22A0B1238DB18E86636A3BFAFD5B4EE02FF1E505F902BDF424D0516907BFC95EF3A76B6B3872769D67E25B548F0DA46E2B93DFDFD5F2B9E9EEE1EE1DCC7FBE6380DFBF38A165CAC73DF912AD76A4690D2B766A3EB4AFA2D05BE543EA20B095FB17AE3F1928D84482049B659E671A4763CFA567C08824913D37F2F92F841F
311
C244085C1681225C04AD6DE1684831682CE0D6096B56101C0D4FB3A1BD3F11FC1105AECF5660BD3FEEDF162B0D9DEC6DB55AF27FC98050BDDEDFF63ED14B01336053A19DE9AEF5F5D9E9D9F9E19ECDADCD497BCC57681922F327EB41FF681E17C1921B04FBAE371AC69E53F98183E91B84897A5DB164158BD1D12FF6F6BEF0
311
E02847727BF2628F9FD48B6FB11DF6928C868B29590A0606F92140D0C08850DAA7DD8A5FE8A50389F61288AEB743E9C801BB67DBE0A7F64F63BC87770FDF57AA73FE1F5A84F8DD3AADDFC32087FBC0A7D645C327B97D65E7A8BBA76DFD9BCEE1B1CDE3F5F7CE4E6DF4013ECD7CB60BD1239E8A4E9A5722AD9C4FAC8F7FF17B
311
214AF8801950430639A08E3ABD05A0D94E253BD5951C885B0CE750309070555FF21F2EF83FF53F4E15038B8D8A244740A5C9CBC120043DA0B323FB1DA0A4EDA268C05A304619505000BE10415DE898809DB6B66896E60AE347ED3D6DC707CB7D5B5BC374A158EDC343D0EA61C217D4878CBBDC1D85686782C3CF4272E7DCFB
311
5E9EF628F5A95AC1AC0C6848F5771329EF8DF2BB79EFEDEC8DBEC72EB7F245287FD4B31008AB38EA4D52F2BF57167159E3004CD8950E217DDD6F699FC763E9D1A0AECC701F7BD4430A3E030374066938F883C01DE40E7DAFD609345E33570F4CE6BE467FBD7F793B5AF2A9D331D86DBA7BF98067918F9FCDD609A0384B523F
311
4413B574B818C6889FAEFC5E7B8F90CEFD62BC2C85B2478D54DD076635BE434FCADE68B3ECF1C8708E27863DBEC352D87BCC7A92A8E135700CDE65BC114026DE5DB68275E656D2C0D4087293D43BB4C9C14EA83C0D806783B40DD7CD4F19EE9F33801F55A3F1FD600017A6CD5DE607783D5F74E34680E7DAB98D99F6E5B5AB
311
C7F7DF19D8278322F6A97FDB2FADE1539BD945DDF868EE2B8B70D9EDAA45D1BB0A5801198CF1DA891540474745BF0317F8A3703E02510AE94B084221F887FE950272D62D4232781054A87C58D015CD45EBF9B70E60820A2056E9D4D619E8494BBFA68B61EBDD8CF52CCBA124BACD4A4077E8420A7F36FCDAF661E577B792A7
311
E1B7E337C7CF1FDEBB3B49F501F3C7366C1730E793F51FA20A9C3D2E9F18E63DC277449054CEADA36DA0807467D45F8A744E1BDED725A033868703F1392BBE221158220588F30574A0B0893D0515B0B7C404AD0E7F40C11D504C49BD7DA39A85A19CD7357DFC966E5D92272FF06D59CA5A6A1C8AE30E52F1247C1F1D78F818
311
87F9F3E387075B170F9F5EEE4A7F5BFC69DF02FD8795FCFFAB472E7C88D563DA514861B85BD41594A75F5E866BE69471110A9F75C8609C7E6BF6C7C727431EE3E9E3773D2378C25226E82C08104A57ED273FE0921D6990E02B006BD038263BA360355E8DC446A380F0BA35FA9945A80CF60DFD54054202F91897C241C147D5
311
9F8E0FC67CD0F2BF377A3463F8BBBABCFBD6833C57E214AC3F5AE9C2FDE88852968F20337972C7E04EE5658223008AE82D93BC37D8DDD900BD6B16EF221F0D4149045D740A8A215D4FC186C658E01994B8CCD317465828704BB630DA2243B3B4ADD3EA554A97408454148C04A1A0CAAC2E04033C04073851F54380E0BF2DFF
311
A43FAD3D6B574F2E1E5EF6E5F4FEFBD1CA87C161FCBCF5C7AAE2F726F814027BAE10F79BC3D765D61D1803952210A9AA07F8C6BB2105B61145B324F96014EF223D4A9261080239F03FF6F4DD4975C183B887E081F7A467A25EAA0C94028FEB808637768B07400A8235D4EF33143253198900E079E3FACB0C59B00F827A5785
311
A6FFE2FCF0C0E6F1714F11CDE5140D931D707950631F3DE877F300002000494441540ADFB08704E252AADE1BD4E8DF55796A32B9B6F17737C67702E5C638682737286CB0E0A89B624D5BF28222432848C9AB8C07170C97B814FF492A61072407D638006F7C8400860444C01B1930A522788045633DFA9507267A3A42BA0592
311
5BAD705CDD3792FA23C1075C6EE768A673919EB6C3FCFE7629B7310AA794CC9C0D14A1FB88F95C845BF22543F57996E0B26C9E4C2ADF187F979F8A55F11B47BC26594C52588518D25E6C2B1CCED231EA1B748F093E5726A21A54C91EF95789041030C20FD5AD68613432E19A4D0DA2505B6BD843516E10BB00AF9AC315EE9F
311
DB39CC1F9EA59CD88F9CD071D470C86C4647FDEDDBB1CDAB81DA94034747A779F4CED497CFF817348F69F52E55490840E48840BA72DB71F3E84F6DA2F4717AA928F153DA6E4C7E8E00363CEC9A2E1C8E65F298FC4A52F087FCDEE5CBA38A80CBE11FF7BC2AFF249203FFAB77A128A001B1987BD334AD9B901890A8C2005B6B
311
248196AD09C0025ED841325B31845032E327C531C839E66DBAB39566B631C2FF0A1DA5A3CC47E665AD8751B47CFE33899DF047C9F3C365E3B11278D49DF939298E09002F6430F9958803309827A7C791048CA070061B7E9A64C557D235F83EE24822E5EAB805F9862F20FC58F483DC0EF02181F572930205107E00E5238618
311
95A2811309808F2B6C14B2AA579E893753C155D2F54302007E9FF36AC5FEDBCAD47E182D91A73920CFA5C18E01F8FFF4C3F1FF553BCAD0E58DEF85DD63B91BE38ECE1A9FFC4AD4A1FBA30D462C328C5A0340DFD393D3D3D3C0659195C96990F391EFF4175213BC74C020922D4830FE215E76940962BC0713A3B82784C0CB66
311
23DC40D6E1485BAD454F6892200B225096127FBD82D2B12006BAE2E329C771E25FEBC0DAB3B5395289D56D7A8A89081B34EE06F80F819EFE75C67DEEE95D227E283FE98A7B9F1C97D2D05B4D07A469153C3DA3048EA68FA667A6D90E291C7D7E2D063E4D044964D055F2DBF3E31BB851AE9F78A0A7314F0AD24901F581D74A
311
6929142039C65AF5830D1C809536CDC05E4BA51038F79D713DA930CF18BA3010E385351CF47F74D439BCBC793556A1F99814926AF12835E251C59BEA3C083EC2B2760FEBDF4304C9EB87B35769E1EB24B648542CFA4EBA9EF93CD42F03C08F249A2C98897D8E2225E90077823F4A52171A61219998CED6FA050992B6B0A74A
311
2220ED12123004FB977084208F8E2AFC80F456CB110BCA647A3A0F854085D84FE0052BE31FFE7F925610BAFEC06FC33F9931BF063F39DB3D1BB20EE357F594045F4226131578582CB055A59A073AE0413989D215019B6EB8A21CF154D71164E0D8F4E730C2CD382D098DA5261456A425643686BC8301710F2C506658813991
311
56AA2B4C3191BC555728384800CE10040F746A3D8A80A5F0E500A93456FEC52833BBB45203DACCA37FE1D3EE4B9BF0EC27ED47D89B8266F11EA2DB8B5A8BB93EAEDF0C06B7AD0402B9EAC6E787365535AF19F15158308A9D9785C1BC1C01377F8C6B4D07B50DAD25649764A91DC9812C7B34CA98184084F7C01055466B4805
311
8CD44085AF26648520C85C41C67805462D8425680425559F4440F3ABBE1F3F81B1EC72708767DDC8FFB6465796C8FE310FEABE0C9B242A74137EC3E0427091967023299BE5D6D4D0C6D15747DC2AEA4ECC57C72856E827D33CBD319D70FF854369EB841282F84B7CA4881447ACFCB257E252E00FBB3272120A75B991198408
311
58486615636E0E0334031AAA8C08A62E080053A0AAA4158431EC727A084021D41CF5D630C94184F6FE7432E8F5F9A4FCDF3EA7CF136FC2988093F98ED622E38E4976E1BF0CF49D2889E6DF3566719FE1F9B47A2D3BF89C69155DCF24F88C609EE551160F0415900B4C48FB013D8900A9192A700748002924771A3686A0A580
311
FE4009E00ACC090253E280B90AC15048E047020483A038A60ED232831F2CC90498648690D960C48E439F18F4DDBEB0B6F5AC7B7B89F6230243B4FA160A7B9327F3AD5D937C8BFFE5FF8B3A5E64283BEF8EAB9F71159514CFED62DBC880614AA1F7994CCFAE7D8C87057F451733699B8DF87056E1F0654B5021E38097E4E232
311
21B810DE20559AD183A61C2C88A648DB096081E9801CA00BC1DA0124E08DAAC15FD2936905CA8DA1C40E42B13F1764E0C4015EAD7F8BFEC99A310B1B7C0BCC7746D3C0702759C89EAD57122092122D1F857067684A578F1DAB7EAC400841F493A468113282FFE42316CC74C756B1C880FE78795C692813CF4644480EE9B029
311
91BCA257A71861F00666D9410288487618D120D0E80D7773E2B7DD180E100EC98B221C94BFC4FF531A09B986230F1CD08378A8E4D0FDD7D9B1BC75F5C12EAD7FF83F3ED19EB018620303C217A6A35D826E72ABF2D8E2BB1B783F6E48D2E3F360806E1D192085D022103473A10375B63853EC54F500B5B064DBC20945B88160
311
DCF7E4F83A0200BF6FAEAC88E9F54D22D898E43F378D20B51B5D6B1457000922202800DD401A9266483029C0D6D57ED80D42A0E6E08835F0F3AC73D7FAE6D56185F04FC44472B854EB7D9CBF7134DF3DDC35A9F6B38417DD6F508B37C1A718B0D054124176F7222F62DFB327F34D451799D56216880193254FF782D7DDE26C
311
271BF38C6E422E271CE4AB8823C9510F021126A7A944E00DB4031D013C88EA0746C96D4574069BD5439C4110403B40020C30B07A604F1E41D19C21A93FD9002DFC35F23B1E7B98E95E38387E3603FE7393680410D702FF9ED5A3C5E5CE68B5827D721FA78F3A9A0C08A79722D9C9B418F46C0057BB1640C70AA4A03D29CECF
311
33987596D53CFB27B32C3BE304C540E14BF8464E080918268D254838C91A01F0FFB99154FD8A9C0495EAA6534A6C464440B4A71E16100E7405088122A35F7A511DC003D002E6C8E7E15F6D1D2FD09014139EC11FDC89394621F77B9F88EB5A583C41E2FEDBC8F82334494C0BFA97FF3C3A34ADE60385B60E5A30CF036E5E75
311
370BE3B83AE73B3B7DC0BB337DA0045299ED0C66681E4AE223D01B1BC3BD4C921E2005FEB5114739040758189BA8A320067B62A3995E4720055065AC2B4A8006BF8CFCC907C0063EACE41813C5F017065AD46CFDC6FF1BFEE052932CA3478C8E5A6F25DC8503D40F61FC1B047E4DFFE8E84407C81F1AC7B5C79DA358551CD0
311
D13785A9AEB38D6EB68A0A8087FC6543E7471082873CDCE5CBEA1EFC5CC0579469E225428E9A43D6A6000B4219DE52E8DF00A55F4BF5035960661C2DB88AC1F67C2890A93FC420193C8326409E7B595FBBBA9AE1D1511B3F6D65B09AC10A71C2317201A603E88C56CC68C91279E83F5C147787EFE6C675F00941D23EF09292
311
0330982DF38C65EDFCA89DA98E8ADDECCD77CB86D85118F3DD9884820B1128010D02F1060F582871CC8FF42024C02239273A1CC3BF71E770DFB7E96081682803188118B50310BD620234F230B12711B063E0F0490FCDA9248B580D3D3DE944A30CFCF2A1E0F6E59E8FBEA289CCCC943785BB8880ADA9C2FD70F6A13F541844
311
4E3A669273C006C4B4EEEC067827539FFBEA9CFF04D84E7F170480037005AAC8829084329899F90B5E013927F8E646514B4824B01D11F72C012CEACD163B6358A4454A4221D06E68A71062520649BF9E9127D0772D6E5EADED52FF216BC2FC513C7D3C5CC4C8AF009811826AE20203B076A2AA66D8D32E317DEE0EFC000FCE
311
16D9E0BEB17C74AB009256C5D8AD1CBABBDA61402612C675FBD72D07E633B1A42F2421208CE01397560811204306617A5141706105C9F4984C459F2D0F6C392FA05BED808512B0B9A8A9FC6CED89640EA347D31F0DF76D3D9E61E800FE9F7601BE4C9614A1C58E6C839F13A12D0EB426DE6386B82369A9E6A7F1F9146EB578
311
A2EF4289AA109B4F6CEFEC0463E0072A05CC9DEDEDFE08407B173B8AA65399C80B2911252E6290C82CC1B8909140C11B7AE161B42B93905045D017E00CED6D27AAA15F2C2179F1E83D411A7020B9408D202381E7E5DEE5A9E7E5CDE3B186433F488AC81554BEC09BC579018ADD1DCB3D9D70F02B14BF9159A4DA376225FE43
311
DA224FED327941705DA582B2FD1BB5DC0540667B650BECDD1D5DDFB0C7F36DEE2B94F6EE2EE4E426F20A1174C31DF153321A24114C4FFF25E505475F6906D4149B21F1BD9D9DF7B059F8E0FD83323CB97991FE80EE131A9003B81C491B218B1D42C0C0D593D9D548003839DC29A740298B0C23F0CE14BB167BD61989AEF0B9
311
85C8FAC8F923A73F31953989F0F6C96CA6C4D0A9A88184BEDBBBDA3BBADE77CD8E2FFEDEEF46184A86671D7DDC51417477BE9F04804F305AC82C2D018A21EA903866A0F959FBD4139916D036635EE03DDB7408BCF0627A03027AD314C09B0A27F0A79490D53839D0DAF1416995CAB24101FA63F75029D57A4CBBA9FB4D120A
311
DB17FB5A999FC9420DFE04FA670430B90FE7F589F7FE8D50A4B5F004CE5F07EB4EA007F8AEAE8E8EF7DB3BE2F81F42166C7246FA9E62D02C8209BA1024414C483498B50229FD923F2414040B2081390AAC353B5283EADA12A30B1080866D746B9ABF5BC107F33C2A015B275480759334B83AB02175EFD0DEC785DFC505E006
311
4F4EBA5A97073A74C5C9FEC97BD25D819E28AEE661FD2732B8BBFB1BF13441B3C1F45E8AC1752BBF80C113DE960E0AC7D9D02C58C80505A19BA0E84B14402601A590A4AE00A825E98C3212342302EE10FC5100681F86834A2804BC409D70270A2091DCE874B16BE0706C974EB3D26EFEDFFCA6C4579AA4DB781708469F0555
311
32A7046C6BEB0CF39F3ED2EC4FBCA3D00EA91CA68FD2B87B5C191E0EB2C300F00A1C9881F263571C6CFD83D079D09F176FAD839340CF030F70458F81F09AEE1329505150CA0A00576B56C06D58070B23086F685E44232D9D53DE3FC3731044F286D19F459351863F749F1104198D6E14BBC68E17CAE70D7AFD958E350BEBBC
311
70C9C4DFBA075240DA27D40AD7DB063A097DD3F041EDB3E4B682A7A12A548F3393DB01945547175879989302521EEB1431B08759B632B174E0F700E774FCA1BB83F95029ED1A084288C8893520E49415E00DA080AE8027C34206D35491D050A4C6B080F6A20889A2FF82379AB6234F6710C05F9080ADF002B9C9F9C583AB22
311
0F45D618D7E7F7547FB27CED8A8B7A7D24EDA4988B0C1C2A1AFB53FDC61BF3DE50D63C560F0120B0372F0839DDDAF13E583B868717C1CB8CC71D1D7F440CC82184803144196EFD58BBE00B7EE77DE8C015942357FB06FC906A5E2B8882CCF9FFE184B0035A5CF186A962A63F84B3AAEE3D5A2C830008807568B6A9F424086D
311
2095A3E262DBF124350082C4B5DF4704A9D2C93553DE47BD6766B69349610716999FA25854F759CA9792599D3837ACF6247CE8597B0F960FA3EC45B61715050260C5844FCCFEC9666BC71F875B17E3BCB4CB151405D7D08F846B4CB952248B4603CC402B609E90F0044A007FA800EC46D07A51232B00E5683C55D5096E1374
311
DA4FCBBDE2C25A5B8D26008227CA7758033D7D70DF12CAF7F247939F93F1CC63047D63ADA0B7CC8771B234D8095FCDB577B586D1834062035670E204B245EC093FCBE15626C10D210CB38A13F50E10A0D5C0814B0C4B30AA9858516001669002229618F100767AA3D6D2528595FE7A398C2D2300ED0013A0AE60B91644A057
311
327BD3C36BEBF48C91279B45F8BD145494674AFB211A91977CB838DF35DCB3D6D6AA2FB2784B591ED785DFD7DB77747DAC9D2F7674810EFC2895F9ED8007EC7885101679C06F21E4B1C8A6120956F80518D1DAF1717BEBFB5803E20C6F2A11B2E48AFF4AD2810A70054623E341B3D1ACD92DA91150DE631EEB2C28882D0920
311
49C0DD38E262A7BD6F98549930C9D44B7C37028AEA9F8C5628A2BEF5704C0DCB2B428181B1BE766F43014498D2E57791E4C8DA6BD2ABF5003F0C40202E2E32EDFB02852D16C30B7F646B98FDF86C7891690043128B0A0DE6B4EA27F08C30CA34C9D0AA0852A5997F8D11A6EE84E040B20472020256F4AFEBBB74E6705A1208
311
3B249089218E6452C8E5A69717E904A3F5EF3D5D08EC1F4D4E85086B238CFFC11AB9AE972CB775616C6D1DE04DDF073B4DE3747C41FBAE6072901CAD0237100670C5A00C2C3CE063610ED824826C1F6650700E88C00B62468903A0D71D3A390255AD7040048348C56C4647413C2C2561216E0C469203EF06A5B101AD40D0E2
311
07F78B124747DB5B4BBB4E88B1C373C114E0470B345156EDDBCE1B4DBDF81DBC400746B0B54E05F693707B89A5E430982C2AC7D10DFF11D5B102B9505034B35D07E8E5F585757F088B390F2D4C85CF7218E8418BB4F25B885053D07D5A908326809F31D6CC6B77CC948413B28664484439D118DBAC27DB5AC40C1AD166F25E
311
6A2F0AE82100C0BF220405323E1FF80DFC518CACA8DE1003F3C9FAE9C7B2D60703A0004F8EAEAD2DE0F5485452D15B77B4B67F4C2403B8D8F9C533558ADE058A9E177A1698F75DC0EB4C800F74C0270178C8579C1FACD025F0560844502D2BBC01E620030CB93636C1041636A693949CD80139FD15BE107F905590A292840F
311
8860706D07E2970A2F15E5B13B87C3143CB2930374CC46A6F9B9D7A5CCCC14E11B9E879A49FBE27ADBD6DA82410FBB94FAA8487D61B51F4BE0A03FD08743C31020D6628ED20305A22C2C2FAFA7ED1E7881C438AA5B9035F20759E243C51F34D0D5F02F11403B9E204CC1686C0B6C9000470561519CBE1B0E4FBEAB37A39EE4
311
B84C05F023858779341991F36D9D9F351E7BB3B5ADF00148D9D05784F9AD8B037D48C01BFA83D4247F03BB768BEEF973A14E610090D4B96B1EEC5C5E66928F28EBEB6CF578B067DD83086081579848E60DFC7684044D8174993C39F886043481F6A2B743B18749E52447CD4D230513032D20D20206E536E15BCF7B7D211634
311
F98FF9986287F33F9A94615A5A0A7CACF8DF5DCC1AC6EF9AF1945EB78E0A2FED1DA2ACC00EF983F9A012260BD722EF61C9DBCDD8719703ECF839029010CA0B9F100B1D2842153E01A1A3837AB579516A31982FD2908A09100DAE591016CBCD4B011A2F4DE299E1338CE065DC4841BF9895D8C81714800CD08F5AD39601BC92
311
9B55D291F6CDCEF2AB40DD5D98F4E6F107C47AEE4A09A079C05316F479DAF4C2BAB83221BCC0CE23FE3D3D4C7BC9AB673D89A3677D6020F6E182332028012FA0FBE0B2668FB85485902A8E7FA0BA2105C213E20BC2169211A4BABA7D693C3F1DA961F203694853137073AD5CD25F1C017DE0477626D7BA55B88F83B5EE513C
311
41D814639FD1BF759171F4577D3CAB0C3DFF68B2D3B1F8478C18F67BEBB2598FA76A4545E9E961BACF657E0791D2373030E0EC9FAEDD17BEA7703A738185D08236C407448A4CB504CBF01FF43859D3115488EA01B55078000DF085911805790DE1B41B6F8CB2889C3834FE02AFE07D85143C6C008438A944EA63E047023A7E
311
F37E13B0903AFEA7BBAB9579330FAFDAACD540022980B65A75FBA17D388F1E6576405CCE7032D95BDA420E7DC0EFA320879E5F8B3B04C1D2D9C1114210C19FCC49DC6A855E12010184DB8968109ED016E4683CD552A36B3AFA13BFC2114068935A7E774CD2C7225642B73325938052D8634ABC18DC9442BF9E0402E85B42F9
311
F3273672DA8E8F1070405D1DC3248487574CD98092B8B956E6AFE1566530B78FAE05B4A0DE51FBAF85DD075C7E11939F80E015A58D1F87E400CFFD2306C4D1D3C634380A201545A92BE01F445800BE12302AB477BD6F62600D211232EB061448A0D2B877BB940D63D059C37E0569A83DE93E214F4BD86209FF6F479C640AFF
311
8AF6D1BFD987D029A94DB7C329B4184D4BB013BF912FB88FEEF913071A8D82B651BC10DB067A7EC52FE1B421883144C00F64FA23A11CF708BF16CA59F18D4C04B8085964B2D8DA4A855187000BE440BC816FFB13374640B0EB1D0998AF38A1AEF503F14302E2811081FC12EA6CD38A63B33035125F40F170C0B0AA45E9FCA3
311
8FC6D688D48563B5C4B4B7C359D3C7AE0EFB16ACD5E2FAA47EF8307044B4EBE1C71E84E742D81431FB06B90B600B9C239E277A57C94C427EE10E7826980C0136600D916A06058CBE8604DB4D314FBC014EDAACD0820F14BF75449B70339490FE5A0491221BF95F949DF1235380E969AABDBE2D32EB4403D3FDF17F42F9A0A7
311
C28ED75BE86BDB7C7EC80C76F86B8800F77B305EB88F00A4352E0F8089EF811EA02A3DF08F7DA008F803BE4B4EF5F41E56087099E920708C3D720916444440FDFA013D4E1201414123A09290F5BD7AB729298209C4306D007BB0829FD4EC3A6D7E4F00B67DF38CA0764F832F0448E58439B952CB4F70DF964AFA74CCFDBABB
311
DF273E2FF4F56D3DBFF2A78D42FFF2755DF307066497F44062AADFC0CC546F6DCCFECECFA232E14F408F05477D311B683A35BC245FCF8A5CD2AF20022C21022266905A5BCC8B20235D6FF04019CC04058AC80023662E25F342063165956320BE50370F2A657BACC817DDA3DDD3EFE04028645780A768FE38DBA88BF2EF3ADA
311
DFC7FEACA952E5A77568ECF0C971DF32BF1D24F8486B22A649EC81B1B60315CBEFC026091CA45F858D7D04C1B437079431E63E38F880758842E780A9E03791C0FAAFE10012588C3C592FE35461A6047802BA18686887023A422A49599399893103942CF6DA53A8E387825FA0678B261F139F801E2B17C901D0F5217E07AC24
311
01A87D0480F753FBED44FE949C93A1D042B879FCE499B3D861AEB23F9C1F372F0C24D0B7D6E70FE1AAF60F84BAE642D82F0A9F53E22783915518494FDBC0AFAE7DA282E5050B703570E06319A015E00D693A6BEFFAE493941C3B08C13B96BD20D0115A9565701DC58568A3009DA13E965765C03091F0FF339F7309D44F6E61
311
F837F1B1FF920450EB8FC48F9B40158BE89C81A597CFB0DAF5F5755D3886DC13D4479599B583758CBF35663AA234F133F91D3BCCFCE0A794367F385C59B19431780F1C099131384056616E15A1563B50021D369C593FB292685A68A8B2A50A0A2085CF05434617E05FC24A6B077B990014421A68401AC4D65788EE25F737EB
311
780D08A6E38F060F2ABD889E1B889C44852C2FF368C1E3E710D73B6589EA83F7417B341ADA1F639A23D15298F087AD0326410E116C3A1B325218433C71AE62C07C1480F1C045629724A076A4BB8D622D24690486727F56108D07046DAB065000678E04C4F8C342DE27F4AC102D854F2D08D59B4ED0E4F697B0FF62F113646B
311
C5B7F3131D4EA8BF8B265EA3F2026E7061B96F6DF3D993276B2180B8E57067587428579460551049049B074CF8B1066C7E14C705F0B39298C0997C17F701097023BAC31081390196801FB0C2A12380042927503D5A01CA127F9841B460310639C674BC8CDF1A320501448E0068905B07F6E5602F8C1F07786253438CEC51AE
311
61FDB25FF71B09893AC026A9EAE3F30F369F5D5EAEA5801FBAD3C98B38C13EE017B054F81A56F05259DBDA64FE270B1FC4C77200FE276FE814B916E222575ED717A62A92956504605268408CFE13FD61F84252228376060206802B9550F00B9D47E6AF1022538A752CF4FFF1F5931384A9FF8700EDD4FFA2B93FCBFABB3EA6
311
C607FF714B0B8B04EBBE83B52B246092AB018C0D0002FC490849F1E214AE6FC42009D6D86616C835B65DB9862EFC4480C14137603C3089D0A5588FA27E693DD184131BA4E88C35045ACEF1CDE1A82323C20B842F2419604821196EE8185BC834AD44F8E9B7549A32900196E9ECBBE20FFB4706861AACADBBFD9B56A23FFD3A
311
B8BFACC18B1B5AC0ECD7B6AE2E2E9CCD2BE8AF1B1BC3A813B94107E82DE67A42E7CC7D4A6116700B5B2EE3C338A09B840F07C40A64800D7C605AC42B72227C4C7020AB1F20056E26F542717F56534261DE3766AC10A6ED2D006DD03BA9DBA507AE0510A8B385C92363B9154167F1230C40D76AF6F3BE0CA08F8BA2FFBBCEFB
311
09D0986550E0F0EAE2F2780CDF850CB0F88CFC2815FE87BD83909F474F45DD47F1C821DB2107A8817FD45384F57891B65F2543D0C1E20A89B4A8DF806862AC27C60F6A054627FD344250718AC0FA21CDC4E28DBF2650D1B39D8B8A420C348A4F846E2BE824BF8C45E1DB8EEB52F576F47A75FF95F90FCE0FD3A7A08D48D5B9
311
AFBE3EA658E1676FE3372FB57F0AD8D70ED4AEBA3D4C2BE0AAF1C3AD63A6004D12900CFC481A47430C9EACB390038642C8C41B13303166614210592736B8603AD4FAB17189DBB32F3915F0C380795A089A15228460BDE8E52203527D41B5470901B088D84FF8B3FE2BA7F4FD30ACAB3DE0B7E2FF95807AB0010FFDE3A048F7
311
360F9F3FB9380EE537F16F8673131325D3351A3F664022020811A0FE8C019CA17370725CBFF64132025DA1BE2555102212E80A907FB43ED80A991A8AAC183932C19AE17524B06590B6AD286EB99BAD18FF4BD64BAB519202F992A963648ED30E7521F909F090C0213E367A77D8836BEB6F34D92EDA624183070248351F1A07
311
9E5D3E7A9EE81F2CE6678F92E299EE312B6C0572C0A7B5EEE07853612403813152C7125E2022A20C18F855DBAFA399817FC97FB6E1CDCA31D348434ACD0012F0D32A5456B4007E6E92D72B1A4E9971223A42C1042819E4049C0C5801300C0013FA48F8944FBAE71DAFC27F1826FA2304ECDF3F6C10FF47D5C7E49748DDD687
311
DE8E91C09394EE0682A4F84CFD6067EEDF43E67EA46CB2F4070160439245F00343D03BF25D7E2F26FC400A896DBF19FB8D4D0A66DA669C3D608F9CD048A0533621B25690EE19D5D15248E390F042B12C682511B02BFE3E5700E4C9A9B2107A8F45248FA48234FD23005ED1F4EFE80D1320836F04003BF42856D478D1DCA3AB
311
EEE3C68F9F30C3A16E5C238EA5DE3FF37DACC2F8B7980033F47FAC34421EF0418A045394802CE032D61C70023D788136788613887C0011A4EA316E005718AE191F8D0D841B9C679CD2FC478442D005429166F5A24403B1E6ACF3298F388B6D0BA933D92339D48969A5C11F09B4FF017A9900A4F887010C474717E10F364680
311
32FF33F4AD610517777104CD920C3CD15FC5F3B3A0C75BBCA3B00F2724863C10BCD4A0E00736C7981F2F72E4B001438B99714FCFAF713A2603BC710376A1715FC602022202E06FDEBBC680A3DF1C4C095A12C50B554FE7623B50374FB2129DDEA4C392C9188077658C87F55FF92FFA507FF03FC8DFD3F31BDAB46DD51AEB03
311
F7E1B38B8B87CFF47EA1479C3EBAD5C6B382C221C0F1B358B39D76D9D3142C4A20935F541E492E0EF081BA41B3620A8E172B584EA1485632E22A8221CEDAC6110AFA4B6D43E2B76A18AB240BB24337721C9321D2C033B2D3E2641A55A400A28403C12D1DADE39AD23FC5FC08C47A64DC3FF6DFF76B5235124022D7E6D6D5F3
311
CB870F9F31C96FE477FAFE54100068A3A87FA5908A2C08011CF31309C10025B089FEF9C510522B8DC07C30AA469841723A10C08E27F00F7FBC181C083F2809EC3B2B328E294AEAD5A071B3A95C81D2DE3F930372D022C9C793535B92FDAD5426E90490C3C81D000017C6494441544698C416520C1C40C71FC204B22448FD93
311
03782FBA67089A1A7D4CE38E89050FEF5F1E078A4DCCFADA058032C34C1CBC2E1202B1F8962B1A8024F0EB7A11F209E96FB369D4B64202FE7BA230AD24C46413536EAE955B341B726C593B5D4630C0BE822480908522B0D85430230352618DCD4F7BA6D568BF4343801480006658EA3EDCBFFA9702B4FDE9022163C43F9B72
311
B58001A23FCE6F0B3FF0E4E1DDFB9801A6FC42FD0132CC1F2224F89933107AD30B6C9131A53818AE944BE25A70810821C38F098411980E46D108F483DC63F49B91B852351604091D60546702F58A3872A1716411B642C7629C267E64E77719F46B0548FD6BFFFC86A38DBFADFCDF700228C124C8664FAA02BFB1F92B098008
311
76FCE4F2D1C3FB4FD0A44E0106A8DB8079751CBF0BD9340066C3D52BC64706467C05B5A54401BE4A1B0132A55EAC1CCCB10D378A3DFEB9812022327745EF2102886A9142C812A1A2C9708027BB55B7006357459F9C2080E0BC34489FC629510F3017B62D5073E2A2C64048A0A42580E413BA9E08274091A398EA80B5BF31C8
311
7BF5ECF8F1C5DDFB4F22AAC181F070AAFDDAE5650C4000516440D8806786D874215149E69ABEC43FF0EFC820FEA112B0522003C84BE03FB76623513B6D840820358B084119B0CEC8C00AE888826339A54091F5FCA513AFE147975BB1A86FC50618D9D74502F0C7C8815AA306602FEE3A5E79E0D7DED1B221001118B73182CD
311
439A092FF801105D1AA14E1918EC282F6260869D55108065988BD67F68E5581720A708051F7C8070F582389C682BE53F2AFD85853F2A013D21564028E06E79B7A71E43212180A81541EBC88F451E02385100491AB0C4A3BC5309A95911E66D04C0B448366988ECD204C2FC930F8CEE8FA410EE4C25B58DD1B6EBAD83F61966
311
70F7DE635282C0A56A851AB035831725F0471A10FE52097089C80495804100318405F0DFC2136004B4C40705EC9154315129205EC357930035688F61AC02188250CFA9A980233925F16A117A48CA54DAB6400221976B75D863330942E20EE3B00B08FBB71AA813B0E502FD2B023DF70114E0D7DF2E2EEEDE7B789504200112
311
075478F2FBD6897835C91F0C20782401E801A2F9142700B74805703426023A81CC0BE88B537D0003E0C5181D29EB8D83050964DD2580910A1E7A8138F76253DC01DC2F3824391AD748276C0B0CDF12366625D038603D0003E0266CB42704C8CE7FA7F11B4D59C0BF454A78F8FCF1E50513715D469607031272358F04E0003C
311
90107223A581218F10008B10247CD20D860FF0BF48801040B361808148714764028EAC137E871501EFDD97C89B52107FF1235B0928C562530082573CE137840EFEF82A0BDC602736C595912FBEC69E6A3A26903B3A300C5A098A9E3F1810CDFFBA019D97B4E7A7A075850F2E92569BD960CA7B8304995FD006FC4213BB1448
311
A6F4BFBB3A9F9FC4962D0A1369129B10073771FEDA38B1737B663A71C088D8848027FC3008DAC4E4397A6F76271DFFFCF77D6BD7F1F67DA51E0E08875A6BAFBD6BD7AE52CC04A0B4A2206F650EC412841A48258258E8662C3838FBE21E25172C2A15A4F78D82DCF68A005DCF07047C183E1CE47731BBCCB5469D9169E0D588
311
945BEB637E87802A03D88FB82486210D28FB3B858D13DC7CE75F5E6F3B03C1744D30CC58C7C7A256146853A05243060B850072A7010CA47CFBF9A1E24F414037B8781E8E9F219A774B36481CB43E48A79819D638C8760D672FAC19FB9D3FC5EA9158DBD0159C27860409682E8FF2595652FE189D2CC2D7C023E94415835580
311
6FC320087CC74116030CC376C559C098B93A041C5DDA48AF33827D2327DC761D19C17CC62780D82A170E6CE7415A5E7FE825E053048F88D2AC2A561CA4D4C60098DA28EF1A01382772484698F60C8DD24BF396EA76260542810A625978C03580A9CAB91D10249BE579B0377A3DD15749A45F24C4D81FF3D7D7996F6A169028
311
8008C0FF6CC186DA9D5FC95BB09B1301004B016E707FDFED306A1BE8FA208828F00BF342186839839F1F6FA338DC5A0200FF383DE92614C03A4508DA18F4D85F9354F7E867AA77A42FF49BBE6757A1A7454448D0BFC3C220714FE43A3D8F1547BE10F0BC5A05985AC3C28829A06FE24CD062700601F4AF12AF99099B08E707
311
1DC4626A97C920C3FF96E190C9D1FD7CB6163E800D79E5F3F10A9306C02B799E80F1AB380E0571A584C0370A220C3125000B500900D96FEA40409F980E2083E4EDF4D8D2480AE5667222E020BCDAD4EF19682120818FE18EC7FD6AAD67C03F7DF1955E697456F517AC4F24700C30171C67E9168B109A4F60AFA60F98BE3094
311
1BF776DBC7C70792A2FBE98AAA97224F8BEA39B47BFD14A8CD03320DA2B676E3AA397E652E30A42CE2987B7DA1EF7F75242413800A04C0270C62A13372400B435ACD84B8B5009208F5AC73EB149FFF3508E21C2201E0338BE07E50EB47E7FF6D97724A601028C5519073E7978EC88834410450E074DD58AD13A4900103A644
311
4A9CB99103229F0EF8C0C78161EBC68137240734CDCFC349807851E0EB46CE864D2E405ED341B71A390CF2DE20CF5193189E1901E866D0230409684B193D17E2928534D04240937D3C84477494FC5E0FE0B448E35AFC19007926C1C6A6E622FDB8A12E30993C6710E070397C4B26304C0AE38218D19F01FFB15BAE1C0E7E74
311
DF75F2406E373C414E848FF8E500EFAF3C1029C9C0ADAB2313A7426CA9B2C1B9E30032C84EF31A09A88A386F136E8C2F1D582EA0459207015F10F1F001F0B1B7DF7222011EA2001F00BFD36BAEE0850928B08C077030FE3806C880EAA74BCE0863A952812E6008B3A89199C1EE918AF96AF583F1A073B0A355B9D861AF1460
311
DCFB3BFC6B7EFDC834B09700CBED3510E48DC7129041C991F06BA5006CA6B5B34EE21501374E8DFC910042036111EC9C7CFA1C05D48A7270F7F835BF04A4194DA4CF76CEC66718C84CD020D04C412AC848F03E3C61A1C8D50D0EA6838A00376054D3DF61A0E393E1F8B058A6C994093476D601A4A06F0CFD3C0A6BFA910E75
311
CC10400A80FDA93AC9B5EA4303F6C0D188B559086091CC5910137772E14F2376D03181B5CFE74C0EA38440D0AC256D6C4D104CE05302FCC00B60B9CD4D71E08BD40C144A025E60D4C1F45FE846A2105D717EEA84808A5DD90A168E133640311CF05DD870768683F5D2F1800F485AEBE5CABD8FFA3C0BEB33702493AEB551B1
311
EB035EF5C8E5757FA7832141F88E8578A363802B560007AF93D7D470B478C4D00B412D634C9140C4F9275C00DCE8DFE3C7F8C0AFBC5B2CE82E3C3BDF393D4375D50C43CD1C17E3777CD2C170725B7B42B41DF15BFC344DAD089C1E9118522B4A2C60B794E4E8F33081BB7C8CFCEEA0B2015E49D586429C6C78646180B7710E
311
06018A3082243C275F077FBE412C17DE80D3E6B9462C5204C5D980D1DF84A864401C483CD01B143F4A4868087A0F780F37230200A4FBF6AED325114C367C22512750A5C7C3E32D545CE20A0904183BA10015DCAD89864B3E1EE97EBAE8B204266A48E010511838E2FE413FB116E60880C2D8440AC3880DDA6DF6618C138CF1
311
CB2A09637E18D00F80CB0DC05322E31EADB8081C29410903F06BFCDF5AB46024E4A75828056440503C707856EF0C037623DD4922A400E8A6BD75E4D2800905F18450A00CEE88860C8964C7B3F90F56528BA18F71CFBBBCD2D05797E168FC37DB26DBE0DD2EAEF39686C18440820013C1444055402A541400DD362A0A402F1F
311
E51246404E098249FEE30708C10CA0B54601053159480C00BAA9B1223A773234FE72FD5C3BD81804D8D196FE3D5315A0C981D88D04FA01DFC185CA93F9120E1F480B08063364A0A318F08DF95056E4C91F1150D31B011200383502E079EE43CC18603AE2F88FD139C802A739F208E88D06DC78267C448C27C4113C19B0F51B
311
0E9C1C021CF8F9167C6B1F2E10E461002910105D1042792D1CA303F469714C018C23D72179E165049C40E801CB96CF334562E5807291D1E0C70FE6CAD91656715F0E5C5E70F8D7F83290549B1BAA6F781D25180EBCA93EC84E72A74081CE3020789B3790E1A9E478E658C099BECFF01E530E80EC5FE31204ACFF70AF8177A0
311
3059240CD074978A002A878BF883FEEC81DD684E406CA630ACFDE87292822A11953710F000885D6F68A67ED40CD772B0828359B753F7CE23D9479AB9845771B389D6A77130F8C134EFC83947392029B10E4425440A84AF0E54825228FC1634D369874739C837A9DDC83C20D320C36042610ECDFA750303710224D012024880
311
12CA847424F8D53F78AB6BECE9B3B35A7F32396AC6B7444566327DBB4DF06FD9616744F4D3A397EB3B0A3FBA8D763702883ED742FE5CD24146D8E353ACCF811C806AE09914D8446E93840FF4D6C963FF32BFB6AB015D1D3B0C9A0968776F021F21404B6260CF84A14F35180CE20B5E85BDA2EC91FD5A7DBA7E5705F4F0F97A
311
F26CE18E3BA078138202400A62930FA6CC7882F911A92F33E547E64990B0F27323D73B6222863F86425153FA8009361C675554C25382CE148420C8DCC47A20122806CA178A0918C14CBD33440289078A00EC6070184CA9907FD0A1270478E0B325B67C2193694EDB7DD0F3C238447C8A11485562FB4902134E6AC952FD5320
311
A4F7C780882DA9684285CD81D278C0E8FF8DEC9F45D22DC3C2CA99C2728110888799575B6834BF22B0F01EDE72D7F21B672C40F0A972999E2200B7C91403F9BB3D09C01990819238CBAE5E7510D7D57450507E3DB04AAA0A3C280064E0775380C8C16EEA4834346A04BF0CE847B4B3AF760D06D24BBB267C32E2C9257DE5EB
311
748AD101AF1FD33265E2B674EED8C01A0AC901392211011AC810560F77778E85B13BAFE3E25C95B70919A4862C15928BD8989664AD8638101D009A80F00BDC41AF27602A4BDA0C077E550048E7F1011410F01405045E1C140B4D0E70E0F6E034171C3D6FD12004FCC1FA304312518910356628A4A326EC9ADF5DFFD1B2C039
311
9503F14B4F8E3E0E4E39A06ABCB56A8014687E86E462BDDE5124615ECDB412B7314F62E6E0C76ADEC0F717B360E741960104CF1706CFA18E0605004B01AE007869B095ED92144A807841EFF2811C047889A04901C809062057192688C92346F97F279449F89B113500BAD282D1DA80A55C27EFFE02C8D4F395003F285B617B
311
BF0831F49B055342DDDD414378E8888E92C16789F269A27C9A221FAA4A0DFDDB9F935B2ECC04DC51481558A69301E0460B02665AC4DD30C03D480866C3409400051811876014C0F294C542821AB045011A3E3F09001FF304E3A0BED05CC11A811B865001769507FC01ADC611F400CF68C7B093606E30F3C7E0F00C1D10C319
311
51C1E2D7252181DA00345842A19130715C736EC9ECE686A712FDB31E4D3E50AB336E5666D7B212C0113C4A4406029709B43D0228F3FBAF49921B19CA0C82A2D5BC4A2079809240F37D3E10F9637607C3983F0458508A98B8B4EFC92AC13530180CF55359500080061DF59B98BB3FEACEE881DC8127F182A885A86FB12B43C5
311
90A4380504E32305E3148BBEEB2D2782029765428092545BA5C2C681FC5F8E869C0EE1034A822FF09A12C94084505AA868080303473F8161F7AA0A6610745E280BE4427FB770106F8800EADABA19F453210435BDB2348471B13B65F2FCB554827632C4C44467333E4127095D22092ED492009930413251B5408345065065E4
311
15266E20279A40B3F520370BE2050C8360E6BB4601C1673B9BFE007EF5200B6483CD195400A783E6DEA0653515B0FCE8E86D1618FC1EFC15C2E727F24F2A2DAB57326D8D0877D4E298894E7A0C3C7D9CE8A0E2D17AA2020FA1097D6372F2A9F955060FDD467AD0426368C24A8340FD0D6687A76316DEF5179ED9042005A2BF
311
02A5DD810A4DEFA4A8F700EFC50FF4FB8C06410F0303C106ADF8852ACC6A2CA9046E9ED070739339857222CC009E206479886EA26227BF7A341A15C351A8404A6C10080A2140FA4B4E8D9B9A11645899332363FD69887F436A660566964250FD752E787B64BCF8E6C8190DF8EA0C854C062D8A5A1346F810414313E606ECA0
311
AC3A01D6928544029D5F42E202C0CB386F880F7842A31287061F32F3CBE09F2950783394F2F2B23D85386C6F51943E99DD10C8A0000BA9569A14805693274BD0E4F4DC3F28E331EEA91C4F33ABE057889BFB92819187840A08E57A276A8BFCB75B0342668C70C565C8059996D209C2800941A21FB82B2F520BC2E6FE6F1A88
311
27043DE17000DACC8193E78BBB8DF1467978C06F6AFE986123E3A95272CAC122046F4C65C4B88FED2F1CD1D918F7CDBF8903BF1A90057D42F4DC133AF804ACBB58446A0DB78806FC053FA1E45D0AF1112613CC0DD976C5E70AD3282F42725C0D02AC8588DE451B1C01ABF063E7748A3882F0DD484BB78D037F9812240EB88B
311
6034C0AD53E5116D4C6D920C6A89F084E6D0598AD7EB6930CC7B293E27A666E5CDFE9A3FA52FEB3C97976FDAAE9A60008FCA6B33099CF9880D35D419FC687D424378E3099441E110C5B3C6DC311E6653514A67A530D863326C4D8430E0C28024803B5B069B0E60C10EDB6DF087034171DF01F1F3404B27B1056D8C0E56E7CA
311
6056E7798147BE4C2F01CED5987E413AC6A724876DE3F599E0601CE7B9CEF3BEB3671E12DCE8AF9631B8031D3F360B6955DC2342B2A0E4632A00264C0DA002220CFEC3E10D9BADC8904D88DC51928593AA16C91DF6FFF82B3234404C7214D0F8608E0052283EFB2B0563F1D072936C4017706010BCF1B16CDE0C1FA9C777E4
311
4E1F5259B0C9BBC8794A82A6C182A3AF56B16921405351FDDC91B5BAAA617860E8D76C97C377FE701A4EB4378FA97C2C8E3CC8950886C6FD93AF70A1F5F676B7ED16CBC56AF5D09110EEB8607CC08A795882358280DDB98AFFE7087C6EB593D62F041CDB4018935238E73F1098100D0C8769818F777057F64C703C6530E142
311
FDF5C837AE1CF66C94C4887D3A3726AB990DEA248F73B5D32C8E04F6714B1E67C53FC52040252E605B322407CBF8C7F05453462A295ABF4D95592DDD76AC23512E9A2DF964715C80DD752CA8E263AC36F02C3C28A133EB22AC8D099BDEFDE28C3E8FFEE3815D5D00C17C00511058354D62443C1A546280E43572A9C661A34F
311
A5891F8E7570608C8DF21DF51DF9D2A84D4501F41B8CD4F4C9DEB2F901E810C0E4CEB6EC08DFB06341C864CF8D0EEE779A606545E1E64AAF30A4324C20FDD3BD558BD966BA994FA915CD162B1978642AD01694E533EC190368A68234657085B5F88E27A0805E04B8BB6A00A51646EE3C10A50FF007FF410F1963CA69BE2002
311
F0F902E701AEC995FD41F83A3F0C3809A3288A083003A6CC2A20E6D703EE48E3777AC07ADD51EB6101603A9FCF17B3D5928F6D742EE7E4CF38AE2B03C5FB39C81D7B2978FAFE85AF3D2710B0582C970F0FEB0E4D1103B8BE2B4D560CA10002FC8F334C891C07B44FE06B2E3ACE5E1E2D1FC32203110ABF9CA0E8381F68EC3C
311
06701328E5A38278A5FCD944CEA5283DA933DF2A2448BD23F1C5D8BE04CC2DC3B43B3EEC29F8B5FF926D11D3E97EBF7FA1BD1E5E5F5FE6D3D972F548547783146ECD84873F377C5820F7F9FCE5E07378D6CBCB7E036DF7F7104079A05B77C6942D1BA95D47424BFC3DB6411009A42E207871B7EE9B06614BBD20F22F7523FB
311
985F3F7068E37600273A3ED0C1CCC380F6EC4AF01CC1CF95E4848B7BF950AD14C44F10460221E02D21D01DAE800F323704C00035DFE97CB37F797D3D1C0E4FBF35EE1E5E9E0E879FBF3DF6F474780A01FB3DAF01FE0C0798218007C2090A3008BA7682A338F4A8804A06CBFE6A80CEC766F49853F15B2F45FCEA3F82500128
311
41315016E75E797EFEEC4ACA6C79F515CF1738F7C36E2406071051043817C9E8C5888D49D0332E800062FF54FA562BF7446CC0BFDFBF8603D1FEFCC9F7FFB5A7F000430755C2D3F72F2D02A022820897ABDD44594475BDCCA4A10AF34C06B08B4AB58BBFAE30999DC66C7CE903A83CF8EB006EEEAA063430F84B05F0ECF644
311
825F5E95073870E72A0771AB89B080022A0C5A9FAF34C89286257FB7BEA000EC65B59750C68E0815B0D9834B15606328F80709DE09018AC2A7817F83F96DB3D562C10A0A31300230CD4200B87F85808BAF64D04600254047F9C14DE93464009E7F5AABB4FDD6D55142A2C0BF1541FCE19C20C899BF4F76AB54B84CB97F88F4
311
8ECC029FD253F0C70DF4816B9AC94BCBD653B1A283C4001A0337955E4AFED3FB790B6B1F5EA0B5514074103A38D84280EE0F5F9BE974EAB2D16AB1EA969684B6E4166CA28264B300474C7308D20013B204A65F82970718D05678B3315D442E1C0A327E2F56556040C005D2FAB1326A68A07507C9E46A3648555A7080F5F502
311
19A00E6222E3E0862CE95B5680930530742F1D041805E69B788161F015944D041182B861A2C17F3AF01CF5BFDF6C343F9171F5B004BF59C016719164B888EA206A02AD05E8464D06B48E4381A0E9345FD171625AC22198F57C003BEA5510F81FF78D31C9B033D0030000000049454E44AE426082504B0304140006080800F8
311
A0045D28BB58AF800100009E0500003D00000034444141464542432D303537332D344546322D384137362D4231324642464530333641352F536368656D61732F436F6D6D6F6E536368656D612E786D6CBD544D4FC23018BEFB2B96DE15493C78601010A34B880709DEDFB52FD0D8B54BD70DF6EFED3AC0B12E6442E2716BFB
311
3CEFF3D18E26FB440405EA8C2B1992E1C323095052C5B8DC842437EBFB673219DF8DA659866649B798C078B48AE6410122242F2A4994AC7F93815DF85C049C8564CA0A901499DD886B2EB9B1E02448F358701A9235880C49A0119892A20C89D1B9FD768815CAD268CB5E0355B40B1E47F3E37A2020464BED06AA57CE8FCC20
311
C3C3446D46761A2632A8C1283D07031EFF2AE7CCB1BFEEE916E406DFAC8E36FFD99A9D60A6944090EEDC3B670C7DC13DE86B6B2C5C240D6E503BB85ACD579D513F1B9F9A69DC9CC22AFA80C426D40AF0B21EA168559156B6276F0F726A6BFF04DCD513A87A62CAD41FB24FCB2858B3952E3D852084DA25B9303C15687973CC
311
8E8AAE11DF2836C38C6A9E765E8C1BA1BFB1DC29CDFE518C8B5A7655A4ED7E77291ABEB80DBD82EC866ADE1B8D05AF9E35CF09D7A061F38A986D9EC412B8F0F65E5D81534D9B231D1E5A8FE577A241F3A5FD01504B0304140006080800F8A0045D1004A04F380500005C1700003E00000034444141464542432D303537332D
311
344546322D384137362D4231324642464530333641352F536368656D61732F47656E65726963536368656D612E786D6CED585B6FDB36147EDFAF20F41EC7F69A2005E214768278069665709ABE0A3445D9DCA80B44CA89F7EB7B0E2FBAC4B2A32643D10E33505411A9C373BEF39D1B2F3F3D27926C79A144964E82D1601810
311
9EB22C12E97A12943A3EB9083E5DFD7239558AEB07B6E109BDBA7C5CDC902D959360CE535E0866DF07A7579733AAB85D5AF234E2C51DD5B081CA7A87DEE56E47E2D6689E735AD0947194500A22A249308DB6F82682A3782C52A141BD80E4E54A0A3609622A150F48C16994A57237097451C2DF462738529D3AC5FCFFB5B401
311
988BC78824973CE1A9A628D91CB968BDBAC335B9A4BB379C6ABF5D2474CD7B9F773F7F78C349F055EF13FE2CF856F0A7379CE2BEBCCE6456F8E316A9E66B5E18E4AC77BF5812F5937FDEF0F5BFE3E3C785576D96659253EB54863A87AB5D98ADFEE24C3B8E38FE48BAE2C062631799EDC8BDDD833C6E88585B9287340B23AE
311
A990CA49B1A473421E81F856D06D9125E45E6F001C4F7F85D6DECA8C6A835753A250DA50DF92F743409CBC3BFA4C6EFCE2618D302A0CEDDB264D93950002937BC66489A18D0A345DD650415124BE376A745EA9F0E016108E328D14C979C1302CD6BC0A4191B2C2C49112FFC0DB51401288D6A44C26C1B87A160AB6A11E5BD8
311
62514BE8B3DB750607BABFF6F781D6A74EED6EA7AC28FB3BA68C87AC94B2138A99DB41AE7147A71F56659287340123812054CAEC8965690A74E111C5BCA7260158B0963EC50C07E38FEDDFC5C5C70AB6A915F446D44E46C321E46087E23E221E2BC0DA6EB440EE6F44E80CE5AE2E2D2F31AD7AB71B8B139AF730773909401F
311
E0D8DC3FCCFCC3D438DC1176062076C3CB4A9D953ACC72CA84867CDA0361E0910F4EF3B109A07D332211C72556825745A215835F47678059E337068E3ACB0E2EA2B507175B0818FD1082EB4D26186F85BAD33464988F1420E1B9E43D522F8452A450106B04F01362BFF1B2BF5059B60F687C9F663A54396722163C7231012E
311
7480FE916910E6572B6D8F4A54CBF92C5CD324A163C8508058D3F16A399B13B348C6830FB5FD47257A1B8D2CF08253EE776B3A72D782D895363D96020B6C18D3C86359B3C6D45E728B4B9D716893D091E4D533045F495D2EFEF633FF5A660A520A5790765FE52E12F0AC82685E7FFA0398D65528850A132894DDE9F837B1DE
311
48F8A74D487795A482C7122A6DAE377BDC5DC212A465ECD8B03E7E2E208EC88DD9DA89456CFBC477FB798C74389668AB1A75C820AB7568FCBE0B5F94DC9AFF0D038D9F77E49D45B8278FC7177D0DDCE732FA0BCDDB42720FA90E87115FF76375C5696F368AF83103F6A5911FFF03561EE06AD10ABE933AA9DEC39858888813
311
7017449E09C377051FCAEED1E8BC3BFA9CB27DA2CFDBF533459F374FC0C4FDECCBF3E06CDC6874E0710421EEAA6CEDBFEE60EB913607436C3F5BBF713F6F42253B9A4A0FD64C08416FA986EB02254B1846D82E7CE2584EBE31E340E9A8247483F07D5B84AE3A5AE0D4C5B202EE585468BA84105B1F5EC00C16FADB133FB739
311
9F390FCF245CBF9027A137FD26D1D651058D44D9B331A93985CAC2046CB4ED9E0314977128A42C13DB06879A273052525D16BE833B8706BD1269FA69F2B9B109BB55D30D37679986D85848B86F026CF21E74809100180B0D280C36F6015A7DFBD06AEB6F8D503BDCD7DD6DABBBEF54E1FF5EDF0E3AD53C03509B5B816FE9F5
311
1BC8026F44DAB82BA989F200C4220B24166C3037854094FD46C5648D9C42F8B07E53687D824917FED3CE56F3FBA68BE3C6853FCD64F4A00BB85831B1243346654A134805AF5CF39A9DFE22C9906A6EAFE8303A5F4AC4FBE637489CB62EA59B9D529255F326CCC28ECB77F812A7D6E63DF957504B0304140006080800F8A004
311
5DF702076DC3010000E60400004500000034444141464542432D303537332D344546322D384137362D4231324642464530333641352F536368656D61732F52656E6465724D6174657269616C536368656D612E786D6CA554CB4EC33010BCF31596EFF405481C9AA2A64851255E4A816BB438DBD4926347B15BE0EFF1236982
311
021512B925E39D9D9D59677EF3510A72C05A7325233A1D4D2841C954CE6511D1BDD99E5FD39BC5D97CA9359A0DDB61098BF9CBFA961C4044344599637D0F066B0E22C074BC98C7A0319C58A9B254B2435ED23BC2F388AECB4A6089D280B18D139496815152EDDF046711DD82D048498D902B293E236AEABD7DF74D5D839F69
311
EE1D9F48E1F3BF448FC9E6BF144F351E38BEFF9D662D0D16587B77825FAF2195BF515C395B563BC5197A0AE68DCF363BA831CF7C7C8D7F0DA23D42898037B451BA833673DA92BC82D87F636ACFFB0CEC96F4EA30EF9A0FEAB85D91CAED89348D80E9B178DDC3ACFC71D06F2528A182138DD8672E4DC6DC57CF91467432BA98
311
5E4DBE3DB399079353607C0A5CDA0B70D4E65A122FA41BAEEF6C272908D315B076451BD55EB0FF9E092E11ACF8C6B5306028F9D5F15EB95426D31532BEE5D6EC700FBA0C1E94211D7ADC8341143D429D2671564059C2EC72108B4EE3847890CC4697DDF8A708DB01FD7AD8209A41EFC2DCFD7063A504821C7869545188D6C1
311
6DF801342CCE6B276363DC8EFA4AFD0E86ED0677C3B77747C7FD3FD617504B0304140006080800F8A0045D249C627E51000000570000004700000034444141464542432D303537332D344546322D384137362D4231324642464530333641352F4173736574446174612F41737365745461626C654F66436F6E74656E74732E
311
62696E53616060B03474B474757476D675B67035D035317075D2B5743171D57536753330347632B03036721502AACB4D2C492DCA4CCC492C28484D2C4ACC4B4E050A82012F90744FCD03CA26072767A4E6260200504B0304140006080800F8A0045DC55C663656000000680000004500000034444141464542432D30353733
311
2D344546322D384137362D4231324642464530333641352F4173736574446174612F53747265616D56657273696F6E5461626C652E696E665D8CBD0A80300C06F73E4B29FE6CDD8A2E82A083B8B7F209014925C9FBA3AEAEC7DD2555D896CB85E51C2A1BD834F6A1F56EC4494C4695278364ABB24ABD2146F88CCEBB89D532
311
1FF8F3F43D672A3B44DF3CB6A1710F504B0304140006080800F8A0045DD567A99F37010000A20400003600000034444141464542432D303537332D344546322D384137362D4231324642464530333641352F4173736574446174612F636E782E786D6CCD94314FC3301085FF4A6489318E1B5550558E2B044B2790A818D8AE
311
CEA55875ECC8BE20F8F7D84D0650115387AEA7EFEE9E9FFC4E6E3E7B5B7C6088C6BB862DB860053AED5BE30E0D1BA92B57ACD82819BCA71F182B1CF4D8B05C664A1E821F87B9D46207A3CD556BDC712EDEC788B483BDC5A7EEC13B42479115DA428C0D8BFA1D7BE030926F311E790B047CC103463F068D6912991EE7493A20
311
10B64CD5A2BE2DC5AA14CB5D2DD6E26EBD5CBDC92A934AEEBDB7336FD2B2E0879B5AE8692F5342561950720C66A6F26B98FA4B25DF1B27AB442A19292457E60EFA1A52070C83351A289957794D486582107A594DB0925576E197178FD8196772CB364903F2E13909C44006AFD093FFD45EDE9BAD8B044EE3353B72AEF1F23E
311
BC9C7ED1EB14CB536EAE2F2DE71AB971DD05B2529DCE498A4EBE2EEA1B504B0304140006080800F8A0045D938452C4E7000000600100006700000034444141464542432D303537332D344546322D384137362D4231324642464530333641352F5265736F75726365732F39314139454143432D433845302D343045422D3944
311
34452D4335463031334230383332452F7468756D626E61696C2F302F636E782E786D6C4D90C16EC4200C447F2542EA31818D566DB472D89FE8A9978A126F8A966004A66AFFBED072D8D358E327CB3370FD3EFCF085293B0AAB384D4A0C182C6D2EECAB287C1B17315C3524227EC0C410CC81AB68B6D0B0272AB15B1BDE4CF1
311
CDF52EDCBBB963C0E4EC7B0CBB18AC3739AF22DB4F3CCC640AD386F93E6D86CD749A12662AC9623DC0EEC07EC026348C9BD0B39A9F47B58CEAFC3AAB8B7AB99C9737908DD4F041E43BEF0263A2F8342B4B750CF51F05B2011A4A729D6A21847E780E645D6AC89C6AFE0EF14FAC9089D13B6BB8D624C932F258213407C87F58
311
836C79ABFC9551B575A37F01504B0304140006080800F8A0045DA233C2345D000000800000006500000034444141464542432D303537332D344546322D384137362D4231324642464530333641352F5265736F75726365732F39314139454143432D433845302D343045422D394434452D4335463031334230383332452F74
311
68756D626E61696C2F636E782E786D6C4D8B490E80201004BF42E6EE76F3C0F216234B883063108CCF170C074F95AE5473F5C4C06E932E4F28601967600677D21E9D8092EDB002539227A2FCCB80E1168D80A6417297A89C5D6963B7129A0D1E8F2EE73AA7B62BBEB8B27DE50B504B0304140006080800F8A0045DBE897623
311
63000000880000005B00000034444141464542432D303537332D344546322D384137362D4231324642464530333641352F5265736F75726365732F39314139454143432D433845302D343045422D394434452D4335463031334230383332452F636E782E786D6C4DCC3B0E80201004D0AB90EDFD75167CCE820A4A845D8360
311
3CBE602CAC26799919AEEEE0D965E2E908050C6D0FCCE04C8BC355404EB6198129C92351FAD580A10E464065907C8D948F8F166375F655BDC3FDC3B4E530A176BE7057BDC43B2A593FE403504B0304140006080800F8A0045D87A0488F7E000000A30000003600000034444141464542432D303537332D344546322D384137
311
362D4231324642464530333641352F5265736F75726365732F636E782E786D6C4D8CD10AC22018465F45FE7B4BB7050AEAD8CCDE63343724A761337AFC3476D1D50787EF1CD17F368FDE36BD5C0C12E88900B2E11E67175609795F3003D42B9162DCFF6E80C2B459091583126B8AF979A0D92E53F6957A171E07E474E066D0
311
1A6B6608EE881931BF7606EBCB8DD07624AC6D4C31CE5529F3EB95AD79F505504B0304140006080800F8A0045D921AEEC70B010000550300003400000034444141464542432D303537332D344546322D384137362D4231324642464530333641352F536368656D61732F636E782E786D6CCD93BD4E042114855F654262390C
311
3BD9E864C3B08585958D5AD921DC5DC90277C28FD1B717468ADDC44E8BEDE0E4CBCD39072EDF7F3ADB7D408806FD4C3694910EBC426DFC7126391DFA89747BC103623AC348E7A583995499087E0C9897266938C86CAB6A8D3F35F11E9D43FFACDEC149D2292B639C495CAF54E6841AE2896A9924DDD000117350502624E3A0
311
4D500164024DC4C8C6DB9E4D3DDBBE8C6CC7EE76DBE9950F9514FC0DD136DEF80401979B91292C475F0C313E5440F01C4CA36A0A22CEDDD1D2071F0A21784CA1B4D0C8F4B514522E8B354AA652D6B0823F8CE0430D7B11F9013C04A3AE35F385BD7F0BFD045E43782C2F158CB4D79AFD37977FAB605837A07C83BA10E21B50
311
4B0304140006080800F8A0045DE3603EBE7A000000C20000002C00000034444141464542432D303537332D344546322D384137362D4231324642464530333641352F636E782E786D6C6DCD410EC2201085E1AB90D9DBEACE05D09878023D01A1D34A8419C380F1F82DA68B9AB8FDFEC93C3D7C52546FCC12980C9CBA232824
311
CF63A0D9402DD3E10C6AB03A3397DD192872090D3406ABE7CCF5B5D18893ABB1690CF4DCF02282E5EA8A5BB96FFE536F285CB347F95BEFFE81C9ED5AFF9D5B1FB575BB00504B0304140006080800F8A0045DA8A5980D7E000000A300000007000000636E782E786D6C4D8C4D0EC2201805AF42BE3D4AFFBBA034A0708FC6D2
311
869482C1623CBE60BA70F592C99BA1E367B7E8ADC3CB783740712180B47BF8D9B87580782CB80734321ABC3FFE6E80DCB4EB01320646D7E0E3F344B35EA66833B5C66D27ACEF9C2B296E98345D856BA94ADCF3AEC5A228955092542D6F9271CD4A9A5F2F6DCEB32F504B0304140006080800F8A0045DCA1DF9C9A900000073
311
010000130000005B436F6E74656E745F54797065735D2E786D6CA590410EC2300C04BF12E5DEBA70400835E500FC800F84E0B411AD13252E2ABF27A55740421CEDDDD9B55CEFA7A117778CC979527255565220197F75D42A39B22DB652EC9BFAFC089844F65252B2630E3B80643A1C742A7D40CA8AF571D09CC7D842D0E6A6
311
5B8475556DC07862242E78CE904D7D44ABC79EC569CAEBA537E3521C16DF5CA5A40EA17746733E0B6615DE7217475F386F18B9481C510F1F021CD9FF027EA0E1F5C4E609504B0304140006080800F8A0045D3DEE336E64000000790000001B0000006175746F6465736B2D64657369676E2D7061636B6167652E786D6C35CB
311
C10E83200C00D05F21DCA56CA76D41FC96062B120735B69A7DBE268BB7777961F8D5AF396893C2ADB70FE7ADA196782C2DF776D7A97B5933C430F15651E5469C55D70F80A4992A3ADC954792C525AE70A1E4D6AD9816CC044FEFDF01FE3FDE907802504B0304140006080800F8A0045DB65D7252F800000096010000370000
311
0034444141464542432D303537332D344546322D384137362D4231324642464530333641352F4173736574446174612F636F72652E786D6C8550CB6EC32010FC156BEFD89838B18930519AA45FD0536F08888B1283C5A3EAE71712576A4F3DED6A76667677D8E16BBE579FDA07E3EC086D8DA1D2563A65EC34428A57344075
311
E0CC3B177FD1A0B262D6231418389BBC4BCB0A4967A3B605B54EE9151421E80895BCE76684203FF42C6A916266845BBD08791393AEDBFAC9E32C25A356A951D9CD5C8DF6C029C55BDAF7049D0839A20EB7AF6838F5145D08DDEE2E9B97F64C5BD6143167D1CC3FDBA5D7226A059C60B2437840B87B23788FFB7D37BCB3A630
311
390BD1E79FD7A5E53BE0C772F55944C19AE7F48F6B5AD4FFAEC9D8B821ABEB53118097231F03CE9A92522E8F08732D89F26F504B0304140006080800F8A0045DEB9CCE48F30000008E0100006800000034444141464542432D303537332D344546322D384137362D4231324642464530333641352F5265736F75726365732F
311
39314139454143432D433845302D343045422D394434452D4335463031334230383332452F7468756D626E61696C2F302F636F72652E786D6C8550CB6EC32010FC156BEFD89838B18930519BA65FD0536F08888B1283C5A3EAE71762576A4F3DED6A76667677D8E96BBE579FDA07E3EC086D8DA1D2563A65EC34428A573440
311
75E2CC3B177FD1A0B262D6231418389BBC4BCB064967A3B605B54EE90D1421E80895BCE76684203FF42C6A916266845BBD08791393AEDB7AE5719692519BD4A8EC66AE467BE094E23DED7B82CE843CA10EB7AF6838F7145D08DD1F2EBBE7F685B6AC2962CEA2997FB64BAF45D40A38C1E480F08070F746F011F7C76E78674D
311
617216A2CF3F6F4BCB77C0316B56F48F5B5AD4FF6EC9D8B8239BDBAA08C0CB718F01674D4927974774B99624F937504B0304140006080800F8A0045DD6934350FA000000960100006600000034444141464542432D303537332D344546322D384137362D4231324642464530333641352F5265736F75726365732F39314139
311
454143432D433845302D343045422D394434452D4335463031334230383332452F7468756D626E61696C2F636F72652E786D6C8550CB6E833010FC15B477837148C09171D4A6E917F4D49B8B1D62056CE447D5CFAF1DA8D49E7ADAD5ECCCECEEB0D3D73C159FCA796D4D0F7589A15066B0529BB18718AEA883E2C499B336FC
311
A24161C4AC7AC83070363A1B970D1AAC09CA64D458A9365078AF0214C3949A1EFC7053B328450C89E1EFE52286BB185559972B8FB318B5DCA45A26377DD5CA01A714EF69DB127426E40935B87E45DDB9A5E842E8FE70D93DD72FB46655167316F4FCB37D704A042581134C0E087708376F041F717B6CBA77566526673EB8F4
311
F3B6347F073CDCE2FC61849E58B54EFFB8C645FEEF1AB5093BB2B9AE0A0F3C1FF9187056E594527944986A4E947F03504B0304140006080800F8A0045D0475FEE80C010000B10100005C00000034444141464542432D303537332D344546322D384137362D4231324642464530333641352F5265736F75726365732F393141
311
39454143432D433845302D343045422D394434452D4335463031334230383332452F636F72652E786D6C8590D16E832018855FC5708F026A950669D4D227D8D5EE88D28EB44223B0ECF107D525DBD5AE7E7238878FFFB0D3D7F2C83ED5EAB4351DC039029932939DB5B97520F82B6C4176E26CB5D6FFB281CCC8457520C980
311
B3DB6AC37397266BBC3249357656BB289D531E64D3231E3AE0A60FB5C85C061F1DEE9E3FE574973795E37CF37116829EF7A89EE36BFAAAD50A38A5A8A64D43E048480F2B842FB01D1B0A05A1F54194033E53CC8A14E6CCEBE5873EAD4A7A35034E103940D44254BD117444CDB16ADF59919C9C39BFC69D7768DA2EE2704F45
311
3F8E706C058A3831407AAE041CEB0BC2E580DA9208566CC13FC0F09CFF07066D7C4976E0967080A7FFBF2E382B528171BCDA8D3395CDBF01504B0304140006080800F8A0045D2201150FFA000000960100003700000034444141464542432D303537332D344546322D384137362D4231324642464530333641352F5265736F
311
75726365732F636F72652E786D6C8550CB4EC33010FC9568EF4E1C376D92CA7105A57C00E2C4CDB2B7A9D5C68EFC407C3E711B243871DAD5ECCCECEEF0C3D7742B3ED107E3EC007549A140AB9C36761C20C533E9A03808EE9D8BBF68505839E1001906C147EFD2BC42CAD98836A3D6695C4119024628D46D690608EA82932C
311
658A0B235CCB59AAAB1CB1ACCB074FF0948C5EA5462F6EE66CD083E87BBAEDDB969123634FA4A1F52BE98E6D4F4EACDFEE4E9BE7FAA5AF7995C5824733FD6C571E65440D8251B623B423B47967744FDB7DD37DF02A33050FD12F3FAF4BF37720DE30B8E415065E3DA67F5CD3ACFF774DC6C60D5B5D1F8A00221F791F085EE5
311
9496728F70A93951F10D504B0304140006080800F8A0045D30C95588F7000000940100003500000034444141464542432D303537332D344546322D384137362D4231324642464530333641352F536368656D61732F636F72652E786D6C8550CB6E833010FC15B47783714880C8386AD3F407DA536F96ED102BC1467E54FDFC
311
DA40A5F6D4D3AE66676677879EBEA647F1A99CD7D60C5097180A658495DA8C03C470451D1427469DB5E1170D0AC32735408681D1D1D9386F90B02628935163A5DA40EEBD0A5088476A06F0E2A6265EF21812C3DFCB998B3B1F5559972B8FD118B5DCA45A26377DD5CA01EB7BBCEFDB96A033214FA8C1F52BEACE6D8F2EA4DF
311
1F2EBBE7FAA5AF6995C58C063DFD6C174EF1A0243082C901E10EE1E69DE0236E8F4DF741ABCC64D407977EDE96E6EF80BD2D777A5AADB33F9E7196FF7B466DC28E6C9EABC203CB272E0346AB9C512A4B80A9E63CD937504B0304140006080800F8A0045D5A931A1403010000D80100002D00000034444141464542432D3035
311
37332D344546322D384137362D4231324642464530333641352F636F72652E786D6C9591DD6E842010855FC5CC3D8AF8B366836CB4D527E855EFA8CC5AB22B18C1A68F5FAC366DEFDA2BC8E13B339C197E799FEED11B2E4E5B53431A5388D00C566933D6B0FA2BA920BA08BE58EB7F60101939610D9B0C828F8B5DE7431AAC
311
F16836D5588587289D430FD1700F971ADCF08A938CE5EA03E16EF12C879B1C314EE39D13DCEBE9CB3A2C283D2A108CB292D08AD0FC89D1333D9DF3EA99271B29F8AA8DCFD8D10CA71754919D7D8804A2C878B23F076CD5EA80B40A9FD4578D0B88FCB169FAAE7D20B4386524EF7A46AAE6549236657DDB77342B9B22140966
311
C19D5FC2688E22DB10FE6ADF8DBFA2ADB3FA67B4DDE140A4DFA1926DCE82279F4B08E7B613F101504B0304140006080800F8A0045DC16A1ABA07010000B201000008000000636F72652E786D6C8D50416EC32010FC0ADA3B36264E6C224CD4A6E90B7AEA8D1AE2A0D860191CB5BF2F24546A6F3D2D9A99DD19861F3EA711DD
311
F4E28DB31D540501A46DEF94B143076B38E316D041F0C5B9F04B06C8CA49779060107C58DC3A67A87736689B50EB94CEA0F45E0740FD181F1DF8FEA22759C8354485BF16B3ECAF72D045553C74820733FDACF68B96412B1094D01D262D26F51B257BD2ECEBF69D974929F8BA1A95AD8C8AEEE66CF4028231B2654D43F191D2
311
275C93EA15B7C786E11365DBDD69F35CBDB08A976959701F96F8E77C24E60CC8CB5BF2E5E58312FCC3B9310B6228859C1DBF40105E26E24FE87556FF086D6CD8D07CF0B1E141A44077221AA706E3B8D71B676A5B7C03504B01021400140006080800F8A0045D131FBA131D010000A80100004F000000000000000000000000
311
000000000034444141464542432D303537332D344546322D384137362D4231324642464530333641352F4173736574446174612F446566696E6974696F6E4974657261746F7250726F706572746965732E62696E504B01021400140006080800F8A0045D8AA9EE531F0100003002000045000000000000000000000000008A
311
01000034444141464542432D303537332D344546322D384137362D4231324642464530333641352F4173736574446174612F496E7374616E636550726F706572746965732E62696E504B01021400140006080800F8A0045DB5A795FFE3790000DE7900006B000000000000000000000000000C03000034444141464542432D
311
303537332D344546322D384137362D4231324642464530333641352F5265736F75726365732F39314139454143432D433845302D343045422D394434452D4335463031334230383332452F7468756D626E61696C2F302F67656E657269635F706E67504B01021400140006080800F8A0045D28BB58AF800100009E0500003D
311
00000000000000000000000000787D000034444141464542432D303537332D344546322D384137362D4231324642464530333641352F536368656D61732F436F6D6D6F6E536368656D612E786D6C504B01021400140006080800F8A0045D1004A04F380500005C1700003E00000000000000000000000000537F0000344441
311
41464542432D303537332D344546322D384137362D4231324642464530333641352F536368656D61732F47656E65726963536368656D612E786D6C504B01021400140006080800F8A0045DF702076DC3010000E60400004500000000000000000000000000E784000034444141464542432D303537332D344546322D384137
311
362D4231324642464530333641352F536368656D61732F52656E6465724D6174657269616C536368656D612E786D6C504B01021400140006080800F8A0045D249C627E510000005700000047000000000000000000000000000D87000034444141464542432D303537332D344546322D384137362D42313246424645303336
311
41352F4173736574446174612F41737365745461626C654F66436F6E74656E74732E62696E504B01021400140006080800F8A0045DC55C663656000000680000004500000000000000000000000000C387000034444141464542432D303537332D344546322D384137362D4231324642464530333641352F41737365744461
311
74612F53747265616D56657273696F6E5461626C652E696E66504B01021400140006080800F8A0045DD567A99F37010000A204000036000000000000000000000000007C88000034444141464542432D303537332D344546322D384137362D4231324642464530333641352F4173736574446174612F636E782E786D6C504B
311
01021400140006080800F8A0045D938452C4E7000000600100006700000000000000000000000000078A000034444141464542432D303537332D344546322D384137362D4231324642464530333641352F5265736F75726365732F39314139454143432D433845302D343045422D394434452D433546303133423038333245
311
2F7468756D626E61696C2F302F636E782E786D6C504B01021400140006080800F8A0045DA233C2345D000000800000006500000000000000000000000000738B000034444141464542432D303537332D344546322D384137362D4231324642464530333641352F5265736F75726365732F39314139454143432D433845302D
311
343045422D394434452D4335463031334230383332452F7468756D626E61696C2F636E782E786D6C504B01021400140006080800F8A0045DBE89762363000000880000005B00000000000000000000000000538C000034444141464542432D303537332D344546322D384137362D4231324642464530333641352F5265736F
311
75726365732F39314139454143432D433845302D343045422D394434452D4335463031334230383332452F636E782E786D6C504B01021400140006080800F8A0045D87A0488F7E000000A300000036000000000000000000000000002F8D000034444141464542432D303537332D344546322D384137362D42313246424645
311
30333641352F5265736F75726365732F636E782E786D6C504B01021400140006080800F8A0045D921AEEC70B010000550300003400000000000000000000000000018E000034444141464542432D303537332D344546322D384137362D4231324642464530333641352F536368656D61732F636E782E786D6C504B01021400
311
140006080800F8A0045DE3603EBE7A000000C20000002C000000000000000000000000005E8F000034444141464542432D303537332D344546322D384137362D4231324642464530333641352F636E782E786D6C504B01021400140006080800F8A0045DA8A5980D7E000000A3000000070000000000000000000000000022
311
900000636E782E786D6C504B01021400140006080800F8A0045DCA1DF9C9A9000000730100001300000000000000000000000000C59000005B436F6E74656E745F54797065735D2E786D6C504B01021400140006080800F8A0045D3DEE336E64000000790000001B000000000000000000000000009F9100006175746F6465
311
736B2D64657369676E2D7061636B6167652E786D6C504B01021400140006080800F8A0045DB65D7252F80000009601000037000000000000000000000000003C92000034444141464542432D303537332D344546322D384137362D4231324642464530333641352F4173736574446174612F636F72652E786D6C504B010214
311
00140006080800F8A0045DEB9CCE48F30000008E01000068000000000000000000000000008993000034444141464542432D303537332D344546322D384137362D4231324642464530333641352F5265736F75726365732F39314139454143432D433845302D343045422D394434452D4335463031334230383332452F7468
311
756D626E61696C2F302F636F72652E786D6C504B01021400140006080800F8A0045DD6934350FA0000009601000066000000000000000000000000000295000034444141464542432D303537332D344546322D384137362D4231324642464530333641352F5265736F75726365732F39314139454143432D433845302D3430
311
45422D394434452D4335463031334230383332452F7468756D626E61696C2F636F72652E786D6C504B01021400140006080800F8A0045D0475FEE80C010000B10100005C000000000000000000000000008096000034444141464542432D303537332D344546322D384137362D4231324642464530333641352F5265736F75
311
726365732F39314139454143432D433845302D343045422D394434452D4335463031334230383332452F636F72652E786D6C504B01021400140006080800F8A0045D2201150FFA0000009601000037000000000000000000000000000698000034444141464542432D303537332D344546322D384137362D42313246424645
311
30333641352F5265736F75726365732F636F72652E786D6C504B01021400140006080800F8A0045D30C95588F70000009401000035000000000000000000000000005599000034444141464542432D303537332D344546322D384137362D4231324642464530333641352F536368656D61732F636F72652E786D6C504B0102
311
1400140006080800F8A0045D5A931A1403010000D80100002D000000000000000000000000009F9A000034444141464542432D303537332D344546322D384137362D4231324642464530333641352F636F72652E786D6C504B01021400140006080800F8A0045DC16A1ABA07010000B2010000080000000000000000000000
311
0000ED9B0000636F72652E786D6C504B0506000000001A001A00210B00001A9D00000000
310
504B0304140006080800F8A0045D000000000000000000000000370000006662782F33464335413443452D313738342D343743452D424431342D4634463646434234354137302F617474726962757465732E62696E504B0304140006080800F8A0045D000000000000000000000000350000006662782F3346433541344345
310
2D313738342D343743452D424431342D4634463646434234354137302F76657274696365732E62696E504B0304140006080800F8A0045DF270F1330600000004000000360000006662782F33464335413443452D313738342D343743452D424431342D4634463646434234354137302F747269616E676C65732E62696E6366
310
60600000504B0304140006080800F8A0045DB5A795FFE3790000DE790000420000006662782F33464335413443452D313738342D343743452D424431342D4634463646434234354137302F7265736F75726365732F322F305F67656E657269632E706E6701DE79218689504E470D0A1A0A0000000D49484452000001000000
310
010008030000006BAC58540000000467414D410000B18F0BFC6105000000017352474200AECE1CE900000192504C5445818181B3B3B35A5A5A4848486060605C5C5C6464648383835E5E5E6262624E4E4EAFAFAF4A4A4AB5B5B54C4C4CB1B1B1858585B7B7B7585858ADADAD7C7C7C464646787878ABABAB747474A7A7A768
310
6868707070B9B9B96E6E6E6A6A6A8B8B8B666666545454565656A5A5A5505050A1A1A1BBBBBB8F8F8F9F9F9F4242425252527676764040403E3E3E9B9B9B7A7A7A8989897E7E7E9393939797974444448787873C3C3C727272BDBDBD3A3A3A6C6C6CA9A9A9A3A3A32020209D9D9DBFBFBF8D8D8D9595959191912626269999
310
992222222424241E1E1EC1C1C1282828C3C3C32C2C2C2A2A2A2E2E2E303030C5C5C53232321C1C1C363636383838343434C7C7C71A1A1A0E0E0E121212484A484C4E4C1616160A0A0A4A4C4A787A781414147C7E7C9193915E605E464846838583878987B1B3B18587856668665A5C5A626462818381A7A7A5A3A3A1B1B1AF
310
ADAFAD7072705C5E5C9D9D9BABADAB7E817EB7B9B7585A58BBBDBB4C4C4A8D8F8D747674B5B5B3B7B7B59FA19F606260ABABA9A5A5A39B9B99A9A9A78F8F8D6C6C6AC7C7C5451AD12700002000494441547801DCBD89771BD7B5A70B8EE04C702641712605CE034890E220088028C93245451215B713AF388E7DFD9EEDB8DD
310
CE6ABFF4B57D97137BE50FEFEFDBA74049B6AEED74869B7E87404D2814EBB7F76F0F67A8835CEEBFA0E42B854AA5B2BB5B6BCC951A8D52A93657A914FE0BEEE39FFE2FF395B9B9C6CAD2D4C4606F4B7FFF8D1B37EEDCB97587F7CD9B4343BD134BABE7DB48E3FFA7A228ECD6F6574E4786C0FC8B5FFCE2CD5FFCE297BF7CF3
310
CD5FFC92B52FFE58BFF9E69B776E0EF5F79E55CBBBF9FC3F5D3DFFB07F5898ABAF7CDA3B74E74EC0CE20230561BF096E97E05712BFFCC59BC80539DCE83DDD6E54FE61B7747DE17FB8980BBBFB2BBD4337DF487881AAE6C5ACC6AF25207877B2B527BFF1CB3B77FA47561ABBD7F7FA7FE146A5B6BD74E3164C7F51449AE95D
310
B412200EC539418717E7F2F11B376FF62E95FEAF1442BED0581DBCA1BD2780D23F506AFA16E1A7AD974EF17876F00DD7BCB187A1A97AE51FCED5BF2BC1F2BBE5B3C19BE27B43CF26DE00933658FE129B109C2FFF922CC22C4260FA01BEFB462A77DEBC35F42F600C3F5B0795D2E9E02DAD5E650B4438A92801B65C35CBAB7B
310
1EE5041CE69D3B6F1822DFB873EBD6AD3B6FBC71EBC6C86AE967DFC2DFA4CEBFF1BF54F6276EBC114E2F43FEC60B01A0D440A868B2920E5C4BC10D60931ADCB871F3268B21D3851B08E1D6AD9BFD4BF57F7577909FAB86F29B982571136AF01DF5FE32AC3BD9406CAAF2440A54CF176EDD01FBADA1FEFEFE21FE4C9858DFF4
310
183458A9FD2B6708A5A5A137E0EE1D11A9EC0C7C58B2C73C0AD6B479BD76B7790CF899E287FA5B06FB7B07C9195B7851FA8794031EF1FC5F9406BBFB23375420286399B631E93B08022A785C4DBF9996EC3551874094D71B6F487E80F6837E50F483BDBDBD83232323AC420A18C68DA196EDDADF68A77F938F78FD972BABBD
310
B7B87FB164AC6FC2CB760365821ACB74AED44FFAD7E7431ECD7E08AC421F391D199998989A383D9D98E8E56F84A318C58D9BFD2DAB73FF5222C8EFAEF4DE7AF30D756E5108683DA471E70D0502099A7240F19E4089D3FD203E620F1B47BF43501E85031AE44B4B9F2E4D2D9D4D51D8970983FA861B3706FF950CA170DE82F6
310
B312CC4F42C8966295F7D725ED29882415DC055F36DEA1FE96FEC141493F05FAA9A9A5A595B333DED5B3D5A533F62183323032F46EFF13EA0AAFA5FBF7C8976F8C10F7280A014832593B90004D52341980D907EAEB73411EB2F1EBC9F507F92746C40E7AE0AFAE54292BAB2BAB67CAE0746264A277B06508168C94BF772BE9
310
765F7BF0B548FE1E07F3B5A521340A5CB5297C4B12811B89E82191ECF3E41B3259C529F135E23CF4C7F961FB13537F5A02ECCAEA76B5BA5D3D3FDF3F2FEFEFB3AA22053E5008833428DC6C59FA2F770595F311F235D427F379BB8A121BD901B96076A388DC4C3C61C7933CCCD770FF375A6E0CE9F535FE2534BF5ADD3E3FAF
310
D71BF57AA951B6D4CFEBFB8864758A26154430080B06ABFF557610ECC93726224F155D1471041E0D42F82F4891C926C1355B0831649FF365F46FF05300A7A790BD8ADEEB0D4AA9569A9BDBADCCD56AA55AE377F5F3F3EA2A34983A1DE91D810543138D7F28E57FF4E2B5335A3928B76EA1CB9B00BF158C8F63A2E788826896
310
D0B5E7C461949ECE089144F8EBEFC7FB4D8C9C4E9DAD60F7FBE572B416C2F2423ECF8B86C439E450DA970634ACFDA977629098D0B2FAF313A36B3869E37AF7853378CDA1171FBEBA95DF1E44FD5144A420588641B0055A79ED91CC0DC41E27064512FB33F1F04D09D0D2DF0203A646A6CECE80DF28356A348CED8C4F1EF137
310
B9319E1BCD29867CA556AA97F7B757567006A447FD375A26CAAFDED9CFDCFB2BB0BEEE8AA5911BC2C7F85DF88A3775389990AA72219D582409210F85A4E66F2987D875C30848023088FDF77E87F96FD7CBA5B9DCCEF4F4C9FC7C676777577B7B7B67E7ECCCE4E8DEE85E81A6D55AA3BC7FBEB242589CE8ED4770E785D7DDE2
310
3FF2587EBF57F50B9E820527316488E5C32D50F979BCA58207297E2B6D658702FFCD211840FE43FC9F3A5BAD9E97E6F21B9FCF16BBBB3A3A5A175B5B1787875B5B3B86DFEFFC687A72674F19D46A8DFDF3EACA59E405375ACE76FFA922C817CE86A89BDD92F400F2C55B7462F610459837D3A61ACF50C7471C8F2F2A9D38C3
310
DA2F068007F80EFCDBFBE5DCC674B1D83EBCBEB8BCBCBC3ED0D3D333D0B3DE33BCBEB0D8DA35FBF9F8CECE68AE020BCE61C112A4C1138CD47F9AD13F7DC6AB9CF9CFCFAF9D0E01FFE6CD503F5B91C5218E2899CA15098714848B04FCE5654884ABF0E554F11F6C21D73D5D5AADD64B7B9327DDAD8B0B7D7D6D6D07070763BC
310
0F3E38E8EB4310EBEB8BC3DDB347E3E37B5842B97C4E44A0C630427E5CFDFB71E03F471E12CA9FF70E055AE141042DD81234B879EB4606361D9328149037D7D76A571A7E974FA20AD0323832713AB5BA7ABE3B3E3D3FBC30307070B0B9B645D93C3CDC3CDCA41CFC6AAC2D64D0D579B4B1B397A7C1BDBEBD7D36657A3CD4B2
310
F44F4909F2B9CA597F4245C59DEC354316F0587020D0C661742BC02869435FD12CF195C422DB3C5A3E2305C000CE6B7B27ED8B7D63079B5B5B878787C787C7C7C757C76C51B60ED60EDAFA06D67B965B3B672677080BB5329E60E9B477847AE2E9EB53E35779FD37EFCD2D0DDD68AA355B6B0D81860502B8B68C801F5C697E
310
9AD62F4B406244CB975560BAC756AAA577675B07C6D03778C17E7C95CAF1B3ABABE3E3ADADE3CDB1B1B6B681014470343EBA979F8B90383545727C63E43549D14FD0F927E5F1FDEFD7263058FE02EBCD1BDCBCA053496BD58E69BC44F9F854D4D979AE9ADB908824382AC1D4014E9756EAF9CE85B6B54DB01F02F8EA5908E0
310
D9D5F1B3E72188C3C3AB67879B07C8A0A767B8B831FE5E7EB754DEAE5261460243FFF07858D8EF0D658BDC563A2C5EF5833C13C90B69248C4DD97842B61DFA7F210A2F6108A0F96B62E2D3B3F3DD939EA47E30ABF5AB2B903F4BE5F9B36757CF65021E616DAC6F60A1FB647274B4B05B2E5341B082D43278F67D8DFDA48AFF
310
9A13F22B34C7586C9992BA6E66CABC190E313E7C811AA57304B421A75B289B9D174CC868C24548823E230B9A5A2DCD2CAFE1F98E61C015CA7E96B083FC59F3ED06EE60F360B3AD6F79787ED278D0A86FAFE00BA9220EAEFE1D5DE1F7855939C3FCC1332426B377F692406E022C010DB437EF009803F0DCFD3B7C94440571D8
310
F2C328F115F47FD324802070BAB43FBA80EFDB92FCA1F7E7CF9FA875CBB327CF9EB08C4DE4815BC4210E2CB7CF1CEDECEDCED5B757490968286899FAF95583BF46F9393CEE6A86D6F618CAAD9BFF0BE22B042412C5CFB50556815CC5BBE33E9F61ECEC26A9BCB8145FD10590078F9C9E953B513FAE1FE387FAC246E14F9E3C
310
E7F5F8194BD6594140876B6B84C5D6799C61A16434201E5237582AFD75C07EEED9863F463284E2E13425A036BD41061259289B6BDC1ED656FC8B8592C9D00701E27CEA749F0D8EF44EAD8C1F80FFF8F8F9D513191F6803384C800097F24069C407CFAE88136B7DCB3D5D4A60B711F19070D83235F77331FD35E71596688903
310
8E2E0B346EAB7936C4162043E1A1F144093695443A570144898BC4079CEF1912809A3035A1D3F361235F90FFF1E3E0FB93C7E2750719F88E7D8E68123883ADB5B18185AE99F1D11C1238A792DC4BEDE8EC6FF503DF377E0445F68FAF4E08D43082D02170F30131A154206CC559A8D9CFDD762B31273E4947A581E0D9BB71E3
310
3FFA07CD02CE2A6BE1EC80167497F2A81CFA3F7EFE58D0CF5D5D170DE4F89070B0BC4040CC17BEAC6B0586C3D3FF0309BC06F44B04A1E13729929B4DF73C44070692C810B08AC3012E8EE9EAE22067796288C193B2139B970B86F47FAD0F98382B1E035D9C32FD318A4FAFCB274F2E1FA772F94411B0CD42493C23393A685B
310
5FEF3E1ACF554AF5F3552A478383374E6B2FDDFC4F6DFE38F4F4ED7A7FE838F488EA852482F412D3CB07E293D02C9F074F12E84C5AAC423271450572A385449844706475FD38DC3C22486A0639E5F1E38B0CFE93CB4B25910EF309A2224BD8DAD40C682C28341AD69047E8539A6AFC14EC573F7FAD10AE0FE6EB13E87B28E0
310
93B513B5803514DE408809BC12A14876DE0A25F643009E9176D9F0C330164285A7444DC8CAF0E9FE41429EE0A2F6A6DE91C0856C501272404A8468822E24C807030B1D33D40D4AFBDBABB411D093D88C86D7205E05FC57EDD1F805FA4CED5920F0CED39157E007CE21757C5DE440ECBCB46CD283E378029B43FB077B4F47E6
310
0E9F61E8D01BE017D7E843EB49F50A2028F1E442FCC90C9EE308E4C0C2C94EAE30B75FAD3A0EAFA57FE9EF960F14BE15638840EAF3BA490BB6850EDB38EECAFD21A0C746D0C4234DBD035EFC7EDD121FA585FAB73DB89FE6A03CF833AB0730E5E2F1A36CE3F202A128934B44E396961121E1F2C9F32BFCC0C140CFE22C1CA8
310
E109B182919696BFB98120234F61B59F7BF46EC30CF067B21A33B0FB3E402448EE266CCD93135A8E823DB31F85E677434E608F53F8100BC0098EA2FD6BC01770E0F2F2D1E5452A711C4BB8486248FAD756D852026B6DC90A2AA5C6B69E9068B8F27AFABFFEE8AB36F1D23985D5960014FD711940800B560250D2272CC54FF1
310
D3A660B275AC3881E349689C1616E1E9044129D032313509DE4700BC867C71F128C400159407C761022BA8A040F40A244788808C60B3AD67A17576279F6F946923191921B0545FC2F12AC0EFEFBD7262B6935679FC7F80629160ABFAEC88E8430E76D82A8DE62ACE50BD4A42FBF03B387B37FD321B37E31C3F063D99703F51
310
60E6C9E5A300CF32A91E0A085A29C0FC507F6C21012303C6104B82C1F1E156DB3229D1A855A32A8352C9077AF733A0AFE0FB3EF81FDF2F0F82C21B0EB06998866878B103305E31EC17F4FD43831E570A2118D1667632D4FFFFB125782F96168A833DBE78C3F11F8383A79D49F58F1E3DBC780417AE6581381E8610604888E2
310
913E12492881274822C221AD04CB0B1D273B8542837460898C686864FF6F801E8269F40AD0481DFAF5E6E9C1F3BE391C325004DF0746A4E4448F7B52C0D5EAD39EC46896B888C4210D68E99DFA2820DF7FF850EC407EB55C3EBC5028611409BFCB8889C90F1C52355AEF98B18100094C9D0EF6F64FD47E5CBF3FF5293DDFB4
310
B50DDD54F351446FA1F14580DC3902C085F593CB24ACC917B213BBC11B3F0A61042FD8B24F4FB9C4556D0CB9E1A880DE89934CE9607F18F81FDD950DD0E1D143F41D56110E227C250621FF098838042BC85B5B6BCBCBC31DD37B34966E9FFD9936A2FEFEA9EBA4182E5CD3E17AE35501FCE0707E5525A7DBC64DFD077825BE
310
37CE0BBE1BBEC061410C660B6E49912665E2B3749C7C9F93834022F74CDE6CA5EB501D9CBC04B768292C5CCB84478F3CA83074092C6082169015E5800D5839DC6C1B58EFE83ECA513BDE3EFB8EF1242D2D4B3FD55AFE03D42F8492AF8A3F21444FA2FA9ABBF525EAF84C09F0168527B0138A85D1EC0443C467B28BF844EAF7
310
6323BE13D7C11F72FED783837B970FEFDE7D7817E077C17EF7E2A1C2C0FE851FE4C008388C15E818958746129E1009D054B67530D6B3D8DA3D59D82D9D57CF70039FF50FFE0DE94089DB269C3655A4F25B38C49D0BD48E59F1526887C18FC5272197F85CA72862A593A4843CD25F920487DDF7AA0441A2C0600D062001F103
310
FCEEA3D8560CEC3EBACB01CAE5A51E420349F602191E5F901893142381351CE17047E764BE50DEAF9E4D8C38B6ECFFACEB141E54A6865A88A60133EE9CBB4C256930B0B168C1C3AB59FE1743FB422C7166082E934AFA5EFA3E4BCE0B69362FA7041818B7FDECE1DDFB4D022007CA23E521F0700AAEB5888BBBF08023E128B4
310
045381542FA256B0D04E28A0C3804E233A1BFB476A2F48FD135BAF9843BEDA3264EB42BA499601F16B566E72C7EA35908ABCB9176BBED43204C696AFD3D7B24B08D3AFA44BE243D88A6D9D0B6562B52F741E1610C0EFBBAF2B0829289A640EC4C8A4FF66A24430786CEBE1E1E61AF9507BFB496EAEB64F8F49B4129EBDEC06
310
5EC1F8A3F228A3CD0950883B41BEC6D1944AE06147289600A7726313AC69A3F91197F1438BCB743E76F01F6EF1D1C854071670FFFE43FF1EDED702EE5A14C85D0C42DF90B86068800659AC88981855E3E774A71C0CAC2F76754EE7CC87C808D1E1E0F6CF47FD4224731337BE1E39C5010823EE997B1491BBD99FC8D8EF7748
310
2BEB5EB2CF66499A8E0F7511B19B3EFBDACB6507BC78731B1B383D02FFDD7BE8DD9256F7D0BA7B46015941097B80018F700FFA024CC08078F51806100ADBFA163ABA8A3B95B9D2F92AC30BC908ED31FABE0CBEBFFF0279B675868F9AA24E9530B08C174055B7F48E4F58002F3E82F0BDFA003E8B431EB6C4A91E4D9B5FFB79
310
1265BA8827BBE5F1BCFA7F789F72F75EC800F8AE43FFAEC42F13009FB905A9A0132015D0068ED7682AC608BA6771038DEDB3B33082891FAB1ABF5614F93238079726B833958796B845B731FCB86316713C1DC581B1E19B424EE32674093F80776F7E27C6FBFAC85C536CD955B96EDA2A3FBF770FF4BE11845470EB3E42D022
310
000E0FE07D161811020742162444668308801E133A4C163BE68F6826A5523071CA78B2FED51F28F8C70FE4190073A3E5D3259D7A288CD19BDE623F10021BAB0C6E327FD507B2741627727EA00D31856492F9F009D7F152D930704E642795C1C1B336E0DEBB7F0FDCB79318543B25341F36802D64A981A690B94259607DE0B1
310
9D466BF8C1C5E1CEF9A3FC5C639FD6117B4BAEAB453F8EFBDA500A67E8BAF76C8A06566E36EE1184E8329419161F83D843D5DE7D8221163E145F56921C3EE383978072129E290A9B7166E63D26BAB1FCDBF710009E4051842390031845F20077CD079407C575F20364C4910ED2A574BC357630B0BCD8DE39335EB175646A69
310
8458F6A346F003A93002E846FFE0C459B8006E506D79BF902908A0AA05CB5E73530E33BA1D3C2EF99C712B7C8B41DF4D2A7830BE8707485FCFAEEB85A09AB6D39BBF7B4F23E00509C20DB04E240822A4B810E04D8D53D10D504C059ED86BB8697F514777717A8F8144D48A4C89077F7EDB00E2D89DC02A7B975640A282C49A
310
4AA84B70B12BFED8EA6584860DFB7EE23FCB00C6BAF7332FF259FA3C9346508813E372F1DDE425065BB61FDF8300F7EEDDBE8D0C6EDF46F7D8823478590AE23759D60DA6B7A9F125EDE8F4A5D2B37470D0B63C30DCDE3D3D59A8D1501EB1B0A5377517BDD6E301F995E3F955F0F58FAC2E81CE172A8344AC03DC6781939D24
310
84B8FFC15E8F3ACCD3954CE19576B942D0A029188EC7013FE59AE90B71292DE774F1F63D60230180B30A2EDC65291B6211B4081128856001A680015CE000708254891851D4B3BED0FA4D7166B466BFF1D2A924885AD12B387FC0FCE6819AC3AE06A7AA4B715F0927B74D119D4A668FB54B8A8C268D8B038A207D10A7B1E95E
310
42195B695BE0240F7408B311257C23F581E987C180140C584A02B1670CB817CEC0A080F259F1360E58452013200E3EC107AC1DF4FD7B0F6D23F33347F9527D9F51E6138E31AF35F1BDAAEEEBA3D71BB402E2FB47CECEE96B4DB85536772B07C82A34F3E66D0BCEC207FEB9E70643761276F7B50D5EE963CFF80C7AF4A2130F
310
5BF8C4EBFB5F07B709840480DBD8007FB7EF3F90104908BA457D43AA2A6A02C91422285E5AAC143F3313A0CB74D9D164933B86C25587134E8D342B453FC982860D09FD13ABE72055ED020E85D3E312F74C25CB0293D978A1C4001927C80B86FD06349126EC219F0C735C8053D8F5F310817EA01F1B7851F406144C211C6362
310
C27DD51F1E310C0102280ADB891E9B085CC528A2B1369A46BA195B9A2B351862CE43174BA73FB7CBB430A5798F4C54B7333B96C3224A9863AD02B9FBD8E63092191924E77C199D92887DA594B6DCF0112857162FD0949FE6A441F5E62E42FB2105BC405A2301A3424601DC807912CB2C39C604A27908021CDA30C4C8C2019A
310
883B3A8BD393BB3546136EAF561980FB63E9E035FF73B96D09A905ACB2C11D79571C5159026227DDBDB81396EB03F14100BEB66DE1FA9EF82C3ECCBE318119C4269FD014E66361FC8BB0B4EA9A98EF3D8848A01360430284335004C183CC25BCA82D2302EB03B8419241C64DF4F5ADAF77B533BE786334BFCBB8DA72BDBEFF
310
C36103AFB30608A0B39B58D93F0BF42180841DD26BDC22CF0A770E90240006BAC65197D90920131C7B2EB3CFD3C71C6378A305EE8488FC1FF8D391E2BDDB0F6E3F45E7C8207C419800DB410073A3173942CA8D5242642A74496FF115832A6314D9FA4257577BF7FCF8F8E8CEE8DEDE5EBE76DD3CF892BA7FB8B90F629431B5
310
525E92A15A3A4A6FEA3FDD73136172060959206591F4C927196CF645AA285CF3014630121754261C0D31E1A7E3DA2DBDB54B04703BDE3A4209F02045C4BB0F529A14BED07098A2A1CD47513DA64B512F409BC01663090796D787173B5AA141B1B39BB470EEBCF1E30F9D263ACC4D05110797CEF7B923B027F089F74D1D06F0
310
A4D8C0CDA6604023FCA45B76C5CDE0BF3845ECBE13E0C0ED73700A8A753C1AC8AEFFF1B407FC8A20F42F0D94019121DE304077A027D4112283BB8FF0072444D68AAD111D6F591BC0061854BBC048EBBE9E81F6A33A95C21BFD13AF3C7E7DCDFFEB0DE8903F77B41DF178E99C289895B0EA8CD640549D68935BA7C5294E0A1D
310
66DA0CC419BD398E6265789CA1241441AC94532A3C19C95340BEFC68703077EFC1D307B71F3C500859C11494838E902203A2BE90EACC5135B80B078804340C920C2300BCC06F7A1C71B875DC572C9BD1D84BD5FB9363CA6BA7D03E5C40FDFC54FC23C9B4B9DDD028787D89219038523BF64E638BB37CC25335937A00DFD328
310
69C5B390C8C32FF25C8C47A7181B4A599A224A9DADB0E0406FEFF9F183B7448F081E3C55024FB33828784AB61704482CD0160C04174F9E33BA9291D58C2F1F1B1B3B5863B0D9F3E51C35C253D54A23E560E2C0CB3A6F7A81382601C2079CAE96B7B1560D20A341E85A928A4E01083256420576C2ED477E2E565FD9223BCC69
310
1CF394D3D8E281501E0EE5C1C8159E92585D255CF30CC854C75318006EA4A01028EC853F9407C6053910BE105348324002260254886C156260F9189EE0F8C9A3CBAE9D5A992184568A69D5183A7DB97DB089FDC57AEE54F858FE54F577DBA85309640290F2D220952620750C5811FB772A7876D1E4040FBFC6474D51246D8B
310
3FB378283FB514F8AB3C20B8BF7DBE5DE541C9A5D3D38DDB30E00151E02523081BC89C2214103E0BC1B3D0199A08E002681A2613A2616CEDF0F0F9C5DDC75DA395C25C0309C03DEC8091A4AFD3FEB504AAC6633930556DAC86EE3561941E862C4A75DD6B6BB3A0C59BE153DFA73EDFCBC3CE2188D3D378FC976D0EF9A95B7C
310
8532F527CE3CF539581E0FE501291E9139FFB65EFF5DBD8E0C18DE3077170A64E033FD278F18068028802F156C3809FDEB11B1019C208D020C9BA2870457F0F8E1FDC7EDD393E3B9FC9C4308E9315704233F960E554802C14716B0B45DAB5EAB5E25AB7830EBB8D25E6CA94E4AA01794FB1EE164FE9F040FE82C940A4BCEF9
310
13075D087E85A7237D3CF29C47E4E676777779528C4781761F0BFBC1D3A77880E40C9A2E5109180D5255317890394229F0F082010354082D574F1E3FBAB7D6553C2113DACB97BEB5526C7C6F69F9310A94C46CD89FF8F379AD1AA035FD00FF3F320180F01417A6F255A3A8D86319FE0C0B0E06A0DCD33F79841339C01E5BBE
310
1911AFCFF7C1E0A540BFBDBFCF2372352686D863F83F59CB6865F43104007EE06F52406F680341102048A01BB048823082CBCB0B6AC48C313F3E7CFEF8F2D1FDC3D6F6F9F9D9E98D9D7CAE5EADE2A6512FAD7AB526E17F600C85550DDE9ACFE9D97E694513103BC69F8A2813176032C890C1E9C49FC09C61670FF8705B1D73
310
86260E7C8E7122C7F8208A55139E8C8D4763F7EBF5728DF9C34677364E3A3F9AEFDEC9CD95470788834F9FBEC512379890B38C94205B2557987C4186DF5C0837608DF0F9F3CB87B7EF6E920475752A01460E556919B2B64296FB9FB70DD5F47232A0F77465BF140CD001F00ADCA175090E2665A14E6329B62660E02A1CB50C
310
6025E3DA252A670B3F0FFAA5EAD94A509FE7036B159E0D1D9F2E76B7AE1FD5A606198D3A747AF450023CBDFD162278B9446688111009B4029B0F2180AE20A542D40610C073B47FEFE1416B2B12200F3C991C2F54EC2491027A816B0A34A9D05C6F437AC23462385DADD75642EDDA738AF1600DBE07EE8437804D2D011A94DF
310
71C2085EDD40266A407FFA1D1C00B0C03927E60338E3B9D8C47D1F8CAED578E06F7CFAA4BB63B175FA7C301B747CB377F45192003CB8FD34B12009224543D8604494011A80C1903CE0518C986208E1C5FDDB8FDA161686873BBABABAE74FA637BEA894A44078C19696F326E057D7F95D061A6B0394A9D5F2DCAAFE4C2388D8
310
A6E9AB7695CB0BDD0A332430F1A9333DA41D1FFB97FA09AE84E738C75C407C260408F8DBD5EDED7DE1570A7BE333C54F16963B46AB0C2B71208EA3D16EF4EEDCD7005241166C005A73C03164792151205C007288AE337B4D7103741BDE7B7AC913350B348B2D767515674EC6F72A0402BBCB41C81305AFCF05F2758D3ECAC8
310
D26AB97606DB9581A4B7A8FFB068CD5C0604E6849046B70C2B60FF0CDDF93C13822B4E82FA0479A68220E66D9FD775FB3C1A9CDBDB9829B6AF2F77EC9E0678FB20ED8D1B1A1A39D10F9812E20D6281F5673121AACAA9C53424000DAC173F7E18C3052EEE3E78E7F1160F5AAEAFB70E0F7775CFCE4EF384DDEEBEB9C0889D52
310
43BDF557559FEDE5F17AB21E118C4C31A3DF6A96B56AC62180293910ECD6B721047664BCFCC6B2DD3C65CA0F0C823DFEF84083C7ECCDF05898EEF158F4FEF97EB9C123F1B9D1D1A3D9F9AEC5F5CEDA84A3C96C14A55584D62893D6A54D8D2028D05C8B1F124884543F3223B29D208B04910D3FC43F5C52196AEB5B5F5E58E8
310
E82610F08C21BD443801233C0CE8BD1E40F84A1CA86001990048031ABBAB11EF83F9283EA89F181F2A0D9A9F62D94B7F625FD727E6A93F63F200F614F7CF100D4511C07DB45FC5F0CB4CA359ABE4774631FDAE85E599EA0878A3C33D5AD6430CF4C055EE5FDB80629000D7855DED3F436F3B61B3DC7FFACEFD2B1BC6FB0696
310
312CFA477CE87A87070C7998E04FBA78AE3F915A065E819FCF35B410321D9ABB308146A11AD5196CDDD7C477A171C8AFC74B45CBC6F641AB53C8D4ADA5870C02379BC0470CF83DB55F073E29CF5CE5F7A3F8FD62EB7AEB1774C2C6780B9523F9287193FD23DDB79FBEA513B45200E2E0C1B51350163AC19043C600F2C1DBF7
310
DEBA7BB9B5457BC0D840CF325EB0BBABBB786D301437000020004944415472B491ABCCEDAFC0591201CAC8EBFACBF367FE7B6E40E69F551BBBE7123E3C00AC560CE20C62436E8C3C54CC225EE08C0D74CE26148877689EDD004FB2BFBFFFBB984035373A7954EC5EE8591FE531348654514DB1D1C56411DFA2A7C212BE5ED9
310
1278F2851A432244C6822C29C85A8B320ADCBDFDD63BF71FD32648E7D098CD018BC35D7FE89E250EF2AC75F96C15271602687965C844B8807C6E7729D93F22E81D39ABD62A0820C1FE9F11CFA7208125D33E96FD69E83AF6052DD32D49FF0802CD9F9DFD39260389A950887A647CCC99BAB17132DFB5DED35138FB3A060F62
310
95AA5E195BF0BB56495A5A4A8FA440026E46A047D40ED2520A441C302D240F201FB8F7E0EDDB0E12A04D8816215A0579E8FE1B1281E9F19C9900DE79842E2A7CCD48E9876EB01C75DBA0E0C8D44AB5512947A00BE7CF5DE9E1A6A6BE43CF1A78783DFD5A404E4477336C1ED8B18908B2A847B2AFE9839E891137A6673BBB96
310
FBBA2A4B8E9373B001F08369BA11BE8ABC4302FD2345FD6014A127068427D007BE28B41D9B0D40FFB7EE531FA673C8870A69135B1CEEE8D009C08042A5B4EDA314920B635BF941E7487E45256439DFE9D276295F87E698389CD49FB394FE19720412DEDDC40E9CE9C6DD605E0B719FADC416CB15AB3A61F9B5B9B9426E54F8
310
1D8B03DD950946D432B40CEDAB7BB5AF11213CBA73C9BCCCDAFBCF06127C7980FE6D1DC9B4DF14832D6568FEAEEBA76FBF438300B541064ED33F3AC0B0D10505306FD370AED02859234402F6C3FED006766DDED2034D90D119057225EEE3DAF787EBF30EC51ACB4F551678BD6728E1944730C095F13E4D81A4DFFBF67C5BEE
310
37E62A85FCCEC6CC6C7BC77A5B477E22223ECA4FCC0F87E2A5E3EB782BDB25B8CFC6736A044DE5A7CDA604526361D650484FE283B77EFBD65D52C1C73C4F48E7D0D81ACF572F2E2280F98FB230508FA906B42DE240ED651B301CEC83DE1790C9FD96B6CBF986BECF3BD332C18EF627A0B6EECD5B152E02088D03D828AFFAD2
310
6B05BF671B4F9A09A8CE0CD2707F67F2A4B3BB75B9ADA331C1305BBAC182FB4A79820B7EEAF73199B8404C0B81231CDCBB871B80FC41FF5860E8E108222A1A076C29E6E03B6F3FBD4F1F295DC457573C7ADED636D6B7B8C88413DDF3B327E1046AA51040B40CB50C7E3F1D2E44DAD34CFA604029BFFBE714DF0C069908027E
310
B275F1F366C132E1A7450B04011CF82B2B647CE754F650FF6E25BF37AAF65B7BDA16CAA791F1D09F6CAB989EC5AB7809BE145FA459E8D3E4B0FB47DAEF093B946FED585B80FE1A0305FD5330FEDB4FDF79FBF6BDE81D8300CF6815E5F9896552412A03F31FCDCC7CB5E32365550CD9365FDCCEC8752E943161D78047336F8A
310
F6539840A1F2E764FDA2970999F205CD2BD1F5CF496571F76EAEFA0E1CF8FD2A55FD06391F9EEF8B9DC9994E72BEBEE1FC928E2F223EBA0FBFBFB4F2DF137BC894B8087643D64ADE6EDED67F7680FAC9060239E845FC94AE93D880F994FBF71FBCF5F66F9F32C292EA900F9C1E6F1105E81C5B5F58A067A448143842008D72
310
75EA3BBA3D2516FDF02FF79260020D6B3C714711F3CFB61BFF56A826E627E82256F7400FB387FEF23C1C1E77FD6A21EBB1B2B35F2F95E7760BE1FA3ABB3A981423477517EEE36FF96F122B942F6FB64D9502BD1B9089162532A2FEFED255028FE653C9F46FA321E0B588B7DE79FBED07C44106CC85133CA65190543004D01D
310
02D8181DDDA5A9C91A7110805B7875B689FC3902200FB192E7DFD936B37B57D9C338BD49E99E181F4E5FCAB2ABC1CA7AAB382CBC7D515457CFABE6FBC63D525E5CDF74B16378B9AD6774A58531912D232DF01BAA913DFB7D3AAFF912984302B84D0500077800D26C60A4742101DE420C610C2E92FA93056022EFBCFD5BB6B3
310
8651470CD33BD87630C05831BA864C85997B8754B05167F0706499DC442FCD22592AEC2ABF3FF13F950039BF159FA9B36ABDB2778EFF83F70972B83BFD3F4899E64DD8346AA495CB155A7499F2CE39B0AAE755125EB84FD8CF8D8E4F4E9FB4B72E8F1DBCCB98B31BC4607C2CFF21C8145FB48EA0F2159F86A3098415609554
310
DEFA7B27EF1301033DD06D274BAF6821D220DEF96FA4CBB60B3CA241C021D38E1AA76B4406B4767576166766A6C7F77273F5F395291BBA19F64F2E3095C14F3E60371827741CB27E89543857D6D96BF9A47C6A9A26057840332EB843717AAD171880217B71FCCC0355AED3D4819911F79D0EA8AD6DA31A83E36C5DC2D47029
310
5C011302387069158F6C9966022367ECF1D00BA9BB95C389AE7B6105A1FB640689033A7FCCFFEDB762189103A61C3A4FEFE0D6A6B5A19EC5755A443AE78BC5E9235B047890A65919A0D2F96AA3C01CEE913BB3ED239C3E0CD8DDAB99E4348BF3F8B977B6C43DEBEFBD7721A839A63B94C06A10DB87FCBFA3C2932F8C26F88B
310
6D6BB30C3C4E09AFE40FAB52EFAA1EC0316920E031A46D65A0FFE45A673432E907FBCF86717AC04F2CD0EF512D665FF53F05BFCDC43489F150890C60A8E0314E70A06F619D30D841189CA15D3417F3CD50191AE4396543F0C42BCFD696C58DF163F5B46D708BD5FDDA5E5E5FDF9401BC4F7E00E8A17520833D1CBFF495B5D1
310
CE037C664123EEE74737268B5D1D3DBFDA6AAD8C08DF2C0BC7A737E10AAB2A7B958990CEBF556CDBEE823CB09FB344143463C630CFFF585D330CF0320E921744A7918280FEEF981161008E9FBC78C830217A07B7D6985E83F9A79884ABB5AB383B4D7D788F9FB3D867A2112A43F19042B33A108690CF6F472F8661CFAC9714
310
78757F6E6F2F7AEB82FEA85E5715941778B278281F28C268AB24BDB470EF3303E09C359E9DF1CF990D8A096106E6A66C8620DDE7D281DF0B2831F20439A30D68386CE13E002F7EDA8D7806162B205D6A19AA1FABFD6B1B400EC2BFFDD66FDF7E8755B4883C043F43046C1326136680404F1F934EBDDFDD39CB58A98DF1BD78
310
80E0532E671FA1435E9D6EA5E9071000BE8F262E7C4044FD95D5FD526EB40A05A634775F32205C3D779FDC168CD5E56BF982508BF572BDA4F6F57D3304BE9EB18149461B12F760D7485891CA47CFC44909136FBF4931716A2E100123FC6CCAA6A644F25EDF4AC980B14039009BECE8B798BF69A05DC5B6885CD23F8E13A46F
310
F0C0A986D617F001C52241801E87C2974C31411DA3A5D7B6175472763D637D3E57C33B908F867F4A59CFCA7923375E5F027A983E18BD7BD4E6FDDBB2250C1529F4202EFAAF979DFFB1F2612E87EBEFEC58581EDB9AA95AD1D7C1905F7305BF8182D5BBB524D47C4E3B81CD843220DE1E6536497C0962C225F75A2D6A998303
310
B23FC501F0B3F736EE1FF01200FC8C99F5515207C9C40081DF304C0A17D06E26CCBC5B3C47459308178301FA8057C2C0AE9D99B05F038828B08400F2E3251254DD7EB8BC4853B101F99AB48E387457C96951E5DB670648BAB70A7B04FE93EEC5F5B183F9739C98952C6845C380D401B8FC86E70A20744EC720E09D35955D96
310
A9041720196D183AC2CFE6AEA816652D0234883D788BEC8F5DF2615261DB031C2381092401B48D8D2D870FECEA9C3D99DDB036C8A051058030E32190976718C89F031DFBFF2EEA3D88606A8A19BD0AE305BDFD12BA4FF46F1A0002B07137989C748936E9DB2C91F43B07E4E4D16C3779CF5A4FFE8CC981F07C29E34B7C012A
310
F0054FAEA4A6A3D49D3A16D2B3CF220A029003366663053C89B3FB1827080DEC2780076FBFFD8E39810CB0593CC68B5D9009F2D400418028B0BC6CC74067E7C9CC0C2690FBB084AA5254A12AF63543B35EB40D17B693F7E3464D5094C00AA9E04E0E0524F5C35C5EC6BA94B21AAF2440725E2A9FF94FE7A8F0E769EB83FDEB
310
039B631B18BF396F5C13CF89ACC02C387DA56DC3B1CD84B96CFAAA37B55FE723B611062258257D331F186AC93D8AD600B4FEF4AD777E4BF68F2168FF08C081A37AC13446C859964803961928476D78F68419390D830C1935B5C2A0A22A3AB17D3D6428BF12DC373B8D464E04C0A496BB3B3B75639DCC2500E0F0B15FB6F47B
310
5A7ED0183A87CAE8D535F2EDBD4B3B7FC762DFE65A07C30B2851DB890082ADC07131EEEFA3DB7DD5CD32C0860CA83CD4B7993A175F422A8149B1C1D94C1145059D9C78A8A572A90B7C8B1E3392FF77A80C50220880FF3669004E90F101740D2B808181455A044904674E7482CC3EC85C4BCE339404C0B0BF6A5611E4F9B815
310
7BAB6DE327EC9BFBA1B4557ECB609C1F45326499EFB90EE78F18227F09E563C9E63D847EDB3B68EB9C39E95AC4F7ADCF7D87F6752BB6912040281E4A0D8A8314E80D60470999B8A51FB1488A66A9F3F81FFA61C83F4FA6969E472288FADFD61B005E0EA4284822E018911828E868614DA0C36E11F3A051070BF2F0840E35F2
310
00E2C0C80A776CC9E7E6841C0503D0EDF15ED9AFE527E798D23BEE5F0604E58DFB7099D739BF0BA5D332EF29F1535995BDBD0DE681C4F71DFE6A7AC5A13554AE6910963E9ABC9A0DB5B202225545F5CFACC942B5B93C207352B6E5310BF349AF200175D7DFDF78F6D683B7C87E087FA9B35812C4F8F13452CED610A2207541
310
E6D659A739441F3833CD0C9C3C3DC2B0712F62333C4FA9327C9CA1124904B4FDE0FE21C119776CB0C212AAFBA5CAF80EB43772ADFE77CD9FA8A4144C54C2FB2304C65F62FC3678E4F6C68F30FEE1BE8383CE7DB86F58B1AE0C51F0F055E188D02F00911DDB0991832228B3172B3E623E513FF1734FF414A611A603163F401B
310
EA790FC9FF7FC3FD3DB02DC00184145B850D01D120424DC03C00FCEB7880EEEE939399F1F18DBD4AA54C939899304D913CC2D5CFBC55E50C7FBE4C0E14AEEF53D6843DFF56BE2D554637EA047D3C210E2C61077875FB5B40E19F43AB7470CAFE1C0D3ED3B3B4778D1DF6D4F837C08747180FE8394F2CA1E0A46B6DA62CE2B2
310
DABEDE0B1924098580FC16B369730E9E90541D3730D47FDE16EE1FFAD3419CDA05ED1F2715C607F2E81893AFC5936303F40EB776F1D808BDE393A3FA401E1C706E154C892860AD74A2949C409E28A8FB3349C764D13E4D1D3468952B7B1B35001BF41142CAD58D6011C8B78961EACAB66E9AFBC627673B61FFDA4167950A27
310
4145BF11EA17BA9AA60815C2C43AE1F648E3772E53C94E6364AF826019E723069A8AA353A3BF7FB5359281700061FF64C28C10B9AF0B70B0B0D30A31CD1CFD22F68C76DA1E44558869257892363C091D313EFA46B57C3BEB252E9C6BF5B4799EC58F1910F469E25AA17B343799DB3E33CF410061F96C6D63FA91B1000CEBB7
310
D2971BDD39A2A76361E000F5DBC1688D47CB812DD60F8001AF25B328D173A9E4BAC18CE9F1F628704330741B2649B92E9714447C68559C6CD2F681919367E4811100750058809D0230C087A89FF3C80C23C4C60882E481F48D531764BABD5CCECA308DE2F63D3BB50373D630796126803C2D1FBAC148F7592881B395ED7D26
310
B7DD38D7096AF98841CB37592561D9C6565317AFBE9FC4AF7371E060736C7635E0CBA1809FC80F544DBAA1F2F9393D970D44C0615A0C6930E758B9E63AE690F73045F0C8C0731DE9CD80F718E94652383458799E02C06D328010011C7090D8C5E5336A83D4059953877EA1E1D66FBE994F04608C4C991917230FB61F9AEE18
310
3A40AB9108D032449FD1A7283DD25ED15360EF7EA9303EDDC0043403531EDEAB10DFF87F5E2FD56DF0F1B701A9F614DB17FA0E0EDF6FD0B1622A81FA3D1DE5A33F551930335C353A87F9AB05C60455193448246944A232C5D07636D864CDD7A50D0B4440CDCC465D1C418321F50E1648D500294065D869559EF3C40C8FCC6C
310
323E989AD0F0C73142480B200842802C061008B480A9954AF282052B3AF67350FD0DD30D1F4075AC303A5D490250F5400ACF479656861E4C77AFF327F3EBECA4B57B6B6C8FF62602BF150744656A87DABD7BC6BED50527B2120C001A0B3718C74F0C65CD34F275164D7968148DDF259AB8AD6CA81CDA4E8819509B996A7F64
310
2D987A401A2B04018C01E6C169A8700F9DE3B489DB2BC49C9B7B858A4F50D22AE15428FCA4A1EDB20C83492690CFE361CC7F8C8066FFD0D77AEE797977F468A36E0B0DFC87F90EE6348BC748F7CB73B5B9DD5C6EE7AB19ADBF6DF359F1DC2A0F9E44F213F8041F64274C0859A2AB7C37440FEDDD2F95BE44065F22067E3EA0
310
CC3BD8C0D8194EAB291CCEE20B9CD8E02950AD806080047A279F19024C837C848816719AC4A34DF8F0706CED904E8185753A458A27E4C1E37B5F30A104932BE140E0BF4E400160F320B054A8705042FFC47B4940810173F9C9E97240C7FCC3F3813EA239B745DE9F1B1F3FC2F9330374DBD1A7B475923F9A2ED81716D18D1B
310
577DAAB9D1A0458655AD3CA7E211867AE7C702DCACCD291E0F798013DC01BC326087775C0833E04EA3778FBCB8DA4687A0255CA0AD210C15661E4E92001A4449031D1DD27D327334BE830B64DAD90CBF537A45FBD4E94A7A88888E715B7E74FCD040E818BDC1BF5AC609CCCC015DED23877080FCDC47BD8EF3A7B783A17D33
310
F3ADEB6D6BC7AD75EA7C7852C5B6FDADA6AFEFC2D181C03F8C40DD8A4AB5024F0B72E34B57BC1182472DC80946789AFB711DB7F1193C03C893B0345F420246114D3EA71D04FBA731C0DAB0D3CD311B218F0D5A15ECC105D02F3AC32F13600084731A83220040019B03180634B5923D438300B05BAC80881F061095FED5D572
310
A3323ABD83F1D37A2301A8C930AB3F66ADF7CBEFED30BAAD7D78A06DEB6A87F15491F5AB7E25842B6B34BEFC12C8A159F187C64B3CBD2356DE5FBAB98BBE9583F0E3280C0076DA15BF34C15238145742B07080B1EFB83382F9FEF2239D003541041083C5AF9EF3C8944DC2030BC3ADEDDD9D27475800693049E05413BFB3FE
310
B4308731512F13400D06F813368A0101D8D863EB3E75FCCADED124F532AD3F123F131AB46A93DF1ECE7F96CE9EB6C365C6D6A07EEC461FC919FE288AF7AE1A7D012D291EB073735FF26BBB1C99FB706E972192819B7A34BF22424BEA1CC7958AC2E04BFC8E02DB90A4A1DD04811ACDBC181037864672C78F6C0EC3073A40CC
310
49D5E813593B7002763BC6A909D31AC86F3F6E335C9E1C309BC58F16418642E2AF6B290A34FEDC0CFEE08FCA0F56700699CB73B9C99302AA17BD516D7F1FD755A2B32B3FBE7134D3BEC813195BD355020A7DBB541539CD2C06E45F46FC0EE08293E6C0E1972176D9B678340AA1A4823404EF79B1E2347E47C35D0A2260730E
310
0B513025DC0BD1C07E3366E9B9D17F767405FB531070700035618606F0B40C73C974CFD321B0C174A80C0F3AA54945FFEF348F5488895713E89B5C98DA501E06D8D24FF04FF0CD7ECD7BAA755A854EC6A180AD13BE094E8D5D63BFD6DFA5F5D3E4DB1BA18FD8473DC6E17FFC9832B71A2A94D96E808BB53F9192955D62C82E
310
282B05168AA0927D54AB20A20A74800B7CC9655C8B15F62377CA4C91641F9F4D0478F4FEFDCE273A002CC0A725EC165CE3A149F0333E8E9600B2C05A7D15FD831F0938DBE5D0FF13E3C0F0765965A0961C3FA86DEEB0E28304747BFBA5FCDEE44C23544F7BB7BF7A132DDE34F99E44EC3FEEAE92F667A10F7E90B0E8C6442D
310
F5A5318B0F816311DB2E6DC6F172C363FC800EE09186BB9EC82A24C0117700CD884AA42023B81EA6E0CF8B3056411110D78606EBC5AD5417B45BCC8E61EA01C4006AC233933E35D860BC1B6CB9C9CCCE7840D2E0C1C1FFC11CCE54D59300F2B47D66A10F09D8E24B71B9BDDF98FB62A3B897C53EC88D16D1FFE8C649B17BB8
310
E760EB20B784F52F992544753F2CBF642CD3C9C70D8722C197142C567E74FB431EE248A8F3FC00377F5142144A82FFC28AC2970A780C85A7EE9146FA4B2981F3C93BCB0F3FBCB6DD3DE69C72B6073B99140DE28B8E919D9D9E7C2F5FA99FC1FFD07E9AC0965CDAEA0A945FADE52C791EA989E8E7A21A355FB37E44405D171B
310
98A6E946DB26AE71DBD01FEF07FD378F5B4B518724481820890E7486E3FCE61A60E096D577701890EE07CA5D7F2B086040749FCEF3F81972E510A86359C9BB579883035887542090614E5C4461705D7CA1CF84DB564838606CF1597E8119790D021080C935A908324EDE9F60A04B7830A33F0670CB08605B8D01BF9A3D4356
310
93FAB4FD84EF6754930640C1F9D74B052A7ABBA9F502B39DA3BF6BC7514EA4BEC71D752BFDC198EDA8DFE8F32B3EF811E4576B0A2074B99B070A069F60173E7427BDF285024E35A4418B7A412914F2800F1965C4F1120A2D5D2C64400563D5942044807BE7C738EBF3034C4A6F4D70C04ED1F97673C039FABC4CFF18866E08
310
200BB66BDC9CCDCC3FFD1E43BEFC52C317F0F5E64900FBFCDA4DEE68768FFF46350E0EDADB7B34DBBEDE3776BC55599AF84E312229F931E700D04478D66A0D88D09B2276141AF0F8811C5F8067DC04C0F90929F7F1AC9CCD368488AFB965C97B855A3E2E93AE5B4866502E55991B82D4388614F2C36B8484A5FA06E3EFFA98
310
4A6AF17D5C2073299D9F12FD63826F67FC460E54030981684E9FBFC22009A3006962285FDF4FC84B699FB5BEF3736C6072F6844C15EDF25883037DE6BB7AFAD6AE164B367812FA8CFCA6FA25725D99AEC5C6EDEEC64ADDA2BE0056002032E1D7A20A54CF444E360D520A5B69816C0A953CE0434A8A898BF18E2B704588C01B
310
DB2133342F5404FEE698957C200EF54E31BE6DF4E888C9C67F5F3F1B41F922777E7FA6332677C20098C59F762F5DFE4A23F9801A3BB6F8A4F66E0D40EC867E92DEFCE84C714FC7CE8DD3DD3BDBF9C781B1C3B549FAD2C89D711808CAB100E09700BB85240374A7209212F320CA577222A7020E7824500179FC7096C714884B
310
DFD9499E027ABEB3CB0226CD293CAE6E0C41A6788F396606A073E28CBE5CC67D584D36CA39D37974FE1023253E3FFB007A26F657FFC901D851130DDC2BF54884F20D5D40A0B7E5C7BCC7CC87B84F2ED820192CCE1AABA1FF24ADBE1D03635B5B3B53D4A5F84120125FADC36A0E792D3AD7E255792CD5241A4C84171F110409
310
0017DA493D0A7790A7BDE6DF326180398E4B0DEADA5C2763825E43E05C388E184678C88CE6422606C017F030366981353DF03A753DBF6370879F79889DD0BF75408724DB53C5B0063AB6568D02DC47AE4627B58D7E367A6000267E7840C23A0940B992DB98ED1C4731B4FB4DCFB6D3EAFB6CAC7646F0335C5031888CD74E21
310
03380260AD47176D703960230370FBBF28813524C17FFFBD6288BB28E4F905ADB4A788B40B4A6201C1878BED224DE9906C4C79EF32EE679B9F5D3B5DFA137327320643909A823F62106CB8F9BFE4BFEAFF0FC7A6393EC7F64A698EFF8ACE31BA05ECE6DAB6DF124118D1D13F892F3D3530602E3F3ED3D59DFB821ECFA3D9AE
310
85B1ADAB9E328DE738BF55D5DFD039445AE76D0194180F57B15BEE5F09C07F952F9A10372BC894CF7DA12CF6507E2A8916E0DF430C519485C55D61EFE209912D8C32866214E121611E22A0B1238DB18E86636A3BFAFD5B4EE02FF1E505F902BDF424D0516907BFC95EF3A76B6B3872769D67E25B548F0DA46E2B93DFDFD5F2
310
B9E9EEE1EE1DCC7FBE6380DFBF38A165CAC73DF912AD76A4690D2B766A3EB4AFA2D05BE543EA20B095FB17AE3F1928D84482049B659E671A4763CFA567C08824913D37F2F92F841FC244085C1681225C04AD6DE1684831682CE0D6096B56101C0D4FB3A1BD3F11FC1105AECF5660BD3FEEDF162B0D9DEC6DB55AF27FC98050
310
BDDEDFF63ED14B01336053A19DE9AEF5F5D9E9D9F9E19ECDADCD497BCC57681922F327EB41FF681E17C1921B04FBAE371AC69E53F98183E91B84897A5DB164158BD1D12FF6F6BEF0E02847727BF2628F9FD48B6FB11DF6928C868B29590A0606F92140D0C08850DAA7DD8A5FE8A50389F61288AEB743E9C801BB67DBE0A7F6
310
4F63BC87770FDF57AA73FE1F5A84F8DD3AADDFC32087FBC0A7D645C327B97D65E7A8BBA76DFD9BCEE1B1CDE3F5F7CE4E6DF4013ECD7CB60BD1239E8A4E9A5722AD9C4FAC8F7FF17B214AF8801950430639A08E3ABD05A0D94E253BD5951C885B0CE750309070555FF21F2EF83FF53F4E15038B8D8A244740A5C9CBC120043D
310
A0B323FB1DA0A4EDA268C05A304619505000BE10415DE898809DB6B66896E60AE347ED3D6DC707CB7D5B5BC374A158EDC343D0EA61C217D4878CBBDC1D85686782C3CF4272E7DCFB5E9EF628F5A95AC1AC0C6848F5771329EF8DF2BB79EFEDEC8DBEC72EB7F245287FD4B31008AB38EA4D52F2BF57167159E3004CD8950E21
310
7DDD6F699FC763E9D1A0AECC701F7BD4430A3E030374066938F883C01DE40E7DAFD609345E33570F4CE6BE467FBD7F793B5AF2A9D331D86DBA7BF98067918F9FCDD609A0384B523F4413B574B818C6889FAEFC5E7B8F90CEFD62BC2C85B2478D54DD076635BE434FCADE68B3ECF1C8708E27863DBEC352D87BCC7A92A8E135
310
700CDE65BC114026DE5DB68275E656D2C0D4087293D43BB4C9C14EA83C0D806783B40DD7CD4F19EE9F33801F55A3F1FD600017A6CD5DE607783D5F74E34680E7DAB98D99F6E5B5ABC7F7DF19D8278322F6A97FDB2FADE1539BD945DDF868EE2B8B70D9EDAA45D1BB0A5801198CF1DA891540474745BF0317F8A3703E02510A
310
E94B084221F887FE950272D62D4232781054A87C58D015CD45EBF9B70E60820A2056E9D4D619E8494BBFA68B61EBDD8CF52CCBA124BACD4A4077E8420A7F36FCDAF661E577B792A7E1B7E337C7CF1FDEBB3B49F501F3C7366C1730E793F51FA20A9C3D2E9F18E63DC277449054CEADA36DA0807467D45F8A744E1BDED725A0
310
33868703F1392BBE221158220588F30574A0B0893D0515B0B7C404AD0E7F40C11D504C49BD7DA39A85A19CD7357DFC966E5D92272FF06D59CA5A6A1C8AE30E52F1247C1F1D78F81887F9F3E387075B170F9F5EEE4A7F5BFC69DF02FD8795FCFFAB472E7C88D563DA514861B85BD41594A75F5E866BE69471110A9F75C8609C
310
7E6BF6C7C727431EE3E9E3773D2378C25226E82C08104A57ED273FE0921D6990E02B006BD038263BA360355E8DC446A380F0BA35FA9945A80CF60DFD54054202F91897C241C147D59F8E0FC67CD0F2BF377A3463F8BBBABCFBD6833C57E214AC3F5AE9C2FDE88852968F20337972C7E04EE5658223008AE82D93BC37D8DDD9
310
00BD6B16EF221F0D4149045D740A8A215D4FC186C658E01994B8CCD317465828704BB630DA2243B3B4ADD3EA554A97408454148C04A1A0CAAC2E04033C04073851F54380E0BF2DFFA43FAD3D6B574F2E1E5EF6E5F4FEFBD1CA87C161FCBCF5C7AAE2F726F814027BAE10F79BC3D765D61D1803952210A9AA07F8C6BB2105B6
310
1145B324F96014EF223D4A9261080239F03FF6F4DD4975C183B887E081F7A467A25EAA0C94028FEB808637768B07400A8235D4EF33143253198900E079E3FACB0C59B00F827A5785A6FFE2FCF0C0E6F1714F11CDE5140D931D707950631F3DE877F300002000494441540ADFB08704E252AADE1BD4E8DF55796A32B9B6F177
310
37C67702E5C638682737286CB0E0A89B624D5BF28222432848C9AB8C07170C97B814FF492A61072407D638006F7C8400860444C01B1930A522788045633DFA9507267A3A42BA05925BAD705CDD3792FA23C1075C6EE768A673919EB6C3FCFE7629B7310AA794CC9C0D14A1FB88F95C845BF22543F57996E0B26C9E4C2ADF18
310
7F979F8A55F11B47BC26594C52588518D25E6C2B1CCED231EA1B748F093E5726A21A54C91EF95789041030C20FD5AD68613432E19A4D0DA2505B6BD843516E10BB00AF9AC315EE9FDB39CC1F9EA59CD88F9CD071D470C86C4647FDEDDBB1CDAB81DA94034747A779F4CED497CFF817348F69F52E55490840E48840BA72DB71
310
F3E84F6DA2F4717AA928F153DA6E4C7E8E00363CEC9A2E1C8E65F298FC4A52F087FCDEE5CBA38A80CBE11FF7BC2AFF249203FFAB77A128A001B1987BD334AD9B901890A8C2005B6B248196AD09C0025ED841325B31845032E327C531C839E66DBAB39566B631C2FF0A1DA5A3CC47E665AD8751B47CFE33899DF047C9F3C365
310
E3B11278D49DF939298E09002F6430F9958803309827A7C791048CA070061B7E9A64C557D235F83EE24822E5EAB805F9862F20FC58F483DC0EF02181F572930205107E00E523861895A2811309808F2B6C14B2AA579E893753C155D2F54302007E9FF36AC5FEDBCAD47E182D91A73920CFA5C18E01F8FFF4C3F1FF553BCAD0
310
E58DEF85DD63B91BE38ECE1A9FFC4AD4A1FBA30D462C328C5A0340DFD393D3D3D3C0659195C96990F391EFF4175213BC74C020922D4830FE215E76940962BC0713A3B82784C0CB6623DC40D6E1485BAD454F6892200B225096127FBD82D2B12006BAE2E329C771E25FEBC0DAB3B5395289D56D7A8A89081B34EE06F80F819E
310
FE75C67DEEE95D227E283FE98A7B9F1C97D2D05B4D07A469153C3DA3048EA68FA667A6D90E291C7D7E2D063E4D044964D055F2DBF3E31BB851AE9F78A0A7314F0AD24901F581D74A6929142039C65AF5830D1C809536CDC05E4BA51038F79D713DA930CF18BA3010E385351CF47F74D439BCBC793556A1F99814926AF12835
310
E251C59BEA3C083EC2B2760FEBDF4304C9EB87B35769E1EB24B648542CFA4EBA9EF93CD42F03C08F249A2C98897D8E2225E90077823F4A52171A61219998CED6FA050992B6B0A74A2220ED12123004FB977084208F8E2AFC80F456CB110BCA647A3A0F854085D84FE0052BE31FFE7F925610BAFEC06FC33F9931BF063F39DB
310
3D1BB20EE357F594045F4226131578582CB055A59A073AE0413989D215019B6EB8A21CF154D71164E0D8F4E730C2CD382D098DA5261456A425643686BC8301710F2C50665881399156AA2B4C3191BC555728384800CE10040F746A3D8A80A5F0E500A93456FEC52833BBB45203DACCA37FE1D3EE4B9BF0EC27ED47D89B8266
310
F11EA2DB8B5A8BB93EAEDF0C06B7AD0402B9EAC6E787365535AF19F15158308A9D9785C1BC1C01377F8C6B4D07B50DAD25649764A91DC9812C7B34CA98184084F7C01055466B48058CD44085AF26648520C85C41C67805462D8425680425559F4440F3ABBE1F3F81B1EC72708767DDC8FFB6465796C8FE310FEABE0C9B242A
310
74137EC3E0427091967023299BE5D6D4D0C6D15747DC2AEA4ECC57C72856E827D33CBD319D70FF854369EB841282F84B7CA4881447ACFCB257E252E00FBB3272120A75B99119840858486615636E0E0334031AAA8C08A62E080053A0AAA4158431EC727A084021D41CF5D630C94184F6FE7432E8F5F9A4FCDF3EA7CF136FC2
310
988093F98ED622E38E4976E1BF0CF49D2889E6DF3566719FE1F9B47A2D3BF89C69155DCF24F88C609EE551160F0415900B4C48FB013D8900A9192A700748002924771A3686A0A580FE4009E00ACC090253E280B90AC15048E047020483A038A60ED232831F2CC90498648690D960C48E439F18F4DDBEB0B6F5AC7B7B89F623
310
0243B4FA160A7B9327F3AD5D937C8BFFE5FF8B3A5E64283BEF8EAB9F71159514CFED62DBC880614AA1F7994CCFAE7D8C87057F451733699B8DF87056E1F0654B5021E38097E4E23221B810DE20559AD183A61C2C88A648DB096081E9801CA00BC1DA0124E08DAAC15FD2936905CA8DA1C40E42B13F1764E0C4015EAD7F8BFE
310
C99A310B1B7C0BCC7746D3C0702759C89EAD57122092122D1F857067684A578F1DAB7EAC400841F493A468113282FFE42316CC74C756B1C880FE78795C692813CF4644480EE9B02991BCA257A71861F00666D9410288487618D120D0E80D7773E2B7DD180E100EC98B221C94BFC4FF531A09B986230F1CD08378A8E4D0FDD7
310
D9B1BC75F5C12EAD7FF83F3ED19EB018620303C217A6A35D826E72ABF2D8E2BB1B783F6E48D2E3F360806E1D192085D022103473A10375B63853EC54F500B5B064DBC20945B88160DCF7E4F83A0200BF6FAEAC88E9F54D22D898E43F378D20B51B5D6B1457000922202800DD401A9266483029C0D6D57ED80D42A0E6E08835
310
F0F3AC73D7FAE6D56185F04FC44472B854EB7D9CBF7134DF3DDC35A9F6B38417DD6F508B37C1A718B0D054124176F7222F62DFB327F34D451799D56216880193254FF782D7DDE26C271BF38C6E422E271CE4AB8823C9510F021126A7A944E00DB4031D013C88EA0746C96D4574069BD5439C4110403B40020C30B07A604F1E
310
41D19C21A93FD9002DFC35F23B1E7B98E95E38387E3603FE7393680410D702FF9ED5A3C5E5CE68B5827D721FA78F3A9A0C08A79722D9C9B418F46C0057BB1640C70AA4A03D29CECF33987596D53CFB27B32C3BE304C540E14BF8464E080918268D254838C91A01F0FFB99154FD8A9C0495EAA6534A6C464440B4A71E16100E
310
7405088122A35F7A511DC003D002E6C8E7E15F6D1D2FD09014139EC11FDC89394621F77B9F88EB5A583C41E2FEDBC8F82334494C0BFA97FF3C3A34ADE60385B60E5A30CF036E5E75370BE3B83AE73B3B7DC0BB337DA0045299ED0C66681E4AE223D01B1BC3BD4C921E2005FEB5114739040758189BA8A320067B62A3995E47
310
20055065AC2B4A8006BF8CFCC907C0063EACE41813C5F017065AD46CFDC6FF1BFEE052932CA3478C8E5A6F25DC8503D40F61FC1B047E4DFFE8E84407C81F1AC7B5C79DA358551CD0D13785A9AEB38D6EB68A0A8087FC6543E7471082873CDCE5CBEA1EFC5CC0579469E225428E9A43D6A6000B4219DE52E8DF00A55F4BF503
310
5960661C2DB88AC1F67C2890A93FC420193C8326409E7B595FBBBA9AE1D1511B3F6D65B09AC10A71C2317201A603E88C56CC68C91279E83F5C147787EFE6C675F00941D23EF092920330982DF38C65EDFCA89DA98E8ADDECCD77CB86D85118F3DD9884820B1128010D02F1060F582871CC8FF42024C02239273A1CC3BF71E7
310
70DFB7E96081682803188118B50310BD620234F230B12711B063E0F0490FCDA9248B580D3D3DE944A30CFCF2A1E0F6E59E8FBEA289CCCC943785BB8880ADA9C2FD70F6A13F5418444E3A669273C006C4B4EEEC067827539FFBEA9CFF04D84E7F170480037005AAC8829084329899F90B5E013927F8E646514B4824B01D11F7
310
2C012CEACD163B6358A4454A4221D06E68A71062520649BF9E9127D0772D6E5EADED52FF216BC2FC513C7D3C5CC4C8AF009811826AE20203B076A2AA66D8D32E317DEE0EFC000FCE16D9E0BEB17C74AB009256C5D8AD1CBABBDA61402612C675FBD72D07E633B1A42F2421208CE01397560811204306617A5141706105C9F4
310
984C459F2D0F6C392FA05BED808512B0B9A8A9FC6CED89640EA347D31F0DF76D3D9E61E800FE9F7601BE4C9614A1C58E6C839F13A12D0EB426DE6386B82369A9E6A7F1F9146EB578A2EF4289AA109B4F6CEFEC0463E0072A05CC9DEDEDFE08407B173B8AA65399C80B2911252E6290C82CC1B8909140C11B7AE161B42B9390
310
5045D017E00CED6D27AAA15F2C2179F1E83D411A7020B9408D202381E7E5DEE5A9E7E5CDE3B186433F488AC81554BEC09BC579018ADD1DCB3D9D70F02B14BF9159A4DA376225FE43DA224FED327941705DA582B2FD1BB5DC0540667B650BECDD1D5DDFB0C7F36DEE2B94F6EE2EE4E426F20A1174C31DF153321A24114C4FFF
310
25E505475F6906D4149B21F1BD9D9DF7B059F8E0FD83323CB97991FE80EE131A9003B81C491B218B1D42C0C0D593D9D548003839DC29A740298B0C23F0CE14BB167BD61989AEF0B985C8FAC8F923A73F31953989F0F6C96CA6C4D0A9A88184BEDBBBDA3BBADE77CD8E2FFEDEEF46184A86671D7DDC51417477BE9F04804F30
310
5AC82C2D018A21EA903866A0F959FBD4139916D036635EE03DDB7408BCF0627A03027AD314C09B0A27F0A79490D53839D0DAF1416995CAB24101FA63F75029D57A4CBBA9FB4D120ADB17FB5A999FC9420DFE04FA670430B90FE7F589F7FE8D50A4B5F004CE5F07EB4EA007F8AEAE8E8EF7DB3BE2F81F42166C7246FA9E62D0
310
2C8209BA1024414C483498B50229FD923F2414040B2081390AAC353B5283EADA12A30B1080866D746B9ABF5BC107F33C2A015B275480759334B83AB02175EFD0DEC785DFC505E0064F4EBA5A97073A74C5C9FEC97BD25D819E28AEE661FD2732B8BBFB1BF13441B3C1F45E8AC1752BBF80C113DE960E0AC7D9D02C58C80505
310
A19BA0E84B14402601A590A4AE00A825E98C3212342302EE10FC5100681F86834A2804BC409D70270A2091DCE874B16BE0706C974EB3D26EFEDFFCA6C4579AA4DB781708469F055532A7046C6BEB0CF39F3ED2EC4FBCA3D00EA91CA68FD2B87B5C191E0EB2C300F00A1C9881F263571C6CFD83D079D09F176FAD839340CF03
310
0F70458F81F09AEE1329505150CA0A00576B56C06D58070B23086F685E44232D9D53DE3FC3731044F286D19F459351863F749F1104198D6E14BBC68E17CAE70D7AFD958E350BEBBC70C9C4DFBA075240DA27D40AD7DB063A097DD3F041EDB3E4B682A7A12A548F3393DB01945547175879989302521EEB1431B08759B632B1
310
74E0F700E774FCA1BB83F95029ED1A084288C8893520E49415E00DA080AE8027C34206D35491D050A4C6B080F6A20889A2FF82379AB6234F6710C05F9080ADF002B9C9F9C583AB220F45D618D7E7F7547FB27CED8A8B7A7D24EDA4988B0C1C2A1AFB53FDC61BF3DE50D63C560F0120B0372F0839DDDAF13E583B868717C1CB
310
8CC71D1D7F440CC82184803144196EFD58BBE00B7EE77DE8C015942357FB06FC906A5E2B8882CCF9FFE184B0035A5CF186A962A63F84B3AAEE3D5A2C830008807568B6A9F424086D2095A3E262DBF124350082C4B5DF4704A9D2C93553DE47BD6766B69349610716999FA25854F759CA9792599D3837ACF6247CE8597B0F96
310
0FA3EC45B61715050260C5844FCCFEC9666BC71F875B17E3BCB4CB151405D7D08F846B4CB952248B4603CC402B609E90F0044A007FA800EC46D07A51232B00E5683C55D5096E1374DA4FCBBDE2C25A5B8D26008227CA7758033D7D70DF12CAF7F247939F93F1CC63047D63ADA0B7CC8771B234D8095FCDB577B586D1834062
310
035670E204B245EC093FCBE15626C10D210CB38A13F50E10A0D5C0814B0C4B30AA9858516001669002229618F100767AA3D6D2528595FE7A398C2D2300ED0013A0AE60B91644A057327BD3C36BEBF48C91279B45F8BD145494674AFB211A91977CB838DF35DCB3D6D6AA2FB2784B591ED785DFD7DB77747DAC9D2F7674810E
310
FC2895F9ED8007EC7885101679C06F21E4B1C8A6120956F80518D1DAF1717BEBFB5803E20C6F2A11B2E48AFF4AD2810A70054623E341B3D1ACD92DA91150DE631EEB2C28882D092049C0DD38E262A7BD6F98549930C9D44B7C37028AEA9F8C5628A2BEF5704C0DCB2B428181B1BE766F43014498D2E57791E4C8DA6BD2ABF5
310
003F0C40202E2E32EDFB02852D16C30B7F646B98FDF86C7891690043128B0A0DE6B4EA27F08C30CA34C9D0AA0852A5997F8D11A6EE84E040B20472020256F4AFEBBB74E6705A12083B249089218E6452C8E5A69717E904A3F5EF3D5D08EC1F4D4E85086B238CFFC11AB9AE972CB775616C6D1DE04DDF073B4DE3747C41FBAE
310
6072901CAD0237100670C5A00C2C3CE063610ED824826C1F6650700E88C00B62468903A0D71D3A390255AD7040048348C56C4647413C2C2561216E0C469203EF06A5B101AD40D0E207F78B124747DB5B4BBB4E88B1C373C114E0470B345156EDDBCE1B4DBDF81DBC400746B0B54E05F693707B89A5E430982C2AC7D10DFF11
310
D5B102B9505034B35D07E8E5F585757F088B390F2D4C85CF7218E8418BB4F25B885053D07D5A908326809F31D6CC6B77CC948413B28664484439D118DBAC27DB5AC40C1AD166F25E6A2F0AE82100C0BF220405323E1FF80DFC518CACA8DE1003F3C9FAE9C7B2D60703A0004F8EAEAD2DE0F5485452D15B77B4B67F4C2403B8
310
D8F9C533558ADE058A9E177A1698F75DC0EB4C800F74C0270178C8579C1FACD025F0560844502D2BBC01E620030CB93636C1041636A693949CD80139FD15BE107F905590A292840F8860706D07E2970A2F15E5B13B87C3143CB2930374CC46A6F9B9D7A5CCCC14E11B9E879A49FBE27ADBD6DA82410FBB94FAA8487D61B51F
310
4BE0A03FD08743C31020D6628ED20305A22C2C2FAFA7ED1E7881C438AA5B9035F20759E243C51F34D0D5F02F11403B9E204CC1686C0B6C9000470561519CBE1B0E4FBEAB37A39EE4B84C05F023858779341991F36D9D9F351E7BB3B5ADF00148D9D05784F9AD8B037D48C01BFA83D4247F03BB768BEEF973A14E610090D4B9
310
6B1EEC5C5E66928F28EBEB6CF578B067DD83086081579848E60DFC7684044D8174993C39F886043481F6A2B743B18749E52447CD4D230513032D20D20206E536E15BCF7B7D211634F98FF9986287F33F9A94615A5A0A7CACF8DF5DCC1AC6EF9AF1945EB78E0A2FED1DA2ACC00EF983F9A012260BD722EF61C9DBCDD8719703
310
ECF839029010CA0B9F100B1D2842153E01A1A3837AB579516A31982FD2908A09100DAE591016CBCD4B011A2F4DE299E1338CE065DC4841BF9895D8C81714800CD08F5AD39601BC929B55D291F6CDCEF2AB40DD5D98F4E6F107C47AEE4A09A079C05316F479DAF4C2BAB83221BCC0CE23FE3D3D4C7BC9AB673D89A3677D6020
310
F6E182332028012FA0FBE0B2668FB85485902A8E7FA0BA2105C213E20BC2169211A4BABA7D693C3F1DA961F203694853137073AD5CD25F1C017DE0477626D7BA55B88F83B5EE513C41D814639FD1BF759171F4577D3CAB0C3DFF68B2D3B1F8478C18F67BEBB2598FA76A4545E9E961BACF657E0791D2373030E0EC9FAEDD17
310
BEA7703A738185D08236C407448A4CB504CBF01FF43859D3115488EA01B55078000DF085911805790DE1B41B6F8CB2889C3834FE02AFE07D85143C6C008438A944EA63E047023A7EF37E13B0903AFEA7BBAB9579330FAFDAACD540022980B65A75FBA17D388F1E6576405CCE7032D95BDA420E7DC0EFA320879E5F8B3B04C1
310
D2D9C1114210C19FCC49DC6A855E12010184DB8968109ED016E4683CD552A36B3AFA13BFC2114068935A7E774CD2C7225642B73325938052D8634ABC18DC9442BF9E0402E85B42F9F3273672DA8E8F1070405D1DC3248487574CD98092B8B956E6AFE1566530B78FAE05B4A0DE51FBAF85DD075C7E11939F80E015A58D1F87
310
E400CFFD2306C4D1D3C634380A201545A92BE01F445800BE12302AB477BD6F62600D211232EB061448A0D2B877BB940D63D059C37E0569A83DE93E214F4BD86209FF6F479C640AFF8AF6D1BFD987D029A94DB7C329B4184D4BB013BF912FB88FEEF913071A8D82B651BC10DB067A7EC52FE1B421883144C00F64FA23A11CF7
310
08BF16CA59F18D4C04B8085964B2D8DA4A855187000BE440BC816FFB13374640B0EB1D0998AF38A1AEF503F14302E2811081FC12EA6CD38A63B33035125F40F170C0B0AA45E9FCA38FC6D688D48563B5C4B4B7C359D3C7AE0EFB16ACD5E2FAA47EF8307044B4EBE1C71E84E742D81431FB06B90B600B9C239E277A57C94C42
310
7EE10E7826980C0136600D916A06058CBE8604DB4D314FBC014EDAACD0820F14BF75449B70339490FE5A0491221BF95F949DF1235380E969AABDBE2D32EB4403D3FDF17F42F9A0A7C28ED75BE86BDB7C7EC80C76F86B8800F77B305EB88F00A4352E0F8089EF811EA02A3DF08F7DA008F803BE4B4EF5F41E56087099E92070
310
8C3D720916444440FDFA013D4E1201414123A09290F5BD7AB729298209C4306D007BB0829FD4EC3A6D7E4F00B67DF38CA0764F832F0448E58439B952CB4F70DF964AFA74CCFDBABBDF273E2FF4F56D3DBFF2A78D42FFF2755DF307066497F44062AADFC0CC546F6DCCFECECFA232E14F408F05477D311B683A35BC245FCF8A
310
5CD2AF20022C21022266905A5BCC8B20235D6FF04019CC04058AC80023662E25F342063165956320BE50370F2A657BACC817DDA3DDD3EFE04028645780A768FE38DBA88BF2EF3ADADFC7FEACA952E5A77568ECF0C971DF32BF1D24F8486B22A649EC81B1B60315CBEFC026091CA45F858D7D04C1B437079431E63E38F88075
310
8842E780A9E03791C0FAAFE10012588C3C592FE35461A6047802BA18686887023A422A49599399893103942CF6DA53A8E387825FA0678B261F139F801E2B17C901D0F5217E07AC2401A87D0480F753FBED44FE949C93A1D042B879FCE499B3D861AEB23F9C1F372F0C24D0B7D6E70FE1AAF60F84BAE642D82F0A9F53E22783
310
915518494FDBC0AFAE7DA282E5050B703570E06319A015E00D693A6BEFFAE493941C3B08C13B96BD20D0115A9565701DC58568A3009DA13E965765C03091F0FF339F7309D44F6E61F837F1B1FF920450EB8FC48F9B40158BE89C81A597CFB0DAF5F5755D3886DC13D4479599B583758CBF35663AA234F133F91D3BCCFCE0A7
310
94367F385C59B19431780F1C099131384056616E15A1563B50021D369C593FB292685A68A8B2A50A0A2085CF05434617E05FC24A6B077B990014421A68401AC4D65788EE25F737EB780D08A6E38F060F2ABD889E1B889C44852C2FF368C1E3E710D73B6589EA83F7417B341ADA1F639A23D15298F087AD0326410E116C3A1B
310
325218433C71AE62C07C1480F1C045629724A076A4BB8D622D24690486727F56108D07046DAB065000678E04C4F8C342DE27F4AC102D854F2D08D59B4ED0E4F697B0FF62F113646BC5B7F3131D4EA8BF8B265EA3F2026E7061B96F6DF3D993276B2180B8E57067587428579460551049049B074CF8B1066C7E14C705F0B392
310
98C0997C17F701097023BAC31081390196801FB0C2A12380042927503D5A01CA127F9841B460310639C674BC8CDF1A320501448E0068905B07F6E5602F8C1F07786253438CEC51AE61FDB25FF71B09893AC026A9EAE3F30F369F5D5EAEA5801FBAD3C98B38C13EE017B054F81A56F05259DBDA64FE270B1FC4C77200FE276F
310
E814B916E222575ED717A62A92956504605268408CFE13FD61F84252228376060206802B9550F00B9D47E6AF1022538A752CF4FFF1F5931384A9FF8700EDD4FFA2B93FCBFABB3EA6C607FF714B0B8B04EBBE83B52B246092AB018C0D0002FC490849F1E214AE6FC42009D6D86616C835B65DB9862EFC4480C14137603C3089
310
D0A5588FA27E693DD184131BA4E88C35045ACEF1CDE1A82323C20B842F2419604821196EE8185BC834AD44F8E9B7549A32900196E9ECBBE20FFB4706861AACADBBFD9B56A23FFD3AB8BFACC18B1B5AC0ECD7B6AE2E2E9CCD2BE8AF1B1BC3A813B94107E82DE67A42E7CC7D4A6116700B5B2EE3C338A09B840F07C40A64800D
310
7C605AC42B72227C4C7020AB1F20056E26F542717F56534261DE3766AC10A6ED2D006DD03BA9DBA507AE0510A8B385C92363B9154167F1230C40D76AF6F3BE0CA08F8BA2FFBBCEFB09D0986550E0F0EAE2F2780CDF850CB0F88CFC2815FE87BD83909F474F45DD47F1C821DB2107A8817FD45384F57891B65F2543D0C1E20A
310
89B4A8DF806862AC27C60F6A054627FD344250718AC0FA21CDC4E28DBF2650D1B39D8B8A420C348A4F846E2BE824BF8C45E1DB8EEB52F576F47A75FF95F90FCE0FD3A7A08D48D5B9AFBE3EA658E1676FE3372FB57F0AD8D70ED4AEBA3D4C2BE0AAF1C3AD63A6004D12900CFC481A47430C9EACB390038642C8C41B13303166
310
614210592736B8603AD4FAB17189DBB32F3915F0C380795A089A15228460BDE8E52203527D41B5470901B088D84FF8B3FE2BA7F4FD30ACAB3DE0B7E2FF95807AB0010FFDE3A048F7360F9F3FB9380EE537F16F8673131325D3351A3F664022020811A0FE8C019CA17370725CBFF64132025DA1BE2555102212E80A907FB43E
310
D80A991A8AAC183932C19AE17524B06590B6AD286EB99BAD18FF4BD64BAB519202F992A963648ED30E7521F909F090C0213E367A77D8836BEB6F34D92EDA624183070248351F1A079E5D3E7A9EE81F2CE6678F92E299EE312B6C0572C0A7B5EEE07853612403813152C7125E2022A20C18F855DBAFA399817FC97FB6E1CDCA
310
31D348434ACD0012F0D32A5456B4007E6E92D72B1A4E9971223A42C1042819E4049C0C5801300C0013FA48F8944FBAE71DAFC27F1826FA2304ECDF3F6C10FF47D5C7E49748DDD687DE8E91C09394EE0682A4F84CFD6067EEDF43E67EA46CB2F4070160439245F00343D03BF25D7E2F26FC400A896DBF19FB8D4D0A66DA669C
310
3D608F9CD048A0533621B25690EE19D5D15248E390F042B12C682511B02BFE3E5700E4C9A9B2107A8F45248FA48234FD23005ED1F4EFE80D1320836F04003BF42856D478D1DCA3ABEEE3C68F9F30C3A16E5C238EA5DE3FF37DACC2F8B7980033F47FAC34421EF0418A045394802CE032D61C70023D788136788613887C0011
310
A4EA316E005718AE191F8D0D841B9C679CD2FC478442D005429166F5A24403B1E6ACF3298F388B6D0BA933D92339D48969A5C11F09B4FF017A9900A4F887010C474717E10F36468032FF33F4AD610517777104CD920C3CD15FC5F3B3A0C75BBCA3B00F2724863C10BCD4A0E00736C7981F2F72E4B001438B99714FCFAF713A
310
2603BC710376A1715FC602022202E06FDEBBC680A3DF1C4C095A12C50B554FE7623B50374FB2129DDEA4C392C9188077658C87F55FF92FFA507FF03FC8DFD3F31BDAB46DD51AEB03F7E1B38B8B87CFF47EA1479C3EBAD5C6B382C221C0F1B358B39D76D9D3142C4A20935F541E492E0EF081BA41B3620A8E172B584EA14856
310
32E22A8221CEDAC6110AFA4B6D43E2B76A18AB240BB24337721C9321D2C033B2D3E2641A55A400A28403C12D1DADE39AD23FC5FC08C47A64DC3FF6DFF76B5235124022D7E6D6D5F3CB870F9F31C96FE477FAFE54100068A3A87FA5908A2C08011CF31309C10025B089FEF9C510522B8DC07C30AA469841723A10C08E27F00F
310
7FBC181C083F2809EC3B2B328E294AEAD5A071B3A95C81D2DE3F930372D022C9C793535B92FDAD5426E90490C3C81D000017C6494441544698C416520C1C40C71FC204B22448FD9303782FBA67089A1A7D4CE38E89050FEF5F1E078A4DCCFADA058032C34C1CBC2E1202B1F8962B1A8024F0EB7A11F209E96FB369D4B64202
310
FE7BA230AD24C46413536EAE955B341B726C593B5D4630C0BE822480908522B0D85430230352618DCD4F7BA6D568BF4343801480006658EA3EDCBFFA9702B4FDE9022163C43F9B72B58001A23FCE6F0B3FF0E4E1DDFB9801A6FC42FD0132CC1F2224F89933107AD30B6C9131A53818AE944BE25A70810821C38F098411980E
310
46D108F483DC63F49B91B852351604091D60546702F58A3872A1716411B642C7629C267E64E77719F46B0548FD6BFFFC86A38DBFADFCDF700228C124C8664FAA02BFB1F92B09800876FCE4F2D1C3FB4FD0A44E0106A8DB8079751CBF0BD9340066C3D52BC64706467C05B5A54401BE4A1B0132A55EAC1CCCB10D378A3DFEB9
310
812022327745EF2102886A9142C812A1A2C9708027BB55B7006357459F9C2080E0BC34489FC629510F3017B62D5073E2A2C64048A0A42580E413BA9E08274091A398EA80B5BF31C87BF5ECF8F1C5DDFB4F22AAC181F070AAFDDAE5650C4000516440D8806786D874215149E69ABEC43FF0EFC820FEA112B0522003C84BE03F
310
B76623513B6D840820358B084119B0CEC8C00AE888826339A54091F5FCA513AFE147975BB1A86FC50618D9D74502F0C7C8815AA306602FEE3A5E79E0D7DED1B221001118B73182CD439A092FF801105D1AA14E1918EC282F6260869D55108065988BD67F68E5581720A708051F7C8070F582389C682BE53F2AFD85853F2A01
310
3D21564028E06E79B7A71E43212180A81541EBC88F451E02385100491AB0C4A3BC5309A95911E66D04C0B448366988ECD204C2FC930F8CEE8FA410EE4C25B58DD1B6EBAD83F6196670F7DE635282C0A56A851AB035831725F0471A10FE52097089C80495804100318405F0DFC2136004B4C40705EC9154315129205EC35793
310
0035688F61AC02188250CFA9A980233925F16A117A48CA54DAB6400221976B75D863330942E20EE3B00B08FBB71AA813B0E502FD2B023DF70114E0D7DF2E2EEEDE7B789504200112075478F2FBD6897835C91F0C20782401E801A2F9142700B74805703426023A81CC0BE88B537D0003E0C5181D29EB8D83050964DD258091
310
0A1E7A8138F76253DC01DC2F3824391AD748276C0B0CDF12366625D038603D0003E0266CB42704C8CE7FA7F11B4D59C0BF454A78F8FCF1E50513715D469607031272358F04E0003C90107223A581218F10008B10247CD20D860FF0BF48801040B361808148714764028EAC137E871501EFDD97C89B52107FF1235B0928C562
310
530082573CE137840EFEF82A0BDC602736C595912FBEC69E6A3A26903B3A300C5A098A9E3F1810CDFFBA019D97B4E7A7A075850F2E92569BD960CA7B8304995FD006FC4213BB1448A6F4BFBB3A9F9FC4962D0A1369129B10073771FEDA38B1737B663A71C088D8848027FC3008DAC4E4397A6F76271DFFFCF77D6BD7F1F67D
310
A51E0E08875A6BAFBD6BD7AE52CC04A0B4A2206F650EC412841A48258258E8662C3838FBE21E25172C2A15A4F78D82DCF68A005DCF07047C183E1CE47731BBCCB5469D9169E0D588945BEB637E87802A03D88FB82486210D28FB3B858D13DC7CE75F5E6F3B03C1744D30CC58C7C7A256146853A05243060B850072A7010CA4
310
7CFBF9A1E24F414037B8781E8E9F219A774B36481CB43E48A79819D638C8760D672FAC19FB9D3FC5EA9158DBD0159C27860409682E8FF2595652FE189D2CC2D7C023E944158355806FC320087CC74116030CC376C559C098B93A041C5DDA48AF33827D2327DC761D19C17CC62780D82A170E6CE7415A5E7FE825E053048F88
310
D2AC2A561CA4D4C60098DA28EF1A01382772484698F60C8DD24BF396EA76260542810A625978C03580A9CAB91D10249BE579B0377A3DD15749A45F24C4D81FF3D7D7996F6A1690288008C0FF6CC186DA9D5FC95BB09B1301004B016E707FDFED306A1BE8FA208828F00BF342186839839F1F6FA338DC5A0200FF383DE92614
310
C03A4508DA18F4D85F9354F7E867AA77A42FF49BBE6757A1A7454448D0BFC3C220714FE43A3D8F1547BE10F0BC5A05985AC3C28829A06FE24CD062700601F4AF12AF99099B08E7071DC4626A97C920C3FF96E190C9D1FD7CB6163E800D79E5F3F10A9306C02B799E80F1AB380E0571A584C0370A220C3125000B500900D96F
310
EA40409F980E2083E4EDF4D8D2480AE5667222E020BCDAD4EF19682120818FE18EC7FD6AAD67C03F7DF1955E697456F517AC4F24700C30171C67E9168B109A4F60AFA60F98BE30941BF776DBC7C70792A2FBE98AAA97224F8BEA39B47BFD14A8CD03320DA2B676E3AA397E652E30A42CE2987B7DA1EF7F75242413800A04C0
310
270C62A13372400B435ACD84B8B5009208F5AC73EB149FFF3508E21C2201E0338BE07E50EB47E7FF6D97724A601028C5519073E7978EC88834410450E074DD58AD13A4900103A6444A9CB99103229F0EF8C0C78161EBC68137240734CDCFC349807851E0EB46CE864D2E405ED341B71A390CF2DE20CF5193189E1901E866D0
310
230409684B193D17E2928534D04240937D3C84477494FC5E0FE0B448E35AFC19007926C1C6A6E622FDB8A12E30993C6710E070397C4B26304C0AE38218D19F01FFB15BAE1C0E7E74DF75F2406E373C414E848FF8E500EFAF3C1029C9C0ADAB2313A7426CA9B2C1B9E30032C84EF31A09A88A386F136E8C2F1D582EA0459207
310
015F10F1F001F0B1B7DF7222011EA2001F00BFD36BAEE0850928B08C077030FE3806C880EAA74BCE0863A952812E6008B3A89199C1EE918AF96AF583F1A073B0A355B9D861AF1460DCFB3BFC6B7EFDC834B09700CBED3510E48DC7129041C991F06BA5006CA6B5B34EE21501374E8DFC910042036111EC9C7CFA1C05D48A72
310
70F7F835BF04A4194DA4CF76CEC66718C84CD020D04C412AC848F03E3C61A1C8D50D0EA6838A00376054D3DF61A0E393E1F8B058A6C994093476D601A4A06F0CFD3C0A6BFA910E75CC10400A80FDA93AC9B5EA4303F6C0D188B559086091CC5910137772E14F2376D03181B5CFE74C0EA38440D0AC256D6C4D104CE05302FC
310
C00B60B9CD4D71E08BD40C144A025E60D4C1F45FE846A2105D717EEA84808A5DD90A168E133640311CF05DD870768683F5D2F1800F485AEBE5CABD8FFA3C0BEB33702493AEB551B1EB035EF5C8E5757FA7832141F88E8578A363802B560007AF93D7D470B478C4D00B412D634C9140C4F9275C00DCE8DFE3C7F8C0AFBC5B2C
310
E82E3C3BDF393D4375D50C43CD1C17E3777CD2C170725B7B42B41DF15BFC344DAD089C1E9118522B4A2C60B794E4E8F33081BB7C8CFCEEA0B2015E49D586429C6C78646180B7710E06018A3082243C275F077FBE412C17DE80D3E6B9462C5204C5D980D1DF84A864401C483CD01B143F4A4868087A0F780F37230200A4FBF6
310
AED325114C367C22512750A5C7C3E32D545CE20A0904183BA10015DCAD89864B3E1EE97EBAE8B204266A48E010511838E2FE413FB116E60880C2D8440AC3880DDA6DF6618C138CF1CB2A09637E18D00F80CB0DC05322E31EADB8081C29410903F06BFCDF5AB46024E4A75828056440503C707856EF0C037623DD4922A400E8
310
A6BD75E4D2800905F18450A00CEE88860C8964C7B3F90F56528BA18F71CFBBBCD2D05797E168FC37DB26DBE0DD2EAEF39686C18440820013C1444055402A541400DD362A0A402F1FE51246404E098249FEE30708C10CA0B54601053159480C00BAA9B1223A773234FE72FD5C3BD81804D8D196FE3D5315A0C981D88D04FA01
310
DFC185CA93F9120E1F480B08063364A0A318F08DF95056E4C91F1150D31B011200383502E079EE43CC18603AE2F88FD139C802A739F208E88D06DC78267C448C27C4113C19B0F51B0E9C1C021CF8F9167C6B1F2E10E461002910105D1042792D1CA303F469714C018C23D72179E165049C40E801CB96CF334562E5807291D1
310
E0C70FE6CAD91656715F0E5C5E70F8D7F83290549B1BAA6F781D25180EBCA93EC84E72A74081CE3020789B3790E1A9E478E658C099BECFF01E530E80EC5FE31204ACFF70AF8177A03059240CD074978A002A878BF883FEEC81DD684E406CA630ACFDE87292822A11953710F000885D6F68A67ED40CD772B0828359B753F7CE
310
23D9479AB9845771B389D6A77130F8C134EFC83947392029B10E4425440A84AF0E54825228FC1634D369874739C837A9DDC83C20D320C36042610ECDFA750303710224D01202488012CA847424F8D53F78AB6BECE9B3B35A7F32396AC6B7444566327DBB4DF06FD9616744F4D3A397EB3B0A3FBA8D763702883ED742FE5CD2
310
4146D8E353ACCF811C806AE09914D8446E93840FF4D6C963FF32BFB6AB015D1D3B0C9A0968776F021F21404B6260CF84A14F35180CE20B5E85BDA2EC91FD5A7DBA7E5705F4F0F97AF26CE18E3BA078138202400A62930FA6CC7882F911A92F33E547E64990B0F27323D73B6222863F86425153FA8009361C675554C25382CE
310
148420C8DCC47A20122806CA178A0918C14CBD33440289078A00EC6070184CA9907FD0A1270478E0B325B67C2193694EDB7DD0F3C238447C8A11485562FB4902134E6AC952FD5320A4F7C780882DA9684285CD81D278C0E8FF8DEC9F45D22DC3C2CA99C2728110888799575B6834BF22B0F01EDE72D7F21B672C40F0A97299
310
9E2200B7C91403F9BB3D09C01990819238CBAE5E7510D7D57450507E3DB04AAA0A3C280064E0775380C8C16EEA4834346A04BF0CE847B4B3AF760D06D24BBB267C32E2C9257DE5EB748AD101AF1FD33265E2B674EED8C01A0AC901392211011AC810560F77778E85B13BAFE3E25C95B70919A4862C15928BD8989664AD8638
310
101D009A80F00BDC41AF27602A4BDA0C077E550048E7F1011410F01405045E1C140B4D0E70E0F6E034171C3D6FD12004FCC1FA304312518910356628A4A326EC9ADF5DFFD1B2C0399503F14B4F8E3E0E4E39A06ABCB56A8014687E86E462BDDE5124615ECDB412B7314F62E6E0C76ADEC0F717B360E741960104CF1706CFA1
310
8E0605004B01AE007869B095ED92144A807841EFF2811C047889A04901C809062057192688C92346F97F279449F89B113500BAD282D1DA80A55C27EFFE02C8D4F395003F285B617BBF0831F49B055342DDDD414378E8888E92C16789F269A27C9A221FAA4A0DFDDB9F935B2ECC04DC51481558A69301E0460B02665AC4DD30
310
C03D480866C3409400051811876014C0F294C542821AB045011A3E3F09001FF304E3A0BED05CC11A811B865001769507FC01ADC611F400CF68C7B093606E30F3C7E0F00C1D10C31951C1E2D7252181DA00345842A19130715C736EC9ECE686A712FDB31E4D3E50AB336E5666D7B212C0113C4A4406029709B43D0228F3FBAF
310
49921B19CA0C82A2D5BC4A2079809240F37D3E10F9637607C3983F0458508A98B8B4EFC92AC13530180CF55359500080061DF59B98BB3FEACEE881DC8127F182A885A86FB12B43C590A4380504E32305E3148BBEEB2D2782029765428092545BA5C2C681FC5F8E869C0EE1034A822FF09A12C94084505AA868080303473F81
310
61F7AA0A6610745E280BE4427FB770106F8800EADABA19F453210435BDB2348471B13B65F2FCB554827632C4C44467333E4127095D22092ED492009930413251B5408345065065E415266E20279A40B3F520370BE2050C8360E6BB4601C1673B9BFE007EF5200B6483CD195400A783E6DEA0653515B0FCE8E86D1618FC1EFC
310
15C2E727F24F2A2DAB57326D8D0877D4E298894E7A0C3C7D9CE8A0E2D17AA2020FA1097D6372F2A9F955060FDD467AD0426368C24A8340FD0D6687A76316DEF5179ED9042005A2BF02A5DD810A4DEFA4A8F700EFC50FF4FB8C06410F0303C106ADF8852ACC6A2CA9046E9ED070739339857222CC009E206479886EA26227BF
310
7A341A15C351A8404A6C10080A2140FA4B4E8D9B9A11645899332363FD69887F436A660566964250FD752E787B64BCF8E6C8190DF8EA0C854C062D8A5A1346F810414313E606ECA0AC3A01D6928544029D5F42E202C0CB386F880F7842A31287061F32F3CBE09F2950783394F2F2B23D85386C6F51943E99DD10C8A0000BA9
310
569A14805693274BD0E4F4DC3F28E331EEA91C4F33ABE057889BFB92819187840A08E57A276A8BFCB75B0342668C70C565C8059996D209C2800941A21FB82B2F520BC2E6FE6F1A8827043DE17000DACC8193E78BBB8DF1467978C06F6AFE986123E3A95272CAC122046F4C65C4B88FED2F1CD1D918F7CDBF8903BF1A90057D
310
42F4DC133AF804ACBB58446A0DB78806FC053FA1E45D0AF1112613CC0DD976C5E70AD3282F42725C0D02AC8588DE451B1C01ABF063E7748A3882F0DD484BB78D037F9812240EB88B6034C0AD53E5116D4C6D920C6A89F084E6D0598AD7EB6930CC7B293E27A666E5CDFE9A3FA52FEB3C97976FDAAE9A60008FCA6B33099CF9
310
880D35D419FC687D424378E3099441E110C5B3C6DC311E6653514A67A530D863326C4D8430E0C28024803B5B069B0E60C10EDB6DF087034171DF01F1F3404B27B1056D8C0E56E7CA6056E7798147BE4C2F01CED5987E413AC6A724876DE3F599E0601CE7B9CEF3BEB3671E12DCE8AF9631B8031D3F360B6955DC2342B2A0E4
310
632A00264C0DA002220CFEC3E10D9BADC8904D88DC51928593AA16C91DF6FFF82B3234404C7214D0F8608E0052283EFB2B0563F1D072936C4017706010BCF1B16CDE0C1FA9C777E44E1F5259B0C9BBC8794A82A6C182A3AF56B16921405351FDDC91B5BAAA617860E8D76C97C377FE701A4EB4378FA97C2C8E3CC8950886C6
310
FD93AF70A1F5F676B7ED16CBC56AF5D09110EEB8607CC08A795882358280DDB98AFFE7087C6EB593D62F041CDB4018935238E73F1098100D0C8769818F777057F64C703C6530E142FDF5C837AE1CF66C94C4887D3A3726AB990DEA248F73B5D32C8E04F6714B1E67C53FC52040252E605B322407CBF8C7F05453462A295ABF
310
4D95592DDD76AC23512E9A2DF964715C80DD752CA8E263AC36F02C3C28A133EB22AC8D099BDEFDE28C3E8FFEE3815D5D00C17C00511058354D62443C1A546280E43572A9C661A34FA5891F8E7570608C8DF21DF51DF9D2A84D4501F41B8CD4F4C9DEB2F901E810C0E4CEB6EC08DFB06341C864CF8D0EEE779A606545E1E64A
310
AF30A4324C20FDD3BD558BD966BA994FA915CD162B1978642AD01694E533EC190368A68234657085B5F88E27A0805E04B8BB6A00A51646EE3C10A50FF007FF410F1963CA69BE2002F0F902E701AEC995FD41F83A3F0C3809A3288A083003A6CC2A20E6D703EE48E3777AC07ADD51EB6101603A9FCF17B3D5928F6D742EE7E4
310
CF38AE2B03C5FB39C81D7B2978FAFE85AF3D2710B0582C970F0FEB0E4D1103B8BE2B4D560CA10002FC8F334C891C07B44FE06B2E3ACE5E1E2D1FC32203110ABF9CA0E8381F68EC3C06701328E5A38278A5FCD944CEA5283DA933DF2A2448BD23F1C5D8BE04CC2DC3B43B3EEC29F8B5FF926D11D3E97EBF7FA1BD1E5E5F5FE6
310
D3D972F548547783146ECD84873F377C5820F7F9FCE5E07378D6CBCB7E036DF7F7104079A05B77C6942D1BA95D47424BFC3DB6411009A42E207871B7EE9B06614BBD20F22F7523FB985F3F7068E37600273A3ED0C1CCC380F6EC4AF01CC1CF95E4848B7BF950AD14C44F10460221E02D21D01DAE800F323704C00035DFE97C
310
B37F797D3D1C0E4FBF35EE1E5E9E0E879FBF3DF6F474780A01FB3DAF01FE0C0798218007C2090A3008BA7682A338F4A8804A06CBFE6A80CEC766F49853F15B2F45FCEA3F8250012841315016E75E797EFEEC4ACA6C79F515CF1738F7C36E2406071051043817C9E8C5888D49D0332E800062FF54FA562BF7446CC0BFDFBF86
310
03D1FEFCC9F7FFB5A7F000430755C2D3F72F2D02A022820897ABDD44594475BDCCA4A10AF34C06B08B4AB58BBFAE30999DC66C7CE903A83CF8EB006EEEAA063430F84B05F0ECF644825F5E95073870E72A0771AB89B080022A0C5A9FAF34C89286257FB7BEA000EC65B59750C68E0815B0D9834B15606328F80709DE09018A
310
C2A7817F83F96DB3D562C10A0A31300230CD4200B87F85808BAF64D04600254047F9C14DE93464009E7F5AABB4FDD6D55142A2C0BF1541FCE19C20C899BF4F76AB54B84CB97F88F48ECC029FD253F0C70DF4816B9AC94BCBD653B1A283C4001A0337955E4AFED3FB790B6B1F5EA0B5514074103A38D84280EE0F5F9BE974EA
310
B2D16AB1EA969684B6E4166CA28264B300474C7308D20013B204A65F82970718D05678B3315D442E1C0A327E2F56556040C005D2FAB1326A68A07507C9E46A3648555A7080F5F50219A00E6222E3E0862CE95B5680930530742F1D041805E69B788161F015944D041182B861A2C17F3AF01CF5BFDF6C343F9171F5B004BF59
310
C016719164B888EA206A02AD05E8464D06B48E4381A0E9345FD171625AC22198F57C003BEA5510F81FF78D31C9B033D0030000000049454E44AE426082504B0304140006080800F8A0045D51464CB48900000043010000360000006662782F33464335413443452D313738342D343743452D424431342D4634463646434234
310
354137302F6469726563746F72792E786D6C9D8F310EC2300C45AF127987122606C71DD918B841D4B851A43646695A717C52A85029031293A5A76FBF6FACEF7DA7264E43906840EF0FA03836E242F406C6DCEE4EA06AC22492573150D1F66C60C640E8938CB705396EEDD86DE9B5042FE27813D640EA63BB001C722AF6E55C
310
B61E4863F58284D5D3F53DD715CE1C3985E63FD7F1B7EBDD617E9F1E504B0304140006080800F8A0045D5727B33E2A0700009F1B0000340000006662782F33464335413443452D313738342D343743452D424431342D4634463646434234354137302F6F626A656374732E786D6CDD59DB6EE33610FD15427D691FAC8B2D27
310
F642F1C2D7C2586477B1C6167D13689976D8E8064A4A9C7E7D8714298B8A6C2BE92E5034011285A1863367660E67C6DEC76314A227C2329AC4778663DA06227190EC687CB8338A7CDF1B19E8E304792C49F2DA3E03C5382277065F3626DE8125452A9776648F8BB0B9BA9AFD89B280C4C4404188B3ECCEC882071261131779
310
B223D9A3B9C339360FFBA3E998E5465DEC81E1F4A171548A1989735015D66390223570F43FC1246BE2597C83B6ADDF6DDBE0C2364B18AE2B4AE32CC771F04AAB869C7E37AD068EBB58F687E3DED075073DF7A6EFF466ABD9A2E7DC0EECF9CD7C3E9E2EC7069A78DB24092B07A424DE81175F8C89E359FC3F95F9128536BD83
310
248E4920D16CDBB023522E255913130D584798567348696B6D61D0D1F833DB3A81A2A9A4A1AD8C53BFEBD19B6CFF0210B22E51CA32C2A33CCB19F85A625FE683ED59E5AAE6179AA108E784511CA2906E1966E020D85A3A4813C3B3858B421C33E14525AFAE2B04F6F55C6AD3725F8421CF5F632232CD877C24792634A37F13
310
76D2BE7E1AE804D61634CE47D2D8FC25051163CF128BE5FF067DF9CF1248B40FF101A205CCE49B06FD065E73CE05EB8531F9B4DA1E379C1FDA0F4F59921296F3C813C92CF34E79B0165A107C1D402971D57D7742E51B40FF1990AF74411E788ED1A37B7495ED0CC7D93E61117807D9A867C30F1BF1C7574F9E55BD3C4148E3
310
CA739842DAFE204C3533B4B36B904EBC2708FA840DA4719B008710D3F734E6790E8182C2049680EFF7DBA331590399C222BC8543B01EBE3D8B3F22F855CA01BE6978A88D7E3B384A254C33CF4EBEFA1D6286D1A0729566E3397C873F04DFE962F36953B03D0EC8BD4CEC05D9D398E67099B62BA481AEA5FCF7F5679191AFEC
310
D1760570CE21E1C4D1E2978DF40B128E0155F83D5CBA46ACDC5348F730C431498A4CAEB71155908409F3B72F7E99C3AD67FDA182A03C0CF29B47402B99C1ED1E309A72508C8934AF6242F38413E741198087D2A9FE16078F1C5E3F00C67A8F1E10B59835851651EAE32829624EDFAFC3BB699A39B0C597E38CFBF6B83F1A0F
310
8732E041777180CA1F450E95FAFCA408A7678E996BFE92BCA1802C33C905BE6CB32180AAA9C8FD24C501CDDBA3A1614647957774BF2F32A0F556601A1A9B03675862A37EF6FBC87EC36AA5D4656BA5523E8DF081F87BCCEFC456FD34402BE1CA49AD481EC224CB684C3251D3BCE2BA068AB609D45146BA92DA12B634F32392
310
E3F744ACB8241B01CBC83EF4A1FACA79FD7B3D5E9582F2BE3D2791D77A49EC0BFB5FFC0C476958D675D73070FA8D135A71E54AF3239E203E7D9CFBF68E8832FD9AF48A4914BE9DA48FDF2DFE0C3C0CFF7478D411148A75B855AF7BD63187CE987F8D80866E86CEE0E6B672C535B4D46139AF5BC2022AADE0C57F26F4F0D08D
310
0495CB2F9E939170EFD3302C22BFBC43721241D986F38275CAD81B6093E64192191A29513B694F4328AA3BD3ACA85754C502878982E51CCDD68E01A3680C7D5D27435E59D11AC4C217A287E5ADDA75FFBF5DEABF66CC7A6FF3485E9E13B66BD5542F3D54D5A68A0C4E98F24EACDC2B244FBC7AFA45A2D9B98E83AB8448862B
310
3B0B19218C3C513ECC105D536BCF913DE33C002ADD88DFBD1964C48EEC4E7588264E8E468C091CAAA4A9DAB6DE1D01DDF10B442BD6D69C5223985060CEB4F7FC21FC86C1D5502D6696AC84AC727DCDAF36138631273D2EC8FAF2FBA62105563ABFFD9563449E1B12E4EA9C177F17447D5F9F6ADC860469D1F7F585D7F38722
310
DAC698F2BB918705DEA51F3E8AFEF3CE82E6C21AACE6C3A93B5FC28063E4F6DC5B789A2D1CB7B7725737ABF9CC1D4E6F6D8B912C29584032AB6FD9BEAAB6D2F8A002A384AE4B17029388EBEDA28AE7A683FFC75D48986CF1B958FC794D8816F25DFB86566EDDBEADC8775E716BFBBDF396F2F84D370DF087BAA2BBD70355B8
310
CB2E4483EFA7D0B5C68DAD54ABED68634F4D493EFA69217CD55C0A8A183BD3F1723A9FF7E6A3A5DD73EDE5AC375EB8CBDE7CB8B29DC1CC1E0DFACB0A0979AD74A5E8FF041D29656B532C18C666494861264E76E840126827A0E9EF40552C22996813E02E9537A21AC87778FBA91C69E6781BAAB783070C73E1505E6E450033
310
4928E1EF0CB98E7E8129241F048AD990F9081C2E33C74005A3770684404E81AACD2D4C93C4EC4E486F4C0BC16D383EF006A47CABFAFBF41A470762E56457B5A70B2ED2322D3AA1334FC5981E3A4575B7BFDF74A50EC2393C6E8BBC32E6B470B24682A0E6F1A57130747B94F01E81102EDBE598628F0649A7C1F8C53828A5F6
310
72CC0E62BA5DC37BBAF86AF1C1F4FA0B4AC3E2C0DD79E9EAD424F5F8951D16E50CC883C09066A69837B5F30FD65796C0273C115A510802F4EB7174F39B354FA22889CB256B2A3F27429B07F8D46767A9891BD400767F608912424ED5616C941113EFB2475800D732CA479325C45A0054F4540B00E511EE0B784DDBBF5E2049
310
CEB56AB05E057278C4481D4122F18F5278DAD437D4E67F900BA0553926AD1ED48267F1F1FFE41F504B0304140006080800F8A0045DBA4A6BB8E1000000550100003C0000006662782F33464335413443452D313738342D343743452D424431342D4634463646434234354137302F7265736F75726365732F322F636E782E78
310
6D6C4D90DD6A032110855F65117AB96A96D02EC1352FD1ABDC04AB132B5167F1A7A46F5F4D2DF46A86733E8633479C1FC14F5F90B2C3B89103E56482A8D1B8683752CB6D5EC974962221967F1899A20AB0912E13296CC2BA0FC9C04D55DF55EFE27D88FC6A214272FABA474B26ED55CE1BC9FA1382A2AA163490EFD4A8A2E8
310
8126C858938676A2B800E3844EA00A182217BEBCCE7C9DF9F17DE127FE763AAE17C13A29C507A21FBC8B0512EE2F0BD7D8D6D81271C13A20454D6E50FD8D66FCC5A32D9E60CD962297D43A1858F9DE1BE682B2C09EC8AF2B05EB4FB6F16CA0CD5E88FC01504B0304140006080800F8A0045DFF15A4A45D000000800000003A
310
0000006662782F33464335413443452D313738342D343743452D424431342D4634463646434234354137302F7265736F75726365732F636E782E786D6C4D8B3B0E80201005AF42B6F75B59F0390B113044D83508C6E30BC6C26AF226F3B8BA6360974DA7271430F523308B2B198F9B80925DB700539227A2FCCB80A18E5640
310
D320F996A81C9F32D6E9129A0D1EF74FCE750E6D57BC7165FBCA07504B0304140006080800F8A0045D8785CDD24201000056050000300000006662782F33464335413443452D313738342D343743452D424431342D4634463646434234354137302F636E782E786D6CCD94C16A032110865F65117A5CD72CA10DC135D0439F
310
A087D29BEB4EB626AE2E3A5B9AB7AFA6266929A13D04929B8C9FF0FF33BFC3571F8329DEC107ED6C4366949102AC729DB67D43265C970B52AC04F7CEE1378C14560ED090542682F7DE4D632E75B096934955A3ED361725A2D7ED841048A18C0CA12141BDC120A99CD07510B6B49328E98C7A086EF20AE27BD403E4F7CA8344
310
E888A8597D5FB245C9E6CF355BB287E57CF1CAAB440ADE3A6732AF2D8277E35DCD948B471BE5305E2540F0C9EB4C250F449CB4D1565B5EC57BC143D46BFBCCE16E4CDC381AAD24C646554E216019219003AFBE60C1ABE4F887EFA7C797938678EAB40785CEEFAED686D9B9361CA5D19888FF75610FFE65DEB59B68F97A733F
310
6B380BBB98DD4372438CEEEF24C43C49DB9B5BFC00476997CF7F5C2CA8D52D9A3E28BB90E76ABF02E3E0D346149F504B0304140006080800F8A0045DC7640DFB7E000000A30000000B0000006662782F636E782E786D6C4D8C410E83201444AF42FE9E56E3B7B8008CD2720F53D1902234549A1EBFD0B8E8EA4D5E6686F79F
310
CD91B7892F1BBC80FA540131FE1E66EB5701695F6807A4973C86B0FFD580F86933028A06C9D718D2F350B359A6E48A75D63F0ED968D50EA86EB4661D5264398DD71AA9467DD16AC47660555E9CCB24E3F79759EEE517504B0304140006080800F8A0045DA6D797065F0000008200000007000000636E782E786D6C4DCB3B0E
310
80201045D1AD90E9FD7516806B51190811670C8A61F982B1B0BAC9C97B72CA7B1037C6D3332918DA1E04D2CAC69353902EDB8C20262D23F3F59B81A079470595414B17391D1F19B4730A5583A7ED43BBE4025D9592775E5ADFFA01504B0304140006080800F8A0045DECFD112DA800000026010000130000005B436F6E7465
310
6E745F54797065735D2E786D6C7D4F4B0EC22010BD0A61DF525D18634ABB506FE00510A79458060253536F2FD89D5197F3FED3F68B9BD80362B21E25DFD40D6780DADF2C1AC9671AAA3D677DD75E9E0112CB5A4C928F44E12044D22338956A1F003333F8E814E5331A1194BE2B0362DB343BA13D122055543278D79E6050F3
310
44ECBC6478EDCD76CE8EABAE5449AE4298AC56946789C28AAFBEABC53F3EAF09A84A1441B91F0101CD4780756578C173A578FFDDBD00504B0304140006080800F8A0045D3DEE336E64000000790000001B0000006175746F6465736B2D64657369676E2D7061636B6167652E786D6C35CBC10E83200C00D05F21DCA56CA76D
310
41FC96062B120735B69A7DBE268BB7777961F8D5AF396893C2ADB70FE7ADA196782C2DF776D7A97B5933C430F15651E5469C55D70F80A4992A3ADC954792C525AE70A1E4D6AD9816CC044FEFDF01FE3FDE907802504B0304140006080800F8A0045DCA8F028DF50000008E0100003D0000006662782F33464335413443452D
310
313738342D343743452D424431342D4634463646434234354137302F7265736F75726365732F322F636F72652E786D6C8550CB6E833010FC15B47783791848641C8536FD829E7AB38C43AC041BF951F5F36B072AB5A79E76353B33BB3BF4F4B53CB24F699D327A8032C790492DCCA4F43C40F057D4437662D41AE37FD120D3
310
7C91032418189DAD09EB0E09A3BDD409D566923BC89D931E32F188CD004EDCE4C2731E7C64B87BBE7271E7B3CCCB7CE3311A829A76A99AA29BBA2A6981D5EDE1A56D4889C6AE2B5173BE1CD0B925185DC6B7F195105291B6A6451233EAD5F2B35D58C9BD9C8055B86A11EE116EDE2B7CC4DDB1E93F6891988C3A6FE3CFFBD2
310
F45DA4D36243FFB88575FADF2D28EDEB6A77DB140E58198F7B0E182D523AB13CA38B3525C9BE01504B0304140006080800F8A0045D1C5EFB00FA000000960100003B0000006662782F33464335413443452D313738342D343743452D424431342D4634463646434234354137302F7265736F75726365732F636F72652E786D
310
6C8550CB6E833010FC15B47783211848641C256DFA053DF566990DB112ECC88FAA9F5F3BA1527BEA6957B333B3BBC3F75FCBADF844E7B53523D42585028DB29336F308319CC900C55E70676DF84583C2C80547C830083E3B1BEF2BA4AC0968326AEC842B28BDC70085BAA56604AF2EB8C852C69018FE5ADEA5BACA19CBBA7C
310
F2048F514FAB544FC94D9F353A109B6EFBD2B5AC26C7BEAF497B386DC9A163949C8E6FC757C658C3BA0DAFB258F0A0979FEDCAA10C38816868D3113A10DABE377447FB5D3B7CF02A3305F7C1A59FD7A5F93B100EBD8D4EA1E7D573FAC735DEA7FF5DA33661D3ACAE4F850751A7231F03C1AB9C522A8F0853CD898A6F504B03
310
04140006080800F8A0045DE87F8566F2000000B1010000310000006662782F33464335413443452D313738342D343743452D424431342D4634463646434234354137302F636F72652E786D6C8D50CB6EC32010FC156BEFD8D821B11561A2C4ADBFA0A7DE10100725068B47D5CF2FC4AED4DE72DAD530C3CC0E3D7DCF8FE24B
310
39AFADE9A12E3114CA082BB5997A88E18A3A284E8C3A6BC31F1A1486CFAA870C03A393B371D920614D5026A3C64AB581DC7B15A0108FB4F4E0C54DCDBCE4312486BF970B17773EA9B22E571EA341CFBF52E1140F4A026B707340B843987C34F888DB23E93E6995998CC6A8E566A56572D757AD1CB0DD38ECCF64784775DB11
310
44DAB45DDE6A8246321EC6E142F6E716D32A8B19F5C1A59BB74FF275AFCA57E1BFCC71912F64D626EC9ACD7055786075CAF37C60B4CA05A6F16C37CD5C36FB01504B0304140006080800F8A0045DAC53AD3755010000DD0200000C0000006662782F636F72652E786D6C8D52DB8E832014FC15C33B8A56ED2548D3EE76BF60
310
9FF68D22B5A40A06C1F4F317BCC4F561BB1B132473CE993933011F9F4D1DF45C7742C902C4210201974C95425605B0E60677203812AC95323FDA402069C30BE0614070A5956D27882969B8F4A854259F40DA75DC8080D5EE52808EDD7943436A8DEBE81E614BD983563C8CC3B18F606B45398D8AD2B1899BE01A904DBE7FCB
310
D32C86E7ED3686E9E9B287A73C43F072FE38BF67599664F906477E9860239A599D694E0D2F0149509243B48328FD4CD0016D0FE9EE0B47BE93E0CE68E77912F5EE00B95D9F381AF1159F6DCBBFF9AC9066934C7CE3440748ECD61B0A04473E1FF71BC25B67E8845D7E865EEBD9C2C3413D6746E9D4554A6597524F6BCB1D35
310
0A860F4763D5310F04BFF1242F785E73B8A0A8ACDC6AD4B8EBD51AAFBEDEA9E51AF6E61948A51B5A2FCB8D2B2EE722B4B2348F33552BFD9FE9D9EA1C66E41F26F906504B0304140006080800F8A0045D7FD8B42008010000B201000008000000636F72652E786D6C8D50CB6EC32010FC15B4776CFC76224C14B7E917F4D41B
310
35C445B1C1021CB57F5F885DA9BDF5B468667667187AFA9C277497D629A33BC8120248EAC108A5C70E567FC52DA013A3D618FF4B0648F3597610616074B4665D766830DA4B1D516D84DC41EE9CF48086293C3A70C3879C79C2571F14EE962C7CB8F1512659B2E918F56AFE591DACE45E0A6039C96B4C5A4CCAD79C1C49732C
310
DB379A4625A3EBAAC46EA544705757252DB0A23E3CD56595E1BE69325C9E2F077CAE2B822FFD4BFF5C55555ED5054DE332A3CEDBF0E7FD48C8E991E3F7E84BD38D62F4DD986917845002193D7D0123348DC49FD0EB22FE115A695FE4FBC16DC301CB42A007118C6383613CEA0D33B6CDBE01504B01021400140006080800F8
310
A0045D0000000000000000000000003700000000000000000000000000000000006662782F33464335413443452D313738342D343743452D424431342D4634463646434234354137302F617474726962757465732E62696E504B01021400140006080800F8A0045D0000000000000000000000003500000000000000000000
310
000000550000006662782F33464335413443452D313738342D343743452D424431342D4634463646434234354137302F76657274696365732E62696E504B01021400140006080800F8A0045DF270F13306000000040000003600000000000000000000000000A80000006662782F33464335413443452D313738342D343743
310
452D424431342D4634463646434234354137302F747269616E676C65732E62696E504B01021400140006080800F8A0045DB5A795FFE3790000DE7900004200000000000000000000000000020100006662782F33464335413443452D313738342D343743452D424431342D4634463646434234354137302F7265736F757263
310
65732F322F305F67656E657269632E706E67504B01021400140006080800F8A0045D51464CB489000000430100003600000000000000000000000000457B00006662782F33464335413443452D313738342D343743452D424431342D4634463646434234354137302F6469726563746F72792E786D6C504B01021400140006
310
080800F8A0045D5727B33E2A0700009F1B00003400000000000000000000000000227C00006662782F33464335413443452D313738342D343743452D424431342D4634463646434234354137302F6F626A656374732E786D6C504B01021400140006080800F8A0045DBA4A6BB8E1000000550100003C000000000000000000
310
000000009E8300006662782F33464335413443452D313738342D343743452D424431342D4634463646434234354137302F7265736F75726365732F322F636E782E786D6C504B01021400140006080800F8A0045DFF15A4A45D000000800000003A00000000000000000000000000D98400006662782F33464335413443452D
310
313738342D343743452D424431342D4634463646434234354137302F7265736F75726365732F636E782E786D6C504B01021400140006080800F8A0045D8785CDD2420100005605000030000000000000000000000000008E8500006662782F33464335413443452D313738342D343743452D424431342D4634463646434234
310
354137302F636E782E786D6C504B01021400140006080800F8A0045DC7640DFB7E000000A30000000B000000000000000000000000001E8700006662782F636E782E786D6C504B01021400140006080800F8A0045DA6D797065F000000820000000700000000000000000000000000C5870000636E782E786D6C504B010214
310
00140006080800F8A0045DECFD112DA8000000260100001300000000000000000000000000498800005B436F6E74656E745F54797065735D2E786D6C504B01021400140006080800F8A0045D3DEE336E64000000790000001B00000000000000000000000000228900006175746F6465736B2D64657369676E2D7061636B61
310
67652E786D6C504B01021400140006080800F8A0045DCA8F028DF50000008E0100003D00000000000000000000000000BF8900006662782F33464335413443452D313738342D343743452D424431342D4634463646434234354137302F7265736F75726365732F322F636F72652E786D6C504B01021400140006080800F8A0
310
045D1C5EFB00FA000000960100003B000000000000000000000000000F8B00006662782F33464335413443452D313738342D343743452D424431342D4634463646434234354137302F7265736F75726365732F636F72652E786D6C504B01021400140006080800F8A0045DE87F8566F2000000B10100003100000000000000
310
000000000000628C00006662782F33464335413443452D313738342D343743452D424431342D4634463646434234354137302F636F72652E786D6C504B01021400140006080800F8A0045DAC53AD3755010000DD0200000C00000000000000000000000000A38D00006662782F636F72652E786D6C504B0102140014000608
310
0800F8A0045D7FD8B42008010000B20100000800000000000000000000000000228F0000636F72652E786D6C504B050600000000120012002D060000509000000000
  0
CELLSTYLEMAP
  5
421
102
{ACAD_REACTORS
330
420
102
}
330
420
100
AcDbCellStyleMap
 90
        3
300
CELLSTYLE
  1
TABLEFORMAT_BEGIN
 90
        5
170
     1
 91
        0
 92
    32768
 62
   257
 93
        1
300
CONTENTFORMAT
  1
CONTENTFORMAT_BEGIN
 90
        0
 91
        0
 92
      512
 93
        0
300

 40
0.0
140
1.0
 94
        5
 62
     0
340
29
144
6.0
309
CONTENTFORMAT_END
171
     1
301
MARGIN
  1
CELLMARGIN_BEGIN
 40
1.5
 40
1.5
 40
1.5
 40
1.5
 40
4.5
 40
4.5
309
CELLMARGIN_END
 94
        6
 95
        1
302
GRIDFORMAT
  1
GRIDFORMAT_BEGIN
 90
        0
 91
        1
 62
     0
 92
       -2
340
0
 93
        0
 40
1.125
309
GRIDFORMAT_END
 95
        2
302
GRIDFORMAT
  1
GRIDFORMAT_BEGIN
 90
        0
 91
        1
 62
     0
 92
       -2
340
0
 93
        0
 40
1.125
309
GRIDFORMAT_END
 95
        4
302
GRIDFORMAT
  1
GRIDFORMAT_BEGIN
 90
        0
 91
        1
 62
     0
 92
       -2
340
0
 93
        0
 40
1.125
309
GRIDFORMAT_END
 95
        8
302
GRIDFORMAT
  1
GRIDFORMAT_BEGIN
 90
        0
 91
        1
 62
     0
 92
       -2
340
0
 93
        0
 40
1.125
309
GRIDFORMAT_END
 95
       16
302
GRIDFORMAT
  1
GRIDFORMAT_BEGIN
 90
        0
 91
        1
 62
     0
 92
       -2
340
0
 93
        0
 40
1.125
309
GRIDFORMAT_END
 95
       32
302
GRIDFORMAT
  1
GRIDFORMAT_BEGIN
 90
        0
 91
        1
 62
     0
 92
       -2
340
0
 93
        0
 40
1.125
309
GRIDFORMAT_END
309
TABLEFORMAT_END
  1
CELLSTYLE_BEGIN
 90
        1
 91
        1
300
_TITLE
309
CELLSTYLE_END
300
CELLSTYLE
  1
TABLEFORMAT_BEGIN
 90
        5
170
     1
 91
        0
 92
        0
 62
   257
 93
        1
300
CONTENTFORMAT
  1
CONTENTFORMAT_BEGIN
 90
        0
 91
        0
 92
      512
 93
        0
300

 40
0.0
140
1.0
 94
        5
 62
     0
340
29
144
4.5
309
CONTENTFORMAT_END
171
     1
301
MARGIN
  1
CELLMARGIN_BEGIN
 40
1.5
 40
1.5
 40
1.5
 40
1.5
 40
4.5
 40
4.5
309
CELLMARGIN_END
 94
        6
 95
        1
302
GRIDFORMAT
  1
GRIDFORMAT_BEGIN
 90
        0
 91
        1
 62
     0
 92
       -2
340
0
 93
        0
 40
1.125
309
GRIDFORMAT_END
 95
        2
302
GRIDFORMAT
  1
GRIDFORMAT_BEGIN
 90
        0
 91
        1
 62
     0
 92
       -2
340
0
 93
        0
 40
1.125
309
GRIDFORMAT_END
 95
        4
302
GRIDFORMAT
  1
GRIDFORMAT_BEGIN
 90
        0
 91
        1
 62
     0
 92
       -2
340
0
 93
        0
 40
1.125
309
GRIDFORMAT_END
 95
        8
302
GRIDFORMAT
  1
GRIDFORMAT_BEGIN
 90
        0
 91
        1
 62
     0
 92
       -2
340
0
 93
        0
 40
1.125
309
GRIDFORMAT_END
 95
       16
302
GRIDFORMAT
  1
GRIDFORMAT_BEGIN
 90
        0
 91
        1
 62
     0
 92
       -2
340
0
 93
        0
 40
1.125
309
GRIDFORMAT_END
 95
       32
302
GRIDFORMAT
  1
GRIDFORMAT_BEGIN
 90
        0
 91
        1
 62
     0
 92
       -2
340
0
 93
        0
 40
1.125
309
GRIDFORMAT_END
309
TABLEFORMAT_END
  1
CELLSTYLE_BEGIN
 90
        2
 91
        1
300
_HEADER
309
CELLSTYLE_END
300
CELLSTYLE
  1
TABLEFORMAT_BEGIN
 90
        5
170
     1
 91
        0
 92
        0
 62
   257
 93
        1
300
CONTENTFORMAT
  1
CONTENTFORMAT_BEGIN
 90
        0
 91
        0
 92
      512
 93
        0
300

 40
0.0
140
1.0
 94
        2
 62
     0
340
29
144
4.5
309
CONTENTFORMAT_END
171
     1
301
MARGIN
  1
CELLMARGIN_BEGIN
 40
1.5
 40
1.5
 40
1.5
 40
1.5
 40
4.5
 40
4.5
309
CELLMARGIN_END
 94
        6
 95
        1
302
GRIDFORMAT
  1
GRIDFORMAT_BEGIN
 90
        0
 91
        1
 62
     0
 92
       -2
340
0
 93
        0
 40
1.125
309
GRIDFORMAT_END
 95
        2
302
GRIDFORMAT
  1
GRIDFORMAT_BEGIN
 90
        0
 91
        1
 62
     0
 92
       -2
340
0
 93
        0
 40
1.125
309
GRIDFORMAT_END
 95
        4
302
GRIDFORMAT
  1
GRIDFORMAT_BEGIN
 90
        0
 91
        1
 62
     0
 92
       -2
340
0
 93
        0
 40
1.125
309
GRIDFORMAT_END
 95
        8
302
GRIDFORMAT
  1
GRIDFORMAT_BEGIN
 90
        0
 91
        1
 62
     0
 92
       -2
340
0
 93
        0
 40
1.125
309
GRIDFORMAT_END
 95
       16
302
GRIDFORMAT
  1
GRIDFORMAT_BEGIN
 90
        0
 91
        1
 62
     0
 92
       -2
340
0
 93
        0
 40
1.125
309
GRIDFORMAT_END
 95
       32
302
GRIDFORMAT
  1
GRIDFORMAT_BEGIN
 90
        0
 91
        1
 62
     0
 92
       -2
340
0
 93
        0
 40
1.125
309
GRIDFORMAT_END
309
TABLEFORMAT_END
  1
CELLSTYLE_BEGIN
 90
        3
 91
        2
300
_DATA
309
CELLSTYLE_END
  0
ENDSEC
  0
EOF
