  0
SECTION
  2
HEADER
  9
$ACADVER
  1
AC1027
  9
$ACADMAINTVER
 70
105
  9
$DWGCODEPAGE
  3
ANSI_1252
  9
$LASTSAVEDBY
  1
ezdxf
  9
$REQUIREDVERSIONS
160
0
  9
$INSBASE
 10
0.0
 20
0.0
 30
0.0
  9
$EXTMIN
 10
1e+20
 20
1e+20
 30
1e+20
  9
$EXTMAX
 10
-1e+20
 20
-1e+20
 30
-1e+20
  9
$LIMMIN
 10
0.0
 20
0.0
  9
$LIMMAX
 10
420.0
 20
297.0
  9
$ORTHOMODE
 70
0
  9
$REGENMODE
 70
1
  9
$FILLMODE
 70
1
  9
$QTEXTMODE
 70
0
  9
$MIRRTEXT
 70
1
  9
$LTSCALE
 40
1.0
  9
$ATTMODE
 70
1
  9
$TEXTSIZE
 40
2.5
  9
$TRACEWID
 40
1.0
  9
$TEXTSTYLE
  7
Standard
  9
$CLAYER
  8
0
  9
$CELTYPE
  6
ByLayer
  9
$CECOLOR
 62
256
  9
$CELTSCALE
 40
1.0
  9
$DISPSILH
 70
0
  9
$DIMSCALE
 40
1.0
  9
$DIMASZ
 40
2.5
  9
$DIMEXO
 40
0.625
  9
$DIMDLI
 40
3.75
  9
$DIMRND
 40
0.0
  9
$DIMDLE
 40
0.0
  9
$DIMEXE
 40
1.25
  9
$DIMTP
 40
0.0
  9
$DIMTM
 40
0.0
  9
$DIMTXT
 40
2.5
  9
$DIMCEN
 40
2.5
  9
$DIMTSZ
 40
0.0
  9
$DIMTOL
 70
0
  9
$DIMLIM
 70
0
  9
$DIMTIH
 70
0
  9
$DIMTOH
 70
0
  9
$DIMSE1
 70
0
  9
$DIMSE2
 70
0
  9
$DIMTAD
 70
1
  9
$DIMZIN
 70
8
  9
$DIMBLK
  1

  9
$DIMASO
 70
1
  9
$DIMSHO
 70
1
  9
$DIMPOST
  1

  9
$DIMAPOST
  1

  9
$DIMALT
 70
0
  9
$DIMALTD
 70
3
  9
$DIMALTF
 40
0.03937007874
  9
$DIMLFAC
 40
1.0
  9
$DIMTOFL
 70
1
  9
$DIMTVP
 40
0.0
  9
$DIMTIX
 70
0
  9
$DIMSOXD
 70
0
  9
$DIMSAH
 70
0
  9
$DIMBLK1
  1

  9
$DIMBLK2
  1

  9
$DIMSTYLE
  2
ISO-25
  9
$DIMCLRD
 70
0
  9
$DIMCLRE
 70
0
  9
$DIMCLRT
 70
0
  9
$DIMTFAC
 40
1.0
  9
$DIMGAP
 40
0.625
  9
$DIMJUST
 70
0
  9
$DIMSD1
 70
0
  9
$DIMSD2
 70
0
  9
$DIMTOLJ
 70
0
  9
$DIMTZIN
 70
8
  9
$DIMALTZ
 70
0
  9
$DIMALTTZ
 70
0
  9
$DIMUPT
 70
0
  9
$DIMDEC
 70
2
  9
$DIMTDEC
 70
2
  9
$DIMALTU
 70
2
  9
$DIMALTTD
 70
3
  9
$DIMTXSTY
  7
Standard
  9
$DIMAUNIT
 70
0
  9
$DIMADEC
 70
0
  9
$DIMALTRND
 40
0.0
  9
$DIMAZIN
 70
0
  9
$DIMDSEP
 70
44
  9
$DIMATFIT
 70
3
  9
$DIMFRAC
 70
0
  9
$DIMLDRBLK
  1

  9
$DIMLUNIT
 70
2
  9
$DIMLWD
 70
-2
  9
$DIMLWE
 70
-2
  9
$DIMTMOVE
 70
0
  9
$DIMFXL
 40
1.0
  9
$DIMFXLON
 70
0
  9
$DIMJOGANG
 40
0.785398163397
  9
$DIMTFILL
 70
0
  9
$DIMTFILLCLR
 70
0
  9
$DIMARCSYM
 70
0
  9
$DIMLTYPE
  6

  9
$DIMLTEX1
  6

  9
$DIMLTEX2
  6

  9
$DIMTXTDIRECTION
 70
0
  9
$LUNITS
 70
2
  9
$LUPREC
 70
4
  9
$SKETCHINC
 40
1.0
  9
$FILLETRAD
 40
10.0
  9
$AUNITS
 70
0
  9
$AUPREC
 70
2
  9
$MENU
  1
.
  9
$ELEVATION
 40
0.0
  9
$PELEVATION
 40
0.0
  9
$THICKNESS
 40
0.0
  9
$LIMCHECK
 70
0
  9
$CHAMFERA
 40
0.0
  9
$CHAMFERB
 40
0.0
  9
$CHAMFERC
 40
0.0
  9
$CHAMFERD
 40
0.0
  9
$SKPOLY
 70
0
  9
$TDCREATE
 40
2461256.943587963
  9
$TDUCREATE
 40
2458532.153996898
  9
$TDUPDATE
 40
2461256.943587963
  9
$TDUUPDATE
 40
2458532.1544311
  9
$TDINDWG
 40
0.0
  9
$TDUSRTIMER
 40
0.0
  9
$USRTIMER
 70
1
  9
$ANGBASE
 50
0.0
  9
$ANGDIR
 70
0
  9
$PDMODE
 70
0
  9
$PDSIZE
 40
0.0
  9
$PLINEWID
 40
0.0
  9
$SPLFRAME
 70
0
  9
$SPLINETYPE
 70
6
  9
$SPLINESEGS
 70
8
  9
$HANDSEED
  5
3C8
  9
$SURFTAB1
 70
6
  9
$SURFTAB2
 70
6
  9
$SURFTYPE
 70
6
  9
$SURFU
 70
6
  9
$SURFV
 70
6
  9
$UCSBASE
  2

  9
$UCSNAME
  2

  9
$UCSORG
 10
0.0
 20
0.0
 30
0.0
  9
$UCSXDIR
 10
1.0
 20
0.0
 30
0.0
  9
$UCSYDIR
 10
0.0
 20
1.0
 30
0.0
  9
$UCSORTHOREF
  2

  9
$UCSORTHOVIEW
 70
0
  9
$UCSORGTOP
 10
0.0
 20
0.0
 30
0.0
  9
$UCSORGBOTTOM
 10
0.0
 20
0.0
 30
0.0
  9
$UCSORGLEFT
 10
0.0
 20
0.0
 30
0.0
  9
$UCSORGRIGHT
 10
0.0
 20
0.0
 30
0.0
  9
$UCSORGFRONT
 10
0.0
 20
0.0
 30
0.0
  9
$UCSORGBACK
 10
0.0
 20
0.0
 30
0.0
  9
$PUCSBASE
  2

  9
$PUCSNAME
  2

  9
$PUCSORG
 10
0.0
 20
0.0
 30
0.0
  9
$PUCSXDIR
 10
1.0
 20
0.0
 30
0.0
  9
$PUCSYDIR
 10
0.0
 20
1.0
 30
0.0
  9
$PUCSORTHOREF
  2

  9
$PUCSORTHOVIEW
 70
0
  9
$PUCSORGTOP
 10
0.0
 20
0.0
 30
0.0
  9
$PUCSORGBOTTOM
 10
0.0
 20
0.0
 30
0.0
  9
$PUCSORGLEFT
 10
0.0
 20
0.0
 30
0.0
  9
$PUCSORGRIGHT
 10
0.0
 20
0.0
 30
0.0
  9
$PUCSORGFRONT
 10
0.0
 20
0.0
 30
0.0
  9
$PUCSORGBACK
 10
0.0
 20
0.0
 30
0.0
  9
$USERI1
 70
0
  9
$USERI2
 70
0
  9
$USERI3
 70
0
  9
$USERI4
 70
0
  9
$USERI5
 70
0
  9
$USERR1
 40
0.0
  9
$USERR2
 40
0.0
  9
$USERR3
 40
0.0
  9
$USERR4
 40
0.0
  9
$USERR5
 40
0.0
  9
$WORLDVIEW
 70
1
  9
$SHADEDGE
 70
3
  9
$SHADEDIF
 70
70
  9
$TILEMODE
 70
1
  9
$MAXACTVP
 70
64
  9
$PINSBASE
 10
0.0
 20
0.0
 30
0.0
  9
$PLIMCHECK
 70
0
  9
$PEXTMIN
 10
1e+20
 20
1e+20
 30
1e+20
  9
$PEXTMAX
 10
-1e+20
 20
-1e+20
 30
-1e+20
  9
$PLIMMIN
 10
0.0
 20
0.0
  9
$PLIMMAX
 10
420.0
 20
297.0
  9
$UNITMODE
 70
0
  9
$VISRETAIN
 70
1
  9
$PLINEGEN
 70
0
  9
$PSLTSCALE
 70
1
  9
$TREEDEPTH
 70
3020
  9
$CMLSTYLE
  2
Standard
  9
$CMLJUST
 70
0
  9
$CMLSCALE
 40
20.0
  9
$PROXYGRAPHICS
 70
1
  9
$MEASUREMENT
 70
1
  9
$CELWEIGHT
370
-1
  9
$ENDCAPS
280
0
  9
$JOINSTYLE
280
0
  9
$LWDISPLAY
290
0
  9
$INSUNITS
 70
4
  9
$HYPERLINKBASE
  1

  9
$STYLESHEET
  1

  9
$XEDIT
290
1
  9
$CEPSNTYPE
380
0
  9
$PSTYLEMODE
290
1
  9
$FINGERPRINTGUID
  2
{9663F440-9FC0-4B47-B228-44B3596E6932}
  9
$VERSIONGUID
  2
{E5CD0DA5-826E-4FFE-8D42-DD7B03AAEF03}
  9
$EXTNAMES
290
1
  9
$PSVPSCALE
 40
0.0
  9
$OLESTARTUP
290
0
  9
$SORTENTS
280
127
  9
$INDEXCTL
280
0
  9
$HIDETEXT
280
1
  9
$XCLIPFRAME
280
1
  9
$HALOGAP
280
0
  9
$OBSCOLOR
 70
257
  9
$OBSLTYPE
280
0
  9
$INTERSECTIONDISPLAY
280
0
  9
$INTERSECTIONCOLOR
 70
257
  9
$DIMASSOC
280
2
  9
$PROJECTNAME
  1

  9
$CAMERADISPLAY
290
0
  9
$LENSLENGTH
 40
50.0
  9
$CAMERAHEIGHT
 40
0.0
  9
$STEPSPERSEC
 40
24.0
  9
$STEPSIZE
 40
100.0
  9
$3DDWFPREC
 40
2.0
  9
$PSOLWIDTH
 40
0.005
  9
$PSOLHEIGHT
 40
0.08
  9
$LOFTANG1
 40
1.570796326795
  9
$LOFTANG2
 40
1.570796326795
  9
$LOFTMAG1
 40
0.0
  9
$LOFTMAG2
 40
0.0
  9
$LOFTPARAM
 70
7
  9
$LOFTNORMALS
280
1
  9
$LATITUDE
 40
37.795
  9
$LONGITUDE
 40
-122.394
  9
$NORTHDIRECTION
 40
0.0
  9
$TIMEZONE
 70
-8000
  9
$LIGHTGLYPHDISPLAY
280
1
  9
$TILEMODELIGHTSYNCH
280
1
  9
$CMATERIAL
347
20
  9
$SOLIDHIST
280
0
  9
$SHOWHIST
280
1
  9
$DWFFRAME
280
2
  9
$DGNFRAME
280
2
  9
$REALWORLDSCALE
290
1
  9
$INTERFERECOLOR
 62
256
  9
$CSHADOW
280
0
  9
$SHADOWPLANELOCATION
 40
0.0
  0
ENDSEC
  0
SECTION
  2
CLASSES
  0
CLASS
  1
ACDBDICTIONARYWDFLT
  2
AcDbDictionaryWithDefault
  3
ObjectDBX Classes
 90
0
 91
0
280
0
281
0
  0
CLASS
  1
SUN
  2
AcDbSun
  3
SCENEOE
 90
1153
 91
0
280
0
281
0
  0
CLASS
  1
VISUALSTYLE
  2
AcDbVisualStyle
  3
ObjectDBX Classes
 90
4095
 91
0
280
0
281
0
  0
CLASS
  1
MATERIAL
  2
AcDbMaterial
  3
ObjectDBX Classes
 90
1153
 91
0
280
0
281
0
  0
CLASS
  1
SCALE
  2
AcDbScale
  3
ObjectDBX Classes
 90
1153
 91
0
280
0
281
0
  0
CLASS
  1
TABLESTYLE
  2
AcDbTableStyle
  3
ObjectDBX Classes
 90
4095
 91
0
280
0
281
0
  0
CLASS
  1
MLEADERSTYLE
  2
AcDbMLeaderStyle
  3
ACDB_MLEADERSTYLE_CLASS
 90
4095
 91
0
280
0
281
0
  0
CLASS
  1
DICTIONARYVAR
  2
AcDbDictionaryVar
  3
ObjectDBX Classes
 90
0
 91
0
280
0
281
0
  0
CLASS
  1
CELLSTYLEMAP
  2
AcDbCellStyleMap
  3
ObjectDBX Classes
 90
1152
 91
0
280
0
281
0
  0
CLASS
  1
MENTALRAYRENDERSETTINGS
  2
AcDbMentalRayRenderSettings
  3
SCENEOE
 90
1024
 91
0
280
0
281
0
  0
CLASS
  1
ACDBDETAILVIEWSTYLE
  2
AcDbDetailViewStyle
  3
ObjectDBX Classes
 90
1025
 91
0
280
0
281
0
  0
CLASS
  1
ACDBSECTIONVIEWSTYLE
  2
AcDbSectionViewStyle
  3
ObjectDBX Classes
 90
1025
 91
0
280
0
281
0
  0
CLASS
  1
RASTERVARIABLES
  2
AcDbRasterVariables
  3
ISM
 90
0
 91
0
280
0
281
0
  0
CLASS
  1
ACDBPLACEHOLDER
  2
AcDbPlaceHolder
  3
ObjectDBX Classes
 90
0
 91
0
280
0
281
0
  0
CLASS
  1
LAYOUT
  2
AcDbLayout
  3
ObjectDBX Classes
 90
0
 91
0
280
0
281
0
  0
ENDSEC
  0
SECTION
  2
TABLES
  0
TABLE
  2
VPORT
  5
8
330
0
100
AcDbSymbolTable
 70
1
  0
VPORT
  5
23
330
8
100
AcDbSymbolTableRecord
100
AcDbViewportTableRecord
  2
*Active
 70
0
 10
0.0
 20
0.0
 11
1.0
 21
1.0
 12
0.0
 22
0.0
 13
0.0
 23
0.0
 14
0.5
 24
0.5
 15
0.5
 25
0.5
 16
0.0
 26
0.0
 36
1.0
 17
0.0
 27
0.0
 37
0.0
 40
1000.0
 41
1.34
 42
50.0
 43
0.0
 44
0.0
 50
0.0
 51
0.0
 71
0
 72
1000
 73
1
 74
3
 75
0
 76
0
 77
0
 78
0
281
0
 65
0
146
0.0
  0
ENDTAB
  0
TABLE
  2
LTYPE
  5
2
330
0
100
AcDbSymbolTable
 70
3
  0
LTYPE
  5
24
330
2
100
AcDbSymbolTableRecord
100
AcDbLinetypeTableRecord
  2
ByBlock
 70
0
  3

 72
65
 73
0
 40
0.0
  0
LTYPE
  5
25
330
2
100
AcDbSymbolTableRecord
100
AcDbLinetypeTableRecord
  2
ByLayer
 70
0
  3

 72
65
 73
0
 40
0.0
  0
LTYPE
  5
26
330
2
100
AcDbSymbolTableRecord
100
AcDbLinetypeTableRecord
  2
Continuous
 70
0
  3

 72
65
 73
0
 40
0.0
  0
ENDTAB
  0
TABLE
  2
LAYER
  5
1
330
0
100
AcDbSymbolTable
 70
5
  0
LAYER
  5
27
330
1
100
AcDbSymbolTableRecord
100
AcDbLayerTableRecord
  2
0
 70
0
 62
7
  6
Continuous
370
-3
390
13
347
21
  0
LAYER
  5
28
330
1
100
AcDbSymbolTableRecord
100
AcDbLayerTableRecord
  2
Defpoints
 70
0
 62
7
  6
Continuous
290
0
370
-3
390
13
347
21
  0
LAYER
  5
2F
330
1
100
AcDbSymbolTableRecord
100
AcDbLayerTableRecord
  2
OUTER
 70
0
 62
7
  6
Continuous
370
-3
390
13
347
21
  0
LAYER
  5
30
330
1
100
AcDbSymbolTableRecord
100
AcDbLayerTableRecord
  2
HOLES
 70
0
 62
7
  6
Continuous
370
-3
390
13
347
21
  0
LAYER
  5
31
330
1
100
AcDbSymbolTableRecord
100
AcDbLayerTableRecord
  2
NUMBERS
 70
0
 62
7
  6
Continuous
370
-3
390
13
347
21
  0
ENDTAB
  0
TABLE
  2
STYLE
  5
5
330
0
100
AcDbSymbolTable
 70
1
  0
STYLE
  5
29
330
5
100
AcDbSymbolTableRecord
100
AcDbTextStyleTableRecord
  2
Standard
 70
0
 40
0.0
 41
1.0
 50
0.0
 71
0
 42
2.5
  3
txt
  4

  0
ENDTAB
  0
TABLE
  2
VIEW
  5
7
330
0
100
AcDbSymbolTable
 70
0
  0
ENDTAB
  0
TABLE
  2
UCS
  5
6
330
0
100
AcDbSymbolTable
 70
0
  0
ENDTAB
  0
TABLE
  2
APPID
  5
3
330
0
100
AcDbSymbolTable
 70
3
  0
APPID
  5
2A
330
3
100
AcDbSymbolTableRecord
100
AcDbRegAppTableRecord
  2
ACAD
 70
0
  0
APPID
  5
3C5
330
3
100
AcDbSymbolTableRecord
100
AcDbRegAppTableRecord
  2
HATCHBACKGROUNDCOLOR
 70
0
  0
APPID
  5
3C6
330
3
100
AcDbSymbolTableRecord
100
AcDbRegAppTableRecord
  2
EZDXF
 70
0
  0
ENDTAB
  0
TABLE
  2
DIMSTYLE
  5
4
330
0
100
AcDbSymbolTable
 70
1
100
AcDbDimStyleTable
  0
DIMSTYLE
105
2B
330
4
100
AcDbSymbolTableRecord
100
AcDbDimStyleTableRecord
  2
Standard
 70
0
 40
1.0
 41
2.5
 42
0.625
 43
3.75
 44
1.25
 45
0.0
 46
0.0
 47
0.0
 48
0.0
 49
2.5
140
2.5
141
2.5
142
0.0
143
0.03937007874
144
1.0
145
0.0
146
1.0
147
0.625
148
0.0
 69
0
 70
0
 71
0
 72
0
 73
0
 74
0
 75
0
 76
0
 77
1
 78
8
 79
3
170
0
171
3
172
1
173
0
174
0
175
0
176
0
177
0
178
0
179
2
271
2
272
2
273
2
274
3
275
0
276
0
277
2
278
44
279
0
280
0
281
0
282
0
283
0
284
8
285
0
286
0
288
0
289
3
290
0
371
-2
372
-2
  0
ENDTAB
  0
TABLE
  2
BLOCK_RECORD
  5
9
330
0
100
AcDbSymbolTable
 70
2
  0
BLOCK_RECORD
  5
17
330
9
100
AcDbSymbolTableRecord
100
AcDbBlockTableRecord
  2
*Model_Space
340
1A
 70
0
280
1
281
0
  0
BLOCK_RECORD
  5
1B
330
9
100
AcDbSymbolTableRecord
100
AcDbBlockTableRecord
  2
*Paper_Space
340
1E
 70
0
280
1
281
0
  0
ENDTAB
  0
ENDSEC
  0
SECTION
  2
BLOCKS
  0
BLOCK
  5
18
330
17
100
AcDbEntity
  8
0
100
AcDbBlockBegin
  2
*Model_Space
 70
0
 10
0.0
 20
0.0
 30
0.0
  3
*Model_Space
  1

  0
ENDBLK
  5
19
330
17
100
AcDbEntity
  8
0
100
AcDbBlockEnd
  0
BLOCK
  5
1C
330
1B
100
AcDbEntity
  8
0
100
AcDbBlockBegin
  2
*Paper_Space
 70
0
 10
0.0
 20
0.0
 30
0.0
  3
*Paper_Space
  1

  0
ENDBLK
  5
1D
330
1B
100
AcDbEntity
  8
0
100
AcDbBlockEnd
  0
ENDSEC
  0
SECTION
  2
ENTITIES
  0
LWPOLYLINE
  5
32
330
17
100
AcDbEntity
  8
OUTER
100
AcDbPolyline
 90
8
 70
1
 10
-119946.6705954797
 20
-136497.1556512082
 10
-123026.4205954797
 20
-136497.1556512082
 10
-123026.4205954797
 20
-137400.4436512082
 10
-122381.8955954797
 20
-137400.4436512082
 10
-122378.7205954797
 20
-137397.2686512082
 10
-122378.7205954797
 20
-137148.0306512082
 10
-122375.5455954797
 20
-137144.8556512082
 10
-119946.6705954797
 20
-137144.8556512082
  0
LWPOLYLINE
  5
33
330
17
100
AcDbEntity
  8
HOLES
100
AcDbPolyline
 90
8
 70
1
 10
-121359.5455954797
 20
-136643.2056512082
 10
-120724.5455954798
 20
-136643.2056512082
 10
-120718.1955954797
 20
-136649.5556512082
 10
-120718.1955954797
 20
-137030.5556512082
 10
-120724.5455954798
 20
-137036.9056512082
 10
-121359.5455954797
 20
-137036.9056512082
 10
-121365.8955954797
 20
-137030.5556512082
 10
-121365.8955954797
 20
-136649.5556512082
  0
CIRCLE
  5
34
330
17
100
AcDbEntity
  8
HOLES
100
AcDbCircle
 10
-121042.0455954798
 20
-136587.6431512082
 30
0.0
 40
17.4625
  0
TEXT
  5
35
330
17
100
AcDbEntity
  8
NUMBERS
100
AcDbText
 10
-122646.15117104123
 20
-136877.5578756955
 30
0.0
 40
80.0
  1
P-0001
 72
1
 11
-122646.15117104123
 21
-136877.5578756955
 31
0.0
100
AcDbText
 73
2
  0
LWPOLYLINE
  5
37
330
17
100
AcDbEntity
  8
OUTER
100
AcDbPolyline
 90
8
 70
1
 10
-104520.7313499928
 20
-150022.2969216393
 10
-107578.2563499927
 20
-150022.2969216393
 10
-107578.2563499927
 20
-150673.1719216393
 10
-105174.7813499927
 20
-150673.1719216393
 10
-105171.6063499927
 20
-150676.3469216393
 10
-105171.6063499927
 20
-150922.4099216393
 10
-105168.4313499928
 20
-150925.5849216393
 10
-104520.7313499928
 20
-150925.5849216393
  0
LWPOLYLINE
  5
38
330
17
100
AcDbEntity
  8
HOLES
100
AcDbPolyline
 90
8
 70
1
 10
-106819.4313499927
 20
-150171.5219216393
 10
-106184.4313499927
 20
-150171.5219216393
 10
-106178.0813499927
 20
-150177.8719216393
 10
-106178.0813499927
 20
-150558.8719216393
 10
-106184.4313499927
 20
-150565.2219216393
 10
-106819.4313499927
 20
-150565.2219216393
 10
-106825.7813499927
 20
-150558.8719216393
 10
-106825.7813499927
 20
-150177.8719216393
  0
CIRCLE
  5
39
330
17
100
AcDbEntity
  8
HOLES
100
AcDbCircle
 10
-106501.9313499927
 20
-150115.9594216393
 30
0.0
 40
17.4625
  0
TEXT
  5
3A
330
17
100
AcDbEntity
  8
NUMBERS
100
AcDbText
 10
-104903.1085915089
 20
-150404.33296112905
 30
0.0
 40
80.0
  1
P-0002
 72
1
 11
-104903.1085915089
 21
-150404.33296112905
 31
0.0
100
AcDbText
 73
2
  0
LWPOLYLINE
  5
3C
330
17
100
AcDbEntity
  8
OUTER
100
AcDbPolyline
 90
8
 70
1
 10
-154496.8771080441
 20
-130298.8174551547
 10
-151428.2396080441
 20
-130298.8174551547
 10
-151428.2396080441
 20
-131202.1049551547
 10
-152072.7646080441
 20
-131202.1049551547
 10
-152075.9396080441
 20
-131198.9299551547
 10
-152075.9396080441
 20
-130949.6924551547
 10
-152079.1146080441
 20
-130946.5174551547
 10
-154496.8771080441
 20
-130946.5174551547
  0
LWPOLYLINE
  5
3D
330
17
100
AcDbEntity
  8
HOLES
100
AcDbPolyline
 90
8
 70
1
 10
-153726.9396080441
 20
-130444.8674551547
 10
-153091.9396080441
 20
-130444.8674551547
 10
-153085.5896080441
 20
-130451.2174551547
 10
-153085.5896080441
 20
-130832.2174551547
 10
-153091.9396080441
 20
-130838.5674551547
 10
-153726.9396080441
 20
-130838.5674551547
 10
-153733.2896080441
 20
-130832.2174551547
 10
-153733.2896080441
 20
-130451.2174551547
  0
CIRCLE
  5
3E
330
17
100
AcDbEntity
  8
HOLES
100
AcDbCircle
 10
-153409.4396080441
 20
-130389.3049551547
 30
0.0
 40
17.4625
  0
TEXT
  5
3F
330
17
100
AcDbEntity
  8
NUMBERS
100
AcDbText
 10
-151808.6352844662
 20
-130679.10189805631
 30
0.0
 40
80.0
  1
P-0003
 72
1
 11
-151808.6352844662
 21
-130679.10189805631
 31
0.0
100
AcDbText
 73
2
  0
LWPOLYLINE
  5
41
330
17
100
AcDbEntity
  8
OUTER
100
AcDbPolyline
 90
8
 70
1
 10
-143580.4186448179
 20
-144867.6482322588
 10
-146622.0686448179
 20
-144867.6482322588
 10
-146622.0686448179
 20
-145772.5232322588
 10
-145977.5436448179
 20
-145772.5232322588
 10
-145974.3686448179
 20
-145769.3482322588
 10
-145974.3686448179
 20
-145518.5232322588
 10
-145971.1936448179
 20
-145515.3482322588
 10
-143580.4186448179
 20
-145515.3482322588
  0
LWPOLYLINE
  5
42
330
17
100
AcDbEntity
  8
HOLES
100
AcDbPolyline
 90
8
 70
1
 10
-144952.0186448179
 20
-145013.6982322588
 10
-144317.0186448179
 20
-145013.6982322588
 10
-144310.6686448179
 20
-145020.0482322588
 10
-144310.6686448179
 20
-145401.0482322588
 10
-144317.0186448179
 20
-145407.3982322588
 10
-144952.0186448179
 20
-145407.3982322588
 10
-144958.3686448179
 20
-145401.0482322588
 10
-144958.3686448179
 20
-145020.0482322588
  0
CIRCLE
  5
43
330
17
100
AcDbEntity
  8
HOLES
100
AcDbCircle
 10
-144634.5186448179
 20
-144958.1357322588
 30
0.0
 40
17.4625
  0
TEXT
  5
44
330
17
100
AcDbEntity
  8
NUMBERS
100
AcDbText
 10
-146241.67674723492
 20
-145247.86882246876
 30
0.0
 40
80.0
  1
P-0004
 72
1
 11
-146241.67674723492
 21
-145247.86882246876
 31
0.0
100
AcDbText
 73
2
  0
LWPOLYLINE
  5
46
330
17
100
AcDbEntity
  8
OUTER
100
AcDbPolyline
 90
8
 70
1
 10
-104690.8593515459
 20
-146539.0443683691
 10
-107126.0843515459
 20
-146539.0443683691
 10
-107126.0843515459
 20
-147189.9193683691
 10
-105344.9093515459
 20
-147189.9193683691
 10
-105341.7343515459
 20
-147193.0943683691
 10
-105341.7343515459
 20
-147739.1943683691
 10
-105338.5593515459
 20
-147742.3693683691
 10
-104690.8593515459
 20
-147742.3693683691
  0
LWPOLYLINE
  5
47
330
17
100
AcDbEntity
  8
HOLES
100
AcDbPolyline
 90
8
 70
1
 10
-106332.3343515459
 20
-146688.2693683691
 10
-105697.3343515459
 20
-146688.2693683691
 10
-105690.9843515459
 20
-146694.6193683691
 10
-105690.9843515459
 20
-147075.6193683691
 10
-105697.3343515459
 20
-147081.9693683691
 10
-106332.3343515459
 20
-147081.9693683691
 10
-106338.6843515459
 20
-147075.6193683691
 10
-106338.6843515459
 20
-146694.6193683691
  0
CIRCLE
  5
48
330
17
100
AcDbEntity
  8
HOLES
100
AcDbCircle
 10
-106014.8343515459
 20
-146632.7068683691
 30
0.0
 40
17.4625
  0
TEXT
  5
49
330
17
100
AcDbEntity
  8
NUMBERS
100
AcDbText
 10
-105073.14686985647
 20
-146921.32258492187
 30
0.0
 40
80.0
  1
P-0005
 72
1
 11
-105073.14686985647
 21
-146921.32258492187
 31
0.0
100
AcDbText
 73
2
  0
LWPOLYLINE
  5
4B
330
17
100
AcDbEntity
  8
OUTER
100
AcDbPolyline
 90
8
 70
1
 10
-153860.5943075102
 20
-133354.5801900104
 10
-151428.5443075102
 20
-133354.5801900104
 10
-151428.5443075102
 20
-134557.9051900104
 10
-152073.0693075103
 20
-134557.9051900104
 10
-152076.2443075103
 20
-134554.7301900104
 10
-152076.2443075103
 20
-134005.4551900104
 10
-152079.4193075102
 20
-134002.2801900104
 10
-153860.5943075102
 20
-134002.2801900104
  0
LWPOLYLINE
  5
4C
330
17
100
AcDbEntity
  8
HOLES
100
AcDbPolyline
 90
8
 70
1
 10
-153073.1943075102
 20
-133500.6301900104
 10
-152438.1943075102
 20
-133500.6301900104
 10
-152431.8443075102
 20
-133506.9801900104
 10
-152431.8443075102
 20
-133887.9801900104
 10
-152438.1943075102
 20
-133894.3301900104
 10
-153073.1943075102
 20
-133894.3301900104
 10
-153079.5443075103
 20
-133887.9801900104
 10
-153079.5443075103
 20
-133506.9801900104
  0
CIRCLE
  5
4D
330
17
100
AcDbEntity
  8
HOLES
100
AcDbCircle
 10
-152755.6943075102
 20
-133445.0676900104
 30
0.0
 40
17.4625
  0
TEXT
  5
4E
330
17
100
AcDbEntity
  8
NUMBERS
100
AcDbText
 10
-151808.84900111373
 20
-133735.06626789126
 30
0.0
 40
80.0
  1
P-0006
 72
1
 11
-151808.84900111373
 21
-133735.06626789126
 31
0.0
100
AcDbText
 73
2
  0
LWPOLYLINE
  5
50
330
17
100
AcDbEntity
  8
OUTER
100
AcDbPolyline
 90
8
 70
1
 10
-138484.9812466068
 20
-144858.9891361625
 10
-136052.9312466068
 20
-144858.9891361625
 10
-136052.9312466068
 20
-146062.3141361626
 10
-136697.4562466068
 20
-146062.3141361626
 10
-136700.6312466068
 20
-146059.1391361626
 10
-136700.6312466068
 20
-145509.8641361626
 10
-136703.8062466068
 20
-145506.6891361625
 10
-138484.9812466068
 20
-145506.6891361625
  0
LWPOLYLINE
  5
51
330
17
100
AcDbEntity
  8
HOLES
100
AcDbPolyline
 90
8
 70
1
 10
-137697.5812466068
 20
-145005.0391361626
 10
-137062.5812466068
 20
-145005.0391361626
 10
-137056.2312466068
 20
-145011.3891361625
 10
-137056.2312466068
 20
-145392.3891361625
 10
-137062.5812466068
 20
-145398.7391361625
 10
-137697.5812466068
 20
-145398.7391361625
 10
-137703.9312466068
 20
-145392.3891361625
 10
-137703.9312466068
 20
-145011.3891361625
  0
CIRCLE
  5
52
330
17
100
AcDbEntity
  8
HOLES
100
AcDbCircle
 10
-137380.0812466068
 20
-144949.4766361625
 30
0.0
 40
17.4625
  0
TEXT
  5
53
330
17
100
AcDbEntity
  8
NUMBERS
100
AcDbText
 10
-136433.23594021035
 20
-145239.4752140434
 30
0.0
 40
80.0
  1
P-0007
 72
1
 11
-136433.23594021035
 21
-145239.4752140434
 31
0.0
100
AcDbText
 73
2
  0
LWPOLYLINE
  5
55
330
17
100
AcDbEntity
  8
OUTER
100
AcDbPolyline
 90
8
 70
1
 10
-143948.5376235395
 20
-148003.5383671265
 10
-146383.7626235395
 20
-148003.5383671265
 10
-146383.7626235395
 20
-149203.6883671265
 10
-145739.2376235395
 20
-149203.6883671265
 10
-145736.0626235395
 20
-149200.5133671265
 10
-145736.0626235395
 20
-148654.4133671265
 10
-145732.8876235395
 20
-148651.2383671265
 10
-143948.5376235395
 20
-148651.2383671265
  0
LWPOLYLINE
  5
56
330
17
100
AcDbEntity
  8
HOLES
100
AcDbPolyline
 90
8
 70
1
 10
-145377.2876235395
 20
-148149.5883671265
 10
-144742.2876235395
 20
-148149.5883671265
 10
-144735.9376235395
 20
-148155.9383671265
 10
-144735.9376235395
 20
-148536.9383671265
 10
-144742.2876235395
 20
-148543.2883671265
 10
-145377.2876235395
 20
-148543.2883671265
 10
-145383.6376235395
 20
-148536.9383671265
 10
-145383.6376235395
 20
-148155.9383671265
  0
CIRCLE
  5
57
330
17
100
AcDbEntity
  8
HOLES
100
AcDbCircle
 10
-145059.7876235395
 20
-148094.0258671265
 30
0.0
 40
17.4625
  0
TEXT
  5
58
330
17
100
AcDbEntity
  8
NUMBERS
100
AcDbText
 10
-146003.5559859662
 20
-148383.9318150025
 30
0.0
 40
80.0
  1
P-0008
 72
1
 11
-146003.5559859662
 21
-148383.9318150025
 31
0.0
100
AcDbText
 73
2
  0
LWPOLYLINE
  5
5A
330
17
100
AcDbEntity
  8
OUTER
100
AcDbPolyline
 90
8
 70
1
 10
-112964.7300146453
 20
-130537.7178975583
 10
-115393.6050146453
 20
-130537.7178975583
 10
-115393.6050146453
 20
-131737.8678975583
 10
-114749.0800146453
 20
-131737.8678975583
 10
-114745.9050146453
 20
-131734.6928975583
 10
-114745.9050146453
 20
-131188.5928975583
 10
-114742.7300146454
 20
-131185.4178975583
 10
-112964.7300146453
 20
-131185.4178975583
  0
LWPOLYLINE
  5
5B
330
17
100
AcDbEntity
  8
HOLES
100
AcDbPolyline
 90
8
 70
1
 10
-114383.9550146454
 20
-130683.7678975583
 10
-113748.9550146454
 20
-130683.7678975583
 10
-113742.6050146454
 20
-130690.1178975583
 10
-113742.6050146454
 20
-131071.1178975583
 10
-113748.9550146454
 20
-131077.4678975583
 10
-114383.9550146454
 20
-131077.4678975583
 10
-114390.3050146454
 20
-131071.1178975583
 10
-114390.3050146454
 20
-130690.1178975583
  0
CIRCLE
  5
5C
330
17
100
AcDbEntity
  8
HOLES
100
AcDbCircle
 10
-114066.4550146454
 20
-130628.2053975583
 30
0.0
 40
17.4625
  0
TEXT
  5
5D
330
17
100
AcDbEntity
  8
NUMBERS
100
AcDbText
 10
-115013.20381530449
 20
-130918.09119162569
 30
0.0
 40
80.0
  1
P-0009
 72
1
 11
-115013.20381530449
 21
-130918.09119162569
 31
0.0
100
AcDbText
 73
2
  0
LWPOLYLINE
  5
5F
330
17
100
AcDbEntity
  8
OUTER
100
AcDbPolyline
 90
8
 70
1
 10
-162079.8351786477
 20
-146144.9274992497
 10
-160193.8851786477
 20
-146144.9274992497
 10
-160190.7101786476
 20
-146148.1024992497
 10
-160190.7101786476
 20
-147119.6524992497
 10
-160193.8851786477
 20
-147122.8274992497
 10
-162079.8351786477
 20
-147122.8274992497
 10
-162083.0101786477
 20
-147119.6524992497
 10
-162083.0101786477
 20
-146148.1024992497
  0
TEXT
  5
60
330
17
100
AcDbEntity
  8
NUMBERS
100
AcDbText
 10
-161136.86017864765
 20
-146633.8774992497
 30
0.0
 40
80.0
  1
P-0010
 72
1
 11
-161136.86017864765
 21
-146633.8774992497
 31
0.0
100
AcDbText
 73
2
  0
LWPOLYLINE
  5
62
330
17
100
AcDbEntity
  8
OUTER
100
AcDbPolyline
 90
8
 70
1
 10
-123158.7186514031
 20
-134703.9304738826
 10
-121272.7686514031
 20
-134703.9304738826
 10
-121269.5936514031
 20
-134707.1054738826
 10
-121269.5936514031
 20
-135678.6554738826
 10
-121272.7686514031
 20
-135681.8304738826
 10
-123158.7186514031
 20
-135681.8304738826
 10
-123161.8936514031
 20
-135678.6554738826
 10
-123161.8936514031
 20
-134707.1054738826
  0
TEXT
  5
63
330
17
100
AcDbEntity
  8
NUMBERS
100
AcDbText
 10
-122215.7436514031
 20
-135192.8804738826
 30
0.0
 40
80.0
  1
P-0011
 72
1
 11
-122215.7436514031
 21
-135192.8804738826
 31
0.0
100
AcDbText
 73
2
  0
LWPOLYLINE
  5
65
330
17
100
AcDbEntity
  8
OUTER
100
AcDbPolyline
 90
8
 70
1
 10
-154218.2445093558
 20
-137826.7297411881
 10
-152332.2945093558
 20
-137826.7297411881
 10
-152329.1195093558
 20
-137829.9047411881
 10
-152329.1195093558
 20
-138801.4547411881
 10
-152332.2945093558
 20
-138804.6297411881
 10
-154218.2445093558
 20
-138804.6297411881
 10
-154221.4195093558
 20
-138801.4547411881
 10
-154221.4195093558
 20
-137829.9047411881
  0
TEXT
  5
66
330
17
100
AcDbEntity
  8
NUMBERS
100
AcDbText
 10
-153275.2695093558
 20
-138315.6797411881
 30
0.0
 40
80.0
  1
P-0012
 72
1
 11
-153275.2695093558
 21
-138315.6797411881
 31
0.0
100
AcDbText
 73
2
  0
LWPOLYLINE
  5
68
330
17
100
AcDbEntity
  8
OUTER
100
AcDbPolyline
 90
8
 70
1
 10
-107437.2063920047
 20
-151204.6836166651
 10
-105551.2563920046
 20
-151204.6836166651
 10
-105548.0813920047
 20
-151207.8586166651
 10
-105548.0813920047
 20
-152179.4086166651
 10
-105551.2563920046
 20
-152182.5836166651
 10
-107437.2063920047
 20
-152182.5836166651
 10
-107440.3813920047
 20
-152179.4086166651
 10
-107440.3813920047
 20
-151207.8586166651
  0
TEXT
  5
69
330
17
100
AcDbEntity
  8
NUMBERS
100
AcDbText
 10
-106494.2313920047
 20
-151693.6336166651
 30
0.0
 40
80.0
  1
P-0013
 72
1
 11
-106494.2313920047
 21
-151693.6336166651
 31
0.0
100
AcDbText
 73
2
  0
LWPOLYLINE
  5
6B
330
17
100
AcDbEntity
  8
OUTER
100
AcDbPolyline
 90
8
 70
1
 10
-154373.1190862964
 20
-149317.7766050167
 10
-152487.1690862963
 20
-149317.7766050167
 10
-152483.9940862963
 20
-149320.9516050167
 10
-152483.9940862963
 20
-150292.5016050167
 10
-152487.1690862963
 20
-150295.6766050167
 10
-154373.1190862964
 20
-150295.6766050167
 10
-154376.2940862963
 20
-150292.5016050167
 10
-154376.2940862963
 20
-149320.9516050167
  0
TEXT
  5
6C
330
17
100
AcDbEntity
  8
NUMBERS
100
AcDbText
 10
-153430.1440862963
 20
-149806.72660501668
 30
0.0
 40
80.0
  1
P-0014
 72
1
 11
-153430.1440862963
 21
-149806.72660501668
 31
0.0
100
AcDbText
 73
2
  0
LWPOLYLINE
  5
6E
330
17
100
AcDbEntity
  8
OUTER
100
AcDbPolyline
 90
8
 70
1
 10
-154562.3062291897
 20
-152303.6230206929
 10
-152676.3562291897
 20
-152303.6230206929
 10
-152673.1812291897
 20
-152306.7980206929
 10
-152673.1812291897
 20
-153278.3480206929
 10
-152676.3562291897
 20
-153281.5230206929
 10
-154562.3062291897
 20
-153281.5230206929
 10
-154565.4812291897
 20
-153278.3480206929
 10
-154565.4812291897
 20
-152306.7980206929
  0
TEXT
  5
6F
330
17
100
AcDbEntity
  8
NUMBERS
100
AcDbText
 10
-153619.3312291897
 20
-152792.57302069291
 30
0.0
 40
80.0
  1
P-0015
 72
1
 11
-153619.3312291897
 21
-152792.57302069291
 31
0.0
100
AcDbText
 73
2
  0
LWPOLYLINE
  5
71
330
17
100
AcDbEntity
  8
OUTER
100
AcDbPolyline
 90
8
 70
1
 10
-154310.273363215
 20
-146328.2229054696
 10
-152424.323363215
 20
-146328.2229054696
 10
-152421.148363215
 20
-146331.3979054696
 10
-152421.148363215
 20
-147302.9479054696
 10
-152424.323363215
 20
-147306.1229054696
 10
-154310.273363215
 20
-147306.1229054696
 10
-154313.448363215
 20
-147302.9479054696
 10
-154313.448363215
 20
-146331.3979054696
  0
TEXT
  5
72
330
17
100
AcDbEntity
  8
NUMBERS
100
AcDbText
 10
-153367.298363215
 20
-146817.1729054696
 30
0.0
 40
80.0
  1
P-0016
 72
1
 11
-153367.298363215
 21
-146817.1729054696
 31
0.0
100
AcDbText
 73
2
  0
LWPOLYLINE
  5
74
330
17
100
AcDbEntity
  8
OUTER
100
AcDbPolyline
 90
8
 70
1
 10
-145415.1313798881
 20
-146176.2655986019
 10
-143529.1813798881
 20
-146176.2655986019
 10
-143526.0063798881
 20
-146179.4405986019
 10
-143526.0063798881
 20
-147150.9905986019
 10
-143529.1813798881
 20
-147154.1655986019
 10
-145415.1313798881
 20
-147154.1655986019
 10
-145418.3063798881
 20
-147150.9905986019
 10
-145418.3063798881
 20
-146179.4405986019
  0
TEXT
  5
75
330
17
100
AcDbEntity
  8
NUMBERS
100
AcDbText
 10
-144472.1563798881
 20
-146665.2155986019
 30
0.0
 40
80.0
  1
P-0017
 72
1
 11
-144472.1563798881
 21
-146665.2155986019
 31
0.0
100
AcDbText
 73
2
  0
LWPOLYLINE
  5
77
330
17
100
AcDbEntity
  8
OUTER
100
AcDbPolyline
 90
8
 70
1
 10
-162093.9618745059
 20
-149253.7002127433
 10
-160208.0118745059
 20
-149253.7002127433
 10
-160204.836874506
 20
-149256.8752127432
 10
-160204.836874506
 20
-150228.4252127433
 10
-160208.0118745059
 20
-150231.6002127433
 10
-162093.9618745059
 20
-150231.6002127433
 10
-162097.1368745059
 20
-150228.4252127433
 10
-162097.1368745059
 20
-149256.8752127432
  0
TEXT
  5
78
330
17
100
AcDbEntity
  8
NUMBERS
100
AcDbText
 10
-161150.98687450594
 20
-149742.65021274332
 30
0.0
 40
80.0
  1
P-0018
 72
1
 11
-161150.98687450594
 21
-149742.65021274332
 31
0.0
100
AcDbText
 73
2
  0
LWPOLYLINE
  5
7A
330
17
100
AcDbEntity
  8
OUTER
100
AcDbPolyline
 90
8
 70
1
 10
-122906.6841948978
 20
-131880.5903367793
 10
-121020.7341948978
 20
-131880.5903367793
 10
-121017.5591948978
 20
-131883.7653367793
 10
-121017.5591948978
 20
-132855.3153367793
 10
-121020.7341948978
 20
-132858.4903367793
 10
-122906.6841948978
 20
-132858.4903367793
 10
-122909.8591948977
 20
-132855.3153367793
 10
-122909.8591948977
 20
-131883.7653367793
  0
TEXT
  5
7B
330
17
100
AcDbEntity
  8
NUMBERS
100
AcDbText
 10
-121963.70919489775
 20
-132369.54033677932
 30
0.0
 40
80.0
  1
P-0019
 72
1
 11
-121963.70919489775
 21
-132369.54033677932
 31
0.0
100
AcDbText
 73
2
  0
LWPOLYLINE
  5
7D
330
17
100
AcDbEntity
  8
OUTER
100
AcDbPolyline
 90
8
 70
1
 10
-162175.2940688697
 20
-152121.8083663659
 10
-160289.3440688697
 20
-152121.8083663659
 10
-160286.1690688698
 20
-152124.9833663659
 10
-160286.1690688698
 20
-153096.5333663659
 10
-160289.3440688697
 20
-153099.7083663659
 10
-162175.2940688697
 20
-153099.7083663659
 10
-162178.4690688697
 20
-153096.5333663659
 10
-162178.4690688697
 20
-152124.9833663659
  0
TEXT
  5
7E
330
17
100
AcDbEntity
  8
NUMBERS
100
AcDbText
 10
-161232.31906886975
 20
-152610.75836636592
 30
0.0
 40
80.0
  1
P-0020
 72
1
 11
-161232.31906886975
 21
-152610.75836636592
 31
0.0
100
AcDbText
 73
2
  0
LWPOLYLINE
  5
80
330
17
100
AcDbEntity
  8
OUTER
100
AcDbPolyline
 90
8
 70
1
 10
-121829.9444110155
 20
-138711.8948486337
 10
-119943.9944110155
 20
-138711.8948486337
 10
-119940.8194110155
 20
-138708.7198486337
 10
-119940.8194110155
 20
-137737.1698486338
 10
-119943.9944110155
 20
-137733.9948486338
 10
-121829.9444110155
 20
-137733.9948486338
 10
-121833.1194110155
 20
-137737.1698486338
 10
-121833.1194110155
 20
-138708.7198486337
  0
TEXT
  5
81
330
17
100
AcDbEntity
  8
NUMBERS
100
AcDbText
 10
-120886.96941101551
 20
-138222.94484863375
 30
0.0
 40
80.0
  1
P-0021
 72
1
 11
-120886.96941101551
 21
-138222.94484863375
 31
0.0
100
AcDbText
 73
2
  0
LWPOLYLINE
  5
83
330
17
100
AcDbEntity
  8
OUTER
100
AcDbPolyline
 90
8
 70
1
 10
-162124.2856093968
 20
-131359.4935797317
 10
-160238.3356093968
 20
-131359.4935797317
 10
-160235.1606093968
 20
-131362.6685797317
 10
-160235.1606093968
 20
-132334.0185797317
 10
-160238.3356093968
 20
-132337.1935797317
 10
-162124.2856093968
 20
-132337.1935797317
 10
-162127.4606093968
 20
-132334.0185797317
 10
-162127.4606093968
 20
-131362.6685797317
  0
TEXT
  5
84
330
17
100
AcDbEntity
  8
NUMBERS
100
AcDbText
 10
-161181.31060939678
 20
-131848.3435797317
 30
0.0
 40
80.0
  1
P-0022
 72
1
 11
-161181.31060939678
 21
-131848.3435797317
 31
0.0
100
AcDbText
 73
2
  0
LWPOLYLINE
  5
86
330
17
100
AcDbEntity
  8
OUTER
100
AcDbPolyline
 90
8
 70
1
 10
-162338.219023396
 20
-137622.2438140852
 10
-160452.269023396
 20
-137622.2438140852
 10
-160449.094023396
 20
-137625.4188140852
 10
-160449.094023396
 20
-138596.7688140852
 10
-160452.269023396
 20
-138599.9438140852
 10
-162338.219023396
 20
-138599.9438140852
 10
-162341.394023396
 20
-138596.7688140852
 10
-162341.394023396
 20
-137625.4188140852
  0
TEXT
  5
87
330
17
100
AcDbEntity
  8
NUMBERS
100
AcDbText
 10
-161395.244023396
 20
-138111.0938140852
 30
0.0
 40
80.0
  1
P-0023
 72
1
 11
-161395.244023396
 21
-138111.0938140852
 31
0.0
100
AcDbText
 73
2
  0
LWPOLYLINE
  5
89
330
17
100
AcDbEntity
  8
OUTER
100
AcDbPolyline
 90
8
 70
1
 10
-154455.728333412
 20
-131364.5332275868
 10
-152569.778333412
 20
-131364.5332275868
 10
-152566.603333412
 20
-131367.7082275868
 10
-152566.603333412
 20
-132339.0582275868
 10
-152569.778333412
 20
-132342.2332275868
 10
-154455.728333412
 20
-132342.2332275868
 10
-154458.903333412
 20
-132339.0582275868
 10
-154458.903333412
 20
-131367.7082275868
  0
TEXT
  5
8A
330
17
100
AcDbEntity
  8
NUMBERS
100
AcDbText
 10
-153512.753333412
 20
-131853.3832275868
 30
0.0
 40
80.0
  1
P-0024
 72
1
 11
-153512.753333412
 21
-131853.3832275868
 31
0.0
100
AcDbText
 73
2
  0
LWPOLYLINE
  5
8C
330
17
100
AcDbEntity
  8
OUTER
100
AcDbPolyline
 90
8
 70
1
 10
-162092.1165892829
 20
-134786.7807307754
 10
-160206.1665892829
 20
-134786.7807307754
 10
-160202.9915892829
 20
-134789.9557307754
 10
-160202.9915892829
 20
-135761.3057307754
 10
-160206.1665892829
 20
-135764.4807307754
 10
-162092.1165892829
 20
-135764.4807307754
 10
-162095.2915892829
 20
-135761.3057307754
 10
-162095.2915892829
 20
-134789.9557307754
  0
TEXT
  5
8D
330
17
100
AcDbEntity
  8
NUMBERS
100
AcDbText
 10
-161149.1415892829
 20
-135275.63073077542
 30
0.0
 40
80.0
  1
P-0025
 72
1
 11
-161149.1415892829
 21
-135275.63073077542
 31
0.0
100
AcDbText
 73
2
  0
LWPOLYLINE
  5
8F
330
17
100
AcDbEntity
  8
OUTER
100
AcDbPolyline
 90
8
 70
1
 10
-143346.0701963759
 20
-149138.1163585257
 10
-145130.420196376
 20
-149138.1163585257
 10
-145133.5951963759
 20
-149141.2913585257
 10
-145133.5951963759
 20
-150112.6413585257
 10
-145130.420196376
 20
-150115.8163585257
 10
-143346.0701963759
 20
-150115.8163585257
 10
-143342.8951963759
 20
-150112.6413585257
 10
-143342.8951963759
 20
-149141.2913585257
  0
TEXT
  5
90
330
17
100
AcDbEntity
  8
NUMBERS
100
AcDbText
 10
-144238.2451963759
 20
-149626.9663585257
 30
0.0
 40
80.0
  1
P-0026
 72
1
 11
-144238.2451963759
 21
-149626.9663585257
 31
0.0
100
AcDbText
 73
2
  0
LWPOLYLINE
  5
92
330
17
100
AcDbEntity
  8
OUTER
100
AcDbPolyline
 90
8
 70
1
 10
-137046.4512845197
 20
-134790.2987977049
 10
-138830.8012845197
 20
-134790.2987977049
 10
-138833.9762845197
 20
-134793.4737977049
 10
-138833.9762845197
 20
-135764.8237977049
 10
-138830.8012845197
 20
-135767.9987977049
 10
-137046.4512845197
 20
-135767.9987977049
 10
-137043.2762845197
 20
-135764.8237977049
 10
-137043.2762845197
 20
-134793.4737977049
  0
TEXT
  5
93
330
17
100
AcDbEntity
  8
NUMBERS
100
AcDbText
 10
-137938.6262845197
 20
-135279.1487977049
 30
0.0
 40
80.0
  1
P-0027
 72
1
 11
-137938.6262845197
 21
-135279.1487977049
 31
0.0
100
AcDbText
 73
2
  0
LWPOLYLINE
  5
95
330
17
100
AcDbEntity
  8
OUTER
100
AcDbPolyline
 90
8
 70
1
 10
-137045.8918869773
 20
-149824.8381842466
 10
-138830.2418869773
 20
-149824.8381842466
 10
-138833.4168869773
 20
-149828.0131842466
 10
-138833.4168869773
 20
-150799.3631842466
 10
-138830.2418869773
 20
-150802.5381842466
 10
-137045.8918869773
 20
-150802.5381842466
 10
-137042.7168869773
 20
-150799.3631842466
 10
-137042.7168869773
 20
-149828.0131842466
  0
TEXT
  5
96
330
17
100
AcDbEntity
  8
NUMBERS
100
AcDbText
 10
-137938.0668869773
 20
-150313.6881842466
 30
0.0
 40
80.0
  1
P-0028
 72
1
 11
-137938.0668869773
 21
-150313.6881842466
 31
0.0
100
AcDbText
 73
2
  0
LWPOLYLINE
  5
98
330
17
100
AcDbEntity
  8
OUTER
100
AcDbPolyline
 90
8
 70
1
 10
-113499.9813922356
 20
-134878.282174942
 10
-115284.3313922356
 20
-134878.282174942
 10
-115287.5063922356
 20
-134881.457174942
 10
-115287.5063922356
 20
-135852.807174942
 10
-115284.3313922356
 20
-135855.982174942
 10
-113499.9813922356
 20
-135855.982174942
 10
-113496.8063922356
 20
-135852.807174942
 10
-113496.8063922356
 20
-134881.457174942
  0
TEXT
  5
99
330
17
100
AcDbEntity
  8
NUMBERS
100
AcDbText
 10
-114392.1563922356
 20
-135367.132174942
 30
0.0
 40
80.0
  1
P-0029
 72
1
 11
-114392.1563922356
 21
-135367.132174942
 31
0.0
100
AcDbText
 73
2
  0
LWPOLYLINE
  5
9B
330
17
100
AcDbEntity
  8
OUTER
100
AcDbPolyline
 90
8
 70
1
 10
-105425.1757601234
 20
-133140.8062014666
 10
-107209.5257601235
 20
-133140.8062014666
 10
-107212.7007601235
 20
-133143.9812014666
 10
-107212.7007601235
 20
-134115.3312014666
 10
-107209.5257601235
 20
-134118.5062014666
 10
-105425.1757601234
 20
-134118.5062014666
 10
-105422.0007601235
 20
-134115.3312014666
 10
-105422.0007601235
 20
-133143.9812014666
  0
TEXT
  5
9C
330
17
100
AcDbEntity
  8
NUMBERS
100
AcDbText
 10
-106317.35076012349
 20
-133629.6562014666
 30
0.0
 40
80.0
  1
P-0030
 72
1
 11
-106317.35076012349
 21
-133629.6562014666
 31
0.0
100
AcDbText
 73
2
  0
LWPOLYLINE
  5
9E
330
17
100
AcDbEntity
  8
OUTER
100
AcDbPolyline
 90
8
 70
1
 10
-105749.4170889959
 20
-147729.9447327957
 10
-107533.7670889959
 20
-147729.9447327957
 10
-107536.9420889959
 20
-147733.1197327957
 10
-107536.9420889959
 20
-148704.4697327957
 10
-107533.7670889959
 20
-148707.6447327957
 10
-105749.4170889959
 20
-148707.6447327957
 10
-105746.2420889959
 20
-148704.4697327957
 10
-105746.2420889959
 20
-147733.1197327957
  0
TEXT
  5
9F
330
17
100
AcDbEntity
  8
NUMBERS
100
AcDbText
 10
-106641.59208899591
 20
-148218.7947327957
 30
0.0
 40
80.0
  1
P-0031
 72
1
 11
-106641.59208899591
 21
-148218.7947327957
 31
0.0
100
AcDbText
 73
2
  0
LWPOLYLINE
  5
A1
330
17
100
AcDbEntity
  8
OUTER
100
AcDbPolyline
 90
8
 70
1
 10
-129261.439869399
 20
-152052.9148447167
 10
-131045.789869399
 20
-152052.9148447167
 10
-131048.964869399
 20
-152056.0898447167
 10
-131048.964869399
 20
-153027.4398447167
 10
-131045.789869399
 20
-153030.6148447167
 10
-129261.439869399
 20
-153030.6148447167
 10
-129258.264869399
 20
-153027.4398447167
 10
-129258.264869399
 20
-152056.0898447167
  0
TEXT
  5
A2
330
17
100
AcDbEntity
  8
NUMBERS
100
AcDbText
 10
-130153.614869399
 20
-152541.7648447167
 30
0.0
 40
80.0
  1
P-0032
 72
1
 11
-130153.614869399
 21
-152541.7648447167
 31
0.0
100
AcDbText
 73
2
  0
LWPOLYLINE
  5
A4
330
17
100
AcDbEntity
  8
OUTER
100
AcDbPolyline
 90
8
 70
1
 10
-121355.0894385208
 20
-146203.8016190214
 10
-123139.4394385208
 20
-146203.8016190214
 10
-123142.6144385208
 20
-146206.9766190214
 10
-123142.6144385208
 20
-147178.3266190214
 10
-123139.4394385208
 20
-147181.5016190214
 10
-121355.0894385208
 20
-147181.5016190214
 10
-121351.9144385208
 20
-147178.3266190214
 10
-121351.9144385208
 20
-146206.9766190214
  0
TEXT
  5
A5
330
17
100
AcDbEntity
  8
NUMBERS
100
AcDbText
 10
-122247.2644385208
 20
-146692.6516190214
 30
0.0
 40
80.0
  1
P-0033
 72
1
 11
-122247.2644385208
 21
-146692.6516190214
 31
0.0
100
AcDbText
 73
2
  0
LWPOLYLINE
  5
A7
330
17
100
AcDbEntity
  8
OUTER
100
AcDbPolyline
 90
8
 70
1
 10
-113538.9055863545
 20
-149042.0092308381
 10
-115323.2555863545
 20
-149042.0092308381
 10
-115326.4305863545
 20
-149045.1842308381
 10
-115326.4305863545
 20
-150016.5342308381
 10
-115323.2555863545
 20
-150019.7092308381
 10
-113538.9055863545
 20
-150019.7092308381
 10
-113535.7305863545
 20
-150016.5342308381
 10
-113535.7305863545
 20
-149045.1842308381
  0
TEXT
  5
A8
330
17
100
AcDbEntity
  8
NUMBERS
100
AcDbText
 10
-114431.08058635451
 20
-149530.8592308381
 30
0.0
 40
80.0
  1
P-0034
 72
1
 11
-114431.08058635451
 21
-149530.8592308381
 31
0.0
100
AcDbText
 73
2
  0
LWPOLYLINE
  5
AA
330
17
100
AcDbEntity
  8
OUTER
100
AcDbPolyline
 90
8
 70
1
 10
-113840.3449594896
 20
-146172.6655241439
 10
-115624.6949594896
 20
-146172.6655241439
 10
-115627.8699594896
 20
-146175.8405241439
 10
-115627.8699594896
 20
-147147.1905241439
 10
-115624.6949594896
 20
-147150.3655241439
 10
-113840.3449594896
 20
-147150.3655241439
 10
-113837.1699594896
 20
-147147.1905241439
 10
-113837.1699594896
 20
-146175.8405241439
  0
TEXT
  5
AB
330
17
100
AcDbEntity
  8
NUMBERS
100
AcDbText
 10
-114732.51995948961
 20
-146661.5155241439
 30
0.0
 40
80.0
  1
P-0035
 72
1
 11
-114732.51995948961
 21
-146661.5155241439
 31
0.0
100
AcDbText
 73
2
  0
LWPOLYLINE
  5
AD
330
17
100
AcDbEntity
  8
OUTER
100
AcDbPolyline
 90
8
 70
1
 10
-127939.2681684706
 20
-148989.3476072432
 10
-129723.6181684706
 20
-148989.3476072432
 10
-129726.7931684706
 20
-148992.5226072432
 10
-129726.7931684706
 20
-149963.8726072432
 10
-129723.6181684706
 20
-149967.0476072432
 10
-127939.2681684706
 20
-149967.0476072432
 10
-127936.0931684706
 20
-149963.8726072432
 10
-127936.0931684706
 20
-148992.5226072432
  0
TEXT
  5
AE
330
17
100
AcDbEntity
  8
NUMBERS
100
AcDbText
 10
-128831.4431684706
 20
-149478.1976072432
 30
0.0
 40
80.0
  1
P-0036
 72
1
 11
-128831.4431684706
 21
-149478.1976072432
 31
0.0
100
AcDbText
 73
2
  0
LWPOLYLINE
  5
B0
330
17
100
AcDbEntity
  8
OUTER
100
AcDbPolyline
 90
8
 70
1
 10
-112503.641515001
 20
-151935.0662449468
 10
-114287.991515001
 20
-151935.0662449468
 10
-114291.166515001
 20
-151938.2412449469
 10
-114291.166515001
 20
-152909.5912449468
 10
-114287.991515001
 20
-152912.7662449468
 10
-112503.641515001
 20
-152912.7662449468
 10
-112500.466515001
 20
-152909.5912449468
 10
-112500.466515001
 20
-151938.2412449469
  0
TEXT
  5
B1
330
17
100
AcDbEntity
  8
NUMBERS
100
AcDbText
 10
-113395.816515001
 20
-152423.9162449468
 30
0.0
 40
80.0
  1
P-0037
 72
1
 11
-113395.816515001
 21
-152423.9162449468
 31
0.0
100
AcDbText
 73
2
  0
LWPOLYLINE
  5
B3
330
17
100
AcDbEntity
  8
OUTER
100
AcDbPolyline
 90
8
 70
1
 10
-144817.6795278427
 20
-132140.2091192861
 10
-146602.0295278427
 20
-132140.2091192861
 10
-146605.2045278427
 20
-132143.3841192861
 10
-146605.2045278427
 20
-133114.7341192861
 10
-146602.0295278427
 20
-133117.9091192861
 10
-144817.6795278427
 20
-133117.9091192861
 10
-144814.5045278427
 20
-133114.7341192861
 10
-144814.5045278427
 20
-132143.3841192861
  0
TEXT
  5
B4
330
17
100
AcDbEntity
  8
NUMBERS
100
AcDbText
 10
-145709.85452784272
 20
-132629.0591192861
 30
0.0
 40
80.0
  1
P-0038
 72
1
 11
-145709.85452784272
 21
-132629.0591192861
 31
0.0
100
AcDbText
 73
2
  0
LWPOLYLINE
  5
B6
330
17
100
AcDbEntity
  8
OUTER
100
AcDbPolyline
 90
8
 70
1
 10
-129428.437956602
 20
-134714.5743932279
 10
-131212.787956602
 20
-134714.5743932279
 10
-131215.962956602
 20
-134717.7493932279
 10
-131215.962956602
 20
-135689.0993932279
 10
-131212.787956602
 20
-135692.2743932279
 10
-129428.437956602
 20
-135692.2743932279
 10
-129425.262956602
 20
-135689.0993932279
 10
-129425.262956602
 20
-134717.7493932279
  0
TEXT
  5
B7
330
17
100
AcDbEntity
  8
NUMBERS
100
AcDbText
 10
-130320.612956602
 20
-135203.4243932279
 30
0.0
 40
80.0
  1
P-0039
 72
1
 11
-130320.612956602
 21
-135203.4243932279
 31
0.0
100
AcDbText
 73
2
  0
LWPOLYLINE
  5
B9
330
17
100
AcDbEntity
  8
OUTER
100
AcDbPolyline
 90
8
 70
1
 10
-137250.3051687689
 20
-146357.4423966231
 10
-139034.6551687689
 20
-146357.4423966231
 10
-139037.8301687689
 20
-146360.6173966231
 10
-139037.8301687689
 20
-147331.9673966231
 10
-139034.6551687689
 20
-147335.1423966231
 10
-137250.3051687689
 20
-147335.1423966231
 10
-137247.1301687689
 20
-147331.9673966231
 10
-137247.1301687689
 20
-146360.6173966231
  0
TEXT
  5
BA
330
17
100
AcDbEntity
  8
NUMBERS
100
AcDbText
 10
-138142.4801687689
 20
-146846.29239662312
 30
0.0
 40
80.0
  1
P-0040
 72
1
 11
-138142.4801687689
 21
-146846.29239662312
 31
0.0
100
AcDbText
 73
2
  0
LWPOLYLINE
  5
BC
330
17
100
AcDbEntity
  8
OUTER
100
AcDbPolyline
 90
8
 70
1
 10
-120495.1568979599
 20
-152047.6463112125
 10
-122279.5068979599
 20
-152047.6463112125
 10
-122282.6818979599
 20
-152050.8213112125
 10
-122282.6818979599
 20
-153022.1713112125
 10
-122279.5068979599
 20
-153025.3463112125
 10
-120495.1568979599
 20
-153025.3463112125
 10
-120491.9818979599
 20
-153022.1713112125
 10
-120491.9818979599
 20
-152050.8213112125
  0
TEXT
  5
BD
330
17
100
AcDbEntity
  8
NUMBERS
100
AcDbText
 10
-121387.3318979599
 20
-152536.49631121248
 30
0.0
 40
80.0
  1
P-0041
 72
1
 11
-121387.3318979599
 21
-152536.49631121248
 31
0.0
100
AcDbText
 73
2
  0
LWPOLYLINE
  5
BF
330
17
100
AcDbEntity
  8
OUTER
100
AcDbPolyline
 90
8
 70
1
 10
-128297.9469833287
 20
-131714.1055434721
 10
-130082.2969833287
 20
-131714.1055434721
 10
-130085.4719833287
 20
-131717.2805434721
 10
-130085.4719833287
 20
-132688.6305434721
 10
-130082.2969833287
 20
-132691.8055434721
 10
-128297.9469833287
 20
-132691.8055434721
 10
-128294.7719833287
 20
-132688.6305434721
 10
-128294.7719833287
 20
-131717.2805434721
  0
TEXT
  5
C0
330
17
100
AcDbEntity
  8
NUMBERS
100
AcDbText
 10
-129190.12198332869
 20
-132202.95554347208
 30
0.0
 40
80.0
  1
P-0042
 72
1
 11
-129190.12198332869
 21
-132202.95554347208
 31
0.0
100
AcDbText
 73
2
  0
LWPOLYLINE
  5
C2
330
17
100
AcDbEntity
  8
OUTER
100
AcDbPolyline
 90
8
 70
1
 10
-129020.4280850566
 20
-137862.1100262181
 10
-130804.7780850566
 20
-137862.1100262181
 10
-130807.9530850566
 20
-137865.2850262181
 10
-130807.9530850566
 20
-138836.6350262181
 10
-130804.7780850566
 20
-138839.8100262181
 10
-129020.4280850566
 20
-138839.8100262181
 10
-129017.2530850566
 20
-138836.6350262181
 10
-129017.2530850566
 20
-137865.2850262181
  0
TEXT
  5
C3
330
17
100
AcDbEntity
  8
NUMBERS
100
AcDbText
 10
-129912.60308505659
 20
-138350.9600262181
 30
0.0
 40
80.0
  1
P-0043
 72
1
 11
-129912.60308505659
 21
-138350.9600262181
 31
0.0
100
AcDbText
 73
2
  0
LWPOLYLINE
  5
C5
330
17
100
AcDbEntity
  8
OUTER
100
AcDbPolyline
 90
8
 70
1
 10
-112464.7173208821
 20
-137771.3391890508
 10
-114249.0673208821
 20
-137771.3391890508
 10
-114252.2423208821
 20
-137774.5141890508
 10
-114252.2423208821
 20
-138745.8641890508
 10
-114249.0673208821
 20
-138749.0391890508
 10
-112464.7173208821
 20
-138749.0391890508
 10
-112461.5423208821
 20
-138745.8641890508
 10
-112461.5423208821
 20
-137774.5141890508
  0
TEXT
  5
C6
330
17
100
AcDbEntity
  8
NUMBERS
100
AcDbText
 10
-113356.89232088209
 20
-138260.1891890508
 30
0.0
 40
80.0
  1
P-0044
 72
1
 11
-113356.89232088209
 21
-138260.1891890508
 31
0.0
100
AcDbText
 73
2
  0
LWPOLYLINE
  5
C8
330
17
100
AcDbEntity
  8
OUTER
100
AcDbPolyline
 90
8
 70
1
 10
-121357.81427262
 20
-149142.4214350919
 10
-123142.16427262
 20
-149142.4214350919
 10
-123145.33927262
 20
-149145.5964350919
 10
-123145.33927262
 20
-150116.9464350919
 10
-123142.16427262
 20
-150120.1214350919
 10
-121357.81427262
 20
-150120.1214350919
 10
-121354.63927262
 20
-150116.9464350919
 10
-121354.63927262
 20
-149145.5964350919
  0
TEXT
  5
C9
330
17
100
AcDbEntity
  8
NUMBERS
100
AcDbText
 10
-122249.98927262
 20
-149631.2714350919
 30
0.0
 40
80.0
  1
P-0045
 72
1
 11
-122249.98927262
 21
-149631.2714350919
 31
0.0
100
AcDbText
 73
2
  0
LWPOLYLINE
  5
CB
330
17
100
AcDbEntity
  8
OUTER
100
AcDbPolyline
 90
8
 70
1
 10
-152625.9182296723
 20
-134853.033450471
 10
-154410.2682296723
 20
-134853.033450471
 10
-154413.4432296723
 20
-134856.2084504709
 10
-154413.4432296723
 20
-135827.558450471
 10
-154410.2682296723
 20
-135830.733450471
 10
-152625.9182296723
 20
-135830.733450471
 10
-152622.7432296723
 20
-135827.558450471
 10
-152622.7432296723
 20
-134856.2084504709
  0
TEXT
  5
CC
330
17
100
AcDbEntity
  8
NUMBERS
100
AcDbText
 10
-153518.0932296723
 20
-135341.88345047098
 30
0.0
 40
80.0
  1
P-0046
 72
1
 11
-153518.0932296723
 21
-135341.88345047098
 31
0.0
100
AcDbText
 73
2
  0
LWPOLYLINE
  5
CE
330
17
100
AcDbEntity
  8
OUTER
100
AcDbPolyline
 90
8
 70
1
 10
-136988.3543794358
 20
-152530.6062853868
 10
-138772.7043794358
 20
-152530.6062853868
 10
-138775.8793794358
 20
-152533.7812853868
 10
-138775.8793794358
 20
-153505.1312853868
 10
-138772.7043794358
 20
-153508.3062853868
 10
-136988.3543794358
 20
-153508.3062853868
 10
-136985.1793794358
 20
-153505.1312853868
 10
-136985.1793794358
 20
-152533.7812853868
  0
TEXT
  5
CF
330
17
100
AcDbEntity
  8
NUMBERS
100
AcDbText
 10
-137880.52937943581
 20
-153019.4562853868
 30
0.0
 40
80.0
  1
P-0047
 72
1
 11
-137880.52937943581
 21
-153019.4562853868
 31
0.0
100
AcDbText
 73
2
  0
LWPOLYLINE
  5
D1
330
17
100
AcDbEntity
  8
OUTER
100
AcDbPolyline
 90
8
 70
1
 10
-136912.5030408066
 20
-131602.9255793395
 10
-138696.8530408067
 20
-131602.9255793395
 10
-138700.0280408066
 20
-131606.1005793395
 10
-138700.0280408066
 20
-132577.4505793395
 10
-138696.8530408067
 20
-132580.6255793395
 10
-136912.5030408066
 20
-132580.6255793395
 10
-136909.3280408067
 20
-132577.4505793395
 10
-136909.3280408067
 20
-131606.1005793395
  0
TEXT
  5
D2
330
17
100
AcDbEntity
  8
NUMBERS
100
AcDbText
 10
-137804.67804080664
 20
-132091.7755793395
 30
0.0
 40
80.0
  1
P-0048
 72
1
 11
-137804.67804080664
 21
-132091.7755793395
 31
0.0
100
AcDbText
 73
2
  0
LWPOLYLINE
  5
D4
330
17
100
AcDbEntity
  8
OUTER
100
AcDbPolyline
 90
8
 70
1
 10
-144635.7648579916
 20
-152415.8623599368
 10
-146420.1148579916
 20
-152415.8623599368
 10
-146423.2898579916
 20
-152419.0373599368
 10
-146423.2898579916
 20
-153390.3873599368
 10
-146420.1148579916
 20
-153393.5623599368
 10
-144635.7648579916
 20
-153393.5623599368
 10
-144632.5898579917
 20
-153390.3873599368
 10
-144632.5898579917
 20
-152419.0373599368
  0
TEXT
  5
D5
330
17
100
AcDbEntity
  8
NUMBERS
100
AcDbText
 10
-145527.93985799165
 20
-152904.7123599368
 30
0.0
 40
80.0
  1
P-0049
 72
1
 11
-145527.93985799165
 21
-152904.7123599368
 31
0.0
100
AcDbText
 73
2
  0
LWPOLYLINE
  5
D7
330
17
100
AcDbEntity
  8
OUTER
100
AcDbPolyline
 90
8
 70
1
 10
-144658.3650007074
 20
-137922.8258912722
 10
-146442.7150007074
 20
-137922.8258912722
 10
-146445.8900007074
 20
-137926.0008912721
 10
-146445.8900007074
 20
-138897.3508912721
 10
-146442.7150007074
 20
-138900.5258912721
 10
-144658.3650007074
 20
-138900.5258912721
 10
-144655.1900007074
 20
-138897.3508912721
 10
-144655.1900007074
 20
-137926.0008912721
  0
TEXT
  5
D8
330
17
100
AcDbEntity
  8
NUMBERS
100
AcDbText
 10
-145550.5400007074
 20
-138411.67589127214
 30
0.0
 40
80.0
  1
P-0050
 72
1
 11
-145550.5400007074
 21
-138411.67589127214
 31
0.0
100
AcDbText
 73
2
  0
LWPOLYLINE
  5
DA
330
17
100
AcDbEntity
  8
OUTER
100
AcDbPolyline
 90
8
 70
1
 10
-143609.0702473813
 20
-135051.6438222912
 10
-145393.4202473813
 20
-135051.6438222912
 10
-145396.5952473813
 20
-135054.8188222912
 10
-145396.5952473813
 20
-136026.1688222912
 10
-145393.4202473813
 20
-136029.3438222911
 10
-143609.0702473813
 20
-136029.3438222911
 10
-143605.8952473813
 20
-136026.1688222912
 10
-143605.8952473813
 20
-135054.8188222912
  0
TEXT
  5
DB
330
17
100
AcDbEntity
  8
NUMBERS
100
AcDbText
 10
-144501.2452473813
 20
-135540.49382229114
 30
0.0
 40
80.0
  1
P-0051
 72
1
 11
-144501.2452473813
 21
-135540.49382229114
 31
0.0
100
AcDbText
 73
2
  0
LWPOLYLINE
  5
DD
330
17
100
AcDbEntity
  8
OUTER
100
AcDbPolyline
 90
8
 70
1
 10
-105489.1177817914
 20
-136835.5044339321
 10
-107273.4677817914
 20
-136835.5044339321
 10
-107276.6427817914
 20
-136838.679433932
 10
-107276.6427817914
 20
-137810.0294339321
 10
-107273.4677817914
 20
-137813.204433932
 10
-105489.1177817914
 20
-137813.204433932
 10
-105485.9427817914
 20
-137810.0294339321
 10
-105485.9427817914
 20
-136838.679433932
  0
TEXT
  5
DE
330
17
100
AcDbEntity
  8
NUMBERS
100
AcDbText
 10
-106381.29278179139
 20
-137324.35443393205
 30
0.0
 40
80.0
  1
P-0052
 72
1
 11
-106381.29278179139
 21
-137324.35443393205
 31
0.0
100
AcDbText
 73
2
  0
LWPOLYLINE
  5
E0
330
17
100
AcDbEntity
  8
OUTER
100
AcDbPolyline
 90
8
 70
1
 10
-127794.5725428823
 20
-146190.5558900515
 10
-129578.9225428823
 20
-146190.5558900515
 10
-129582.0975428823
 20
-146193.7308900514
 10
-129582.0975428823
 20
-147165.0808900515
 10
-129578.9225428823
 20
-147168.2558900514
 10
-127794.5725428823
 20
-147168.2558900514
 10
-127791.3975428823
 20
-147165.0808900515
 10
-127791.3975428823
 20
-146193.7308900514
  0
TEXT
  5
E1
330
17
100
AcDbEntity
  8
NUMBERS
100
AcDbText
 10
-128686.74754288231
 20
-146679.40589005145
 30
0.0
 40
80.0
  1
P-0053
 72
1
 11
-128686.74754288231
 21
-146679.40589005145
 31
0.0
100
AcDbText
 73
2
  0
LWPOLYLINE
  5
E3
330
17
100
AcDbEntity
  8
OUTER
100
AcDbPolyline
 90
8
 70
1
 10
-135768.5057621369
 20
-137684.42383478
 10
-137552.8557621368
 20
-137684.42383478
 10
-137556.0307621368
 20
-137687.5988347799
 10
-137556.0307621368
 20
-138658.94883478
 10
-137552.8557621368
 20
-138662.1238347799
 10
-135768.5057621369
 20
-138662.1238347799
 10
-135765.3307621369
 20
-138658.94883478
 10
-135765.3307621369
 20
-137687.5988347799
  0
TEXT
  5
E4
330
17
100
AcDbEntity
  8
NUMBERS
100
AcDbText
 10
-136660.68076213685
 20
-138173.27383477995
 30
0.0
 40
80.0
  1
P-0054
 72
1
 11
-136660.68076213685
 21
-138173.27383477995
 31
0.0
100
AcDbText
 73
2
  0
LWPOLYLINE
  5
E6
330
17
100
AcDbEntity
  8
OUTER
100
AcDbPolyline
 90
8
 70
1
 10
-112591.6214508623
 20
-131881.5987082333
 10
-114375.9714508623
 20
-131881.5987082333
 10
-114379.1464508622
 20
-131884.7737082333
 10
-114379.1464508622
 20
-132856.1237082333
 10
-114375.9714508623
 20
-132859.2987082332
 10
-112591.6214508623
 20
-132859.2987082332
 10
-112588.4464508623
 20
-132856.1237082333
 10
-112588.4464508623
 20
-131884.7737082333
  0
TEXT
  5
E7
330
17
100
AcDbEntity
  8
NUMBERS
100
AcDbText
 10
-113483.79645086225
 20
-132370.44870823325
 30
0.0
 40
80.0
  1
P-0055
 72
1
 11
-113483.79645086225
 21
-132370.44870823325
 31
0.0
100
AcDbText
 73
2
  0
LWPOLYLINE
  5
E9
330
17
100
AcDbEntity
  8
OUTER
100
AcDbPolyline
 90
5
 70
1
 10
-154477.3420639413
 20
-148150.1231955205
 10
-152272.3040639413
 20
-148150.1231955205
 10
-152272.3040639413
 20
-148810.5231955205
 10
-152275.4790639413
 20
-148813.6981955205
 10
-154477.3420639413
 20
-148813.6981955205
  0
LWPOLYLINE
  5
EA
330
17
100
AcDbEntity
  8
HOLES
100
AcDbPolyline
 90
8
 70
1
 10
-153470.8670639413
 20
-148312.0481955204
 10
-152835.8670639413
 20
-148312.0481955204
 10
-152829.5170639413
 20
-148318.3981955204
 10
-152829.5170639413
 20
-148699.3981955204
 10
-152835.8670639413
 20
-148705.7481955204
 10
-153470.8670639413
 20
-148705.7481955204
 10
-153477.2170639413
 20
-148699.3981955204
 10
-153477.2170639413
 20
-148318.3981955204
  0
CIRCLE
  5
EB
330
17
100
AcDbEntity
  8
HOLES
100
AcDbCircle
 10
-153153.3670639413
 20
-148256.4856955205
 30
0.0
 40
17.4625
  0
TEXT
  5
EC
330
17
100
AcDbEntity
  8
NUMBERS
100
AcDbText
 10
-154006.56429758391
 20
-148482.17986519824
 30
0.0
 40
80.0
  1
P-0056
 72
1
 11
-154006.56429758391
 21
-148482.17986519824
 31
0.0
100
AcDbText
 73
2
  0
LWPOLYLINE
  5
EE
330
17
100
AcDbEntity
  8
OUTER
100
AcDbPolyline
 90
5
 70
1
 10
-161112.1445075763
 20
-148680.6234111682
 10
-158903.9315075762
 20
-148680.6234111682
 10
-158903.9315075762
 20
-148029.7484111682
 10
-161115.3195075762
 20
-148029.7484111682
 10
-161115.3195075762
 20
-148677.4484111682
  0
LWPOLYLINE
  5
EF
330
17
100
AcDbEntity
  8
HOLES
100
AcDbPolyline
 90
8
 70
1
 10
-160551.7565075763
 20
-148178.9734111681
 10
-159916.7565075763
 20
-148178.9734111681
 10
-159910.4065075763
 20
-148185.3234111681
 10
-159910.4065075763
 20
-148566.3234111681
 10
-159916.7565075763
 20
-148572.6734111682
 10
-160551.7565075763
 20
-148572.6734111682
 10
-160558.1065075763
 20
-148566.3234111681
 10
-160558.1065075763
 20
-148185.3234111681
  0
CIRCLE
  5
F0
330
17
100
AcDbEntity
  8
HOLES
100
AcDbCircle
 10
-160234.2565075763
 20
-148123.4109111681
 30
0.0
 40
17.4625
  0
TEXT
  5
F1
330
17
100
AcDbEntity
  8
NUMBERS
100
AcDbText
 10
-159489.44183130667
 20
-148355.45585599242
 30
0.0
 40
80.0
  1
P-0057
 72
1
 11
-159489.44183130667
 21
-148355.45585599242
 31
0.0
100
AcDbText
 73
2
  0
LWPOLYLINE
  5
F3
330
17
100
AcDbEntity
  8
OUTER
100
AcDbPolyline
 90
5
 70
1
 10
-119581.9654694273
 20
-130616.8597251467
 10
-121791.7654694273
 20
-130616.8597251467
 10
-121791.7654694273
 20
-131261.3847251467
 10
-121788.5904694273
 20
-131264.5597251467
 10
-119581.9654694273
 20
-131264.5597251467
  0
LWPOLYLINE
  5
F4
330
17
100
AcDbEntity
  8
HOLES
100
AcDbPolyline
 90
8
 70
1
 10
-121229.7904694273
 20
-130762.9097251467
 10
-120594.7904694273
 20
-130762.9097251467
 10
-120588.4404694273
 20
-130769.2597251467
 10
-120588.4404694273
 20
-131150.2597251468
 10
-120594.7904694273
 20
-131156.6097251467
 10
-121229.7904694273
 20
-131156.6097251467
 10
-121236.1404694273
 20
-131150.2597251468
 10
-121236.1404694273
 20
-130769.2597251467
  0
CIRCLE
  5
F5
330
17
100
AcDbEntity
  8
HOLES
100
AcDbCircle
 10
-120912.2904694273
 20
-130707.3472251467
 30
0.0
 40
17.4625
  0
TEXT
  5
F6
330
17
100
AcDbEntity
  8
NUMBERS
100
AcDbText
 10
-120201.04396063824
 20
-130940.43997417013
 30
0.0
 40
80.0
  1
P-0058
 72
1
 11
-120201.04396063824
 21
-130940.43997417013
 31
0.0
100
AcDbText
 73
2
  0
LWPOLYLINE
  5
F8
330
17
100
AcDbEntity
  8
OUTER
100
AcDbPolyline
 90
5
 70
1
 10
-162340.9609471505
 20
-136533.96539619
 10
-160132.7489471505
 20
-136533.96539619
 10
-160132.7489471505
 20
-137178.4903961901
 10
-160135.9239471505
 20
-137181.6653961901
 10
-162340.9609471505
 20
-137181.6653961901
  0
LWPOLYLINE
  5
F9
330
17
100
AcDbEntity
  8
HOLES
100
AcDbPolyline
 90
8
 70
1
 10
-161332.8984471505
 20
-136680.01539619
 10
-160697.8984471505
 20
-136680.01539619
 10
-160691.5484471505
 20
-136686.3653961901
 10
-160691.5484471505
 20
-137067.36539619
 10
-160697.8984471505
 20
-137073.7153961901
 10
-161332.8984471505
 20
-137073.7153961901
 10
-161339.2484471505
 20
-137067.36539619
 10
-161339.2484471505
 20
-136686.3653961901
  0
CIRCLE
  5
FA
330
17
100
AcDbEntity
  8
HOLES
100
AcDbCircle
 10
-161015.3984471505
 20
-136624.45289619
 30
0.0
 40
17.4625
  0
TEXT
  5
FB
330
17
100
AcDbEntity
  8
NUMBERS
100
AcDbText
 10
-161730.95316443566
 20
-136858.08495331896
 30
0.0
 40
80.0
  1
P-0059
 72
1
 11
-161730.95316443566
 21
-136858.08495331896
 31
0.0
100
AcDbText
 73
2
  0
LWPOLYLINE
  5
FD
330
17
100
AcDbEntity
  8
OUTER
100
AcDbPolyline
 90
6
 70
1
 10
-119976.1037195531
 20
-134160.2118039102
 10
-121916.0669692907
 20
-134160.2118039102
 10
-121919.2419692907
 20
-134157.0368039102
 10
-121919.2419692907
 20
-133509.3368039102
 10
-119972.9287195531
 20
-133509.3368039102
 10
-119972.9287195531
 20
-134157.0368039102
  0
LWPOLYLINE
  5
FE
330
17
100
AcDbEntity
  8
HOLES
100
AcDbPolyline
 90
8
 70
1
 10
-121344.5664692907
 20
-133658.5618039102
 10
-120709.5664692907
 20
-133658.5618039102
 10
-120703.2164692907
 20
-133664.9118039102
 10
-120703.2164692907
 20
-134045.9118039102
 10
-120709.5664692907
 20
-134052.2618039102
 10
-121344.5664692907
 20
-134052.2618039102
 10
-121350.9164692907
 20
-134045.9118039102
 10
-121350.9164692907
 20
-133664.9118039102
  0
CIRCLE
  5
FF
330
17
100
AcDbEntity
  8
HOLES
100
AcDbCircle
 10
-121027.0664692907
 20
-133602.9993039102
 30
0.0
 40
17.4625
  0
TEXT
  5
100
330
17
100
AcDbEntity
  8
NUMBERS
100
AcDbText
 10
-120312.44063775075
 20
-133834.53671684358
 30
0.0
 40
80.0
  1
P-0060
 72
1
 11
-120312.44063775075
 21
-133834.53671684358
 31
0.0
100
AcDbText
 73
2
  0
LWPOLYLINE
  5
102
330
17
100
AcDbEntity
  8
OUTER
100
AcDbPolyline
 90
6
 70
1
 10
-154356.6717949774
 20
-145062.3105158724
 10
-152413.5717949774
 20
-145062.3105158724
 10
-152413.5717949774
 20
-145710.0105158724
 10
-152416.7467949774
 20
-145713.1855158724
 10
-154353.4967949774
 20
-145713.1855158724
 10
-154356.6717949774
 20
-145710.0105158724
  0
LWPOLYLINE
  5
103
330
17
100
AcDbEntity
  8
HOLES
100
AcDbPolyline
 90
8
 70
1
 10
-153620.0717949774
 20
-145211.5355158724
 10
-152985.0717949774
 20
-145211.5355158724
 10
-152978.7217949774
 20
-145217.8855158724
 10
-152978.7217949774
 20
-145598.8855158724
 10
-152985.0717949774
 20
-145605.2355158724
 10
-153620.0717949774
 20
-145605.2355158724
 10
-153626.4217949774
 20
-145598.8855158724
 10
-153626.4217949774
 20
-145217.8855158724
  0
CIRCLE
  5
104
330
17
100
AcDbEntity
  8
HOLES
100
AcDbCircle
 10
-153302.5717949774
 20
-145155.9730158724
 30
0.0
 40
17.4625
  0
TEXT
  5
105
330
17
100
AcDbEntity
  8
NUMBERS
100
AcDbText
 10
-154018.19478081723
 20
-145387.9852106966
 30
0.0
 40
80.0
  1
P-0061
 72
1
 11
-154018.19478081723
 21
-145387.9852106966
 31
0.0
100
AcDbText
 73
2
  0
LWPOLYLINE
  5
107
330
17
100
AcDbEntity
  8
OUTER
100
AcDbPolyline
 90
6
 70
1
 10
-160859.2420873417
 20
-150960.09442229
 10
-158917.7290873417
 20
-150960.09442229
 10
-158917.7290873417
 20
-151604.61942229
 10
-158920.9040873417
 20
-151607.79442229
 10
-160856.0670873417
 20
-151607.79442229
 10
-160859.2420873417
 20
-151604.61942229
  0
LWPOLYLINE
  5
108
330
17
100
AcDbEntity
  8
HOLES
100
AcDbPolyline
 90
8
 70
1
 10
-160295.6790873417
 20
-151106.14442229
 10
-159660.6790873417
 20
-151106.14442229
 10
-159654.3290873417
 20
-151112.49442229
 10
-159654.3290873417
 20
-151493.49442229
 10
-159660.6790873417
 20
-151499.84442229
 10
-160295.6790873417
 20
-151499.84442229
 10
-160302.0290873417
 20
-151493.49442229
 10
-160302.0290873417
 20
-151112.49442229
  0
CIRCLE
  5
109
330
17
100
AcDbEntity
  8
HOLES
100
AcDbCircle
 10
-159978.1790873417
 20
-151050.58192229
 30
0.0
 40
17.4625
  0
TEXT
  5
10A
330
17
100
AcDbEntity
  8
NUMBERS
100
AcDbText
 10
-159255.45565289346
 20
-151283.7074211914
 30
0.0
 40
80.0
  1
P-0062
 72
1
 11
-159255.45565289346
 21
-151283.7074211914
 31
0.0
100
AcDbText
 73
2
  0
LWPOLYLINE
  5
10C
330
17
100
AcDbEntity
  8
OUTER
100
AcDbPolyline
 90
6
 70
1
 10
-162346.0039564246
 20
-133685.7345821403
 10
-160407.6664564246
 20
-133685.7345821403
 10
-160407.6664564246
 20
-134330.2595821403
 10
-160410.8414564246
 20
-134333.4345821403
 10
-162342.8289564247
 20
-134333.4345821403
 10
-162346.0039564246
 20
-134330.2595821403
  0
LWPOLYLINE
  5
10D
330
17
100
AcDbEntity
  8
HOLES
100
AcDbPolyline
 90
8
 70
1
 10
-161609.4039564246
 20
-133831.7845821402
 10
-160974.4039564246
 20
-133831.7845821402
 10
-160968.0539564246
 20
-133838.1345821402
 10
-160968.0539564246
 20
-134219.1345821402
 10
-160974.4039564246
 20
-134225.4845821402
 10
-161609.4039564246
 20
-134225.4845821402
 10
-161615.7539564246
 20
-134219.1345821402
 10
-161615.7539564246
 20
-133838.1345821402
  0
CIRCLE
  5
10E
330
17
100
AcDbEntity
  8
HOLES
100
AcDbCircle
 10
-161291.9039564246
 20
-133776.2220821402
 30
0.0
 40
17.4625
  0
TEXT
  5
10F
330
17
100
AcDbEntity
  8
NUMBERS
100
AcDbText
 10
-161999.8384580725
 20
-134009.34796867595
 30
0.0
 40
80.0
  1
P-0063
 72
1
 11
-161999.8384580725
 21
-134009.34796867595
 31
0.0
100
AcDbText
 73
2
  0
LWPOLYLINE
  5
111
330
17
100
AcDbEntity
  8
OUTER
100
AcDbPolyline
 90
6
 70
1
 10
-160959.0591631567
 20
-145010.3056596763
 10
-159041.3591631567
 20
-145010.3056596763
 10
-159041.3591631567
 20
-145658.0056596763
 10
-159044.5341631567
 20
-145661.1806596763
 10
-160955.8841631567
 20
-145661.1806596763
 10
-160959.0591631567
 20
-145658.0056596763
  0
LWPOLYLINE
  5
112
330
17
100
AcDbEntity
  8
HOLES
100
AcDbPolyline
 90
8
 70
1
 10
-160395.4961631567
 20
-145159.5306596762
 10
-159760.4961631567
 20
-145159.5306596762
 10
-159754.1461631567
 20
-145165.8806596762
 10
-159754.1461631567
 20
-145546.8806596762
 10
-159760.4961631567
 20
-145553.2306596762
 10
-160395.4961631567
 20
-145553.2306596762
 10
-160401.8461631567
 20
-145546.8806596762
 10
-160401.8461631567
 20
-145165.8806596762
  0
CIRCLE
  5
113
330
17
100
AcDbEntity
  8
HOLES
100
AcDbCircle
 10
-160077.9961631567
 20
-145103.9681596762
 30
0.0
 40
17.4625
  0
TEXT
  5
114
330
17
100
AcDbEntity
  8
NUMBERS
100
AcDbText
 10
-159378.2207720434
 20
-145335.50906543803
 30
0.0
 40
80.0
  1
P-0064
 72
1
 11
-159378.2207720434
 21
-145335.50906543803
 31
0.0
100
AcDbText
 73
2
  0
LWPOLYLINE
  5
116
330
17
100
AcDbEntity
  8
OUTER
100
AcDbPolyline
 90
6
 70
1
 10
-153113.7852249578
 20
-136804.2465223915
 10
-151194.4972249578
 20
-136804.2465223915
 10
-151194.4972249578
 20
-137448.7715223916
 10
-151197.6722249578
 20
-137451.9465223915
 10
-153110.6102249578
 20
-137451.9465223915
 10
-153113.7852249578
 20
-137448.7715223916
  0
LWPOLYLINE
  5
117
330
17
100
AcDbEntity
  8
HOLES
100
AcDbPolyline
 90
8
 70
1
 10
-152547.4597249578
 20
-136950.2965223915
 10
-151912.4597249578
 20
-136950.2965223915
 10
-151906.1097249578
 20
-136956.6465223915
 10
-151906.1097249578
 20
-137337.6465223915
 10
-151912.4597249578
 20
-137343.9965223915
 10
-152547.4597249578
 20
-137343.9965223915
 10
-152553.8097249578
 20
-137337.6465223915
 10
-152553.8097249578
 20
-136956.6465223915
  0
CIRCLE
  5
118
330
17
100
AcDbEntity
  8
HOLES
100
AcDbCircle
 10
-152229.9597249578
 20
-136894.7340223915
 30
0.0
 40
17.4625
  0
TEXT
  5
119
330
17
100
AcDbEntity
  8
NUMBERS
100
AcDbText
 10
-151577.08966929375
 20
-137128.3308104774
 30
0.0
 40
80.0
  1
P-0065
 72
1
 11
-151577.08966929375
 21
-137128.3308104774
 31
0.0
100
AcDbText
 73
2
  0
LWPOLYLINE
  5
11B
330
17
100
AcDbEntity
  8
OUTER
100
AcDbPolyline
 90
6
 70
1
 10
-162341.6644452097
 20
-130340.8018972332
 10
-160423.9644452097
 20
-130340.8018972332
 10
-160423.9644452097
 20
-130985.3268972333
 10
-160427.1394452097
 20
-130988.5018972333
 10
-162338.4894452097
 20
-130988.5018972333
 10
-162341.6644452097
 20
-130985.3268972333
  0
LWPOLYLINE
  5
11C
330
17
100
AcDbEntity
  8
HOLES
100
AcDbPolyline
 90
8
 70
1
 10
-161624.1144452097
 20
-130486.8518972332
 10
-160989.1144452097
 20
-130486.8518972332
 10
-160982.7644452097
 20
-130493.2018972333
 10
-160982.7644452097
 20
-130874.2018972332
 10
-160989.1144452097
 20
-130880.5518972333
 10
-161624.1144452097
 20
-130880.5518972333
 10
-161630.4644452097
 20
-130874.2018972332
 10
-161630.4644452097
 20
-130493.2018972333
  0
CIRCLE
  5
11D
330
17
100
AcDbEntity
  8
HOLES
100
AcDbCircle
 10
-161306.6144452097
 20
-130431.2893972332
 30
0.0
 40
17.4625
  0
TEXT
  5
11E
330
17
100
AcDbEntity
  8
NUMBERS
100
AcDbText
 10
-162008.54834413546
 20
-130664.88599147154
 30
0.0
 40
80.0
  1
P-0066
 72
1
 11
-162008.54834413546
 21
-130664.88599147154
 31
0.0
100
AcDbText
 73
2
  0
LWPOLYLINE
  5
120
330
17
100
AcDbEntity
  8
OUTER
100
AcDbPolyline
 90
6
 70
1
 10
-154463.2717502657
 20
-151220.5321227152
 10
-152545.5717502657
 20
-151220.5321227152
 10
-152545.5717502657
 20
-151865.0571227152
 10
-152548.7467502657
 20
-151868.2321227152
 10
-154460.0967502657
 20
-151868.2321227152
 10
-154463.2717502657
 20
-151865.0571227152
  0
LWPOLYLINE
  5
121
330
17
100
AcDbEntity
  8
HOLES
100
AcDbPolyline
 90
8
 70
1
 10
-153744.1347502657
 20
-151366.5821227152
 10
-153109.1347502657
 20
-151366.5821227152
 10
-153102.7847502657
 20
-151372.9321227152
 10
-153102.7847502657
 20
-151753.9321227152
 10
-153109.1347502657
 20
-151760.2821227152
 10
-153744.1347502657
 20
-151760.2821227152
 10
-153750.4847502657
 20
-151753.9321227152
 10
-153750.4847502657
 20
-151372.9321227152
  0
CIRCLE
  5
122
330
17
100
AcDbEntity
  8
HOLES
100
AcDbCircle
 10
-153426.6347502657
 20
-151311.0196227152
 30
0.0
 40
17.4625
  0
TEXT
  5
123
330
17
100
AcDbEntity
  8
NUMBERS
100
AcDbText
 10
-154127.34651833214
 20
-151544.6162169535
 30
0.0
 40
80.0
  1
P-0067
 72
1
 11
-154127.34651833214
 21
-151544.6162169535
 31
0.0
100
AcDbText
 73
2
  0
LWPOLYLINE
  5
125
330
17
100
AcDbEntity
  8
OUTER
100
AcDbPolyline
 90
6
 70
1
 10
-146654.2212376343
 20
-136899.5748762392
 10
-144834.9462376343
 20
-136899.5748762392
 10
-144834.9462376343
 20
-137547.2748762393
 10
-144838.1212376343
 20
-137550.4498762393
 10
-146651.0462376343
 20
-137550.4498762393
 10
-146654.2212376343
 20
-137547.2748762393
  0
LWPOLYLINE
  5
126
330
17
100
AcDbEntity
  8
HOLES
100
AcDbPolyline
 90
8
 70
1
 10
-145935.0842376343
 20
-137048.7998762392
 10
-145300.0842376343
 20
-137048.7998762392
 10
-145293.7342376343
 20
-137055.1498762392
 10
-145293.7342376343
 20
-137436.1498762392
 10
-145300.0842376343
 20
-137442.4998762392
 10
-145935.0842376343
 20
-137442.4998762392
 10
-145941.4342376343
 20
-137436.1498762392
 10
-145941.4342376343
 20
-137055.1498762392
  0
CIRCLE
  5
127
330
17
100
AcDbEntity
  8
HOLES
100
AcDbCircle
 10
-145617.5842376343
 20
-136993.2373762392
 30
0.0
 40
17.4625
  0
TEXT
  5
128
330
17
100
AcDbEntity
  8
NUMBERS
100
AcDbText
 10
-146268.0250431763
 20
-137225.23445570702
 30
0.0
 40
80.0
  1
P-0068
 72
1
 11
-146268.0250431763
 21
-137225.23445570702
 31
0.0
100
AcDbText
 73
2
  0
LWPOLYLINE
  5
12A
330
17
100
AcDbEntity
  8
OUTER
100
AcDbPolyline
 90
6
 70
1
 10
-138905.8633375792
 20
-133647.5262713427
 10
-137086.5883375792
 20
-133647.5262713427
 10
-137086.5883375792
 20
-134295.2262713427
 10
-137089.7633375792
 20
-134298.4012713427
 10
-138902.6883375792
 20
-134298.4012713427
 10
-138905.8633375792
 20
-134295.2262713427
  0
LWPOLYLINE
  5
12B
330
17
100
AcDbEntity
  8
HOLES
100
AcDbPolyline
 90
8
 70
1
 10
-138185.1183375792
 20
-133796.7512713426
 10
-137550.1183375792
 20
-133796.7512713426
 10
-137543.7683375792
 20
-133803.1012713426
 10
-137543.7683375792
 20
-134184.1012713427
 10
-137550.1183375792
 20
-134190.4512713427
 10
-138185.1183375792
 20
-134190.4512713427
 10
-138191.4683375792
 20
-134184.1012713427
 10
-138191.4683375792
 20
-133803.1012713426
  0
CIRCLE
  5
12C
330
17
100
AcDbEntity
  8
HOLES
100
AcDbCircle
 10
-137867.6183375792
 20
-133741.1887713426
 30
0.0
 40
17.4625
  0
TEXT
  5
12D
330
17
100
AcDbEntity
  8
NUMBERS
100
AcDbText
 10
-138532.54775225205
 20
-133972.74169187495
 30
0.0
 40
80.0
  1
P-0069
 72
1
 11
-138532.54775225205
 21
-133972.74169187495
 31
0.0
100
AcDbText
 73
2
  0
LWPOLYLINE
  5
12F
330
17
100
AcDbEntity
  8
OUTER
100
AcDbPolyline
 90
6
 70
1
 10
-137004.615180446
 20
-136516.6914435993
 10
-135185.340180446
 20
-136516.6914435993
 10
-135185.340180446
 20
-137164.3914435993
 10
-135188.515180446
 20
-137167.5664435993
 10
-137001.440180446
 20
-137167.5664435993
 10
-137004.615180446
 20
-137164.3914435993
  0
LWPOLYLINE
  5
130
330
17
100
AcDbEntity
  8
HOLES
100
AcDbPolyline
 90
8
 70
1
 10
-136539.477180446
 20
-136665.9164435992
 10
-135904.477180446
 20
-136665.9164435992
 10
-135898.127180446
 20
-136672.2664435992
 10
-135898.127180446
 20
-137053.2664435992
 10
-135904.477180446
 20
-137059.6164435992
 10
-136539.477180446
 20
-137059.6164435992
 10
-136545.827180446
 20
-137053.2664435992
 10
-136545.827180446
 20
-136672.2664435992
  0
CIRCLE
  5
131
330
17
100
AcDbEntity
  8
HOLES
100
AcDbCircle
 10
-136221.977180446
 20
-136610.3539435992
 30
0.0
 40
17.4625
  0
TEXT
  5
132
330
17
100
AcDbEntity
  8
NUMBERS
100
AcDbText
 10
-135540.44524941573
 20
-136841.90686413154
 30
0.0
 40
80.0
  1
P-0070
 72
1
 11
-135540.44524941573
 21
-136841.90686413154
 31
0.0
100
AcDbText
 73
2
  0
LWPOLYLINE
  5
134
330
17
100
AcDbEntity
  8
OUTER
100
AcDbPolyline
 90
6
 70
1
 10
-131016.2843219835
 20
-136752.6793368858
 10
-129197.0093219835
 20
-136752.6793368858
 10
-129197.0093219835
 20
-137400.3793368858
 10
-129200.1843219835
 20
-137403.5543368858
 10
-131013.1093219835
 20
-137403.5543368858
 10
-131016.2843219835
 20
-137400.3793368858
  0
LWPOLYLINE
  5
135
330
17
100
AcDbEntity
  8
HOLES
100
AcDbPolyline
 90
8
 70
1
 10
-130297.1473219835
 20
-136901.9043368858
 10
-129662.1473219835
 20
-136901.9043368858
 10
-129655.7973219835
 20
-136908.2543368858
 10
-129655.7973219835
 20
-137289.2543368858
 10
-129662.1473219835
 20
-137295.6043368858
 10
-130297.1473219835
 20
-137295.6043368858
 10
-130303.4973219835
 20
-137289.2543368858
 10
-130303.4973219835
 20
-136908.2543368858
  0
CIRCLE
  5
136
330
17
100
AcDbEntity
  8
HOLES
100
AcDbCircle
 10
-129979.6473219835
 20
-136846.3418368858
 30
0.0
 40
17.4625
  0
TEXT
  5
137
330
17
100
AcDbEntity
  8
NUMBERS
100
AcDbText
 10
-130638.97130623646
 20
-137078.3389163536
 30
0.0
 40
80.0
  1
P-0071
 72
1
 11
-130638.97130623646
 21
-137078.3389163536
 31
0.0
100
AcDbText
 73
2
  0
LWPOLYLINE
  5
139
330
17
100
AcDbEntity
  8
OUTER
100
AcDbPolyline
 90
6
 70
1
 10
-129433.8937307984
 20
-147842.6570902402
 10
-127614.6187307984
 20
-147842.6570902402
 10
-127614.6187307984
 20
-148490.3570902402
 10
-127617.7937307984
 20
-148493.5320902402
 10
-129430.7187307984
 20
-148493.5320902402
 10
-129433.8937307984
 20
-148490.3570902402
  0
LWPOLYLINE
  5
13A
330
17
100
AcDbEntity
  8
HOLES
100
AcDbPolyline
 90
8
 70
1
 10
-128968.7557307983
 20
-147991.8820902402
 10
-128333.7557307983
 20
-147991.8820902402
 10
-128327.4057307983
 20
-147998.2320902402
 10
-128327.4057307983
 20
-148379.2320902402
 10
-128333.7557307983
 20
-148385.5820902402
 10
-128968.7557307983
 20
-148385.5820902402
 10
-128975.1057307984
 20
-148379.2320902402
 10
-128975.1057307984
 20
-147998.2320902402
  0
CIRCLE
  5
13B
330
17
100
AcDbEntity
  8
HOLES
100
AcDbCircle
 10
-128651.2557307984
 20
-147936.3195902402
 30
0.0
 40
17.4625
  0
TEXT
  5
13C
330
17
100
AcDbEntity
  8
NUMBERS
100
AcDbText
 10
-127990.59926973883
 20
-148168.31666970797
 30
0.0
 40
80.0
  1
P-0072
 72
1
 11
-127990.59926973883
 21
-148168.31666970797
 31
0.0
100
AcDbText
 73
2
  0
LWPOLYLINE
  5
13E
330
17
100
AcDbEntity
  8
OUTER
100
AcDbPolyline
 90
6
 70
1
 10
-145371.8657887736
 20
-130340.3268574928
 10
-143552.5907887736
 20
-130340.3268574928
 10
-143552.5907887736
 20
-130988.0268574928
 10
-143555.7657887736
 20
-130991.2018574928
 10
-145368.6907887736
 20
-130991.2018574928
 10
-145371.8657887736
 20
-130988.0268574928
  0
LWPOLYLINE
  5
13F
330
17
100
AcDbEntity
  8
HOLES
100
AcDbPolyline
 90
8
 70
1
 10
-144906.7277887736
 20
-130489.5518574928
 10
-144271.7277887736
 20
-130489.5518574928
 10
-144265.3777887736
 20
-130495.9018574928
 10
-144265.3777887736
 20
-130876.9018574928
 10
-144271.7277887736
 20
-130883.2518574928
 10
-144906.7277887736
 20
-130883.2518574928
 10
-144913.0777887736
 20
-130876.9018574928
 10
-144913.0777887736
 20
-130495.9018574928
  0
CIRCLE
  5
140
330
17
100
AcDbEntity
  8
HOLES
100
AcDbCircle
 10
-144589.2277887736
 20
-130433.9893574927
 30
0.0
 40
17.4625
  0
TEXT
  5
141
330
17
100
AcDbEntity
  8
NUMBERS
100
AcDbText
 10
-143890.37365925702
 20
-130665.98643696058
 30
0.0
 40
80.0
  1
P-0073
 72
1
 11
-143890.37365925702
 21
-130665.98643696058
 31
0.0
100
AcDbText
 73
2
  0
LWPOLYLINE
  5
143
330
17
100
AcDbEntity
  8
OUTER
100
AcDbPolyline
 90
6
 70
1
 10
-107485.1392050349
 20
-135726.5732616582
 10
-105665.8642050349
 20
-135726.5732616582
 10
-105665.8642050349
 20
-136374.2732616582
 10
-105669.0392050349
 20
-136377.4482616582
 10
-107481.9642050349
 20
-136377.4482616582
 10
-107485.1392050349
 20
-136374.2732616582
  0
LWPOLYLINE
  5
144
330
17
100
AcDbEntity
  8
HOLES
100
AcDbPolyline
 90
8
 70
1
 10
-106766.0022050349
 20
-135875.7982616582
 10
-106131.0022050349
 20
-135875.7982616582
 10
-106124.6522050349
 20
-135882.1482616582
 10
-106124.6522050349
 20
-136263.1482616582
 10
-106131.0022050349
 20
-136269.4982616582
 10
-106766.0022050349
 20
-136269.4982616582
 10
-106772.3522050349
 20
-136263.1482616582
 10
-106772.3522050349
 20
-135882.1482616582
  0
CIRCLE
  5
145
330
17
100
AcDbEntity
  8
HOLES
100
AcDbCircle
 10
-106448.5022050349
 20
-135820.2357616582
 30
0.0
 40
17.4625
  0
TEXT
  5
146
330
17
100
AcDbEntity
  8
NUMBERS
100
AcDbText
 10
-107109.60282503002
 20
-136052.23284112598
 30
0.0
 40
80.0
  1
P-0074
 72
1
 11
-107109.60282503002
 21
-136052.23284112598
 31
0.0
100
AcDbText
 73
2
  0
LWPOLYLINE
  5
148
330
17
100
AcDbEntity
  8
OUTER
100
AcDbPolyline
 90
6
 70
1
 10
-137620.0520072332
 20
-148134.6993576331
 10
-135800.7770072332
 20
-148134.6993576331
 10
-135800.7770072332
 20
-148782.3993576331
 10
-135803.9520072332
 20
-148785.5743576331
 10
-137616.8770072332
 20
-148785.5743576331
 10
-137620.0520072332
 20
-148782.3993576331
  0
LWPOLYLINE
  5
149
330
17
100
AcDbEntity
  8
HOLES
100
AcDbPolyline
 90
8
 70
1
 10
-137154.9140072332
 20
-148283.9243576331
 10
-136519.9140072332
 20
-148283.9243576331
 10
-136513.5640072332
 20
-148290.2743576331
 10
-136513.5640072332
 20
-148671.2743576331
 10
-136519.9140072332
 20
-148677.6243576331
 10
-137154.9140072332
 20
-148677.6243576331
 10
-137161.2640072332
 20
-148671.2743576331
 10
-137161.2640072332
 20
-148290.2743576331
  0
CIRCLE
  5
14A
330
17
100
AcDbEntity
  8
HOLES
100
AcDbCircle
 10
-136837.4140072332
 20
-148228.3618576331
 30
0.0
 40
17.4625
  0
TEXT
  5
14B
330
17
100
AcDbEntity
  8
NUMBERS
100
AcDbText
 10
-136178.5341819158
 20
-148460.3589371009
 30
0.0
 40
80.0
  1
P-0075
 72
1
 11
-136178.5341819158
 21
-148460.3589371009
 31
0.0
100
AcDbText
 73
2
  0
LWPOLYLINE
  5
14D
330
17
100
AcDbEntity
  8
OUTER
100
AcDbPolyline
 90
6
 70
1
 10
-138984.2106163627
 20
-151507.3552703539
 10
-137164.9356163627
 20
-151507.3552703539
 10
-137164.9356163627
 20
-152155.0552703539
 10
-137168.1106163627
 20
-152158.2302703539
 10
-138981.0356163627
 20
-152158.2302703539
 10
-138984.2106163627
 20
-152155.0552703539
  0
LWPOLYLINE
  5
14E
330
17
100
AcDbEntity
  8
HOLES
100
AcDbPolyline
 90
8
 70
1
 10
-138265.0736163627
 20
-151656.5802703539
 10
-137630.0736163627
 20
-151656.5802703539
 10
-137623.7236163627
 20
-151662.9302703539
 10
-137623.7236163627
 20
-152043.9302703539
 10
-137630.0736163627
 20
-152050.2802703539
 10
-138265.0736163627
 20
-152050.2802703539
 10
-138271.4236163627
 20
-152043.9302703539
 10
-138271.4236163627
 20
-151662.9302703539
  0
CIRCLE
  5
14F
330
17
100
AcDbEntity
  8
HOLES
100
AcDbCircle
 10
-137947.5736163627
 20
-151601.0177703539
 30
0.0
 40
17.4625
  0
TEXT
  5
150
330
17
100
AcDbEntity
  8
NUMBERS
100
AcDbText
 10
-138620.22236868198
 20
-151833.0148498217
 30
0.0
 40
80.0
  1
P-0076
 72
1
 11
-138620.22236868198
 21
-151833.0148498217
 31
0.0
100
AcDbText
 73
2
  0
LWPOLYLINE
  5
152
330
17
100
AcDbEntity
  8
OUTER
100
AcDbPolyline
 90
6
 70
1
 10
-123353.6705095469
 20
-148081.9365356332
 10
-121534.3955095469
 20
-148081.9365356332
 10
-121534.3955095469
 20
-148729.6365356332
 10
-121537.5705095469
 20
-148732.8115356332
 10
-123350.4955095469
 20
-148732.8115356332
 10
-123353.6705095469
 20
-148729.6365356332
  0
LWPOLYLINE
  5
153
330
17
100
AcDbEntity
  8
HOLES
100
AcDbPolyline
 90
8
 70
1
 10
-122634.5335095469
 20
-148231.1615356331
 10
-121999.5335095469
 20
-148231.1615356331
 10
-121993.1835095469
 20
-148237.5115356331
 10
-121993.1835095469
 20
-148618.5115356331
 10
-121999.5335095469
 20
-148624.8615356332
 10
-122634.5335095469
 20
-148624.8615356332
 10
-122640.8835095469
 20
-148618.5115356331
 10
-122640.8835095469
 20
-148237.5115356331
  0
CIRCLE
  5
154
330
17
100
AcDbEntity
  8
HOLES
100
AcDbCircle
 10
-122317.0335095469
 20
-148175.5990356331
 30
0.0
 40
17.4625
  0
TEXT
  5
155
330
17
100
AcDbEntity
  8
NUMBERS
100
AcDbText
 10
-122978.13412954201
 20
-148407.59611510098
 30
0.0
 40
80.0
  1
P-0077
 72
1
 11
-122978.13412954201
 21
-148407.59611510098
 31
0.0
100
AcDbText
 73
2
  0
LWPOLYLINE
  5
157
330
17
100
AcDbEntity
  8
OUTER
100
AcDbPolyline
 90
6
 70
1
 10
-138908.3592777335
 20
-130542.4406798808
 10
-137089.0842777335
 20
-130542.4406798808
 10
-137089.0842777335
 20
-131190.1406798808
 10
-137092.2592777336
 20
-131193.3156798808
 10
-138905.1842777335
 20
-131193.3156798808
 10
-138908.3592777335
 20
-131190.1406798808
  0
LWPOLYLINE
  5
158
330
17
100
AcDbEntity
  8
HOLES
100
AcDbPolyline
 90
8
 70
1
 10
-138189.2222777336
 20
-130691.6656798807
 10
-137554.2222777335
 20
-130691.6656798807
 10
-137547.8722777335
 20
-130698.0156798808
 10
-137547.8722777335
 20
-131079.0156798808
 10
-137554.2222777335
 20
-131085.3656798808
 10
-138189.2222777336
 20
-131085.3656798808
 10
-138195.5722777336
 20
-131079.0156798808
 10
-138195.5722777336
 20
-130698.0156798808
  0
CIRCLE
  5
159
330
17
100
AcDbEntity
  8
HOLES
100
AcDbCircle
 10
-137871.7222777336
 20
-130636.1031798808
 30
0.0
 40
17.4625
  0
TEXT
  5
15A
330
17
100
AcDbEntity
  8
NUMBERS
100
AcDbText
 10
-138522.16308327552
 20
-130868.10025934856
 30
0.0
 40
80.0
  1
P-0078
 72
1
 11
-138522.16308327552
 21
-130868.10025934856
 31
0.0
100
AcDbText
 73
2
  0
LWPOLYLINE
  5
15C
330
17
100
AcDbEntity
  8
OUTER
100
AcDbPolyline
 90
6
 70
1
 10
-145103.695809709
 20
-133904.9533052882
 10
-143284.4208097091
 20
-133904.9533052882
 10
-143284.4208097091
 20
-134552.6533052882
 10
-143287.595809709
 20
-134555.8283052882
 10
-145100.520809709
 20
-134555.8283052882
 10
-145103.695809709
 20
-134552.6533052882
  0
LWPOLYLINE
  5
15D
330
17
100
AcDbEntity
  8
HOLES
100
AcDbPolyline
 90
8
 70
1
 10
-144638.557809709
 20
-134054.1783052882
 10
-144003.557809709
 20
-134054.1783052882
 10
-143997.207809709
 20
-134060.5283052882
 10
-143997.207809709
 20
-134441.5283052882
 10
-144003.557809709
 20
-134447.8783052882
 10
-144638.557809709
 20
-134447.8783052882
 10
-144644.907809709
 20
-134441.5283052882
 10
-144644.907809709
 20
-134060.5283052882
  0
CIRCLE
  5
15E
330
17
100
AcDbEntity
  8
HOLES
100
AcDbCircle
 10
-144321.057809709
 20
-133998.6158052882
 30
0.0
 40
17.4625
  0
TEXT
  5
15F
330
17
100
AcDbEntity
  8
NUMBERS
100
AcDbText
 10
-143619.53872657917
 20
-134230.61288475594
 30
0.0
 40
80.0
  1
P-0079
 72
1
 11
-143619.53872657917
 21
-134230.61288475594
 31
0.0
100
AcDbText
 73
2
  0
LWPOLYLINE
  5
161
330
17
100
AcDbEntity
  8
OUTER
100
AcDbPolyline
 90
6
 70
1
 10
-131120.8519224584
 20
-150910.1423183544
 10
-129301.5769224585
 20
-150910.1423183544
 10
-129301.5769224585
 20
-151557.8423183544
 10
-129304.7519224584
 20
-151561.0173183544
 10
-131117.6769224585
 20
-151561.0173183544
 10
-131120.8519224584
 20
-151557.8423183544
  0
LWPOLYLINE
  5
162
330
17
100
AcDbEntity
  8
HOLES
100
AcDbPolyline
 90
8
 70
1
 10
-130400.1069224584
 20
-151059.3673183544
 10
-129765.1069224584
 20
-151059.3673183544
 10
-129758.7569224585
 20
-151065.7173183544
 10
-129758.7569224585
 20
-151446.7173183544
 10
-129765.1069224584
 20
-151453.0673183544
 10
-130400.1069224584
 20
-151453.0673183544
 10
-130406.4569224585
 20
-151446.7173183544
 10
-130406.4569224585
 20
-151065.7173183544
  0
CIRCLE
  5
163
330
17
100
AcDbEntity
  8
HOLES
100
AcDbCircle
 10
-130082.6069224585
 20
-151003.8048183544
 30
0.0
 40
17.4625
  0
TEXT
  5
164
330
17
100
AcDbEntity
  8
NUMBERS
100
AcDbText
 10
-130785.28984665277
 20
-151235.80189782218
 30
0.0
 40
80.0
  1
P-0080
 72
1
 11
-130785.28984665277
 21
-151235.80189782218
 31
0.0
100
AcDbText
 73
2
  0
LWPOLYLINE
  5
166
330
17
100
AcDbEntity
  8
OUTER
100
AcDbPolyline
 90
6
 70
1
 10
-123350.9456754477
 20
-145094.3709296891
 10
-121531.6706754477
 20
-145094.3709296891
 10
-121531.6706754477
 20
-145742.0709296891
 10
-121534.8456754477
 20
-145745.245929689
 10
-123347.7706754477
 20
-145745.245929689
 10
-123350.9456754477
 20
-145742.0709296891
  0
LWPOLYLINE
  5
167
330
17
100
AcDbEntity
  8
HOLES
100
AcDbPolyline
 90
8
 70
1
 10
-122631.8086754477
 20
-145243.595929689
 10
-121996.8086754477
 20
-145243.595929689
 10
-121990.4586754477
 20
-145249.945929689
 10
-121990.4586754477
 20
-145630.945929689
 10
-121996.8086754477
 20
-145637.295929689
 10
-122631.8086754477
 20
-145637.295929689
 10
-122638.1586754477
 20
-145630.945929689
 10
-122638.1586754477
 20
-145249.945929689
  0
CIRCLE
  5
168
330
17
100
AcDbEntity
  8
HOLES
100
AcDbCircle
 10
-122314.3086754477
 20
-145188.033429689
 30
0.0
 40
17.4625
  0
TEXT
  5
169
330
17
100
AcDbEntity
  8
NUMBERS
100
AcDbText
 10
-122964.7494809897
 20
-145420.03050915682
 30
0.0
 40
80.0
  1
P-0081
 72
1
 11
-122964.7494809897
 21
-145420.03050915682
 31
0.0
100
AcDbText
 73
2
  0
LWPOLYLINE
  5
16B
330
17
100
AcDbEntity
  8
OUTER
100
AcDbPolyline
 90
6
 70
1
 10
-129030.6819611914
 20
-145022.8234988708
 10
-127211.4069611915
 20
-145022.8234988708
 10
-127211.4069611915
 20
-145670.5234988708
 10
-127214.5819611915
 20
-145673.6984988707
 10
-129027.5069611915
 20
-145673.6984988707
 10
-129030.6819611914
 20
-145670.5234988708
  0
LWPOLYLINE
  5
16C
330
17
100
AcDbEntity
  8
HOLES
100
AcDbPolyline
 90
8
 70
1
 10
-128565.5439611915
 20
-145172.0484988707
 10
-127930.5439611915
 20
-145172.0484988707
 10
-127924.1939611915
 20
-145178.3984988708
 10
-127924.1939611915
 20
-145559.3984988708
 10
-127930.5439611915
 20
-145565.7484988707
 10
-128565.5439611915
 20
-145565.7484988707
 10
-128571.8939611915
 20
-145559.3984988708
 10
-128571.8939611915
 20
-145178.3984988708
  0
CIRCLE
  5
16D
330
17
100
AcDbEntity
  8
HOLES
100
AcDbCircle
 10
-128248.0439611915
 20
-145116.4859988707
 30
0.0
 40
17.4625
  0
TEXT
  5
16E
330
17
100
AcDbEntity
  8
NUMBERS
100
AcDbText
 10
-127557.62885145028
 20
-145348.03891940298
 30
0.0
 40
80.0
  1
P-0082
 72
1
 11
-127557.62885145028
 21
-145348.03891940298
 31
0.0
100
AcDbText
 73
2
  0
LWPOLYLINE
  5
170
330
17
100
AcDbEntity
  8
OUTER
100
AcDbPolyline
 90
6
 70
1
 10
-115552.4674263565
 20
-147946.3967917167
 10
-113733.1924263565
 20
-147946.3967917167
 10
-113733.1924263565
 20
-148590.9217917168
 10
-113736.3674263565
 20
-148594.0967917168
 10
-115549.2924263565
 20
-148594.0967917168
 10
-115552.4674263565
 20
-148590.9217917168
  0
LWPOLYLINE
  5
171
330
17
100
AcDbEntity
  8
HOLES
100
AcDbPolyline
 90
8
 70
1
 10
-114834.9174263565
 20
-148092.4467917167
 10
-114199.9174263565
 20
-148092.4467917167
 10
-114193.5674263565
 20
-148098.7967917167
 10
-114193.5674263565
 20
-148479.7967917167
 10
-114199.9174263565
 20
-148486.1467917167
 10
-114834.9174263565
 20
-148486.1467917167
 10
-114841.2674263565
 20
-148479.7967917167
 10
-114841.2674263565
 20
-148098.7967917167
  0
CIRCLE
  5
172
330
17
100
AcDbEntity
  8
HOLES
100
AcDbCircle
 10
-114517.4174263565
 20
-148036.8842917167
 30
0.0
 40
17.4625
  0
TEXT
  5
173
330
17
100
AcDbEntity
  8
NUMBERS
100
AcDbText
 10
-115181.37263570711
 20
-148270.4688711845
 30
0.0
 40
80.0
  1
P-0083
 72
1
 11
-115181.37263570711
 21
-148270.4688711845
 31
0.0
100
AcDbText
 73
2
  0
LWPOLYLINE
  5
175
330
17
100
AcDbEntity
  8
OUTER
100
AcDbPolyline
 90
6
 70
1
 10
-129640.6414359744
 20
-130626.1177816893
 10
-127821.3664359745
 20
-130626.1177816893
 10
-127821.3664359745
 20
-131270.6427816894
 10
-127824.5414359744
 20
-131273.8177816894
 10
-129637.4664359745
 20
-131273.8177816894
 10
-129640.6414359744
 20
-131270.6427816894
  0
LWPOLYLINE
  5
176
330
17
100
AcDbEntity
  8
HOLES
100
AcDbPolyline
 90
8
 70
1
 10
-129175.5034359744
 20
-130772.1677816893
 10
-128540.5034359744
 20
-130772.1677816893
 10
-128534.1534359744
 20
-130778.5177816893
 10
-128534.1534359744
 20
-131159.5177816893
 10
-128540.5034359744
 20
-131165.8677816893
 10
-129175.5034359744
 20
-131165.8677816893
 10
-129181.8534359744
 20
-131159.5177816893
 10
-129181.8534359744
 20
-130778.5177816893
  0
CIRCLE
  5
177
330
17
100
AcDbEntity
  8
HOLES
100
AcDbCircle
 10
-128858.0034359745
 20
-130716.6052816893
 30
0.0
 40
17.4625
  0
TEXT
  5
178
330
17
100
AcDbEntity
  8
NUMBERS
100
AcDbText
 10
-128154.7077171024
 20
-130950.18986115712
 30
0.0
 40
80.0
  1
P-0084
 72
1
 11
-128154.7077171024
 21
-130950.18986115712
 31
0.0
100
AcDbText
 73
2
  0
LWPOLYLINE
  5
17A
330
17
100
AcDbEntity
  8
OUTER
100
AcDbPolyline
 90
6
 70
1
 10
-121837.8513506056
 20
-150959.6585494298
 10
-120018.5763506056
 20
-150959.6585494298
 10
-120018.5763506056
 20
-151604.1835494298
 10
-120021.7513506056
 20
-151607.3585494298
 10
-121834.6763506056
 20
-151607.3585494298
 10
-121837.8513506056
 20
-151604.1835494298
  0
LWPOLYLINE
  5
17B
330
17
100
AcDbEntity
  8
HOLES
100
AcDbPolyline
 90
8
 70
1
 10
-121372.7133506056
 20
-151105.7085494298
 10
-120737.7133506056
 20
-151105.7085494298
 10
-120731.3633506056
 20
-151112.0585494298
 10
-120731.3633506056
 20
-151493.0585494298
 10
-120737.7133506056
 20
-151499.4085494298
 10
-121372.7133506056
 20
-151499.4085494298
 10
-121379.0633506056
 20
-151493.0585494298
 10
-121379.0633506056
 20
-151112.0585494298
  0
CIRCLE
  5
17C
330
17
100
AcDbEntity
  8
HOLES
100
AcDbCircle
 10
-121055.2133506056
 20
-151050.1460494298
 30
0.0
 40
17.4625
  0
TEXT
  5
17D
330
17
100
AcDbEntity
  8
NUMBERS
100
AcDbText
 10
-120388.33866444835
 20
-151283.73062889758
 30
0.0
 40
80.0
  1
P-0085
 72
1
 11
-120388.33866444835
 21
-151283.73062889758
 31
0.0
100
AcDbText
 73
2
  0
LWPOLYLINE
  5
17F
330
17
100
AcDbEntity
  8
OUTER
100
AcDbPolyline
 90
6
 70
1
 10
-115513.5432322376
 20
-133782.6697358207
 10
-113694.2682322376
 20
-133782.6697358207
 10
-113694.2682322376
 20
-134427.1947358207
 10
-113697.4432322376
 20
-134430.3697358207
 10
-115510.3682322376
 20
-134430.3697358207
 10
-115513.5432322376
 20
-134427.1947358207
  0
LWPOLYLINE
  5
180
330
17
100
AcDbEntity
  8
HOLES
100
AcDbPolyline
 90
8
 70
1
 10
-114795.9932322376
 20
-133928.7197358207
 10
-114160.9932322376
 20
-133928.7197358207
 10
-114154.6432322376
 20
-133935.0697358206
 10
-114154.6432322376
 20
-134316.0697358207
 10
-114160.9932322376
 20
-134322.4197358207
 10
-114795.9932322376
 20
-134322.4197358207
 10
-114802.3432322376
 20
-134316.0697358207
 10
-114802.3432322376
 20
-133935.0697358206
  0
CIRCLE
  5
181
330
17
100
AcDbEntity
  8
HOLES
100
AcDbCircle
 10
-114478.4932322376
 20
-133873.1572358206
 30
0.0
 40
17.4625
  0
TEXT
  5
182
330
17
100
AcDbEntity
  8
NUMBERS
100
AcDbText
 10
-115162.87975262335
 20
-134106.7418152885
 30
0.0
 40
80.0
  1
P-0086
 72
1
 11
-115162.87975262335
 21
-134106.7418152885
 31
0.0
100
AcDbText
 73
2
  0
LWPOLYLINE
  5
184
330
17
100
AcDbEntity
  8
OUTER
100
AcDbPolyline
 90
6
 70
1
 10
-130835.1577021435
 20
-133600.8324781302
 10
-129015.8827021435
 20
-133600.8324781302
 10
-129015.8827021435
 20
-134245.3574781302
 10
-129019.0577021435
 20
-134248.5324781302
 10
-130831.9827021435
 20
-134248.5324781302
 10
-130835.1577021435
 20
-134245.3574781302
  0
LWPOLYLINE
  5
185
330
17
100
AcDbEntity
  8
HOLES
100
AcDbPolyline
 90
8
 70
1
 10
-130116.0207021435
 20
-133746.8824781302
 10
-129481.0207021435
 20
-133746.8824781302
 10
-129474.6707021435
 20
-133753.2324781302
 10
-129474.6707021435
 20
-134134.2324781302
 10
-129481.0207021435
 20
-134140.5824781302
 10
-130116.0207021435
 20
-134140.5824781302
 10
-130122.3707021435
 20
-134134.2324781302
 10
-130122.3707021435
 20
-133753.2324781302
  0
CIRCLE
  5
186
330
17
100
AcDbEntity
  8
HOLES
100
AcDbCircle
 10
-129798.5207021435
 20
-133691.3199781302
 30
0.0
 40
17.4625
  0
TEXT
  5
187
330
17
100
AcDbEntity
  8
NUMBERS
100
AcDbText
 10
-130505.8138514355
 20
-133924.46039866243
 30
0.0
 40
80.0
  1
P-0087
 72
1
 11
-130505.8138514355
 21
-133924.46039866243
 31
0.0
100
AcDbText
 73
2
  0
LWPOLYLINE
  5
189
330
17
100
AcDbEntity
  8
OUTER
100
AcDbPolyline
 90
6
 70
1
 10
-114092.8158783865
 20
-136582.2781992013
 10
-112273.5408783865
 20
-136582.2781992013
 10
-112273.5408783865
 20
-137226.8031992013
 10
-112276.7158783865
 20
-137229.9781992013
 10
-114089.6408783865
 20
-137229.9781992013
 10
-114092.8158783865
 20
-137226.8031992013
  0
LWPOLYLINE
  5
18A
330
17
100
AcDbEntity
  8
HOLES
100
AcDbPolyline
 90
8
 70
1
 10
-113627.6778783865
 20
-136728.3281992013
 10
-112992.6778783865
 20
-136728.3281992013
 10
-112986.3278783865
 20
-136734.6781992013
 10
-112986.3278783865
 20
-137115.6781992013
 10
-112992.6778783865
 20
-137122.0281992013
 10
-113627.6778783865
 20
-137122.0281992013
 10
-113634.0278783865
 20
-137115.6781992013
 10
-113634.0278783865
 20
-136734.6781992013
  0
CIRCLE
  5
18B
330
17
100
AcDbEntity
  8
HOLES
100
AcDbCircle
 10
-113310.1778783865
 20
-136672.7656992013
 30
0.0
 40
17.4625
  0
TEXT
  5
18C
330
17
100
AcDbEntity
  8
NUMBERS
100
AcDbText
 10
-112626.42515267848
 20
-136905.90611973352
 30
0.0
 40
80.0
  1
P-0088
 72
1
 11
-112626.42515267848
 21
-136905.90611973352
 31
0.0
100
AcDbText
 73
2
  0
LWPOLYLINE
  5
18E
330
17
100
AcDbEntity
  8
OUTER
100
AcDbPolyline
 90
6
 70
1
 10
-115247.0647050311
 20
-145058.9236090462
 10
-113427.7897050311
 20
-145058.9236090462
 10
-113427.7897050311
 20
-145703.4486090462
 10
-113430.9647050311
 20
-145706.6236090462
 10
-115243.8897050311
 20
-145706.6236090462
 10
-115247.0647050311
 20
-145703.4486090462
  0
LWPOLYLINE
  5
18F
330
17
100
AcDbEntity
  8
HOLES
100
AcDbPolyline
 90
8
 70
1
 10
-114527.9277050311
 20
-145204.9736090462
 10
-113892.9277050311
 20
-145204.9736090462
 10
-113886.5777050311
 20
-145211.3236090462
 10
-113886.5777050311
 20
-145592.3236090462
 10
-113892.9277050311
 20
-145598.6736090462
 10
-114527.9277050311
 20
-145598.6736090462
 10
-114534.2777050311
 20
-145592.3236090462
 10
-114534.2777050311
 20
-145211.3236090462
  0
CIRCLE
  5
190
330
17
100
AcDbEntity
  8
HOLES
100
AcDbCircle
 10
-114210.4277050311
 20
-145149.4111090462
 30
0.0
 40
17.4625
  0
TEXT
  5
191
330
17
100
AcDbEntity
  8
NUMBERS
100
AcDbText
 10
-114869.75168928405
 20
-145382.99568851397
 30
0.0
 40
80.0
  1
P-0089
 72
1
 11
-114869.75168928405
 21
-145382.99568851397
 31
0.0
100
AcDbText
 73
2
  0
LWPOLYLINE
  5
193
330
17
100
AcDbEntity
  8
OUTER
100
AcDbPolyline
 90
6
 70
1
 10
-114131.7400725053
 20
-150746.0052550974
 10
-112312.4650725054
 20
-150746.0052550974
 10
-112312.4650725054
 20
-151390.5302550974
 10
-112315.6400725053
 20
-151393.7052550974
 10
-114128.5650725054
 20
-151393.7052550974
 10
-114131.7400725053
 20
-151390.5302550974
  0
LWPOLYLINE
  5
194
330
17
100
AcDbEntity
  8
HOLES
100
AcDbPolyline
 90
8
 70
1
 10
-113666.6020725054
 20
-150892.0552550973
 10
-113031.6020725053
 20
-150892.0552550973
 10
-113025.2520725053
 20
-150898.4052550974
 10
-113025.2520725053
 20
-151279.4052550973
 10
-113031.6020725053
 20
-151285.7552550974
 10
-113666.6020725054
 20
-151285.7552550974
 10
-113672.9520725054
 20
-151279.4052550973
 10
-113672.9520725054
 20
-150898.4052550974
  0
CIRCLE
  5
195
330
17
100
AcDbEntity
  8
HOLES
100
AcDbCircle
 10
-113349.1020725054
 20
-150836.4927550974
 30
0.0
 40
17.4625
  0
TEXT
  5
196
330
17
100
AcDbEntity
  8
NUMBERS
100
AcDbText
 10
-112645.80635363332
 20
-151070.07733456517
 30
0.0
 40
80.0
  1
P-0090
 72
1
 11
-112645.80635363332
 21
-151070.07733456517
 31
0.0
100
AcDbText
 73
2
  0
LWPOLYLINE
  5
198
330
17
100
AcDbEntity
  8
OUTER
100
AcDbPolyline
 90
6
 70
1
 10
-107222.9226849527
 20
-131736.2038446433
 10
-105505.2476849527
 20
-131736.2038446433
 10
-105505.2476849527
 20
-132383.9038446433
 10
-105508.4226849527
 20
-132387.0788446432
 10
-107219.7476849527
 20
-132387.0788446432
 10
-107222.9226849527
 20
-132383.9038446433
  0
LWPOLYLINE
  5
199
330
17
100
AcDbEntity
  8
HOLES
100
AcDbPolyline
 90
8
 70
1
 10
-106503.7856849527
 20
-131885.4288446432
 10
-105868.7856849527
 20
-131885.4288446432
 10
-105862.4356849527
 20
-131891.7788446432
 10
-105862.4356849527
 20
-132272.7788446432
 10
-105868.7856849527
 20
-132279.1288446432
 10
-106503.7856849527
 20
-132279.1288446432
 10
-106510.1356849527
 20
-132272.7788446432
 10
-106510.1356849527
 20
-131891.7788446432
  0
CIRCLE
  5
19A
330
17
100
AcDbEntity
  8
HOLES
100
AcDbCircle
 10
-106186.2856849527
 20
-131829.8663446432
 30
0.0
 40
17.4625
  0
TEXT
  5
19B
330
17
100
AcDbEntity
  8
NUMBERS
100
AcDbText
 10
-106895.19734010409
 20
-132061.8510217673
 30
0.0
 40
80.0
  1
P-0091
 72
1
 11
-106895.19734010409
 21
-132061.8510217673
 31
0.0
100
AcDbText
 73
2
  0
LWPOLYLINE
  5
19D
330
17
100
AcDbEntity
  8
OUTER
100
AcDbPolyline
 90
6
 70
1
 10
-146662.9880766204
 20
-151193.9121964925
 10
-144964.3630766204
 20
-151193.9121964925
 10
-144964.3630766204
 20
-151841.6121964925
 10
-144967.5380766204
 20
-151844.7871964925
 10
-146659.8130766204
 20
-151844.7871964925
 10
-146662.9880766204
 20
-151841.6121964925
  0
LWPOLYLINE
  5
19E
330
17
100
AcDbEntity
  8
HOLES
100
AcDbPolyline
 90
8
 70
1
 10
-145962.9010766204
 20
-151343.1371964925
 10
-145327.9010766204
 20
-151343.1371964925
 10
-145321.5510766204
 20
-151349.4871964925
 10
-145321.5510766204
 20
-151730.4871964925
 10
-145327.9010766204
 20
-151736.8371964925
 10
-145962.9010766204
 20
-151736.8371964925
 10
-145969.2510766204
 20
-151730.4871964925
 10
-145969.2510766204
 20
-151349.4871964925
  0
CIRCLE
  5
19F
330
17
100
AcDbEntity
  8
HOLES
100
AcDbCircle
 10
-145645.4010766204
 20
-151287.5746964925
 30
0.0
 40
17.4625
  0
TEXT
  5
1A0
330
17
100
AcDbEntity
  8
NUMBERS
100
AcDbText
 10
-146334.75035994558
 20
-151519.55704817708
 30
0.0
 40
80.0
  1
P-0092
 72
1
 11
-146334.75035994558
 21
-151519.55704817708
 31
0.0
100
AcDbText
 73
2
  0
LWPOLYLINE
  5
1A2
330
17
100
AcDbEntity
  8
OUTER
100
AcDbPolyline
 90
8
 70
1
 10
-138085.2316174781
 20
-148134.6993576331
 10
-138986.9316174781
 20
-148134.6993576331
 10
-138986.9316174781
 20
-149436.4493576331
 10
-138336.0566174781
 20
-149436.4493576331
 10
-138336.0566174781
 20
-148788.7493576331
 10
-138332.8816174781
 20
-148785.5743576331
 10
-138088.4066174781
 20
-148785.5743576331
 10
-138085.2316174781
 20
-148782.3993576331
  0
TEXT
  5
1A3
330
17
100
AcDbEntity
  8
NUMBERS
100
AcDbText
 10
-138604.09297001717
 20
-148516.7070480628
 30
0.0
 40
80.0
  1
P-0093
 72
1
 11
-138604.09297001717
 21
-148516.7070480628
 31
0.0
100
AcDbText
 73
2
  0
LWPOLYLINE
  5
1A5
330
17
100
AcDbEntity
  8
OUTER
100
AcDbPolyline
 90
8
 70
1
 10
-145837.0453990185
 20
-130340.3268574928
 10
-146738.7453990185
 20
-130340.3268574928
 10
-146738.7453990185
 20
-131642.0768574928
 10
-146087.8703990185
 20
-131642.0768574928
 10
-146087.8703990185
 20
-130994.3768574928
 10
-146084.6953990185
 20
-130991.2018574928
 10
-145840.2203990185
 20
-130991.2018574928
 10
-145837.0453990185
 20
-130988.0268574928
  0
TEXT
  5
1A6
330
17
100
AcDbEntity
  8
NUMBERS
100
AcDbText
 10
-146356.22456161614
 20
-130722.65235798107
 30
0.0
 40
80.0
  1
P-0094
 72
1
 11
-146356.22456161614
 21
-130722.65235798107
 31
0.0
100
AcDbText
 73
2
  0
LWPOLYLINE
  5
1A8
330
17
100
AcDbEntity
  8
OUTER
100
AcDbPolyline
 90
9
 70
1
 10
-104306.6845269014
 20
-135726.5732616582
 10
-105208.3845269014
 20
-135726.5732616582
 10
-105208.3845269014
 20
-136374.2732616582
 10
-105205.2095269013
 20
-136377.4482616582
 10
-104960.7345269014
 20
-136377.4482616582
 10
-104957.5595269014
 20
-136380.6232616582
 10
-104957.5595269014
 20
-137025.1482616583
 10
-104954.3845269014
 20
-137028.3232616582
 10
-104306.6845269014
 20
-137028.3232616582
  0
TEXT
  5
1A9
330
17
100
AcDbEntity
  8
NUMBERS
100
AcDbText
 10
-104689.20536430375
 20
-136108.89876214648
 30
0.0
 40
80.0
  1
P-0095
 72
1
 11
-104689.20536430375
 21
-136108.89876214648
 31
0.0
100
AcDbText
 73
2
  0
LWPOLYLINE
  5
1AB
330
17
100
AcDbEntity
  8
OUTER
100
AcDbPolyline
 90
9
 70
1
 10
-143578.1575157368
 20
-136899.5748762392
 10
-144479.8575157368
 20
-136899.5748762392
 10
-144479.8575157368
 20
-137547.2748762393
 10
-144476.6825157368
 20
-137550.4498762393
 10
-144232.2075157368
 20
-137550.4498762393
 10
-144229.0325157368
 20
-137553.6248762392
 10
-144229.0325157368
 20
-138194.9748762393
 10
-144225.8575157368
 20
-138198.1498762393
 10
-143578.1575157368
 20
-138198.1498762393
  0
TEXT
  5
1AC
330
17
100
AcDbEntity
  8
NUMBERS
100
AcDbText
 10
-143960.21093980913
 20
-137281.60194533106
 30
0.0
 40
80.0
  1
P-0096
 72
1
 11
-143960.21093980913
 21
-137281.60194533106
 31
0.0
100
AcDbText
 73
2
  0
LWPOLYLINE
  5
1AE
330
17
100
AcDbEntity
  8
OUTER
100
AcDbPolyline
 90
9
 70
1
 10
-135908.1468944652
 20
-151507.3552703539
 10
-136809.8468944652
 20
-151507.3552703539
 10
-136809.8468944652
 20
-152155.0552703539
 10
-136806.6718944652
 20
-152158.2302703539
 10
-136562.1968944652
 20
-152158.2302703539
 10
-136559.0218944652
 20
-152161.4052703539
 10
-136559.0218944652
 20
-152802.7552703539
 10
-136555.8468944652
 20
-152805.9302703539
 10
-135908.1468944652
 20
-152805.9302703539
  0
TEXT
  5
1AF
330
17
100
AcDbEntity
  8
NUMBERS
100
AcDbText
 10
-136290.2003185375
 20
-151889.38233944567
 30
0.0
 40
80.0
  1
P-0097
 72
1
 11
-136290.2003185375
 21
-151889.38233944567
 31
0.0
100
AcDbText
 73
2
  0
LWPOLYLINE
  5
1B1
330
17
100
AcDbEntity
  8
OUTER
100
AcDbPolyline
 90
9
 70
1
 10
-112347.3016533639
 20
-133782.6697358207
 10
-113249.001653364
 20
-133782.6697358207
 10
-113249.001653364
 20
-134427.1947358207
 10
-113245.826653364
 20
-134430.3697358207
 10
-112998.176653364
 20
-134430.3697358207
 10
-112995.001653364
 20
-134433.5447358206
 10
-112995.001653364
 20
-135078.0697358207
 10
-112991.826653364
 20
-135081.2447358207
 10
-112347.3016533639
 20
-135081.2447358207
  0
TEXT
  5
1B2
330
17
100
AcDbEntity
  8
NUMBERS
100
AcDbText
 10
-112727.45286796357
 20
-134163.42866526407
 30
0.0
 40
80.0
  1
P-0098
 72
1
 11
-112727.45286796357
 21
-134163.42866526407
 31
0.0
100
AcDbText
 73
2
  0
LWPOLYLINE
  5
1B4
330
17
100
AcDbEntity
  8
OUTER
100
AcDbPolyline
 90
9
 70
1
 10
-130475.4384261306
 20
-131273.8177816894
 10
-130227.7884261306
 20
-131273.8177816894
 10
-130224.6134261306
 20
-131270.6427816894
 10
-130224.6134261306
 20
-130626.1177816893
 10
-131126.3134261306
 20
-130626.1177816893
 10
-131126.3134261306
 20
-131924.6927816894
 10
-130481.7884261306
 20
-131924.6927816894
 10
-130478.6134261306
 20
-131921.5177816894
 10
-130478.6134261306
 20
-131276.9927816894
  0
TEXT
  5
1B5
330
17
100
AcDbEntity
  8
NUMBERS
100
AcDbText
 10
-130746.16221153097
 20
-131006.87671113273
 30
0.0
 40
80.0
  1
P-0099
 72
1
 11
-130746.16221153097
 21
-131006.87671113273
 31
0.0
100
AcDbText
 73
2
  0
LWPOLYLINE
  5
1B7
330
17
100
AcDbEntity
  8
OUTER
100
AcDbPolyline
 90
9
 70
1
 10
-112386.2258474829
 20
-147946.3967917167
 10
-113287.9258474829
 20
-147946.3967917167
 10
-113287.9258474829
 20
-148590.9217917168
 10
-113284.7508474829
 20
-148594.0967917168
 10
-113037.1008474828
 20
-148594.0967917168
 10
-113033.9258474829
 20
-148597.2717917167
 10
-113033.9258474829
 20
-149241.7967917168
 10
-113030.7508474829
 20
-149244.9717917168
 10
-112386.2258474829
 20
-149244.9717917168
  0
TEXT
  5
1B8
330
17
100
AcDbEntity
  8
NUMBERS
100
AcDbText
 10
-112766.37706208251
 20
-148327.1557211601
 30
0.0
 40
80.0
  1
P-0100
 72
1
 11
-112766.37706208251
 21
-148327.1557211601
 31
0.0
100
AcDbText
 73
2
  0
LWPOLYLINE
  5
1BA
330
17
100
AcDbEntity
  8
OUTER
100
AcDbPolyline
 90
9
 70
1
 10
-122672.6483407618
 20
-151607.3585494298
 10
-122424.9983407617
 20
-151607.3585494298
 10
-122421.8233407618
 20
-151604.1835494298
 10
-122421.8233407618
 20
-150959.6585494298
 10
-123323.5233407618
 20
-150959.6585494298
 10
-123323.5233407618
 20
-152258.2335494298
 10
-122678.9983407617
 20
-152258.2335494298
 10
-122675.8233407618
 20
-152255.0585494298
 10
-122675.8233407618
 20
-151610.5335494298
  0
TEXT
  5
1BB
330
17
100
AcDbEntity
  8
NUMBERS
100
AcDbText
 10
-122943.37212616218
 20
-151340.41747887313
 30
0.0
 40
80.0
  1
P-0101
 72
1
 11
-122943.37212616218
 21
-151340.41747887313
 31
0.0
100
AcDbText
 73
2
  0
LWPOLYLINE
  5
1BD
330
17
100
AcDbEntity
  8
OUTER
100
AcDbPolyline
 90
9
 70
1
 10
-112713.2250712451
 20
-145706.6236090462
 10
-112960.8750712452
 20
-145706.6236090462
 10
-112964.0500712452
 20
-145703.4486090462
 10
-112964.0500712452
 20
-145058.9236090462
 10
-112062.3500712452
 20
-145058.9236090462
 10
-112062.3500712452
 20
-146357.4986090462
 10
-112706.8750712452
 20
-146357.4986090462
 10
-112710.0500712452
 20
-146354.3236090463
 10
-112710.0500712452
 20
-145709.7986090462
  0
TEXT
  5
1BE
330
17
100
AcDbEntity
  8
NUMBERS
100
AcDbText
 10
-112442.50128584482
 20
-145439.68253848955
 30
0.0
 40
80.0
  1
P-0102
 72
1
 11
-112442.50128584482
 21
-145439.68253848955
 31
0.0
100
AcDbText
 73
2
  0
LWPOLYLINE
  5
1C0
330
17
100
AcDbEntity
  8
OUTER
100
AcDbPolyline
 90
9
 70
1
 10
-128301.3180683575
 20
-134248.5324781302
 10
-128548.9680683575
 20
-134248.5324781302
 10
-128552.1430683575
 20
-134245.3574781302
 10
-128552.1430683575
 20
-133600.8324781302
 10
-127650.4430683575
 20
-133600.8324781302
 10
-127650.4430683575
 20
-134899.4074781302
 10
-128294.9680683575
 20
-134899.4074781302
 10
-128298.1430683575
 20
-134896.2324781302
 10
-128298.1430683575
 20
-134251.7074781302
  0
TEXT
  5
1C1
330
17
100
AcDbEntity
  8
NUMBERS
100
AcDbText
 10
-128030.59428295713
 20
-133981.59140757358
 30
0.0
 40
80.0
  1
P-0103
 72
1
 11
-128030.59428295713
 21
-133981.59140757358
 31
0.0
100
AcDbText
 73
2
  0
LWPOLYLINE
  5
1C3
330
17
100
AcDbEntity
  8
OUTER
100
AcDbPolyline
 90
9
 70
1
 10
-114711.5393897284
 20
-137229.9781992013
 10
-114463.8893897284
 20
-137229.9781992013
 10
-114460.7143897284
 20
-137226.8031992013
 10
-114460.7143897284
 20
-136582.2781992013
 10
-115362.4143897284
 20
-136582.2781992013
 10
-115362.4143897284
 20
-137880.8531992013
 10
-114717.8893897284
 20
-137880.8531992013
 10
-114714.7143897284
 20
-137877.6781992013
 10
-114714.7143897284
 20
-137233.1531992013
  0
TEXT
  5
1C4
330
17
100
AcDbEntity
  8
NUMBERS
100
AcDbText
 10
-114982.26317512877
 20
-136963.03712864468
 30
0.0
 40
80.0
  1
P-0104
 72
1
 11
-114982.26317512877
 21
-136963.03712864468
 31
0.0
100
AcDbText
 73
2
  0
LWPOLYLINE
  5
1C6
330
17
100
AcDbEntity
  8
OUTER
100
AcDbPolyline
 90
9
 70
1
 10
-114750.4635838473
 20
-151393.7052550974
 10
-114502.8135838473
 20
-151393.7052550974
 10
-114499.6385838473
 20
-151390.5302550974
 10
-114499.6385838473
 20
-150746.0052550974
 10
-115401.3385838473
 20
-150746.0052550974
 10
-115401.3385838473
 20
-152044.5802550974
 10
-114756.8135838473
 20
-152044.5802550974
 10
-114753.6385838473
 20
-152041.4052550974
 10
-114753.6385838473
 20
-151396.8802550974
  0
TEXT
  5
1C7
330
17
100
AcDbEntity
  8
NUMBERS
100
AcDbText
 10
-115021.18736924768
 20
-151126.76418454075
 30
0.0
 40
80.0
  1
P-0105
 72
1
 11
-115021.18736924768
 21
-151126.76418454075
 31
0.0
100
AcDbText
 73
2
  0
LWPOLYLINE
  5
1C9
330
17
100
AcDbEntity
  8
OUTER
100
AcDbPolyline
 90
4
 70
1
 10
-102503.8243841128
 20
-146579.7788077918
 10
-104167.4504859378
 20
-146564.0981405064
 10
-104186.4625499628
 20
-147167.0484733876
 10
-102509.3597506371
 20
-147167.0484733875
  0
LWPOLYLINE
  5
1CA
330
17
100
AcDbEntity
  8
HOLES
100
AcDbPolyline
 90
8
 70
1
 10
-103157.0597506371
 20
-146747.9484733876
 10
-102737.9597506372
 20
-146747.9484733876
 10
-102725.2597506371
 20
-146760.6484733876
 10
-102725.2597506371
 20
-147027.3484733876
 10
-102737.9597506372
 20
-147040.0484733876
 10
-103157.0597506371
 20
-147040.0484733876
 10
-103169.7597506372
 20
-147027.3484733876
 10
-103169.7597506372
 20
-146760.6484733876
  0
LWPOLYLINE
  5
1CB
330
17
100
AcDbEntity
  8
HOLES
100
AcDbPolyline
 90
8
 70
1
 10
-103957.8625499628
 20
-146747.9484733876
 10
-103538.7625499629
 20
-146747.9484733876
 10
-103526.0625499629
 20
-146760.6484733876
 10
-103526.0625499629
 20
-147027.3484733876
 10
-103538.7625499629
 20
-147040.0484733876
 10
-103957.8625499628
 20
-147040.0484733876
 10
-103970.5625499628
 20
-147027.3484733876
 10
-103970.5625499628
 20
-146760.6484733876
  0
CIRCLE
  5
1CC
330
17
100
AcDbEntity
  8
HOLES
100
AcDbCircle
 10
-103748.3125499629
 20
-146679.6859733876
 30
0.0
 40
17.4625
  0
CIRCLE
  5
1CD
330
17
100
AcDbEntity
  8
HOLES
100
AcDbCircle
 10
-102947.5097506372
 20
-146679.6859733876
 30
0.0
 40
17.4625
  0
TEXT
  5
1CE
330
17
100
AcDbEntity
  8
NUMBERS
100
AcDbText
 10
-103347.8136692053
 20
-146750.34381341163
 30
0.0
 40
80.0
  1
P-0106
 72
1
 11
-103347.8136692053
 21
-146750.34381341163
 31
0.0
100
AcDbText
 73
2
  0
LWPOLYLINE
  5
1D0
330
17
100
AcDbEntity
  8
OUTER
100
AcDbPolyline
 90
4
 70
1
 10
-120884.538516074
 20
-135091.9977553383
 10
-119214.4885160741
 20
-135091.9977553383
 10
-119214.4885160741
 20
-135682.5477553383
 10
-120884.538516074
 20
-135682.5477553383
  0
LWPOLYLINE
  5
1D1
330
17
100
AcDbEntity
  8
HOLES
100
AcDbPolyline
 90
8
 70
1
 10
-120655.938516074
 20
-135263.4477553383
 10
-120236.838516074
 20
-135263.4477553383
 10
-120224.138516074
 20
-135276.1477553383
 10
-120224.138516074
 20
-135542.8477553383
 10
-120236.838516074
 20
-135555.5477553383
 10
-120655.938516074
 20
-135555.5477553383
 10
-120668.638516074
 20
-135542.8477553383
 10
-120668.638516074
 20
-135276.1477553383
  0
LWPOLYLINE
  5
1D2
330
17
100
AcDbEntity
  8
HOLES
100
AcDbPolyline
 90
8
 70
1
 10
-119859.013516074
 20
-135263.4477553383
 10
-119439.9135160741
 20
-135263.4477553383
 10
-119427.2135160741
 20
-135276.1477553383
 10
-119427.2135160741
 20
-135542.8477553383
 10
-119439.9135160741
 20
-135555.5477553383
 10
-119859.013516074
 20
-135555.5477553383
 10
-119871.713516074
 20
-135542.8477553383
 10
-119871.713516074
 20
-135276.1477553383
  0
CIRCLE
  5
1D3
330
17
100
AcDbEntity
  8
HOLES
100
AcDbCircle
 10
-119649.463516074
 20
-135195.1852553383
 30
0.0
 40
17.4625
  0
CIRCLE
  5
1D4
330
17
100
AcDbEntity
  8
HOLES
100
AcDbCircle
 10
-120446.388516074
 20
-135195.1852553383
 30
0.0
 40
17.4625
  0
TEXT
  5
1D5
330
17
100
AcDbEntity
  8
NUMBERS
100
AcDbText
 10
-120047.88260787091
 20
-135271.4782729164
 30
0.0
 40
80.0
  1
P-0107
 72
1
 11
-120047.88260787091
 21
-135271.4782729164
 31
0.0
100
AcDbText
 73
2
  0
LWPOLYLINE
  5
1D7
330
17
100
AcDbEntity
  8
OUTER
100
AcDbPolyline
 90
4
 70
1
 10
-151966.8369344588
 20
-146508.7714549985
 10
-150290.4369344588
 20
-146508.7714549985
 10
-150290.4369344588
 20
-147096.1464549985
 10
-151966.8369344588
 20
-147096.1464549985
  0
LWPOLYLINE
  5
1D8
330
17
100
AcDbEntity
  8
HOLES
100
AcDbPolyline
 90
8
 70
1
 10
-151738.2369344588
 20
-146677.0464549985
 10
-151319.1369344588
 20
-146677.0464549985
 10
-151306.4369344588
 20
-146689.7464549985
 10
-151306.4369344588
 20
-146956.4464549985
 10
-151319.1369344588
 20
-146969.1464549985
 10
-151738.2369344588
 20
-146969.1464549985
 10
-151750.9369344588
 20
-146956.4464549985
 10
-151750.9369344588
 20
-146689.7464549985
  0
LWPOLYLINE
  5
1D9
330
17
100
AcDbEntity
  8
HOLES
100
AcDbPolyline
 90
8
 70
1
 10
-150938.1369344588
 20
-146677.0464549985
 10
-150519.0369344588
 20
-146677.0464549985
 10
-150506.3369344588
 20
-146689.7464549985
 10
-150506.3369344588
 20
-146956.4464549985
 10
-150519.0369344588
 20
-146969.1464549985
 10
-150938.1369344588
 20
-146969.1464549985
 10
-150950.8369344588
 20
-146956.4464549985
 10
-150950.8369344588
 20
-146689.7464549985
  0
CIRCLE
  5
1DA
330
17
100
AcDbEntity
  8
HOLES
100
AcDbCircle
 10
-151528.6869344588
 20
-146608.7839549985
 30
0.0
 40
17.4625
  0
CIRCLE
  5
1DB
330
17
100
AcDbEntity
  8
HOLES
100
AcDbCircle
 10
-150728.5869344588
 20
-146608.7839549985
 30
0.0
 40
17.4625
  0
TEXT
  5
1DC
330
17
100
AcDbEntity
  8
NUMBERS
100
AcDbText
 10
-151128.6369344588
 20
-146823.0964549985
 30
0.0
 40
80.0
  1
P-0108
 72
1
 11
-151128.6369344588
 21
-146823.0964549985
 31
0.0
100
AcDbText
 73
2
  0
LWPOLYLINE
  5
1DE
330
17
100
AcDbEntity
  8
OUTER
100
AcDbPolyline
 90
4
 70
1
 10
-142944.0379254914
 20
-149263.4415445983
 10
-141264.4629254914
 20
-149263.4415445983
 10
-141264.4629254914
 20
-149847.6415445983
 10
-142944.0379254914
 20
-149847.6415445983
  0
LWPOLYLINE
  5
1DF
330
17
100
AcDbEntity
  8
HOLES
100
AcDbPolyline
 90
8
 70
1
 10
-141912.1629254914
 20
-149428.5415445983
 10
-141493.0629254914
 20
-149428.5415445983
 10
-141480.3629254914
 20
-149441.2415445984
 10
-141480.3629254914
 20
-149707.9415445983
 10
-141493.0629254914
 20
-149720.6415445983
 10
-141912.1629254914
 20
-149720.6415445983
 10
-141924.8629254914
 20
-149707.9415445983
 10
-141924.8629254914
 20
-149441.2415445984
  0
LWPOLYLINE
  5
1E0
330
17
100
AcDbEntity
  8
HOLES
100
AcDbPolyline
 90
8
 70
1
 10
-142709.0879254914
 20
-149428.5415445983
 10
-142289.9879254914
 20
-149428.5415445983
 10
-142277.2879254914
 20
-149441.2415445984
 10
-142277.2879254914
 20
-149707.9415445983
 10
-142289.9879254914
 20
-149720.6415445983
 10
-142709.0879254914
 20
-149720.6415445983
 10
-142721.7879254914
 20
-149707.9415445983
 10
-142721.7879254914
 20
-149441.2415445984
  0
CIRCLE
  5
1E1
330
17
100
AcDbEntity
  8
HOLES
100
AcDbCircle
 10
-142499.5379254914
 20
-149360.2790445984
 30
0.0
 40
17.4625
  0
CIRCLE
  5
1E2
330
17
100
AcDbEntity
  8
HOLES
100
AcDbCircle
 10
-141702.6129254914
 20
-149360.2790445984
 30
0.0
 40
17.4625
  0
TEXT
  5
1E3
330
17
100
AcDbEntity
  8
NUMBERS
100
AcDbText
 10
-142101.0754254914
 20
-149574.59154459834
 30
0.0
 40
80.0
  1
P-0109
 72
1
 11
-142101.0754254914
 21
-149574.59154459834
 31
0.0
100
AcDbText
 73
2
  0
LWPOLYLINE
  5
1E5
330
17
100
AcDbEntity
  8
OUTER
100
AcDbPolyline
 90
4
 70
1
 10
-143160.6703640415
 20
-152376.5542266404
 10
-141481.0953640415
 20
-152376.5542266404
 10
-141481.0953640415
 20
-152960.7542266404
 10
-143160.6703640415
 20
-152960.7542266404
  0
LWPOLYLINE
  5
1E6
330
17
100
AcDbEntity
  8
HOLES
100
AcDbPolyline
 90
8
 70
1
 10
-142928.8953640415
 20
-152541.6542266404
 10
-142509.7953640415
 20
-152541.6542266404
 10
-142497.0953640415
 20
-152554.3542266404
 10
-142497.0953640415
 20
-152821.0542266404
 10
-142509.7953640415
 20
-152833.7542266404
 10
-142928.8953640415
 20
-152833.7542266404
 10
-142941.5953640415
 20
-152821.0542266404
 10
-142941.5953640415
 20
-152554.3542266404
  0
LWPOLYLINE
  5
1E7
330
17
100
AcDbEntity
  8
HOLES
100
AcDbPolyline
 90
8
 70
1
 10
-142131.9703640414
 20
-152541.6542266404
 10
-141712.8703640415
 20
-152541.6542266404
 10
-141700.1703640415
 20
-152554.3542266404
 10
-141700.1703640415
 20
-152821.0542266404
 10
-141712.8703640415
 20
-152833.7542266404
 10
-142131.9703640414
 20
-152833.7542266404
 10
-142144.6703640415
 20
-152821.0542266404
 10
-142144.6703640415
 20
-152554.3542266404
  0
CIRCLE
  5
1E8
330
17
100
AcDbEntity
  8
HOLES
100
AcDbCircle
 10
-142719.3453640415
 20
-152473.3917266404
 30
0.0
 40
17.4625
  0
CIRCLE
  5
1E9
330
17
100
AcDbEntity
  8
HOLES
100
AcDbCircle
 10
-141922.4203640415
 20
-152473.3917266404
 30
0.0
 40
17.4625
  0
TEXT
  5
1EA
330
17
100
AcDbEntity
  8
NUMBERS
100
AcDbText
 10
-142320.8828640415
 20
-152687.7042266404
 30
0.0
 40
80.0
  1
P-0110
 72
1
 11
-142320.8828640415
 21
-152687.7042266404
 31
0.0
100
AcDbText
 73
2
  0
LWPOLYLINE
  5
1EC
330
17
100
AcDbEntity
  8
OUTER
100
AcDbPolyline
 90
4
 70
1
 10
-159885.047259219
 20
-135084.5914309203
 10
-158208.647259219
 20
-135084.5914309203
 10
-158208.647259219
 20
-135668.7914309203
 10
-159885.047259219
 20
-135668.7914309203
  0
LWPOLYLINE
  5
1ED
330
17
100
AcDbEntity
  8
HOLES
100
AcDbPolyline
 90
8
 70
1
 10
-158862.697259219
 20
-135249.6914309203
 10
-158443.597259219
 20
-135249.6914309203
 10
-158430.897259219
 20
-135262.3914309203
 10
-158430.897259219
 20
-135529.0914309203
 10
-158443.597259219
 20
-135541.7914309203
 10
-158862.697259219
 20
-135541.7914309203
 10
-158875.397259219
 20
-135529.0914309203
 10
-158875.397259219
 20
-135262.3914309203
  0
LWPOLYLINE
  5
1EE
330
17
100
AcDbEntity
  8
HOLES
100
AcDbPolyline
 90
8
 70
1
 10
-159656.447259219
 20
-135249.6914309203
 10
-159237.347259219
 20
-135249.6914309203
 10
-159224.647259219
 20
-135262.3914309203
 10
-159224.647259219
 20
-135529.0914309203
 10
-159237.347259219
 20
-135541.7914309203
 10
-159656.447259219
 20
-135541.7914309203
 10
-159669.147259219
 20
-135529.0914309203
 10
-159669.147259219
 20
-135262.3914309203
  0
CIRCLE
  5
1EF
330
17
100
AcDbEntity
  8
HOLES
100
AcDbCircle
 10
-159446.897259219
 20
-135181.4289309203
 30
0.0
 40
17.4625
  0
CIRCLE
  5
1F0
330
17
100
AcDbEntity
  8
HOLES
100
AcDbCircle
 10
-158653.147259219
 20
-135181.4289309203
 30
0.0
 40
17.4625
  0
TEXT
  5
1F1
330
17
100
AcDbEntity
  8
NUMBERS
100
AcDbText
 10
-159050.022259219
 20
-135395.74143092032
 30
0.0
 40
80.0
  1
P-0111
 72
1
 11
-159050.022259219
 21
-135395.74143092032
 31
0.0
100
AcDbText
 73
2
  0
LWPOLYLINE
  5
1F3
330
17
100
AcDbEntity
  8
OUTER
100
AcDbPolyline
 90
4
 70
1
 10
-104435.6486032736
 20
-133517.5292662774
 10
-102759.2486032736
 20
-133517.5292662774
 10
-102759.2486032736
 20
-134101.7292662774
 10
-104435.6486032736
 20
-134101.7292662774
  0
LWPOLYLINE
  5
1F4
330
17
100
AcDbEntity
  8
HOLES
100
AcDbPolyline
 90
8
 70
1
 10
-103406.9486032736
 20
-133682.6292662774
 10
-102987.8486032736
 20
-133682.6292662774
 10
-102975.1486032736
 20
-133695.3292662774
 10
-102975.1486032736
 20
-133962.0292662774
 10
-102987.8486032736
 20
-133974.7292662774
 10
-103406.9486032736
 20
-133974.7292662774
 10
-103419.6486032736
 20
-133962.0292662774
 10
-103419.6486032736
 20
-133695.3292662774
  0
LWPOLYLINE
  5
1F5
330
17
100
AcDbEntity
  8
HOLES
100
AcDbPolyline
 90
8
 70
1
 10
-104207.0486032736
 20
-133682.6292662774
 10
-103787.9486032736
 20
-133682.6292662774
 10
-103775.2486032736
 20
-133695.3292662774
 10
-103775.2486032736
 20
-133962.0292662774
 10
-103787.9486032736
 20
-133974.7292662774
 10
-104207.0486032736
 20
-133974.7292662774
 10
-104219.7486032736
 20
-133962.0292662774
 10
-104219.7486032736
 20
-133695.3292662774
  0
CIRCLE
  5
1F6
330
17
100
AcDbEntity
  8
HOLES
100
AcDbCircle
 10
-103997.4986032736
 20
-133614.3667662774
 30
0.0
 40
17.4625
  0
CIRCLE
  5
1F7
330
17
100
AcDbEntity
  8
HOLES
100
AcDbCircle
 10
-103197.3986032736
 20
-133614.3667662774
 30
0.0
 40
17.4625
  0
TEXT
  5
1F8
330
17
100
AcDbEntity
  8
NUMBERS
100
AcDbText
 10
-103597.4486032736
 20
-133828.6792662774
 30
0.0
 40
80.0
  1
P-0112
 72
1
 11
-103597.4486032736
 21
-133828.6792662774
 31
0.0
100
AcDbText
 73
2
  0
LWPOLYLINE
  5
1FA
330
17
100
AcDbEntity
  8
OUTER
100
AcDbPolyline
 90
4
 70
1
 10
-151057.6290052597
 20
-133555.9281215798
 10
-149381.2290052597
 20
-133555.9281215798
 10
-149381.2290052597
 20
-134140.1281215798
 10
-151057.6290052597
 20
-134140.1281215798
  0
LWPOLYLINE
  5
1FB
330
17
100
AcDbEntity
  8
HOLES
100
AcDbPolyline
 90
8
 70
1
 10
-150028.9290052597
 20
-133721.4559380731
 10
-149609.8290052597
 20
-133721.4559380731
 10
-149597.1290052597
 20
-133734.1559380731
 10
-149597.1290052597
 20
-134000.8559380731
 10
-149609.8290052597
 20
-134013.5559380731
 10
-150028.9290052597
 20
-134013.5559380731
 10
-150041.6290052597
 20
-134000.8559380731
 10
-150041.6290052597
 20
-133734.1559380731
  0
LWPOLYLINE
  5
1FC
330
17
100
AcDbEntity
  8
HOLES
100
AcDbPolyline
 90
8
 70
1
 10
-150829.0290052597
 20
-133721.0281215798
 10
-150409.9290052597
 20
-133721.0281215798
 10
-150397.2290052597
 20
-133733.7281215799
 10
-150397.2290052597
 20
-134000.4281215798
 10
-150409.9290052597
 20
-134013.1281215798
 10
-150829.0290052597
 20
-134013.1281215798
 10
-150841.7290052597
 20
-134000.4281215798
 10
-150841.7290052597
 20
-133733.7281215799
  0
CIRCLE
  5
1FD
330
17
100
AcDbEntity
  8
HOLES
100
AcDbCircle
 10
-150619.4790052597
 20
-133652.7656215799
 30
0.0
 40
17.4625
  0
CIRCLE
  5
1FE
330
17
100
AcDbEntity
  8
HOLES
100
AcDbCircle
 10
-149819.3790052597
 20
-133653.1934380731
 30
0.0
 40
17.4625
  0
TEXT
  5
1FF
330
17
100
AcDbEntity
  8
NUMBERS
100
AcDbText
 10
-150219.4290052597
 20
-133867.29202982644
 30
0.0
 40
80.0
  1
P-0113
 72
1
 11
-150219.4290052597
 21
-133867.29202982644
 31
0.0
100
AcDbText
 73
2
  0
LWPOLYLINE
  5
201
330
17
100
AcDbEntity
  8
OUTER
100
AcDbPolyline
 90
4
 70
1
 10
-135682.0159443563
 20
-145060.337067732
 10
-134005.6159443563
 20
-145060.337067732
 10
-134005.6159443563
 20
-145644.537067732
 10
-135682.0159443563
 20
-145644.537067732
  0
LWPOLYLINE
  5
202
330
17
100
AcDbEntity
  8
HOLES
100
AcDbPolyline
 90
8
 70
1
 10
-134653.3159443563
 20
-145225.8648842253
 10
-134234.2159443563
 20
-145225.8648842253
 10
-134221.5159443563
 20
-145238.5648842253
 10
-134221.5159443563
 20
-145505.2648842253
 10
-134234.2159443563
 20
-145517.9648842253
 10
-134653.3159443563
 20
-145517.9648842253
 10
-134666.0159443563
 20
-145505.2648842253
 10
-134666.0159443563
 20
-145238.5648842253
  0
LWPOLYLINE
  5
203
330
17
100
AcDbEntity
  8
HOLES
100
AcDbPolyline
 90
8
 70
1
 10
-135453.4159443563
 20
-145225.437067732
 10
-135034.3159443563
 20
-145225.437067732
 10
-135021.6159443563
 20
-145238.137067732
 10
-135021.6159443563
 20
-145504.837067732
 10
-135034.3159443563
 20
-145517.537067732
 10
-135453.4159443563
 20
-145517.537067732
 10
-135466.1159443563
 20
-145504.837067732
 10
-135466.1159443563
 20
-145238.137067732
  0
CIRCLE
  5
204
330
17
100
AcDbEntity
  8
HOLES
100
AcDbCircle
 10
-135243.8659443563
 20
-145157.174567732
 30
0.0
 40
17.4625
  0
CIRCLE
  5
205
330
17
100
AcDbEntity
  8
HOLES
100
AcDbCircle
 10
-134443.7659443563
 20
-145157.6023842253
 30
0.0
 40
17.4625
  0
TEXT
  5
206
330
17
100
AcDbEntity
  8
NUMBERS
100
AcDbText
 10
-134843.81594435632
 20
-145371.70097597866
 30
0.0
 40
80.0
  1
P-0114
 72
1
 11
-134843.81594435632
 21
-145371.70097597866
 31
0.0
100
AcDbText
 73
2
  0
LWPOLYLINE
  5
208
330
17
100
AcDbEntity
  8
OUTER
100
AcDbPolyline
 90
4
 70
1
 10
-160009.9706029944
 20
-152120.9901823495
 10
-158335.1576029944
 20
-152120.9901823495
 10
-158335.1576029944
 20
-152705.1901823495
 10
-160009.9706029944
 20
-152705.1901823495
  0
LWPOLYLINE
  5
209
330
17
100
AcDbEntity
  8
HOLES
100
AcDbPolyline
 90
8
 70
1
 10
-159778.1956029944
 20
-152286.0901823495
 10
-159359.0956029944
 20
-152286.0901823495
 10
-159346.3956029944
 20
-152298.7901823495
 10
-159346.3956029944
 20
-152565.4901823495
 10
-159359.0956029944
 20
-152578.1901823495
 10
-159778.1956029944
 20
-152578.1901823495
 10
-159790.8956029944
 20
-152565.4901823495
 10
-159790.8956029944
 20
-152298.7901823495
  0
LWPOLYLINE
  5
20A
330
17
100
AcDbEntity
  8
HOLES
100
AcDbPolyline
 90
8
 70
1
 10
-158986.0326029944
 20
-152286.0901823495
 10
-158566.9326029944
 20
-152286.0901823495
 10
-158554.2326029944
 20
-152298.7901823495
 10
-158554.2326029944
 20
-152565.4901823495
 10
-158566.9326029944
 20
-152578.1901823495
 10
-158986.0326029944
 20
-152578.1901823495
 10
-158998.7326029944
 20
-152565.4901823495
 10
-158998.7326029944
 20
-152298.7901823495
  0
CIRCLE
  5
20B
330
17
100
AcDbEntity
  8
HOLES
100
AcDbCircle
 10
-159568.6456029944
 20
-152217.8276823495
 30
0.0
 40
17.4625
  0
CIRCLE
  5
20C
330
17
100
AcDbEntity
  8
HOLES
100
AcDbCircle
 10
-158776.4826029944
 20
-152217.8276823495
 30
0.0
 40
17.4625
  0
TEXT
  5
20D
330
17
100
AcDbEntity
  8
NUMBERS
100
AcDbText
 10
-159172.5641029944
 20
-152432.14018234948
 30
0.0
 40
80.0
  1
P-0115
 72
1
 11
-159172.5641029944
 21
-152432.14018234948
 31
0.0
100
AcDbText
 73
2
  0
LWPOLYLINE
  5
20F
330
17
100
AcDbEntity
  8
OUTER
100
AcDbPolyline
 90
4
 70
1
 10
-112308.355311687
 20
-131972.5202956336
 10
-110635.130311687
 20
-131972.5202956336
 10
-110635.130311687
 20
-132556.7202956336
 10
-112308.355311687
 20
-132556.7202956336
  0
LWPOLYLINE
  5
210
330
17
100
AcDbEntity
  8
HOLES
100
AcDbPolyline
 90
8
 70
1
 10
-111286.005311687
 20
-132137.6202956336
 10
-110866.905311687
 20
-132137.6202956336
 10
-110854.205311687
 20
-132150.3202956336
 10
-110854.205311687
 20
-132417.0202956336
 10
-110866.905311687
 20
-132429.7202956336
 10
-111286.005311687
 20
-132429.7202956336
 10
-111298.705311687
 20
-132417.0202956336
 10
-111298.705311687
 20
-132150.3202956336
  0
LWPOLYLINE
  5
211
330
17
100
AcDbEntity
  8
HOLES
100
AcDbPolyline
 90
8
 70
1
 10
-112076.5803116869
 20
-132137.6202956336
 10
-111657.480311687
 20
-132137.6202956336
 10
-111644.780311687
 20
-132150.3202956336
 10
-111644.780311687
 20
-132417.0202956336
 10
-111657.480311687
 20
-132429.7202956336
 10
-112076.5803116869
 20
-132429.7202956336
 10
-112089.280311687
 20
-132417.0202956336
 10
-112089.280311687
 20
-132150.3202956336
  0
CIRCLE
  5
212
330
17
100
AcDbEntity
  8
HOLES
100
AcDbCircle
 10
-111867.030311687
 20
-132069.3577956337
 30
0.0
 40
17.4625
  0
CIRCLE
  5
213
330
17
100
AcDbEntity
  8
HOLES
100
AcDbCircle
 10
-111076.455311687
 20
-132069.3577956337
 30
0.0
 40
17.4625
  0
TEXT
  5
214
330
17
100
AcDbEntity
  8
NUMBERS
100
AcDbText
 10
-111471.742811687
 20
-132283.6702956336
 30
0.0
 40
80.0
  1
P-0116
 72
1
 11
-111471.742811687
 21
-132283.6702956336
 31
0.0
100
AcDbText
 73
2
  0
LWPOLYLINE
  5
216
330
17
100
AcDbEntity
  8
OUTER
100
AcDbPolyline
 90
9
 70
1
 10
-129844.7852459006
 20
-147842.6570902402
 10
-130746.4852459006
 20
-147842.6570902402
 10
-130746.4852459006
 20
-149090.4320902402
 10
-130098.7852459006
 20
-149090.4320902402
 10
-130095.6102459006
 20
-149087.2570902402
 10
-130095.6102459006
 20
-148496.7070902402
 10
-130092.4352459006
 20
-148493.5320902402
 10
-129847.9602459006
 20
-148493.5320902402
 10
-129844.7852459006
 20
-148490.3570902402
  0
TEXT
  5
217
330
17
100
AcDbEntity
  8
NUMBERS
100
AcDbText
 10
-130364.17757378146
 20
-148224.97096353114
 30
0.0
 40
80.0
  1
P-0117
 72
1
 11
-130364.17757378146
 21
-148224.97096353114
 31
0.0
100
AcDbText
 73
2
  0
LWPOLYLINE
  5
219
330
17
100
AcDbEntity
  8
OUTER
100
AcDbPolyline
 90
9
 70
1
 10
-145514.5873248113
 20
-133904.9533052882
 10
-146416.2873248113
 20
-133904.9533052882
 10
-146416.2873248113
 20
-135152.7283052882
 10
-145768.5873248113
 20
-135152.7283052882
 10
-145765.4123248113
 20
-135149.5533052882
 10
-145765.4123248113
 20
-134559.0033052882
 10
-145762.2373248113
 20
-134555.8283052882
 10
-145517.7623248113
 20
-134555.8283052882
 10
-145514.5873248113
 20
-134552.6533052882
  0
TEXT
  5
21A
330
17
100
AcDbEntity
  8
NUMBERS
100
AcDbText
 10
-146033.97965269213
 20
-134287.26717857915
 30
0.0
 40
80.0
  1
P-0118
 72
1
 11
-146033.97965269213
 21
-134287.26717857915
 31
0.0
100
AcDbText
 73
2
  0
LWPOLYLINE
  5
21C
330
17
100
AcDbEntity
  8
OUTER
100
AcDbPolyline
 90
9
 70
1
 10
-135673.7630738453
 20
-130542.4406798808
 10
-136575.4630738453
 20
-130542.4406798808
 10
-136575.4630738453
 20
-131190.1406798808
 10
-136572.2880738453
 20
-131193.3156798808
 10
-136327.8130738453
 20
-131193.3156798808
 10
-136324.6380738453
 20
-131196.4906798808
 10
-136324.6380738453
 20
-131787.0406798808
 10
-136321.4630738453
 20
-131790.2156798808
 10
-135673.7630738453
 20
-131790.2156798808
  0
TEXT
  5
21D
330
17
100
AcDbEntity
  8
NUMBERS
100
AcDbText
 10
-136056.07074596445
 20
-130924.75455317182
 30
0.0
 40
80.0
  1
P-0119
 72
1
 11
-136056.07074596445
 21
-130924.75455317182
 31
0.0
100
AcDbText
 73
2
  0
LWPOLYLINE
  5
21F
330
17
100
AcDbEntity
  8
OUTER
100
AcDbPolyline
 90
9
 70
1
 10
-127770.7000240431
 20
-150910.1423183544
 10
-128669.225024043
 20
-150910.1423183544
 10
-128669.225024043
 20
-151557.8423183544
 10
-128666.050024043
 20
-151561.0173183544
 10
-128424.7500240431
 20
-151561.0173183544
 10
-128421.5750240431
 20
-151564.1923183544
 10
-128421.5750240431
 20
-152157.9173183545
 10
-128418.4000240431
 20
-152161.0923183545
 10
-127770.7000240431
 20
-152161.0923183545
  0
TEXT
  5
220
330
17
100
AcDbEntity
  8
NUMBERS
100
AcDbText
 10
-128152.77282677742
 20
-151292.5127773388
 30
0.0
 40
80.0
  1
P-0120
 72
1
 11
-128152.77282677742
 21
-151292.5127773388
 31
0.0
100
AcDbText
 73
2
  0
LWPOLYLINE
  5
222
330
17
100
AcDbEntity
  8
OUTER
100
AcDbPolyline
 90
9
 70
1
 10
-120119.0743056587
 20
-148081.9365356332
 10
-121020.7743056587
 20
-148081.9365356332
 10
-121020.7743056587
 20
-148729.6365356332
 10
-121017.5993056586
 20
-148732.8115356332
 10
-120773.1243056587
 20
-148732.8115356332
 10
-120769.9493056587
 20
-148735.9865356332
 10
-120769.9493056587
 20
-149326.5365356332
 10
-120766.7743056586
 20
-149329.7115356332
 10
-120119.0743056587
 20
-149329.7115356332
  0
TEXT
  5
223
330
17
100
AcDbEntity
  8
NUMBERS
100
AcDbText
 10
-120501.38197777783
 20
-148464.25040892413
 30
0.0
 40
80.0
  1
P-0121
 72
1
 11
-120501.38197777783
 21
-148464.25040892413
 31
0.0
100
AcDbText
 73
2
  0
LWPOLYLINE
  5
225
330
17
100
AcDbEntity
  8
OUTER
100
AcDbPolyline
 90
9
 70
1
 10
-127834.39917004
 20
-136752.6793368858
 10
-128736.0991700399
 20
-136752.6793368858
 10
-128736.0991700399
 20
-137400.3793368858
 10
-128732.9241700399
 20
-137403.5543368858
 10
-128488.44917004
 20
-137403.5543368858
 10
-128485.27417004
 20
-137406.7293368858
 10
-128485.27417004
 20
-137997.2793368859
 10
-128482.09917004
 20
-138000.4543368859
 10
-127834.39917004
 20
-138000.4543368859
  0
TEXT
  5
226
330
17
100
AcDbEntity
  8
NUMBERS
100
AcDbText
 10
-128216.70684215908
 20
-137134.99321017682
 30
0.0
 40
80.0
  1
P-0122
 72
1
 11
-128216.70684215908
 21
-137134.99321017682
 31
0.0
100
AcDbText
 73
2
  0
LWPOLYLINE
  5
228
330
17
100
AcDbEntity
  8
OUTER
100
AcDbPolyline
 90
9
 70
1
 10
-104129.7563417927
 20
-131747.4919208298
 10
-105034.6313417927
 20
-131747.4919208298
 10
-105034.6313417927
 20
-132395.1919208298
 10
-105031.4563417927
 20
-132398.3669208298
 10
-104783.8063417927
 20
-132398.3669208298
 10
-104780.6313417927
 20
-132401.5419208298
 10
-104780.6313417927
 20
-132988.9169208298
 10
-104777.4563417927
 20
-132992.0919208298
 10
-104129.7563417927
 20
-132992.0919208298
  0
TEXT
  5
229
330
17
100
AcDbEntity
  8
NUMBERS
100
AcDbText
 10
-104512.00277733957
 20
-132129.44070012667
 30
0.0
 40
80.0
  1
P-0123
 72
1
 11
-104512.00277733957
 21
-132129.44070012667
 31
0.0
100
AcDbText
 73
2
  0
LWPOLYLINE
  5
22B
330
17
100
AcDbEntity
  8
OUTER
100
AcDbPolyline
 90
9
 70
1
 10
-135555.7114391638
 20
-133647.5262713427
 10
-136454.2364391638
 20
-133647.5262713427
 10
-136454.2364391638
 20
-134295.2262713427
 10
-136451.0614391638
 20
-134298.4012713427
 10
-136209.7614391638
 20
-134298.4012713427
 10
-136206.5864391638
 20
-134301.5762713427
 10
-136206.5864391638
 20
-134895.3012713427
 10
-136203.4114391638
 20
-134898.4762713427
 10
-135555.7114391638
 20
-134898.4762713427
  0
TEXT
  5
22C
330
17
100
AcDbEntity
  8
NUMBERS
100
AcDbText
 10
-135937.78424189822
 20
-134029.89673032705
 30
0.0
 40
80.0
  1
P-0124
 72
1
 11
-135937.78424189822
 21
-134029.89673032705
 31
0.0
100
AcDbText
 73
2
  0
LWPOLYLINE
  5
22E
330
17
100
AcDbEntity
  8
OUTER
100
AcDbPolyline
 90
9
 70
1
 10
-129694.8983803518
 20
-145022.8234988708
 10
-130596.5983803518
 20
-145022.8234988708
 10
-130596.5983803518
 20
-146270.5984988708
 10
-129948.8983803518
 20
-146270.5984988708
 10
-129945.7233803518
 20
-146267.4234988708
 10
-129945.7233803518
 20
-145676.8734988707
 10
-129942.5483803518
 20
-145673.6984988707
 10
-129698.0733803518
 20
-145673.6984988707
 10
-129694.8983803518
 20
-145670.5234988708
  0
TEXT
  5
22F
330
17
100
AcDbEntity
  8
NUMBERS
100
AcDbText
 10
-130214.29070823269
 20
-145405.13737216173
 30
0.0
 40
80.0
  1
P-0125
 72
1
 11
-130214.29070823269
 21
-145405.13737216173
 31
0.0
100
AcDbText
 73
2
  0
LWPOLYLINE
  5
231
330
17
100
AcDbEntity
  8
OUTER
100
AcDbPolyline
 90
9
 70
1
 10
-137668.8315996064
 20
-136516.6914435993
 10
-138570.5315996064
 20
-136516.6914435993
 10
-138570.5315996064
 20
-137764.4664435992
 10
-137922.8315996064
 20
-137764.4664435992
 10
-137919.6565996064
 20
-137761.2914435992
 10
-137919.6565996064
 20
-137170.7414435993
 10
-137916.4815996064
 20
-137167.5664435993
 10
-137672.0065996063
 20
-137167.5664435993
 10
-137668.8315996064
 20
-137164.3914435993
  0
TEXT
  5
232
330
17
100
AcDbEntity
  8
NUMBERS
100
AcDbText
 10
-138188.22392748727
 20
-136899.00531689025
 30
0.0
 40
80.0
  1
P-0126
 72
1
 11
-138188.22392748727
 21
-136899.00531689025
 31
0.0
100
AcDbText
 73
2
  0
LWPOLYLINE
  5
234
330
17
100
AcDbEntity
  8
OUTER
100
AcDbPolyline
 90
9
 70
1
 10
-120169.0605235042
 20
-145094.3709296891
 10
-121070.7605235041
 20
-145094.3709296891
 10
-121070.7605235041
 20
-145742.0709296891
 10
-121067.5855235041
 20
-145745.245929689
 10
-120823.1105235041
 20
-145745.245929689
 10
-120819.9355235042
 20
-145748.420929689
 10
-120819.9355235042
 20
-146338.9709296891
 10
-120816.7605235041
 20
-146342.1459296891
 10
-120169.0605235042
 20
-146342.1459296891
  0
TEXT
  5
235
330
17
100
AcDbEntity
  8
NUMBERS
100
AcDbText
 10
-120551.36819562328
 20
-145476.68480298007
 30
0.0
 40
80.0
  1
P-0127
 72
1
 11
-120551.36819562328
 21
-145476.68480298007
 31
0.0
100
AcDbText
 73
2
  0
LWPOLYLINE
  5
237
330
17
100
AcDbEntity
  8
OUTER
100
AcDbPolyline
 90
9
 70
1
 10
-143557.0105829672
 20
-151144.9382841045
 10
-144457.1235829672
 20
-151144.9382841045
 10
-144457.1235829672
 20
-151792.6382841045
 10
-144453.9485829672
 20
-151795.8132841044
 10
-144211.0605829672
 20
-151795.8132841044
 10
-144207.8855829672
 20
-151798.9882841044
 10
-144207.8855829672
 20
-152389.5382841044
 10
-144204.7105829672
 20
-152392.7132841044
 10
-143557.0105829672
 20
-152392.7132841044
  0
TEXT
  5
238
330
17
100
AcDbEntity
  8
NUMBERS
100
AcDbText
 10
-143939.13402022305
 20
-151527.2521573954
 30
0.0
 40
80.0
  1
P-0128
 72
1
 11
-143939.13402022305
 21
-151527.2521573954
 31
0.0
100
AcDbText
 73
2
  0
LWPOLYLINE
  5
23A
330
17
100
AcDbEntity
  8
OUTER
100
AcDbPolyline
 90
5
 70
1
 10
-135187.0636323669
 20
-131177.7078519462
 10
-133526.5386323669
 20
-131177.7078519462
 10
-133526.5386323669
 20
-131761.9078519462
 10
-135183.8886323669
 20
-131761.9078519462
 10
-135187.0636323669
 20
-131758.7328519462
  0
LWPOLYLINE
  5
23B
330
17
100
AcDbEntity
  8
HOLES
100
AcDbPolyline
 90
8
 70
1
 10
-134167.8886323669
 20
-131342.8078519462
 10
-133748.7886323669
 20
-131342.8078519462
 10
-133736.0886323669
 20
-131355.5078519462
 10
-133736.0886323669
 20
-131622.2078519462
 10
-133748.7886323669
 20
-131634.9078519462
 10
-134167.8886323669
 20
-131634.9078519462
 10
-134180.5886323669
 20
-131622.2078519462
 10
-134180.5886323669
 20
-131355.5078519462
  0
LWPOLYLINE
  5
23C
330
17
100
AcDbEntity
  8
HOLES
100
AcDbPolyline
 90
8
 70
1
 10
-134967.9886323669
 20
-131342.8078519462
 10
-134548.888632367
 20
-131342.8078519462
 10
-134536.1886323669
 20
-131355.5078519462
 10
-134536.1886323669
 20
-131622.2078519462
 10
-134548.888632367
 20
-131634.9078519462
 10
-134967.9886323669
 20
-131634.9078519462
 10
-134980.6886323669
 20
-131622.2078519462
 10
-134980.6886323669
 20
-131355.5078519462
  0
CIRCLE
  5
23D
330
17
100
AcDbEntity
  8
HOLES
100
AcDbCircle
 10
-134758.4386323669
 20
-131274.5453519462
 30
0.0
 40
17.4625
  0
CIRCLE
  5
23E
330
17
100
AcDbEntity
  8
HOLES
100
AcDbCircle
 10
-133958.3386323669
 20
-131274.5453519462
 30
0.0
 40
17.4625
  0
TEXT
  5
23F
330
17
100
AcDbEntity
  8
NUMBERS
100
AcDbText
 10
-134358.3886323669
 20
-131488.8578519462
 30
0.0
 40
80.0
  1
P-0129
 72
1
 11
-134358.3886323669
 21
-131488.8578519462
 31
0.0
100
AcDbText
 73
2
  0
LWPOLYLINE
  5
241
330
17
100
AcDbEntity
  8
OUTER
100
AcDbPolyline
 90
5
 70
1
 10
-119632.3748641803
 20
-148717.2037076986
 10
-117971.8498641802
 20
-148717.2037076986
 10
-117971.8498641802
 20
-149301.4037076985
 10
-119629.1998641803
 20
-149301.4037076985
 10
-119632.3748641803
 20
-149298.2287076986
  0
LWPOLYLINE
  5
242
330
17
100
AcDbEntity
  8
HOLES
100
AcDbPolyline
 90
8
 70
1
 10
-119413.2998641802
 20
-148882.3037076986
 10
-118994.1998641803
 20
-148882.3037076986
 10
-118981.4998641803
 20
-148895.0037076986
 10
-118981.4998641803
 20
-149161.7037076985
 10
-118994.1998641803
 20
-149174.4037076986
 10
-119413.2998641802
 20
-149174.4037076986
 10
-119425.9998641803
 20
-149161.7037076985
 10
-119425.9998641803
 20
-148895.0037076986
  0
LWPOLYLINE
  5
243
330
17
100
AcDbEntity
  8
HOLES
100
AcDbPolyline
 90
8
 70
1
 10
-118613.1998641802
 20
-148882.3037076986
 10
-118194.0998641803
 20
-148882.3037076986
 10
-118181.3998641803
 20
-148895.0037076986
 10
-118181.3998641803
 20
-149161.7037076985
 10
-118194.0998641803
 20
-149174.4037076986
 10
-118613.1998641802
 20
-149174.4037076986
 10
-118625.8998641803
 20
-149161.7037076985
 10
-118625.8998641803
 20
-148895.0037076986
  0
CIRCLE
  5
244
330
17
100
AcDbEntity
  8
HOLES
100
AcDbCircle
 10
-119203.7498641803
 20
-148814.0412076986
 30
0.0
 40
17.4625
  0
CIRCLE
  5
245
330
17
100
AcDbEntity
  8
HOLES
100
AcDbCircle
 10
-118403.6498641803
 20
-148814.0412076986
 30
0.0
 40
17.4625
  0
TEXT
  5
246
330
17
100
AcDbEntity
  8
NUMBERS
100
AcDbText
 10
-118803.6998641803
 20
-149028.35370769855
 30
0.0
 40
80.0
  1
P-0130
 72
1
 11
-118803.6998641803
 21
-149028.35370769855
 31
0.0
100
AcDbText
 73
2
  0
LWPOLYLINE
  5
248
330
17
100
AcDbEntity
  8
OUTER
100
AcDbPolyline
 90
5
 70
1
 10
-111985.954614638
 20
-147946.3967917167
 10
-110328.6046146379
 20
-147946.3967917167
 10
-110328.6046146379
 20
-148530.5967917168
 10
-111982.779614638
 20
-148530.5967917168
 10
-111985.954614638
 20
-148527.4217917168
  0
LWPOLYLINE
  5
249
330
17
100
AcDbEntity
  8
HOLES
100
AcDbPolyline
 90
8
 70
1
 10
-110969.9546146379
 20
-148111.4967917167
 10
-110550.854614638
 20
-148111.4967917167
 10
-110538.1546146379
 20
-148124.1967917168
 10
-110538.1546146379
 20
-148390.8967917167
 10
-110550.854614638
 20
-148403.5967917168
 10
-110969.9546146379
 20
-148403.5967917168
 10
-110982.6546146379
 20
-148390.8967917167
 10
-110982.6546146379
 20
-148124.1967917168
  0
LWPOLYLINE
  5
24A
330
17
100
AcDbEntity
  8
HOLES
100
AcDbPolyline
 90
8
 70
1
 10
-111766.9296146379
 20
-148111.4967917167
 10
-111347.829614638
 20
-148111.4967917167
 10
-111335.129614638
 20
-148124.1967917168
 10
-111335.129614638
 20
-148390.8967917167
 10
-111347.829614638
 20
-148403.5967917168
 10
-111766.9296146379
 20
-148403.5967917168
 10
-111779.6296146379
 20
-148390.8967917167
 10
-111779.6296146379
 20
-148124.1967917168
  0
CIRCLE
  5
24B
330
17
100
AcDbEntity
  8
HOLES
100
AcDbCircle
 10
-111557.3796146379
 20
-148043.2342917168
 30
0.0
 40
17.4625
  0
CIRCLE
  5
24C
330
17
100
AcDbEntity
  8
HOLES
100
AcDbCircle
 10
-110760.4046146379
 20
-148043.2342917168
 30
0.0
 40
17.4625
  0
TEXT
  5
24D
330
17
100
AcDbEntity
  8
NUMBERS
100
AcDbText
 10
-111158.89211463794
 20
-148257.54679171674
 30
0.0
 40
80.0
  1
P-0131
 72
1
 11
-111158.89211463794
 21
-148257.54679171674
 31
0.0
100
AcDbText
 73
2
  0
LWPOLYLINE
  5
24F
330
17
100
AcDbEntity
  8
OUTER
100
AcDbPolyline
 90
5
 70
1
 10
-112142.9210896742
 20
-137850.3221414143
 10
-110485.5710896742
 20
-137850.3221414143
 10
-110485.5710896742
 20
-138431.3471414144
 10
-110488.7460896742
 20
-138434.5221414144
 10
-112142.9210896742
 20
-138434.5221414144
  0
LWPOLYLINE
  5
250
330
17
100
AcDbEntity
  8
HOLES
100
AcDbPolyline
 90
8
 70
1
 10
-111923.8460896742
 20
-138015.4221414144
 10
-111504.7460896742
 20
-138015.4221414144
 10
-111492.0460896742
 20
-138028.1221414144
 10
-111492.0460896742
 20
-138294.8221414143
 10
-111504.7460896742
 20
-138307.5221414143
 10
-111923.8460896742
 20
-138307.5221414143
 10
-111936.5460896742
 20
-138294.8221414143
 10
-111936.5460896742
 20
-138028.1221414144
  0
LWPOLYLINE
  5
251
330
17
100
AcDbEntity
  8
HOLES
100
AcDbPolyline
 90
8
 70
1
 10
-111126.9210896742
 20
-138015.4221414144
 10
-110707.8210896742
 20
-138015.4221414144
 10
-110695.1210896742
 20
-138028.1221414144
 10
-110695.1210896742
 20
-138294.8221414143
 10
-110707.8210896742
 20
-138307.5221414143
 10
-111126.9210896742
 20
-138307.5221414143
 10
-111139.6210896742
 20
-138294.8221414143
 10
-111139.6210896742
 20
-138028.1221414144
  0
CIRCLE
  5
252
330
17
100
AcDbEntity
  8
HOLES
100
AcDbCircle
 10
-111714.2960896742
 20
-137947.1596414144
 30
0.0
 40
17.4625
  0
CIRCLE
  5
253
330
17
100
AcDbEntity
  8
HOLES
100
AcDbCircle
 10
-110917.3710896742
 20
-137947.1596414144
 30
0.0
 40
17.4625
  0
TEXT
  5
254
330
17
100
AcDbEntity
  8
NUMBERS
100
AcDbText
 10
-111315.8335896742
 20
-138161.47214141436
 30
0.0
 40
80.0
  1
P-0132
 72
1
 11
-111315.8335896742
 21
-138161.47214141436
 31
0.0
100
AcDbText
 73
2
  0
LWPOLYLINE
  5
256
330
17
100
AcDbEntity
  8
OUTER
100
AcDbPolyline
 90
5
 70
1
 10
-127560.7844720542
 20
-149103.8307037121
 10
-125903.4344720542
 20
-149103.8307037121
 10
-125903.4344720542
 20
-149684.8557037122
 10
-125906.6094720542
 20
-149688.0307037122
 10
-127560.7844720542
 20
-149688.0307037122
  0
LWPOLYLINE
  5
257
330
17
100
AcDbEntity
  8
HOLES
100
AcDbPolyline
 90
8
 70
1
 10
-127338.5344720542
 20
-149268.9307037121
 10
-126919.4344720543
 20
-149268.9307037121
 10
-126906.7344720542
 20
-149281.6307037122
 10
-126906.7344720542
 20
-149548.3307037122
 10
-126919.4344720543
 20
-149561.0307037122
 10
-127338.5344720542
 20
-149561.0307037122
 10
-127351.2344720542
 20
-149548.3307037122
 10
-127351.2344720542
 20
-149281.6307037122
  0
LWPOLYLINE
  5
258
330
17
100
AcDbEntity
  8
HOLES
100
AcDbPolyline
 90
8
 70
1
 10
-126538.4344720542
 20
-149268.6438400159
 10
-126119.3344720543
 20
-149268.6438400159
 10
-126106.6344720542
 20
-149281.3438400159
 10
-126106.6344720542
 20
-149548.0438400159
 10
-126119.3344720543
 20
-149560.7438400159
 10
-126538.4344720542
 20
-149560.7438400159
 10
-126551.1344720543
 20
-149548.0438400159
 10
-126551.1344720543
 20
-149281.3438400159
  0
CIRCLE
  5
259
330
17
100
AcDbEntity
  8
HOLES
100
AcDbCircle
 10
-127128.9844720542
 20
-149200.6682037122
 30
0.0
 40
17.4625
  0
CIRCLE
  5
25A
330
17
100
AcDbEntity
  8
HOLES
100
AcDbCircle
 10
-126328.8844720542
 20
-149200.381340016
 30
0.0
 40
17.4625
  0
TEXT
  5
25B
330
17
100
AcDbEntity
  8
NUMBERS
100
AcDbText
 10
-126728.93447205424
 20
-149414.83727186406
 30
0.0
 40
80.0
  1
P-0133
 72
1
 11
-126728.93447205424
 21
-149414.83727186406
 31
0.0
100
AcDbText
 73
2
  0
LWPOLYLINE
  5
25D
330
17
100
AcDbEntity
  8
OUTER
100
AcDbPolyline
 90
5
 70
1
 10
-135354.7292401707
 20
-137798.9069312489
 10
-133697.3792401707
 20
-137798.9069312489
 10
-133697.3792401707
 20
-138379.931931249
 10
-133700.5542401707
 20
-138383.1069312489
 10
-135354.7292401707
 20
-138383.1069312489
  0
LWPOLYLINE
  5
25E
330
17
100
AcDbEntity
  8
HOLES
100
AcDbPolyline
 90
8
 70
1
 10
-135132.4792401707
 20
-137964.0069312489
 10
-134713.3792401707
 20
-137964.0069312489
 10
-134700.6792401707
 20
-137976.7069312489
 10
-134700.6792401707
 20
-138243.4069312489
 10
-134713.3792401707
 20
-138256.1069312489
 10
-135132.4792401707
 20
-138256.1069312489
 10
-135145.1792401707
 20
-138243.4069312489
 10
-135145.1792401707
 20
-137976.7069312489
  0
LWPOLYLINE
  5
25F
330
17
100
AcDbEntity
  8
HOLES
100
AcDbPolyline
 90
8
 70
1
 10
-134332.3792401706
 20
-137963.7200675527
 10
-133913.2792401707
 20
-137963.7200675527
 10
-133900.5792401707
 20
-137976.4200675527
 10
-133900.5792401707
 20
-138243.1200675527
 10
-133913.2792401707
 20
-138255.8200675527
 10
-134332.3792401706
 20
-138255.8200675527
 10
-134345.0792401707
 20
-138243.1200675527
 10
-134345.0792401707
 20
-137976.4200675527
  0
CIRCLE
  5
260
330
17
100
AcDbEntity
  8
HOLES
100
AcDbCircle
 10
-134922.9292401707
 20
-137895.7444312489
 30
0.0
 40
17.4625
  0
CIRCLE
  5
261
330
17
100
AcDbEntity
  8
HOLES
100
AcDbCircle
 10
-134122.8292401707
 20
-137895.4575675527
 30
0.0
 40
17.4625
  0
TEXT
  5
262
330
17
100
AcDbEntity
  8
NUMBERS
100
AcDbText
 10
-134522.8792401707
 20
-138109.91349940078
 30
0.0
 40
80.0
  1
P-0134
 72
1
 11
-134522.8792401707
 21
-138109.91349940078
 31
0.0
100
AcDbText
 73
2
  0
LWPOLYLINE
  5
264
330
17
100
AcDbEntity
  8
OUTER
100
AcDbPolyline
 90
5
 70
1
 10
-119787.5175621637
 20
-145729.6381017544
 10
-118130.1675621637
 20
-145729.6381017544
 10
-118130.1675621637
 20
-146313.8381017544
 10
-119784.3425621637
 20
-146313.8381017544
 10
-119787.5175621637
 20
-146310.6631017545
  0
LWPOLYLINE
  5
265
330
17
100
AcDbEntity
  8
HOLES
100
AcDbPolyline
 90
8
 70
1
 10
-118771.5175621637
 20
-145894.7381017545
 10
-118352.4175621637
 20
-145894.7381017545
 10
-118339.7175621637
 20
-145907.4381017545
 10
-118339.7175621637
 20
-146174.1381017544
 10
-118352.4175621637
 20
-146186.8381017545
 10
-118771.5175621637
 20
-146186.8381017545
 10
-118784.2175621637
 20
-146174.1381017544
 10
-118784.2175621637
 20
-145907.4381017545
  0
LWPOLYLINE
  5
266
330
17
100
AcDbEntity
  8
HOLES
100
AcDbPolyline
 90
8
 70
1
 10
-119571.6175621637
 20
-145894.7381017545
 10
-119152.5175621637
 20
-145894.7381017545
 10
-119139.8175621637
 20
-145907.4381017545
 10
-119139.8175621637
 20
-146174.1381017544
 10
-119152.5175621637
 20
-146186.8381017545
 10
-119571.6175621637
 20
-146186.8381017545
 10
-119584.3175621637
 20
-146174.1381017544
 10
-119584.3175621637
 20
-145907.4381017545
  0
CIRCLE
  5
267
330
17
100
AcDbEntity
  8
HOLES
100
AcDbCircle
 10
-119362.0675621637
 20
-145826.4756017545
 30
0.0
 40
17.4625
  0
CIRCLE
  5
268
330
17
100
AcDbEntity
  8
HOLES
100
AcDbCircle
 10
-118561.9675621637
 20
-145826.4756017545
 30
0.0
 40
17.4625
  0
TEXT
  5
269
330
17
100
AcDbEntity
  8
NUMBERS
100
AcDbText
 10
-118962.0175621637
 20
-146040.78810175444
 30
0.0
 40
80.0
  1
P-0135
 72
1
 11
-118962.0175621637
 21
-146040.78810175444
 31
0.0
100
AcDbText
 73
2
  0
LWPOLYLINE
  5
26B
330
17
100
AcDbEntity
  8
OUTER
100
AcDbPolyline
 90
5
 70
1
 10
-144562.2835229197
 20
-132332.2896925411
 10
-142904.9335229197
 20
-132332.2896925411
 10
-142904.9335229197
 20
-132913.3146925411
 10
-142908.1085229197
 20
-132916.4896925411
 10
-144562.2835229197
 20
-132916.4896925411
  0
LWPOLYLINE
  5
26C
330
17
100
AcDbEntity
  8
HOLES
100
AcDbPolyline
 90
8
 70
1
 10
-144340.0335229197
 20
-132497.3896925411
 10
-143920.9335229197
 20
-132497.3896925411
 10
-143908.2335229197
 20
-132510.0896925411
 10
-143908.2335229197
 20
-132776.7896925411
 10
-143920.9335229197
 20
-132789.4896925411
 10
-144340.0335229197
 20
-132789.4896925411
 10
-144352.7335229197
 20
-132776.7896925411
 10
-144352.7335229197
 20
-132510.0896925411
  0
LWPOLYLINE
  5
26D
330
17
100
AcDbEntity
  8
HOLES
100
AcDbPolyline
 90
8
 70
1
 10
-143539.9335229197
 20
-132497.3896925411
 10
-143120.8335229197
 20
-132497.3896925411
 10
-143108.1335229197
 20
-132510.0896925411
 10
-143108.1335229197
 20
-132776.7896925411
 10
-143120.8335229197
 20
-132789.4896925411
 10
-143539.9335229197
 20
-132789.4896925411
 10
-143552.6335229197
 20
-132776.7896925411
 10
-143552.6335229197
 20
-132510.0896925411
  0
CIRCLE
  5
26E
330
17
100
AcDbEntity
  8
HOLES
100
AcDbCircle
 10
-144130.4835229197
 20
-132429.1271925411
 30
0.0
 40
17.4625
  0
CIRCLE
  5
26F
330
17
100
AcDbEntity
  8
HOLES
100
AcDbCircle
 10
-143330.3835229197
 20
-132429.1271925411
 30
0.0
 40
17.4625
  0
TEXT
  5
270
330
17
100
AcDbEntity
  8
NUMBERS
100
AcDbText
 10
-143730.43352291972
 20
-132643.43969254108
 30
0.0
 40
80.0
  1
P-0136
 72
1
 11
-143730.43352291972
 21
-132643.43969254108
 31
0.0
100
AcDbText
 73
2
  0
LWPOLYLINE
  5
272
330
17
100
AcDbEntity
  8
OUTER
100
AcDbPolyline
 90
5
 70
1
 10
-135087.4783651894
 20
-134154.6368578164
 10
-133430.1283651894
 20
-134154.6368578164
 10
-133430.1283651894
 20
-134738.8368578164
 10
-135084.3033651894
 20
-134738.8368578164
 10
-135087.4783651894
 20
-134735.6618578164
  0
LWPOLYLINE
  5
273
330
17
100
AcDbEntity
  8
HOLES
100
AcDbPolyline
 90
8
 70
1
 10
-134871.5783651894
 20
-134319.7368578164
 10
-134452.4783651894
 20
-134319.7368578164
 10
-134439.7783651894
 20
-134332.4368578164
 10
-134439.7783651894
 20
-134599.1368578164
 10
-134452.4783651894
 20
-134611.8368578164
 10
-134871.5783651894
 20
-134611.8368578164
 10
-134884.2783651894
 20
-134599.1368578164
 10
-134884.2783651894
 20
-134332.4368578164
  0
LWPOLYLINE
  5
274
330
17
100
AcDbEntity
  8
HOLES
100
AcDbPolyline
 90
8
 70
1
 10
-134071.4783651894
 20
-134319.4499941202
 10
-133652.3783651894
 20
-134319.4499941202
 10
-133639.6783651894
 20
-134332.1499941202
 10
-133639.6783651894
 20
-134598.8499941202
 10
-133652.3783651894
 20
-134611.5499941202
 10
-134071.4783651894
 20
-134611.5499941202
 10
-134084.1783651894
 20
-134598.8499941202
 10
-134084.1783651894
 20
-134332.1499941202
  0
CIRCLE
  5
275
330
17
100
AcDbEntity
  8
HOLES
100
AcDbCircle
 10
-134662.0283651894
 20
-134251.4743578164
 30
0.0
 40
17.4625
  0
CIRCLE
  5
276
330
17
100
AcDbEntity
  8
HOLES
100
AcDbCircle
 10
-133861.9283651894
 20
-134251.1874941202
 30
0.0
 40
17.4625
  0
TEXT
  5
277
330
17
100
AcDbEntity
  8
NUMBERS
100
AcDbText
 10
-134261.9783651894
 20
-134465.6434259683
 30
0.0
 40
80.0
  1
P-0137
 72
1
 11
-134261.9783651894
 21
-134465.6434259683
 31
0.0
100
AcDbText
 73
2
  0
LWPOLYLINE
  5
279
330
17
100
AcDbEntity
  8
OUTER
100
AcDbPolyline
 90
5
 70
1
 10
-143186.5991896862
 20
-137572.9679574431
 10
-141529.2491896862
 20
-137572.9679574431
 10
-141529.2491896862
 20
-138157.1679574431
 10
-143183.4241896862
 20
-138157.1679574431
 10
-143186.5991896862
 20
-138153.9929574431
  0
LWPOLYLINE
  5
27A
330
17
100
AcDbEntity
  8
HOLES
100
AcDbPolyline
 90
8
 70
1
 10
-142170.5991896862
 20
-137738.0679574431
 10
-141751.4991896862
 20
-137738.0679574431
 10
-141738.7991896862
 20
-137750.7679574431
 10
-141738.7991896862
 20
-138017.4679574431
 10
-141751.4991896862
 20
-138030.1679574431
 10
-142170.5991896862
 20
-138030.1679574431
 10
-142183.2991896862
 20
-138017.4679574431
 10
-142183.2991896862
 20
-137750.7679574431
  0
LWPOLYLINE
  5
27B
330
17
100
AcDbEntity
  8
HOLES
100
AcDbPolyline
 90
8
 70
1
 10
-142970.6991896862
 20
-137738.0679574431
 10
-142551.5991896862
 20
-137738.0679574431
 10
-142538.8991896862
 20
-137750.7679574431
 10
-142538.8991896862
 20
-138017.4679574431
 10
-142551.5991896862
 20
-138030.1679574431
 10
-142970.6991896862
 20
-138030.1679574431
 10
-142983.3991896862
 20
-138017.4679574431
 10
-142983.3991896862
 20
-137750.7679574431
  0
CIRCLE
  5
27C
330
17
100
AcDbEntity
  8
HOLES
100
AcDbCircle
 10
-142761.1491896862
 20
-137669.8054574431
 30
0.0
 40
17.4625
  0
CIRCLE
  5
27D
330
17
100
AcDbEntity
  8
HOLES
100
AcDbCircle
 10
-141961.0491896862
 20
-137669.8054574431
 30
0.0
 40
17.4625
  0
TEXT
  5
27E
330
17
100
AcDbEntity
  8
NUMBERS
100
AcDbText
 10
-142361.09918968618
 20
-137884.11795744312
 30
0.0
 40
80.0
  1
P-0138
 72
1
 11
-142361.09918968618
 21
-137884.11795744312
 31
0.0
100
AcDbText
 73
2
  0
LWPOLYLINE
  5
280
330
17
100
AcDbEntity
  8
OUTER
100
AcDbPolyline
 90
5
 70
1
 10
-127251.7243214391
 20
-134278.385173928
 10
-125594.3743214391
 20
-134278.385173928
 10
-125594.3743214391
 20
-134862.585173928
 10
-127248.5493214391
 20
-134862.585173928
 10
-127251.7243214391
 20
-134859.410173928
  0
LWPOLYLINE
  5
281
330
17
100
AcDbEntity
  8
HOLES
100
AcDbPolyline
 90
8
 70
1
 10
-127032.6493214391
 20
-134443.4851739279
 10
-126613.5493214391
 20
-134443.4851739279
 10
-126600.8493214391
 20
-134456.185173928
 10
-126600.8493214391
 20
-134722.885173928
 10
-126613.5493214391
 20
-134735.585173928
 10
-127032.6493214391
 20
-134735.585173928
 10
-127045.3493214391
 20
-134722.885173928
 10
-127045.3493214391
 20
-134456.185173928
  0
LWPOLYLINE
  5
282
330
17
100
AcDbEntity
  8
HOLES
100
AcDbPolyline
 90
8
 70
1
 10
-126232.5493214391
 20
-134443.1983102318
 10
-125813.4493214391
 20
-134443.1983102318
 10
-125800.7493214391
 20
-134455.8983102318
 10
-125800.7493214391
 20
-134722.5983102317
 10
-125813.4493214391
 20
-134735.2983102317
 10
-126232.5493214391
 20
-134735.2983102317
 10
-126245.2493214391
 20
-134722.5983102317
 10
-126245.2493214391
 20
-134455.8983102318
  0
CIRCLE
  5
283
330
17
100
AcDbEntity
  8
HOLES
100
AcDbCircle
 10
-126823.0993214391
 20
-134375.222673928
 30
0.0
 40
17.4625
  0
CIRCLE
  5
284
330
17
100
AcDbEntity
  8
HOLES
100
AcDbCircle
 10
-126022.9993214391
 20
-134374.9358102318
 30
0.0
 40
17.4625
  0
TEXT
  5
285
330
17
100
AcDbEntity
  8
NUMBERS
100
AcDbText
 10
-126423.0493214391
 20
-134589.39174207987
 30
0.0
 40
80.0
  1
P-0139
 72
1
 11
-126423.0493214391
 21
-134589.39174207987
 31
0.0
100
AcDbText
 73
2
  0
LWPOLYLINE
  5
287
330
17
100
AcDbEntity
  8
OUTER
100
AcDbPolyline
 90
5
 70
1
 10
-111947.0304205191
 20
-133782.6697358207
 10
-110289.6804205191
 20
-133782.6697358207
 10
-110289.6804205191
 20
-134366.8697358207
 10
-111943.8554205191
 20
-134366.8697358207
 10
-111947.0304205191
 20
-134363.6947358207
  0
LWPOLYLINE
  5
288
330
17
100
AcDbEntity
  8
HOLES
100
AcDbPolyline
 90
8
 70
1
 10
-110931.030420519
 20
-133947.7697358207
 10
-110511.930420519
 20
-133947.7697358207
 10
-110499.2304205191
 20
-133960.4697358207
 10
-110499.2304205191
 20
-134227.1697358207
 10
-110511.930420519
 20
-134239.8697358207
 10
-110931.030420519
 20
-134239.8697358207
 10
-110943.7304205191
 20
-134227.1697358207
 10
-110943.7304205191
 20
-133960.4697358207
  0
LWPOLYLINE
  5
289
330
17
100
AcDbEntity
  8
HOLES
100
AcDbPolyline
 90
8
 70
1
 10
-111728.0054205191
 20
-133947.7697358207
 10
-111308.9054205191
 20
-133947.7697358207
 10
-111296.2054205191
 20
-133960.4697358207
 10
-111296.2054205191
 20
-134227.1697358207
 10
-111308.9054205191
 20
-134239.8697358207
 10
-111728.0054205191
 20
-134239.8697358207
 10
-111740.7054205191
 20
-134227.1697358207
 10
-111740.7054205191
 20
-133960.4697358207
  0
CIRCLE
  5
28A
330
17
100
AcDbEntity
  8
HOLES
100
AcDbCircle
 10
-111518.4554205191
 20
-133879.5072358207
 30
0.0
 40
17.4625
  0
CIRCLE
  5
28B
330
17
100
AcDbEntity
  8
HOLES
100
AcDbCircle
 10
-110721.4804205191
 20
-133879.5072358207
 30
0.0
 40
17.4625
  0
TEXT
  5
28C
330
17
100
AcDbEntity
  8
NUMBERS
100
AcDbText
 10
-111119.96792051909
 20
-134093.8197358207
 30
0.0
 40
80.0
  1
P-0140
 72
1
 11
-111119.96792051909
 21
-134093.8197358207
 31
0.0
100
AcDbText
 73
2
  0
LWPOLYLINE
  5
28E
330
17
100
AcDbEntity
  8
OUTER
100
AcDbPolyline
 90
5
 70
1
 10
-111663.6313243267
 20
-145736.476304844
 10
-110006.2813243267
 20
-145736.476304844
 10
-110006.2813243267
 20
-146320.676304844
 10
-111660.4563243267
 20
-146320.676304844
 10
-111663.6313243267
 20
-146317.501304844
  0
LWPOLYLINE
  5
28F
330
17
100
AcDbEntity
  8
HOLES
100
AcDbPolyline
 90
8
 70
1
 10
-110644.4563243267
 20
-145901.2894411478
 10
-110225.3563243267
 20
-145901.2894411478
 10
-110212.6563243267
 20
-145913.9894411478
 10
-110212.6563243267
 20
-146180.6894411478
 10
-110225.3563243267
 20
-146193.3894411478
 10
-110644.4563243267
 20
-146193.3894411478
 10
-110657.1563243267
 20
-146180.6894411478
 10
-110657.1563243267
 20
-145913.9894411478
  0
LWPOLYLINE
  5
290
330
17
100
AcDbEntity
  8
HOLES
100
AcDbPolyline
 90
8
 70
1
 10
-111444.5563243267
 20
-145901.576304844
 10
-111025.4563243267
 20
-145901.576304844
 10
-111012.7563243267
 20
-145914.276304844
 10
-111012.7563243267
 20
-146180.976304844
 10
-111025.4563243267
 20
-146193.676304844
 10
-111444.5563243267
 20
-146193.676304844
 10
-111457.2563243267
 20
-146180.976304844
 10
-111457.2563243267
 20
-145914.276304844
  0
CIRCLE
  5
291
330
17
100
AcDbEntity
  8
HOLES
100
AcDbCircle
 10
-111235.0063243267
 20
-145833.313804844
 30
0.0
 40
17.4625
  0
CIRCLE
  5
292
330
17
100
AcDbEntity
  8
HOLES
100
AcDbCircle
 10
-110434.9063243267
 20
-145833.0269411478
 30
0.0
 40
17.4625
  0
TEXT
  5
293
330
17
100
AcDbEntity
  8
NUMBERS
100
AcDbText
 10
-110834.9563243267
 20
-146047.4828729959
 30
0.0
 40
80.0
  1
P-0141
 72
1
 11
-110834.9563243267
 21
-146047.4828729959
 31
0.0
100
AcDbText
 73
2
  0
LWPOLYLINE
  5
295
330
17
100
AcDbEntity
  8
OUTER
100
AcDbPolyline
 90
5
 70
1
 10
-127452.8562086995
 20
-137387.9465089512
 10
-125795.5062086995
 20
-137387.9465089512
 10
-125795.5062086995
 20
-137972.1465089512
 10
-127449.6812086995
 20
-137972.1465089512
 10
-127452.8562086995
 20
-137968.9715089512
  0
LWPOLYLINE
  5
296
330
17
100
AcDbEntity
  8
HOLES
100
AcDbPolyline
 90
8
 70
1
 10
-127236.9562086995
 20
-137553.0465089512
 10
-126817.8562086996
 20
-137553.0465089512
 10
-126805.1562086996
 20
-137565.7465089512
 10
-126805.1562086996
 20
-137832.4465089512
 10
-126817.8562086996
 20
-137845.1465089512
 10
-127236.9562086995
 20
-137845.1465089512
 10
-127249.6562086996
 20
-137832.4465089512
 10
-127249.6562086996
 20
-137565.7465089512
  0
LWPOLYLINE
  5
297
330
17
100
AcDbEntity
  8
HOLES
100
AcDbPolyline
 90
8
 70
1
 10
-126436.8562086995
 20
-137553.0465089512
 10
-126017.7562086996
 20
-137553.0465089512
 10
-126005.0562086995
 20
-137565.7465089512
 10
-126005.0562086995
 20
-137832.4465089512
 10
-126017.7562086996
 20
-137845.1465089512
 10
-126436.8562086995
 20
-137845.1465089512
 10
-126449.5562086995
 20
-137832.4465089512
 10
-126449.5562086995
 20
-137565.7465089512
  0
CIRCLE
  5
298
330
17
100
AcDbEntity
  8
HOLES
100
AcDbCircle
 10
-127027.4062086995
 20
-137484.7840089512
 30
0.0
 40
17.4625
  0
CIRCLE
  5
299
330
17
100
AcDbEntity
  8
HOLES
100
AcDbCircle
 10
-126227.3062086995
 20
-137484.7840089512
 30
0.0
 40
17.4625
  0
TEXT
  5
29A
330
17
100
AcDbEntity
  8
NUMBERS
100
AcDbText
 10
-126627.35620869955
 20
-137699.09650895122
 30
0.0
 40
80.0
  1
P-0142
 72
1
 11
-126627.35620869955
 21
-137699.09650895122
 31
0.0
100
AcDbText
 73
2
  0
LWPOLYLINE
  5
29C
330
17
100
AcDbEntity
  8
OUTER
100
AcDbPolyline
 90
5
 70
1
 10
-135516.5885684146
 20
-151608.1345232396
 10
-133859.2385684146
 20
-151608.1345232396
 10
-133859.2385684146
 20
-152192.3345232396
 10
-135513.4135684146
 20
-152192.3345232396
 10
-135516.5885684146
 20
-152189.1595232396
  0
LWPOLYLINE
  5
29D
330
17
100
AcDbEntity
  8
HOLES
100
AcDbPolyline
 90
8
 70
1
 10
-135300.6885684146
 20
-151773.2345232396
 10
-134881.5885684146
 20
-151773.2345232396
 10
-134868.8885684146
 20
-151785.9345232396
 10
-134868.8885684146
 20
-152052.6345232396
 10
-134881.5885684146
 20
-152065.3345232395
 10
-135300.6885684146
 20
-152065.3345232395
 10
-135313.3885684146
 20
-152052.6345232396
 10
-135313.3885684146
 20
-151785.9345232396
  0
LWPOLYLINE
  5
29E
330
17
100
AcDbEntity
  8
HOLES
100
AcDbPolyline
 90
8
 70
1
 10
-134500.5885684146
 20
-151773.2345232396
 10
-134081.4885684146
 20
-151773.2345232396
 10
-134068.7885684146
 20
-151785.9345232396
 10
-134068.7885684146
 20
-152052.6345232396
 10
-134081.4885684146
 20
-152065.3345232395
 10
-134500.5885684146
 20
-152065.3345232395
 10
-134513.2885684146
 20
-152052.6345232396
 10
-134513.2885684146
 20
-151785.9345232396
  0
CIRCLE
  5
29F
330
17
100
AcDbEntity
  8
HOLES
100
AcDbCircle
 10
-135091.1385684146
 20
-151704.9720232396
 30
0.0
 40
17.4625
  0
CIRCLE
  5
2A0
330
17
100
AcDbEntity
  8
HOLES
100
AcDbCircle
 10
-134291.0385684146
 20
-151704.9720232396
 30
0.0
 40
17.4625
  0
TEXT
  5
2A1
330
17
100
AcDbEntity
  8
NUMBERS
100
AcDbText
 10
-134691.08856841462
 20
-151919.2845232396
 30
0.0
 40
80.0
  1
P-0143
 72
1
 11
-134691.08856841462
 21
-151919.2845232396
 31
0.0
100
AcDbText
 73
2
  0
LWPOLYLINE
  5
2A3
330
17
100
AcDbEntity
  8
OUTER
100
AcDbPolyline
 90
5
 70
1
 10
-143230.5865509649
 20
-135166.1269187601
 10
-141573.2365509649
 20
-135166.1269187601
 10
-141573.2365509649
 20
-135747.1519187601
 10
-141576.4115509649
 20
-135750.3269187601
 10
-143230.5865509649
 20
-135750.3269187601
  0
LWPOLYLINE
  5
2A4
330
17
100
AcDbEntity
  8
HOLES
100
AcDbPolyline
 90
8
 70
1
 10
-143008.3365509649
 20
-135331.2269187601
 10
-142589.236550965
 20
-135331.2269187601
 10
-142576.5365509649
 20
-135343.9269187601
 10
-142576.5365509649
 20
-135610.6269187601
 10
-142589.236550965
 20
-135623.3269187601
 10
-143008.3365509649
 20
-135623.3269187601
 10
-143021.036550965
 20
-135610.6269187601
 10
-143021.036550965
 20
-135343.9269187601
  0
LWPOLYLINE
  5
2A5
330
17
100
AcDbEntity
  8
HOLES
100
AcDbPolyline
 90
8
 70
1
 10
-142208.2365509649
 20
-135330.9400550639
 10
-141789.136550965
 20
-135330.9400550639
 10
-141776.4365509649
 20
-135343.6400550639
 10
-141776.4365509649
 20
-135610.3400550639
 10
-141789.136550965
 20
-135623.0400550639
 10
-142208.2365509649
 20
-135623.0400550639
 10
-142220.9365509649
 20
-135610.3400550639
 10
-142220.9365509649
 20
-135343.6400550639
  0
CIRCLE
  5
2A6
330
17
100
AcDbEntity
  8
HOLES
100
AcDbCircle
 10
-142798.7865509649
 20
-135262.9644187601
 30
0.0
 40
17.4625
  0
CIRCLE
  5
2A7
330
17
100
AcDbEntity
  8
HOLES
100
AcDbCircle
 10
-141998.6865509649
 20
-135262.6775550639
 30
0.0
 40
17.4625
  0
TEXT
  5
2A8
330
17
100
AcDbEntity
  8
NUMBERS
100
AcDbText
 10
-142398.73655096488
 20
-135477.133486912
 30
0.0
 40
80.0
  1
P-0144
 72
1
 11
-142398.73655096488
 21
-135477.133486912
 31
0.0
100
AcDbText
 73
2
  0
LWPOLYLINE
  5
2AA
330
17
100
AcDbEntity
  8
OUTER
100
AcDbPolyline
 90
5
 70
1
 10
-136790.4958820542
 20
-150016.9187575016
 10
-135133.1458820542
 20
-150016.9187575016
 10
-135133.1458820542
 20
-150597.9437575016
 10
-135136.3208820542
 20
-150601.1187575016
 10
-136790.4958820542
 20
-150601.1187575016
  0
LWPOLYLINE
  5
2AB
330
17
100
AcDbEntity
  8
HOLES
100
AcDbPolyline
 90
8
 70
1
 10
-136568.2458820543
 20
-150182.0187575016
 10
-136149.1458820543
 20
-150182.0187575016
 10
-136136.4458820543
 20
-150194.7187575016
 10
-136136.4458820543
 20
-150461.4187575016
 10
-136149.1458820543
 20
-150474.1187575016
 10
-136568.2458820543
 20
-150474.1187575016
 10
-136580.9458820543
 20
-150461.4187575016
 10
-136580.9458820543
 20
-150194.7187575016
  0
LWPOLYLINE
  5
2AC
330
17
100
AcDbEntity
  8
HOLES
100
AcDbPolyline
 90
8
 70
1
 10
-135768.1458820543
 20
-150182.0187575016
 10
-135349.0458820543
 20
-150182.0187575016
 10
-135336.3458820543
 20
-150194.7187575016
 10
-135336.3458820543
 20
-150461.4187575016
 10
-135349.0458820543
 20
-150474.1187575016
 10
-135768.1458820543
 20
-150474.1187575016
 10
-135780.8458820543
 20
-150461.4187575016
 10
-135780.8458820543
 20
-150194.7187575016
  0
CIRCLE
  5
2AD
330
17
100
AcDbEntity
  8
HOLES
100
AcDbCircle
 10
-136358.6958820543
 20
-150113.7562575016
 30
0.0
 40
17.4625
  0
CIRCLE
  5
2AE
330
17
100
AcDbEntity
  8
HOLES
100
AcDbCircle
 10
-135558.5958820543
 20
-150113.7562575016
 30
0.0
 40
17.4625
  0
TEXT
  5
2AF
330
17
100
AcDbEntity
  8
NUMBERS
100
AcDbText
 10
-135958.6458820543
 20
-150328.0687575016
 30
0.0
 40
80.0
  1
P-0145
 72
1
 11
-135958.6458820543
 21
-150328.0687575016
 31
0.0
100
AcDbText
 73
2
  0
LWPOLYLINE
  5
2B1
330
17
100
AcDbEntity
  8
OUTER
100
AcDbPolyline
 90
5
 70
1
 10
-103971.5352969319
 20
-136627.2415366602
 10
-102314.1852969319
 20
-136627.2415366602
 10
-102314.1852969319
 20
-137211.4415366602
 10
-103968.3602969319
 20
-137211.4415366602
 10
-103971.5352969319
 20
-137208.2665366602
  0
LWPOLYLINE
  5
2B2
330
17
100
AcDbEntity
  8
HOLES
100
AcDbPolyline
 90
8
 70
1
 10
-102949.1852969319
 20
-136792.3415366602
 10
-102530.0852969319
 20
-136792.3415366602
 10
-102517.3852969319
 20
-136805.0415366602
 10
-102517.3852969319
 20
-137071.7415366602
 10
-102530.0852969319
 20
-137084.4415366602
 10
-102949.1852969319
 20
-137084.4415366602
 10
-102961.8852969319
 20
-137071.7415366602
 10
-102961.8852969319
 20
-136805.0415366602
  0
LWPOLYLINE
  5
2B3
330
17
100
AcDbEntity
  8
HOLES
100
AcDbPolyline
 90
8
 70
1
 10
-103749.2852969319
 20
-136792.3415366602
 10
-103330.1852969319
 20
-136792.3415366602
 10
-103317.4852969319
 20
-136805.0415366602
 10
-103317.4852969319
 20
-137071.7415366602
 10
-103330.1852969319
 20
-137084.4415366602
 10
-103749.2852969319
 20
-137084.4415366602
 10
-103761.9852969319
 20
-137071.7415366602
 10
-103761.9852969319
 20
-136805.0415366602
  0
CIRCLE
  5
2B4
330
17
100
AcDbEntity
  8
HOLES
100
AcDbCircle
 10
-102739.6352969319
 20
-136724.0790366602
 30
0.0
 40
17.4625
  0
CIRCLE
  5
2B5
330
17
100
AcDbEntity
  8
HOLES
100
AcDbCircle
 10
-103539.7352969319
 20
-136724.0790366602
 30
0.0
 40
17.4625
  0
TEXT
  5
2B6
330
17
100
AcDbEntity
  8
NUMBERS
100
AcDbText
 10
-103139.6852969319
 20
-136938.3915366602
 30
0.0
 40
80.0
  1
P-0146
 72
1
 11
-103139.6852969319
 21
-136938.3915366602
 31
0.0
100
AcDbText
 73
2
  0
LWPOLYLINE
  5
2B8
330
17
100
AcDbEntity
  8
OUTER
100
AcDbPolyline
 90
5
 70
1
 10
-112181.8452837931
 20
-152014.0491973104
 10
-110524.4952837931
 20
-152014.0491973104
 10
-110524.4952837931
 20
-152595.0741973105
 10
-110527.6702837931
 20
-152598.2491973104
 10
-112181.8452837931
 20
-152598.2491973104
  0
LWPOLYLINE
  5
2B9
330
17
100
AcDbEntity
  8
HOLES
100
AcDbPolyline
 90
8
 70
1
 10
-111962.7702837931
 20
-152179.1491973104
 10
-111543.6702837931
 20
-152179.1491973104
 10
-111530.9702837931
 20
-152191.8491973104
 10
-111530.9702837931
 20
-152458.5491973104
 10
-111543.6702837931
 20
-152471.2491973104
 10
-111962.7702837931
 20
-152471.2491973104
 10
-111975.4702837931
 20
-152458.5491973104
 10
-111975.4702837931
 20
-152191.8491973104
  0
LWPOLYLINE
  5
2BA
330
17
100
AcDbEntity
  8
HOLES
100
AcDbPolyline
 90
8
 70
1
 10
-111165.8452837931
 20
-152179.1491973104
 10
-110746.7452837931
 20
-152179.1491973104
 10
-110734.0452837931
 20
-152191.8491973104
 10
-110734.0452837931
 20
-152458.5491973104
 10
-110746.7452837931
 20
-152471.2491973104
 10
-111165.8452837931
 20
-152471.2491973104
 10
-111178.5452837931
 20
-152458.5491973104
 10
-111178.5452837931
 20
-152191.8491973104
  0
CIRCLE
  5
2BB
330
17
100
AcDbEntity
  8
HOLES
100
AcDbCircle
 10
-111753.2202837931
 20
-152110.8866973104
 30
0.0
 40
17.4625
  0
CIRCLE
  5
2BC
330
17
100
AcDbEntity
  8
HOLES
100
AcDbCircle
 10
-110956.2952837931
 20
-152110.8866973104
 30
0.0
 40
17.4625
  0
TEXT
  5
2BD
330
17
100
AcDbEntity
  8
NUMBERS
100
AcDbText
 10
-111354.75778379309
 20
-152325.1991973104
 30
0.0
 40
80.0
  1
P-0147
 72
1
 11
-111354.75778379309
 21
-152325.1991973104
 31
0.0
100
AcDbText
 73
2
  0
LWPOLYLINE
  5
2BF
330
17
100
AcDbEntity
  8
OUTER
100
AcDbPolyline
 90
5
 70
1
 10
-127380.7960209161
 20
-146305.0389865204
 10
-125723.4460209161
 20
-146305.0389865204
 10
-125723.4460209161
 20
-146886.0639865204
 10
-125726.6210209161
 20
-146889.2389865204
 10
-127380.7960209161
 20
-146889.2389865204
  0
LWPOLYLINE
  5
2C0
330
17
100
AcDbEntity
  8
HOLES
100
AcDbPolyline
 90
8
 70
1
 10
-126358.4460209161
 20
-146469.8521228242
 10
-125939.3460209161
 20
-146469.8521228242
 10
-125926.6460209161
 20
-146482.5521228242
 10
-125926.6460209161
 20
-146749.2521228242
 10
-125939.3460209161
 20
-146761.9521228242
 10
-126358.4460209161
 20
-146761.9521228242
 10
-126371.1460209161
 20
-146749.2521228242
 10
-126371.1460209161
 20
-146482.5521228242
  0
LWPOLYLINE
  5
2C1
330
17
100
AcDbEntity
  8
HOLES
100
AcDbPolyline
 90
8
 70
1
 10
-127158.5460209161
 20
-146470.1389865204
 10
-126739.4460209162
 20
-146470.1389865204
 10
-126726.7460209162
 20
-146482.8389865204
 10
-126726.7460209162
 20
-146749.5389865204
 10
-126739.4460209162
 20
-146762.2389865204
 10
-127158.5460209161
 20
-146762.2389865204
 10
-127171.2460209161
 20
-146749.5389865204
 10
-127171.2460209161
 20
-146482.8389865204
  0
CIRCLE
  5
2C2
330
17
100
AcDbEntity
  8
HOLES
100
AcDbCircle
 10
-126948.9960209161
 20
-146401.8764865205
 30
0.0
 40
17.4625
  0
CIRCLE
  5
2C3
330
17
100
AcDbEntity
  8
HOLES
100
AcDbCircle
 10
-126148.8960209161
 20
-146401.5896228242
 30
0.0
 40
17.4625
  0
TEXT
  5
2C4
330
17
100
AcDbEntity
  8
NUMBERS
100
AcDbText
 10
-126548.94602091615
 20
-146616.0455546723
 30
0.0
 40
80.0
  1
P-0148
 72
1
 11
-126548.94602091615
 21
-146616.0455546723
 31
0.0
100
AcDbText
 73
2
  0
LWPOLYLINE
  5
2C6
330
17
100
AcDbEntity
  8
OUTER
100
AcDbPolyline
 90
5
 70
1
 10
-127302.4669500686
 20
-151417.2529048282
 10
-125645.1169500687
 20
-151417.2529048282
 10
-125645.1169500687
 20
-152001.4529048282
 10
-127299.2919500687
 20
-152001.4529048282
 10
-127302.4669500686
 20
-151998.2779048282
  0
LWPOLYLINE
  5
2C7
330
17
100
AcDbEntity
  8
HOLES
100
AcDbPolyline
 90
8
 70
1
 10
-127086.5669500686
 20
-151582.3529048281
 10
-126667.4669500687
 20
-151582.3529048281
 10
-126654.7669500687
 20
-151595.0529048282
 10
-126654.7669500687
 20
-151861.7529048282
 10
-126667.4669500687
 20
-151874.4529048282
 10
-127086.5669500686
 20
-151874.4529048282
 10
-127099.2669500686
 20
-151861.7529048282
 10
-127099.2669500686
 20
-151595.0529048282
  0
LWPOLYLINE
  5
2C8
330
17
100
AcDbEntity
  8
HOLES
100
AcDbPolyline
 90
8
 70
1
 10
-126286.4669500686
 20
-151582.066041132
 10
-125867.3669500687
 20
-151582.066041132
 10
-125854.6669500687
 20
-151594.766041132
 10
-125854.6669500687
 20
-151861.4660411319
 10
-125867.3669500687
 20
-151874.1660411319
 10
-126286.4669500686
 20
-151874.1660411319
 10
-126299.1669500687
 20
-151861.4660411319
 10
-126299.1669500687
 20
-151594.766041132
  0
CIRCLE
  5
2C9
330
17
100
AcDbEntity
  8
HOLES
100
AcDbCircle
 10
-126877.0169500686
 20
-151514.0904048282
 30
0.0
 40
17.4625
  0
CIRCLE
  5
2CA
330
17
100
AcDbEntity
  8
HOLES
100
AcDbCircle
 10
-126076.9169500687
 20
-151513.803541132
 30
0.0
 40
17.4625
  0
TEXT
  5
2CB
330
17
100
AcDbEntity
  8
NUMBERS
100
AcDbText
 10
-126476.9669500687
 20
-151728.25947298005
 30
0.0
 40
80.0
  1
P-0149
 72
1
 11
-126476.9669500687
 21
-151728.25947298005
 31
0.0
100
AcDbText
 73
2
  0
LWPOLYLINE
  5
2CD
330
17
100
AcDbEntity
  8
OUTER
100
AcDbPolyline
 90
5
 70
1
 10
-120036.758417409
 20
-152227.7024916428
 10
-118382.583417409
 20
-152227.7024916428
 10
-118382.583417409
 20
-152808.7274916429
 10
-118385.758417409
 20
-152811.9024916429
 10
-120036.758417409
 20
-152811.9024916429
  0
LWPOLYLINE
  5
2CE
330
17
100
AcDbEntity
  8
HOLES
100
AcDbPolyline
 90
8
 70
1
 10
-119817.683417409
 20
-152392.8024916429
 10
-119398.583417409
 20
-152392.8024916429
 10
-119385.883417409
 20
-152405.5024916429
 10
-119385.883417409
 20
-152672.2024916429
 10
-119398.583417409
 20
-152684.9024916429
 10
-119817.683417409
 20
-152684.9024916429
 10
-119830.383417409
 20
-152672.2024916429
 10
-119830.383417409
 20
-152405.5024916429
  0
LWPOLYLINE
  5
2CF
330
17
100
AcDbEntity
  8
HOLES
100
AcDbPolyline
 90
8
 70
1
 10
-119020.758417409
 20
-152392.8024916429
 10
-118601.658417409
 20
-152392.8024916429
 10
-118588.958417409
 20
-152405.5024916429
 10
-118588.958417409
 20
-152672.2024916429
 10
-118601.658417409
 20
-152684.9024916429
 10
-119020.758417409
 20
-152684.9024916429
 10
-119033.458417409
 20
-152672.2024916429
 10
-119033.458417409
 20
-152405.5024916429
  0
CIRCLE
  5
2D0
330
17
100
AcDbEntity
  8
HOLES
100
AcDbCircle
 10
-119608.133417409
 20
-152324.5399916429
 30
0.0
 40
17.4625
  0
CIRCLE
  5
2D1
330
17
100
AcDbEntity
  8
HOLES
100
AcDbCircle
 10
-118811.208417409
 20
-152324.5399916429
 30
0.0
 40
17.4625
  0
TEXT
  5
2D2
330
17
100
AcDbEntity
  8
NUMBERS
100
AcDbText
 10
-119209.670917409
 20
-152538.8524916429
 30
0.0
 40
80.0
  1
P-0150
 72
1
 11
-119209.670917409
 21
-152538.8524916429
 31
0.0
100
AcDbText
 73
2
  0
LWPOLYLINE
  5
2D4
330
17
100
AcDbEntity
  8
OUTER
100
AcDbPolyline
 90
5
 70
1
 10
-127839.5485027779
 20
-131894.1617239024
 10
-126185.3735027779
 20
-131894.1617239024
 10
-126185.3735027779
 20
-132475.1867239024
 10
-126188.5485027779
 20
-132478.3617239024
 10
-127839.5485027779
 20
-132478.3617239024
  0
LWPOLYLINE
  5
2D5
330
17
100
AcDbEntity
  8
HOLES
100
AcDbPolyline
 90
8
 70
1
 10
-126823.5485027779
 20
-132059.2617239024
 10
-126404.4485027779
 20
-132059.2617239024
 10
-126391.7485027779
 20
-132071.9617239024
 10
-126391.7485027779
 20
-132338.6617239024
 10
-126404.4485027779
 20
-132351.3617239024
 10
-126823.5485027779
 20
-132351.3617239024
 10
-126836.2485027779
 20
-132338.6617239024
 10
-126836.2485027779
 20
-132071.9617239024
  0
LWPOLYLINE
  5
2D6
330
17
100
AcDbEntity
  8
HOLES
100
AcDbPolyline
 90
8
 70
1
 10
-127620.4735027779
 20
-132059.2617239024
 10
-127201.3735027779
 20
-132059.2617239024
 10
-127188.6735027779
 20
-132071.9617239024
 10
-127188.6735027779
 20
-132338.6617239024
 10
-127201.3735027779
 20
-132351.3617239024
 10
-127620.4735027779
 20
-132351.3617239024
 10
-127633.1735027779
 20
-132338.6617239024
 10
-127633.1735027779
 20
-132071.9617239024
  0
CIRCLE
  5
2D7
330
17
100
AcDbEntity
  8
HOLES
100
AcDbCircle
 10
-127410.9235027779
 20
-131990.9992239024
 30
0.0
 40
17.4625
  0
CIRCLE
  5
2D8
330
17
100
AcDbEntity
  8
HOLES
100
AcDbCircle
 10
-126613.9985027779
 20
-131990.9992239024
 30
0.0
 40
17.4625
  0
TEXT
  5
2D9
330
17
100
AcDbEntity
  8
NUMBERS
100
AcDbText
 10
-127012.46100277791
 20
-132205.3117239024
 30
0.0
 40
80.0
  1
P-0151
 72
1
 11
-127012.46100277791
 21
-132205.3117239024
 31
0.0
100
AcDbText
 73
2
  0
LWPOLYLINE
  5
2DB
330
17
100
AcDbEntity
  8
OUTER
100
AcDbPolyline
 90
4
 70
1
 10
-159531.5711840495
 20
-131745.478036544
 10
-158013.9211840495
 20
-131745.478036544
 10
-158013.9211840495
 20
-132332.853036544
 10
-159531.5711840495
 20
-132332.853036544
  0
LWPOLYLINE
  5
2DC
330
17
100
AcDbEntity
  8
HOLES
100
AcDbPolyline
 90
8
 70
1
 10
-159331.5461840495
 20
-131913.753036544
 10
-158912.4461840495
 20
-131913.753036544
 10
-158899.7461840495
 20
-131926.453036544
 10
-158899.7461840495
 20
-132193.153036544
 10
-158912.4461840495
 20
-132205.853036544
 10
-159331.5461840495
 20
-132205.853036544
 10
-159344.2461840495
 20
-132193.153036544
 10
-159344.2461840495
 20
-131926.453036544
  0
LWPOLYLINE
  5
2DD
330
17
100
AcDbEntity
  8
HOLES
100
AcDbPolyline
 90
8
 70
1
 10
-158629.8711840495
 20
-131913.753036544
 10
-158210.7711840495
 20
-131913.753036544
 10
-158198.0711840495
 20
-131926.453036544
 10
-158198.0711840495
 20
-132193.153036544
 10
-158210.7711840495
 20
-132205.853036544
 10
-158629.8711840495
 20
-132205.853036544
 10
-158642.5711840495
 20
-132193.153036544
 10
-158642.5711840495
 20
-131926.453036544
  0
CIRCLE
  5
2DE
330
17
100
AcDbEntity
  8
HOLES
100
AcDbCircle
 10
-158420.3211840495
 20
-131845.490536544
 30
0.0
 40
17.4625
  0
CIRCLE
  5
2DF
330
17
100
AcDbEntity
  8
HOLES
100
AcDbCircle
 10
-159121.9961840495
 20
-131845.490536544
 30
0.0
 40
17.4625
  0
TEXT
  5
2E0
330
17
100
AcDbEntity
  8
NUMBERS
100
AcDbText
 10
-158771.07884396164
 20
-131881.50926823338
 30
0.0
 40
80.0
  1
P-0152
 72
1
 11
-158771.07884396164
 21
-131881.50926823338
 31
0.0
100
AcDbText
 73
2
  0
LWPOLYLINE
  5
2E2
330
17
100
AcDbEntity
  8
OUTER
100
AcDbPolyline
 90
4
 70
1
 10
-159798.7185073604
 20
-146178.1299606905
 10
-158277.8935073604
 20
-146178.1299606905
 10
-158277.8935073604
 20
-146762.3299606905
 10
-159798.7185073604
 20
-146762.3299606905
  0
LWPOLYLINE
  5
2E3
330
17
100
AcDbEntity
  8
HOLES
100
AcDbPolyline
 90
8
 70
1
 10
-159598.6935073604
 20
-146343.2299606904
 10
-159179.5935073605
 20
-146343.2299606904
 10
-159166.8935073604
 20
-146355.9299606904
 10
-159166.8935073604
 20
-146622.6299606904
 10
-159179.5935073605
 20
-146635.3299606905
 10
-159598.6935073604
 20
-146635.3299606905
 10
-159611.3935073604
 20
-146622.6299606904
 10
-159611.3935073604
 20
-146355.9299606904
  0
LWPOLYLINE
  5
2E4
330
17
100
AcDbEntity
  8
HOLES
100
AcDbPolyline
 90
8
 70
1
 10
-158900.1935073604
 20
-146343.2299606904
 10
-158481.0935073605
 20
-146343.2299606904
 10
-158468.3935073604
 20
-146355.9299606904
 10
-158468.3935073604
 20
-146622.6299606904
 10
-158481.0935073605
 20
-146635.3299606905
 10
-158900.1935073604
 20
-146635.3299606905
 10
-158912.8935073604
 20
-146622.6299606904
 10
-158912.8935073604
 20
-146355.9299606904
  0
CIRCLE
  5
2E5
330
17
100
AcDbEntity
  8
HOLES
100
AcDbCircle
 10
-158690.6435073604
 20
-146274.9674606905
 30
0.0
 40
17.4625
  0
CIRCLE
  5
2E6
330
17
100
AcDbEntity
  8
HOLES
100
AcDbCircle
 10
-159389.1435073604
 20
-146274.9674606905
 30
0.0
 40
17.4625
  0
TEXT
  5
2E7
330
17
100
AcDbEntity
  8
NUMBERS
100
AcDbText
 10
-159039.97683560743
 20
-146312.24386755086
 30
0.0
 40
80.0
  1
P-0153
 72
1
 11
-159039.97683560743
 21
-146312.24386755086
 31
0.0
100
AcDbText
 73
2
  0
LWPOLYLINE
  5
2E9
330
17
100
AcDbEntity
  8
OUTER
100
AcDbPolyline
 90
4
 70
1
 10
-152099.1221456807
 20
-152497.5314233338
 10
-150581.4721456807
 20
-152497.5314233338
 10
-150581.4721456807
 20
-153081.8314233338
 10
-152099.1221456807
 20
-153081.8314233338
  0
LWPOLYLINE
  5
2EA
330
17
100
AcDbEntity
  8
HOLES
100
AcDbPolyline
 90
8
 70
1
 10
-151197.4221456807
 20
-152662.7314233338
 10
-150778.3221456807
 20
-152662.7314233338
 10
-150765.6221456807
 20
-152675.4314233338
 10
-150765.6221456807
 20
-152942.1314233338
 10
-150778.3221456807
 20
-152954.8314233338
 10
-151197.4221456807
 20
-152954.8314233338
 10
-151210.1221456807
 20
-152942.1314233338
 10
-151210.1221456807
 20
-152675.4314233338
  0
LWPOLYLINE
  5
2EB
330
17
100
AcDbEntity
  8
HOLES
100
AcDbPolyline
 90
8
 70
1
 10
-151895.9221456807
 20
-152662.7314233338
 10
-151476.8221456807
 20
-152662.7314233338
 10
-151464.1221456807
 20
-152675.4314233338
 10
-151464.1221456807
 20
-152942.1314233338
 10
-151476.8221456807
 20
-152954.8314233338
 10
-151895.9221456807
 20
-152954.8314233338
 10
-151908.6221456807
 20
-152942.1314233338
 10
-151908.6221456807
 20
-152675.4314233338
  0
CIRCLE
  5
2EC
330
17
100
AcDbEntity
  8
HOLES
100
AcDbCircle
 10
-150987.8721456807
 20
-152594.4689233338
 30
0.0
 40
17.4625
  0
CIRCLE
  5
2ED
330
17
100
AcDbEntity
  8
HOLES
100
AcDbCircle
 10
-151686.3721456807
 20
-152594.4689233338
 30
0.0
 40
17.4625
  0
TEXT
  5
2EE
330
17
100
AcDbEntity
  8
NUMBERS
100
AcDbText
 10
-151337.1477255147
 20
-152632.02515502318
 30
0.0
 40
80.0
  1
P-0154
 72
1
 11
-151337.1477255147
 21
-152632.02515502318
 31
0.0
100
AcDbText
 73
2
  0
LWPOLYLINE
  5
2F0
330
17
100
AcDbEntity
  8
OUTER
100
AcDbPolyline
 90
4
 70
1
 10
-150386.8983673163
 20
-137830.2111888084
 10
-151895.0233673163
 20
-137830.2111888084
 10
-151895.0233673163
 20
-138417.5861888084
 10
-150386.8983673163
 20
-138417.5861888084
  0
LWPOLYLINE
  5
2F1
330
17
100
AcDbEntity
  8
HOLES
100
AcDbPolyline
 90
8
 70
1
 10
-151698.1733673163
 20
-137998.4861888084
 10
-151279.0733673164
 20
-137998.4861888084
 10
-151266.3733673163
 20
-138011.1861888084
 10
-151266.3733673163
 20
-138277.8861888084
 10
-151279.0733673164
 20
-138290.5861888084
 10
-151698.1733673163
 20
-138290.5861888084
 10
-151710.8733673163
 20
-138277.8861888084
 10
-151710.8733673163
 20
-138011.1861888084
  0
LWPOLYLINE
  5
2F2
330
17
100
AcDbEntity
  8
HOLES
100
AcDbPolyline
 90
8
 70
1
 10
-151006.0233673163
 20
-137998.4861888084
 10
-150586.9233673164
 20
-137998.4861888084
 10
-150574.2233673164
 20
-138011.1861888084
 10
-150574.2233673164
 20
-138277.8861888084
 10
-150586.9233673164
 20
-138290.5861888084
 10
-151006.0233673163
 20
-138290.5861888084
 10
-151018.7233673163
 20
-138277.8861888084
 10
-151018.7233673163
 20
-138011.1861888084
  0
CIRCLE
  5
2F3
330
17
100
AcDbEntity
  8
HOLES
100
AcDbCircle
 10
-151488.6233673163
 20
-137930.2236888084
 30
0.0
 40
17.4625
  0
CIRCLE
  5
2F4
330
17
100
AcDbEntity
  8
HOLES
100
AcDbCircle
 10
-150796.4733673163
 20
-137930.2236888084
 30
0.0
 40
17.4625
  0
TEXT
  5
2F5
330
17
100
AcDbEntity
  8
NUMBERS
100
AcDbText
 10
-151142.61774292664
 20
-137963.1817546043
 30
0.0
 40
80.0
  1
P-0155
 72
1
 11
-151142.61774292664
 21
-137963.1817546043
 31
0.0
100
AcDbText
 73
2
  0
LWPOLYLINE
  5
2F7
330
17
100
AcDbEntity
  8
OUTER
100
AcDbPolyline
 90
4
 70
1
 10
-158681.6830721321
 20
-133685.7345821403
 10
-157208.483072132
 20
-133685.7345821403
 10
-157208.483072132
 20
-134269.9345821403
 10
-158681.6830721321
 20
-134269.9345821403
  0
LWPOLYLINE
  5
2F8
330
17
100
AcDbEntity
  8
HOLES
100
AcDbPolyline
 90
8
 70
1
 10
-157754.583072132
 20
-133850.8345821402
 10
-157335.483072132
 20
-133850.8345821402
 10
-157322.783072132
 20
-133863.5345821403
 10
-157322.783072132
 20
-134130.2345821402
 10
-157335.483072132
 20
-134142.9345821403
 10
-157754.583072132
 20
-134142.9345821403
 10
-157767.283072132
 20
-134130.2345821402
 10
-157767.283072132
 20
-133863.5345821403
  0
CIRCLE
  5
2F9
330
17
100
AcDbEntity
  8
HOLES
100
AcDbCircle
 10
-157545.033072132
 20
-133782.5720821403
 30
0.0
 40
17.4625
  0
TEXT
  5
2FA
330
17
100
AcDbEntity
  8
NUMBERS
100
AcDbText
 10
-158268.96407799138
 20
-133977.65474815597
 30
0.0
 40
80.0
  1
P-0156
 72
1
 11
-158268.96407799138
 21
-133977.65474815597
 31
0.0
100
AcDbText
 73
2
  0
LWPOLYLINE
  5
2FC
330
17
100
AcDbEntity
  8
OUTER
100
AcDbPolyline
 90
4
 70
1
 10
-158553.9030706303
 20
-150979.5294603555
 10
-157080.7030706303
 20
-150979.5294603555
 10
-157080.7030706303
 20
-151563.7294603555
 10
-158553.9030706303
 20
-151563.7294603555
  0
LWPOLYLINE
  5
2FD
330
17
100
AcDbEntity
  8
HOLES
100
AcDbPolyline
 90
8
 70
1
 10
-158430.0780706303
 20
-151144.6294603555
 10
-158010.9780706304
 20
-151144.6294603555
 10
-157998.2780706304
 20
-151157.3294603555
 10
-157998.2780706304
 20
-151424.0294603555
 10
-158010.9780706304
 20
-151436.7294603555
 10
-158430.0780706303
 20
-151436.7294603555
 10
-158442.7780706304
 20
-151424.0294603555
 10
-158442.7780706304
 20
-151157.3294603555
  0
CIRCLE
  5
2FE
330
17
100
AcDbEntity
  8
HOLES
100
AcDbCircle
 10
-158220.5280706303
 20
-151076.3669603555
 30
0.0
 40
17.4625
  0
TEXT
  5
2FF
330
17
100
AcDbEntity
  8
NUMBERS
100
AcDbText
 10
-157455.6569280522
 20
-151271.80929433985
 30
0.0
 40
80.0
  1
P-0157
 72
1
 11
-157455.6569280522
 21
-151271.80929433985
 31
0.0
100
AcDbText
 73
2
  0
LWPOLYLINE
  5
301
330
17
100
AcDbEntity
  8
OUTER
100
AcDbPolyline
 90
4
 70
1
 10
-150623.667965513
 20
-145064.2223590884
 10
-149153.6429655131
 20
-145064.2223590884
 10
-149153.6429655131
 20
-145648.4223590885
 10
-150623.667965513
 20
-145648.4223590885
  0
LWPOLYLINE
  5
302
330
17
100
AcDbEntity
  8
HOLES
100
AcDbPolyline
 90
8
 70
1
 10
-149699.742965513
 20
-145229.3223590884
 10
-149280.6429655131
 20
-145229.3223590884
 10
-149267.9429655131
 20
-145242.0223590884
 10
-149267.9429655131
 20
-145508.7223590884
 10
-149280.6429655131
 20
-145521.4223590885
 10
-149699.742965513
 20
-145521.4223590885
 10
-149712.442965513
 20
-145508.7223590884
 10
-149712.442965513
 20
-145242.0223590884
  0
CIRCLE
  5
303
330
17
100
AcDbEntity
  8
HOLES
100
AcDbCircle
 10
-149490.1929655131
 20
-145161.0598590885
 30
0.0
 40
17.4625
  0
TEXT
  5
304
330
17
100
AcDbEntity
  8
NUMBERS
100
AcDbText
 10
-150246.29216290067
 20
-145356.14291267731
 30
0.0
 40
80.0
  1
P-0158
 72
1
 11
-150246.29216290067
 21
-145356.14291267731
 31
0.0
100
AcDbText
 73
2
  0
LWPOLYLINE
  5
306
330
17
100
AcDbEntity
  8
OUTER
100
AcDbPolyline
 90
5
 70
1
 10
-157081.6213777755
 20
-130341.3652015071
 10
-158535.7713777755
 20
-130341.3652015071
 10
-158535.7713777755
 20
-130925.5652015071
 10
-158532.5963777755
 20
-130928.7402015071
 10
-157081.6213777755
 20
-130928.7402015071
  0
LWPOLYLINE
  5
307
330
17
100
AcDbEntity
  8
HOLES
100
AcDbPolyline
 90
8
 70
1
 10
-157615.0213777755
 20
-130509.6402015071
 10
-157195.9213777755
 20
-130509.6402015071
 10
-157183.2213777755
 20
-130522.3402015071
 10
-157183.2213777755
 20
-130789.0402015071
 10
-157195.9213777755
 20
-130801.7402015071
 10
-157615.0213777755
 20
-130801.7402015071
 10
-157627.7213777755
 20
-130789.0402015071
 10
-157627.7213777755
 20
-130522.3402015071
  0
CIRCLE
  5
308
330
17
100
AcDbEntity
  8
HOLES
100
AcDbCircle
 10
-157405.4713777755
 20
-130441.3777015071
 30
0.0
 40
17.4625
  0
TEXT
  5
309
330
17
100
AcDbEntity
  8
NUMBERS
100
AcDbText
 10
-158031.1145845626
 20
-130635.23021005202
 30
0.0
 40
80.0
  1
P-0159
 72
1
 11
-158031.1145845626
 21
-130635.23021005202
 31
0.0
100
AcDbText
 73
2
  0
LWPOLYLINE
  5
30B
330
17
100
AcDbEntity
  8
OUTER
100
AcDbPolyline
 90
5
 70
1
 10
-150971.6246681295
 20
-151868.2321227152
 10
-149514.2996681295
 20
-151868.2321227152
 10
-149514.2996681295
 20
-151283.9321227152
 10
-150974.7996681295
 20
-151283.9321227152
 10
-150974.7996681295
 20
-151865.0571227152
  0
LWPOLYLINE
  5
30C
330
17
100
AcDbEntity
  8
HOLES
100
AcDbPolyline
 90
8
 70
1
 10
-150054.0496681295
 20
-151449.1321227152
 10
-149634.9496681295
 20
-151449.1321227152
 10
-149622.2496681295
 20
-151461.8321227152
 10
-149622.2496681295
 20
-151728.5321227152
 10
-149634.9496681295
 20
-151741.2321227152
 10
-150054.0496681295
 20
-151741.2321227152
 10
-150066.7496681295
 20
-151728.5321227152
 10
-150066.7496681295
 20
-151461.8321227152
  0
CIRCLE
  5
30D
330
17
100
AcDbEntity
  8
HOLES
100
AcDbCircle
 10
-149844.4996681295
 20
-151380.8696227152
 30
0.0
 40
17.4625
  0
TEXT
  5
30E
330
17
100
AcDbEntity
  8
NUMBERS
100
AcDbText
 10
-150614.8448951803
 20
-151576.2604064066
 30
0.0
 40
80.0
  1
P-0160
 72
1
 11
-150614.8448951803
 21
-151576.2604064066
 31
0.0
100
AcDbText
 73
2
  0
LWPOLYLINE
  5
310
330
17
100
AcDbEntity
  8
OUTER
100
AcDbPolyline
 90
5
 70
1
 10
-143022.6777564287
 20
-146129.5254065747
 10
-141562.1777564287
 20
-146129.5254065747
 10
-141562.1777564287
 20
-146710.5504065748
 10
-141565.3527564287
 20
-146713.7254065748
 10
-143022.6777564287
 20
-146713.7254065748
  0
LWPOLYLINE
  5
311
330
17
100
AcDbEntity
  8
HOLES
100
AcDbPolyline
 90
8
 70
1
 10
-142851.2277564287
 20
-146294.6254065748
 10
-142432.1277564287
 20
-146294.6254065748
 10
-142419.4277564287
 20
-146307.3254065748
 10
-142419.4277564287
 20
-146574.0254065748
 10
-142432.1277564287
 20
-146586.7254065748
 10
-142851.2277564287
 20
-146586.7254065748
 10
-142863.9277564287
 20
-146574.0254065748
 10
-142863.9277564287
 20
-146307.3254065748
  0
LWPOLYLINE
  5
312
330
17
100
AcDbEntity
  8
HOLES
100
AcDbPolyline
 90
8
 70
1
 10
-142149.5527564287
 20
-146294.6254065748
 10
-141730.4527564287
 20
-146294.6254065748
 10
-141717.7527564287
 20
-146307.3254065748
 10
-141717.7527564287
 20
-146574.0254065748
 10
-141730.4527564287
 20
-146586.7254065748
 10
-142149.5527564287
 20
-146586.7254065748
 10
-142162.2527564287
 20
-146574.0254065748
 10
-142162.2527564287
 20
-146307.3254065748
  0
CIRCLE
  5
313
330
17
100
AcDbEntity
  8
HOLES
100
AcDbCircle
 10
-142641.6777564287
 20
-146226.3629065748
 30
0.0
 40
17.4625
  0
CIRCLE
  5
314
330
17
100
AcDbEntity
  8
HOLES
100
AcDbCircle
 10
-141940.0027564287
 20
-146226.3629065748
 30
0.0
 40
17.4625
  0
TEXT
  5
315
330
17
100
AcDbEntity
  8
NUMBERS
100
AcDbText
 10
-142290.82320320603
 20
-146264.91404182866
 30
0.0
 40
80.0
  1
P-0161
 72
1
 11
-142290.82320320603
 21
-146264.91404182866
 31
0.0
100
AcDbText
 73
2
  0
LWPOLYLINE
  5
317
330
17
100
AcDbEntity
  8
OUTER
100
AcDbPolyline
 90
4
 70
1
 10
-119604.5486851666
 20
-134160.2118039102
 10
-118147.2236851666
 20
-134160.2118039102
 10
-118147.2236851666
 20
-133576.0118039102
 10
-119604.5486851666
 20
-133576.0118039102
  0
LWPOLYLINE
  5
318
330
17
100
AcDbEntity
  8
HOLES
100
AcDbPolyline
 90
8
 70
1
 10
-119480.7236851666
 20
-133741.1118039102
 10
-119061.6236851666
 20
-133741.1118039102
 10
-119048.9236851666
 20
-133753.8118039102
 10
-119048.9236851666
 20
-134020.5118039102
 10
-119061.6236851666
 20
-134033.2118039102
 10
-119480.7236851666
 20
-134033.2118039102
 10
-119493.4236851666
 20
-134020.5118039102
 10
-119493.4236851666
 20
-133753.8118039102
  0
CIRCLE
  5
319
330
17
100
AcDbEntity
  8
HOLES
100
AcDbCircle
 10
-119271.1736851666
 20
-133672.8493039103
 30
0.0
 40
17.4625
  0
TEXT
  5
31A
330
17
100
AcDbEntity
  8
NUMBERS
100
AcDbText
 10
-118540.90779466367
 20
-133868.28970002837
 30
0.0
 40
80.0
  1
P-0162
 72
1
 11
-118540.90779466367
 21
-133868.28970002837
 31
0.0
100
AcDbText
 73
2
  0
LWPOLYLINE
  5
31C
330
17
100
AcDbEntity
  8
OUTER
100
AcDbPolyline
 90
5
 70
1
 10
-150752.8752059609
 20
-136804.2465223915
 10
-149295.5502059609
 20
-136804.2465223915
 10
-149295.5502059609
 20
-137385.2715223915
 10
-149298.7252059609
 20
-137388.4465223915
 10
-150752.8752059609
 20
-137388.4465223915
  0
LWPOLYLINE
  5
31D
330
17
100
AcDbEntity
  8
HOLES
100
AcDbPolyline
 90
8
 70
1
 10
-150632.2252059609
 20
-136969.3465223915
 10
-150213.1252059609
 20
-136969.3465223915
 10
-150200.4252059609
 20
-136982.0465223915
 10
-150200.4252059609
 20
-137248.7465223915
 10
-150213.1252059609
 20
-137261.4465223915
 10
-150632.2252059609
 20
-137261.4465223915
 10
-150644.9252059609
 20
-137248.7465223915
 10
-150644.9252059609
 20
-136982.0465223915
  0
CIRCLE
  5
31E
330
17
100
AcDbEntity
  8
HOLES
100
AcDbCircle
 10
-150422.6752059609
 20
-136901.0840223915
 30
0.0
 40
17.4625
  0
TEXT
  5
31F
330
17
100
AcDbEntity
  8
NUMBERS
100
AcDbText
 10
-149870.68835598533
 20
-137096.52441850962
 30
0.0
 40
80.0
  1
P-0163
 72
1
 11
-149870.68835598533
 21
-137096.52441850962
 31
0.0
100
AcDbText
 73
2
  0
LWPOLYLINE
  5
321
330
17
100
AcDbEntity
  8
OUTER
100
AcDbPolyline
 90
5
 70
1
 10
-119626.783381851
 20
-137790.2963987349
 10
-118169.458381851
 20
-137790.2963987349
 10
-118169.458381851
 20
-138371.3213987349
 10
-118172.633381851
 20
-138374.4963987349
 10
-119626.783381851
 20
-138374.4963987349
  0
LWPOLYLINE
  5
322
330
17
100
AcDbEntity
  8
HOLES
100
AcDbPolyline
 90
8
 70
1
 10
-119455.333381851
 20
-137955.3963987349
 10
-119036.233381851
 20
-137955.3963987349
 10
-119023.533381851
 20
-137968.0963987349
 10
-119023.533381851
 20
-138234.7963987349
 10
-119036.233381851
 20
-138247.4963987349
 10
-119455.333381851
 20
-138247.4963987349
 10
-119468.033381851
 20
-138234.7963987349
 10
-119468.033381851
 20
-137968.0963987349
  0
LWPOLYLINE
  5
323
330
17
100
AcDbEntity
  8
HOLES
100
AcDbPolyline
 90
8
 70
1
 10
-118756.833381851
 20
-137955.3963987349
 10
-118337.733381851
 20
-137955.3963987349
 10
-118325.033381851
 20
-137968.0963987349
 10
-118325.033381851
 20
-138234.7963987349
 10
-118337.733381851
 20
-138247.4963987349
 10
-118756.833381851
 20
-138247.4963987349
 10
-118769.533381851
 20
-138234.7963987349
 10
-118769.533381851
 20
-137968.0963987349
  0
CIRCLE
  5
324
330
17
100
AcDbEntity
  8
HOLES
100
AcDbCircle
 10
-119245.783381851
 20
-137887.1338987349
 30
0.0
 40
17.4625
  0
CIRCLE
  5
325
330
17
100
AcDbEntity
  8
HOLES
100
AcDbCircle
 10
-118547.283381851
 20
-137887.1338987349
 30
0.0
 40
17.4625
  0
TEXT
  5
326
330
17
100
AcDbEntity
  8
NUMBERS
100
AcDbText
 10
-118896.69771290569
 20
-137924.4246458052
 30
0.0
 40
80.0
  1
P-0164
 72
1
 11
-118896.69771290569
 21
-137924.4246458052
 31
0.0
100
AcDbText
 73
2
  0
LWPOLYLINE
  5
328
330
17
100
AcDbEntity
  8
OUTER
100
AcDbPolyline
 90
5
 70
1
 10
-158568.1628255898
 20
-145050.0614919665
 10
-157110.8378255898
 20
-145050.0614919665
 10
-157110.8378255898
 20
-145631.0864919666
 10
-157114.0128255898
 20
-145634.2614919665
 10
-158568.1628255898
 20
-145634.2614919665
  0
LWPOLYLINE
  5
329
330
17
100
AcDbEntity
  8
HOLES
100
AcDbPolyline
 90
8
 70
1
 10
-158447.5128255897
 20
-145215.1614919665
 10
-158028.4128255898
 20
-145215.1614919665
 10
-158015.7128255898
 20
-145227.8614919666
 10
-158015.7128255898
 20
-145494.5614919665
 10
-158028.4128255898
 20
-145507.2614919665
 10
-158447.5128255897
 20
-145507.2614919665
 10
-158460.2128255898
 20
-145494.5614919665
 10
-158460.2128255898
 20
-145227.8614919666
  0
CIRCLE
  5
32A
330
17
100
AcDbEntity
  8
HOLES
100
AcDbCircle
 10
-158237.9628255898
 20
-145146.8989919665
 30
0.0
 40
17.4625
  0
TEXT
  5
32B
330
17
100
AcDbEntity
  8
NUMBERS
100
AcDbText
 10
-157713.7277700478
 20
-145341.98359584837
 30
0.0
 40
80.0
  1
P-0165
 72
1
 11
-157713.7277700478
 21
-145341.98359584837
 31
0.0
100
AcDbText
 73
2
  0
LWPOLYLINE
  5
32D
330
17
100
AcDbEntity
  8
OUTER
100
AcDbPolyline
 90
5
 70
1
 10
-104003.3194670517
 20
-150070.4124306399
 10
-102549.1694670517
 20
-150070.4124306399
 10
-102549.1694670517
 20
-150654.6124306399
 10
-104000.1444670517
 20
-150654.6124306399
 10
-104003.3194670517
 20
-150651.43743064
  0
LWPOLYLINE
  5
32E
330
17
100
AcDbEntity
  8
HOLES
100
AcDbPolyline
 90
8
 70
1
 10
-103838.2194670517
 20
-150235.5124306399
 10
-103419.1194670517
 20
-150235.5124306399
 10
-103406.4194670517
 20
-150248.2124306399
 10
-103406.4194670517
 20
-150514.9124306399
 10
-103419.1194670517
 20
-150527.6124306399
 10
-103838.2194670517
 20
-150527.6124306399
 10
-103850.9194670517
 20
-150514.9124306399
 10
-103850.9194670517
 20
-150248.2124306399
  0
LWPOLYLINE
  5
32F
330
17
100
AcDbEntity
  8
HOLES
100
AcDbPolyline
 90
8
 70
1
 10
-103139.7194670517
 20
-150235.5124306399
 10
-102720.6194670517
 20
-150235.5124306399
 10
-102707.9194670517
 20
-150248.2124306399
 10
-102707.9194670517
 20
-150514.9124306399
 10
-102720.6194670517
 20
-150527.6124306399
 10
-103139.7194670517
 20
-150527.6124306399
 10
-103152.4194670517
 20
-150514.9124306399
 10
-103152.4194670517
 20
-150248.2124306399
  0
CIRCLE
  5
330
330
17
100
AcDbEntity
  8
HOLES
100
AcDbCircle
 10
-103628.6694670517
 20
-150167.2499306399
 30
0.0
 40
17.4625
  0
CIRCLE
  5
331
330
17
100
AcDbEntity
  8
HOLES
100
AcDbCircle
 10
-102930.1694670517
 20
-150167.2499306399
 30
0.0
 40
17.4625
  0
TEXT
  5
332
330
17
100
AcDbEntity
  8
NUMBERS
100
AcDbText
 10
-103279.43962086031
 20
-150204.52982565938
 30
0.0
 40
80.0
  1
P-0166
 72
1
 11
-103279.43962086031
 21
-150204.52982565938
 31
0.0
100
AcDbText
 73
2
  0
LWPOLYLINE
  5
334
330
17
100
AcDbEntity
  8
OUTER
100
AcDbPolyline
 90
5
 70
1
 10
-150972.301003063
 20
-130514.9171605316
 10
-149518.1510030631
 20
-130514.9171605316
 10
-149518.1510030631
 20
-131099.1171605316
 10
-150969.1260030631
 20
-131099.1171605316
 10
-150972.301003063
 20
-131095.9421605316
  0
LWPOLYLINE
  5
335
330
17
100
AcDbEntity
  8
HOLES
100
AcDbPolyline
 90
8
 70
1
 10
-150105.5260030631
 20
-130680.0171605316
 10
-149686.4260030631
 20
-130680.0171605316
 10
-149673.7260030631
 20
-130692.7171605316
 10
-149673.7260030631
 20
-130959.4171605316
 10
-149686.4260030631
 20
-130972.1171605316
 10
-150105.5260030631
 20
-130972.1171605316
 10
-150118.2260030631
 20
-130959.4171605316
 10
-150118.2260030631
 20
-130692.7171605316
  0
LWPOLYLINE
  5
336
330
17
100
AcDbEntity
  8
HOLES
100
AcDbPolyline
 90
8
 70
1
 10
-150804.0260030631
 20
-130680.0171605316
 10
-150384.9260030631
 20
-130680.0171605316
 10
-150372.2260030631
 20
-130692.7171605316
 10
-150372.2260030631
 20
-130959.4171605316
 10
-150384.9260030631
 20
-130972.1171605316
 10
-150804.0260030631
 20
-130972.1171605316
 10
-150816.7260030631
 20
-130959.4171605316
 10
-150816.7260030631
 20
-130692.7171605316
  0
CIRCLE
  5
337
330
17
100
AcDbEntity
  8
HOLES
100
AcDbCircle
 10
-150594.4760030631
 20
-130611.7546605317
 30
0.0
 40
17.4625
  0
CIRCLE
  5
338
330
17
100
AcDbEntity
  8
HOLES
100
AcDbCircle
 10
-149895.9760030631
 20
-130611.7546605317
 30
0.0
 40
17.4625
  0
TEXT
  5
339
330
17
100
AcDbEntity
  8
NUMBERS
100
AcDbText
 10
-150245.40351160796
 20
-130649.21206409606
 30
0.0
 40
80.0
  1
P-0167
 72
1
 11
-150245.40351160796
 21
-130649.21206409606
 31
0.0
100
AcDbText
 73
2
  0
LWPOLYLINE
  5
33B
330
17
100
AcDbEntity
  8
OUTER
100
AcDbPolyline
 90
6
 70
1
 10
-135754.2500792541
 20
-146817.3779105955
 10
-134493.7750792541
 20
-146817.3779105955
 10
-134493.817169456
 20
-147401.0626425126
 10
-134496.992169456
 20
-147404.2376425126
 10
-135751.117169456
 20
-147404.2376425126
 10
-135754.292169456
 20
-147401.0626425126
  0
LWPOLYLINE
  5
33C
330
17
100
AcDbEntity
  8
HOLES
100
AcDbPolyline
 90
8
 70
1
 10
-135636.817169456
 20
-146985.1376425126
 10
-135217.7171694561
 20
-146985.1376425126
 10
-135205.017169456
 20
-146997.8376425126
 10
-135205.017169456
 20
-147264.5376425126
 10
-135217.7171694561
 20
-147277.2376425126
 10
-135636.817169456
 20
-147277.2376425126
 10
-135649.517169456
 20
-147264.5376425126
 10
-135649.517169456
 20
-146997.8376425126
  0
CIRCLE
  5
33D
330
17
100
AcDbEntity
  8
HOLES
100
AcDbCircle
 10
-135427.2671694561
 20
-146916.8751425126
 30
0.0
 40
17.4625
  0
TEXT
  5
33E
330
17
100
AcDbEntity
  8
NUMBERS
100
AcDbText
 10
-134855.989096629
 20
-147111.1155199843
 30
0.0
 40
80.0
  1
P-0168
 72
1
 11
-134855.989096629
 21
-147111.1155199843
 31
0.0
100
AcDbText
 73
2
  0
LWPOLYLINE
  5
340
330
17
100
AcDbEntity
  8
OUTER
100
AcDbPolyline
 90
6
 70
1
 10
-151129.8631401575
 20
-135312.9689644434
 10
-149869.3881401575
 20
-135312.9689644434
 10
-149869.4302303595
 20
-135896.6536963604
 10
-149872.6052303594
 20
-135899.8286963604
 10
-151126.7302303595
 20
-135899.8286963604
 10
-151129.9052303594
 20
-135896.6536963604
  0
LWPOLYLINE
  5
341
330
17
100
AcDbEntity
  8
HOLES
100
AcDbPolyline
 90
8
 70
1
 10
-151012.4302303595
 20
-135480.7286963604
 10
-150593.3302303595
 20
-135480.7286963604
 10
-150580.6302303595
 20
-135493.4286963604
 10
-150580.6302303595
 20
-135760.1286963604
 10
-150593.3302303595
 20
-135772.8286963604
 10
-151012.4302303595
 20
-135772.8286963604
 10
-151025.1302303595
 20
-135760.1286963604
 10
-151025.1302303595
 20
-135493.4286963604
  0
CIRCLE
  5
342
330
17
100
AcDbEntity
  8
HOLES
100
AcDbCircle
 10
-150802.8802303595
 20
-135412.4661963604
 30
0.0
 40
17.4625
  0
TEXT
  5
343
330
17
100
AcDbEntity
  8
NUMBERS
100
AcDbText
 10
-150226.67826264878
 20
-135606.7065738321
 30
0.0
 40
80.0
  1
P-0169
 72
1
 11
-150226.67826264878
 21
-135606.7065738321
 31
0.0
100
AcDbText
 73
2
  0
LWPOLYLINE
  5
345
330
17
100
AcDbEntity
  8
OUTER
100
AcDbPolyline
 90
5
 70
1
 10
-103770.1821383332
 20
-131836.0492924629
 10
-102512.8821383332
 20
-131836.0492924629
 10
-102512.8821383332
 20
-132420.2492924629
 10
-103767.0071383332
 20
-132420.2492924629
 10
-103770.1821383332
 20
-132417.074292463
  0
LWPOLYLINE
  5
346
330
17
100
AcDbEntity
  8
HOLES
100
AcDbPolyline
 90
8
 70
1
 10
-103649.5321383331
 20
-132001.1492924629
 10
-103230.4321383332
 20
-132001.1492924629
 10
-103217.7321383332
 20
-132013.849292463
 10
-103217.7321383332
 20
-132280.5492924629
 10
-103230.4321383332
 20
-132293.2492924629
 10
-103649.5321383331
 20
-132293.2492924629
 10
-103662.2321383331
 20
-132280.5492924629
 10
-103662.2321383331
 20
-132013.849292463
  0
CIRCLE
  5
347
330
17
100
AcDbEntity
  8
HOLES
100
AcDbCircle
 10
-103439.9821383332
 20
-131932.8867924629
 30
0.0
 40
17.4625
  0
TEXT
  5
348
330
17
100
AcDbEntity
  8
NUMBERS
100
AcDbText
 10
-102855.75423305976
 20
-132127.84233445508
 30
0.0
 40
80.0
  1
P-0170
 72
1
 11
-102855.75423305976
 21
-132127.84233445508
 31
0.0
100
AcDbText
 73
2
  0
LWPOLYLINE
  5
34A
330
17
100
AcDbEntity
  8
OUTER
100
AcDbPolyline
 90
5
 70
1
 10
-143424.8358309402
 20
-148003.5383671265
 10
-142167.5358309403
 20
-148003.5383671265
 10
-142167.5358309403
 20
-148587.7383671265
 10
-143421.6608309403
 20
-148587.7383671265
 10
-143424.8358309402
 20
-148584.5633671265
  0
LWPOLYLINE
  5
34B
330
17
100
AcDbEntity
  8
HOLES
100
AcDbPolyline
 90
8
 70
1
 10
-143304.1858309402
 20
-148168.6383671265
 10
-142885.0858309403
 20
-148168.6383671265
 10
-142872.3858309403
 20
-148181.3383671265
 10
-142872.3858309403
 20
-148448.0383671265
 10
-142885.0858309403
 20
-148460.7383671265
 10
-143304.1858309402
 20
-148460.7383671265
 10
-143316.8858309403
 20
-148448.0383671265
 10
-143316.8858309403
 20
-148181.3383671265
  0
CIRCLE
  5
34C
330
17
100
AcDbEntity
  8
HOLES
100
AcDbCircle
 10
-143094.6358309403
 20
-148100.3758671265
 30
0.0
 40
17.4625
  0
TEXT
  5
34D
330
17
100
AcDbEntity
  8
NUMBERS
100
AcDbText
 10
-142547.24288660436
 20
-148295.94532513432
 30
0.0
 40
80.0
  1
P-0171
 72
1
 11
-142547.24288660436
 21
-148295.94532513432
 31
0.0
100
AcDbText
 73
2
  0
LWPOLYLINE
  5
34F
330
17
100
AcDbEntity
  8
OUTER
100
AcDbPolyline
 90
5
 70
1
 10
-112520.9175270263
 20
-130537.7178975583
 10
-111263.6175270264
 20
-130537.7178975583
 10
-111263.6175270264
 20
-131121.9178975583
 10
-112517.7425270264
 20
-131121.9178975583
 10
-112520.9175270263
 20
-131118.7428975583
  0
LWPOLYLINE
  5
350
330
17
100
AcDbEntity
  8
HOLES
100
AcDbPolyline
 90
8
 70
1
 10
-112400.2675270264
 20
-130702.8178975583
 10
-111981.1675270264
 20
-130702.8178975583
 10
-111968.4675270264
 20
-130715.5178975583
 10
-111968.4675270264
 20
-130982.2178975583
 10
-111981.1675270264
 20
-130994.9178975583
 10
-112400.2675270264
 20
-130994.9178975583
 10
-112412.9675270264
 20
-130982.2178975583
 10
-112412.9675270264
 20
-130715.5178975583
  0
CIRCLE
  5
351
330
17
100
AcDbEntity
  8
HOLES
100
AcDbCircle
 10
-112190.7175270264
 20
-130634.5553975583
 30
0.0
 40
17.4625
  0
TEXT
  5
352
330
17
100
AcDbEntity
  8
NUMBERS
100
AcDbText
 10
-111606.48962175296
 20
-130829.5109395505
 30
0.0
 40
80.0
  1
P-0172
 72
1
 11
-111606.48962175296
 21
-130829.5109395505
 31
0.0
100
AcDbText
 73
2
  0
LWPOLYLINE
  5
354
330
17
100
AcDbEntity
  8
OUTER
100
AcDbPolyline
 90
5
 70
1
 10
-143065.6597282557
 20
-151186.6428521422
 10
-141814.7097282557
 20
-151186.6428521422
 10
-141814.7097282557
 20
-151770.8428521422
 10
-143062.4847282557
 20
-151770.8428521422
 10
-143065.6597282557
 20
-151767.6678521422
  0
LWPOLYLINE
  5
355
330
17
100
AcDbEntity
  8
HOLES
100
AcDbPolyline
 90
8
 70
1
 10
-142954.5347282557
 20
-151351.7428521422
 10
-142535.4347282557
 20
-151351.7428521422
 10
-142522.7347282557
 20
-151364.4428521422
 10
-142522.7347282557
 20
-151631.1428521422
 10
-142535.4347282557
 20
-151643.8428521422
 10
-142954.5347282557
 20
-151643.8428521422
 10
-142967.2347282557
 20
-151631.1428521422
 10
-142967.2347282557
 20
-151364.4428521422
  0
CIRCLE
  5
356
330
17
100
AcDbEntity
  8
HOLES
100
AcDbCircle
 10
-142744.9847282557
 20
-151283.4803521422
 30
0.0
 40
17.4625
  0
TEXT
  5
357
330
17
100
AcDbEntity
  8
NUMBERS
100
AcDbText
 10
-142192.49907151735
 20
-151479.04825985702
 30
0.0
 40
80.0
  1
P-0173
 72
1
 11
-142192.49907151735
 21
-151479.04825985702
 31
0.0
100
AcDbText
 73
2
  0
LWPOLYLINE
  5
359
330
17
100
AcDbEntity
  8
OUTER
100
AcDbPolyline
 90
5
 70
1
 10
-104250.4904623466
 20
-147796.8719093829
 10
-102999.5404623466
 20
-147796.8719093829
 10
-102999.5404623466
 20
-148377.8969093829
 10
-103002.7154623466
 20
-148381.0719093829
 10
-104250.4904623466
 20
-148381.0719093829
  0
LWPOLYLINE
  5
35A
330
17
100
AcDbEntity
  8
HOLES
100
AcDbPolyline
 90
8
 70
1
 10
-103532.9404623466
 20
-147961.9719093829
 10
-103113.8404623466
 20
-147961.9719093829
 10
-103101.1404623466
 20
-147974.6719093829
 10
-103101.1404623466
 20
-148241.3719093829
 10
-103113.8404623466
 20
-148254.0719093829
 10
-103532.9404623466
 20
-148254.0719093829
 10
-103545.6404623466
 20
-148241.3719093829
 10
-103545.6404623466
 20
-147974.6719093829
  0
CIRCLE
  5
35B
330
17
100
AcDbEntity
  8
HOLES
100
AcDbCircle
 10
-103323.3904623466
 20
-147893.7094093829
 30
0.0
 40
17.4625
  0
TEXT
  5
35C
330
17
100
AcDbEntity
  8
NUMBERS
100
AcDbText
 10
-103934.39347748333
 20
-148089.27731709773
 30
0.0
 40
80.0
  1
P-0174
 72
1
 11
-103934.39347748333
 21
-148089.27731709773
 31
0.0
100
AcDbText
 73
2
  0
LWPOLYLINE
  5
35E
330
17
100
AcDbEntity
  8
OUTER
100
AcDbPolyline
 90
5
 70
1
 10
-159581.66711526
 20
-137889.5712247694
 10
-158419.6171152601
 20
-137889.5712247694
 10
-158419.6171152601
 20
-138470.5962247694
 10
-158422.79211526
 20
-138473.7712247694
 10
-159581.66711526
 20
-138473.7712247694
  0
LWPOLYLINE
  5
35F
330
17
100
AcDbEntity
  8
HOLES
100
AcDbPolyline
 90
8
 70
1
 10
-159461.0171152601
 20
-138054.6712247694
 10
-159041.9171152601
 20
-138054.6712247694
 10
-159029.2171152601
 20
-138067.3712247694
 10
-159029.2171152601
 20
-138334.0712247694
 10
-159041.9171152601
 20
-138346.7712247694
 10
-159461.0171152601
 20
-138346.7712247694
 10
-159473.7171152601
 20
-138334.0712247694
 10
-159473.7171152601
 20
-138067.3712247694
  0
CIRCLE
  5
360
330
17
100
AcDbEntity
  8
HOLES
100
AcDbCircle
 10
-159251.4671152601
 20
-137986.4087247695
 30
0.0
 40
17.4625
  0
TEXT
  5
361
330
17
100
AcDbEntity
  8
NUMBERS
100
AcDbText
 10
-158734.81182961553
 20
-138181.9549283827
 30
0.0
 40
80.0
  1
P-0175
 72
1
 11
-158734.81182961553
 21
-138181.9549283827
 31
0.0
100
AcDbText
 73
2
  0
LWPOLYLINE
  5
363
330
17
100
AcDbEntity
  8
OUTER
100
AcDbPolyline
 90
5
 70
1
 10
-143022.8465475664
 20
-144938.6595517191
 10
-141863.9715475663
 20
-144938.6595517191
 10
-141863.9715475663
 20
-145522.8595517191
 10
-143019.6715475664
 20
-145522.8595517191
 10
-143022.8465475664
 20
-145519.6845517192
  0
LWPOLYLINE
  5
364
330
17
100
AcDbEntity
  8
HOLES
100
AcDbPolyline
 90
8
 70
1
 10
-142902.1965475663
 20
-145103.7595517191
 10
-142483.0965475663
 20
-145103.7595517191
 10
-142470.3965475663
 20
-145116.4595517191
 10
-142470.3965475663
 20
-145383.1595517191
 10
-142483.0965475663
 20
-145395.8595517191
 10
-142902.1965475663
 20
-145395.8595517191
 10
-142914.8965475663
 20
-145383.1595517191
 10
-142914.8965475663
 20
-145116.4595517191
  0
CIRCLE
  5
365
330
17
100
AcDbEntity
  8
HOLES
100
AcDbCircle
 10
-142692.6465475663
 20
-145035.4970517192
 30
0.0
 40
17.4625
  0
TEXT
  5
366
330
17
100
AcDbEntity
  8
NUMBERS
100
AcDbText
 10
-142156.80251070112
 20
-145231.04248018592
 30
0.0
 40
80.0
  1
P-0176
 72
1
 11
-142156.80251070112
 21
-145231.04248018592
 31
0.0
100
AcDbText
 73
2
  0
LWPOLYLINE
  5
368
330
17
100
AcDbEntity
  8
OUTER
100
AcDbPolyline
 90
5
 70
1
 10
-119452.3078545533
 20
-136497.1556512082
 10
-118293.4328545533
 20
-136497.1556512082
 10
-118293.4328545533
 20
-137081.3556512082
 10
-119449.1328545533
 20
-137081.3556512082
 10
-119452.3078545533
 20
-137078.1806512082
  0
LWPOLYLINE
  5
369
330
17
100
AcDbEntity
  8
HOLES
100
AcDbPolyline
 90
8
 70
1
 10
-119328.4828545533
 20
-136662.2556512082
 10
-118909.3828545533
 20
-136662.2556512082
 10
-118896.6828545533
 20
-136674.9556512082
 10
-118896.6828545533
 20
-136941.6556512082
 10
-118909.3828545533
 20
-136954.3556512082
 10
-119328.4828545533
 20
-136954.3556512082
 10
-119341.1828545533
 20
-136941.6556512082
 10
-119341.1828545533
 20
-136674.9556512082
  0
CIRCLE
  5
36A
330
17
100
AcDbEntity
  8
HOLES
100
AcDbCircle
 10
-119118.9328545533
 20
-136593.9931512082
 30
0.0
 40
17.4625
  0
TEXT
  5
36B
330
17
100
AcDbEntity
  8
NUMBERS
100
AcDbText
 10
-118597.58095635995
 20
-136789.538579675
 30
0.0
 40
80.0
  1
P-0177
 72
1
 11
-118597.58095635995
 21
-136789.538579675
 31
0.0
100
AcDbText
 73
2
  0
LWPOLYLINE
  5
36D
330
17
100
AcDbEntity
  8
OUTER
100
AcDbPolyline
 90
5
 70
1
 10
-150950.8490332355
 20
-131710.4002765284
 10
-149791.9740332355
 20
-131710.4002765284
 10
-149791.9740332355
 20
-132291.4252765285
 10
-149795.1490332355
 20
-132294.6002765284
 10
-150950.8490332355
 20
-132294.6002765284
  0
LWPOLYLINE
  5
36E
330
17
100
AcDbEntity
  8
HOLES
100
AcDbPolyline
 90
8
 70
1
 10
-150334.8990332355
 20
-131875.5002765284
 10
-149915.7990332355
 20
-131875.5002765284
 10
-149903.0990332355
 20
-131888.2002765284
 10
-149903.0990332355
 20
-132154.9002765284
 10
-149915.7990332355
 20
-132167.6002765284
 10
-150334.8990332355
 20
-132167.6002765284
 10
-150347.5990332355
 20
-132154.9002765284
 10
-150347.5990332355
 20
-131888.2002765284
  0
CIRCLE
  5
36F
330
17
100
AcDbEntity
  8
HOLES
100
AcDbCircle
 10
-150125.3490332355
 20
-131807.2377765284
 30
0.0
 40
17.4625
  0
TEXT
  5
370
330
17
100
AcDbEntity
  8
NUMBERS
100
AcDbText
 10
-150639.91064822575
 20
-132002.21734806162
 30
0.0
 40
80.0
  1
P-0178
 72
1
 11
-150639.91064822575
 21
-132002.21734806162
 31
0.0
100
AcDbText
 73
2
  0
LWPOLYLINE
  5
372
330
17
100
AcDbEntity
  8
OUTER
100
AcDbPolyline
 90
5
 70
1
 10
-120558.1791375778
 20
-132683.0699287167
 10
-119408.8291375777
 20
-132683.0699287167
 10
-119408.8291375777
 20
-132095.6949287167
 10
-120561.3541375777
 20
-132095.6949287167
 10
-120561.3541375777
 20
-132679.8949287167
  0
LWPOLYLINE
  5
373
330
17
100
AcDbEntity
  8
HOLES
100
AcDbPolyline
 90
8
 70
1
 10
-120443.8791375777
 20
-132263.9699287167
 10
-120024.7791375778
 20
-132263.9699287167
 10
-120012.0791375777
 20
-132276.6699287167
 10
-120012.0791375777
 20
-132543.3699287167
 10
-120024.7791375778
 20
-132556.0699287167
 10
-120443.8791375777
 20
-132556.0699287167
 10
-120456.5791375778
 20
-132543.3699287167
 10
-120456.5791375778
 20
-132276.6699287167
  0
CIRCLE
  5
374
330
17
100
AcDbEntity
  8
HOLES
100
AcDbCircle
 10
-120234.3291375777
 20
-132195.7074287167
 30
0.0
 40
17.4625
  0
TEXT
  5
375
330
17
100
AcDbEntity
  8
NUMBERS
100
AcDbText
 10
-119716.93823791952
 20
-132389.66380689054
 30
0.0
 40
80.0
  1
P-0179
 72
1
 11
-119716.93823791952
 21
-132389.66380689054
 31
0.0
100
AcDbText
 73
2
  0
LWPOLYLINE
  5
377
330
17
100
AcDbEntity
  8
OUTER
100
AcDbPolyline
 90
5
 70
1
 10
-159816.6956332733
 20
-149361.3542584263
 10
-158660.9956332733
 20
-149361.3542584263
 10
-158660.9956332733
 20
-149945.5542584263
 10
-159813.5206332733
 20
-149945.5542584263
 10
-159816.6956332733
 20
-149942.3792584263
  0
LWPOLYLINE
  5
378
330
17
100
AcDbEntity
  8
HOLES
100
AcDbPolyline
 90
8
 70
1
 10
-159699.2206332733
 20
-149526.4542584263
 10
-159280.1206332733
 20
-149526.4542584263
 10
-159267.4206332733
 20
-149539.1542584263
 10
-159267.4206332733
 20
-149805.8542584263
 10
-159280.1206332733
 20
-149818.5542584263
 10
-159699.2206332733
 20
-149818.5542584263
 10
-159711.9206332733
 20
-149805.8542584263
 10
-159711.9206332733
 20
-149539.1542584263
  0
CIRCLE
  5
379
330
17
100
AcDbEntity
  8
HOLES
100
AcDbCircle
 10
-159489.6706332733
 20
-149458.1917584263
 30
0.0
 40
17.4625
  0
TEXT
  5
37A
330
17
100
AcDbEntity
  8
NUMBERS
100
AcDbText
 10
-158975.0322787811
 20
-149653.73641174662
 30
0.0
 40
80.0
  1
P-0180
 72
1
 11
-158975.0322787811
 21
-149653.73641174662
 31
0.0
100
AcDbText
 73
2
  0
LWPOLYLINE
  5
37C
330
17
100
AcDbEntity
  8
OUTER
100
AcDbPolyline
 90
5
 70
1
 10
-104061.5431716058
 20
-151573.0762719871
 10
-102905.8431716058
 20
-151573.0762719871
 10
-102905.8431716058
 20
-152154.1012719872
 10
-102909.0181716058
 20
-152157.2762719871
 10
-104061.5431716058
 20
-152157.2762719871
  0
LWPOLYLINE
  5
37D
330
17
100
AcDbEntity
  8
HOLES
100
AcDbPolyline
 90
8
 70
1
 10
-103940.8931716058
 20
-151738.1762719871
 10
-103521.7931716058
 20
-151738.1762719871
 10
-103509.0931716058
 20
-151750.8762719872
 10
-103509.0931716058
 20
-152017.5762719871
 10
-103521.7931716058
 20
-152030.2762719872
 10
-103940.8931716058
 20
-152030.2762719872
 10
-103953.5931716058
 20
-152017.5762719871
 10
-103953.5931716058
 20
-151750.8762719872
  0
CIRCLE
  5
37E
330
17
100
AcDbEntity
  8
HOLES
100
AcDbCircle
 10
-103731.3431716058
 20
-151669.9137719872
 30
0.0
 40
17.4625
  0
TEXT
  5
37F
330
17
100
AcDbEntity
  8
NUMBERS
100
AcDbText
 10
-103215.92967062921
 20
-151865.45842530738
 30
0.0
 40
80.0
  1
P-0181
 72
1
 11
-103215.92967062921
 21
-151865.45842530738
 31
0.0
100
AcDbText
 73
2
  0
LWPOLYLINE
  5
381
330
17
100
AcDbEntity
  8
OUTER
100
AcDbPolyline
 90
5
 70
1
 10
-152189.2947761401
 20
-149578.2204458945
 10
-151036.7697761401
 20
-149578.2204458945
 10
-151036.7697761401
 20
-150159.3454458945
 10
-151039.9447761401
 20
-150162.5204458945
 10
-152189.2947761401
 20
-150162.5204458945
  0
LWPOLYLINE
  5
382
330
17
100
AcDbEntity
  8
HOLES
100
AcDbPolyline
 90
8
 70
1
 10
-151573.3447761401
 20
-149743.4204458945
 10
-151154.2447761401
 20
-149743.4204458945
 10
-151141.54477614
 20
-149756.1204458945
 10
-151141.54477614
 20
-150022.8204458944
 10
-151154.2447761401
 20
-150035.5204458945
 10
-151573.3447761401
 20
-150035.5204458945
 10
-151586.0447761401
 20
-150022.8204458944
 10
-151586.0447761401
 20
-149756.1204458945
  0
CIRCLE
  5
383
330
17
100
AcDbEntity
  8
HOLES
100
AcDbCircle
 10
-151363.7947761401
 20
-149675.1579458945
 30
0.0
 40
17.4625
  0
TEXT
  5
384
330
17
100
AcDbEntity
  8
NUMBERS
100
AcDbText
 10
-151886.25048292725
 20
-149870.65182406834
 30
0.0
 40
80.0
  1
P-0182
 72
1
 11
-151886.25048292725
 21
-149870.65182406834
 31
0.0
100
AcDbText
 73
2
  0
LWPOLYLINE
  5
386
330
17
100
AcDbEntity
  8
OUTER
100
AcDbPolyline
 90
6
 70
1
 10
-123276.806428473
 20
-133500.7260178513
 10
-122446.543428473
 20
-133500.7260178513
 10
-122446.543428473
 20
-134148.4260178513
 10
-122449.718428473
 20
-134151.6010178513
 10
-123273.631428473
 20
-134151.6010178513
 10
-123276.806428473
 20
-134148.4260178513
  0
TEXT
  5
387
330
17
100
AcDbEntity
  8
NUMBERS
100
AcDbText
 10
-122861.674928473
 20
-133826.1635178513
 30
0.0
 40
80.0
  1
P-0183
 72
1
 11
-122861.674928473
 21
-133826.1635178513
 31
0.0
100
AcDbText
 73
2
  0
LWPOLYLINE
  5
389
330
17
100
AcDbEntity
  8
OUTER
100
AcDbPolyline
 90
6
 70
1
 10
-151836.7716579411
 20
-145713.1855158724
 10
-151014.4466579411
 20
-145713.1855158724
 10
-151011.2716579411
 20
-145710.0105158724
 10
-151011.2716579411
 20
-145062.3105158724
 10
-151839.9466579411
 20
-145062.3105158724
 10
-151839.9466579411
 20
-145710.0105158724
  0
TEXT
  5
38A
330
17
100
AcDbEntity
  8
NUMBERS
100
AcDbText
 10
-151425.6091579411
 20
-145387.7480158724
 30
0.0
 40
80.0
  1
P-0184
 72
1
 11
-151425.6091579411
 21
-145387.7480158724
 31
0.0
100
AcDbText
 73
2
  0
LWPOLYLINE
  5
38C
330
17
100
AcDbEntity
  8
OUTER
100
AcDbPolyline
 90
6
 70
1
 10
-159860.1322985812
 20
-133685.7345821403
 10
-159029.8697985813
 20
-133685.7345821403
 10
-159029.8697985813
 20
-134330.2595821403
 10
-159033.0447985812
 20
-134333.4345821403
 10
-159856.9572985812
 20
-134333.4345821403
 10
-159860.1322985812
 20
-134330.2595821403
  0
TEXT
  5
38D
330
17
100
AcDbEntity
  8
NUMBERS
100
AcDbText
 10
-159445.00104858124
 20
-134009.58458214032
 30
0.0
 40
80.0
  1
P-0185
 72
1
 11
-159445.00104858124
 21
-134009.58458214032
 31
0.0
100
AcDbText
 73
2
  0
LWPOLYLINE
  5
38F
330
17
100
AcDbEntity
  8
OUTER
100
AcDbPolyline
 90
6
 70
1
 10
-162149.3629337454
 20
-150990.0123415066
 10
-161320.6879337455
 20
-150990.0123415066
 10
-161320.6879337455
 20
-151634.5373415067
 10
-161323.8629337455
 20
-151637.7123415067
 10
-162146.1879337455
 20
-151637.7123415067
 10
-162149.3629337454
 20
-151634.5373415067
  0
TEXT
  5
390
330
17
100
AcDbEntity
  8
NUMBERS
100
AcDbText
 10
-161735.02543374547
 20
-151313.86234150664
 30
0.0
 40
80.0
  1
P-0186
 72
1
 11
-161735.02543374547
 21
-151313.86234150664
 31
0.0
100
AcDbText
 73
2
  0
LWPOLYLINE
  5
392
330
17
100
AcDbEntity
  8
OUTER
100
AcDbPolyline
 90
6
 70
1
 10
-162085.95346578
 20
-145000.3645517102
 10
-161435.07846578
 20
-145000.3645517102
 10
-161435.07846578
 20
-145648.0645517103
 10
-161438.25346578
 20
-145651.2395517102
 10
-162082.7784657801
 20
-145651.2395517102
 10
-162085.95346578
 20
-145648.0645517103
  0
TEXT
  5
393
330
17
100
AcDbEntity
  8
NUMBERS
100
AcDbText
 10
-161760.51596578
 20
-145325.8020517102
 30
0.0
 40
80.0
  1
P-0187
 72
1
 11
-161760.51596578
 21
-145325.8020517102
 31
0.0
100
AcDbText
 73
2
  0
LWPOLYLINE
  5
395
330
17
100
AcDbEntity
  8
OUTER
100
AcDbPolyline
 90
6
 70
1
 10
-154192.6698216022
 20
-136804.2465223915
 10
-153540.2068216022
 20
-136804.2465223915
 10
-153540.2068216022
 20
-137448.7715223916
 10
-153543.3818216022
 20
-137451.9465223915
 10
-154189.4948216022
 20
-137451.9465223915
 10
-154192.6698216022
 20
-137448.7715223916
  0
TEXT
  5
396
330
17
100
AcDbEntity
  8
NUMBERS
100
AcDbText
 10
-153866.43832160218
 20
-137128.09652239148
 30
0.0
 40
80.0
  1
P-0188
 72
1
 11
-153866.43832160218
 21
-137128.09652239148
 31
0.0
100
AcDbText
 73
2
  0
LWPOLYLINE
  5
398
330
17
100
AcDbEntity
  8
OUTER
100
AcDbPolyline
 90
6
 70
1
 10
-152064.4450109329
 20
-151868.2321227152
 10
-151419.9200109328
 20
-151868.2321227152
 10
-151416.7450109329
 20
-151865.0571227152
 10
-151416.7450109329
 20
-151220.5321227152
 10
-152067.6200109329
 20
-151220.5321227152
 10
-152067.6200109329
 20
-151865.0571227152
  0
TEXT
  5
399
330
17
100
AcDbEntity
  8
NUMBERS
100
AcDbText
 10
-151742.1825109329
 20
-151544.3821227152
 30
0.0
 40
80.0
  1
P-0189
 72
1
 11
-151742.1825109329
 21
-151544.3821227152
 31
0.0
100
AcDbText
 73
2
  0
LWPOLYLINE
  5
39B
330
17
100
AcDbEntity
  8
OUTER
100
AcDbPolyline
 90
6
 70
1
 10
-159080.5020998373
 20
-130341.3652015071
 10
-159731.3770998373
 20
-130341.3652015071
 10
-159731.3770998373
 20
-130985.8902015071
 10
-159728.2020998373
 20
-130989.0652015071
 10
-159083.6770998373
 20
-130989.0652015071
 10
-159080.5020998373
 20
-130985.8902015071
  0
TEXT
  5
39C
330
17
100
AcDbEntity
  8
NUMBERS
100
AcDbText
 10
-159405.9395998373
 20
-130665.21520150709
 30
0.0
 40
80.0
  1
P-0190
 72
1
 11
-159405.9395998373
 21
-130665.21520150709
 31
0.0
100
AcDbText
 73
2
  0
LWPOLYLINE
  5
39E
330
17
100
AcDbEntity
  8
OUTER
100
AcDbPolyline
 90
6
 70
1
 10
-105168.4313499928
 20
-151637.8475789815
 10
-104520.7313499928
 20
-151637.8475789815
 10
-104520.7313499928
 20
-152188.7125789815
 10
-105168.4313499928
 20
-152188.7125789815
 10
-105171.6063499927
 20
-152185.5375789815
 10
-105171.6063499927
 20
-151641.0225789815
  0
TEXT
  5
39F
330
17
100
AcDbEntity
  8
NUMBERS
100
AcDbText
 10
-104846.16884999274
 20
-151913.2800789815
 30
0.0
 40
80.0
  1
P-0191
 72
1
 11
-104846.16884999274
 21
-151913.2800789815
 31
0.0
100
AcDbText
 73
2
  0
LWPOLYLINE
  5
3A1
330
17
100
AcDbEntity
  8
OUTER
100
AcDbPolyline
 90
6
 70
1
 10
-151427.4248650035
 20
-131780.2940891201
 10
-152071.9498650035
 20
-131780.2940891201
 10
-152075.1248650035
 20
-131783.4690891201
 10
-152075.1248650035
 20
-132329.5690891201
 10
-152071.9498650035
 20
-132332.7440891201
 10
-151427.4248650035
 20
-132332.7440891201
  0
TEXT
  5
3A2
330
17
100
AcDbEntity
  8
NUMBERS
100
AcDbText
 10
-151751.2748650035
 20
-132056.5190891201
 30
0.0
 40
80.0
  1
P-0192
 72
1
 11
-151751.2748650035
 21
-132056.5190891201
 31
0.0
100
AcDbText
 73
2
  0
LWPOLYLINE
  5
3A4
330
17
100
AcDbEntity
  8
OUTER
100
AcDbPolyline
 90
5
 70
1
 10
-122378.7205954797
 20
-137915.5776117767
 10
-122378.7205954797
 20
-138463.2656117767
 10
-123026.4205954797
 20
-138463.2656117767
 10
-123026.4205954797
 20
-137912.4026117767
 10
-122381.8955954797
 20
-137912.4026117767
  0
TEXT
  5
3A5
330
17
100
AcDbEntity
  8
NUMBERS
100
AcDbText
 10
-122702.5705954797
 20
-138187.8341117767
 30
0.0
 40
80.0
  1
P-0193
 72
1
 11
-122702.5705954797
 21
-138187.8341117767
 31
0.0
100
AcDbText
 73
2
  0
LWPOLYLINE
  5
3A7
330
17
100
AcDbEntity
  8
OUTER
100
AcDbPolyline
 90
6
 70
1
 10
-146622.0686448179
 20
-146447.7278118766
 10
-145977.5436448179
 20
-146447.7278118766
 10
-145974.3686448179
 20
-146450.9028118766
 10
-145974.3686448179
 20
-146995.4178118766
 10
-145977.5436448179
 20
-146998.5928118766
 10
-146622.0686448179
 20
-146998.5928118766
  0
TEXT
  5
3A8
330
17
100
AcDbEntity
  8
NUMBERS
100
AcDbText
 10
-146298.21864481788
 20
-146723.1603118766
 30
0.0
 40
80.0
  1
P-0194
 72
1
 11
-146298.21864481788
 21
-146723.1603118766
 31
0.0
100
AcDbText
 73
2
  0
LWPOLYLINE
  5
3AA
330
17
100
AcDbEntity
  8
OUTER
100
AcDbPolyline
 90
6
 70
1
 10
-151635.360508079
 20
-148150.1231955205
 10
-151133.710508079
 20
-148150.1231955205
 10
-151133.710508079
 20
-148810.5231955205
 10
-151136.885508079
 20
-148813.6981955205
 10
-151632.185508079
 20
-148813.6981955205
 10
-151635.360508079
 20
-148810.5231955205
  0
TEXT
  5
3AB
330
17
100
AcDbEntity
  8
NUMBERS
100
AcDbText
 10
-151384.535508079
 20
-148480.3231955205
 30
0.0
 40
80.0
  1
P-0195
 72
1
 11
-151384.535508079
 21
-148480.3231955205
 31
0.0
100
AcDbText
 73
2
  0
LWPOLYLINE
  5
3AD
330
17
100
AcDbEntity
  8
OUTER
100
AcDbPolyline
 90
6
 70
1
 10
-162061.9915366766
 20
-148029.7484111682
 10
-161560.3415366766
 20
-148029.7484111682
 10
-161560.3415366766
 20
-148677.4484111682
 10
-161563.5165366766
 20
-148680.6234111682
 10
-162058.8165366766
 20
-148680.6234111682
 10
-162061.9915366766
 20
-148677.4484111682
  0
TEXT
  5
3AE
330
17
100
AcDbEntity
  8
NUMBERS
100
AcDbText
 10
-161811.16653667658
 20
-148353.5984111682
 30
0.0
 40
80.0
  1
P-0196
 72
1
 11
-161811.16653667658
 21
-148353.5984111682
 31
0.0
100
AcDbText
 73
2
  0
LWPOLYLINE
  5
3B0
330
17
100
AcDbEntity
  8
OUTER
100
AcDbPolyline
 90
6
 70
1
 10
-159363.6108642303
 20
-136533.96539619
 10
-158861.8608642303
 20
-136533.96539619
 10
-158861.8608642303
 20
-137178.4903961901
 10
-158865.0358642303
 20
-137181.6653961901
 10
-159360.4358642303
 20
-137181.6653961901
 10
-159363.6108642303
 20
-137178.4903961901
  0
TEXT
  5
3B1
330
17
100
AcDbEntity
  8
NUMBERS
100
AcDbText
 10
-159112.7358642303
 20
-136856.22789619004
 30
0.0
 40
80.0
  1
P-0197
 72
1
 11
-159112.7358642303
 21
-136856.22789619004
 31
0.0
100
AcDbText
 73
2
  0
LWPOLYLINE
  5
3B3
330
17
100
AcDbEntity
  8
OUTER
100
AcDbPolyline
 90
6
 70
1
 10
-122694.0473940639
 20
-130616.8597251467
 10
-122192.397394064
 20
-130616.8597251467
 10
-122192.397394064
 20
-131261.3847251468
 10
-122195.572394064
 20
-131264.5597251467
 10
-122690.8723940639
 20
-131264.5597251467
 10
-122694.0473940639
 20
-131261.3847251468
  0
TEXT
  5
3B4
330
17
100
AcDbEntity
  8
NUMBERS
100
AcDbText
 10
-122443.22239406395
 20
-130939.12222514676
 30
0.0
 40
80.0
  1
P-0198
 72
1
 11
-122443.22239406395
 21
-130939.12222514676
 31
0.0
100
AcDbText
 73
2
  0
LWPOLYLINE
  5
3B6
330
17
100
AcDbEntity
  8
OUTER
100
AcDbPolyline
 90
6
 70
1
 10
-105350.859351546
 20
-148362.5567780664
 10
-104703.1593515459
 20
-148362.5567780664
 10
-104703.1593515459
 20
-148813.4067780664
 10
-105350.859351546
 20
-148813.4067780664
 10
-105354.0343515459
 20
-148810.2317780664
 10
-105354.0343515459
 20
-148365.7317780664
  0
TEXT
  5
3B7
330
17
100
AcDbEntity
  8
NUMBERS
100
AcDbText
 10
-105028.5968515459
 20
-148587.9817780664
 30
0.0
 40
80.0
  1
P-0199
 72
1
 11
-105028.5968515459
 21
-148587.9817780664
 31
0.0
100
AcDbText
 73
2
  0
LWPOLYLINE
  5
3B9
330
17
100
AcDbEntity
  8
OUTER
100
AcDbPolyline
 90
6
 70
1
 10
-115393.6050146453
 20
-132419.4170171527
 10
-114749.0800146453
 20
-132419.4170171527
 10
-114745.9050146453
 20
-132422.5920171527
 10
-114745.9050146453
 20
-132867.0920171527
 10
-114749.0800146453
 20
-132870.2670171527
 10
-115393.6050146453
 20
-132870.2670171527
  0
TEXT
  5
3BA
330
17
100
AcDbEntity
  8
NUMBERS
100
AcDbText
 10
-115069.7550146453
 20
-132644.8420171527
 30
0.0
 40
80.0
  1
P-0200
 72
1
 11
-115069.7550146453
 21
-132644.8420171527
 31
0.0
100
AcDbText
 73
2
  0
LWPOLYLINE
  5
3BC
330
17
100
AcDbEntity
  8
OUTER
100
AcDbPolyline
 90
6
 70
1
 10
-152123.3237160281
 20
-135389.8288632431
 10
-151478.7987160281
 20
-135389.8288632431
 10
-151478.7987160281
 20
-135840.6788632431
 10
-152123.3237160281
 20
-135840.6788632431
 10
-152126.4987160281
 20
-135837.5038632431
 10
-152126.4987160281
 20
-135393.003863243
  0
TEXT
  5
3BD
330
17
100
AcDbEntity
  8
NUMBERS
100
AcDbText
 10
-151802.64871602808
 20
-135615.2538632431
 30
0.0
 40
80.0
  1
P-0201
 72
1
 11
-151802.64871602808
 21
-135615.2538632431
 31
0.0
100
AcDbText
 73
2
  0
LWPOLYLINE
  5
3BF
330
17
100
AcDbEntity
  8
OUTER
100
AcDbPolyline
 90
6
 70
1
 10
-146383.7626235395
 20
-149766.9201325648
 10
-145739.2376235395
 20
-149766.9201325648
 10
-145736.0626235395
 20
-149770.0951325647
 10
-145736.0626235395
 20
-150214.5951325648
 10
-145739.2376235395
 20
-150217.7701325648
 10
-146383.7626235395
 20
-150217.7701325648
  0
TEXT
  5
3C0
330
17
100
AcDbEntity
  8
NUMBERS
100
AcDbText
 10
-146059.9126235395
 20
-149992.34513256478
 30
0.0
 40
80.0
  1
P-0202
 72
1
 11
-146059.9126235395
 21
-149992.34513256478
 31
0.0
100
AcDbText
 73
2
  0
LWPOLYLINE
  5
3C2
330
17
100
AcDbEntity
  8
OUTER
100
AcDbPolyline
 90
6
 70
1
 10
-136747.7106551247
 20
-146894.2378093952
 10
-136103.1856551247
 20
-146894.2378093952
 10
-136103.1856551247
 20
-147345.0878093952
 10
-136747.7106551247
 20
-147345.0878093952
 10
-136750.8856551247
 20
-147341.9128093953
 10
-136750.8856551247
 20
-146897.4128093952
  0
TEXT
  5
3C3
330
17
100
AcDbEntity
  8
NUMBERS
100
AcDbText
 10
-136427.0356551247
 20
-147119.6628093952
 30
0.0
 40
80.0
  1
P-0203
 72
1
 11
-136427.0356551247
 21
-147119.6628093952
 31
0.0
100
AcDbText
 73
2
  0
ENDSEC
  0
SECTION
  2
OBJECTS
  0
DICTIONARY
  5
A
330
0
100
AcDbDictionary
281
1
  3
ACAD_COLOR
350
B
  3
ACAD_GROUP
350
C
  3
ACAD_LAYOUT
350
D
  3
ACAD_MATERIAL
350
E
  3
ACAD_MLEADERSTYLE
350
F
  3
ACAD_MLINESTYLE
350
10
  3
ACAD_PLOTSETTINGS
350
11
  3
ACAD_PLOTSTYLENAME
350
12
  3
ACAD_SCALELIST
350
14
  3
ACAD_TABLESTYLE
350
15
  3
ACAD_VISUALSTYLE
350
16
  3
EZDXF_META
350
2D
  0
DICTIONARY
  5
B
330
A
100
AcDbDictionary
281
1
  0
DICTIONARY
  5
C
330
A
100
AcDbDictionary
281
1
  3
PART_P-0001
350
36
  3
PART_P-0002
350
3B
  3
PART_P-0003
350
40
  3
PART_P-0004
350
45
  3
PART_P-0005
350
4A
  3
PART_P-0006
350
4F
  3
PART_P-0007
350
54
  3
PART_P-0008
350
59
  3
PART_P-0009
350
5E
  3
PART_P-0010
350
61
  3
PART_P-0011
350
64
  3
PART_P-0012
350
67
  3
PART_P-0013
350
6A
  3
PART_P-0014
350
6D
  3
PART_P-0015
350
70
  3
PART_P-0016
350
73
  3
PART_P-0017
350
76
  3
PART_P-0018
350
79
  3
PART_P-0019
350
7C
  3
PART_P-0020
350
7F
  3
PART_P-0021
350
82
  3
PART_P-0022
350
85
  3
PART_P-0023
350
88
  3
PART_P-0024
350
8B
  3
PART_P-0025
350
8E
  3
PART_P-0026
350
91
  3
PART_P-0027
350
94
  3
PART_P-0028
350
97
  3
PART_P-0029
350
9A
  3
PART_P-0030
350
9D
  3
PART_P-0031
350
A0
  3
PART_P-0032
350
A3
  3
PART_P-0033
350
A6
  3
PART_P-0034
350
A9
  3
PART_P-0035
350
AC
  3
PART_P-0036
350
AF
  3
PART_P-0037
350
B2
  3
PART_P-0038
350
B5
  3
PART_P-0039
350
B8
  3
PART_P-0040
350
BB
  3
PART_P-0041
350
BE
  3
PART_P-0042
350
C1
  3
PART_P-0043
350
C4
  3
PART_P-0044
350
C7
  3
PART_P-0045
350
CA
  3
PART_P-0046
350
CD
  3
PART_P-0047
350
D0
  3
PART_P-0048
350
D3
  3
PART_P-0049
350
D6
  3
PART_P-0050
350
D9
  3
PART_P-0051
350
DC
  3
PART_P-0052
350
DF
  3
PART_P-0053
350
E2
  3
PART_P-0054
350
E5
  3
PART_P-0055
350
E8
  3
PART_P-0056
350
ED
  3
PART_P-0057
350
F2
  3
PART_P-0058
350
F7
  3
PART_P-0059
350
FC
  3
PART_P-0060
350
101
  3
PART_P-0061
350
106
  3
PART_P-0062
350
10B
  3
PART_P-0063
350
110
  3
PART_P-0064
350
115
  3
PART_P-0065
350
11A
  3
PART_P-0066
350
11F
  3
PART_P-0067
350
124
  3
PART_P-0068
350
129
  3
PART_P-0069
350
12E
  3
PART_P-0070
350
133
  3
PART_P-0071
350
138
  3
PART_P-0072
350
13D
  3
PART_P-0073
350
142
  3
PART_P-0074
350
147
  3
PART_P-0075
350
14C
  3
PART_P-0076
350
151
  3
PART_P-0077
350
156
  3
PART_P-0078
350
15B
  3
PART_P-0079
350
160
  3
PART_P-0080
350
165
  3
PART_P-0081
350
16A
  3
PART_P-0082
350
16F
  3
PART_P-0083
350
174
  3
PART_P-0084
350
179
  3
PART_P-0085
350
17E
  3
PART_P-0086
350
183
  3
PART_P-0087
350
188
  3
PART_P-0088
350
18D
  3
PART_P-0089
350
192
  3
PART_P-0090
350
197
  3
PART_P-0091
350
19C
  3
PART_P-0092
350
1A1
  3
PART_P-0093
350
1A4
  3
PART_P-0094
350
1A7
  3
PART_P-0095
350
1AA
  3
PART_P-0096
350
1AD
  3
PART_P-0097
350
1B0
  3
PART_P-0098
350
1B3
  3
PART_P-0099
350
1B6
  3
PART_P-0100
350
1B9
  3
PART_P-0101
350
1BC
  3
PART_P-0102
350
1BF
  3
PART_P-0103
350
1C2
  3
PART_P-0104
350
1C5
  3
PART_P-0105
350
1C8
  3
PART_P-0106
350
1CF
  3
PART_P-0107
350
1D6
  3
PART_P-0108
350
1DD
  3
PART_P-0109
350
1E4
  3
PART_P-0110
350
1EB
  3
PART_P-0111
350
1F2
  3
PART_P-0112
350
1F9
  3
PART_P-0113
350
200
  3
PART_P-0114
350
207
  3
PART_P-0115
350
20E
  3
PART_P-0116
350
215
  3
PART_P-0117
350
218
  3
PART_P-0118
350
21B
  3
PART_P-0119
350
21E
  3
PART_P-0120
350
221
  3
PART_P-0121
350
224
  3
PART_P-0122
350
227
  3
PART_P-0123
350
22A
  3
PART_P-0124
350
22D
  3
PART_P-0125
350
230
  3
PART_P-0126
350
233
  3
PART_P-0127
350
236
  3
PART_P-0128
350
239
  3
PART_P-0129
350
240
  3
PART_P-0130
350
247
  3
PART_P-0131
350
24E
  3
PART_P-0132
350
255
  3
PART_P-0133
350
25C
  3
PART_P-0134
350
263
  3
PART_P-0135
350
26A
  3
PART_P-0136
350
271
  3
PART_P-0137
350
278
  3
PART_P-0138
350
27F
  3
PART_P-0139
350
286
  3
PART_P-0140
350
28D
  3
PART_P-0141
350
294
  3
PART_P-0142
350
29B
  3
PART_P-0143
350
2A2
  3
PART_P-0144
350
2A9
  3
PART_P-0145
350
2B0
  3
PART_P-0146
350
2B7
  3
PART_P-0147
350
2BE
  3
PART_P-0148
350
2C5
  3
PART_P-0149
350
2CC
  3
PART_P-0150
350
2D3
  3
PART_P-0151
350
2DA
  3
PART_P-0152
350
2E1
  3
PART_P-0153
350
2E8
  3
PART_P-0154
350
2EF
  3
PART_P-0155
350
2F6
  3
PART_P-0156
350
2FB
  3
PART_P-0157
350
300
  3
PART_P-0158
350
305
  3
PART_P-0159
350
30A
  3
PART_P-0160
350
30F
  3
PART_P-0161
350
316
  3
PART_P-0162
350
31B
  3
PART_P-0163
350
320
  3
PART_P-0164
350
327
  3
PART_P-0165
350
32C
  3
PART_P-0166
350
333
  3
PART_P-0167
350
33A
  3
PART_P-0168
350
33F
  3
PART_P-0169
350
344
  3
PART_P-0170
350
349
  3
PART_P-0171
350
34E
  3
PART_P-0172
350
353
  3
PART_P-0173
350
358
  3
PART_P-0174
350
35D
  3
PART_P-0175
350
362
  3
PART_P-0176
350
367
  3
PART_P-0177
350
36C
  3
PART_P-0178
350
371
  3
PART_P-0179
350
376
  3
PART_P-0180
350
37B
  3
PART_P-0181
350
380
  3
PART_P-0182
350
385
  3
PART_P-0183
350
388
  3
PART_P-0184
350
38B
  3
PART_P-0185
350
38E
  3
PART_P-0186
350
391
  3
PART_P-0187
350
394
  3
PART_P-0188
350
397
  3
PART_P-0189
350
39A
  3
PART_P-0190
350
39D
  3
PART_P-0191
350
3A0
  3
PART_P-0192
350
3A3
  3
PART_P-0193
350
3A6
  3
PART_P-0194
350
3A9
  3
PART_P-0195
350
3AC
  3
PART_P-0196
350
3AF
  3
PART_P-0197
350
3B2
  3
PART_P-0198
350
3B5
  3
PART_P-0199
350
3B8
  3
PART_P-0200
350
3BB
  3
PART_P-0201
350
3BE
  3
PART_P-0202
350
3C1
  3
PART_P-0203
350
3C4
  0
DICTIONARY
  5
D
330
A
100
AcDbDictionary
281
1
  3
Model
350
1A
  3
Layout1
350
1E
  0
DICTIONARY
  5
E
330
A
100
AcDbDictionary
281
1
  3
ByBlock
350
1F
  3
ByLayer
350
20
  3
Global
350
21
  0
DICTIONARY
  5
F
330
A
100
AcDbDictionary
281
1
  3
Standard
350
2C
  0
DICTIONARY
  5
10
330
A
100
AcDbDictionary
281
1
  3
Standard
350
22
  0
DICTIONARY
  5
11
330
A
100
AcDbDictionary
281
1
  0
ACDBDICTIONARYWDFLT
  5
12
330
A
100
AcDbDictionary
281
1
  3
Normal
350
13
100
AcDbDictionaryWithDefault
340
13
  0
ACDBPLACEHOLDER
  5
13
330
12
  0
DICTIONARY
  5
14
330
A
100
AcDbDictionary
281
1
  0
DICTIONARY
  5
15
330
A
100
AcDbDictionary
281
1
  0
DICTIONARY
  5
16
330
A
100
AcDbDictionary
281
1
  0
LAYOUT
  5
1A
330
D
100
AcDbPlotSettings
  1

  4
A3
  6

 40
7.5
 41
20.0
 42
7.5
 43
20.0
 44
420.0
 45
297.0
 46
0.0
 47
0.0
 48
0.0
 49
0.0
140
0.0
141
0.0
142
1.0
143
1.0
 70
1024
 72
1
 73
0
 74
5
  7

 75
16
 76
0
 77
2
 78
300
147
1.0
148
0.0
149
0.0
100
AcDbLayout
  1
Model
 70
1
 71
0
 10
0.0
 20
0.0
 11
420.0
 21
297.0
 12
0.0
 22
0.0
 32
0.0
 14
1e+20
 24
1e+20
 34
1e+20
 15
-1e+20
 25
-1e+20
 35
-1e+20
146
0.0
 13
0.0
 23
0.0
 33
0.0
 16
1.0
 26
0.0
 36
0.0
 17
0.0
 27
1.0
 37
0.0
 76
1
330
17
  0
LAYOUT
  5
1E
330
D
100
AcDbPlotSettings
  1

  4
A3
  6

 40
7.5
 41
20.0
 42
7.5
 43
20.0
 44
420.0
 45
297.0
 46
0.0
 47
0.0
 48
0.0
 49
0.0
140
0.0
141
0.0
142
1.0
143
1.0
 70
0
 72
1
 73
0
 74
5
  7

 75
16
 76
0
 77
2
 78
300
147
1.0
148
0.0
149
0.0
100
AcDbLayout
  1
Layout1
 70
1
 71
1
 10
0.0
 20
0.0
 11
420.0
 21
297.0
 12
0.0
 22
0.0
 32
0.0
 14
1e+20
 24
1e+20
 34
1e+20
 15
-1e+20
 25
-1e+20
 35
-1e+20
146
0.0
 13
0.0
 23
0.0
 33
0.0
 16
1.0
 26
0.0
 36
0.0
 17
0.0
 27
1.0
 37
0.0
 76
1
330
1B
  0
MATERIAL
  5
1F
102
{ACAD_REACTORS
330
E
102
}
330
E
100
AcDbMaterial
  1
ByBlock
  2

 70
0
 40
1.0
 71
1
 41
1.0
 91
-1023410177
 42
1.0
 72
1
  3

 73
1
 74
1
 75
1
 44
0.5
 73
0
 45
1.0
 46
1.0
 77
1
  4

 78
1
 79
1
170
1
 48
1.0
171
1
  6

172
1
173
1
174
1
140
1.0
141
1.0
175
1
  7

176
1
177
1
178
1
143
1.0
179
1
  8

270
1
271
1
272
1
145
1.0
146
1.0
273
1
  9

274
1
275
1
276
1
 42
1.0
 72
1
  3

 73
1
 74
1
 75
1
 94
63
  0
MATERIAL
  5
20
102
{ACAD_REACTORS
330
E
102
}
330
E
100
AcDbMaterial
  1
ByLayer
  2

 70
0
 40
1.0
 71
1
 41
1.0
 91
-1023410177
 42
1.0
 72
1
  3

 73
1
 74
1
 75
1
 44
0.5
 73
0
 45
1.0
 46
1.0
 77
1
  4

 78
1
 79
1
170
1
 48
1.0
171
1
  6

172
1
173
1
174
1
140
1.0
141
1.0
175
1
  7

176
1
177
1
178
1
143
1.0
179
1
  8

270
1
271
1
272
1
145
1.0
146
1.0
273
1
  9

274
1
275
1
276
1
 42
1.0
 72
1
  3

 73
1
 74
1
 75
1
 94
63
  0
MATERIAL
  5
21
102
{ACAD_REACTORS
330
E
102
}
330
E
100
AcDbMaterial
  1
Global
  2

 70
0
 40
1.0
 71
1
 41
1.0
 91
-1023410177
 42
1.0
 72
1
  3

 73
1
 74
1
 75
1
 44
0.5
 73
0
 45
1.0
 46
1.0
 77
1
  4

 78
1
 79
1
170
1
 48
1.0
171
1
  6

172
1
173
1
174
1
140
1.0
141
1.0
175
1
  7

176
1
177
1
178
1
143
1.0
179
1
  8

270
1
271
1
272
1
145
1.0
146
1.0
273
1
  9

274
1
275
1
276
1
 42
1.0
 72
1
  3

 73
1
 74
1
 75
1
 94
63
  0
MLINESTYLE
  5
22
102
{ACAD_REACTORS
330
10
102
}
330
10
100
AcDbMlineStyle
  2
Standard
 70
0
  3

 62
256
 51
90.0
 52
90.0
 71
2
 49
0.5
 62
256
  6
BYLAYER
 49
-0.5
 62
256
  6
BYLAYER
  0
MLEADERSTYLE
  5
2C
102
{ACAD_REACTORS
330
F
102
}
330
F
100
AcDbMLeaderStyle
179
2
170
2
171
1
172
0
 90
2
 40
0.0
 41
0.0
173
1
 91
-1056964608
 92
-2
290
1
 42
2.0
291
1
 43
8.0
  3
Standard
 44
4.0
300

342
29
174
1
175
1
176
0
178
1
 93
-1056964608
 45
4.0
292
0
297
0
 46
4.0
 94
-1056964608
 47
1.0
 49
1.0
140
1.0
294
1
141
0.0
177
0
142
1.0
295
0
296
0
143
3.75
271
0
272
9
273
9
  0
DICTIONARY
  5
2D
330
A
100
AcDbDictionary
280
1
281
1
  3
CREATED_BY_EZDXF
350
2E
  3
WRITTEN_BY_EZDXF
350
3C7
  0
DICTIONARYVAR
  5
2E
330
2D
100
DictionaryVariables
280
0
  1
1.4.4 @ 2026-08-03T14:38:46.205225+00:00
  0
GROUP
  5
36
102
{ACAD_REACTORS
330
C
102
}
330
C
100
AcDbGroup
300
[<class 'ezdxf.entities.lwpolyline.LWPolyline'> LWPOLYLINE(#32), <class 'ezdxf.entities.lwpolyline.LWPolyline'> LWPOLYLINE(#33), <class 'ezdxf.entities.circle.Circle'> CIRCLE(#34), <class 'ezdxf.entities.text.Text'> TEXT(#35)]
 70
0
 71
1
  0
GROUP
  5
3B
102
{ACAD_REACTORS
330
C
102
}
330
C
100
AcDbGroup
300
[<class 'ezdxf.entities.lwpolyline.LWPolyline'> LWPOLYLINE(#37), <class 'ezdxf.entities.lwpolyline.LWPolyline'> LWPOLYLINE(#38), <class 'ezdxf.entities.circle.Circle'> CIRCLE(#39), <class 'ezdxf.entities.text.Text'> TEXT(#3A)]
 70
0
 71
1
  0
GROUP
  5
40
102
{ACAD_REACTORS
330
C
102
}
330
C
100
AcDbGroup
300
[<class 'ezdxf.entities.lwpolyline.LWPolyline'> LWPOLYLINE(#3C), <class 'ezdxf.entities.lwpolyline.LWPolyline'> LWPOLYLINE(#3D), <class 'ezdxf.entities.circle.Circle'> CIRCLE(#3E), <class 'ezdxf.entities.text.Text'> TEXT(#3F)]
 70
0
 71
1
  0
GROUP
  5
45
102
{ACAD_REACTORS
330
C
102
}
330
C
100
AcDbGroup
300
[<class 'ezdxf.entities.lwpolyline.LWPolyline'> LWPOLYLINE(#41), <class 'ezdxf.entities.lwpolyline.LWPolyline'> LWPOLYLINE(#42), <class 'ezdxf.entities.circle.Circle'> CIRCLE(#43), <class 'ezdxf.entities.text.Text'> TEXT(#44)]
 70
0
 71
1
  0
GROUP
  5
4A
102
{ACAD_REACTORS
330
C
102
}
330
C
100
AcDbGroup
300
[<class 'ezdxf.entities.lwpolyline.LWPolyline'> LWPOLYLINE(#46), <class 'ezdxf.entities.lwpolyline.LWPolyline'> LWPOLYLINE(#47), <class 'ezdxf.entities.circle.Circle'> CIRCLE(#48), <class 'ezdxf.entities.text.Text'> TEXT(#49)]
 70
0
 71
1
  0
GROUP
  5
4F
102
{ACAD_REACTORS
330
C
102
}
330
C
100
AcDbGroup
300
[<class 'ezdxf.entities.lwpolyline.LWPolyline'> LWPOLYLINE(#4B), <class 'ezdxf.entities.lwpolyline.LWPolyline'> LWPOLYLINE(#4C), <class 'ezdxf.entities.circle.Circle'> CIRCLE(#4D), <class 'ezdxf.entities.text.Text'> TEXT(#4E)]
 70
0
 71
1
  0
GROUP
  5
54
102
{ACAD_REACTORS
330
C
102
}
330
C
100
AcDbGroup
300
[<class 'ezdxf.entities.lwpolyline.LWPolyline'> LWPOLYLINE(#50), <class 'ezdxf.entities.lwpolyline.LWPolyline'> LWPOLYLINE(#51), <class 'ezdxf.entities.circle.Circle'> CIRCLE(#52), <class 'ezdxf.entities.text.Text'> TEXT(#53)]
 70
0
 71
1
  0
GROUP
  5
59
102
{ACAD_REACTORS
330
C
102
}
330
C
100
AcDbGroup
300
[<class 'ezdxf.entities.lwpolyline.LWPolyline'> LWPOLYLINE(#55), <class 'ezdxf.entities.lwpolyline.LWPolyline'> LWPOLYLINE(#56), <class 'ezdxf.entities.circle.Circle'> CIRCLE(#57), <class 'ezdxf.entities.text.Text'> TEXT(#58)]
 70
0
 71
1
  0
GROUP
  5
5E
102
{ACAD_REACTORS
330
C
102
}
330
C
100
AcDbGroup
300
[<class 'ezdxf.entities.lwpolyline.LWPolyline'> LWPOLYLINE(#5A), <class 'ezdxf.entities.lwpolyline.LWPolyline'> LWPOLYLINE(#5B), <class 'ezdxf.entities.circle.Circle'> CIRCLE(#5C), <class 'ezdxf.entities.text.Text'> TEXT(#5D)]
 70
0
 71
1
  0
GROUP
  5
61
102
{ACAD_REACTORS
330
C
102
}
330
C
100
AcDbGroup
300
[<class 'ezdxf.entities.lwpolyline.LWPolyline'> LWPOLYLINE(#5F), <class 'ezdxf.entities.text.Text'> TEXT(#60)]
 70
0
 71
1
  0
GROUP
  5
64
102
{ACAD_REACTORS
330
C
102
}
330
C
100
AcDbGroup
300
[<class 'ezdxf.entities.lwpolyline.LWPolyline'> LWPOLYLINE(#62), <class 'ezdxf.entities.text.Text'> TEXT(#63)]
 70
0
 71
1
  0
GROUP
  5
67
102
{ACAD_REACTORS
330
C
102
}
330
C
100
AcDbGroup
300
[<class 'ezdxf.entities.lwpolyline.LWPolyline'> LWPOLYLINE(#65), <class 'ezdxf.entities.text.Text'> TEXT(#66)]
 70
0
 71
1
  0
GROUP
  5
6A
102
{ACAD_REACTORS
330
C
102
}
330
C
100
AcDbGroup
300
[<class 'ezdxf.entities.lwpolyline.LWPolyline'> LWPOLYLINE(#68), <class 'ezdxf.entities.text.Text'> TEXT(#69)]
 70
0
 71
1
  0
GROUP
  5
6D
102
{ACAD_REACTORS
330
C
102
}
330
C
100
AcDbGroup
300
[<class 'ezdxf.entities.lwpolyline.LWPolyline'> LWPOLYLINE(#6B), <class 'ezdxf.entities.text.Text'> TEXT(#6C)]
 70
0
 71
1
  0
GROUP
  5
70
102
{ACAD_REACTORS
330
C
102
}
330
C
100
AcDbGroup
300
[<class 'ezdxf.entities.lwpolyline.LWPolyline'> LWPOLYLINE(#6E), <class 'ezdxf.entities.text.Text'> TEXT(#6F)]
 70
0
 71
1
  0
GROUP
  5
73
102
{ACAD_REACTORS
330
C
102
}
330
C
100
AcDbGroup
300
[<class 'ezdxf.entities.lwpolyline.LWPolyline'> LWPOLYLINE(#71), <class 'ezdxf.entities.text.Text'> TEXT(#72)]
 70
0
 71
1
  0
GROUP
  5
76
102
{ACAD_REACTORS
330
C
102
}
330
C
100
AcDbGroup
300
[<class 'ezdxf.entities.lwpolyline.LWPolyline'> LWPOLYLINE(#74), <class 'ezdxf.entities.text.Text'> TEXT(#75)]
 70
0
 71
1
  0
GROUP
  5
79
102
{ACAD_REACTORS
330
C
102
}
330
C
100
AcDbGroup
300
[<class 'ezdxf.entities.lwpolyline.LWPolyline'> LWPOLYLINE(#77), <class 'ezdxf.entities.text.Text'> TEXT(#78)]
 70
0
 71
1
  0
GROUP
  5
7C
102
{ACAD_REACTORS
330
C
102
}
330
C
100
AcDbGroup
300
[<class 'ezdxf.entities.lwpolyline.LWPolyline'> LWPOLYLINE(#7A), <class 'ezdxf.entities.text.Text'> TEXT(#7B)]
 70
0
 71
1
  0
GROUP
  5
7F
102
{ACAD_REACTORS
330
C
102
}
330
C
100
AcDbGroup
300
[<class 'ezdxf.entities.lwpolyline.LWPolyline'> LWPOLYLINE(#7D), <class 'ezdxf.entities.text.Text'> TEXT(#7E)]
 70
0
 71
1
  0
GROUP
  5
82
102
{ACAD_REACTORS
330
C
102
}
330
C
100
AcDbGroup
300
[<class 'ezdxf.entities.lwpolyline.LWPolyline'> LWPOLYLINE(#80), <class 'ezdxf.entities.text.Text'> TEXT(#81)]
 70
0
 71
1
  0
GROUP
  5
85
102
{ACAD_REACTORS
330
C
102
}
330
C
100
AcDbGroup
300
[<class 'ezdxf.entities.lwpolyline.LWPolyline'> LWPOLYLINE(#83), <class 'ezdxf.entities.text.Text'> TEXT(#84)]
 70
0
 71
1
  0
GROUP
  5
88
102
{ACAD_REACTORS
330
C
102
}
330
C
100
AcDbGroup
300
[<class 'ezdxf.entities.lwpolyline.LWPolyline'> LWPOLYLINE(#86), <class 'ezdxf.entities.text.Text'> TEXT(#87)]
 70
0
 71
1
  0
GROUP
  5
8B
102
{ACAD_REACTORS
330
C
102
}
330
C
100
AcDbGroup
300
[<class 'ezdxf.entities.lwpolyline.LWPolyline'> LWPOLYLINE(#89), <class 'ezdxf.entities.text.Text'> TEXT(#8A)]
 70
0
 71
1
  0
GROUP
  5
8E
102
{ACAD_REACTORS
330
C
102
}
330
C
100
AcDbGroup
300
[<class 'ezdxf.entities.lwpolyline.LWPolyline'> LWPOLYLINE(#8C), <class 'ezdxf.entities.text.Text'> TEXT(#8D)]
 70
0
 71
1
  0
GROUP
  5
91
102
{ACAD_REACTORS
330
C
102
}
330
C
100
AcDbGroup
300
[<class 'ezdxf.entities.lwpolyline.LWPolyline'> LWPOLYLINE(#8F), <class 'ezdxf.entities.text.Text'> TEXT(#90)]
 70
0
 71
1
  0
GROUP
  5
94
102
{ACAD_REACTORS
330
C
102
}
330
C
100
AcDbGroup
300
[<class 'ezdxf.entities.lwpolyline.LWPolyline'> LWPOLYLINE(#92), <class 'ezdxf.entities.text.Text'> TEXT(#93)]
 70
0
 71
1
  0
GROUP
  5
97
102
{ACAD_REACTORS
330
C
102
}
330
C
100
AcDbGroup
300
[<class 'ezdxf.entities.lwpolyline.LWPolyline'> LWPOLYLINE(#95), <class 'ezdxf.entities.text.Text'> TEXT(#96)]
 70
0
 71
1
  0
GROUP
  5
9A
102
{ACAD_REACTORS
330
C
102
}
330
C
100
AcDbGroup
300
[<class 'ezdxf.entities.lwpolyline.LWPolyline'> LWPOLYLINE(#98), <class 'ezdxf.entities.text.Text'> TEXT(#99)]
 70
0
 71
1
  0
GROUP
  5
9D
102
{ACAD_REACTORS
330
C
102
}
330
C
100
AcDbGroup
300
[<class 'ezdxf.entities.lwpolyline.LWPolyline'> LWPOLYLINE(#9B), <class 'ezdxf.entities.text.Text'> TEXT(#9C)]
 70
0
 71
1
  0
GROUP
  5
A0
102
{ACAD_REACTORS
330
C
102
}
330
C
100
AcDbGroup
300
[<class 'ezdxf.entities.lwpolyline.LWPolyline'> LWPOLYLINE(#9E), <class 'ezdxf.entities.text.Text'> TEXT(#9F)]
 70
0
 71
1
  0
GROUP
  5
A3
102
{ACAD_REACTORS
330
C
102
}
330
C
100
AcDbGroup
300
[<class 'ezdxf.entities.lwpolyline.LWPolyline'> LWPOLYLINE(#A1), <class 'ezdxf.entities.text.Text'> TEXT(#A2)]
 70
0
 71
1
  0
GROUP
  5
A6
102
{ACAD_REACTORS
330
C
102
}
330
C
100
AcDbGroup
300
[<class 'ezdxf.entities.lwpolyline.LWPolyline'> LWPOLYLINE(#A4), <class 'ezdxf.entities.text.Text'> TEXT(#A5)]
 70
0
 71
1
  0
GROUP
  5
A9
102
{ACAD_REACTORS
330
C
102
}
330
C
100
AcDbGroup
300
[<class 'ezdxf.entities.lwpolyline.LWPolyline'> LWPOLYLINE(#A7), <class 'ezdxf.entities.text.Text'> TEXT(#A8)]
 70
0
 71
1
  0
GROUP
  5
AC
102
{ACAD_REACTORS
330
C
102
}
330
C
100
AcDbGroup
300
[<class 'ezdxf.entities.lwpolyline.LWPolyline'> LWPOLYLINE(#AA), <class 'ezdxf.entities.text.Text'> TEXT(#AB)]
 70
0
 71
1
  0
GROUP
  5
AF
102
{ACAD_REACTORS
330
C
102
}
330
C
100
AcDbGroup
300
[<class 'ezdxf.entities.lwpolyline.LWPolyline'> LWPOLYLINE(#AD), <class 'ezdxf.entities.text.Text'> TEXT(#AE)]
 70
0
 71
1
  0
GROUP
  5
B2
102
{ACAD_REACTORS
330
C
102
}
330
C
100
AcDbGroup
300
[<class 'ezdxf.entities.lwpolyline.LWPolyline'> LWPOLYLINE(#B0), <class 'ezdxf.entities.text.Text'> TEXT(#B1)]
 70
0
 71
1
  0
GROUP
  5
B5
102
{ACAD_REACTORS
330
C
102
}
330
C
100
AcDbGroup
300
[<class 'ezdxf.entities.lwpolyline.LWPolyline'> LWPOLYLINE(#B3), <class 'ezdxf.entities.text.Text'> TEXT(#B4)]
 70
0
 71
1
  0
GROUP
  5
B8
102
{ACAD_REACTORS
330
C
102
}
330
C
100
AcDbGroup
300
[<class 'ezdxf.entities.lwpolyline.LWPolyline'> LWPOLYLINE(#B6), <class 'ezdxf.entities.text.Text'> TEXT(#B7)]
 70
0
 71
1
  0
GROUP
  5
BB
102
{ACAD_REACTORS
330
C
102
}
330
C
100
AcDbGroup
300
[<class 'ezdxf.entities.lwpolyline.LWPolyline'> LWPOLYLINE(#B9), <class 'ezdxf.entities.text.Text'> TEXT(#BA)]
 70
0
 71
1
  0
GROUP
  5
BE
102
{ACAD_REACTORS
330
C
102
}
330
C
100
AcDbGroup
300
[<class 'ezdxf.entities.lwpolyline.LWPolyline'> LWPOLYLINE(#BC), <class 'ezdxf.entities.text.Text'> TEXT(#BD)]
 70
0
 71
1
  0
GROUP
  5
C1
102
{ACAD_REACTORS
330
C
102
}
330
C
100
AcDbGroup
300
[<class 'ezdxf.entities.lwpolyline.LWPolyline'> LWPOLYLINE(#BF), <class 'ezdxf.entities.text.Text'> TEXT(#C0)]
 70
0
 71
1
  0
GROUP
  5
C4
102
{ACAD_REACTORS
330
C
102
}
330
C
100
AcDbGroup
300
[<class 'ezdxf.entities.lwpolyline.LWPolyline'> LWPOLYLINE(#C2), <class 'ezdxf.entities.text.Text'> TEXT(#C3)]
 70
0
 71
1
  0
GROUP
  5
C7
102
{ACAD_REACTORS
330
C
102
}
330
C
100
AcDbGroup
300
[<class 'ezdxf.entities.lwpolyline.LWPolyline'> LWPOLYLINE(#C5), <class 'ezdxf.entities.text.Text'> TEXT(#C6)]
 70
0
 71
1
  0
GROUP
  5
CA
102
{ACAD_REACTORS
330
C
102
}
330
C
100
AcDbGroup
300
[<class 'ezdxf.entities.lwpolyline.LWPolyline'> LWPOLYLINE(#C8), <class 'ezdxf.entities.text.Text'> TEXT(#C9)]
 70
0
 71
1
  0
GROUP
  5
CD
102
{ACAD_REACTORS
330
C
102
}
330
C
100
AcDbGroup
300
[<class 'ezdxf.entities.lwpolyline.LWPolyline'> LWPOLYLINE(#CB), <class 'ezdxf.entities.text.Text'> TEXT(#CC)]
 70
0
 71
1
  0
GROUP
  5
D0
102
{ACAD_REACTORS
330
C
102
}
330
C
100
AcDbGroup
300
[<class 'ezdxf.entities.lwpolyline.LWPolyline'> LWPOLYLINE(#CE), <class 'ezdxf.entities.text.Text'> TEXT(#CF)]
 70
0
 71
1
  0
GROUP
  5
D3
102
{ACAD_REACTORS
330
C
102
}
330
C
100
AcDbGroup
300
[<class 'ezdxf.entities.lwpolyline.LWPolyline'> LWPOLYLINE(#D1), <class 'ezdxf.entities.text.Text'> TEXT(#D2)]
 70
0
 71
1
  0
GROUP
  5
D6
102
{ACAD_REACTORS
330
C
102
}
330
C
100
AcDbGroup
300
[<class 'ezdxf.entities.lwpolyline.LWPolyline'> LWPOLYLINE(#D4), <class 'ezdxf.entities.text.Text'> TEXT(#D5)]
 70
0
 71
1
  0
GROUP
  5
D9
102
{ACAD_REACTORS
330
C
102
}
330
C
100
AcDbGroup
300
[<class 'ezdxf.entities.lwpolyline.LWPolyline'> LWPOLYLINE(#D7), <class 'ezdxf.entities.text.Text'> TEXT(#D8)]
 70
0
 71
1
  0
GROUP
  5
DC
102
{ACAD_REACTORS
330
C
102
}
330
C
100
AcDbGroup
300
[<class 'ezdxf.entities.lwpolyline.LWPolyline'> LWPOLYLINE(#DA), <class 'ezdxf.entities.text.Text'> TEXT(#DB)]
 70
0
 71
1
  0
GROUP
  5
DF
102
{ACAD_REACTORS
330
C
102
}
330
C
100
AcDbGroup
300
[<class 'ezdxf.entities.lwpolyline.LWPolyline'> LWPOLYLINE(#DD), <class 'ezdxf.entities.text.Text'> TEXT(#DE)]
 70
0
 71
1
  0
GROUP
  5
E2
102
{ACAD_REACTORS
330
C
102
}
330
C
100
AcDbGroup
300
[<class 'ezdxf.entities.lwpolyline.LWPolyline'> LWPOLYLINE(#E0), <class 'ezdxf.entities.text.Text'> TEXT(#E1)]
 70
0
 71
1
  0
GROUP
  5
E5
102
{ACAD_REACTORS
330
C
102
}
330
C
100
AcDbGroup
300
[<class 'ezdxf.entities.lwpolyline.LWPolyline'> LWPOLYLINE(#E3), <class 'ezdxf.entities.text.Text'> TEXT(#E4)]
 70
0
 71
1
  0
GROUP
  5
E8
102
{ACAD_REACTORS
330
C
102
}
330
C
100
AcDbGroup
300
[<class 'ezdxf.entities.lwpolyline.LWPolyline'> LWPOLYLINE(#E6), <class 'ezdxf.entities.text.Text'> TEXT(#E7)]
 70
0
 71
1
  0
GROUP
  5
ED
102
{ACAD_REACTORS
330
C
102
}
330
C
100
AcDbGroup
300
[<class 'ezdxf.entities.lwpolyline.LWPolyline'> LWPOLYLINE(#E9), <class 'ezdxf.entities.lwpolyline.LWPolyline'> LWPOLYLINE(#EA), <class 'ezdxf.entities.circle.Circle'> CIRCLE(#EB), <class 'ezdxf.entities.text.Text'> TEXT(#EC)]
 70
0
 71
1
  0
GROUP
  5
F2
102
{ACAD_REACTORS
330
C
102
}
330
C
100
AcDbGroup
300
[<class 'ezdxf.entities.lwpolyline.LWPolyline'> LWPOLYLINE(#EE), <class 'ezdxf.entities.lwpolyline.LWPolyline'> LWPOLYLINE(#EF), <class 'ezdxf.entities.circle.Circle'> CIRCLE(#F0), <class 'ezdxf.entities.text.Text'> TEXT(#F1)]
 70
0
 71
1
  0
GROUP
  5
F7
102
{ACAD_REACTORS
330
C
102
}
330
C
100
AcDbGroup
300
[<class 'ezdxf.entities.lwpolyline.LWPolyline'> LWPOLYLINE(#F3), <class 'ezdxf.entities.lwpolyline.LWPolyline'> LWPOLYLINE(#F4), <class 'ezdxf.entities.circle.Circle'> CIRCLE(#F5), <class 'ezdxf.entities.text.Text'> TEXT(#F6)]
 70
0
 71
1
  0
GROUP
  5
FC
102
{ACAD_REACTORS
330
C
102
}
330
C
100
AcDbGroup
300
[<class 'ezdxf.entities.lwpolyline.LWPolyline'> LWPOLYLINE(#F8), <class 'ezdxf.entities.lwpolyline.LWPolyline'> LWPOLYLINE(#F9), <class 'ezdxf.entities.circle.Circle'> CIRCLE(#FA), <class 'ezdxf.entities.text.Text'> TEXT(#FB)]
 70
0
 71
1
  0
GROUP
  5
101
102
{ACAD_REACTORS
330
C
102
}
330
C
100
AcDbGroup
300
[<class 'ezdxf.entities.lwpolyline.LWPolyline'> LWPOLYLINE(#FD), <class 'ezdxf.entities.lwpolyline.LWPolyline'> LWPOLYLINE(#FE), <class 'ezdxf.entities.circle.Circle'> CIRCLE(#FF), <class 'ezdxf.entities.text.Text'> TEXT(#100)]
 70
0
 71
1
  0
GROUP
  5
106
102
{ACAD_REACTORS
330
C
102
}
330
C
100
AcDbGroup
300
[<class 'ezdxf.entities.lwpolyline.LWPolyline'> LWPOLYLINE(#102), <class 'ezdxf.entities.lwpolyline.LWPolyline'> LWPOLYLINE(#103), <class 'ezdxf.entities.circle.Circle'> CIRCLE(#104), <class 'ezdxf.entities.text.Text'> TEXT(#105)]
 70
0
 71
1
  0
GROUP
  5
10B
102
{ACAD_REACTORS
330
C
102
}
330
C
100
AcDbGroup
300
[<class 'ezdxf.entities.lwpolyline.LWPolyline'> LWPOLYLINE(#107), <class 'ezdxf.entities.lwpolyline.LWPolyline'> LWPOLYLINE(#108), <class 'ezdxf.entities.circle.Circle'> CIRCLE(#109), <class 'ezdxf.entities.text.Text'> TEXT(#10A)]
 70
0
 71
1
  0
GROUP
  5
110
102
{ACAD_REACTORS
330
C
102
}
330
C
100
AcDbGroup
300
[<class 'ezdxf.entities.lwpolyline.LWPolyline'> LWPOLYLINE(#10C), <class 'ezdxf.entities.lwpolyline.LWPolyline'> LWPOLYLINE(#10D), <class 'ezdxf.entities.circle.Circle'> CIRCLE(#10E), <class 'ezdxf.entities.text.Text'> TEXT(#10F)]
 70
0
 71
1
  0
GROUP
  5
115
102
{ACAD_REACTORS
330
C
102
}
330
C
100
AcDbGroup
300
[<class 'ezdxf.entities.lwpolyline.LWPolyline'> LWPOLYLINE(#111), <class 'ezdxf.entities.lwpolyline.LWPolyline'> LWPOLYLINE(#112), <class 'ezdxf.entities.circle.Circle'> CIRCLE(#113), <class 'ezdxf.entities.text.Text'> TEXT(#114)]
 70
0
 71
1
  0
GROUP
  5
11A
102
{ACAD_REACTORS
330
C
102
}
330
C
100
AcDbGroup
300
[<class 'ezdxf.entities.lwpolyline.LWPolyline'> LWPOLYLINE(#116), <class 'ezdxf.entities.lwpolyline.LWPolyline'> LWPOLYLINE(#117), <class 'ezdxf.entities.circle.Circle'> CIRCLE(#118), <class 'ezdxf.entities.text.Text'> TEXT(#119)]
 70
0
 71
1
  0
GROUP
  5
11F
102
{ACAD_REACTORS
330
C
102
}
330
C
100
AcDbGroup
300
[<class 'ezdxf.entities.lwpolyline.LWPolyline'> LWPOLYLINE(#11B), <class 'ezdxf.entities.lwpolyline.LWPolyline'> LWPOLYLINE(#11C), <class 'ezdxf.entities.circle.Circle'> CIRCLE(#11D), <class 'ezdxf.entities.text.Text'> TEXT(#11E)]
 70
0
 71
1
  0
GROUP
  5
124
102
{ACAD_REACTORS
330
C
102
}
330
C
100
AcDbGroup
300
[<class 'ezdxf.entities.lwpolyline.LWPolyline'> LWPOLYLINE(#120), <class 'ezdxf.entities.lwpolyline.LWPolyline'> LWPOLYLINE(#121), <class 'ezdxf.entities.circle.Circle'> CIRCLE(#122), <class 'ezdxf.entities.text.Text'> TEXT(#123)]
 70
0
 71
1
  0
GROUP
  5
129
102
{ACAD_REACTORS
330
C
102
}
330
C
100
AcDbGroup
300
[<class 'ezdxf.entities.lwpolyline.LWPolyline'> LWPOLYLINE(#125), <class 'ezdxf.entities.lwpolyline.LWPolyline'> LWPOLYLINE(#126), <class 'ezdxf.entities.circle.Circle'> CIRCLE(#127), <class 'ezdxf.entities.text.Text'> TEXT(#128)]
 70
0
 71
1
  0
GROUP
  5
12E
102
{ACAD_REACTORS
330
C
102
}
330
C
100
AcDbGroup
300
[<class 'ezdxf.entities.lwpolyline.LWPolyline'> LWPOLYLINE(#12A), <class 'ezdxf.entities.lwpolyline.LWPolyline'> LWPOLYLINE(#12B), <class 'ezdxf.entities.circle.Circle'> CIRCLE(#12C), <class 'ezdxf.entities.text.Text'> TEXT(#12D)]
 70
0
 71
1
  0
GROUP
  5
133
102
{ACAD_REACTORS
330
C
102
}
330
C
100
AcDbGroup
300
[<class 'ezdxf.entities.lwpolyline.LWPolyline'> LWPOLYLINE(#12F), <class 'ezdxf.entities.lwpolyline.LWPolyline'> LWPOLYLINE(#130), <class 'ezdxf.entities.circle.Circle'> CIRCLE(#131), <class 'ezdxf.entities.text.Text'> TEXT(#132)]
 70
0
 71
1
  0
GROUP
  5
138
102
{ACAD_REACTORS
330
C
102
}
330
C
100
AcDbGroup
300
[<class 'ezdxf.entities.lwpolyline.LWPolyline'> LWPOLYLINE(#134), <class 'ezdxf.entities.lwpolyline.LWPolyline'> LWPOLYLINE(#135), <class 'ezdxf.entities.circle.Circle'> CIRCLE(#136), <class 'ezdxf.entities.text.Text'> TEXT(#137)]
 70
0
 71
1
  0
GROUP
  5
13D
102
{ACAD_REACTORS
330
C
102
}
330
C
100
AcDbGroup
300
[<class 'ezdxf.entities.lwpolyline.LWPolyline'> LWPOLYLINE(#139), <class 'ezdxf.entities.lwpolyline.LWPolyline'> LWPOLYLINE(#13A), <class 'ezdxf.entities.circle.Circle'> CIRCLE(#13B), <class 'ezdxf.entities.text.Text'> TEXT(#13C)]
 70
0
 71
1
  0
GROUP
  5
142
102
{ACAD_REACTORS
330
C
102
}
330
C
100
AcDbGroup
300
[<class 'ezdxf.entities.lwpolyline.LWPolyline'> LWPOLYLINE(#13E), <class 'ezdxf.entities.lwpolyline.LWPolyline'> LWPOLYLINE(#13F), <class 'ezdxf.entities.circle.Circle'> CIRCLE(#140), <class 'ezdxf.entities.text.Text'> TEXT(#141)]
 70
0
 71
1
  0
GROUP
  5
147
102
{ACAD_REACTORS
330
C
102
}
330
C
100
AcDbGroup
300
[<class 'ezdxf.entities.lwpolyline.LWPolyline'> LWPOLYLINE(#143), <class 'ezdxf.entities.lwpolyline.LWPolyline'> LWPOLYLINE(#144), <class 'ezdxf.entities.circle.Circle'> CIRCLE(#145), <class 'ezdxf.entities.text.Text'> TEXT(#146)]
 70
0
 71
1
  0
GROUP
  5
14C
102
{ACAD_REACTORS
330
C
102
}
330
C
100
AcDbGroup
300
[<class 'ezdxf.entities.lwpolyline.LWPolyline'> LWPOLYLINE(#148), <class 'ezdxf.entities.lwpolyline.LWPolyline'> LWPOLYLINE(#149), <class 'ezdxf.entities.circle.Circle'> CIRCLE(#14A), <class 'ezdxf.entities.text.Text'> TEXT(#14B)]
 70
0
 71
1
  0
GROUP
  5
151
102
{ACAD_REACTORS
330
C
102
}
330
C
100
AcDbGroup
300
[<class 'ezdxf.entities.lwpolyline.LWPolyline'> LWPOLYLINE(#14D), <class 'ezdxf.entities.lwpolyline.LWPolyline'> LWPOLYLINE(#14E), <class 'ezdxf.entities.circle.Circle'> CIRCLE(#14F), <class 'ezdxf.entities.text.Text'> TEXT(#150)]
 70
0
 71
1
  0
GROUP
  5
156
102
{ACAD_REACTORS
330
C
102
}
330
C
100
AcDbGroup
300
[<class 'ezdxf.entities.lwpolyline.LWPolyline'> LWPOLYLINE(#152), <class 'ezdxf.entities.lwpolyline.LWPolyline'> LWPOLYLINE(#153), <class 'ezdxf.entities.circle.Circle'> CIRCLE(#154), <class 'ezdxf.entities.text.Text'> TEXT(#155)]
 70
0
 71
1
  0
GROUP
  5
15B
102
{ACAD_REACTORS
330
C
102
}
330
C
100
AcDbGroup
300
[<class 'ezdxf.entities.lwpolyline.LWPolyline'> LWPOLYLINE(#157), <class 'ezdxf.entities.lwpolyline.LWPolyline'> LWPOLYLINE(#158), <class 'ezdxf.entities.circle.Circle'> CIRCLE(#159), <class 'ezdxf.entities.text.Text'> TEXT(#15A)]
 70
0
 71
1
  0
GROUP
  5
160
102
{ACAD_REACTORS
330
C
102
}
330
C
100
AcDbGroup
300
[<class 'ezdxf.entities.lwpolyline.LWPolyline'> LWPOLYLINE(#15C), <class 'ezdxf.entities.lwpolyline.LWPolyline'> LWPOLYLINE(#15D), <class 'ezdxf.entities.circle.Circle'> CIRCLE(#15E), <class 'ezdxf.entities.text.Text'> TEXT(#15F)]
 70
0
 71
1
  0
GROUP
  5
165
102
{ACAD_REACTORS
330
C
102
}
330
C
100
AcDbGroup
300
[<class 'ezdxf.entities.lwpolyline.LWPolyline'> LWPOLYLINE(#161), <class 'ezdxf.entities.lwpolyline.LWPolyline'> LWPOLYLINE(#162), <class 'ezdxf.entities.circle.Circle'> CIRCLE(#163), <class 'ezdxf.entities.text.Text'> TEXT(#164)]
 70
0
 71
1
  0
GROUP
  5
16A
102
{ACAD_REACTORS
330
C
102
}
330
C
100
AcDbGroup
300
[<class 'ezdxf.entities.lwpolyline.LWPolyline'> LWPOLYLINE(#166), <class 'ezdxf.entities.lwpolyline.LWPolyline'> LWPOLYLINE(#167), <class 'ezdxf.entities.circle.Circle'> CIRCLE(#168), <class 'ezdxf.entities.text.Text'> TEXT(#169)]
 70
0
 71
1
  0
GROUP
  5
16F
102
{ACAD_REACTORS
330
C
102
}
330
C
100
AcDbGroup
300
[<class 'ezdxf.entities.lwpolyline.LWPolyline'> LWPOLYLINE(#16B), <class 'ezdxf.entities.lwpolyline.LWPolyline'> LWPOLYLINE(#16C), <class 'ezdxf.entities.circle.Circle'> CIRCLE(#16D), <class 'ezdxf.entities.text.Text'> TEXT(#16E)]
 70
0
 71
1
  0
GROUP
  5
174
102
{ACAD_REACTORS
330
C
102
}
330
C
100
AcDbGroup
300
[<class 'ezdxf.entities.lwpolyline.LWPolyline'> LWPOLYLINE(#170), <class 'ezdxf.entities.lwpolyline.LWPolyline'> LWPOLYLINE(#171), <class 'ezdxf.entities.circle.Circle'> CIRCLE(#172), <class 'ezdxf.entities.text.Text'> TEXT(#173)]
 70
0
 71
1
  0
GROUP
  5
179
102
{ACAD_REACTORS
330
C
102
}
330
C
100
AcDbGroup
300
[<class 'ezdxf.entities.lwpolyline.LWPolyline'> LWPOLYLINE(#175), <class 'ezdxf.entities.lwpolyline.LWPolyline'> LWPOLYLINE(#176), <class 'ezdxf.entities.circle.Circle'> CIRCLE(#177), <class 'ezdxf.entities.text.Text'> TEXT(#178)]
 70
0
 71
1
  0
GROUP
  5
17E
102
{ACAD_REACTORS
330
C
102
}
330
C
100
AcDbGroup
300
[<class 'ezdxf.entities.lwpolyline.LWPolyline'> LWPOLYLINE(#17A), <class 'ezdxf.entities.lwpolyline.LWPolyline'> LWPOLYLINE(#17B), <class 'ezdxf.entities.circle.Circle'> CIRCLE(#17C), <class 'ezdxf.entities.text.Text'> TEXT(#17D)]
 70
0
 71
1
  0
GROUP
  5
183
102
{ACAD_REACTORS
330
C
102
}
330
C
100
AcDbGroup
300
[<class 'ezdxf.entities.lwpolyline.LWPolyline'> LWPOLYLINE(#17F), <class 'ezdxf.entities.lwpolyline.LWPolyline'> LWPOLYLINE(#180), <class 'ezdxf.entities.circle.Circle'> CIRCLE(#181), <class 'ezdxf.entities.text.Text'> TEXT(#182)]
 70
0
 71
1
  0
GROUP
  5
188
102
{ACAD_REACTORS
330
C
102
}
330
C
100
AcDbGroup
300
[<class 'ezdxf.entities.lwpolyline.LWPolyline'> LWPOLYLINE(#184), <class 'ezdxf.entities.lwpolyline.LWPolyline'> LWPOLYLINE(#185), <class 'ezdxf.entities.circle.Circle'> CIRCLE(#186), <class 'ezdxf.entities.text.Text'> TEXT(#187)]
 70
0
 71
1
  0
GROUP
  5
18D
102
{ACAD_REACTORS
330
C
102
}
330
C
100
AcDbGroup
300
[<class 'ezdxf.entities.lwpolyline.LWPolyline'> LWPOLYLINE(#189), <class 'ezdxf.entities.lwpolyline.LWPolyline'> LWPOLYLINE(#18A), <class 'ezdxf.entities.circle.Circle'> CIRCLE(#18B), <class 'ezdxf.entities.text.Text'> TEXT(#18C)]
 70
0
 71
1
  0
GROUP
  5
192
102
{ACAD_REACTORS
330
C
102
}
330
C
100
AcDbGroup
300
[<class 'ezdxf.entities.lwpolyline.LWPolyline'> LWPOLYLINE(#18E), <class 'ezdxf.entities.lwpolyline.LWPolyline'> LWPOLYLINE(#18F), <class 'ezdxf.entities.circle.Circle'> CIRCLE(#190), <class 'ezdxf.entities.text.Text'> TEXT(#191)]
 70
0
 71
1
  0
GROUP
  5
197
102
{ACAD_REACTORS
330
C
102
}
330
C
100
AcDbGroup
300
[<class 'ezdxf.entities.lwpolyline.LWPolyline'> LWPOLYLINE(#193), <class 'ezdxf.entities.lwpolyline.LWPolyline'> LWPOLYLINE(#194), <class 'ezdxf.entities.circle.Circle'> CIRCLE(#195), <class 'ezdxf.entities.text.Text'> TEXT(#196)]
 70
0
 71
1
  0
GROUP
  5
19C
102
{ACAD_REACTORS
330
C
102
}
330
C
100
AcDbGroup
300
[<class 'ezdxf.entities.lwpolyline.LWPolyline'> LWPOLYLINE(#198), <class 'ezdxf.entities.lwpolyline.LWPolyline'> LWPOLYLINE(#199), <class 'ezdxf.entities.circle.Circle'> CIRCLE(#19A), <class 'ezdxf.entities.text.Text'> TEXT(#19B)]
 70
0
 71
1
  0
GROUP
  5
1A1
102
{ACAD_REACTORS
330
C
102
}
330
C
100
AcDbGroup
300
[<class 'ezdxf.entities.lwpolyline.LWPolyline'> LWPOLYLINE(#19D), <class 'ezdxf.entities.lwpolyline.LWPolyline'> LWPOLYLINE(#19E), <class 'ezdxf.entities.circle.Circle'> CIRCLE(#19F), <class 'ezdxf.entities.text.Text'> TEXT(#1A0)]
 70
0
 71
1
  0
GROUP
  5
1A4
102
{ACAD_REACTORS
330
C
102
}
330
C
100
AcDbGroup
300
[<class 'ezdxf.entities.lwpolyline.LWPolyline'> LWPOLYLINE(#1A2), <class 'ezdxf.entities.text.Text'> TEXT(#1A3)]
 70
0
 71
1
  0
GROUP
  5
1A7
102
{ACAD_REACTORS
330
C
102
}
330
C
100
AcDbGroup
300
[<class 'ezdxf.entities.lwpolyline.LWPolyline'> LWPOLYLINE(#1A5), <class 'ezdxf.entities.text.Text'> TEXT(#1A6)]
 70
0
 71
1
  0
GROUP
  5
1AA
102
{ACAD_REACTORS
330
C
102
}
330
C
100
AcDbGroup
300
[<class 'ezdxf.entities.lwpolyline.LWPolyline'> LWPOLYLINE(#1A8), <class 'ezdxf.entities.text.Text'> TEXT(#1A9)]
 70
0
 71
1
  0
GROUP
  5
1AD
102
{ACAD_REACTORS
330
C
102
}
330
C
100
AcDbGroup
300
[<class 'ezdxf.entities.lwpolyline.LWPolyline'> LWPOLYLINE(#1AB), <class 'ezdxf.entities.text.Text'> TEXT(#1AC)]
 70
0
 71
1
  0
GROUP
  5
1B0
102
{ACAD_REACTORS
330
C
102
}
330
C
100
AcDbGroup
300
[<class 'ezdxf.entities.lwpolyline.LWPolyline'> LWPOLYLINE(#1AE), <class 'ezdxf.entities.text.Text'> TEXT(#1AF)]
 70
0
 71
1
  0
GROUP
  5
1B3
102
{ACAD_REACTORS
330
C
102
}
330
C
100
AcDbGroup
300
[<class 'ezdxf.entities.lwpolyline.LWPolyline'> LWPOLYLINE(#1B1), <class 'ezdxf.entities.text.Text'> TEXT(#1B2)]
 70
0
 71
1
  0
GROUP
  5
1B6
102
{ACAD_REACTORS
330
C
102
}
330
C
100
AcDbGroup
300
[<class 'ezdxf.entities.lwpolyline.LWPolyline'> LWPOLYLINE(#1B4), <class 'ezdxf.entities.text.Text'> TEXT(#1B5)]
 70
0
 71
1
  0
GROUP
  5
1B9
102
{ACAD_REACTORS
330
C
102
}
330
C
100
AcDbGroup
300
[<class 'ezdxf.entities.lwpolyline.LWPolyline'> LWPOLYLINE(#1B7), <class 'ezdxf.entities.text.Text'> TEXT(#1B8)]
 70
0
 71
1
  0
GROUP
  5
1BC
102
{ACAD_REACTORS
330
C
102
}
330
C
100
AcDbGroup
300
[<class 'ezdxf.entities.lwpolyline.LWPolyline'> LWPOLYLINE(#1BA), <class 'ezdxf.entities.text.Text'> TEXT(#1BB)]
 70
0
 71
1
  0
GROUP
  5
1BF
102
{ACAD_REACTORS
330
C
102
}
330
C
100
AcDbGroup
300
[<class 'ezdxf.entities.lwpolyline.LWPolyline'> LWPOLYLINE(#1BD), <class 'ezdxf.entities.text.Text'> TEXT(#1BE)]
 70
0
 71
1
  0
GROUP
  5
1C2
102
{ACAD_REACTORS
330
C
102
}
330
C
100
AcDbGroup
300
[<class 'ezdxf.entities.lwpolyline.LWPolyline'> LWPOLYLINE(#1C0), <class 'ezdxf.entities.text.Text'> TEXT(#1C1)]
 70
0
 71
1
  0
GROUP
  5
1C5
102
{ACAD_REACTORS
330
C
102
}
330
C
100
AcDbGroup
300
[<class 'ezdxf.entities.lwpolyline.LWPolyline'> LWPOLYLINE(#1C3), <class 'ezdxf.entities.text.Text'> TEXT(#1C4)]
 70
0
 71
1
  0
GROUP
  5
1C8
102
{ACAD_REACTORS
330
C
102
}
330
C
100
AcDbGroup
300
[<class 'ezdxf.entities.lwpolyline.LWPolyline'> LWPOLYLINE(#1C6), <class 'ezdxf.entities.text.Text'> TEXT(#1C7)]
 70
0
 71
1
  0
GROUP
  5
1CF
102
{ACAD_REACTORS
330
C
102
}
330
C
100
AcDbGroup
300
[<class 'ezdxf.entities.lwpolyline.LWPolyline'> LWPOLYLINE(#1C9), <class 'ezdxf.entities.lwpolyline.LWPolyline'> LWPOLYLINE(#1CA), <class 'ezdxf.entities.lwpolyline.LWPolyline'> LWPOLYLINE(#1CB), <class 'ezdxf.entities.circle.Circle'> CIRCLE(#1CC), <class 'ezdxf.entities.circle.Circle'> CIRCLE(#1CD), <class 'ezdxf.entities.text.Text'> TEXT(#1CE)]
 70
0
 71
1
  0
GROUP
  5
1D6
102
{ACAD_REACTORS
330
C
102
}
330
C
100
AcDbGroup
300
[<class 'ezdxf.entities.lwpolyline.LWPolyline'> LWPOLYLINE(#1D0), <class 'ezdxf.entities.lwpolyline.LWPolyline'> LWPOLYLINE(#1D1), <class 'ezdxf.entities.lwpolyline.LWPolyline'> LWPOLYLINE(#1D2), <class 'ezdxf.entities.circle.Circle'> CIRCLE(#1D3), <class 'ezdxf.entities.circle.Circle'> CIRCLE(#1D4), <class 'ezdxf.entities.text.Text'> TEXT(#1D5)]
 70
0
 71
1
  0
GROUP
  5
1DD
102
{ACAD_REACTORS
330
C
102
}
330
C
100
AcDbGroup
300
[<class 'ezdxf.entities.lwpolyline.LWPolyline'> LWPOLYLINE(#1D7), <class 'ezdxf.entities.lwpolyline.LWPolyline'> LWPOLYLINE(#1D8), <class 'ezdxf.entities.lwpolyline.LWPolyline'> LWPOLYLINE(#1D9), <class 'ezdxf.entities.circle.Circle'> CIRCLE(#1DA), <class 'ezdxf.entities.circle.Circle'> CIRCLE(#1DB), <class 'ezdxf.entities.text.Text'> TEXT(#1DC)]
 70
0
 71
1
  0
GROUP
  5
1E4
102
{ACAD_REACTORS
330
C
102
}
330
C
100
AcDbGroup
300
[<class 'ezdxf.entities.lwpolyline.LWPolyline'> LWPOLYLINE(#1DE), <class 'ezdxf.entities.lwpolyline.LWPolyline'> LWPOLYLINE(#1DF), <class 'ezdxf.entities.lwpolyline.LWPolyline'> LWPOLYLINE(#1E0), <class 'ezdxf.entities.circle.Circle'> CIRCLE(#1E1), <class 'ezdxf.entities.circle.Circle'> CIRCLE(#1E2), <class 'ezdxf.entities.text.Text'> TEXT(#1E3)]
 70
0
 71
1
  0
GROUP
  5
1EB
102
{ACAD_REACTORS
330
C
102
}
330
C
100
AcDbGroup
300
[<class 'ezdxf.entities.lwpolyline.LWPolyline'> LWPOLYLINE(#1E5), <class 'ezdxf.entities.lwpolyline.LWPolyline'> LWPOLYLINE(#1E6), <class 'ezdxf.entities.lwpolyline.LWPolyline'> LWPOLYLINE(#1E7), <class 'ezdxf.entities.circle.Circle'> CIRCLE(#1E8), <class 'ezdxf.entities.circle.Circle'> CIRCLE(#1E9), <class 'ezdxf.entities.text.Text'> TEXT(#1EA)]
 70
0
 71
1
  0
GROUP
  5
1F2
102
{ACAD_REACTORS
330
C
102
}
330
C
100
AcDbGroup
300
[<class 'ezdxf.entities.lwpolyline.LWPolyline'> LWPOLYLINE(#1EC), <class 'ezdxf.entities.lwpolyline.LWPolyline'> LWPOLYLINE(#1ED), <class 'ezdxf.entities.lwpolyline.LWPolyline'> LWPOLYLINE(#1EE), <class 'ezdxf.entities.circle.Circle'> CIRCLE(#1EF), <class 'ezdxf.entities.circle.Circle'> CIRCLE(#1F0), <class 'ezdxf.entities.text.Text'> TEXT(#1F1)]
 70
0
 71
1
  0
GROUP
  5
1F9
102
{ACAD_REACTORS
330
C
102
}
330
C
100
AcDbGroup
300
[<class 'ezdxf.entities.lwpolyline.LWPolyline'> LWPOLYLINE(#1F3), <class 'ezdxf.entities.lwpolyline.LWPolyline'> LWPOLYLINE(#1F4), <class 'ezdxf.entities.lwpolyline.LWPolyline'> LWPOLYLINE(#1F5), <class 'ezdxf.entities.circle.Circle'> CIRCLE(#1F6), <class 'ezdxf.entities.circle.Circle'> CIRCLE(#1F7), <class 'ezdxf.entities.text.Text'> TEXT(#1F8)]
 70
0
 71
1
  0
GROUP
  5
200
102
{ACAD_REACTORS
330
C
102
}
330
C
100
AcDbGroup
300
[<class 'ezdxf.entities.lwpolyline.LWPolyline'> LWPOLYLINE(#1FA), <class 'ezdxf.entities.lwpolyline.LWPolyline'> LWPOLYLINE(#1FB), <class 'ezdxf.entities.lwpolyline.LWPolyline'> LWPOLYLINE(#1FC), <class 'ezdxf.entities.circle.Circle'> CIRCLE(#1FD), <class 'ezdxf.entities.circle.Circle'> CIRCLE(#1FE), <class 'ezdxf.entities.text.Text'> TEXT(#1FF)]
 70
0
 71
1
  0
GROUP
  5
207
102
{ACAD_REACTORS
330
C
102
}
330
C
100
AcDbGroup
300
[<class 'ezdxf.entities.lwpolyline.LWPolyline'> LWPOLYLINE(#201), <class 'ezdxf.entities.lwpolyline.LWPolyline'> LWPOLYLINE(#202), <class 'ezdxf.entities.lwpolyline.LWPolyline'> LWPOLYLINE(#203), <class 'ezdxf.entities.circle.Circle'> CIRCLE(#204), <class 'ezdxf.entities.circle.Circle'> CIRCLE(#205), <class 'ezdxf.entities.text.Text'> TEXT(#206)]
 70
0
 71
1
  0
GROUP
  5
20E
102
{ACAD_REACTORS
330
C
102
}
330
C
100
AcDbGroup
300
[<class 'ezdxf.entities.lwpolyline.LWPolyline'> LWPOLYLINE(#208), <class 'ezdxf.entities.lwpolyline.LWPolyline'> LWPOLYLINE(#209), <class 'ezdxf.entities.lwpolyline.LWPolyline'> LWPOLYLINE(#20A), <class 'ezdxf.entities.circle.Circle'> CIRCLE(#20B), <class 'ezdxf.entities.circle.Circle'> CIRCLE(#20C), <class 'ezdxf.entities.text.Text'> TEXT(#20D)]
 70
0
 71
1
  0
GROUP
  5
215
102
{ACAD_REACTORS
330
C
102
}
330
C
100
AcDbGroup
300
[<class 'ezdxf.entities.lwpolyline.LWPolyline'> LWPOLYLINE(#20F), <class 'ezdxf.entities.lwpolyline.LWPolyline'> LWPOLYLINE(#210), <class 'ezdxf.entities.lwpolyline.LWPolyline'> LWPOLYLINE(#211), <class 'ezdxf.entities.circle.Circle'> CIRCLE(#212), <class 'ezdxf.entities.circle.Circle'> CIRCLE(#213), <class 'ezdxf.entities.text.Text'> TEXT(#214)]
 70
0
 71
1
  0
GROUP
  5
218
102
{ACAD_REACTORS
330
C
102
}
330
C
100
AcDbGroup
300
[<class 'ezdxf.entities.lwpolyline.LWPolyline'> LWPOLYLINE(#216), <class 'ezdxf.entities.text.Text'> TEXT(#217)]
 70
0
 71
1
  0
GROUP
  5
21B
102
{ACAD_REACTORS
330
C
102
}
330
C
100
AcDbGroup
300
[<class 'ezdxf.entities.lwpolyline.LWPolyline'> LWPOLYLINE(#219), <class 'ezdxf.entities.text.Text'> TEXT(#21A)]
 70
0
 71
1
  0
GROUP
  5
21E
102
{ACAD_REACTORS
330
C
102
}
330
C
100
AcDbGroup
300
[<class 'ezdxf.entities.lwpolyline.LWPolyline'> LWPOLYLINE(#21C), <class 'ezdxf.entities.text.Text'> TEXT(#21D)]
 70
0
 71
1
  0
GROUP
  5
221
102
{ACAD_REACTORS
330
C
102
}
330
C
100
AcDbGroup
300
[<class 'ezdxf.entities.lwpolyline.LWPolyline'> LWPOLYLINE(#21F), <class 'ezdxf.entities.text.Text'> TEXT(#220)]
 70
0
 71
1
  0
GROUP
  5
224
102
{ACAD_REACTORS
330
C
102
}
330
C
100
AcDbGroup
300
[<class 'ezdxf.entities.lwpolyline.LWPolyline'> LWPOLYLINE(#222), <class 'ezdxf.entities.text.Text'> TEXT(#223)]
 70
0
 71
1
  0
GROUP
  5
227
102
{ACAD_REACTORS
330
C
102
}
330
C
100
AcDbGroup
300
[<class 'ezdxf.entities.lwpolyline.LWPolyline'> LWPOLYLINE(#225), <class 'ezdxf.entities.text.Text'> TEXT(#226)]
 70
0
 71
1
  0
GROUP
  5
22A
102
{ACAD_REACTORS
330
C
102
}
330
C
100
AcDbGroup
300
[<class 'ezdxf.entities.lwpolyline.LWPolyline'> LWPOLYLINE(#228), <class 'ezdxf.entities.text.Text'> TEXT(#229)]
 70
0
 71
1
  0
GROUP
  5
22D
102
{ACAD_REACTORS
330
C
102
}
330
C
100
AcDbGroup
300
[<class 'ezdxf.entities.lwpolyline.LWPolyline'> LWPOLYLINE(#22B), <class 'ezdxf.entities.text.Text'> TEXT(#22C)]
 70
0
 71
1
  0
GROUP
  5
230
102
{ACAD_REACTORS
330
C
102
}
330
C
100
AcDbGroup
300
[<class 'ezdxf.entities.lwpolyline.LWPolyline'> LWPOLYLINE(#22E), <class 'ezdxf.entities.text.Text'> TEXT(#22F)]
 70
0
 71
1
  0
GROUP
  5
233
102
{ACAD_REACTORS
330
C
102
}
330
C
100
AcDbGroup
300
[<class 'ezdxf.entities.lwpolyline.LWPolyline'> LWPOLYLINE(#231), <class 'ezdxf.entities.text.Text'> TEXT(#232)]
 70
0
 71
1
  0
GROUP
  5
236
102
{ACAD_REACTORS
330
C
102
}
330
C
100
AcDbGroup
300
[<class 'ezdxf.entities.lwpolyline.LWPolyline'> LWPOLYLINE(#234), <class 'ezdxf.entities.text.Text'> TEXT(#235)]
 70
0
 71
1
  0
GROUP
  5
239
102
{ACAD_REACTORS
330
C
102
}
330
C
100
AcDbGroup
300
[<class 'ezdxf.entities.lwpolyline.LWPolyline'> LWPOLYLINE(#237), <class 'ezdxf.entities.text.Text'> TEXT(#238)]
 70
0
 71
1
  0
GROUP
  5
240
102
{ACAD_REACTORS
330
C
102
}
330
C
100
AcDbGroup
300
[<class 'ezdxf.entities.lwpolyline.LWPolyline'> LWPOLYLINE(#23A), <class 'ezdxf.entities.lwpolyline.LWPolyline'> LWPOLYLINE(#23B), <class 'ezdxf.entities.lwpolyline.LWPolyline'> LWPOLYLINE(#23C), <class 'ezdxf.entities.circle.Circle'> CIRCLE(#23D), <class 'ezdxf.entities.circle.Circle'> CIRCLE(#23E), <class 'ezdxf.entities.text.Text'> TEXT(#23F)]
 70
0
 71
1
  0
GROUP
  5
247
102
{ACAD_REACTORS
330
C
102
}
330
C
100
AcDbGroup
300
[<class 'ezdxf.entities.lwpolyline.LWPolyline'> LWPOLYLINE(#241), <class 'ezdxf.entities.lwpolyline.LWPolyline'> LWPOLYLINE(#242), <class 'ezdxf.entities.lwpolyline.LWPolyline'> LWPOLYLINE(#243), <class 'ezdxf.entities.circle.Circle'> CIRCLE(#244), <class 'ezdxf.entities.circle.Circle'> CIRCLE(#245), <class 'ezdxf.entities.text.Text'> TEXT(#246)]
 70
0
 71
1
  0
GROUP
  5
24E
102
{ACAD_REACTORS
330
C
102
}
330
C
100
AcDbGroup
300
[<class 'ezdxf.entities.lwpolyline.LWPolyline'> LWPOLYLINE(#248), <class 'ezdxf.entities.lwpolyline.LWPolyline'> LWPOLYLINE(#249), <class 'ezdxf.entities.lwpolyline.LWPolyline'> LWPOLYLINE(#24A), <class 'ezdxf.entities.circle.Circle'> CIRCLE(#24B), <class 'ezdxf.entities.circle.Circle'> CIRCLE(#24C), <class 'ezdxf.entities.text.Text'> TEXT(#24D)]
 70
0
 71
1
  0
GROUP
  5
255
102
{ACAD_REACTORS
330
C
102
}
330
C
100
AcDbGroup
300
[<class 'ezdxf.entities.lwpolyline.LWPolyline'> LWPOLYLINE(#24F), <class 'ezdxf.entities.lwpolyline.LWPolyline'> LWPOLYLINE(#250), <class 'ezdxf.entities.lwpolyline.LWPolyline'> LWPOLYLINE(#251), <class 'ezdxf.entities.circle.Circle'> CIRCLE(#252), <class 'ezdxf.entities.circle.Circle'> CIRCLE(#253), <class 'ezdxf.entities.text.Text'> TEXT(#254)]
 70
0
 71
1
  0
GROUP
  5
25C
102
{ACAD_REACTORS
330
C
102
}
330
C
100
AcDbGroup
300
[<class 'ezdxf.entities.lwpolyline.LWPolyline'> LWPOLYLINE(#256), <class 'ezdxf.entities.lwpolyline.LWPolyline'> LWPOLYLINE(#257), <class 'ezdxf.entities.lwpolyline.LWPolyline'> LWPOLYLINE(#258), <class 'ezdxf.entities.circle.Circle'> CIRCLE(#259), <class 'ezdxf.entities.circle.Circle'> CIRCLE(#25A), <class 'ezdxf.entities.text.Text'> TEXT(#25B)]
 70
0
 71
1
  0
GROUP
  5
263
102
{ACAD_REACTORS
330
C
102
}
330
C
100
AcDbGroup
300
[<class 'ezdxf.entities.lwpolyline.LWPolyline'> LWPOLYLINE(#25D), <class 'ezdxf.entities.lwpolyline.LWPolyline'> LWPOLYLINE(#25E), <class 'ezdxf.entities.lwpolyline.LWPolyline'> LWPOLYLINE(#25F), <class 'ezdxf.entities.circle.Circle'> CIRCLE(#260), <class 'ezdxf.entities.circle.Circle'> CIRCLE(#261), <class 'ezdxf.entities.text.Text'> TEXT(#262)]
 70
0
 71
1
  0
GROUP
  5
26A
102
{ACAD_REACTORS
330
C
102
}
330
C
100
AcDbGroup
300
[<class 'ezdxf.entities.lwpolyline.LWPolyline'> LWPOLYLINE(#264), <class 'ezdxf.entities.lwpolyline.LWPolyline'> LWPOLYLINE(#265), <class 'ezdxf.entities.lwpolyline.LWPolyline'> LWPOLYLINE(#266), <class 'ezdxf.entities.circle.Circle'> CIRCLE(#267), <class 'ezdxf.entities.circle.Circle'> CIRCLE(#268), <class 'ezdxf.entities.text.Text'> TEXT(#269)]
 70
0
 71
1
  0
GROUP
  5
271
102
{ACAD_REACTORS
330
C
102
}
330
C
100
AcDbGroup
300
[<class 'ezdxf.entities.lwpolyline.LWPolyline'> LWPOLYLINE(#26B), <class 'ezdxf.entities.lwpolyline.LWPolyline'> LWPOLYLINE(#26C), <class 'ezdxf.entities.lwpolyline.LWPolyline'> LWPOLYLINE(#26D), <class 'ezdxf.entities.circle.Circle'> CIRCLE(#26E), <class 'ezdxf.entities.circle.Circle'> CIRCLE(#26F), <class 'ezdxf.entities.text.Text'> TEXT(#270)]
 70
0
 71
1
  0
GROUP
  5
278
102
{ACAD_REACTORS
330
C
102
}
330
C
100
AcDbGroup
300
[<class 'ezdxf.entities.lwpolyline.LWPolyline'> LWPOLYLINE(#272), <class 'ezdxf.entities.lwpolyline.LWPolyline'> LWPOLYLINE(#273), <class 'ezdxf.entities.lwpolyline.LWPolyline'> LWPOLYLINE(#274), <class 'ezdxf.entities.circle.Circle'> CIRCLE(#275), <class 'ezdxf.entities.circle.Circle'> CIRCLE(#276), <class 'ezdxf.entities.text.Text'> TEXT(#277)]
 70
0
 71
1
  0
GROUP
  5
27F
102
{ACAD_REACTORS
330
C
102
}
330
C
100
AcDbGroup
300
[<class 'ezdxf.entities.lwpolyline.LWPolyline'> LWPOLYLINE(#279), <class 'ezdxf.entities.lwpolyline.LWPolyline'> LWPOLYLINE(#27A), <class 'ezdxf.entities.lwpolyline.LWPolyline'> LWPOLYLINE(#27B), <class 'ezdxf.entities.circle.Circle'> CIRCLE(#27C), <class 'ezdxf.entities.circle.Circle'> CIRCLE(#27D), <class 'ezdxf.entities.text.Text'> TEXT(#27E)]
 70
0
 71
1
  0
GROUP
  5
286
102
{ACAD_REACTORS
330
C
102
}
330
C
100
AcDbGroup
300
[<class 'ezdxf.entities.lwpolyline.LWPolyline'> LWPOLYLINE(#280), <class 'ezdxf.entities.lwpolyline.LWPolyline'> LWPOLYLINE(#281), <class 'ezdxf.entities.lwpolyline.LWPolyline'> LWPOLYLINE(#282), <class 'ezdxf.entities.circle.Circle'> CIRCLE(#283), <class 'ezdxf.entities.circle.Circle'> CIRCLE(#284), <class 'ezdxf.entities.text.Text'> TEXT(#285)]
 70
0
 71
1
  0
GROUP
  5
28D
102
{ACAD_REACTORS
330
C
102
}
330
C
100
AcDbGroup
300
[<class 'ezdxf.entities.lwpolyline.LWPolyline'> LWPOLYLINE(#287), <class 'ezdxf.entities.lwpolyline.LWPolyline'> LWPOLYLINE(#288), <class 'ezdxf.entities.lwpolyline.LWPolyline'> LWPOLYLINE(#289), <class 'ezdxf.entities.circle.Circle'> CIRCLE(#28A), <class 'ezdxf.entities.circle.Circle'> CIRCLE(#28B), <class 'ezdxf.entities.text.Text'> TEXT(#28C)]
 70
0
 71
1
  0
GROUP
  5
294
102
{ACAD_REACTORS
330
C
102
}
330
C
100
AcDbGroup
300
[<class 'ezdxf.entities.lwpolyline.LWPolyline'> LWPOLYLINE(#28E), <class 'ezdxf.entities.lwpolyline.LWPolyline'> LWPOLYLINE(#28F), <class 'ezdxf.entities.lwpolyline.LWPolyline'> LWPOLYLINE(#290), <class 'ezdxf.entities.circle.Circle'> CIRCLE(#291), <class 'ezdxf.entities.circle.Circle'> CIRCLE(#292), <class 'ezdxf.entities.text.Text'> TEXT(#293)]
 70
0
 71
1
  0
GROUP
  5
29B
102
{ACAD_REACTORS
330
C
102
}
330
C
100
AcDbGroup
300
[<class 'ezdxf.entities.lwpolyline.LWPolyline'> LWPOLYLINE(#295), <class 'ezdxf.entities.lwpolyline.LWPolyline'> LWPOLYLINE(#296), <class 'ezdxf.entities.lwpolyline.LWPolyline'> LWPOLYLINE(#297), <class 'ezdxf.entities.circle.Circle'> CIRCLE(#298), <class 'ezdxf.entities.circle.Circle'> CIRCLE(#299), <class 'ezdxf.entities.text.Text'> TEXT(#29A)]
 70
0
 71
1
  0
GROUP
  5
2A2
102
{ACAD_REACTORS
330
C
102
}
330
C
100
AcDbGroup
300
[<class 'ezdxf.entities.lwpolyline.LWPolyline'> LWPOLYLINE(#29C), <class 'ezdxf.entities.lwpolyline.LWPolyline'> LWPOLYLINE(#29D), <class 'ezdxf.entities.lwpolyline.LWPolyline'> LWPOLYLINE(#29E), <class 'ezdxf.entities.circle.Circle'> CIRCLE(#29F), <class 'ezdxf.entities.circle.Circle'> CIRCLE(#2A0), <class 'ezdxf.entities.text.Text'> TEXT(#2A1)]
 70
0
 71
1
  0
GROUP
  5
2A9
102
{ACAD_REACTORS
330
C
102
}
330
C
100
AcDbGroup
300
[<class 'ezdxf.entities.lwpolyline.LWPolyline'> LWPOLYLINE(#2A3), <class 'ezdxf.entities.lwpolyline.LWPolyline'> LWPOLYLINE(#2A4), <class 'ezdxf.entities.lwpolyline.LWPolyline'> LWPOLYLINE(#2A5), <class 'ezdxf.entities.circle.Circle'> CIRCLE(#2A6), <class 'ezdxf.entities.circle.Circle'> CIRCLE(#2A7), <class 'ezdxf.entities.text.Text'> TEXT(#2A8)]
 70
0
 71
1
  0
GROUP
  5
2B0
102
{ACAD_REACTORS
330
C
102
}
330
C
100
AcDbGroup
300
[<class 'ezdxf.entities.lwpolyline.LWPolyline'> LWPOLYLINE(#2AA), <class 'ezdxf.entities.lwpolyline.LWPolyline'> LWPOLYLINE(#2AB), <class 'ezdxf.entities.lwpolyline.LWPolyline'> LWPOLYLINE(#2AC), <class 'ezdxf.entities.circle.Circle'> CIRCLE(#2AD), <class 'ezdxf.entities.circle.Circle'> CIRCLE(#2AE), <class 'ezdxf.entities.text.Text'> TEXT(#2AF)]
 70
0
 71
1
  0
GROUP
  5
2B7
102
{ACAD_REACTORS
330
C
102
}
330
C
100
AcDbGroup
300
[<class 'ezdxf.entities.lwpolyline.LWPolyline'> LWPOLYLINE(#2B1), <class 'ezdxf.entities.lwpolyline.LWPolyline'> LWPOLYLINE(#2B2), <class 'ezdxf.entities.lwpolyline.LWPolyline'> LWPOLYLINE(#2B3), <class 'ezdxf.entities.circle.Circle'> CIRCLE(#2B4), <class 'ezdxf.entities.circle.Circle'> CIRCLE(#2B5), <class 'ezdxf.entities.text.Text'> TEXT(#2B6)]
 70
0
 71
1
  0
GROUP
  5
2BE
102
{ACAD_REACTORS
330
C
102
}
330
C
100
AcDbGroup
300
[<class 'ezdxf.entities.lwpolyline.LWPolyline'> LWPOLYLINE(#2B8), <class 'ezdxf.entities.lwpolyline.LWPolyline'> LWPOLYLINE(#2B9), <class 'ezdxf.entities.lwpolyline.LWPolyline'> LWPOLYLINE(#2BA), <class 'ezdxf.entities.circle.Circle'> CIRCLE(#2BB), <class 'ezdxf.entities.circle.Circle'> CIRCLE(#2BC), <class 'ezdxf.entities.text.Text'> TEXT(#2BD)]
 70
0
 71
1
  0
GROUP
  5
2C5
102
{ACAD_REACTORS
330
C
102
}
330
C
100
AcDbGroup
300
[<class 'ezdxf.entities.lwpolyline.LWPolyline'> LWPOLYLINE(#2BF), <class 'ezdxf.entities.lwpolyline.LWPolyline'> LWPOLYLINE(#2C0), <class 'ezdxf.entities.lwpolyline.LWPolyline'> LWPOLYLINE(#2C1), <class 'ezdxf.entities.circle.Circle'> CIRCLE(#2C2), <class 'ezdxf.entities.circle.Circle'> CIRCLE(#2C3), <class 'ezdxf.entities.text.Text'> TEXT(#2C4)]
 70
0
 71
1
  0
GROUP
  5
2CC
102
{ACAD_REACTORS
330
C
102
}
330
C
100
AcDbGroup
300
[<class 'ezdxf.entities.lwpolyline.LWPolyline'> LWPOLYLINE(#2C6), <class 'ezdxf.entities.lwpolyline.LWPolyline'> LWPOLYLINE(#2C7), <class 'ezdxf.entities.lwpolyline.LWPolyline'> LWPOLYLINE(#2C8), <class 'ezdxf.entities.circle.Circle'> CIRCLE(#2C9), <class 'ezdxf.entities.circle.Circle'> CIRCLE(#2CA), <class 'ezdxf.entities.text.Text'> TEXT(#2CB)]
 70
0
 71
1
  0
GROUP
  5
2D3
102
{ACAD_REACTORS
330
C
102
}
330
C
100
AcDbGroup
300
[<class 'ezdxf.entities.lwpolyline.LWPolyline'> LWPOLYLINE(#2CD), <class 'ezdxf.entities.lwpolyline.LWPolyline'> LWPOLYLINE(#2CE), <class 'ezdxf.entities.lwpolyline.LWPolyline'> LWPOLYLINE(#2CF), <class 'ezdxf.entities.circle.Circle'> CIRCLE(#2D0), <class 'ezdxf.entities.circle.Circle'> CIRCLE(#2D1), <class 'ezdxf.entities.text.Text'> TEXT(#2D2)]
 70
0
 71
1
  0
GROUP
  5
2DA
102
{ACAD_REACTORS
330
C
102
}
330
C
100
AcDbGroup
300
[<class 'ezdxf.entities.lwpolyline.LWPolyline'> LWPOLYLINE(#2D4), <class 'ezdxf.entities.lwpolyline.LWPolyline'> LWPOLYLINE(#2D5), <class 'ezdxf.entities.lwpolyline.LWPolyline'> LWPOLYLINE(#2D6), <class 'ezdxf.entities.circle.Circle'> CIRCLE(#2D7), <class 'ezdxf.entities.circle.Circle'> CIRCLE(#2D8), <class 'ezdxf.entities.text.Text'> TEXT(#2D9)]
 70
0
 71
1
  0
GROUP
  5
2E1
102
{ACAD_REACTORS
330
C
102
}
330
C
100
AcDbGroup
300
[<class 'ezdxf.entities.lwpolyline.LWPolyline'> LWPOLYLINE(#2DB), <class 'ezdxf.entities.lwpolyline.LWPolyline'> LWPOLYLINE(#2DC), <class 'ezdxf.entities.lwpolyline.LWPolyline'> LWPOLYLINE(#2DD), <class 'ezdxf.entities.circle.Circle'> CIRCLE(#2DE), <class 'ezdxf.entities.circle.Circle'> CIRCLE(#2DF), <class 'ezdxf.entities.text.Text'> TEXT(#2E0)]
 70
0
 71
1
  0
GROUP
  5
2E8
102
{ACAD_REACTORS
330
C
102
}
330
C
100
AcDbGroup
300
[<class 'ezdxf.entities.lwpolyline.LWPolyline'> LWPOLYLINE(#2E2), <class 'ezdxf.entities.lwpolyline.LWPolyline'> LWPOLYLINE(#2E3), <class 'ezdxf.entities.lwpolyline.LWPolyline'> LWPOLYLINE(#2E4), <class 'ezdxf.entities.circle.Circle'> CIRCLE(#2E5), <class 'ezdxf.entities.circle.Circle'> CIRCLE(#2E6), <class 'ezdxf.entities.text.Text'> TEXT(#2E7)]
 70
0
 71
1
  0
GROUP
  5
2EF
102
{ACAD_REACTORS
330
C
102
}
330
C
100
AcDbGroup
300
[<class 'ezdxf.entities.lwpolyline.LWPolyline'> LWPOLYLINE(#2E9), <class 'ezdxf.entities.lwpolyline.LWPolyline'> LWPOLYLINE(#2EA), <class 'ezdxf.entities.lwpolyline.LWPolyline'> LWPOLYLINE(#2EB), <class 'ezdxf.entities.circle.Circle'> CIRCLE(#2EC), <class 'ezdxf.entities.circle.Circle'> CIRCLE(#2ED), <class 'ezdxf.entities.text.Text'> TEXT(#2EE)]
 70
0
 71
1
  0
GROUP
  5
2F6
102
{ACAD_REACTORS
330
C
102
}
330
C
100
AcDbGroup
300
[<class 'ezdxf.entities.lwpolyline.LWPolyline'> LWPOLYLINE(#2F0), <class 'ezdxf.entities.lwpolyline.LWPolyline'> LWPOLYLINE(#2F1), <class 'ezdxf.entities.lwpolyline.LWPolyline'> LWPOLYLINE(#2F2), <class 'ezdxf.entities.circle.Circle'> CIRCLE(#2F3), <class 'ezdxf.entities.circle.Circle'> CIRCLE(#2F4), <class 'ezdxf.entities.text.Text'> TEXT(#2F5)]
 70
0
 71
1
  0
GROUP
  5
2FB
102
{ACAD_REACTORS
330
C
102
}
330
C
100
AcDbGroup
300
[<class 'ezdxf.entities.lwpolyline.LWPolyline'> LWPOLYLINE(#2F7), <class 'ezdxf.entities.lwpolyline.LWPolyline'> LWPOLYLINE(#2F8), <class 'ezdxf.entities.circle.Circle'> CIRCLE(#2F9), <class 'ezdxf.entities.text.Text'> TEXT(#2FA)]
 70
0
 71
1
  0
GROUP
  5
300
102
{ACAD_REACTORS
330
C
102
}
330
C
100
AcDbGroup
300
[<class 'ezdxf.entities.lwpolyline.LWPolyline'> LWPOLYLINE(#2FC), <class 'ezdxf.entities.lwpolyline.LWPolyline'> LWPOLYLINE(#2FD), <class 'ezdxf.entities.circle.Circle'> CIRCLE(#2FE), <class 'ezdxf.entities.text.Text'> TEXT(#2FF)]
 70
0
 71
1
  0
GROUP
  5
305
102
{ACAD_REACTORS
330
C
102
}
330
C
100
AcDbGroup
300
[<class 'ezdxf.entities.lwpolyline.LWPolyline'> LWPOLYLINE(#301), <class 'ezdxf.entities.lwpolyline.LWPolyline'> LWPOLYLINE(#302), <class 'ezdxf.entities.circle.Circle'> CIRCLE(#303), <class 'ezdxf.entities.text.Text'> TEXT(#304)]
 70
0
 71
1
  0
GROUP
  5
30A
102
{ACAD_REACTORS
330
C
102
}
330
C
100
AcDbGroup
300
[<class 'ezdxf.entities.lwpolyline.LWPolyline'> LWPOLYLINE(#306), <class 'ezdxf.entities.lwpolyline.LWPolyline'> LWPOLYLINE(#307), <class 'ezdxf.entities.circle.Circle'> CIRCLE(#308), <class 'ezdxf.entities.text.Text'> TEXT(#309)]
 70
0
 71
1
  0
GROUP
  5
30F
102
{ACAD_REACTORS
330
C
102
}
330
C
100
AcDbGroup
300
[<class 'ezdxf.entities.lwpolyline.LWPolyline'> LWPOLYLINE(#30B), <class 'ezdxf.entities.lwpolyline.LWPolyline'> LWPOLYLINE(#30C), <class 'ezdxf.entities.circle.Circle'> CIRCLE(#30D), <class 'ezdxf.entities.text.Text'> TEXT(#30E)]
 70
0
 71
1
  0
GROUP
  5
316
102
{ACAD_REACTORS
330
C
102
}
330
C
100
AcDbGroup
300
[<class 'ezdxf.entities.lwpolyline.LWPolyline'> LWPOLYLINE(#310), <class 'ezdxf.entities.lwpolyline.LWPolyline'> LWPOLYLINE(#311), <class 'ezdxf.entities.lwpolyline.LWPolyline'> LWPOLYLINE(#312), <class 'ezdxf.entities.circle.Circle'> CIRCLE(#313), <class 'ezdxf.entities.circle.Circle'> CIRCLE(#314), <class 'ezdxf.entities.text.Text'> TEXT(#315)]
 70
0
 71
1
  0
GROUP
  5
31B
102
{ACAD_REACTORS
330
C
102
}
330
C
100
AcDbGroup
300
[<class 'ezdxf.entities.lwpolyline.LWPolyline'> LWPOLYLINE(#317), <class 'ezdxf.entities.lwpolyline.LWPolyline'> LWPOLYLINE(#318), <class 'ezdxf.entities.circle.Circle'> CIRCLE(#319), <class 'ezdxf.entities.text.Text'> TEXT(#31A)]
 70
0
 71
1
  0
GROUP
  5
320
102
{ACAD_REACTORS
330
C
102
}
330
C
100
AcDbGroup
300
[<class 'ezdxf.entities.lwpolyline.LWPolyline'> LWPOLYLINE(#31C), <class 'ezdxf.entities.lwpolyline.LWPolyline'> LWPOLYLINE(#31D), <class 'ezdxf.entities.circle.Circle'> CIRCLE(#31E), <class 'ezdxf.entities.text.Text'> TEXT(#31F)]
 70
0
 71
1
  0
GROUP
  5
327
102
{ACAD_REACTORS
330
C
102
}
330
C
100
AcDbGroup
300
[<class 'ezdxf.entities.lwpolyline.LWPolyline'> LWPOLYLINE(#321), <class 'ezdxf.entities.lwpolyline.LWPolyline'> LWPOLYLINE(#322), <class 'ezdxf.entities.lwpolyline.LWPolyline'> LWPOLYLINE(#323), <class 'ezdxf.entities.circle.Circle'> CIRCLE(#324), <class 'ezdxf.entities.circle.Circle'> CIRCLE(#325), <class 'ezdxf.entities.text.Text'> TEXT(#326)]
 70
0
 71
1
  0
GROUP
  5
32C
102
{ACAD_REACTORS
330
C
102
}
330
C
100
AcDbGroup
300
[<class 'ezdxf.entities.lwpolyline.LWPolyline'> LWPOLYLINE(#328), <class 'ezdxf.entities.lwpolyline.LWPolyline'> LWPOLYLINE(#329), <class 'ezdxf.entities.circle.Circle'> CIRCLE(#32A), <class 'ezdxf.entities.text.Text'> TEXT(#32B)]
 70
0
 71
1
  0
GROUP
  5
333
102
{ACAD_REACTORS
330
C
102
}
330
C
100
AcDbGroup
300
[<class 'ezdxf.entities.lwpolyline.LWPolyline'> LWPOLYLINE(#32D), <class 'ezdxf.entities.lwpolyline.LWPolyline'> LWPOLYLINE(#32E), <class 'ezdxf.entities.lwpolyline.LWPolyline'> LWPOLYLINE(#32F), <class 'ezdxf.entities.circle.Circle'> CIRCLE(#330), <class 'ezdxf.entities.circle.Circle'> CIRCLE(#331), <class 'ezdxf.entities.text.Text'> TEXT(#332)]
 70
0
 71
1
  0
GROUP
  5
33A
102
{ACAD_REACTORS
330
C
102
}
330
C
100
AcDbGroup
300
[<class 'ezdxf.entities.lwpolyline.LWPolyline'> LWPOLYLINE(#334), <class 'ezdxf.entities.lwpolyline.LWPolyline'> LWPOLYLINE(#335), <class 'ezdxf.entities.lwpolyline.LWPolyline'> LWPOLYLINE(#336), <class 'ezdxf.entities.circle.Circle'> CIRCLE(#337), <class 'ezdxf.entities.circle.Circle'> CIRCLE(#338), <class 'ezdxf.entities.text.Text'> TEXT(#339)]
 70
0
 71
1
  0
GROUP
  5
33F
102
{ACAD_REACTORS
330
C
102
}
330
C
100
AcDbGroup
300
[<class 'ezdxf.entities.lwpolyline.LWPolyline'> LWPOLYLINE(#33B), <class 'ezdxf.entities.lwpolyline.LWPolyline'> LWPOLYLINE(#33C), <class 'ezdxf.entities.circle.Circle'> CIRCLE(#33D), <class 'ezdxf.entities.text.Text'> TEXT(#33E)]
 70
0
 71
1
  0
GROUP
  5
344
102
{ACAD_REACTORS
330
C
102
}
330
C
100
AcDbGroup
300
[<class 'ezdxf.entities.lwpolyline.LWPolyline'> LWPOLYLINE(#340), <class 'ezdxf.entities.lwpolyline.LWPolyline'> LWPOLYLINE(#341), <class 'ezdxf.entities.circle.Circle'> CIRCLE(#342), <class 'ezdxf.entities.text.Text'> TEXT(#343)]
 70
0
 71
1
  0
GROUP
  5
349
102
{ACAD_REACTORS
330
C
102
}
330
C
100
AcDbGroup
300
[<class 'ezdxf.entities.lwpolyline.LWPolyline'> LWPOLYLINE(#345), <class 'ezdxf.entities.lwpolyline.LWPolyline'> LWPOLYLINE(#346), <class 'ezdxf.entities.circle.Circle'> CIRCLE(#347), <class 'ezdxf.entities.text.Text'> TEXT(#348)]
 70
0
 71
1
  0
GROUP
  5
34E
102
{ACAD_REACTORS
330
C
102
}
330
C
100
AcDbGroup
300
[<class 'ezdxf.entities.lwpolyline.LWPolyline'> LWPOLYLINE(#34A), <class 'ezdxf.entities.lwpolyline.LWPolyline'> LWPOLYLINE(#34B), <class 'ezdxf.entities.circle.Circle'> CIRCLE(#34C), <class 'ezdxf.entities.text.Text'> TEXT(#34D)]
 70
0
 71
1
  0
GROUP
  5
353
102
{ACAD_REACTORS
330
C
102
}
330
C
100
AcDbGroup
300
[<class 'ezdxf.entities.lwpolyline.LWPolyline'> LWPOLYLINE(#34F), <class 'ezdxf.entities.lwpolyline.LWPolyline'> LWPOLYLINE(#350), <class 'ezdxf.entities.circle.Circle'> CIRCLE(#351), <class 'ezdxf.entities.text.Text'> TEXT(#352)]
 70
0
 71
1
  0
GROUP
  5
358
102
{ACAD_REACTORS
330
C
102
}
330
C
100
AcDbGroup
300
[<class 'ezdxf.entities.lwpolyline.LWPolyline'> LWPOLYLINE(#354), <class 'ezdxf.entities.lwpolyline.LWPolyline'> LWPOLYLINE(#355), <class 'ezdxf.entities.circle.Circle'> CIRCLE(#356), <class 'ezdxf.entities.text.Text'> TEXT(#357)]
 70
0
 71
1
  0
GROUP
  5
35D
102
{ACAD_REACTORS
330
C
102
}
330
C
100
AcDbGroup
300
[<class 'ezdxf.entities.lwpolyline.LWPolyline'> LWPOLYLINE(#359), <class 'ezdxf.entities.lwpolyline.LWPolyline'> LWPOLYLINE(#35A), <class 'ezdxf.entities.circle.Circle'> CIRCLE(#35B), <class 'ezdxf.entities.text.Text'> TEXT(#35C)]
 70
0
 71
1
  0
GROUP
  5
362
102
{ACAD_REACTORS
330
C
102
}
330
C
100
AcDbGroup
300
[<class 'ezdxf.entities.lwpolyline.LWPolyline'> LWPOLYLINE(#35E), <class 'ezdxf.entities.lwpolyline.LWPolyline'> LWPOLYLINE(#35F), <class 'ezdxf.entities.circle.Circle'> CIRCLE(#360), <class 'ezdxf.entities.text.Text'> TEXT(#361)]
 70
0
 71
1
  0
GROUP
  5
367
102
{ACAD_REACTORS
330
C
102
}
330
C
100
AcDbGroup
300
[<class 'ezdxf.entities.lwpolyline.LWPolyline'> LWPOLYLINE(#363), <class 'ezdxf.entities.lwpolyline.LWPolyline'> LWPOLYLINE(#364), <class 'ezdxf.entities.circle.Circle'> CIRCLE(#365), <class 'ezdxf.entities.text.Text'> TEXT(#366)]
 70
0
 71
1
  0
GROUP
  5
36C
102
{ACAD_REACTORS
330
C
102
}
330
C
100
AcDbGroup
300
[<class 'ezdxf.entities.lwpolyline.LWPolyline'> LWPOLYLINE(#368), <class 'ezdxf.entities.lwpolyline.LWPolyline'> LWPOLYLINE(#369), <class 'ezdxf.entities.circle.Circle'> CIRCLE(#36A), <class 'ezdxf.entities.text.Text'> TEXT(#36B)]
 70
0
 71
1
  0
GROUP
  5
371
102
{ACAD_REACTORS
330
C
102
}
330
C
100
AcDbGroup
300
[<class 'ezdxf.entities.lwpolyline.LWPolyline'> LWPOLYLINE(#36D), <class 'ezdxf.entities.lwpolyline.LWPolyline'> LWPOLYLINE(#36E), <class 'ezdxf.entities.circle.Circle'> CIRCLE(#36F), <class 'ezdxf.entities.text.Text'> TEXT(#370)]
 70
0
 71
1
  0
GROUP
  5
376
102
{ACAD_REACTORS
330
C
102
}
330
C
100
AcDbGroup
300
[<class 'ezdxf.entities.lwpolyline.LWPolyline'> LWPOLYLINE(#372), <class 'ezdxf.entities.lwpolyline.LWPolyline'> LWPOLYLINE(#373), <class 'ezdxf.entities.circle.Circle'> CIRCLE(#374), <class 'ezdxf.entities.text.Text'> TEXT(#375)]
 70
0
 71
1
  0
GROUP
  5
37B
102
{ACAD_REACTORS
330
C
102
}
330
C
100
AcDbGroup
300
[<class 'ezdxf.entities.lwpolyline.LWPolyline'> LWPOLYLINE(#377), <class 'ezdxf.entities.lwpolyline.LWPolyline'> LWPOLYLINE(#378), <class 'ezdxf.entities.circle.Circle'> CIRCLE(#379), <class 'ezdxf.entities.text.Text'> TEXT(#37A)]
 70
0
 71
1
  0
GROUP
  5
380
102
{ACAD_REACTORS
330
C
102
}
330
C
100
AcDbGroup
300
[<class 'ezdxf.entities.lwpolyline.LWPolyline'> LWPOLYLINE(#37C), <class 'ezdxf.entities.lwpolyline.LWPolyline'> LWPOLYLINE(#37D), <class 'ezdxf.entities.circle.Circle'> CIRCLE(#37E), <class 'ezdxf.entities.text.Text'> TEXT(#37F)]
 70
0
 71
1
  0
GROUP
  5
385
102
{ACAD_REACTORS
330
C
102
}
330
C
100
AcDbGroup
300
[<class 'ezdxf.entities.lwpolyline.LWPolyline'> LWPOLYLINE(#381), <class 'ezdxf.entities.lwpolyline.LWPolyline'> LWPOLYLINE(#382), <class 'ezdxf.entities.circle.Circle'> CIRCLE(#383), <class 'ezdxf.entities.text.Text'> TEXT(#384)]
 70
0
 71
1
  0
GROUP
  5
388
102
{ACAD_REACTORS
330
C
102
}
330
C
100
AcDbGroup
300
[<class 'ezdxf.entities.lwpolyline.LWPolyline'> LWPOLYLINE(#386), <class 'ezdxf.entities.text.Text'> TEXT(#387)]
 70
0
 71
1
  0
GROUP
  5
38B
102
{ACAD_REACTORS
330
C
102
}
330
C
100
AcDbGroup
300
[<class 'ezdxf.entities.lwpolyline.LWPolyline'> LWPOLYLINE(#389), <class 'ezdxf.entities.text.Text'> TEXT(#38A)]
 70
0
 71
1
  0
GROUP
  5
38E
102
{ACAD_REACTORS
330
C
102
}
330
C
100
AcDbGroup
300
[<class 'ezdxf.entities.lwpolyline.LWPolyline'> LWPOLYLINE(#38C), <class 'ezdxf.entities.text.Text'> TEXT(#38D)]
 70
0
 71
1
  0
GROUP
  5
391
102
{ACAD_REACTORS
330
C
102
}
330
C
100
AcDbGroup
300
[<class 'ezdxf.entities.lwpolyline.LWPolyline'> LWPOLYLINE(#38F), <class 'ezdxf.entities.text.Text'> TEXT(#390)]
 70
0
 71
1
  0
GROUP
  5
394
102
{ACAD_REACTORS
330
C
102
}
330
C
100
AcDbGroup
300
[<class 'ezdxf.entities.lwpolyline.LWPolyline'> LWPOLYLINE(#392), <class 'ezdxf.entities.text.Text'> TEXT(#393)]
 70
0
 71
1
  0
GROUP
  5
397
102
{ACAD_REACTORS
330
C
102
}
330
C
100
AcDbGroup
300
[<class 'ezdxf.entities.lwpolyline.LWPolyline'> LWPOLYLINE(#395), <class 'ezdxf.entities.text.Text'> TEXT(#396)]
 70
0
 71
1
  0
GROUP
  5
39A
102
{ACAD_REACTORS
330
C
102
}
330
C
100
AcDbGroup
300
[<class 'ezdxf.entities.lwpolyline.LWPolyline'> LWPOLYLINE(#398), <class 'ezdxf.entities.text.Text'> TEXT(#399)]
 70
0
 71
1
  0
GROUP
  5
39D
102
{ACAD_REACTORS
330
C
102
}
330
C
100
AcDbGroup
300
[<class 'ezdxf.entities.lwpolyline.LWPolyline'> LWPOLYLINE(#39B), <class 'ezdxf.entities.text.Text'> TEXT(#39C)]
 70
0
 71
1
  0
GROUP
  5
3A0
102
{ACAD_REACTORS
330
C
102
}
330
C
100
AcDbGroup
300
[<class 'ezdxf.entities.lwpolyline.LWPolyline'> LWPOLYLINE(#39E), <class 'ezdxf.entities.text.Text'> TEXT(#39F)]
 70
0
 71
1
  0
GROUP
  5
3A3
102
{ACAD_REACTORS
330
C
102
}
330
C
100
AcDbGroup
300
[<class 'ezdxf.entities.lwpolyline.LWPolyline'> LWPOLYLINE(#3A1), <class 'ezdxf.entities.text.Text'> TEXT(#3A2)]
 70
0
 71
1
  0
GROUP
  5
3A6
102
{ACAD_REACTORS
330
C
102
}
330
C
100
AcDbGroup
300
[<class 'ezdxf.entities.lwpolyline.LWPolyline'> LWPOLYLINE(#3A4), <class 'ezdxf.entities.text.Text'> TEXT(#3A5)]
 70
0
 71
1
  0
GROUP
  5
3A9
102
{ACAD_REACTORS
330
C
102
}
330
C
100
AcDbGroup
300
[<class 'ezdxf.entities.lwpolyline.LWPolyline'> LWPOLYLINE(#3A7), <class 'ezdxf.entities.text.Text'> TEXT(#3A8)]
 70
0
 71
1
  0
GROUP
  5
3AC
102
{ACAD_REACTORS
330
C
102
}
330
C
100
AcDbGroup
300
[<class 'ezdxf.entities.lwpolyline.LWPolyline'> LWPOLYLINE(#3AA), <class 'ezdxf.entities.text.Text'> TEXT(#3AB)]
 70
0
 71
1
  0
GROUP
  5
3AF
102
{ACAD_REACTORS
330
C
102
}
330
C
100
AcDbGroup
300
[<class 'ezdxf.entities.lwpolyline.LWPolyline'> LWPOLYLINE(#3AD), <class 'ezdxf.entities.text.Text'> TEXT(#3AE)]
 70
0
 71
1
  0
GROUP
  5
3B2
102
{ACAD_REACTORS
330
C
102
}
330
C
100
AcDbGroup
300
[<class 'ezdxf.entities.lwpolyline.LWPolyline'> LWPOLYLINE(#3B0), <class 'ezdxf.entities.text.Text'> TEXT(#3B1)]
 70
0
 71
1
  0
GROUP
  5
3B5
102
{ACAD_REACTORS
330
C
102
}
330
C
100
AcDbGroup
300
[<class 'ezdxf.entities.lwpolyline.LWPolyline'> LWPOLYLINE(#3B3), <class 'ezdxf.entities.text.Text'> TEXT(#3B4)]
 70
0
 71
1
  0
GROUP
  5
3B8
102
{ACAD_REACTORS
330
C
102
}
330
C
100
AcDbGroup
300
[<class 'ezdxf.entities.lwpolyline.LWPolyline'> LWPOLYLINE(#3B6), <class 'ezdxf.entities.text.Text'> TEXT(#3B7)]
 70
0
 71
1
  0
GROUP
  5
3BB
102
{ACAD_REACTORS
330
C
102
}
330
C
100
AcDbGroup
300
[<class 'ezdxf.entities.lwpolyline.LWPolyline'> LWPOLYLINE(#3B9), <class 'ezdxf.entities.text.Text'> TEXT(#3BA)]
 70
0
 71
1
  0
GROUP
  5
3BE
102
{ACAD_REACTORS
330
C
102
}
330
C
100
AcDbGroup
300
[<class 'ezdxf.entities.lwpolyline.LWPolyline'> LWPOLYLINE(#3BC), <class 'ezdxf.entities.text.Text'> TEXT(#3BD)]
 70
0
 71
1
  0
GROUP
  5
3C1
102
{ACAD_REACTORS
330
C
102
}
330
C
100
AcDbGroup
300
[<class 'ezdxf.entities.lwpolyline.LWPolyline'> LWPOLYLINE(#3BF), <class 'ezdxf.entities.text.Text'> TEXT(#3C0)]
 70
0
 71
1
  0
GROUP
  5
3C4
102
{ACAD_REACTORS
330
C
102
}
330
C
100
AcDbGroup
300
[<class 'ezdxf.entities.lwpolyline.LWPolyline'> LWPOLYLINE(#3C2), <class 'ezdxf.entities.text.Text'> TEXT(#3C3)]
 70
0
 71
1
  0
DICTIONARYVAR
  5
3C7
330
2D
100
DictionaryVariables
280
0
  1
1.4.4 @ 2026-08-03T14:38:46.490797+00:00
  0
ENDSEC
  0
EOF
