  0
SECTION
  2
HEADER
  9
$ACADVER
  1
AC1027
  9
$ACADMAINTVER
 70
105
  9
$DWGCODEPAGE
  3
ANSI_1252
  9
$LASTSAVEDBY
  1
ezdxf
  9
$REQUIREDVERSIONS
160
0
  9
$INSBASE
 10
0.0
 20
0.0
 30
0.0
  9
$EXTMIN
 10
1e+20
 20
1e+20
 30
1e+20
  9
$EXTMAX
 10
-1e+20
 20
-1e+20
 30
-1e+20
  9
$LIMMIN
 10
0.0
 20
0.0
  9
$LIMMAX
 10
420.0
 20
297.0
  9
$ORTHOMODE
 70
0
  9
$REGENMODE
 70
1
  9
$FILLMODE
 70
1
  9
$QTEXTMODE
 70
0
  9
$MIRRTEXT
 70
1
  9
$LTSCALE
 40
1.0
  9
$ATTMODE
 70
1
  9
$TEXTSIZE
 40
2.5
  9
$TRACEWID
 40
1.0
  9
$TEXTSTYLE
  7
Standard
  9
$CLAYER
  8
0
  9
$CELTYPE
  6
ByLayer
  9
$CECOLOR
 62
256
  9
$CELTSCALE
 40
1.0
  9
$DISPSILH
 70
0
  9
$DIMSCALE
 40
1.0
  9
$DIMASZ
 40
2.5
  9
$DIMEXO
 40
0.625
  9
$DIMDLI
 40
3.75
  9
$DIMRND
 40
0.0
  9
$DIMDLE
 40
0.0
  9
$DIMEXE
 40
1.25
  9
$DIMTP
 40
0.0
  9
$DIMTM
 40
0.0
  9
$DIMTXT
 40
2.5
  9
$DIMCEN
 40
2.5
  9
$DIMTSZ
 40
0.0
  9
$DIMTOL
 70
0
  9
$DIMLIM
 70
0
  9
$DIMTIH
 70
0
  9
$DIMTOH
 70
0
  9
$DIMSE1
 70
0
  9
$DIMSE2
 70
0
  9
$DIMTAD
 70
1
  9
$DIMZIN
 70
8
  9
$DIMBLK
  1

  9
$DIMASO
 70
1
  9
$DIMSHO
 70
1
  9
$DIMPOST
  1

  9
$DIMAPOST
  1

  9
$DIMALT
 70
0
  9
$DIMALTD
 70
3
  9
$DIMALTF
 40
0.03937007874
  9
$DIMLFAC
 40
1.0
  9
$DIMTOFL
 70
1
  9
$DIMTVP
 40
0.0
  9
$DIMTIX
 70
0
  9
$DIMSOXD
 70
0
  9
$DIMSAH
 70
0
  9
$DIMBLK1
  1

  9
$DIMBLK2
  1

  9
$DIMSTYLE
  2
ISO-25
  9
$DIMCLRD
 70
0
  9
$DIMCLRE
 70
0
  9
$DIMCLRT
 70
0
  9
$DIMTFAC
 40
1.0
  9
$DIMGAP
 40
0.625
  9
$DIMJUST
 70
0
  9
$DIMSD1
 70
0
  9
$DIMSD2
 70
0
  9
$DIMTOLJ
 70
0
  9
$DIMTZIN
 70
8
  9
$DIMALTZ
 70
0
  9
$DIMALTTZ
 70
0
  9
$DIMUPT
 70
0
  9
$DIMDEC
 70
2
  9
$DIMTDEC
 70
2
  9
$DIMALTU
 70
2
  9
$DIMALTTD
 70
3
  9
$DIMTXSTY
  7
Standard
  9
$DIMAUNIT
 70
0
  9
$DIMADEC
 70
0
  9
$DIMALTRND
 40
0.0
  9
$DIMAZIN
 70
0
  9
$DIMDSEP
 70
44
  9
$DIMATFIT
 70
3
  9
$DIMFRAC
 70
0
  9
$DIMLDRBLK
  1

  9
$DIMLUNIT
 70
2
  9
$DIMLWD
 70
-2
  9
$DIMLWE
 70
-2
  9
$DIMTMOVE
 70
0
  9
$DIMFXL
 40
1.0
  9
$DIMFXLON
 70
0
  9
$DIMJOGANG
 40
0.785398163397
  9
$DIMTFILL
 70
0
  9
$DIMTFILLCLR
 70
0
  9
$DIMARCSYM
 70
0
  9
$DIMLTYPE
  6

  9
$DIMLTEX1
  6

  9
$DIMLTEX2
  6

  9
$DIMTXTDIRECTION
 70
0
  9
$LUNITS
 70
2
  9
$LUPREC
 70
4
  9
$SKETCHINC
 40
1.0
  9
$FILLETRAD
 40
10.0
  9
$AUNITS
 70
0
  9
$AUPREC
 70
2
  9
$MENU
  1
.
  9
$ELEVATION
 40
0.0
  9
$PELEVATION
 40
0.0
  9
$THICKNESS
 40
0.0
  9
$LIMCHECK
 70
0
  9
$CHAMFERA
 40
0.0
  9
$CHAMFERB
 40
0.0
  9
$CHAMFERC
 40
0.0
  9
$CHAMFERD
 40
0.0
  9
$SKPOLY
 70
0
  9
$TDCREATE
 40
2461256.9642708334
  9
$TDUCREATE
 40
2458532.153996898
  9
$TDUPDATE
 40
2461256.9642824074
  9
$TDUUPDATE
 40
2458532.1544311
  9
$TDINDWG
 40
0.0
  9
$TDUSRTIMER
 40
0.0
  9
$USRTIMER
 70
1
  9
$ANGBASE
 50
0.0
  9
$ANGDIR
 70
0
  9
$PDMODE
 70
0
  9
$PDSIZE
 40
0.0
  9
$PLINEWID
 40
0.0
  9
$SPLFRAME
 70
0
  9
$SPLINETYPE
 70
6
  9
$SPLINESEGS
 70
8
  9
$HANDSEED
  5
A79
  9
$SURFTAB1
 70
6
  9
$SURFTAB2
 70
6
  9
$SURFTYPE
 70
6
  9
$SURFU
 70
6
  9
$SURFV
 70
6
  9
$UCSBASE
  2

  9
$UCSNAME
  2

  9
$UCSORG
 10
0.0
 20
0.0
 30
0.0
  9
$UCSXDIR
 10
1.0
 20
0.0
 30
0.0
  9
$UCSYDIR
 10
0.0
 20
1.0
 30
0.0
  9
$UCSORTHOREF
  2

  9
$UCSORTHOVIEW
 70
0
  9
$UCSORGTOP
 10
0.0
 20
0.0
 30
0.0
  9
$UCSORGBOTTOM
 10
0.0
 20
0.0
 30
0.0
  9
$UCSORGLEFT
 10
0.0
 20
0.0
 30
0.0
  9
$UCSORGRIGHT
 10
0.0
 20
0.0
 30
0.0
  9
$UCSORGFRONT
 10
0.0
 20
0.0
 30
0.0
  9
$UCSORGBACK
 10
0.0
 20
0.0
 30
0.0
  9
$PUCSBASE
  2

  9
$PUCSNAME
  2

  9
$PUCSORG
 10
0.0
 20
0.0
 30
0.0
  9
$PUCSXDIR
 10
1.0
 20
0.0
 30
0.0
  9
$PUCSYDIR
 10
0.0
 20
1.0
 30
0.0
  9
$PUCSORTHOREF
  2

  9
$PUCSORTHOVIEW
 70
0
  9
$PUCSORGTOP
 10
0.0
 20
0.0
 30
0.0
  9
$PUCSORGBOTTOM
 10
0.0
 20
0.0
 30
0.0
  9
$PUCSORGLEFT
 10
0.0
 20
0.0
 30
0.0
  9
$PUCSORGRIGHT
 10
0.0
 20
0.0
 30
0.0
  9
$PUCSORGFRONT
 10
0.0
 20
0.0
 30
0.0
  9
$PUCSORGBACK
 10
0.0
 20
0.0
 30
0.0
  9
$USERI1
 70
0
  9
$USERI2
 70
0
  9
$USERI3
 70
0
  9
$USERI4
 70
0
  9
$USERI5
 70
0
  9
$USERR1
 40
0.0
  9
$USERR2
 40
0.0
  9
$USERR3
 40
0.0
  9
$USERR4
 40
0.0
  9
$USERR5
 40
0.0
  9
$WORLDVIEW
 70
1
  9
$SHADEDGE
 70
3
  9
$SHADEDIF
 70
70
  9
$TILEMODE
 70
1
  9
$MAXACTVP
 70
64
  9
$PINSBASE
 10
0.0
 20
0.0
 30
0.0
  9
$PLIMCHECK
 70
0
  9
$PEXTMIN
 10
1e+20
 20
1e+20
 30
1e+20
  9
$PEXTMAX
 10
-1e+20
 20
-1e+20
 30
-1e+20
  9
$PLIMMIN
 10
0.0
 20
0.0
  9
$PLIMMAX
 10
420.0
 20
297.0
  9
$UNITMODE
 70
0
  9
$VISRETAIN
 70
1
  9
$PLINEGEN
 70
0
  9
$PSLTSCALE
 70
1
  9
$TREEDEPTH
 70
3020
  9
$CMLSTYLE
  2
Standard
  9
$CMLJUST
 70
0
  9
$CMLSCALE
 40
20.0
  9
$PROXYGRAPHICS
 70
1
  9
$MEASUREMENT
 70
1
  9
$CELWEIGHT
370
-1
  9
$ENDCAPS
280
0
  9
$JOINSTYLE
280
0
  9
$LWDISPLAY
290
0
  9
$INSUNITS
 70
4
  9
$HYPERLINKBASE
  1

  9
$STYLESHEET
  1

  9
$XEDIT
290
1
  9
$CEPSNTYPE
380
0
  9
$PSTYLEMODE
290
1
  9
$FINGERPRINTGUID
  2
{6C503812-E7CC-486F-8578-77EA15D7D115}
  9
$VERSIONGUID
  2
{AAD31199-02B3-444D-841A-662ED05CD7E8}
  9
$EXTNAMES
290
1
  9
$PSVPSCALE
 40
0.0
  9
$OLESTARTUP
290
0
  9
$SORTENTS
280
127
  9
$INDEXCTL
280
0
  9
$HIDETEXT
280
1
  9
$XCLIPFRAME
280
1
  9
$HALOGAP
280
0
  9
$OBSCOLOR
 70
257
  9
$OBSLTYPE
280
0
  9
$INTERSECTIONDISPLAY
280
0
  9
$INTERSECTIONCOLOR
 70
257
  9
$DIMASSOC
280
2
  9
$PROJECTNAME
  1

  9
$CAMERADISPLAY
290
0
  9
$LENSLENGTH
 40
50.0
  9
$CAMERAHEIGHT
 40
0.0
  9
$STEPSPERSEC
 40
24.0
  9
$STEPSIZE
 40
100.0
  9
$3DDWFPREC
 40
2.0
  9
$PSOLWIDTH
 40
0.005
  9
$PSOLHEIGHT
 40
0.08
  9
$LOFTANG1
 40
1.570796326795
  9
$LOFTANG2
 40
1.570796326795
  9
$LOFTMAG1
 40
0.0
  9
$LOFTMAG2
 40
0.0
  9
$LOFTPARAM
 70
7
  9
$LOFTNORMALS
280
1
  9
$LATITUDE
 40
37.795
  9
$LONGITUDE
 40
-122.394
  9
$NORTHDIRECTION
 40
0.0
  9
$TIMEZONE
 70
-8000
  9
$LIGHTGLYPHDISPLAY
280
1
  9
$TILEMODELIGHTSYNCH
280
1
  9
$CMATERIAL
347
20
  9
$SOLIDHIST
280
0
  9
$SHOWHIST
280
1
  9
$DWFFRAME
280
2
  9
$DGNFRAME
280
2
  9
$REALWORLDSCALE
290
1
  9
$INTERFERECOLOR
 62
256
  9
$CSHADOW
280
0
  9
$SHADOWPLANELOCATION
 40
0.0
  0
ENDSEC
  0
SECTION
  2
CLASSES
  0
CLASS
  1
ACDBDICTIONARYWDFLT
  2
AcDbDictionaryWithDefault
  3
ObjectDBX Classes
 90
0
 91
0
280
0
281
0
  0
CLASS
  1
SUN
  2
AcDbSun
  3
SCENEOE
 90
1153
 91
0
280
0
281
0
  0
CLASS
  1
VISUALSTYLE
  2
AcDbVisualStyle
  3
ObjectDBX Classes
 90
4095
 91
0
280
0
281
0
  0
CLASS
  1
MATERIAL
  2
AcDbMaterial
  3
ObjectDBX Classes
 90
1153
 91
0
280
0
281
0
  0
CLASS
  1
SCALE
  2
AcDbScale
  3
ObjectDBX Classes
 90
1153
 91
0
280
0
281
0
  0
CLASS
  1
TABLESTYLE
  2
AcDbTableStyle
  3
ObjectDBX Classes
 90
4095
 91
0
280
0
281
0
  0
CLASS
  1
MLEADERSTYLE
  2
AcDbMLeaderStyle
  3
ACDB_MLEADERSTYLE_CLASS
 90
4095
 91
0
280
0
281
0
  0
CLASS
  1
DICTIONARYVAR
  2
AcDbDictionaryVar
  3
ObjectDBX Classes
 90
0
 91
0
280
0
281
0
  0
CLASS
  1
CELLSTYLEMAP
  2
AcDbCellStyleMap
  3
ObjectDBX Classes
 90
1152
 91
0
280
0
281
0
  0
CLASS
  1
MENTALRAYRENDERSETTINGS
  2
AcDbMentalRayRenderSettings
  3
SCENEOE
 90
1024
 91
0
280
0
281
0
  0
CLASS
  1
ACDBDETAILVIEWSTYLE
  2
AcDbDetailViewStyle
  3
ObjectDBX Classes
 90
1025
 91
0
280
0
281
0
  0
CLASS
  1
ACDBSECTIONVIEWSTYLE
  2
AcDbSectionViewStyle
  3
ObjectDBX Classes
 90
1025
 91
0
280
0
281
0
  0
CLASS
  1
RASTERVARIABLES
  2
AcDbRasterVariables
  3
ISM
 90
0
 91
0
280
0
281
0
  0
CLASS
  1
LAYOUT
  2
AcDbLayout
  3
ObjectDBX Classes
 90
0
 91
0
280
0
281
0
  0
CLASS
  1
ACDBPLACEHOLDER
  2
AcDbPlaceHolder
  3
ObjectDBX Classes
 90
0
 91
0
280
0
281
0
  0
ENDSEC
  0
SECTION
  2
TABLES
  0
TABLE
  2
VPORT
  5
8
330
0
100
AcDbSymbolTable
 70
1
  0
VPORT
  5
23
330
8
100
AcDbSymbolTableRecord
100
AcDbViewportTableRecord
  2
*Active
 70
0
 10
0.0
 20
0.0
 11
1.0
 21
1.0
 12
0.0
 22
0.0
 13
0.0
 23
0.0
 14
0.5
 24
0.5
 15
0.5
 25
0.5
 16
0.0
 26
0.0
 36
1.0
 17
0.0
 27
0.0
 37
0.0
 40
1000.0
 41
1.34
 42
50.0
 43
0.0
 44
0.0
 50
0.0
 51
0.0
 71
0
 72
1000
 73
1
 74
3
 75
0
 76
0
 77
0
 78
0
281
0
 65
0
146
0.0
  0
ENDTAB
  0
TABLE
  2
LTYPE
  5
2
330
0
100
AcDbSymbolTable
 70
3
  0
LTYPE
  5
24
330
2
100
AcDbSymbolTableRecord
100
AcDbLinetypeTableRecord
  2
ByBlock
 70
0
  3

 72
65
 73
0
 40
0.0
  0
LTYPE
  5
25
330
2
100
AcDbSymbolTableRecord
100
AcDbLinetypeTableRecord
  2
ByLayer
 70
0
  3

 72
65
 73
0
 40
0.0
  0
LTYPE
  5
26
330
2
100
AcDbSymbolTableRecord
100
AcDbLinetypeTableRecord
  2
Continuous
 70
0
  3

 72
65
 73
0
 40
0.0
  0
ENDTAB
  0
TABLE
  2
LAYER
  5
1
330
0
100
AcDbSymbolTable
 70
3
  0
LAYER
  5
27
330
1
100
AcDbSymbolTableRecord
100
AcDbLayerTableRecord
  2
0
 70
0
 62
7
  6
Continuous
370
-3
390
13
347
21
  0
LAYER
  5
28
330
1
100
AcDbSymbolTableRecord
100
AcDbLayerTableRecord
  2
Defpoints
 70
0
 62
7
  6
Continuous
290
0
370
-3
390
13
347
21
  0
LAYER
  5
2F
330
1
100
AcDbSymbolTableRecord
100
AcDbLayerTableRecord
  2
NESTED_RESULT
 70
0
 62
7
  6
Continuous
370
-3
390
13
347
21
  0
ENDTAB
  0
TABLE
  2
STYLE
  5
5
330
0
100
AcDbSymbolTable
 70
1
  0
STYLE
  5
29
330
5
100
AcDbSymbolTableRecord
100
AcDbTextStyleTableRecord
  2
Standard
 70
0
 40
0.0
 41
1.0
 50
0.0
 71
0
 42
2.5
  3
txt
  4

  0
ENDTAB
  0
TABLE
  2
VIEW
  5
7
330
0
100
AcDbSymbolTable
 70
0
  0
ENDTAB
  0
TABLE
  2
UCS
  5
6
330
0
100
AcDbSymbolTable
 70
0
  0
ENDTAB
  0
TABLE
  2
APPID
  5
3
330
0
100
AcDbSymbolTable
 70
3
  0
APPID
  5
2A
330
3
100
AcDbSymbolTableRecord
100
AcDbRegAppTableRecord
  2
ACAD
 70
0
  0
APPID
  5
A76
330
3
100
AcDbSymbolTableRecord
100
AcDbRegAppTableRecord
  2
HATCHBACKGROUNDCOLOR
 70
0
  0
APPID
  5
A77
330
3
100
AcDbSymbolTableRecord
100
AcDbRegAppTableRecord
  2
EZDXF
 70
0
  0
ENDTAB
  0
TABLE
  2
DIMSTYLE
  5
4
330
0
100
AcDbSymbolTable
 70
1
100
AcDbDimStyleTable
  0
DIMSTYLE
105
2B
330
4
100
AcDbSymbolTableRecord
100
AcDbDimStyleTableRecord
  2
Standard
 70
0
 40
1.0
 41
2.5
 42
0.625
 43
3.75
 44
1.25
 45
0.0
 46
0.0
 47
0.0
 48
0.0
 49
2.5
140
2.5
141
2.5
142
0.0
143
0.03937007874
144
1.0
145
0.0
146
1.0
147
0.625
148
0.0
 69
0
 70
0
 71
0
 72
0
 73
0
 74
0
 75
0
 76
0
 77
1
 78
8
 79
3
170
0
171
3
172
1
173
0
174
0
175
0
176
0
177
0
178
0
179
2
271
2
272
2
273
2
274
3
275
0
276
0
277
2
278
44
279
0
280
0
281
0
282
0
283
0
284
8
285
0
286
0
288
0
289
3
290
0
371
-2
372
-2
  0
ENDTAB
  0
TABLE
  2
BLOCK_RECORD
  5
9
330
0
100
AcDbSymbolTable
 70
2
  0
BLOCK_RECORD
  5
17
330
9
100
AcDbSymbolTableRecord
100
AcDbBlockTableRecord
  2
*Model_Space
340
1A
 70
0
280
1
281
0
  0
BLOCK_RECORD
  5
1B
330
9
100
AcDbSymbolTableRecord
100
AcDbBlockTableRecord
  2
*Paper_Space
340
1E
 70
0
280
1
281
0
  0
ENDTAB
  0
ENDSEC
  0
SECTION
  2
BLOCKS
  0
BLOCK
  5
18
330
17
100
AcDbEntity
  8
0
100
AcDbBlockBegin
  2
*Model_Space
 70
0
 10
0.0
 20
0.0
 30
0.0
  3
*Model_Space
  1

  0
ENDBLK
  5
19
330
17
100
AcDbEntity
  8
0
100
AcDbBlockEnd
  0
BLOCK
  5
1C
330
1B
100
AcDbEntity
  8
0
100
AcDbBlockBegin
  2
*Paper_Space
 70
0
 10
0.0
 20
0.0
 30
0.0
  3
*Paper_Space
  1

  0
ENDBLK
  5
1D
330
1B
100
AcDbEntity
  8
0
100
AcDbBlockEnd
  0
ENDSEC
  0
SECTION
  2
ENTITIES
  0
LWPOLYLINE
  5
30
330
17
100
AcDbEntity
  8
NESTED_RESULT
 62
1
100
AcDbPolyline
 90
5
 70
0
 10
0.0
 20
0.0
 10
3200.0
 20
0.0
 10
3200.0
 20
1600.0
 10
0.0
 20
1600.0
 10
0.0
 20
0.0
  0
TEXT
  5
31
330
17
100
AcDbEntity
  8
NESTED_RESULT
 62
1
100
AcDbText
 10
0.0
 20
1630.0
 30
0.0
 40
50.0
  1
Sheet_1
 11
0.0
 21
1630.0
 31
0.0
100
AcDbText
 73
1
  0
LWPOLYLINE
  5
32
330
17
100
AcDbEntity
  8
NESTED_RESULT
100
AcDbPolyline
 90
8
 70
0
 10
644.5250000000087
 20
1296.9874999999884
 10
2539.9691390982043
 20
1296.9874999999884
 10
2539.9691390982043
 20
652.4624999999942
 10
644.5250000000087
 20
652.4624999999942
 10
644.5250000000087
 20
0.0
 10
0.0
 20
0.0
 10
0.0
 20
1296.9874999999884
 10
644.5250000000087
 20
1296.9874999999884
  0
TEXT
  5
33
330
17
100
AcDbEntity
  8
NESTED_RESULT
100
AcDbText
 10
377.64677873798985
 20
919.4816684047587
 30
0.0
 40
80.0
  1
P-0015
 72
1
 11
377.64677873798985
 21
919.4816684047587
 31
0.0
100
AcDbText
 73
2
  0
LWPOLYLINE
  5
34
330
17
100
AcDbEntity
  8
NESTED_RESULT
100
AcDbPolyline
 90
8
 70
0
 10
2539.9749999999913
 20
0.0
 10
644.5308609016938
 20
0.0
 10
644.5308609016938
 20
644.5249999999942
 10
2539.9749999999913
 20
644.5249999999942
 10
2539.9749999999913
 20
1296.9874999999884
 10
3184.5
 20
1296.9874999999884
 10
3184.5
 20
0.0
 10
2539.9749999999913
 20
0.0
  0
TEXT
  5
35
330
17
100
AcDbEntity
  8
NESTED_RESULT
100
AcDbText
 10
2806.8532212619953
 20
377.50583159521887
 30
0.0
 40
80.0
  1
P-0011
 72
1
 11
2806.8532212619953
 21
377.50583159521887
 31
0.0
100
AcDbText
 73
2
  0
LWPOLYLINE
  5
36
330
17
100
AcDbEntity
  8
NESTED_RESULT
100
AcDbPolyline
 90
5
 70
0
 10
0.0
 20
1296.9874999999884
 10
1250.9500000000007
 20
1296.9874999999884
 10
1250.9500000000007
 20
1398.587500000096
 10
0.0
 20
1398.587500000096
 10
0.0
 20
1296.9874999999884
  0
TEXT
  5
37
330
17
100
AcDbEntity
  8
NESTED_RESULT
100
AcDbText
 10
625.4750000000004
 20
1347.7875000000422
 30
0.0
 40
30.0
  1
P-0664
 72
1
 11
625.4750000000004
 21
1347.7875000000422
 31
0.0
100
AcDbText
 73
2
  0
LWPOLYLINE
  5
38
330
17
100
AcDbEntity
  8
NESTED_RESULT
100
AcDbPolyline
 90
5
 70
0
 10
1250.9500000000007
 20
1296.9874999999884
 10
2501.8999999999974
 20
1296.9874999999884
 10
2501.8999999999974
 20
1398.587500000096
 10
1250.9500000000007
 20
1398.587500000096
 10
1250.9500000000007
 20
1296.9874999999884
  0
TEXT
  5
39
330
17
100
AcDbEntity
  8
NESTED_RESULT
100
AcDbText
 10
1876.424999999999
 20
1347.7875000000422
 30
0.0
 40
30.0
  1
P-0665
 72
1
 11
1876.424999999999
 21
1347.7875000000422
 31
0.0
100
AcDbText
 73
2
  0
LWPOLYLINE
  5
3A
330
17
100
AcDbEntity
  8
NESTED_RESULT
100
AcDbPolyline
 90
5
 70
0
 10
0.0
 20
1398.587500000096
 10
1250.9500000000007
 20
1398.587500000096
 10
1250.9500000000007
 20
1500.1875000001164
 10
0.0
 20
1500.1875000001164
 10
0.0
 20
1398.587500000096
  0
TEXT
  5
3B
330
17
100
AcDbEntity
  8
NESTED_RESULT
100
AcDbText
 10
625.4750000000004
 20
1449.3875000001062
 30
0.0
 40
30.0
  1
P-0666
 72
1
 11
625.4750000000004
 21
1449.3875000001062
 31
0.0
100
AcDbText
 73
2
  0
LWPOLYLINE
  5
3C
330
17
100
AcDbEntity
  8
NESTED_RESULT
100
AcDbPolyline
 90
5
 70
0
 10
1250.9500000000007
 20
1398.587500000096
 10
2501.8999999999987
 20
1398.587500000096
 10
2501.8999999999987
 20
1500.1875000001164
 10
1250.9500000000007
 20
1500.1875000001164
 10
1250.9500000000007
 20
1398.587500000096
  0
TEXT
  5
3D
330
17
100
AcDbEntity
  8
NESTED_RESULT
100
AcDbText
 10
1876.4249999999997
 20
1449.3875000001062
 30
0.0
 40
30.0
  1
P-0667
 72
1
 11
1876.4249999999997
 21
1449.3875000001062
 31
0.0
100
AcDbText
 73
2
  0
LWPOLYLINE
  5
3E
330
17
100
AcDbEntity
  8
NESTED_RESULT
100
AcDbPolyline
 90
5
 70
0
 10
3090.86250000001
 20
1296.9874999999884
 10
3090.86250000001
 20
1398.5874999999942
 10
2501.9000000000015
 20
1398.5874999999942
 10
2501.9000000000015
 20
1296.9874999999884
 10
3090.86250000001
 20
1296.9874999999884
  0
TEXT
  5
3F
330
17
100
AcDbEntity
  8
NESTED_RESULT
100
AcDbText
 10
2796.381250000006
 20
1347.7874999999913
 30
0.0
 40
30.0
  1
P-0934
 72
1
 11
2796.381250000006
 21
1347.7874999999913
 31
0.0
100
AcDbText
 73
2
  0
LWPOLYLINE
  5
40
330
17
100
AcDbEntity
  8
NESTED_RESULT
100
AcDbPolyline
 90
5
 70
0
 10
3090.86250000001
 20
1398.5874999999942
 10
3090.86250000001
 20
1500.1875
 10
2501.9000000000015
 20
1500.1875
 10
2501.9000000000015
 20
1398.5874999999942
 10
3090.86250000001
 20
1398.5874999999942
  0
TEXT
  5
41
330
17
100
AcDbEntity
  8
NESTED_RESULT
100
AcDbText
 10
2796.381250000006
 20
1449.387499999997
 30
0.0
 40
30.0
  1
P-0935
 72
1
 11
2796.381250000006
 21
1449.387499999997
 31
0.0
100
AcDbText
 73
2
  0
LWPOLYLINE
  5
42
330
17
100
AcDbEntity
  8
NESTED_RESULT
 62
1
100
AcDbPolyline
 90
5
 70
0
 10
3400.0
 20
0.0
 10
6600.0
 20
0.0
 10
6600.0
 20
1600.0
 10
3400.0
 20
1600.0
 10
3400.0
 20
0.0
  0
TEXT
  5
43
330
17
100
AcDbEntity
  8
NESTED_RESULT
 62
1
100
AcDbText
 10
3400.0
 20
1630.0
 30
0.0
 40
50.0
  1
Sheet_2
 11
3400.0
 21
1630.0
 31
0.0
100
AcDbText
 73
1
  0
LWPOLYLINE
  5
44
330
17
100
AcDbEntity
  8
NESTED_RESULT
100
AcDbPolyline
 90
8
 70
0
 10
4044.5250000000087
 20
1296.9874999999884
 10
5939.969139098306
 20
1296.9874999999884
 10
5939.969139098306
 20
652.4624999999942
 10
4044.5250000000087
 20
652.4624999999942
 10
4044.5250000000087
 20
0.0
 10
3400.0
 20
0.0
 10
3400.0
 20
1296.9874999999884
 10
4044.5250000000087
 20
1296.9874999999884
  0
TEXT
  5
45
330
17
100
AcDbEntity
  8
NESTED_RESULT
100
AcDbText
 10
3777.646778738005
 20
919.4816684047696
 30
0.0
 40
80.0
  1
P-0012
 72
1
 11
3777.646778738005
 21
919.4816684047696
 31
0.0
100
AcDbText
 73
2
  0
LWPOLYLINE
  5
46
330
17
100
AcDbEntity
  8
NESTED_RESULT
100
AcDbPolyline
 90
8
 70
0
 10
5939.974999999991
 20
0.0
 10
4044.530860901694
 20
0.0
 10
4044.530860901694
 20
644.5249999999942
 10
5939.974999999991
 20
644.5249999999942
 10
5939.974999999991
 20
1296.9874999999884
 10
6584.5
 20
1296.9874999999884
 10
6584.5
 20
0.0
 10
5939.974999999991
 20
0.0
  0
TEXT
  5
47
330
17
100
AcDbEntity
  8
NESTED_RESULT
100
AcDbText
 10
6206.853221261996
 20
377.50583159521887
 30
0.0
 40
80.0
  1
P-0013
 72
1
 11
6206.853221261996
 21
377.50583159521887
 31
0.0
100
AcDbText
 73
2
  0
LWPOLYLINE
  5
48
330
17
100
AcDbEntity
  8
NESTED_RESULT
100
AcDbPolyline
 90
5
 70
0
 10
3400.0
 20
1296.9874999999884
 10
4650.949999999997
 20
1296.9874999999884
 10
4650.949999999997
 20
1398.5875000000087
 10
3400.0
 20
1398.5875000000087
 10
3400.0
 20
1296.9874999999884
  0
TEXT
  5
49
330
17
100
AcDbEntity
  8
NESTED_RESULT
100
AcDbText
 10
4025.4749999999985
 20
1347.7874999999985
 30
0.0
 40
30.0
  1
P-0668
 72
1
 11
4025.4749999999985
 21
1347.7874999999985
 31
0.0
100
AcDbText
 73
2
  0
LWPOLYLINE
  5
4A
330
17
100
AcDbEntity
  8
NESTED_RESULT
100
AcDbPolyline
 90
5
 70
0
 10
4650.949999999997
 20
1296.9874999999884
 10
5901.899999999989
 20
1296.9874999999884
 10
5901.899999999989
 20
1398.5875000000087
 10
4650.949999999997
 20
1398.5875000000087
 10
4650.949999999997
 20
1296.9874999999884
  0
TEXT
  5
4B
330
17
100
AcDbEntity
  8
NESTED_RESULT
100
AcDbText
 10
5276.424999999993
 20
1347.7874999999985
 30
0.0
 40
30.0
  1
P-0669
 72
1
 11
5276.424999999993
 21
1347.7874999999985
 31
0.0
100
AcDbText
 73
2
  0
LWPOLYLINE
  5
4C
330
17
100
AcDbEntity
  8
NESTED_RESULT
100
AcDbPolyline
 90
5
 70
0
 10
3400.0
 20
1398.5875000000087
 10
4650.94999999999
 20
1398.5875000000087
 10
4650.94999999999
 20
1500.187500000029
 10
3400.0
 20
1500.187500000029
 10
3400.0
 20
1398.5875000000087
  0
TEXT
  5
4D
330
17
100
AcDbEntity
  8
NESTED_RESULT
100
AcDbText
 10
4025.474999999995
 20
1449.387500000019
 30
0.0
 40
30.0
  1
P-0670
 72
1
 11
4025.474999999995
 21
1449.387500000019
 31
0.0
100
AcDbText
 73
2
  0
LWPOLYLINE
  5
4E
330
17
100
AcDbEntity
  8
NESTED_RESULT
100
AcDbPolyline
 90
5
 70
0
 10
4650.94999999999
 20
1398.5875000000087
 10
5444.700000000001
 20
1398.5875000000087
 10
5444.700000000001
 20
1500.187500000029
 10
4650.94999999999
 20
1500.187500000029
 10
4650.94999999999
 20
1398.5875000000087
  0
TEXT
  5
4F
330
17
100
AcDbEntity
  8
NESTED_RESULT
100
AcDbText
 10
5047.824999999995
 20
1449.387500000019
 30
0.0
 40
30.0
  1
P-0835
 72
1
 11
5047.824999999995
 21
1449.387500000019
 31
0.0
100
AcDbText
 73
2
  0
LWPOLYLINE
  5
50
330
17
100
AcDbEntity
  8
NESTED_RESULT
100
AcDbPolyline
 90
5
 70
0
 10
5444.700000000001
 20
1398.5875000000087
 10
6238.450000000001
 20
1398.5875000000087
 10
6238.450000000001
 20
1500.187500000029
 10
5444.700000000001
 20
1500.187500000029
 10
5444.700000000001
 20
1398.5875000000087
  0
TEXT
  5
51
330
17
100
AcDbEntity
  8
NESTED_RESULT
100
AcDbText
 10
5841.575000000001
 20
1449.387500000019
 30
0.0
 40
30.0
  1
P-0836
 72
1
 11
5841.575000000001
 21
1449.387500000019
 31
0.0
100
AcDbText
 73
2
  0
LWPOLYLINE
  5
52
330
17
100
AcDbEntity
  8
NESTED_RESULT
100
AcDbPolyline
 90
5
 70
0
 10
6490.9316390983
 20
1296.9874999999884
 10
6490.9316390983
 20
1398.5874999999942
 10
5901.969139098306
 20
1398.5874999999942
 10
5901.969139098306
 20
1296.9874999999884
 10
6490.9316390983
 20
1296.9874999999884
  0
TEXT
  5
53
330
17
100
AcDbEntity
  8
NESTED_RESULT
100
AcDbText
 10
6196.450389098303
 20
1347.7874999999913
 30
0.0
 40
30.0
  1
P-0937
 72
1
 11
6196.450389098303
 21
1347.7874999999913
 31
0.0
100
AcDbText
 73
2
  0
LWPOLYLINE
  5
54
330
17
100
AcDbEntity
  8
NESTED_RESULT
 62
1
100
AcDbPolyline
 90
5
 70
0
 10
6800.0
 20
0.0
 10
10000.0
 20
0.0
 10
10000.0
 20
1600.0
 10
6800.0
 20
1600.0
 10
6800.0
 20
0.0
  0
TEXT
  5
55
330
17
100
AcDbEntity
  8
NESTED_RESULT
 62
1
100
AcDbText
 10
6800.0
 20
1630.0
 30
0.0
 40
50.0
  1
Sheet_3
 11
6800.0
 21
1630.0
 31
0.0
100
AcDbText
 73
1
  0
LWPOLYLINE
  5
56
330
17
100
AcDbEntity
  8
NESTED_RESULT
100
AcDbPolyline
 90
8
 70
0
 10
7444.525000000009
 20
1296.9874999999884
 10
9339.969139098204
 20
1296.9874999999884
 10
9339.969139098204
 20
652.4624999999942
 10
7444.525000000009
 20
652.4624999999942
 10
7444.525000000009
 20
0.0
 10
6800.0
 20
0.0
 10
6800.0
 20
1296.9874999999884
 10
7444.525000000009
 20
1296.9874999999884
  0
TEXT
  5
57
330
17
100
AcDbEntity
  8
NESTED_RESULT
100
AcDbText
 10
7177.64677873799
 20
919.4816684047587
 30
0.0
 40
80.0
  1
P-0014
 72
1
 11
7177.64677873799
 21
919.4816684047587
 31
0.0
100
AcDbText
 73
2
  0
LWPOLYLINE
  5
58
330
17
100
AcDbEntity
  8
NESTED_RESULT
100
AcDbPolyline
 90
8
 70
0
 10
9339.974999999991
 20
0.0
 10
7444.530860901796
 20
0.0
 10
7444.530860901796
 20
644.5249999999942
 10
9339.974999999991
 20
644.5249999999942
 10
9339.974999999991
 20
1296.9874999999884
 10
9984.5
 20
1296.9874999999884
 10
9984.5
 20
0.0
 10
9339.974999999991
 20
0.0
  0
TEXT
  5
59
330
17
100
AcDbEntity
  8
NESTED_RESULT
100
AcDbText
 10
9606.85322126201
 20
377.50583159522967
 30
0.0
 40
80.0
  1
P-0016
 72
1
 11
9606.85322126201
 21
377.50583159522967
 31
0.0
100
AcDbText
 73
2
  0
LWPOLYLINE
  5
5A
330
17
100
AcDbEntity
  8
NESTED_RESULT
100
AcDbPolyline
 90
5
 70
0
 10
6800.0
 20
1296.9874999999884
 10
7593.75
 20
1296.9874999999884
 10
7593.75
 20
1398.5875000000087
 10
6800.0
 20
1398.5875000000087
 10
6800.0
 20
1296.9874999999884
  0
TEXT
  5
5B
330
17
100
AcDbEntity
  8
NESTED_RESULT
100
AcDbText
 10
7196.875
 20
1347.7874999999985
 30
0.0
 40
30.0
  1
P-0837
 72
1
 11
7196.875
 21
1347.7874999999985
 31
0.0
100
AcDbText
 73
2
  0
LWPOLYLINE
  5
5C
330
17
100
AcDbEntity
  8
NESTED_RESULT
100
AcDbPolyline
 90
5
 70
0
 10
7593.75
 20
1296.9874999999884
 10
8387.5
 20
1296.9874999999884
 10
8387.5
 20
1398.5875000000087
 10
7593.75
 20
1398.5875000000087
 10
7593.75
 20
1296.9874999999884
  0
TEXT
  5
5D
330
17
100
AcDbEntity
  8
NESTED_RESULT
100
AcDbText
 10
7990.625
 20
1347.7874999999985
 30
0.0
 40
30.0
  1
P-0838
 72
1
 11
7990.625
 21
1347.7874999999985
 31
0.0
100
AcDbText
 73
2
  0
LWPOLYLINE
  5
5E
330
17
100
AcDbEntity
  8
NESTED_RESULT
100
AcDbPolyline
 90
5
 70
0
 10
8387.5
 20
1296.9874999999884
 10
9181.25
 20
1296.9874999999884
 10
9181.25
 20
1398.5875000000087
 10
8387.5
 20
1398.5875000000087
 10
8387.5
 20
1296.9874999999884
  0
TEXT
  5
5F
330
17
100
AcDbEntity
  8
NESTED_RESULT
100
AcDbText
 10
8784.375
 20
1347.7874999999985
 30
0.0
 40
30.0
  1
P-0839
 72
1
 11
8784.375
 21
1347.7874999999985
 31
0.0
100
AcDbText
 73
2
  0
LWPOLYLINE
  5
60
330
17
100
AcDbEntity
  8
NESTED_RESULT
100
AcDbPolyline
 90
5
 70
0
 10
9181.25
 20
1296.9874999999884
 10
9975.0
 20
1296.9874999999884
 10
9975.0
 20
1398.5875000000087
 10
9181.25
 20
1398.5875000000087
 10
9181.25
 20
1296.9874999999884
  0
TEXT
  5
61
330
17
100
AcDbEntity
  8
NESTED_RESULT
100
AcDbText
 10
9578.125
 20
1347.7874999999985
 30
0.0
 40
30.0
  1
P-0840
 72
1
 11
9578.125
 21
1347.7874999999985
 31
0.0
100
AcDbText
 73
2
  0
LWPOLYLINE
  5
62
330
17
100
AcDbEntity
  8
NESTED_RESULT
100
AcDbPolyline
 90
5
 70
0
 10
6800.0
 20
1398.5875000000087
 10
7746.1500000000015
 20
1398.5875000000087
 10
7746.1500000000015
 20
1500.1875000000218
 10
6800.0
 20
1500.1875000000218
 10
6800.0
 20
1398.5875000000087
  0
TEXT
  5
63
330
17
100
AcDbEntity
  8
NESTED_RESULT
100
AcDbText
 10
7273.075000000001
 20
1449.3875000000153
 30
0.0
 40
30.0
  1
P-0731
 72
1
 11
7273.075000000001
 21
1449.3875000000153
 31
0.0
100
AcDbText
 73
2
  0
LWPOLYLINE
  5
64
330
17
100
AcDbEntity
  8
NESTED_RESULT
100
AcDbPolyline
 90
5
 70
0
 10
7746.1500000000015
 20
1398.5875000000087
 10
8692.3
 20
1398.5875000000087
 10
8692.3
 20
1500.1875000000218
 10
7746.1500000000015
 20
1500.1875000000218
 10
7746.1500000000015
 20
1398.5875000000087
  0
TEXT
  5
65
330
17
100
AcDbEntity
  8
NESTED_RESULT
100
AcDbText
 10
8219.225
 20
1449.3875000000153
 30
0.0
 40
30.0
  1
P-0732
 72
1
 11
8219.225
 21
1449.3875000000153
 31
0.0
100
AcDbText
 73
2
  0
LWPOLYLINE
  5
66
330
17
100
AcDbEntity
  8
NESTED_RESULT
100
AcDbPolyline
 90
5
 70
0
 10
8692.3
 20
1398.5875000000087
 10
9638.449999999997
 20
1398.5875000000087
 10
9638.449999999997
 20
1500.1875000000218
 10
8692.3
 20
1500.1875000000218
 10
8692.3
 20
1398.5875000000087
  0
TEXT
  5
67
330
17
100
AcDbEntity
  8
NESTED_RESULT
100
AcDbText
 10
9165.374999999998
 20
1449.3875000000153
 30
0.0
 40
30.0
  1
P-0733
 72
1
 11
9165.374999999998
 21
1449.3875000000153
 31
0.0
100
AcDbText
 73
2
  0
LWPOLYLINE
  5
68
330
17
100
AcDbEntity
  8
NESTED_RESULT
 62
1
100
AcDbPolyline
 90
5
 70
0
 10
10200.0
 20
0.0
 10
13400.0
 20
0.0
 10
13400.0
 20
1600.0
 10
10200.0
 20
1600.0
 10
10200.0
 20
0.0
  0
TEXT
  5
69
330
17
100
AcDbEntity
  8
NESTED_RESULT
 62
1
100
AcDbText
 10
10200.0
 20
1630.0
 30
0.0
 40
50.0
  1
Sheet_4
 11
10200.0
 21
1630.0
 31
0.0
100
AcDbText
 73
1
  0
LWPOLYLINE
  5
6A
330
17
100
AcDbEntity
  8
NESTED_RESULT
100
AcDbPolyline
 90
10
 70
0
 10
13295.625
 20
601.6624999999913
 10
13295.625
 20
0.0
 10
12651.099999999999
 20
0.0
 10
12651.099999999999
 20
601.6624999999913
 10
10222.224999999999
 20
601.6624999999913
 10
10200.0
 20
601.6624999999913
 10
10200.0
 20
1246.1875000000146
 10
10222.224999999999
 20
1246.1875
 10
13295.625
 20
1246.1875
 10
13295.625
 20
601.6624999999913
  0
TEXT
  5
6B
330
17
100
AcDbEntity
  8
NESTED_RESULT
100
AcDbText
 10
12918.11897277832
 20
868.3404083252026
 30
0.0
 40
80.0
  1
P-0001
 72
1
 11
12918.11897277832
 21
868.3404083252026
 31
0.0
100
AcDbText
 73
2
  0
LWPOLYLINE
  5
6C
330
17
100
AcDbEntity
  8
NESTED_RESULT
100
AcDbPolyline
 90
5
 70
0
 10
10200.0
 20
588.9625000000233
 10
11450.95
 20
588.9625000000233
 10
11450.95
 20
0.0
 10
10200.0
 20
0.0
 10
10200.0
 20
588.9625000000233
  0
TEXT
  5
6D
330
17
100
AcDbEntity
  8
NESTED_RESULT
100
AcDbText
 10
10825.475
 20
294.48125000001164
 30
0.0
 40
80.0
  1
P-0198
 72
1
 11
10825.475
 21
294.48125000001164
 31
0.0
100
AcDbText
 73
2
  0
LWPOLYLINE
  5
6E
330
17
100
AcDbEntity
  8
NESTED_RESULT
100
AcDbPolyline
 90
5
 70
0
 10
11451.349999999999
 20
0.1999999999679858
 10
12245.099999999999
 20
0.1999999999679858
 10
12245.099999999999
 20
589.1624999999913
 10
11451.349999999999
 20
589.1624999999913
 10
11451.349999999999
 20
0.1999999999679858
  0
TEXT
  5
6F
330
17
100
AcDbEntity
  8
NESTED_RESULT
100
AcDbText
 10
11848.224999999999
 20
294.6812499999796
 30
0.0
 40
80.0
  1
P-0369
 72
1
 11
11848.224999999999
 21
294.6812499999796
 31
0.0
100
AcDbText
 73
2
  0
LWPOLYLINE
  5
70
330
17
100
AcDbEntity
  8
NESTED_RESULT
100
AcDbPolyline
 90
5
 70
0
 10
13397.225000000013
 20
0.0
 10
13397.225000000013
 20
946.1499999999942
 10
13295.625
 20
946.1499999999942
 10
13295.625
 20
0.0
 10
13397.225000000013
 20
0.0
  0
TEXT
  5
71
330
17
100
AcDbEntity
  8
NESTED_RESULT
100
AcDbText
 10
13346.425000000007
 20
473.0749999999971
 30
0.0
 40
23.51851851852155
  1
P-0734
 72
1
 11
13346.425000000007
 21
473.0749999999971
 31
0.0
100
AcDbText
 73
2
  0
LWPOLYLINE
  5
72
330
17
100
AcDbEntity
  8
NESTED_RESULT
100
AcDbPolyline
 90
5
 70
0
 10
10200.0
 20
1246.1875000000146
 10
11146.149999999994
 20
1246.1875000000146
 10
11146.149999999994
 20
1347.7875000000276
 10
10200.0
 20
1347.7875000000276
 10
10200.0
 20
1246.1875000000146
  0
TEXT
  5
73
330
17
100
AcDbEntity
  8
NESTED_RESULT
100
AcDbText
 10
10673.074999999997
 20
1296.987500000021
 30
0.0
 40
30.0
  1
P-0735
 72
1
 11
10673.074999999997
 21
1296.987500000021
 31
0.0
100
AcDbText
 73
2
  0
LWPOLYLINE
  5
74
330
17
100
AcDbEntity
  8
NESTED_RESULT
100
AcDbPolyline
 90
5
 70
0
 10
11146.149999999994
 20
1246.1875000000146
 10
12092.299999999988
 20
1246.1875000000146
 10
12092.299999999988
 20
1347.7875000000276
 10
11146.149999999994
 20
1347.7875000000276
 10
11146.149999999994
 20
1246.1875000000146
  0
TEXT
  5
75
330
17
100
AcDbEntity
  8
NESTED_RESULT
100
AcDbText
 10
11619.224999999991
 20
1296.987500000021
 30
0.0
 40
30.0
  1
P-0736
 72
1
 11
11619.224999999991
 21
1296.987500000021
 31
0.0
100
AcDbText
 73
2
  0
LWPOLYLINE
  5
76
330
17
100
AcDbEntity
  8
NESTED_RESULT
100
AcDbPolyline
 90
5
 70
0
 10
12092.299999999988
 20
1246.1875000000146
 10
13038.449999999997
 20
1246.1875000000146
 10
13038.449999999997
 20
1347.787500000024
 10
12092.299999999988
 20
1347.787500000024
 10
12092.299999999988
 20
1246.1875000000146
  0
TEXT
  5
77
330
17
100
AcDbEntity
  8
NESTED_RESULT
100
AcDbText
 10
12565.374999999993
 20
1296.9875000000193
 30
0.0
 40
30.0
  1
P-0737
 72
1
 11
12565.374999999993
 21
1296.9875000000193
 31
0.0
100
AcDbText
 73
2
  0
LWPOLYLINE
  5
78
330
17
100
AcDbEntity
  8
NESTED_RESULT
100
AcDbPolyline
 90
5
 70
0
 10
12092.299999999988
 20
1347.787500000024
 10
13038.449999999997
 20
1347.787500000024
 10
13038.449999999997
 20
1449.3875000000335
 10
12092.299999999988
 20
1449.3875000000335
 10
12092.299999999988
 20
1347.787500000024
  0
TEXT
  5
79
330
17
100
AcDbEntity
  8
NESTED_RESULT
100
AcDbText
 10
12565.374999999993
 20
1398.5875000000287
 30
0.0
 40
30.0
  1
P-0738
 72
1
 11
12565.374999999993
 21
1398.5875000000287
 31
0.0
100
AcDbText
 73
2
  0
LWPOLYLINE
  5
7A
330
17
100
AcDbEntity
  8
NESTED_RESULT
100
AcDbPolyline
 90
5
 70
0
 10
10200.0
 20
1347.7875000000276
 10
11146.150000000001
 20
1347.7875000000276
 10
11146.150000000001
 20
1449.387500000037
 10
10200.0
 20
1449.387500000037
 10
10200.0
 20
1347.7875000000276
  0
TEXT
  5
7B
330
17
100
AcDbEntity
  8
NESTED_RESULT
100
AcDbText
 10
10673.075
 20
1398.5875000000324
 30
0.0
 40
30.0
  1
P-0739
 72
1
 11
10673.075
 21
1398.5875000000324
 31
0.0
100
AcDbText
 73
2
  0
LWPOLYLINE
  5
7C
330
17
100
AcDbEntity
  8
NESTED_RESULT
100
AcDbPolyline
 90
5
 70
0
 10
11146.150000000001
 20
1449.3875000000335
 10
12092.300000000003
 20
1449.3875000000335
 10
12092.300000000003
 20
1550.987500000043
 10
11146.150000000001
 20
1550.987500000043
 10
11146.150000000001
 20
1449.3875000000335
  0
TEXT
  5
7D
330
17
100
AcDbEntity
  8
NESTED_RESULT
100
AcDbText
 10
11619.225000000002
 20
1500.1875000000382
 30
0.0
 40
30.0
  1
P-0740
 72
1
 11
11619.225000000002
 21
1500.1875000000382
 31
0.0
100
AcDbText
 73
2
  0
LWPOLYLINE
  5
7E
330
17
100
AcDbEntity
  8
NESTED_RESULT
100
AcDbPolyline
 90
5
 70
0
 10
12092.300000000003
 20
1449.3875000000335
 10
13038.450000000004
 20
1449.3875000000335
 10
13038.450000000004
 20
1550.987500000043
 10
12092.300000000003
 20
1550.987500000043
 10
12092.300000000003
 20
1449.3875000000335
  0
TEXT
  5
7F
330
17
100
AcDbEntity
  8
NESTED_RESULT
100
AcDbText
 10
12565.375000000004
 20
1500.1875000000382
 30
0.0
 40
30.0
  1
P-0741
 72
1
 11
12565.375000000004
 21
1500.1875000000382
 31
0.0
100
AcDbText
 73
2
  0
LWPOLYLINE
  5
80
330
17
100
AcDbEntity
  8
NESTED_RESULT
100
AcDbPolyline
 90
5
 70
0
 10
10200.0
 20
1449.387500000037
 10
11146.149999999998
 20
1449.387500000037
 10
11146.149999999998
 20
1550.9875000000466
 10
10200.0
 20
1550.9875000000466
 10
10200.0
 20
1449.387500000037
  0
TEXT
  5
81
330
17
100
AcDbEntity
  8
NESTED_RESULT
100
AcDbText
 10
10673.074999999999
 20
1500.1875000000418
 30
0.0
 40
30.0
  1
P-0742
 72
1
 11
10673.074999999999
 21
1500.1875000000418
 31
0.0
100
AcDbText
 73
2
  0
LWPOLYLINE
  5
82
330
17
100
AcDbEntity
  8
NESTED_RESULT
100
AcDbPolyline
 90
5
 70
0
 10
12016.099999999999
 20
1449.3875000000335
 10
11146.150000000001
 20
1449.3875000000335
 10
11146.150000000001
 20
1347.7875000000276
 10
12016.099999999999
 20
1347.7875000000276
 10
12016.099999999999
 20
1449.3875000000335
  0
TEXT
  5
83
330
17
100
AcDbEntity
  8
NESTED_RESULT
100
AcDbText
 10
11581.125
 20
1398.5875000000306
 30
0.0
 40
30.0
  1
P-0797
 72
1
 11
11581.125
 21
1398.5875000000306
 31
0.0
100
AcDbText
 73
2
  0
LWPOLYLINE
  5
84
330
17
100
AcDbEntity
  8
NESTED_RESULT
100
AcDbPolyline
 90
5
 70
0
 10
12245.099999999999
 20
0.0
 10
12346.700000000004
 20
0.0
 10
12346.700000000004
 20
588.9625000000015
 10
12245.099999999999
 20
588.9625000000015
 10
12245.099999999999
 20
0.0
  0
TEXT
  5
85
330
17
100
AcDbEntity
  8
NESTED_RESULT
100
AcDbText
 10
12295.900000000001
 20
294.4812500000007
 30
0.0
 40
23.518518518519866
  1
P-0938
 72
1
 11
12295.900000000001
 21
294.4812500000007
 31
0.0
100
AcDbText
 73
2
  0
LWPOLYLINE
  5
86
330
17
100
AcDbEntity
  8
NESTED_RESULT
100
AcDbPolyline
 90
5
 70
0
 10
12346.700000000004
 20
0.0
 10
12448.30000000001
 20
0.0
 10
12448.30000000001
 20
588.9625000000015
 10
12346.700000000004
 20
588.9625000000015
 10
12346.700000000004
 20
0.0
  0
TEXT
  5
87
330
17
100
AcDbEntity
  8
NESTED_RESULT
100
AcDbText
 10
12397.500000000007
 20
294.4812500000007
 30
0.0
 40
23.518518518519866
  1
P-0939
 72
1
 11
12397.500000000007
 21
294.4812500000007
 31
0.0
100
AcDbText
 73
2
  0
LWPOLYLINE
  5
88
330
17
100
AcDbEntity
  8
NESTED_RESULT
100
AcDbPolyline
 90
5
 70
0
 10
12448.30000000001
 20
0.0
 10
12549.900000000016
 20
0.0
 10
12549.900000000016
 20
588.9625000000015
 10
12448.30000000001
 20
588.9625000000015
 10
12448.30000000001
 20
0.0
  0
TEXT
  5
89
330
17
100
AcDbEntity
  8
NESTED_RESULT
100
AcDbText
 10
12499.100000000013
 20
294.4812500000007
 30
0.0
 40
23.518518518519866
  1
P-0940
 72
1
 11
12499.100000000013
 21
294.4812500000007
 31
0.0
100
AcDbText
 73
2
  0
LWPOLYLINE
  5
8A
330
17
100
AcDbEntity
  8
NESTED_RESULT
100
AcDbPolyline
 90
5
 70
0
 10
13295.625
 20
946.1499999999942
 10
13397.225000000006
 20
946.1499999999942
 10
13397.225000000006
 20
1535.112499999992
 10
13295.625
 20
1535.112499999992
 10
13295.625
 20
946.1499999999942
  0
TEXT
  5
8B
330
17
100
AcDbEntity
  8
NESTED_RESULT
100
AcDbText
 10
13346.425000000003
 20
1240.631249999993
 30
0.0
 40
23.518518518519866
  1
P-0941
 72
1
 11
13346.425000000003
 21
1240.631249999993
 31
0.0
100
AcDbText
 73
2
  0
LWPOLYLINE
  5
8C
330
17
100
AcDbEntity
  8
NESTED_RESULT
 62
1
100
AcDbPolyline
 90
5
 70
0
 10
13600.0
 20
0.0
 10
16800.0
 20
0.0
 10
16800.0
 20
1600.0
 10
13600.0
 20
1600.0
 10
13600.0
 20
0.0
  0
TEXT
  5
8D
330
17
100
AcDbEntity
  8
NESTED_RESULT
 62
1
100
AcDbText
 10
13600.0
 20
1630.0
 30
0.0
 40
50.0
  1
Sheet_5
 11
13600.0
 21
1630.0
 31
0.0
100
AcDbText
 73
1
  0
LWPOLYLINE
  5
8E
330
17
100
AcDbEntity
  8
NESTED_RESULT
100
AcDbPolyline
 90
8
 70
0
 10
16140.0
 20
0.0
 10
13600.0
 20
0.0
 10
13600.0
 20
644.5249999999942
 10
15495.475000000108
 20
644.5249999999942
 10
15495.475000000108
 20
922.3374999999942
 10
16140.0
 20
922.3374999999942
 10
16140.0
 20
644.5249999999942
 10
16140.0
 20
0.0
  0
TEXT
  5
8F
330
17
100
AcDbEntity
  8
NESTED_RESULT
100
AcDbText
 10
15762.3486328125
 20
377.4529296874971
 30
0.0
 40
80.0
  1
P-0080
 72
1
 11
15762.3486328125
 21
377.4529296874971
 31
0.0
100
AcDbText
 73
2
  0
LWPOLYLINE
  5
90
330
17
100
AcDbEntity
  8
NESTED_RESULT
100
AcDbPolyline
 90
8
 70
0
 10
13600.0
 20
1567.0
 10
16140.0
 20
1567.0
 10
16140.0
 20
922.4750000000058
 10
14244.525000000009
 20
922.4750000000058
 10
14244.525000000009
 20
644.6625000000058
 10
13600.0
 20
644.6625000000058
 10
13600.0
 20
922.4750000000058
 10
13600.0
 20
1567.0
  0
TEXT
  5
91
330
17
100
AcDbEntity
  8
NESTED_RESULT
100
AcDbText
 10
13977.6513671875
 20
1189.547070312503
 30
0.0
 40
80.0
  1
P-0077
 72
1
 11
13977.6513671875
 21
1189.547070312503
 31
0.0
100
AcDbText
 73
2
  0
LWPOLYLINE
  5
92
330
17
100
AcDbEntity
  8
NESTED_RESULT
100
AcDbPolyline
 90
5
 70
0
 10
16728.962500000023
 20
0.0
 10
16728.962500000023
 20
793.75
 10
16140.0
 20
793.75
 10
16140.0
 20
0.0
 10
16728.962500000023
 20
0.0
  0
TEXT
  5
93
330
17
100
AcDbEntity
  8
NESTED_RESULT
100
AcDbText
 10
16434.48125000001
 20
396.875
 30
0.0
 40
80.0
  1
P-0370
 72
1
 11
16434.48125000001
 21
396.875
 31
0.0
100
AcDbText
 73
2
  0
LWPOLYLINE
  5
94
330
17
100
AcDbEntity
  8
NESTED_RESULT
100
AcDbPolyline
 90
5
 70
0
 10
16728.962500000023
 20
793.75
 10
16728.962500000023
 20
1587.5
 10
16140.0
 20
1587.5
 10
16140.0
 20
793.75
 10
16728.962500000023
 20
793.75
  0
TEXT
  5
95
330
17
100
AcDbEntity
  8
NESTED_RESULT
100
AcDbText
 10
16434.48125000001
 20
1190.625
 30
0.0
 40
80.0
  1
P-0371
 72
1
 11
16434.48125000001
 21
1190.625
 31
0.0
100
AcDbText
 73
2
  0
LWPOLYLINE
  5
96
330
17
100
AcDbEntity
  8
NESTED_RESULT
100
AcDbPolyline
 90
5
 70
0
 10
14244.825000000114
 20
644.5249999999942
 10
15190.975000000108
 20
644.5249999999942
 10
15190.975000000108
 20
746.1250000000036
 10
14244.825000000114
 20
746.1250000000036
 10
14244.825000000114
 20
644.5249999999942
  0
TEXT
  5
97
330
17
100
AcDbEntity
  8
NESTED_RESULT
100
AcDbText
 10
14717.90000000011
 20
695.3249999999989
 30
0.0
 40
30.0
  1
P-0743
 72
1
 11
14717.90000000011
 21
695.3249999999989
 31
0.0
100
AcDbText
 73
2
  0
LWPOLYLINE
  5
98
330
17
100
AcDbEntity
  8
NESTED_RESULT
100
AcDbPolyline
 90
5
 70
0
 10
14244.525000000009
 20
746.3749999999964
 10
15190.675000000003
 20
746.3749999999964
 10
15190.675000000003
 20
847.9750000000058
 10
14244.525000000009
 20
847.9750000000058
 10
14244.525000000009
 20
746.3749999999964
  0
TEXT
  5
99
330
17
100
AcDbEntity
  8
NESTED_RESULT
100
AcDbText
 10
14717.600000000006
 20
797.1750000000011
 30
0.0
 40
30.0
  1
P-0744
 72
1
 11
14717.600000000006
 21
797.1750000000011
 31
0.0
100
AcDbText
 73
2
  0
LWPOLYLINE
  5
9A
330
17
100
AcDbEntity
  8
NESTED_RESULT
 62
1
100
AcDbPolyline
 90
5
 70
0
 10
17000.0
 20
0.0
 10
20200.0
 20
0.0
 10
20200.0
 20
1600.0
 10
17000.0
 20
1600.0
 10
17000.0
 20
0.0
  0
TEXT
  5
9B
330
17
100
AcDbEntity
  8
NESTED_RESULT
 62
1
100
AcDbText
 10
17000.0
 20
1630.0
 30
0.0
 40
50.0
  1
Sheet_6
 11
17000.0
 21
1630.0
 31
0.0
100
AcDbText
 73
1
  0
LWPOLYLINE
  5
9C
330
17
100
AcDbEntity
  8
NESTED_RESULT
100
AcDbPolyline
 90
8
 70
0
 10
19540.0
 20
0.0
 10
17000.0
 20
0.0
 10
17000.0
 20
644.5249999999942
 10
18895.47499999999
 20
644.5249999999942
 10
18895.47499999999
 20
922.3374999999942
 10
19540.0
 20
922.3374999999942
 10
19540.0
 20
644.5249999999942
 10
19540.0
 20
0.0
  0
TEXT
  5
9D
330
17
100
AcDbEntity
  8
NESTED_RESULT
100
AcDbText
 10
19162.3486328125
 20
377.4529296874971
 30
0.0
 40
80.0
  1
P-0078
 72
1
 11
19162.3486328125
 21
377.4529296874971
 31
0.0
100
AcDbText
 73
2
  0
LWPOLYLINE
  5
9E
330
17
100
AcDbEntity
  8
NESTED_RESULT
100
AcDbPolyline
 90
8
 70
0
 10
17000.0
 20
1567.0
 10
19540.0
 20
1567.0
 10
19540.0
 20
922.4750000000058
 10
17644.52500000001
 20
922.4750000000058
 10
17644.52500000001
 20
644.6625000000058
 10
17000.0
 20
644.6625000000058
 10
17000.0
 20
922.4750000000058
 10
17000.0
 20
1567.0
  0
TEXT
  5
9F
330
17
100
AcDbEntity
  8
NESTED_RESULT
100
AcDbText
 10
17377.6513671875
 20
1189.547070312503
 30
0.0
 40
80.0
  1
P-0079
 72
1
 11
17377.6513671875
 21
1189.547070312503
 31
0.0
100
AcDbText
 73
2
  0
LWPOLYLINE
  5
A0
330
17
100
AcDbEntity
  8
NESTED_RESULT
100
AcDbPolyline
 90
5
 70
0
 10
20128.962500000023
 20
0.0
 10
20128.962500000023
 20
793.75
 10
19540.0
 20
793.75
 10
19540.0
 20
0.0
 10
20128.962500000023
 20
0.0
  0
TEXT
  5
A1
330
17
100
AcDbEntity
  8
NESTED_RESULT
100
AcDbText
 10
19834.48125000001
 20
396.875
 30
0.0
 40
80.0
  1
P-0372
 72
1
 11
19834.48125000001
 21
396.875
 31
0.0
100
AcDbText
 73
2
  0
LWPOLYLINE
  5
A2
330
17
100
AcDbEntity
  8
NESTED_RESULT
100
AcDbPolyline
 90
5
 70
0
 10
20128.962500000023
 20
793.75
 10
20128.962500000023
 20
1587.5
 10
19540.0
 20
1587.5
 10
19540.0
 20
793.75
 10
20128.962500000023
 20
793.75
  0
TEXT
  5
A3
330
17
100
AcDbEntity
  8
NESTED_RESULT
100
AcDbText
 10
19834.48125000001
 20
1190.625
 30
0.0
 40
80.0
  1
P-0373
 72
1
 11
19834.48125000001
 21
1190.625
 31
0.0
100
AcDbText
 73
2
  0
LWPOLYLINE
  5
A4
330
17
100
AcDbEntity
  8
NESTED_RESULT
100
AcDbPolyline
 90
5
 70
0
 10
17644.92499999998
 20
644.5249999999942
 10
18743.47499999999
 20
644.5249999999942
 10
18743.47499999999
 20
746.125
 10
17644.92499999998
 20
746.125
 10
17644.92499999998
 20
644.5249999999942
  0
TEXT
  5
A5
330
17
100
AcDbEntity
  8
NESTED_RESULT
100
AcDbText
 10
18194.199999999986
 20
695.3249999999971
 30
0.0
 40
30.0
  1
P-0718
 72
1
 11
18194.199999999986
 21
695.3249999999971
 31
0.0
100
AcDbText
 73
2
  0
LWPOLYLINE
  5
A6
330
17
100
AcDbEntity
  8
NESTED_RESULT
100
AcDbPolyline
 90
5
 70
0
 10
17644.52500000001
 20
746.375
 10
18743.07500000002
 20
746.375
 10
18743.07500000002
 20
847.9750000000058
 10
17644.52500000001
 20
847.9750000000058
 10
17644.52500000001
 20
746.375
  0
TEXT
  5
A7
330
17
100
AcDbEntity
  8
NESTED_RESULT
100
AcDbText
 10
18193.800000000014
 20
797.1750000000029
 30
0.0
 40
30.0
  1
P-0719
 72
1
 11
18193.800000000014
 21
797.1750000000029
 31
0.0
100
AcDbText
 73
2
  0
LWPOLYLINE
  5
A8
330
17
100
AcDbEntity
  8
NESTED_RESULT
 62
1
100
AcDbPolyline
 90
5
 70
0
 10
0.0
 20
1800.0
 10
3200.0
 20
1800.0
 10
3200.0
 20
3400.0
 10
0.0
 20
3400.0
 10
0.0
 20
1800.0
  0
TEXT
  5
A9
330
17
100
AcDbEntity
  8
NESTED_RESULT
 62
1
100
AcDbText
 10
0.0
 20
3430.0
 30
0.0
 40
50.0
  1
Sheet_7
 11
0.0
 21
3430.0
 31
0.0
100
AcDbText
 73
1
  0
LWPOLYLINE
  5
AA
330
17
100
AcDbEntity
  8
NESTED_RESULT
100
AcDbPolyline
 90
8
 70
0
 10
2844.8000000000175
 20
1800.0
 10
0.0
 20
1800.0
 10
0.0
 20
2444.524999999994
 10
2200.2750000000233
 20
2444.524999999994
 10
2200.2750000000233
 20
2709.6375000000116
 10
2844.8000000000175
 20
2709.6375000000116
 10
2844.8000000000175
 20
2444.524999999994
 10
2844.8000000000175
 20
1800.0
  0
TEXT
  5
AB
330
17
100
AcDbEntity
  8
NESTED_RESULT
100
AcDbText
 10
2467.322265625015
 20
2177.3785156250055
 30
0.0
 40
80.0
  1
P-0018
 72
1
 11
2467.322265625015
 21
2177.3785156250055
 31
0.0
100
AcDbText
 73
2
  0
LWPOLYLINE
  5
AC
330
17
100
AcDbEntity
  8
NESTED_RESULT
100
AcDbPolyline
 90
8
 70
0
 10
0.0
 20
3354.5
 10
2844.800000000003
 20
3354.5
 10
2844.800000000003
 20
2709.9749999999913
 10
644.5250000000087
 20
2709.9749999999913
 10
644.5250000000087
 20
2444.862500000003
 10
0.0
 20
2444.862500000003
 10
0.0
 20
2709.9749999999913
 10
0.0
 20
3354.5
  0
TEXT
  5
AD
330
17
100
AcDbEntity
  8
NESTED_RESULT
100
AcDbText
 10
377.4777343750004
 20
2977.1214843750013
 30
0.0
 40
80.0
  1
P-0017
 72
1
 11
377.4777343750004
 21
2977.1214843750013
 31
0.0
100
AcDbText
 73
2
  0
LWPOLYLINE
  5
AE
330
17
100
AcDbEntity
  8
NESTED_RESULT
100
AcDbPolyline
 90
5
 70
0
 10
644.8250000000189
 20
2444.524999999994
 10
1895.7750000000233
 20
2444.524999999994
 10
1895.7750000000233
 20
2546.125
 10
644.8250000000189
 20
2546.125
 10
644.8250000000189
 20
2444.524999999994
  0
TEXT
  5
AF
330
17
100
AcDbEntity
  8
NESTED_RESULT
100
AcDbText
 10
1270.300000000021
 20
2495.324999999997
 30
0.0
 40
30.0
  1
P-0671
 72
1
 11
1270.300000000021
 21
2495.324999999997
 31
0.0
100
AcDbText
 73
2
  0
LWPOLYLINE
  5
B0
330
17
100
AcDbEntity
  8
NESTED_RESULT
100
AcDbPolyline
 90
5
 70
0
 10
644.5250000000087
 20
2546.3749999999854
 10
1895.475000000013
 20
2546.3749999999854
 10
1895.475000000013
 20
2647.9749999999913
 10
644.5250000000087
 20
2647.9749999999913
 10
644.5250000000087
 20
2546.3749999999854
  0
TEXT
  5
B1
330
17
100
AcDbEntity
  8
NESTED_RESULT
100
AcDbText
 10
1270.000000000011
 20
2597.1749999999884
 30
0.0
 40
30.0
  1
P-0672
 72
1
 11
1270.000000000011
 21
2597.1749999999884
 31
0.0
100
AcDbText
 73
2
  0
LWPOLYLINE
  5
B2
330
17
100
AcDbEntity
  8
NESTED_RESULT
100
AcDbPolyline
 90
5
 70
0
 10
2946.4000000000233
 20
1800.0
 10
2946.4000000000233
 20
3050.949999999997
 10
2844.8000000000175
 20
3050.949999999997
 10
2844.8000000000175
 20
1800.0
 10
2946.4000000000233
 20
1800.0
  0
TEXT
  5
B3
330
17
100
AcDbEntity
  8
NESTED_RESULT
100
AcDbText
 10
2895.6000000000204
 20
2425.4749999999985
 30
0.0
 40
23.518518518519866
  1
P-0673
 72
1
 11
2895.6000000000204
 21
2425.4749999999985
 31
0.0
100
AcDbText
 73
2
  0
LWPOLYLINE
  5
B4
330
17
100
AcDbEntity
  8
NESTED_RESULT
100
AcDbPolyline
 90
5
 70
0
 10
3048.000000000029
 20
1800.0
 10
3048.000000000029
 20
3050.949999999997
 10
2946.4000000000233
 20
3050.949999999997
 10
2946.4000000000233
 20
1800.0
 10
3048.000000000029
 20
1800.0
  0
TEXT
  5
B5
330
17
100
AcDbEntity
  8
NESTED_RESULT
100
AcDbText
 10
2997.200000000026
 20
2425.4749999999985
 30
0.0
 40
23.518518518519866
  1
P-0674
 72
1
 11
2997.200000000026
 21
2425.4749999999985
 31
0.0
100
AcDbText
 73
2
  0
LWPOLYLINE
  5
B6
330
17
100
AcDbEntity
  8
NESTED_RESULT
100
AcDbPolyline
 90
5
 70
0
 10
3048.000000000029
 20
3050.949999999997
 10
3048.000000000029
 20
1800.0
 10
3149.600000000035
 20
1800.0
 10
3149.600000000035
 20
3050.949999999997
 10
3048.000000000029
 20
3050.949999999997
  0
TEXT
  5
B7
330
17
100
AcDbEntity
  8
NESTED_RESULT
100
AcDbText
 10
3098.800000000032
 20
2425.4749999999985
 30
0.0
 40
23.518518518519866
  1
P-0675
 72
1
 11
3098.800000000032
 21
2425.4749999999985
 31
0.0
100
AcDbText
 73
2
  0
LWPOLYLINE
  5
B8
330
17
100
AcDbEntity
  8
NESTED_RESULT
 62
1
100
AcDbPolyline
 90
5
 70
0
 10
3400.0
 20
1800.0
 10
6600.0
 20
1800.0
 10
6600.0
 20
3400.0
 10
3400.0
 20
3400.0
 10
3400.0
 20
1800.0
  0
TEXT
  5
B9
330
17
100
AcDbEntity
  8
NESTED_RESULT
 62
1
100
AcDbText
 10
3400.0
 20
3430.0
 30
0.0
 40
50.0
  1
Sheet_8
 11
3400.0
 21
3430.0
 31
0.0
100
AcDbText
 73
1
  0
LWPOLYLINE
  5
BA
330
17
100
AcDbEntity
  8
NESTED_RESULT
100
AcDbPolyline
 90
8
 70
0
 10
6244.800000000003
 20
1800.0
 10
3400.0
 20
1800.0
 10
3400.0
 20
2444.524999999994
 10
5600.274999999994
 20
2444.524999999994
 10
5600.274999999994
 20
2709.637499999997
 10
6244.800000000003
 20
2709.637499999997
 10
6244.800000000003
 20
2444.524999999994
 10
6244.800000000003
 20
1800.0
  0
TEXT
  5
BB
330
17
100
AcDbEntity
  8
NESTED_RESULT
100
AcDbText
 10
5867.322265625003
 20
2177.3785156249987
 30
0.0
 40
80.0
  1
P-0028
 72
1
 11
5867.322265625003
 21
2177.3785156249987
 31
0.0
100
AcDbText
 73
2
  0
LWPOLYLINE
  5
BC
330
17
100
AcDbEntity
  8
NESTED_RESULT
100
AcDbPolyline
 90
8
 70
0
 10
3400.0
 20
3354.5
 10
6244.800000000003
 20
3354.5
 10
6244.800000000003
 20
2709.9749999999913
 10
4044.524999999994
 20
2709.9749999999913
 10
4044.524999999994
 20
2444.862500000003
 10
3400.0
 20
2444.862500000003
 10
3400.0
 20
2709.9749999999913
 10
3400.0
 20
3354.5
  0
TEXT
  5
BD
330
17
100
AcDbEntity
  8
NESTED_RESULT
100
AcDbText
 10
3777.477734375
 20
2977.1214843750013
 30
0.0
 40
80.0
  1
P-0033
 72
1
 11
3777.477734375
 21
2977.1214843750013
 31
0.0
100
AcDbText
 73
2
  0
LWPOLYLINE
  5
BE
330
17
100
AcDbEntity
  8
NESTED_RESULT
100
AcDbPolyline
 90
5
 70
0
 10
4044.8249999999935
 20
2444.524999999994
 10
5295.774999999994
 20
2444.524999999994
 10
5295.774999999994
 20
2546.125
 10
4044.8249999999935
 20
2546.125
 10
4044.8249999999935
 20
2444.524999999994
  0
TEXT
  5
BF
330
17
100
AcDbEntity
  8
NESTED_RESULT
100
AcDbText
 10
4670.299999999994
 20
2495.324999999997
 30
0.0
 40
30.0
  1
P-0676
 72
1
 11
4670.299999999994
 21
2495.324999999997
 31
0.0
100
AcDbText
 73
2
  0
LWPOLYLINE
  5
C0
330
17
100
AcDbEntity
  8
NESTED_RESULT
100
AcDbPolyline
 90
5
 70
0
 10
4044.524999999994
 20
2546.3749999999854
 10
5295.474999999995
 20
2546.3749999999854
 10
5295.474999999995
 20
2647.9749999999913
 10
4044.524999999994
 20
2647.9749999999913
 10
4044.524999999994
 20
2546.3749999999854
  0
TEXT
  5
C1
330
17
100
AcDbEntity
  8
NESTED_RESULT
100
AcDbText
 10
4669.9999999999945
 20
2597.1749999999884
 30
0.0
 40
30.0
  1
P-0677
 72
1
 11
4669.9999999999945
 21
2597.1749999999884
 31
0.0
100
AcDbText
 73
2
  0
LWPOLYLINE
  5
C2
330
17
100
AcDbEntity
  8
NESTED_RESULT
100
AcDbPolyline
 90
5
 70
0
 10
6346.400000000009
 20
1800.0
 10
6346.400000000009
 20
3050.9500000000116
 10
6244.800000000003
 20
3050.9500000000116
 10
6244.800000000003
 20
1800.0
 10
6346.400000000009
 20
1800.0
  0
TEXT
  5
C3
330
17
100
AcDbEntity
  8
NESTED_RESULT
100
AcDbText
 10
6295.600000000006
 20
2425.475000000006
 30
0.0
 40
23.518518518519866
  1
P-0678
 72
1
 11
6295.600000000006
 21
2425.475000000006
 31
0.0
100
AcDbText
 73
2
  0
LWPOLYLINE
  5
C4
330
17
100
AcDbEntity
  8
NESTED_RESULT
100
AcDbPolyline
 90
5
 70
0
 10
6448.000000000015
 20
1800.0
 10
6448.000000000015
 20
3050.949999999997
 10
6346.400000000009
 20
3050.949999999997
 10
6346.400000000009
 20
1800.0
 10
6448.000000000015
 20
1800.0
  0
TEXT
  5
C5
330
17
100
AcDbEntity
  8
NESTED_RESULT
100
AcDbText
 10
6397.200000000012
 20
2425.4749999999985
 30
0.0
 40
23.518518518519866
  1
P-0679
 72
1
 11
6397.200000000012
 21
2425.4749999999985
 31
0.0
100
AcDbText
 73
2
  0
LWPOLYLINE
  5
C6
330
17
100
AcDbEntity
  8
NESTED_RESULT
100
AcDbPolyline
 90
5
 70
0
 10
6549.60000000002
 20
1800.0
 10
6549.60000000002
 20
3050.949999999997
 10
6448.000000000015
 20
3050.949999999997
 10
6448.000000000015
 20
1800.0
 10
6549.60000000002
 20
1800.0
  0
TEXT
  5
C7
330
17
100
AcDbEntity
  8
NESTED_RESULT
100
AcDbText
 10
6498.8000000000175
 20
2425.4749999999985
 30
0.0
 40
23.518518518519866
  1
P-0680
 72
1
 11
6498.8000000000175
 21
2425.4749999999985
 31
0.0
100
AcDbText
 73
2
  0
LWPOLYLINE
  5
C8
330
17
100
AcDbEntity
  8
NESTED_RESULT
 62
1
100
AcDbPolyline
 90
5
 70
0
 10
6800.0
 20
1800.0
 10
10000.0
 20
1800.0
 10
10000.0
 20
3400.0
 10
6800.0
 20
3400.0
 10
6800.0
 20
1800.0
  0
TEXT
  5
C9
330
17
100
AcDbEntity
  8
NESTED_RESULT
 62
1
100
AcDbText
 10
6800.0
 20
3430.0
 30
0.0
 40
50.0
  1
Sheet_9
 11
6800.0
 21
3430.0
 31
0.0
100
AcDbText
 73
1
  0
LWPOLYLINE
  5
CA
330
17
100
AcDbEntity
  8
NESTED_RESULT
100
AcDbPolyline
 90
8
 70
0
 10
6800.0
 20
2709.637499999997
 10
9644.800000000003
 20
2709.637499999997
 10
9644.800000000003
 20
2065.112500000003
 10
7444.524999999994
 20
2065.112500000003
 10
7444.524999999994
 20
1800.0
 10
6800.0
 20
1800.0
 10
6800.0
 20
2065.112500000003
 10
6800.0
 20
2709.637499999997
  0
TEXT
  5
CB
330
17
100
AcDbEntity
  8
NESTED_RESULT
100
AcDbText
 10
7177.477734375
 20
2332.258984374999
 30
0.0
 40
80.0
  1
P-0034
 72
1
 11
7177.477734375
 21
2332.258984374999
 31
0.0
100
AcDbText
 73
2
  0
LWPOLYLINE
  5
CC
330
17
100
AcDbEntity
  8
NESTED_RESULT
100
AcDbPolyline
 90
5
 70
0
 10
6800.0
 20
2709.637499999997
 10
8635.149999999987
 20
2709.637499999997
 10
8635.149999999987
 20
3354.162500000013
 10
6800.0
 20
3354.162500000013
 10
6800.0
 20
2709.637499999997
  0
TEXT
  5
CD
330
17
100
AcDbEntity
  8
NESTED_RESULT
100
AcDbText
 10
7717.574999999993
 20
3031.900000000005
 30
0.0
 40
80.0
  1
P-0095
 72
1
 11
7717.574999999993
 21
3031.900000000005
 31
0.0
100
AcDbText
 73
2
  0
LWPOLYLINE
  5
CE
330
17
100
AcDbEntity
  8
NESTED_RESULT
100
AcDbPolyline
 90
5
 70
0
 10
8635.149999999987
 20
2709.637499999997
 10
9505.099999999982
 20
2709.637499999997
 10
9505.099999999982
 20
3298.600000000013
 10
8635.149999999987
 20
3298.600000000013
 10
8635.149999999987
 20
2709.637499999997
  0
TEXT
  5
CF
330
17
100
AcDbEntity
  8
NESTED_RESULT
100
AcDbText
 10
9070.124999999985
 20
3004.118750000005
 30
0.0
 40
80.0
  1
P-0328
 72
1
 11
9070.124999999985
 21
3004.118750000005
 31
0.0
100
AcDbText
 73
2
  0
LWPOLYLINE
  5
D0
330
17
100
AcDbEntity
  8
NESTED_RESULT
100
AcDbPolyline
 90
5
 70
0
 10
9505.099999999984
 20
2709.637499999997
 10
9962.299999999988
 20
2709.637499999997
 10
9962.299999999988
 20
3354.162500000006
 10
9505.099999999984
 20
3354.162500000006
 10
9505.099999999984
 20
2709.637499999997
  0
TEXT
  5
D1
330
17
100
AcDbEntity
  8
NESTED_RESULT
100
AcDbText
 10
9733.699999999986
 20
3031.9000000000015
 30
0.0
 40
80.0
  1
P-0467
 72
1
 11
9733.699999999986
 21
3031.9000000000015
 31
0.0
100
AcDbText
 73
2
  0
LWPOLYLINE
  5
D2
330
17
100
AcDbEntity
  8
NESTED_RESULT
100
AcDbPolyline
 90
5
 70
0
 10
7444.649999999985
 20
1800.0
 10
8695.599999999984
 20
1800.0
 10
8695.599999999984
 20
1901.6000000000058
 10
7444.649999999985
 20
1901.6000000000058
 10
7444.649999999985
 20
1800.0
  0
TEXT
  5
D3
330
17
100
AcDbEntity
  8
NESTED_RESULT
100
AcDbText
 10
8070.1249999999845
 20
1850.800000000003
 30
0.0
 40
30.0
  1
P-0681
 72
1
 11
8070.1249999999845
 21
1850.800000000003
 31
0.0
100
AcDbText
 73
2
  0
LWPOLYLINE
  5
D4
330
17
100
AcDbEntity
  8
NESTED_RESULT
100
AcDbPolyline
 90
5
 70
0
 10
8695.599999999986
 20
1800.0
 10
9946.549999999985
 20
1800.0
 10
9946.549999999985
 20
1901.6000000000058
 10
8695.599999999986
 20
1901.6000000000058
 10
8695.599999999986
 20
1800.0
  0
TEXT
  5
D5
330
17
100
AcDbEntity
  8
NESTED_RESULT
100
AcDbText
 10
9321.074999999986
 20
1850.800000000003
 30
0.0
 40
30.0
  1
P-0682
 72
1
 11
9321.074999999986
 21
1850.800000000003
 31
0.0
100
AcDbText
 73
2
  0
LWPOLYLINE
  5
D6
330
17
100
AcDbEntity
  8
NESTED_RESULT
100
AcDbPolyline
 90
5
 70
0
 10
7444.649999999987
 20
1901.6000000000058
 10
8695.599999999986
 20
1901.6000000000058
 10
8695.599999999986
 20
2003.2000000000116
 10
7444.649999999987
 20
2003.2000000000116
 10
7444.649999999987
 20
1901.6000000000058
  0
TEXT
  5
D7
330
17
100
AcDbEntity
  8
NESTED_RESULT
100
AcDbText
 10
8070.124999999986
 20
1952.4000000000087
 30
0.0
 40
30.0
  1
P-0683
 72
1
 11
8070.124999999986
 21
1952.4000000000087
 31
0.0
100
AcDbText
 73
2
  0
LWPOLYLINE
  5
D8
330
17
100
AcDbEntity
  8
NESTED_RESULT
100
AcDbPolyline
 90
5
 70
0
 10
8695.599999999986
 20
1901.6000000000058
 10
9946.549999999985
 20
1901.6000000000058
 10
9946.549999999985
 20
2003.2000000000116
 10
8695.599999999986
 20
2003.2000000000116
 10
8695.599999999986
 20
1901.6000000000058
  0
TEXT
  5
D9
330
17
100
AcDbEntity
  8
NESTED_RESULT
100
AcDbText
 10
9321.074999999984
 20
1952.4000000000087
 30
0.0
 40
30.0
  1
P-0685
 72
1
 11
9321.074999999984
 21
1952.4000000000087
 31
0.0
100
AcDbText
 73
2
  0
LWPOLYLINE
  5
DA
330
17
100
AcDbEntity
  8
NESTED_RESULT
100
AcDbPolyline
 90
5
 70
0
 10
9644.800000000003
 20
2003.2000000000116
 10
9746.400000000009
 20
2003.2000000000116
 10
9746.400000000009
 20
2592.162500000006
 10
9644.800000000003
 20
2592.162500000006
 10
9644.800000000003
 20
2003.2000000000116
  0
TEXT
  5
DB
330
17
100
AcDbEntity
  8
NESTED_RESULT
100
AcDbText
 10
9695.600000000006
 20
2297.6812500000087
 30
0.0
 40
23.518518518519866
  1
P-0942
 72
1
 11
9695.600000000006
 21
2297.6812500000087
 31
0.0
100
AcDbText
 73
2
  0
LWPOLYLINE
  5
DC
330
17
100
AcDbEntity
  8
NESTED_RESULT
100
AcDbPolyline
 90
5
 70
0
 10
9746.400000000009
 20
2003.2000000000116
 10
9848.000000000015
 20
2003.2000000000116
 10
9848.000000000015
 20
2592.162500000006
 10
9746.400000000009
 20
2592.162500000006
 10
9746.400000000009
 20
2003.2000000000116
  0
TEXT
  5
DD
330
17
100
AcDbEntity
  8
NESTED_RESULT
100
AcDbText
 10
9797.200000000012
 20
2297.6812500000087
 30
0.0
 40
23.518518518519866
  1
P-0943
 72
1
 11
9797.200000000012
 21
2297.6812500000087
 31
0.0
100
AcDbText
 73
2
  0
LWPOLYLINE
  5
DE
330
17
100
AcDbEntity
  8
NESTED_RESULT
100
AcDbPolyline
 90
5
 70
0
 10
9848.000000000015
 20
2003.2000000000116
 10
9949.60000000002
 20
2003.2000000000116
 10
9949.60000000002
 20
2592.1624999999985
 10
9848.000000000015
 20
2592.1624999999985
 10
9848.000000000015
 20
2003.2000000000116
  0
TEXT
  5
DF
330
17
100
AcDbEntity
  8
NESTED_RESULT
100
AcDbText
 10
9898.800000000017
 20
2297.681250000005
 30
0.0
 40
23.518518518519866
  1
P-0955
 72
1
 11
9898.800000000017
 21
2297.681250000005
 31
0.0
100
AcDbText
 73
2
  0
LWPOLYLINE
  5
E0
330
17
100
AcDbEntity
  8
NESTED_RESULT
 62
1
100
AcDbPolyline
 90
5
 70
0
 10
10200.0
 20
1800.0
 10
13400.0
 20
1800.0
 10
13400.0
 20
3400.0
 10
10200.0
 20
3400.0
 10
10200.0
 20
1800.0
  0
TEXT
  5
E1
330
17
100
AcDbEntity
  8
NESTED_RESULT
 62
1
100
AcDbText
 10
10200.0
 20
3430.0
 30
0.0
 40
50.0
  1
Sheet_10
 11
10200.0
 21
3430.0
 31
0.0
100
AcDbText
 73
1
  0
LWPOLYLINE
  5
E2
330
17
100
AcDbEntity
  8
NESTED_RESULT
100
AcDbPolyline
 90
8
 70
0
 10
13044.800000000017
 20
1800.0
 10
10200.0
 20
1800.0
 10
10200.0
 20
2444.524999999994
 10
12400.275000000023
 20
2444.524999999994
 10
12400.275000000023
 20
2709.637499999997
 10
13044.800000000017
 20
2709.637499999997
 10
13044.800000000017
 20
2444.524999999994
 10
13044.800000000017
 20
1800.0
  0
TEXT
  5
E3
330
17
100
AcDbEntity
  8
NESTED_RESULT
100
AcDbText
 10
12667.322265625015
 20
2177.3785156249983
 30
0.0
 40
80.0
  1
P-0024
 72
1
 11
12667.322265625015
 21
2177.3785156249983
 31
0.0
100
AcDbText
 73
2
  0
LWPOLYLINE
  5
E4
330
17
100
AcDbEntity
  8
NESTED_RESULT
100
AcDbPolyline
 90
8
 70
0
 10
10200.0
 20
3354.5
 10
13044.800000000017
 20
3354.5
 10
13044.800000000017
 20
2709.9749999999913
 10
10844.524999999994
 20
2709.9749999999913
 10
10844.524999999994
 20
2444.862500000003
 10
10200.0
 20
2444.862500000003
 10
10200.0
 20
2709.9749999999913
 10
10200.0
 20
3354.5
  0
TEXT
  5
E5
330
17
100
AcDbEntity
  8
NESTED_RESULT
100
AcDbText
 10
10577.477734375003
 20
2977.1214843750017
 30
0.0
 40
80.0
  1
P-0025
 72
1
 11
10577.477734375003
 21
2977.1214843750017
 31
0.0
100
AcDbText
 73
2
  0
LWPOLYLINE
  5
E6
330
17
100
AcDbEntity
  8
NESTED_RESULT
100
AcDbPolyline
 90
5
 70
0
 10
13146.400000000023
 20
1800.0
 10
13146.400000000023
 20
3050.949999999997
 10
13044.800000000017
 20
3050.949999999997
 10
13044.800000000017
 20
1800.0
 10
13146.400000000023
 20
1800.0
  0
TEXT
  5
E7
330
17
100
AcDbEntity
  8
NESTED_RESULT
100
AcDbText
 10
13095.60000000002
 20
2425.4749999999985
 30
0.0
 40
23.518518518519866
  1
P-0684
 72
1
 11
13095.60000000002
 21
2425.4749999999985
 31
0.0
100
AcDbText
 73
2
  0
LWPOLYLINE
  5
E8
330
17
100
AcDbEntity
  8
NESTED_RESULT
100
AcDbPolyline
 90
5
 70
0
 10
10844.825000000026
 20
2444.524999999994
 10
12095.775000000023
 20
2444.524999999994
 10
12095.775000000023
 20
2546.125
 10
10844.825000000026
 20
2546.125
 10
10844.825000000026
 20
2444.524999999994
  0
TEXT
  5
E9
330
17
100
AcDbEntity
  8
NESTED_RESULT
100
AcDbText
 10
11470.300000000025
 20
2495.324999999997
 30
0.0
 40
30.0
  1
P-0686
 72
1
 11
11470.300000000025
 21
2495.324999999997
 31
0.0
100
AcDbText
 73
2
  0
LWPOLYLINE
  5
EA
330
17
100
AcDbEntity
  8
NESTED_RESULT
100
AcDbPolyline
 90
5
 70
0
 10
10844.524999999994
 20
2546.3749999999854
 10
12095.474999999991
 20
2546.3749999999854
 10
12095.474999999991
 20
2647.9749999999913
 10
10844.524999999994
 20
2647.9749999999913
 10
10844.524999999994
 20
2546.3749999999854
  0
TEXT
  5
EB
330
17
100
AcDbEntity
  8
NESTED_RESULT
100
AcDbText
 10
11469.999999999993
 20
2597.1749999999884
 30
0.0
 40
30.0
  1
P-0687
 72
1
 11
11469.999999999993
 21
2597.1749999999884
 31
0.0
100
AcDbText
 73
2
  0
LWPOLYLINE
  5
EC
330
17
100
AcDbEntity
  8
NESTED_RESULT
100
AcDbPolyline
 90
5
 70
0
 10
13146.400000000023
 20
3050.949999999997
 10
13146.400000000023
 20
1800.0
 10
13248.00000000003
 20
1800.0
 10
13248.00000000003
 20
3050.949999999997
 10
13146.400000000023
 20
3050.949999999997
  0
TEXT
  5
ED
330
17
100
AcDbEntity
  8
NESTED_RESULT
100
AcDbText
 10
13197.200000000026
 20
2425.4749999999985
 30
0.0
 40
23.518518518519866
  1
P-0688
 72
1
 11
13197.200000000026
 21
2425.4749999999985
 31
0.0
100
AcDbText
 73
2
  0
LWPOLYLINE
  5
EE
330
17
100
AcDbEntity
  8
NESTED_RESULT
100
AcDbPolyline
 90
5
 70
0
 10
13349.600000000035
 20
1800.0
 10
13349.600000000035
 20
3050.949999999997
 10
13248.00000000003
 20
3050.949999999997
 10
13248.00000000003
 20
1800.0
 10
13349.600000000035
 20
1800.0
  0
TEXT
  5
EF
330
17
100
AcDbEntity
  8
NESTED_RESULT
100
AcDbText
 10
13298.800000000032
 20
2425.4749999999985
 30
0.0
 40
23.518518518519866
  1
P-0689
 72
1
 11
13298.800000000032
 21
2425.4749999999985
 31
0.0
100
AcDbText
 73
2
  0
LWPOLYLINE
  5
F0
330
17
100
AcDbEntity
  8
NESTED_RESULT
 62
1
100
AcDbPolyline
 90
5
 70
0
 10
13600.0
 20
1800.0
 10
16800.0
 20
1800.0
 10
16800.0
 20
3400.0
 10
13600.0
 20
3400.0
 10
13600.0
 20
1800.0
  0
TEXT
  5
F1
330
17
100
AcDbEntity
  8
NESTED_RESULT
 62
1
100
AcDbText
 10
13600.0
 20
3430.0
 30
0.0
 40
50.0
  1
Sheet_11
 11
13600.0
 21
3430.0
 31
0.0
100
AcDbText
 73
1
  0
LWPOLYLINE
  5
F2
330
17
100
AcDbEntity
  8
NESTED_RESULT
100
AcDbPolyline
 90
8
 70
0
 10
16444.800000000003
 20
1800.0
 10
13600.0
 20
1800.0
 10
13600.0
 20
2444.5250000000087
 10
15800.274999999994
 20
2444.5250000000087
 10
15800.274999999994
 20
2709.637499999997
 10
16444.800000000003
 20
2709.637499999997
 10
16444.800000000003
 20
2444.5250000000087
 10
16444.800000000003
 20
1800.0
  0
TEXT
  5
F3
330
17
100
AcDbEntity
  8
NESTED_RESULT
100
AcDbText
 10
16067.322265625004
 20
2177.3785156249987
 30
0.0
 40
80.0
  1
P-0019
 72
1
 11
16067.322265625004
 21
2177.3785156249987
 31
0.0
100
AcDbText
 73
2
  0
LWPOLYLINE
  5
F4
330
17
100
AcDbEntity
  8
NESTED_RESULT
100
AcDbPolyline
 90
8
 70
0
 10
13600.0
 20
3354.5
 10
16444.800000000003
 20
3354.5
 10
16444.800000000003
 20
2709.9749999999913
 10
14244.524999999994
 20
2709.9749999999913
 10
14244.524999999994
 20
2444.862500000003
 10
13600.0
 20
2444.862500000003
 10
13600.0
 20
2709.9749999999913
 10
13600.0
 20
3354.5
  0
TEXT
  5
F5
330
17
100
AcDbEntity
  8
NESTED_RESULT
100
AcDbText
 10
13977.477734375001
 20
2977.1214843750013
 30
0.0
 40
80.0
  1
P-0020
 72
1
 11
13977.477734375001
 21
2977.1214843750013
 31
0.0
100
AcDbText
 73
2
  0
LWPOLYLINE
  5
F6
330
17
100
AcDbEntity
  8
NESTED_RESULT
100
AcDbPolyline
 90
5
 70
0
 10
14244.824999999997
 20
2444.5250000000087
 10
15495.774999999994
 20
2444.5250000000087
 10
15495.774999999994
 20
2546.1250000000146
 10
14244.824999999997
 20
2546.1250000000146
 10
14244.824999999997
 20
2444.5250000000087
  0
TEXT
  5
F7
330
17
100
AcDbEntity
  8
NESTED_RESULT
100
AcDbText
 10
14870.299999999996
 20
2495.3250000000116
 30
0.0
 40
30.0
  1
P-0690
 72
1
 11
14870.299999999996
 21
2495.3250000000116
 31
0.0
100
AcDbText
 73
2
  0
LWPOLYLINE
  5
F8
330
17
100
AcDbEntity
  8
NESTED_RESULT
100
AcDbPolyline
 90
5
 70
0
 10
14244.524999999994
 20
2546.3749999999854
 10
15495.474999999991
 20
2546.3749999999854
 10
15495.474999999991
 20
2647.9749999999913
 10
14244.524999999994
 20
2647.9749999999913
 10
14244.524999999994
 20
2546.3749999999854
  0
TEXT
  5
F9
330
17
100
AcDbEntity
  8
NESTED_RESULT
100
AcDbText
 10
14869.999999999993
 20
2597.1749999999884
 30
0.0
 40
30.0
  1
P-0691
 72
1
 11
14869.999999999993
 21
2597.1749999999884
 31
0.0
100
AcDbText
 73
2
  0
LWPOLYLINE
  5
FA
330
17
100
AcDbEntity
  8
NESTED_RESULT
100
AcDbPolyline
 90
5
 70
0
 10
16546.40000000001
 20
1800.0
 10
16546.40000000001
 20
3050.949999999997
 10
16444.800000000003
 20
3050.949999999997
 10
16444.800000000003
 20
1800.0
 10
16546.40000000001
 20
1800.0
  0
TEXT
  5
FB
330
17
100
AcDbEntity
  8
NESTED_RESULT
100
AcDbText
 10
16495.600000000006
 20
2425.4749999999985
 30
0.0
 40
23.518518518519866
  1
P-0692
 72
1
 11
16495.600000000006
 21
2425.4749999999985
 31
0.0
100
AcDbText
 73
2
  0
LWPOLYLINE
  5
FC
330
17
100
AcDbEntity
  8
NESTED_RESULT
100
AcDbPolyline
 90
5
 70
0
 10
16648.000000000015
 20
1800.0
 10
16648.000000000015
 20
3050.9499999999825
 10
16546.40000000001
 20
3050.9499999999825
 10
16546.40000000001
 20
1800.0
 10
16648.000000000015
 20
1800.0
  0
TEXT
  5
FD
330
17
100
AcDbEntity
  8
NESTED_RESULT
100
AcDbText
 10
16597.20000000001
 20
2425.4749999999913
 30
0.0
 40
23.518518518519866
  1
P-0693
 72
1
 11
16597.20000000001
 21
2425.4749999999913
 31
0.0
100
AcDbText
 73
2
  0
LWPOLYLINE
  5
FE
330
17
100
AcDbEntity
  8
NESTED_RESULT
100
AcDbPolyline
 90
5
 70
0
 10
16749.60000000002
 20
1800.0
 10
16749.60000000002
 20
3050.9499999999825
 10
16648.000000000015
 20
3050.9499999999825
 10
16648.000000000015
 20
1800.0
 10
16749.60000000002
 20
1800.0
  0
TEXT
  5
FF
330
17
100
AcDbEntity
  8
NESTED_RESULT
100
AcDbText
 10
16698.800000000017
 20
2425.4749999999913
 30
0.0
 40
23.518518518519866
  1
P-0694
 72
1
 11
16698.800000000017
 21
2425.4749999999913
 31
0.0
100
AcDbText
 73
2
  0
LWPOLYLINE
  5
100
330
17
100
AcDbEntity
  8
NESTED_RESULT
 62
1
100
AcDbPolyline
 90
5
 70
0
 10
17000.0
 20
1800.0
 10
20200.0
 20
1800.0
 10
20200.0
 20
3400.0
 10
17000.0
 20
3400.0
 10
17000.0
 20
1800.0
  0
TEXT
  5
101
330
17
100
AcDbEntity
  8
NESTED_RESULT
 62
1
100
AcDbText
 10
17000.0
 20
3430.0
 30
0.0
 40
50.0
  1
Sheet_12
 11
17000.0
 21
3430.0
 31
0.0
100
AcDbText
 73
1
  0
LWPOLYLINE
  5
102
330
17
100
AcDbEntity
  8
NESTED_RESULT
100
AcDbPolyline
 90
8
 70
0
 10
19844.800000000003
 20
1800.0
 10
17000.0
 20
1800.0
 10
17000.0
 20
2444.5250000000087
 10
19200.27500000001
 20
2444.5250000000087
 10
19200.27500000001
 20
2709.637499999997
 10
19844.800000000003
 20
2709.637499999997
 10
19844.800000000003
 20
2444.5250000000087
 10
19844.800000000003
 20
1800.0
  0
TEXT
  5
103
330
17
100
AcDbEntity
  8
NESTED_RESULT
100
AcDbText
 10
19467.322265625004
 20
2177.3785156249987
 30
0.0
 40
80.0
  1
P-0021
 72
1
 11
19467.322265625004
 21
2177.3785156249987
 31
0.0
100
AcDbText
 73
2
  0
LWPOLYLINE
  5
104
330
17
100
AcDbEntity
  8
NESTED_RESULT
100
AcDbPolyline
 90
8
 70
0
 10
17000.0
 20
3354.5
 10
19844.800000000003
 20
3354.5
 10
19844.800000000003
 20
2709.9749999999913
 10
17644.52500000001
 20
2709.9749999999913
 10
17644.52500000001
 20
2444.862500000003
 10
17000.0
 20
2444.862500000003
 10
17000.0
 20
2709.9749999999913
 10
17000.0
 20
3354.5
  0
TEXT
  5
105
330
17
100
AcDbEntity
  8
NESTED_RESULT
100
AcDbText
 10
17377.477734375
 20
2977.1214843750013
 30
0.0
 40
80.0
  1
P-0022
 72
1
 11
17377.477734375
 21
2977.1214843750013
 31
0.0
100
AcDbText
 73
2
  0
LWPOLYLINE
  5
106
330
17
100
AcDbEntity
  8
NESTED_RESULT
100
AcDbPolyline
 90
5
 70
0
 10
17644.82500000001
 20
2444.5250000000087
 10
18895.77500000001
 20
2444.5250000000087
 10
18895.77500000001
 20
2546.1250000000146
 10
17644.82500000001
 20
2546.1250000000146
 10
17644.82500000001
 20
2444.5250000000087
  0
TEXT
  5
107
330
17
100
AcDbEntity
  8
NESTED_RESULT
100
AcDbText
 10
18270.30000000001
 20
2495.3250000000116
 30
0.0
 40
30.0
  1
P-0695
 72
1
 11
18270.30000000001
 21
2495.3250000000116
 31
0.0
100
AcDbText
 73
2
  0
LWPOLYLINE
  5
108
330
17
100
AcDbEntity
  8
NESTED_RESULT
100
AcDbPolyline
 90
5
 70
0
 10
17644.52500000001
 20
2546.3749999999854
 10
18895.475000000006
 20
2546.3749999999854
 10
18895.475000000006
 20
2647.9749999999913
 10
17644.52500000001
 20
2647.9749999999913
 10
17644.52500000001
 20
2546.3749999999854
  0
TEXT
  5
109
330
17
100
AcDbEntity
  8
NESTED_RESULT
100
AcDbText
 10
18270.000000000007
 20
2597.1749999999884
 30
0.0
 40
30.0
  1
P-0696
 72
1
 11
18270.000000000007
 21
2597.1749999999884
 31
0.0
100
AcDbText
 73
2
  0
LWPOLYLINE
  5
10A
330
17
100
AcDbEntity
  8
NESTED_RESULT
100
AcDbPolyline
 90
5
 70
0
 10
19946.40000000001
 20
1800.0
 10
19946.40000000001
 20
3050.949999999997
 10
19844.800000000003
 20
3050.949999999997
 10
19844.800000000003
 20
1800.0
 10
19946.40000000001
 20
1800.0
  0
TEXT
  5
10B
330
17
100
AcDbEntity
  8
NESTED_RESULT
100
AcDbText
 10
19895.600000000006
 20
2425.4749999999985
 30
0.0
 40
23.518518518519866
  1
P-0697
 72
1
 11
19895.600000000006
 21
2425.4749999999985
 31
0.0
100
AcDbText
 73
2
  0
LWPOLYLINE
  5
10C
330
17
100
AcDbEntity
  8
NESTED_RESULT
100
AcDbPolyline
 90
5
 70
0
 10
20048.000000000015
 20
1800.0
 10
20048.000000000015
 20
3050.949999999997
 10
19946.40000000001
 20
3050.949999999997
 10
19946.40000000001
 20
1800.0
 10
20048.000000000015
 20
1800.0
  0
TEXT
  5
10D
330
17
100
AcDbEntity
  8
NESTED_RESULT
100
AcDbText
 10
19997.20000000001
 20
2425.4749999999985
 30
0.0
 40
23.518518518519866
  1
P-0698
 72
1
 11
19997.20000000001
 21
2425.4749999999985
 31
0.0
100
AcDbText
 73
2
  0
LWPOLYLINE
  5
10E
330
17
100
AcDbEntity
  8
NESTED_RESULT
100
AcDbPolyline
 90
5
 70
0
 10
20149.60000000002
 20
1800.0
 10
20149.60000000002
 20
3050.949999999997
 10
20048.000000000015
 20
3050.949999999997
 10
20048.000000000015
 20
1800.0
 10
20149.60000000002
 20
1800.0
  0
TEXT
  5
10F
330
17
100
AcDbEntity
  8
NESTED_RESULT
100
AcDbText
 10
20098.800000000017
 20
2425.4749999999985
 30
0.0
 40
23.518518518519866
  1
P-0699
 72
1
 11
20098.800000000017
 21
2425.4749999999985
 31
0.0
100
AcDbText
 73
2
  0
LWPOLYLINE
  5
110
330
17
100
AcDbEntity
  8
NESTED_RESULT
 62
1
100
AcDbPolyline
 90
5
 70
0
 10
0.0
 20
3600.0
 10
3200.0
 20
3600.0
 10
3200.0
 20
5200.0
 10
0.0
 20
5200.0
 10
0.0
 20
3600.0
  0
TEXT
  5
111
330
17
100
AcDbEntity
  8
NESTED_RESULT
 62
1
100
AcDbText
 10
0.0
 20
5230.0
 30
0.0
 40
50.0
  1
Sheet_13
 11
0.0
 21
5230.0
 31
0.0
100
AcDbText
 73
1
  0
LWPOLYLINE
  5
112
330
17
100
AcDbEntity
  8
NESTED_RESULT
100
AcDbPolyline
 90
8
 70
0
 10
2844.800000000003
 20
3600.0
 10
0.0
 20
3600.0
 10
0.0
 20
4244.525000000009
 10
2200.2750000000087
 20
4244.525000000009
 10
2200.2750000000087
 20
4509.637499999997
 10
2844.800000000003
 20
4509.637499999997
 10
2844.800000000003
 20
4244.525000000009
 10
2844.800000000003
 20
3600.0
  0
TEXT
  5
113
330
17
100
AcDbEntity
  8
NESTED_RESULT
100
AcDbText
 10
2467.3222656250027
 20
3977.3785156249987
 30
0.0
 40
80.0
  1
P-0023
 72
1
 11
2467.3222656250027
 21
3977.3785156249987
 31
0.0
100
AcDbText
 73
2
  0
LWPOLYLINE
  5
114
330
17
100
AcDbEntity
  8
NESTED_RESULT
100
AcDbPolyline
 90
8
 70
0
 10
0.0
 20
5154.5
 10
2844.800000000003
 20
5154.5
 10
2844.800000000003
 20
4509.975000000006
 10
644.5250000000087
 20
4509.975000000006
 10
644.5250000000087
 20
4244.862500000003
 10
0.0
 20
4244.862500000003
 10
0.0
 20
4509.975000000006
 10
0.0
 20
5154.5
  0
TEXT
  5
115
330
17
100
AcDbEntity
  8
NESTED_RESULT
100
AcDbText
 10
377.4777343750004
 20
4777.121484375001
 30
0.0
 40
80.0
  1
P-0029
 72
1
 11
377.4777343750004
 21
4777.121484375001
 31
0.0
100
AcDbText
 73
2
  0
LWPOLYLINE
  5
116
330
17
100
AcDbEntity
  8
NESTED_RESULT
100
AcDbPolyline
 90
5
 70
0
 10
644.8250000000116
 20
4244.525000000009
 10
1895.7750000000087
 20
4244.525000000009
 10
1895.7750000000087
 20
4346.125000000015
 10
644.8250000000116
 20
4346.125000000015
 10
644.8250000000116
 20
4244.525000000009
  0
TEXT
  5
117
330
17
100
AcDbEntity
  8
NESTED_RESULT
100
AcDbText
 10
1270.3000000000102
 20
4295.325000000012
 30
0.0
 40
30.0
  1
P-0700
 72
1
 11
1270.3000000000102
 21
4295.325000000012
 31
0.0
100
AcDbText
 73
2
  0
LWPOLYLINE
  5
118
330
17
100
AcDbEntity
  8
NESTED_RESULT
100
AcDbPolyline
 90
5
 70
0
 10
644.5250000000087
 20
4346.375
 10
1895.475000000005
 20
4346.375
 10
1895.475000000005
 20
4447.975000000006
 10
644.5250000000087
 20
4447.975000000006
 10
644.5250000000087
 20
4346.375
  0
TEXT
  5
119
330
17
100
AcDbEntity
  8
NESTED_RESULT
100
AcDbText
 10
1270.0000000000068
 20
4397.175000000003
 30
0.0
 40
30.0
  1
P-0701
 72
1
 11
1270.0000000000068
 21
4397.175000000003
 31
0.0
100
AcDbText
 73
2
  0
LWPOLYLINE
  5
11A
330
17
100
AcDbEntity
  8
NESTED_RESULT
100
AcDbPolyline
 90
5
 70
0
 10
2946.4000000000087
 20
3600.0
 10
2946.4000000000087
 20
4850.949999999997
 10
2844.800000000003
 20
4850.949999999997
 10
2844.800000000003
 20
3600.0
 10
2946.4000000000087
 20
3600.0
  0
TEXT
  5
11B
330
17
100
AcDbEntity
  8
NESTED_RESULT
100
AcDbText
 10
2895.600000000006
 20
4225.4749999999985
 30
0.0
 40
23.518518518519866
  1
P-0702
 72
1
 11
2895.600000000006
 21
4225.4749999999985
 31
0.0
100
AcDbText
 73
2
  0
LWPOLYLINE
  5
11C
330
17
100
AcDbEntity
  8
NESTED_RESULT
100
AcDbPolyline
 90
5
 70
0
 10
3048.0000000000146
 20
3600.0
 10
3048.0000000000146
 20
4850.949999999997
 10
2946.4000000000087
 20
4850.949999999997
 10
2946.4000000000087
 20
3600.0
 10
3048.0000000000146
 20
3600.0
  0
TEXT
  5
11D
330
17
100
AcDbEntity
  8
NESTED_RESULT
100
AcDbText
 10
2997.2000000000116
 20
4225.4749999999985
 30
0.0
 40
23.518518518519866
  1
P-0703
 72
1
 11
2997.2000000000116
 21
4225.4749999999985
 31
0.0
100
AcDbText
 73
2
  0
LWPOLYLINE
  5
11E
330
17
100
AcDbEntity
  8
NESTED_RESULT
100
AcDbPolyline
 90
5
 70
0
 10
3149.6000000000204
 20
3600.0
 10
3149.6000000000204
 20
4850.9499999999825
 10
3048.0000000000146
 20
4850.9499999999825
 10
3048.0000000000146
 20
3600.0
 10
3149.6000000000204
 20
3600.0
  0
TEXT
  5
11F
330
17
100
AcDbEntity
  8
NESTED_RESULT
100
AcDbText
 10
3098.8000000000175
 20
4225.474999999991
 30
0.0
 40
23.518518518519866
  1
P-0704
 72
1
 11
3098.8000000000175
 21
4225.474999999991
 31
0.0
100
AcDbText
 73
2
  0
LWPOLYLINE
  5
120
330
17
100
AcDbEntity
  8
NESTED_RESULT
 62
1
100
AcDbPolyline
 90
5
 70
0
 10
3400.0
 20
3600.0
 10
6600.0
 20
3600.0
 10
6600.0
 20
5200.0
 10
3400.0
 20
5200.0
 10
3400.0
 20
3600.0
  0
TEXT
  5
121
330
17
100
AcDbEntity
  8
NESTED_RESULT
 62
1
100
AcDbText
 10
3400.0
 20
5230.0
 30
0.0
 40
50.0
  1
Sheet_14
 11
3400.0
 21
5230.0
 31
0.0
100
AcDbText
 73
1
  0
LWPOLYLINE
  5
122
330
17
100
AcDbEntity
  8
NESTED_RESULT
100
AcDbPolyline
 90
8
 70
0
 10
6244.800000000003
 20
3600.0
 10
3400.0
 20
3600.0
 10
3400.0
 20
4244.524999999994
 10
5600.274999999994
 20
4244.524999999994
 10
5600.274999999994
 20
4509.637499999997
 10
6244.800000000003
 20
4509.637499999997
 10
6244.800000000003
 20
4244.524999999994
 10
6244.800000000003
 20
3600.0
  0
TEXT
  5
123
330
17
100
AcDbEntity
  8
NESTED_RESULT
100
AcDbText
 10
5867.322265625003
 20
3977.3785156249987
 30
0.0
 40
80.0
  1
P-0031
 72
1
 11
5867.322265625003
 21
3977.3785156249987
 31
0.0
100
AcDbText
 73
2
  0
LWPOLYLINE
  5
124
330
17
100
AcDbEntity
  8
NESTED_RESULT
100
AcDbPolyline
 90
8
 70
0
 10
3400.0
 20
5154.5
 10
6244.800000000003
 20
5154.5
 10
6244.800000000003
 20
4509.975000000006
 10
4044.5250000000087
 20
4509.975000000006
 10
4044.5250000000087
 20
4244.862500000003
 10
3400.0
 20
4244.862500000003
 10
3400.0
 20
4509.975000000006
 10
3400.0
 20
5154.5
  0
TEXT
  5
125
330
17
100
AcDbEntity
  8
NESTED_RESULT
100
AcDbText
 10
3777.477734375
 20
4777.121484375001
 30
0.0
 40
80.0
  1
P-0032
 72
1
 11
3777.477734375
 21
4777.121484375001
 31
0.0
100
AcDbText
 73
2
  0
LWPOLYLINE
  5
126
330
17
100
AcDbEntity
  8
NESTED_RESULT
100
AcDbPolyline
 90
5
 70
0
 10
4044.8250000000044
 20
4244.524999999994
 10
5295.774999999994
 20
4244.524999999994
 10
5295.774999999994
 20
4346.125
 10
4044.8250000000044
 20
4346.125
 10
4044.8250000000044
 20
4244.524999999994
  0
TEXT
  5
127
330
17
100
AcDbEntity
  8
NESTED_RESULT
100
AcDbText
 10
4670.299999999999
 20
4295.324999999997
 30
0.0
 40
30.0
  1
P-0705
 72
1
 11
4670.299999999999
 21
4295.324999999997
 31
0.0
100
AcDbText
 73
2
  0
LWPOLYLINE
  5
128
330
17
100
AcDbEntity
  8
NESTED_RESULT
100
AcDbPolyline
 90
5
 70
0
 10
4044.5250000000087
 20
4346.375
 10
5143.075000000013
 20
4346.375
 10
5143.075000000013
 20
4447.975000000006
 10
4044.5250000000087
 20
4447.975000000006
 10
4044.5250000000087
 20
4346.375
  0
TEXT
  5
129
330
17
100
AcDbEntity
  8
NESTED_RESULT
100
AcDbText
 10
4593.80000000001
 20
4397.175000000003
 30
0.0
 40
30.0
  1
P-0720
 72
1
 11
4593.80000000001
 21
4397.175000000003
 31
0.0
100
AcDbText
 73
2
  0
LWPOLYLINE
  5
12A
330
17
100
AcDbEntity
  8
NESTED_RESULT
100
AcDbPolyline
 90
5
 70
0
 10
6346.400000000009
 20
3600.0
 10
6346.400000000009
 20
4698.550000000003
 10
6244.800000000003
 20
4698.550000000003
 10
6244.800000000003
 20
3600.0
 10
6346.400000000009
 20
3600.0
  0
TEXT
  5
12B
330
17
100
AcDbEntity
  8
NESTED_RESULT
100
AcDbText
 10
6295.600000000006
 20
4149.2750000000015
 30
0.0
 40
23.518518518519866
  1
P-0721
 72
1
 11
6295.600000000006
 21
4149.2750000000015
 31
0.0
100
AcDbText
 73
2
  0
LWPOLYLINE
  5
12C
330
17
100
AcDbEntity
  8
NESTED_RESULT
100
AcDbPolyline
 90
5
 70
0
 10
6448.000000000015
 20
3600.0
 10
6448.000000000015
 20
4698.550000000003
 10
6346.400000000009
 20
4698.550000000003
 10
6346.400000000009
 20
3600.0
 10
6448.000000000015
 20
3600.0
  0
TEXT
  5
12D
330
17
100
AcDbEntity
  8
NESTED_RESULT
100
AcDbText
 10
6397.200000000012
 20
4149.2750000000015
 30
0.0
 40
23.518518518519866
  1
P-0722
 72
1
 11
6397.200000000012
 21
4149.2750000000015
 31
0.0
100
AcDbText
 73
2
  0
LWPOLYLINE
  5
12E
330
17
100
AcDbEntity
  8
NESTED_RESULT
100
AcDbPolyline
 90
5
 70
0
 10
6448.000000000015
 20
4698.549999999996
 10
6448.000000000015
 20
3600.0
 10
6549.60000000002
 20
3600.0
 10
6549.60000000002
 20
4698.549999999996
 10
6448.000000000015
 20
4698.549999999996
  0
TEXT
  5
12F
330
17
100
AcDbEntity
  8
NESTED_RESULT
100
AcDbText
 10
6498.8000000000175
 20
4149.274999999998
 30
0.0
 40
23.518518518519866
  1
P-0723
 72
1
 11
6498.8000000000175
 21
4149.274999999998
 31
0.0
100
AcDbText
 73
2
  0
LWPOLYLINE
  5
130
330
17
100
AcDbEntity
  8
NESTED_RESULT
 62
1
100
AcDbPolyline
 90
5
 70
0
 10
6800.0
 20
3600.0
 10
10000.0
 20
3600.0
 10
10000.0
 20
5200.0
 10
6800.0
 20
5200.0
 10
6800.0
 20
3600.0
  0
TEXT
  5
131
330
17
100
AcDbEntity
  8
NESTED_RESULT
 62
1
100
AcDbText
 10
6800.0
 20
5230.0
 30
0.0
 40
50.0
  1
Sheet_15
 11
6800.0
 21
5230.0
 31
0.0
100
AcDbText
 73
1
  0
LWPOLYLINE
  5
132
330
17
100
AcDbEntity
  8
NESTED_RESULT
100
AcDbPolyline
 90
8
 70
0
 10
9644.800000000003
 20
3600.0
 10
6800.0
 20
3600.0
 10
6800.0
 20
4244.525000000009
 10
9000.275000000009
 20
4244.525000000009
 10
9000.275000000009
 20
4509.637499999997
 10
9644.800000000003
 20
4509.637499999997
 10
9644.800000000003
 20
4244.525000000009
 10
9644.800000000003
 20
3600.0
  0
TEXT
  5
133
330
17
100
AcDbEntity
  8
NESTED_RESULT
100
AcDbText
 10
9267.322265625004
 20
3977.3785156249987
 30
0.0
 40
80.0
  1
P-0039
 72
1
 11
9267.322265625004
 21
3977.3785156249987
 31
0.0
100
AcDbText
 73
2
  0
LWPOLYLINE
  5
134
330
17
100
AcDbEntity
  8
NESTED_RESULT
100
AcDbPolyline
 90
8
 70
0
 10
6800.0
 20
5154.5
 10
9644.800000000003
 20
5154.5
 10
9644.800000000003
 20
4509.974999999991
 10
7444.524999999994
 20
4509.974999999991
 10
7444.524999999994
 20
4244.862500000003
 10
6800.0
 20
4244.862500000003
 10
6800.0
 20
4509.974999999991
 10
6800.0
 20
5154.5
  0
TEXT
  5
135
330
17
100
AcDbEntity
  8
NESTED_RESULT
100
AcDbText
 10
7177.477734375
 20
4777.121484375001
 30
0.0
 40
80.0
  1
P-0040
 72
1
 11
7177.477734375
 21
4777.121484375001
 31
0.0
100
AcDbText
 73
2
  0
LWPOLYLINE
  5
136
330
17
100
AcDbEntity
  8
NESTED_RESULT
100
AcDbPolyline
 90
5
 70
0
 10
7444.624999999998
 20
4244.525000000009
 10
8390.775000000009
 20
4244.525000000009
 10
8390.775000000009
 20
4346.125000000015
 10
7444.624999999998
 20
4346.125000000015
 10
7444.624999999998
 20
4244.525000000009
  0
TEXT
  5
137
330
17
100
AcDbEntity
  8
NESTED_RESULT
100
AcDbText
 10
7917.7000000000035
 20
4295.325000000012
 30
0.0
 40
30.0
  1
P-0745
 72
1
 11
7917.7000000000035
 21
4295.325000000012
 31
0.0
100
AcDbText
 73
2
  0
LWPOLYLINE
  5
138
330
17
100
AcDbEntity
  8
NESTED_RESULT
100
AcDbPolyline
 90
5
 70
0
 10
7444.524999999994
 20
4346.374999999985
 10
8390.675000000003
 20
4346.374999999985
 10
8390.675000000003
 20
4447.974999999991
 10
7444.524999999994
 20
4447.974999999991
 10
7444.524999999994
 20
4346.374999999985
  0
TEXT
  5
139
330
17
100
AcDbEntity
  8
NESTED_RESULT
100
AcDbText
 10
7917.5999999999985
 20
4397.174999999988
 30
0.0
 40
30.0
  1
P-0746
 72
1
 11
7917.5999999999985
 21
4397.174999999988
 31
0.0
100
AcDbText
 73
2
  0
LWPOLYLINE
  5
13A
330
17
100
AcDbEntity
  8
NESTED_RESULT
100
AcDbPolyline
 90
5
 70
0
 10
9746.400000000009
 20
3600.0
 10
9746.400000000009
 20
4546.1500000000015
 10
9644.800000000003
 20
4546.1500000000015
 10
9644.800000000003
 20
3600.0
 10
9746.400000000009
 20
3600.0
  0
TEXT
  5
13B
330
17
100
AcDbEntity
  8
NESTED_RESULT
100
AcDbText
 10
9695.600000000006
 20
4073.0750000000007
 30
0.0
 40
23.518518518519866
  1
P-0747
 72
1
 11
9695.600000000006
 21
4073.0750000000007
 31
0.0
100
AcDbText
 73
2
  0
LWPOLYLINE
  5
13C
330
17
100
AcDbEntity
  8
NESTED_RESULT
100
AcDbPolyline
 90
5
 70
0
 10
9848.000000000015
 20
3600.0
 10
9848.000000000015
 20
4546.1500000000015
 10
9746.400000000009
 20
4546.1500000000015
 10
9746.400000000009
 20
3600.0
 10
9848.000000000015
 20
3600.0
  0
TEXT
  5
13D
330
17
100
AcDbEntity
  8
NESTED_RESULT
100
AcDbText
 10
9797.200000000012
 20
4073.0750000000007
 30
0.0
 40
23.518518518519866
  1
P-0748
 72
1
 11
9797.200000000012
 21
4073.0750000000007
 31
0.0
100
AcDbText
 73
2
  0
LWPOLYLINE
  5
13E
330
17
100
AcDbEntity
  8
NESTED_RESULT
100
AcDbPolyline
 90
5
 70
0
 10
9949.60000000002
 20
3600.0
 10
9949.60000000002
 20
4546.1500000000015
 10
9848.000000000015
 20
4546.1500000000015
 10
9848.000000000015
 20
3600.0
 10
9949.60000000002
 20
3600.0
  0
TEXT
  5
13F
330
17
100
AcDbEntity
  8
NESTED_RESULT
100
AcDbText
 10
9898.800000000017
 20
4073.0750000000007
 30
0.0
 40
23.518518518519866
  1
P-0749
 72
1
 11
9898.800000000017
 21
4073.0750000000007
 31
0.0
100
AcDbText
 73
2
  0
LWPOLYLINE
  5
140
330
17
100
AcDbEntity
  8
NESTED_RESULT
100
AcDbPolyline
 90
5
 70
0
 10
8979.775000000009
 20
4244.525000000009
 10
8979.775000000009
 20
4346.125000000015
 10
8390.81250000003
 20
4346.125000000015
 10
8390.81250000003
 20
4244.525000000009
 10
8979.775000000009
 20
4244.525000000009
  0
TEXT
  5
141
330
17
100
AcDbEntity
  8
NESTED_RESULT
100
AcDbText
 10
8685.293750000019
 20
4295.325000000012
 30
0.0
 40
30.0
  1
P-0965
 72
1
 11
8685.293750000019
 21
4295.325000000012
 31
0.0
100
AcDbText
 73
2
  0
LWPOLYLINE
  5
142
330
17
100
AcDbEntity
  8
NESTED_RESULT
100
AcDbPolyline
 90
5
 70
0
 10
8979.637500000026
 20
4346.125000000015
 10
8979.637500000026
 20
4447.725000000006
 10
8390.675000000003
 20
4447.725000000006
 10
8390.675000000003
 20
4346.125000000015
 10
8979.637500000026
 20
4346.125000000015
  0
TEXT
  5
143
330
17
100
AcDbEntity
  8
NESTED_RESULT
100
AcDbText
 10
8685.156250000015
 20
4396.92500000001
 30
0.0
 40
30.0
  1
P-0936
 72
1
 11
8685.156250000015
 21
4396.92500000001
 31
0.0
100
AcDbText
 73
2
  0
LWPOLYLINE
  5
144
330
17
100
AcDbEntity
  8
NESTED_RESULT
100
AcDbPolyline
 90
5
 70
0
 10
9644.800000000003
 20
4546.1500000000015
 10
9746.400000000005
 20
4546.1500000000015
 10
9746.400000000005
 20
5135.112500000014
 10
9644.800000000003
 20
5135.112500000014
 10
9644.800000000003
 20
4546.1500000000015
  0
TEXT
  5
145
330
17
100
AcDbEntity
  8
NESTED_RESULT
100
AcDbText
 10
9695.600000000004
 20
4840.631250000008
 30
0.0
 40
23.518518518519024
  1
P-0944
 72
1
 11
9695.600000000004
 21
4840.631250000008
 31
0.0
100
AcDbText
 73
2
  0
LWPOLYLINE
  5
146
330
17
100
AcDbEntity
  8
NESTED_RESULT
100
AcDbPolyline
 90
5
 70
0
 10
9746.400000000005
 20
4546.1500000000015
 10
9848.000000000007
 20
4546.1500000000015
 10
9848.000000000007
 20
5135.112500000014
 10
9746.400000000005
 20
5135.112500000014
 10
9746.400000000005
 20
4546.1500000000015
  0
TEXT
  5
147
330
17
100
AcDbEntity
  8
NESTED_RESULT
100
AcDbText
 10
9797.200000000006
 20
4840.631250000008
 30
0.0
 40
23.518518518519024
  1
P-0945
 72
1
 11
9797.200000000006
 21
4840.631250000008
 31
0.0
100
AcDbText
 73
2
  0
LWPOLYLINE
  5
148
330
17
100
AcDbEntity
  8
NESTED_RESULT
100
AcDbPolyline
 90
5
 70
0
 10
9848.000000000007
 20
4546.1500000000015
 10
9949.60000000001
 20
4546.1500000000015
 10
9949.60000000001
 20
5135.11250000001
 10
9848.000000000007
 20
5135.11250000001
 10
9848.000000000007
 20
4546.1500000000015
  0
TEXT
  5
149
330
17
100
AcDbEntity
  8
NESTED_RESULT
100
AcDbText
 10
9898.800000000008
 20
4840.631250000006
 30
0.0
 40
23.518518518519024
  1
P-0946
 72
1
 11
9898.800000000008
 21
4840.631250000006
 31
0.0
100
AcDbText
 73
2
  0
LWPOLYLINE
  5
14A
330
17
100
AcDbEntity
  8
NESTED_RESULT
 62
1
100
AcDbPolyline
 90
5
 70
0
 10
10200.0
 20
3600.0
 10
13400.0
 20
3600.0
 10
13400.0
 20
5200.0
 10
10200.0
 20
5200.0
 10
10200.0
 20
3600.0
  0
TEXT
  5
14B
330
17
100
AcDbEntity
  8
NESTED_RESULT
 62
1
100
AcDbText
 10
10200.0
 20
5230.0
 30
0.0
 40
50.0
  1
Sheet_16
 11
10200.0
 21
5230.0
 31
0.0
100
AcDbText
 73
1
  0
LWPOLYLINE
  5
14C
330
17
100
AcDbEntity
  8
NESTED_RESULT
100
AcDbPolyline
 90
8
 70
0
 10
13044.800000000003
 20
3600.0
 10
10200.0
 20
3600.0
 10
10200.0
 20
4244.525000000009
 10
12400.275000000009
 20
4244.525000000009
 10
12400.275000000009
 20
4509.637499999997
 10
13044.800000000003
 20
4509.637499999997
 10
13044.800000000003
 20
4244.525000000009
 10
13044.800000000003
 20
3600.0
  0
TEXT
  5
14D
330
17
100
AcDbEntity
  8
NESTED_RESULT
100
AcDbText
 10
12667.322265625004
 20
3977.3785156249987
 30
0.0
 40
80.0
  1
P-0041
 72
1
 11
12667.322265625004
 21
3977.3785156249987
 31
0.0
100
AcDbText
 73
2
  0
LWPOLYLINE
  5
14E
330
17
100
AcDbEntity
  8
NESTED_RESULT
100
AcDbPolyline
 90
8
 70
0
 10
10200.0
 20
5154.5
 10
13044.800000000003
 20
5154.5
 10
13044.800000000003
 20
4509.975000000006
 10
10844.524999999907
 20
4509.975000000006
 10
10844.524999999907
 20
4244.862500000003
 10
10200.0
 20
4244.862500000003
 10
10200.0
 20
4509.975000000006
 10
10200.0
 20
5154.5
  0
TEXT
  5
14F
330
17
100
AcDbEntity
  8
NESTED_RESULT
100
AcDbText
 10
10577.477734375001
 20
4777.121484375001
 30
0.0
 40
80.0
  1
P-0068
 72
1
 11
10577.477734375001
 21
4777.121484375001
 31
0.0
100
AcDbText
 73
2
  0
LWPOLYLINE
  5
150
330
17
100
AcDbEntity
  8
NESTED_RESULT
100
AcDbPolyline
 90
5
 70
0
 10
10844.625000000007
 20
4244.525000000009
 10
11790.775000000009
 20
4244.525000000009
 10
11790.775000000009
 20
4346.125000000015
 10
10844.625000000007
 20
4346.125000000015
 10
10844.625000000007
 20
4244.525000000009
  0
TEXT
  5
151
330
17
100
AcDbEntity
  8
NESTED_RESULT
100
AcDbText
 10
11317.700000000008
 20
4295.325000000012
 30
0.0
 40
30.0
  1
P-0750
 72
1
 11
11317.700000000008
 21
4295.325000000012
 31
0.0
100
AcDbText
 73
2
  0
LWPOLYLINE
  5
152
330
17
100
AcDbEntity
  8
NESTED_RESULT
100
AcDbPolyline
 90
5
 70
0
 10
10844.524999999907
 20
4346.375
 10
11790.674999999908
 20
4346.375
 10
11790.674999999908
 20
4447.975000000006
 10
10844.524999999907
 20
4447.975000000006
 10
10844.524999999907
 20
4346.375
  0
TEXT
  5
153
330
17
100
AcDbEntity
  8
NESTED_RESULT
100
AcDbText
 10
11317.599999999908
 20
4397.175000000003
 30
0.0
 40
30.0
  1
P-0751
 72
1
 11
11317.599999999908
 21
4397.175000000003
 31
0.0
100
AcDbText
 73
2
  0
LWPOLYLINE
  5
154
330
17
100
AcDbEntity
  8
NESTED_RESULT
100
AcDbPolyline
 90
5
 70
0
 10
13146.400000000009
 20
3600.0
 10
13146.400000000009
 20
4546.1500000000015
 10
13044.800000000003
 20
4546.1500000000015
 10
13044.800000000003
 20
3600.0
 10
13146.400000000009
 20
3600.0
  0
TEXT
  5
155
330
17
100
AcDbEntity
  8
NESTED_RESULT
100
AcDbText
 10
13095.600000000006
 20
4073.0750000000007
 30
0.0
 40
23.518518518519866
  1
P-0752
 72
1
 11
13095.600000000006
 21
4073.0750000000007
 31
0.0
100
AcDbText
 73
2
  0
LWPOLYLINE
  5
156
330
17
100
AcDbEntity
  8
NESTED_RESULT
100
AcDbPolyline
 90
5
 70
0
 10
13248.000000000015
 20
3600.0
 10
13248.000000000015
 20
4546.149999999994
 10
13146.400000000009
 20
4546.149999999994
 10
13146.400000000009
 20
3600.0
 10
13248.000000000015
 20
3600.0
  0
TEXT
  5
157
330
17
100
AcDbEntity
  8
NESTED_RESULT
100
AcDbText
 10
13197.200000000012
 20
4073.074999999997
 30
0.0
 40
23.518518518519866
  1
P-0753
 72
1
 11
13197.200000000012
 21
4073.074999999997
 31
0.0
100
AcDbText
 73
2
  0
LWPOLYLINE
  5
158
330
17
100
AcDbEntity
  8
NESTED_RESULT
100
AcDbPolyline
 90
5
 70
0
 10
13349.60000000002
 20
3600.0
 10
13349.60000000002
 20
4546.1500000000015
 10
13248.000000000015
 20
4546.1500000000015
 10
13248.000000000015
 20
3600.0
 10
13349.60000000002
 20
3600.0
  0
TEXT
  5
159
330
17
100
AcDbEntity
  8
NESTED_RESULT
100
AcDbText
 10
13298.800000000017
 20
4073.0750000000007
 30
0.0
 40
23.518518518519866
  1
P-0754
 72
1
 11
13298.800000000017
 21
4073.0750000000007
 31
0.0
100
AcDbText
 73
2
  0
LWPOLYLINE
  5
15A
330
17
100
AcDbEntity
  8
NESTED_RESULT
100
AcDbPolyline
 90
5
 70
0
 10
12379.775000000009
 20
4244.525000000009
 10
12379.775000000009
 20
4346.125000000007
 10
11790.8125
 20
4346.125000000007
 10
11790.8125
 20
4244.525000000009
 10
12379.775000000009
 20
4244.525000000009
  0
TEXT
  5
15B
330
17
100
AcDbEntity
  8
NESTED_RESULT
100
AcDbText
 10
12085.293750000004
 20
4295.325000000008
 30
0.0
 40
30.0
  1
P-0947
 72
1
 11
12085.293750000004
 21
4295.325000000008
 31
0.0
100
AcDbText
 73
2
  0
LWPOLYLINE
  5
15C
330
17
100
AcDbEntity
  8
NESTED_RESULT
100
AcDbPolyline
 90
5
 70
0
 10
12379.637499999917
 20
4346.125000000015
 10
12379.637499999917
 20
4447.725000000006
 10
11790.674999999908
 20
4447.725000000006
 10
11790.674999999908
 20
4346.125000000015
 10
12379.637499999917
 20
4346.125000000015
  0
TEXT
  5
15D
330
17
100
AcDbEntity
  8
NESTED_RESULT
100
AcDbText
 10
12085.156249999913
 20
4396.92500000001
 30
0.0
 40
30.0
  1
P-0948
 72
1
 11
12085.156249999913
 21
4396.92500000001
 31
0.0
100
AcDbText
 73
2
  0
LWPOLYLINE
  5
15E
330
17
100
AcDbEntity
  8
NESTED_RESULT
100
AcDbPolyline
 90
5
 70
0
 10
13146.400000000009
 20
4546.149999999994
 10
13248.000000000011
 20
4546.149999999994
 10
13248.000000000011
 20
5135.112500000003
 10
13146.400000000009
 20
5135.112500000003
 10
13146.400000000009
 20
4546.149999999994
  0
TEXT
  5
15F
330
17
100
AcDbEntity
  8
NESTED_RESULT
100
AcDbText
 10
13197.20000000001
 20
4840.6312499999985
 30
0.0
 40
23.518518518519024
  1
P-0949
 72
1
 11
13197.20000000001
 21
4840.6312499999985
 31
0.0
100
AcDbText
 73
2
  0
LWPOLYLINE
  5
160
330
17
100
AcDbEntity
  8
NESTED_RESULT
100
AcDbPolyline
 90
5
 70
0
 10
13044.800000000003
 20
4546.150000000009
 10
13146.400000000005
 20
4546.150000000009
 10
13146.400000000005
 20
5135.1125000000175
 10
13044.800000000003
 20
5135.1125000000175
 10
13044.800000000003
 20
4546.150000000009
  0
TEXT
  5
161
330
17
100
AcDbEntity
  8
NESTED_RESULT
100
AcDbText
 10
13095.600000000004
 20
4840.631250000013
 30
0.0
 40
23.518518518519024
  1
P-0950
 72
1
 11
13095.600000000004
 21
4840.631250000013
 31
0.0
100
AcDbText
 73
2
  0
LWPOLYLINE
  5
162
330
17
100
AcDbEntity
  8
NESTED_RESULT
100
AcDbPolyline
 90
5
 70
0
 10
13349.600000000013
 20
5135.1125000000175
 10
13248.000000000011
 20
5135.1125000000175
 10
13248.000000000011
 20
4546.150000000009
 10
13349.600000000013
 20
4546.150000000009
 10
13349.600000000013
 20
5135.1125000000175
  0
TEXT
  5
163
330
17
100
AcDbEntity
  8
NESTED_RESULT
100
AcDbText
 10
13298.800000000012
 20
4840.631250000013
 30
0.0
 40
23.518518518519024
  1
P-0951
 72
1
 11
13298.800000000012
 21
4840.631250000013
 31
0.0
100
AcDbText
 73
2
  0
LWPOLYLINE
  5
164
330
17
100
AcDbEntity
  8
NESTED_RESULT
 62
1
100
AcDbPolyline
 90
5
 70
0
 10
13600.0
 20
3600.0
 10
16800.0
 20
3600.0
 10
16800.0
 20
5200.0
 10
13600.0
 20
5200.0
 10
13600.0
 20
3600.0
  0
TEXT
  5
165
330
17
100
AcDbEntity
  8
NESTED_RESULT
 62
1
100
AcDbText
 10
13600.0
 20
5230.0
 30
0.0
 40
50.0
  1
Sheet_17
 11
13600.0
 21
5230.0
 31
0.0
100
AcDbText
 73
1
  0
LWPOLYLINE
  5
166
330
17
100
AcDbEntity
  8
NESTED_RESULT
100
AcDbPolyline
 90
8
 70
0
 10
16444.800000000003
 20
3600.0
 10
13600.0
 20
3600.0
 10
13600.0
 20
4244.524999999994
 10
15800.274999999994
 20
4244.524999999994
 10
15800.274999999994
 20
4509.637499999997
 10
16444.800000000003
 20
4509.637499999997
 10
16444.800000000003
 20
4244.524999999994
 10
16444.800000000003
 20
3600.0
  0
TEXT
  5
167
330
17
100
AcDbEntity
  8
NESTED_RESULT
100
AcDbText
 10
16067.322265625004
 20
3977.3785156249987
 30
0.0
 40
80.0
  1
P-0043
 72
1
 11
16067.322265625004
 21
3977.3785156249987
 31
0.0
100
AcDbText
 73
2
  0
LWPOLYLINE
  5
168
330
17
100
AcDbEntity
  8
NESTED_RESULT
100
AcDbPolyline
 90
8
 70
0
 10
13600.0
 20
5154.5
 10
16444.800000000003
 20
5154.5
 10
16444.800000000003
 20
4509.975000000006
 10
14244.524999999907
 20
4509.975000000006
 10
14244.524999999907
 20
4244.862500000003
 10
13600.0
 20
4244.862500000003
 10
13600.0
 20
4509.975000000006
 10
13600.0
 20
5154.5
  0
TEXT
  5
169
330
17
100
AcDbEntity
  8
NESTED_RESULT
100
AcDbText
 10
13977.477734375001
 20
4777.121484375001
 30
0.0
 40
80.0
  1
P-0073
 72
1
 11
13977.477734375001
 21
4777.121484375001
 31
0.0
100
AcDbText
 73
2
  0
LWPOLYLINE
  5
16A
330
17
100
AcDbEntity
  8
NESTED_RESULT
100
AcDbPolyline
 90
5
 70
0
 10
14244.624999999996
 20
4244.524999999994
 10
15190.774999999994
 20
4244.524999999994
 10
15190.774999999994
 20
4346.125
 10
14244.624999999996
 20
4346.125
 10
14244.624999999996
 20
4244.524999999994
  0
TEXT
  5
16B
330
17
100
AcDbEntity
  8
NESTED_RESULT
100
AcDbText
 10
14717.699999999995
 20
4295.324999999997
 30
0.0
 40
30.0
  1
P-0755
 72
1
 11
14717.699999999995
 21
4295.324999999997
 31
0.0
100
AcDbText
 73
2
  0
LWPOLYLINE
  5
16C
330
17
100
AcDbEntity
  8
NESTED_RESULT
100
AcDbPolyline
 90
5
 70
0
 10
14244.524999999907
 20
4346.375
 10
15190.674999999905
 20
4346.375
 10
15190.674999999905
 20
4447.975000000006
 10
14244.524999999907
 20
4447.975000000006
 10
14244.524999999907
 20
4346.375
  0
TEXT
  5
16D
330
17
100
AcDbEntity
  8
NESTED_RESULT
100
AcDbText
 10
14717.599999999906
 20
4397.175000000003
 30
0.0
 40
30.0
  1
P-0756
 72
1
 11
14717.599999999906
 21
4397.175000000003
 31
0.0
100
AcDbText
 73
2
  0
LWPOLYLINE
  5
16E
330
17
100
AcDbEntity
  8
NESTED_RESULT
100
AcDbPolyline
 90
5
 70
0
 10
16546.40000000001
 20
3600.0
 10
16546.40000000001
 20
4546.149999999994
 10
16444.800000000003
 20
4546.149999999994
 10
16444.800000000003
 20
3600.0
 10
16546.40000000001
 20
3600.0
  0
TEXT
  5
16F
330
17
100
AcDbEntity
  8
NESTED_RESULT
100
AcDbText
 10
16495.600000000006
 20
4073.074999999997
 30
0.0
 40
23.518518518519866
  1
P-0757
 72
1
 11
16495.600000000006
 21
4073.074999999997
 31
0.0
100
AcDbText
 73
2
  0
LWPOLYLINE
  5
170
330
17
100
AcDbEntity
  8
NESTED_RESULT
100
AcDbPolyline
 90
5
 70
0
 10
16648.000000000015
 20
3600.0
 10
16648.000000000015
 20
4546.149999999994
 10
16546.40000000001
 20
4546.149999999994
 10
16546.40000000001
 20
3600.0
 10
16648.000000000015
 20
3600.0
  0
TEXT
  5
171
330
17
100
AcDbEntity
  8
NESTED_RESULT
100
AcDbText
 10
16597.20000000001
 20
4073.074999999997
 30
0.0
 40
23.518518518519866
  1
P-0758
 72
1
 11
16597.20000000001
 21
4073.074999999997
 31
0.0
100
AcDbText
 73
2
  0
LWPOLYLINE
  5
172
330
17
100
AcDbEntity
  8
NESTED_RESULT
100
AcDbPolyline
 90
5
 70
0
 10
16749.60000000002
 20
3600.0
 10
16749.60000000002
 20
4469.949999999997
 10
16648.000000000015
 20
4469.949999999997
 10
16648.000000000015
 20
3600.0
 10
16749.60000000002
 20
3600.0
  0
TEXT
  5
173
330
17
100
AcDbEntity
  8
NESTED_RESULT
100
AcDbText
 10
16698.800000000017
 20
4034.9749999999985
 30
0.0
 40
23.518518518519866
  1
P-0794
 72
1
 11
16698.800000000017
 21
4034.9749999999985
 31
0.0
100
AcDbText
 73
2
  0
LWPOLYLINE
  5
174
330
17
100
AcDbEntity
  8
NESTED_RESULT
100
AcDbPolyline
 90
5
 70
0
 10
15779.774999999994
 20
4244.524999999994
 10
15779.774999999994
 20
4346.124999999985
 10
15190.812499999985
 20
4346.124999999985
 10
15190.812499999985
 20
4244.524999999994
 10
15779.774999999994
 20
4244.524999999994
  0
TEXT
  5
175
330
17
100
AcDbEntity
  8
NESTED_RESULT
100
AcDbText
 10
15485.29374999999
 20
4295.32499999999
 30
0.0
 40
30.0
  1
P-0952
 72
1
 11
15485.29374999999
 21
4295.32499999999
 31
0.0
100
AcDbText
 73
2
  0
LWPOLYLINE
  5
176
330
17
100
AcDbEntity
  8
NESTED_RESULT
100
AcDbPolyline
 90
5
 70
0
 10
15779.737500000003
 20
4346.124999999985
 10
15779.737500000003
 20
4447.724999999991
 10
15190.774999999994
 20
4447.724999999991
 10
15190.774999999994
 20
4346.124999999985
 10
15779.737500000003
 20
4346.124999999985
  0
TEXT
  5
177
330
17
100
AcDbEntity
  8
NESTED_RESULT
100
AcDbText
 10
15485.256249999999
 20
4396.924999999988
 30
0.0
 40
30.0
  1
P-0953
 72
1
 11
15485.256249999999
 21
4396.924999999988
 31
0.0
100
AcDbText
 73
2
  0
LWPOLYLINE
  5
178
330
17
100
AcDbEntity
  8
NESTED_RESULT
100
AcDbPolyline
 90
5
 70
0
 10
16648.000000000015
 20
4469.949999999997
 10
16749.600000000017
 20
4469.949999999997
 10
16749.600000000017
 20
5058.912500000006
 10
16648.000000000015
 20
5058.912500000006
 10
16648.000000000015
 20
4469.949999999997
  0
TEXT
  5
179
330
17
100
AcDbEntity
  8
NESTED_RESULT
100
AcDbText
 10
16698.800000000017
 20
4764.4312500000015
 30
0.0
 40
23.518518518519024
  1
P-0954
 72
1
 11
16698.800000000017
 21
4764.4312500000015
 31
0.0
100
AcDbText
 73
2
  0
LWPOLYLINE
  5
17A
330
17
100
AcDbEntity
  8
NESTED_RESULT
100
AcDbPolyline
 90
5
 70
0
 10
16444.800000000003
 20
4546.149999999994
 10
16546.400000000005
 20
4546.149999999994
 10
16546.400000000005
 20
5135.112499999996
 10
16444.800000000003
 20
5135.112499999996
 10
16444.800000000003
 20
4546.149999999994
  0
TEXT
  5
17B
330
17
100
AcDbEntity
  8
NESTED_RESULT
100
AcDbText
 10
16495.600000000006
 20
4840.631249999995
 30
0.0
 40
23.518518518519024
  1
P-0960
 72
1
 11
16495.600000000006
 21
4840.631249999995
 31
0.0
100
AcDbText
 73
2
  0
LWPOLYLINE
  5
17C
330
17
100
AcDbEntity
  8
NESTED_RESULT
100
AcDbPolyline
 90
5
 70
0
 10
16546.400000000005
 20
4546.149999999994
 10
16648.000000000007
 20
4546.149999999994
 10
16648.000000000007
 20
5135.112499999996
 10
16546.400000000005
 20
5135.112499999996
 10
16546.400000000005
 20
4546.149999999994
  0
TEXT
  5
17D
330
17
100
AcDbEntity
  8
NESTED_RESULT
100
AcDbText
 10
16597.200000000004
 20
4840.631249999995
 30
0.0
 40
23.518518518519024
  1
P-0961
 72
1
 11
16597.200000000004
 21
4840.631249999995
 31
0.0
100
AcDbText
 73
2
  0
LWPOLYLINE
  5
17E
330
17
100
AcDbEntity
  8
NESTED_RESULT
 62
1
100
AcDbPolyline
 90
5
 70
0
 10
17000.0
 20
3600.0
 10
20200.0
 20
3600.0
 10
20200.0
 20
5200.0
 10
17000.0
 20
5200.0
 10
17000.0
 20
3600.0
  0
TEXT
  5
17F
330
17
100
AcDbEntity
  8
NESTED_RESULT
 62
1
100
AcDbText
 10
17000.0
 20
5230.0
 30
0.0
 40
50.0
  1
Sheet_18
 11
17000.0
 21
5230.0
 31
0.0
100
AcDbText
 73
1
  0
LWPOLYLINE
  5
180
330
17
100
AcDbEntity
  8
NESTED_RESULT
100
AcDbPolyline
 90
8
 70
0
 10
19844.800000000017
 20
3600.0
 10
17000.0
 20
3600.0
 10
17000.0
 20
4244.524999999994
 10
19200.275000000023
 20
4244.524999999994
 10
19200.275000000023
 20
4509.637499999997
 10
19844.800000000017
 20
4509.637499999997
 10
19844.800000000017
 20
4244.524999999994
 10
19844.800000000017
 20
3600.0
  0
TEXT
  5
181
330
17
100
AcDbEntity
  8
NESTED_RESULT
100
AcDbText
 10
19467.322265625015
 20
3977.3785156249983
 30
0.0
 40
80.0
  1
P-0026
 72
1
 11
19467.322265625015
 21
3977.3785156249983
 31
0.0
100
AcDbText
 73
2
  0
LWPOLYLINE
  5
182
330
17
100
AcDbEntity
  8
NESTED_RESULT
100
AcDbPolyline
 90
8
 70
0
 10
17000.0
 20
5154.5
 10
19844.800000000003
 20
5154.5
 10
19844.800000000003
 20
4509.974999999991
 10
17644.52500000001
 20
4509.974999999991
 10
17644.52500000001
 20
4244.862500000003
 10
17000.0
 20
4244.862500000003
 10
17000.0
 20
4509.974999999991
 10
17000.0
 20
5154.5
  0
TEXT
  5
183
330
17
100
AcDbEntity
  8
NESTED_RESULT
100
AcDbText
 10
17377.477734375
 20
4777.121484375001
 30
0.0
 40
80.0
  1
P-0030
 72
1
 11
17377.477734375
 21
4777.121484375001
 31
0.0
100
AcDbText
 73
2
  0
LWPOLYLINE
  5
184
330
17
100
AcDbEntity
  8
NESTED_RESULT
100
AcDbPolyline
 90
5
 70
0
 10
17644.825000000023
 20
4244.524999999994
 10
18514.775000000023
 20
4244.524999999994
 10
18514.775000000023
 20
4346.125
 10
17644.825000000023
 20
4346.125
 10
17644.825000000023
 20
4244.524999999994
  0
TEXT
  5
185
330
17
100
AcDbEntity
  8
NESTED_RESULT
100
AcDbText
 10
18079.800000000025
 20
4295.324999999997
 30
0.0
 40
30.0
  1
P-0795
 72
1
 11
18079.800000000025
 21
4295.324999999997
 31
0.0
100
AcDbText
 73
2
  0
LWPOLYLINE
  5
186
330
17
100
AcDbEntity
  8
NESTED_RESULT
100
AcDbPolyline
 90
5
 70
0
 10
19946.400000000023
 20
3600.0
 10
19946.400000000023
 20
4469.949999999997
 10
19844.800000000017
 20
4469.949999999997
 10
19844.800000000017
 20
3600.0
 10
19946.400000000023
 20
3600.0
  0
TEXT
  5
187
330
17
100
AcDbEntity
  8
NESTED_RESULT
100
AcDbText
 10
19895.60000000002
 20
4034.9749999999985
 30
0.0
 40
23.518518518519866
  1
P-0796
 72
1
 11
19895.60000000002
 21
4034.9749999999985
 31
0.0
100
AcDbText
 73
2
  0
LWPOLYLINE
  5
188
330
17
100
AcDbEntity
  8
NESTED_RESULT
100
AcDbPolyline
 90
5
 70
0
 10
20048.00000000003
 20
3600.0
 10
20048.00000000003
 20
4469.949999999997
 10
19946.400000000023
 20
4469.949999999997
 10
19946.400000000023
 20
3600.0
 10
20048.00000000003
 20
3600.0
  0
TEXT
  5
189
330
17
100
AcDbEntity
  8
NESTED_RESULT
100
AcDbText
 10
19997.200000000026
 20
4034.9749999999985
 30
0.0
 40
23.518518518519866
  1
P-0798
 72
1
 11
19997.200000000026
 21
4034.9749999999985
 31
0.0
100
AcDbText
 73
2
  0
LWPOLYLINE
  5
18A
330
17
100
AcDbEntity
  8
NESTED_RESULT
100
AcDbPolyline
 90
5
 70
0
 10
20149.600000000035
 20
3600.0
 10
20149.600000000035
 20
4469.949999999997
 10
20048.00000000003
 20
4469.949999999997
 10
20048.00000000003
 20
3600.0
 10
20149.600000000035
 20
3600.0
  0
TEXT
  5
18B
330
17
100
AcDbEntity
  8
NESTED_RESULT
100
AcDbText
 10
20098.800000000032
 20
4034.9749999999985
 30
0.0
 40
23.518518518519866
  1
P-0799
 72
1
 11
20098.800000000032
 21
4034.9749999999985
 31
0.0
100
AcDbText
 73
2
  0
LWPOLYLINE
  5
18C
330
17
100
AcDbEntity
  8
NESTED_RESULT
100
AcDbPolyline
 90
5
 70
0
 10
17644.52500000001
 20
4346.374999999985
 10
18514.475000000006
 20
4346.374999999985
 10
18514.475000000006
 20
4447.974999999991
 10
17644.52500000001
 20
4447.974999999991
 10
17644.52500000001
 20
4346.374999999985
  0
TEXT
  5
18D
330
17
100
AcDbEntity
  8
NESTED_RESULT
100
AcDbText
 10
18079.500000000007
 20
4397.174999999988
 30
0.0
 40
30.0
  1
P-0800
 72
1
 11
18079.500000000007
 21
4397.174999999988
 31
0.0
100
AcDbText
 73
2
  0
LWPOLYLINE
  5
18E
330
17
100
AcDbEntity
  8
NESTED_RESULT
100
AcDbPolyline
 90
5
 70
0
 10
19103.775000000023
 20
4244.524999999994
 10
19103.775000000023
 20
4346.124999999993
 10
18514.812500000022
 20
4346.124999999993
 10
18514.812500000022
 20
4244.524999999994
 10
19103.775000000023
 20
4244.524999999994
  0
TEXT
  5
18F
330
17
100
AcDbEntity
  8
NESTED_RESULT
100
AcDbText
 10
18809.293750000023
 20
4295.324999999993
 30
0.0
 40
30.0
  1
P-0962
 72
1
 11
18809.293750000023
 21
4295.324999999993
 31
0.0
100
AcDbText
 73
2
  0
LWPOLYLINE
  5
190
330
17
100
AcDbEntity
  8
NESTED_RESULT
100
AcDbPolyline
 90
5
 70
0
 10
19103.737500000025
 20
4346.124999999993
 10
19103.737500000025
 20
4447.7249999999985
 10
18514.775000000023
 20
4447.7249999999985
 10
18514.775000000023
 20
4346.124999999993
 10
19103.737500000025
 20
4346.124999999993
  0
TEXT
  5
191
330
17
100
AcDbEntity
  8
NESTED_RESULT
100
AcDbText
 10
18809.256250000024
 20
4396.924999999996
 30
0.0
 40
30.0
  1
P-0963
 72
1
 11
18809.256250000024
 21
4396.924999999996
 31
0.0
100
AcDbText
 73
2
  0
LWPOLYLINE
  5
192
330
17
100
AcDbEntity
  8
NESTED_RESULT
100
AcDbPolyline
 90
5
 70
0
 10
19844.800000000017
 20
4469.949999999997
 10
19946.40000000002
 20
4469.949999999997
 10
19946.40000000002
 20
5058.9124999999985
 10
19844.800000000017
 20
5058.9124999999985
 10
19844.800000000017
 20
4469.949999999997
  0
TEXT
  5
193
330
17
100
AcDbEntity
  8
NESTED_RESULT
100
AcDbText
 10
19895.60000000002
 20
4764.431249999998
 30
0.0
 40
23.518518518519024
  1
P-0964
 72
1
 11
19895.60000000002
 21
4764.431249999998
 31
0.0
100
AcDbText
 73
2
  0
LWPOLYLINE
  5
194
330
17
100
AcDbEntity
  8
NESTED_RESULT
100
AcDbPolyline
 90
5
 70
0
 10
19946.40000000002
 20
4469.949999999997
 10
20048.000000000022
 20
4469.949999999997
 10
20048.000000000022
 20
5058.912499999995
 10
19946.40000000002
 20
5058.912499999995
 10
19946.40000000002
 20
4469.949999999997
  0
TEXT
  5
195
330
17
100
AcDbEntity
  8
NESTED_RESULT
100
AcDbText
 10
19997.20000000002
 20
4764.431249999996
 30
0.0
 40
23.518518518519024
  1
P-0970
 72
1
 11
19997.20000000002
 21
4764.431249999996
 31
0.0
100
AcDbText
 73
2
  0
LWPOLYLINE
  5
196
330
17
100
AcDbEntity
  8
NESTED_RESULT
100
AcDbPolyline
 90
5
 70
0
 10
20048.000000000025
 20
4469.949999999997
 10
20149.600000000028
 20
4469.949999999997
 10
20149.600000000028
 20
5058.912499999991
 10
20048.000000000025
 20
5058.912499999991
 10
20048.000000000025
 20
4469.949999999997
  0
TEXT
  5
197
330
17
100
AcDbEntity
  8
NESTED_RESULT
100
AcDbText
 10
20098.800000000025
 20
4764.431249999994
 30
0.0
 40
23.518518518519024
  1
P-0972
 72
1
 11
20098.800000000025
 21
4764.431249999994
 31
0.0
100
AcDbText
 73
2
  0
LWPOLYLINE
  5
198
330
17
100
AcDbEntity
  8
NESTED_RESULT
 62
1
100
AcDbPolyline
 90
5
 70
0
 10
0.0
 20
5400.0
 10
3200.0
 20
5400.0
 10
3200.0
 20
7000.0
 10
0.0
 20
7000.0
 10
0.0
 20
5400.0
  0
TEXT
  5
199
330
17
100
AcDbEntity
  8
NESTED_RESULT
 62
1
100
AcDbText
 10
0.0
 20
7030.0
 30
0.0
 40
50.0
  1
Sheet_19
 11
0.0
 21
7030.0
 31
0.0
100
AcDbText
 73
1
  0
LWPOLYLINE
  5
19A
330
17
100
AcDbEntity
  8
NESTED_RESULT
100
AcDbPolyline
 90
8
 70
0
 10
2844.800000000003
 20
5400.0
 10
0.0
 20
5400.0
 10
0.0
 20
6044.525000000009
 10
2200.2750000000087
 20
6044.525000000009
 10
2200.2750000000087
 20
6309.637499999997
 10
2844.800000000003
 20
6309.637499999997
 10
2844.800000000003
 20
6044.525000000009
 10
2844.800000000003
 20
5400.0
  0
TEXT
  5
19B
330
17
100
AcDbEntity
  8
NESTED_RESULT
100
AcDbText
 10
2467.3222656250027
 20
5777.378515624999
 30
0.0
 40
80.0
  1
P-0044
 72
1
 11
2467.3222656250027
 21
5777.378515624999
 31
0.0
100
AcDbText
 73
2
  0
LWPOLYLINE
  5
19C
330
17
100
AcDbEntity
  8
NESTED_RESULT
100
AcDbPolyline
 90
8
 70
0
 10
0.0
 20
6954.5
 10
2844.8000000000175
 20
6954.5
 10
2844.8000000000175
 20
6309.974999999991
 10
644.5249999999942
 20
6309.974999999991
 10
644.5249999999942
 20
6044.862500000003
 10
0.0
 20
6044.862500000003
 10
0.0
 20
6309.974999999991
 10
0.0
 20
6954.5
  0
TEXT
  5
19D
330
17
100
AcDbEntity
  8
NESTED_RESULT
100
AcDbText
 10
377.4777343750023
 20
6577.121484375002
 30
0.0
 40
80.0
  1
P-0027
 72
1
 11
377.4777343750023
 21
6577.121484375002
 31
0.0
100
AcDbText
 73
2
  0
LWPOLYLINE
  5
19E
330
17
100
AcDbEntity
  8
NESTED_RESULT
100
AcDbPolyline
 90
5
 70
0
 10
644.8250000000116
 20
6044.525000000009
 10
1514.7750000000087
 20
6044.525000000009
 10
1514.7750000000087
 20
6146.125000000015
 10
644.8250000000116
 20
6146.125000000015
 10
644.8250000000116
 20
6044.525000000009
  0
TEXT
  5
19F
330
17
100
AcDbEntity
  8
NESTED_RESULT
100
AcDbText
 10
1079.8000000000102
 20
6095.325000000012
 30
0.0
 40
30.0
  1
P-0801
 72
1
 11
1079.8000000000102
 21
6095.325000000012
 31
0.0
100
AcDbText
 73
2
  0
LWPOLYLINE
  5
1A0
330
17
100
AcDbEntity
  8
NESTED_RESULT
100
AcDbPolyline
 90
5
 70
0
 10
2946.4000000000087
 20
5400.0
 10
2946.4000000000087
 20
6193.750000000015
 10
2844.800000000003
 20
6193.750000000015
 10
2844.800000000003
 20
5400.0
 10
2946.4000000000087
 20
5400.0
  0
TEXT
  5
1A1
330
17
100
AcDbEntity
  8
NESTED_RESULT
100
AcDbText
 10
2895.600000000006
 20
5796.875000000007
 30
0.0
 40
23.518518518519866
  1
P-0841
 72
1
 11
2895.600000000006
 21
5796.875000000007
 31
0.0
100
AcDbText
 73
2
  0
LWPOLYLINE
  5
1A2
330
17
100
AcDbEntity
  8
NESTED_RESULT
100
AcDbPolyline
 90
5
 70
0
 10
3048.0000000000146
 20
5400.0
 10
3048.0000000000146
 20
6193.75
 10
2946.4000000000087
 20
6193.75
 10
2946.4000000000087
 20
5400.0
 10
3048.0000000000146
 20
5400.0
  0
TEXT
  5
1A3
330
17
100
AcDbEntity
  8
NESTED_RESULT
100
AcDbText
 10
2997.2000000000116
 20
5796.875
 30
0.0
 40
23.518518518519866
  1
P-0842
 72
1
 11
2997.2000000000116
 21
5796.875
 31
0.0
100
AcDbText
 73
2
  0
LWPOLYLINE
  5
1A4
330
17
100
AcDbEntity
  8
NESTED_RESULT
100
AcDbPolyline
 90
5
 70
0
 10
3149.6000000000204
 20
5400.0
 10
3149.6000000000204
 20
6193.75
 10
3048.0000000000146
 20
6193.75
 10
3048.0000000000146
 20
5400.0
 10
3149.6000000000204
 20
5400.0
  0
TEXT
  5
1A5
330
17
100
AcDbEntity
  8
NESTED_RESULT
100
AcDbText
 10
3098.8000000000175
 20
5796.875
 30
0.0
 40
23.518518518519866
  1
P-0843
 72
1
 11
3098.8000000000175
 21
5796.875
 31
0.0
100
AcDbText
 73
2
  0
LWPOLYLINE
  5
1A6
330
17
100
AcDbEntity
  8
NESTED_RESULT
100
AcDbPolyline
 90
5
 70
0
 10
3048.0000000000146
 20
6193.75
 10
3048.0000000000146
 20
6987.5
 10
2946.4000000000087
 20
6987.5
 10
2946.4000000000087
 20
6193.75
 10
3048.0000000000146
 20
6193.75
  0
TEXT
  5
1A7
330
17
100
AcDbEntity
  8
NESTED_RESULT
100
AcDbText
 10
2997.2000000000116
 20
6590.625
 30
0.0
 40
23.518518518519866
  1
P-0844
 72
1
 11
2997.2000000000116
 21
6590.625
 31
0.0
100
AcDbText
 73
2
  0
LWPOLYLINE
  5
1A8
330
17
100
AcDbEntity
  8
NESTED_RESULT
100
AcDbPolyline
 90
5
 70
0
 10
644.5249999999942
 20
6146.374999999985
 10
1438.2749999999942
 20
6146.374999999985
 10
1438.2749999999942
 20
6247.974999999991
 10
644.5249999999942
 20
6247.974999999991
 10
644.5249999999942
 20
6146.374999999985
  0
TEXT
  5
1A9
330
17
100
AcDbEntity
  8
NESTED_RESULT
100
AcDbText
 10
1041.3999999999942
 20
6197.174999999988
 30
0.0
 40
30.0
  1
P-0845
 72
1
 11
1041.3999999999942
 21
6197.174999999988
 31
0.0
100
AcDbText
 73
2
  0
LWPOLYLINE
  5
1AA
330
17
100
AcDbEntity
  8
NESTED_RESULT
100
AcDbPolyline
 90
5
 70
0
 10
3149.6000000000204
 20
6193.75
 10
3149.6000000000204
 20
6987.5
 10
3048.0000000000146
 20
6987.5
 10
3048.0000000000146
 20
6193.75
 10
3149.6000000000204
 20
6193.75
  0
TEXT
  5
1AB
330
17
100
AcDbEntity
  8
NESTED_RESULT
100
AcDbText
 10
3098.8000000000175
 20
6590.625
 30
0.0
 40
23.518518518519866
  1
P-0846
 72
1
 11
3098.8000000000175
 21
6590.625
 31
0.0
100
AcDbText
 73
2
  0
LWPOLYLINE
  5
1AC
330
17
100
AcDbEntity
  8
NESTED_RESULT
100
AcDbPolyline
 90
5
 70
0
 10
2103.7750000000087
 20
6044.525000000009
 10
2103.7750000000087
 20
6146.125000000007
 10
1514.8125000000146
 20
6146.125000000007
 10
1514.8125000000146
 20
6044.525000000009
 10
2103.7750000000087
 20
6044.525000000009
  0
TEXT
  5
1AD
330
17
100
AcDbEntity
  8
NESTED_RESULT
100
AcDbText
 10
1809.2937500000116
 20
6095.325000000008
 30
0.0
 40
30.0
  1
P-0973
 72
1
 11
1809.2937500000116
 21
6095.325000000008
 31
0.0
100
AcDbText
 73
2
  0
LWPOLYLINE
  5
1AE
330
17
100
AcDbEntity
  8
NESTED_RESULT
100
AcDbPolyline
 90
5
 70
0
 10
2103.737500000003
 20
6146.125000000007
 10
2103.737500000003
 20
6247.725000000006
 10
1514.7750000000087
 20
6247.725000000006
 10
1514.7750000000087
 20
6146.125000000007
 10
2103.737500000003
 20
6146.125000000007
  0
TEXT
  5
1AF
330
17
100
AcDbEntity
  8
NESTED_RESULT
100
AcDbText
 10
1809.2562500000058
 20
6196.925000000007
 30
0.0
 40
30.0
  1
P-0974
 72
1
 11
1809.2562500000058
 21
6196.925000000007
 31
0.0
100
AcDbText
 73
2
  0
LWPOLYLINE
  5
1B0
330
17
100
AcDbEntity
  8
NESTED_RESULT
100
AcDbPolyline
 90
5
 70
0
 10
2946.4000000000087
 20
6193.750000000015
 10
2946.4000000000087
 20
6987.500000000029
 10
2844.8000000000175
 20
6987.500000000029
 10
2844.8000000000175
 20
6193.750000000015
 10
2946.4000000000087
 20
6193.750000000015
  0
TEXT
  5
1B1
330
17
100
AcDbEntity
  8
NESTED_RESULT
100
AcDbText
 10
2895.600000000013
 20
6590.625000000022
 30
0.0
 40
23.518518518516498
  1
P-0897
 72
1
 11
2895.600000000013
 21
6590.625000000022
 31
0.0
100
AcDbText
 73
2
  0
LWPOLYLINE
  5
1B2
330
17
100
AcDbEntity
  8
NESTED_RESULT
 62
1
100
AcDbPolyline
 90
5
 70
0
 10
3400.0
 20
5400.0
 10
6600.0
 20
5400.0
 10
6600.0
 20
7000.0
 10
3400.0
 20
7000.0
 10
3400.0
 20
5400.0
  0
TEXT
  5
1B3
330
17
100
AcDbEntity
  8
NESTED_RESULT
 62
1
100
AcDbText
 10
3400.0
 20
7030.0
 30
0.0
 40
50.0
  1
Sheet_20
 11
3400.0
 21
7030.0
 31
0.0
100
AcDbText
 73
1
  0
LWPOLYLINE
  5
1B4
330
17
100
AcDbEntity
  8
NESTED_RESULT
100
AcDbPolyline
 90
8
 70
0
 10
6244.800000000003
 20
5400.0
 10
3400.0
 20
5400.0
 10
3400.0
 20
6044.524999999994
 10
5600.274999999994
 20
6044.524999999994
 10
5600.274999999994
 20
6309.637499999997
 10
6244.800000000003
 20
6309.637499999997
 10
6244.800000000003
 20
6044.524999999994
 10
6244.800000000003
 20
5400.0
  0
TEXT
  5
1B5
330
17
100
AcDbEntity
  8
NESTED_RESULT
100
AcDbText
 10
5867.322265625003
 20
5777.378515624999
 30
0.0
 40
80.0
  1
P-0035
 72
1
 11
5867.322265625003
 21
5777.378515624999
 31
0.0
100
AcDbText
 73
2
  0
LWPOLYLINE
  5
1B6
330
17
100
AcDbEntity
  8
NESTED_RESULT
100
AcDbPolyline
 90
8
 70
0
 10
3400.0
 20
6954.5
 10
6244.800000000003
 20
6954.5
 10
6244.800000000003
 20
6309.974999999991
 10
4044.5250000000087
 20
6309.974999999991
 10
4044.5250000000087
 20
6044.862500000003
 10
3400.0
 20
6044.862500000003
 10
3400.0
 20
6309.974999999991
 10
3400.0
 20
6954.5
  0
TEXT
  5
1B7
330
17
100
AcDbEntity
  8
NESTED_RESULT
100
AcDbText
 10
3777.477734375
 20
6577.121484375001
 30
0.0
 40
80.0
  1
P-0036
 72
1
 11
3777.477734375
 21
6577.121484375001
 31
0.0
100
AcDbText
 73
2
  0
LWPOLYLINE
  5
1B8
330
17
100
AcDbEntity
  8
NESTED_RESULT
100
AcDbPolyline
 90
5
 70
0
 10
4045.024999999994
 20
6044.524999999994
 10
4838.774999999994
 20
6044.524999999994
 10
4838.774999999994
 20
6146.125
 10
4045.024999999994
 20
6146.125
 10
4045.024999999994
 20
6044.524999999994
  0
TEXT
  5
1B9
330
17
100
AcDbEntity
  8
NESTED_RESULT
100
AcDbText
 10
4441.899999999994
 20
6095.324999999997
 30
0.0
 40
30.0
  1
P-0847
 72
1
 11
4441.899999999994
 21
6095.324999999997
 31
0.0
100
AcDbText
 73
2
  0
LWPOLYLINE
  5
1BA
330
17
100
AcDbEntity
  8
NESTED_RESULT
100
AcDbPolyline
 90
5
 70
0
 10
6346.400000000009
 20
5400.0
 10
6346.400000000009
 20
6193.75
 10
6244.800000000003
 20
6193.75
 10
6244.800000000003
 20
5400.0
 10
6346.400000000009
 20
5400.0
  0
TEXT
  5
1BB
330
17
100
AcDbEntity
  8
NESTED_RESULT
100
AcDbText
 10
6295.600000000006
 20
5796.875
 30
0.0
 40
23.518518518519866
  1
P-0848
 72
1
 11
6295.600000000006
 21
5796.875
 31
0.0
100
AcDbText
 73
2
  0
LWPOLYLINE
  5
1BC
330
17
100
AcDbEntity
  8
NESTED_RESULT
100
AcDbPolyline
 90
5
 70
0
 10
6448.000000000015
 20
5400.0
 10
6448.000000000015
 20
6193.75
 10
6346.400000000009
 20
6193.75
 10
6346.400000000009
 20
5400.0
 10
6448.000000000015
 20
5400.0
  0
TEXT
  5
1BD
330
17
100
AcDbEntity
  8
NESTED_RESULT
100
AcDbText
 10
6397.200000000012
 20
5796.875
 30
0.0
 40
23.518518518519866
  1
P-0849
 72
1
 11
6397.200000000012
 21
5796.875
 31
0.0
100
AcDbText
 73
2
  0
LWPOLYLINE
  5
1BE
330
17
100
AcDbEntity
  8
NESTED_RESULT
100
AcDbPolyline
 90
5
 70
0
 10
6549.60000000002
 20
5400.0
 10
6549.60000000002
 20
6193.75
 10
6448.000000000015
 20
6193.75
 10
6448.000000000015
 20
5400.0
 10
6549.60000000002
 20
5400.0
  0
TEXT
  5
1BF
330
17
100
AcDbEntity
  8
NESTED_RESULT
100
AcDbText
 10
6498.8000000000175
 20
5796.875
 30
0.0
 40
23.518518518519866
  1
P-0850
 72
1
 11
6498.8000000000175
 21
5796.875
 31
0.0
100
AcDbText
 73
2
  0
LWPOLYLINE
  5
1C0
330
17
100
AcDbEntity
  8
NESTED_RESULT
100
AcDbPolyline
 90
5
 70
0
 10
4838.275000000009
 20
6247.974999999991
 10
4044.525000000009
 20
6247.974999999991
 10
4044.525000000009
 20
6146.374999999985
 10
4838.275000000009
 20
6146.374999999985
 10
4838.275000000009
 20
6247.974999999991
  0
TEXT
  5
1C1
330
17
100
AcDbEntity
  8
NESTED_RESULT
100
AcDbText
 10
4441.400000000009
 20
6197.174999999988
 30
0.0
 40
30.0
  1
P-0851
 72
1
 11
4441.400000000009
 21
6197.174999999988
 31
0.0
100
AcDbText
 73
2
  0
LWPOLYLINE
  5
1C2
330
17
100
AcDbEntity
  8
NESTED_RESULT
100
AcDbPolyline
 90
5
 70
0
 10
6346.400000000009
 20
6193.75
 10
6346.400000000009
 20
6987.5
 10
6244.800000000003
 20
6987.5
 10
6244.800000000003
 20
6193.75
 10
6346.400000000009
 20
6193.75
  0
TEXT
  5
1C3
330
17
100
AcDbEntity
  8
NESTED_RESULT
100
AcDbText
 10
6295.600000000006
 20
6590.625
 30
0.0
 40
23.518518518519866
  1
P-0852
 72
1
 11
6295.600000000006
 21
6590.625
 31
0.0
100
AcDbText
 73
2
  0
LWPOLYLINE
  5
1C4
330
17
100
AcDbEntity
  8
NESTED_RESULT
100
AcDbPolyline
 90
5
 70
0
 10
6448.000000000015
 20
6193.75
 10
6448.000000000015
 20
6987.5
 10
6346.400000000009
 20
6987.5
 10
6346.400000000009
 20
6193.75
 10
6448.000000000015
 20
6193.75
  0
TEXT
  5
1C5
330
17
100
AcDbEntity
  8
NESTED_RESULT
100
AcDbText
 10
6397.200000000012
 20
6590.625
 30
0.0
 40
23.518518518519866
  1
P-0853
 72
1
 11
6397.200000000012
 21
6590.625
 31
0.0
100
AcDbText
 73
2
  0
LWPOLYLINE
  5
1C6
330
17
100
AcDbEntity
  8
NESTED_RESULT
100
AcDbPolyline
 90
5
 70
0
 10
6549.60000000002
 20
6193.75
 10
6549.60000000002
 20
6987.5
 10
6448.000000000015
 20
6987.5
 10
6448.000000000015
 20
6193.75
 10
6549.60000000002
 20
6193.75
  0
TEXT
  5
1C7
330
17
100
AcDbEntity
  8
NESTED_RESULT
100
AcDbText
 10
6498.8000000000175
 20
6590.625
 30
0.0
 40
23.518518518519866
  1
P-0854
 72
1
 11
6498.8000000000175
 21
6590.625
 31
0.0
100
AcDbText
 73
2
  0
LWPOLYLINE
  5
1C8
330
17
100
AcDbEntity
  8
NESTED_RESULT
100
AcDbPolyline
 90
5
 70
0
 10
5427.774999999994
 20
6044.524999999994
 10
5427.774999999994
 20
6146.124999999993
 10
4838.8125
 20
6146.124999999993
 10
4838.8125
 20
6044.524999999994
 10
5427.774999999994
 20
6044.524999999994
  0
TEXT
  5
1C9
330
17
100
AcDbEntity
  8
NESTED_RESULT
100
AcDbText
 10
5133.293749999997
 20
6095.324999999993
 30
0.0
 40
30.0
  1
P-0975
 72
1
 11
5133.293749999997
 21
6095.324999999993
 31
0.0
100
AcDbText
 73
2
  0
LWPOLYLINE
  5
1CA
330
17
100
AcDbEntity
  8
NESTED_RESULT
100
AcDbPolyline
 90
5
 70
0
 10
5427.737499999988
 20
6146.124999999993
 10
5427.737499999988
 20
6247.7249999999985
 10
4838.774999999994
 20
6247.7249999999985
 10
4838.774999999994
 20
6146.124999999993
 10
5427.737499999988
 20
6146.124999999993
  0
TEXT
  5
1CB
330
17
100
AcDbEntity
  8
NESTED_RESULT
100
AcDbText
 10
5133.256249999991
 20
6196.924999999996
 30
0.0
 40
30.0
  1
P-0976
 72
1
 11
5133.256249999991
 21
6196.924999999996
 31
0.0
100
AcDbText
 73
2
  0
LWPOLYLINE
  5
1CC
330
17
100
AcDbEntity
  8
NESTED_RESULT
 62
1
100
AcDbPolyline
 90
5
 70
0
 10
6800.0
 20
5400.0
 10
10000.0
 20
5400.0
 10
10000.0
 20
7000.0
 10
6800.0
 20
7000.0
 10
6800.0
 20
5400.0
  0
TEXT
  5
1CD
330
17
100
AcDbEntity
  8
NESTED_RESULT
 62
1
100
AcDbText
 10
6800.0
 20
7030.0
 30
0.0
 40
50.0
  1
Sheet_21
 11
6800.0
 21
7030.0
 31
0.0
100
AcDbText
 73
1
  0
LWPOLYLINE
  5
1CE
330
17
100
AcDbEntity
  8
NESTED_RESULT
100
AcDbPolyline
 90
8
 70
0
 10
9644.800000000003
 20
5400.0
 10
6800.0
 20
5400.0
 10
6800.0
 20
6044.524999999994
 10
9000.274999999994
 20
6044.524999999994
 10
9000.274999999994
 20
6309.637499999997
 10
9644.800000000003
 20
6309.637499999997
 10
9644.800000000003
 20
6044.524999999994
 10
9644.800000000003
 20
5400.0
  0
TEXT
  5
1CF
330
17
100
AcDbEntity
  8
NESTED_RESULT
100
AcDbText
 10
9267.322265625004
 20
5777.378515624999
 30
0.0
 40
80.0
  1
P-0037
 72
1
 11
9267.322265625004
 21
5777.378515624999
 31
0.0
100
AcDbText
 73
2
  0
LWPOLYLINE
  5
1D0
330
17
100
AcDbEntity
  8
NESTED_RESULT
100
AcDbPolyline
 90
8
 70
0
 10
6800.0
 20
6954.5
 10
9644.800000000003
 20
6954.5
 10
9644.800000000003
 20
6309.975000000006
 10
7444.524999999994
 20
6309.975000000006
 10
7444.524999999994
 20
6044.862500000003
 10
6800.0
 20
6044.862500000003
 10
6800.0
 20
6309.975000000006
 10
6800.0
 20
6954.5
  0
TEXT
  5
1D1
330
17
100
AcDbEntity
  8
NESTED_RESULT
100
AcDbText
 10
7177.477734375
 20
6577.121484375001
 30
0.0
 40
80.0
  1
P-0045
 72
1
 11
7177.477734375
 21
6577.121484375001
 31
0.0
100
AcDbText
 73
2
  0
LWPOLYLINE
  5
1D2
330
17
100
AcDbEntity
  8
NESTED_RESULT
100
AcDbPolyline
 90
5
 70
0
 10
7444.524999999994
 20
6044.524999999994
 10
8238.274999999994
 20
6044.524999999994
 10
8238.274999999994
 20
6146.125
 10
7444.524999999994
 20
6146.125
 10
7444.524999999994
 20
6044.524999999994
  0
TEXT
  5
1D3
330
17
100
AcDbEntity
  8
NESTED_RESULT
100
AcDbText
 10
7841.399999999994
 20
6095.324999999997
 30
0.0
 40
30.0
  1
P-0855
 72
1
 11
7841.399999999994
 21
6095.324999999997
 31
0.0
100
AcDbText
 73
2
  0
LWPOLYLINE
  5
1D4
330
17
100
AcDbEntity
  8
NESTED_RESULT
100
AcDbPolyline
 90
5
 70
0
 10
9746.400000000009
 20
5400.0
 10
9746.400000000009
 20
6193.75
 10
9644.800000000003
 20
6193.75
 10
9644.800000000003
 20
5400.0
 10
9746.400000000009
 20
5400.0
  0
TEXT
  5
1D5
330
17
100
AcDbEntity
  8
NESTED_RESULT
100
AcDbText
 10
9695.600000000006
 20
5796.875
 30
0.0
 40
23.518518518519866
  1
P-0856
 72
1
 11
9695.600000000006
 21
5796.875
 31
0.0
100
AcDbText
 73
2
  0
LWPOLYLINE
  5
1D6
330
17
100
AcDbEntity
  8
NESTED_RESULT
100
AcDbPolyline
 90
5
 70
0
 10
9848.000000000015
 20
5400.0
 10
9848.000000000015
 20
6193.75
 10
9746.400000000009
 20
6193.75
 10
9746.400000000009
 20
5400.0
 10
9848.000000000015
 20
5400.0
  0
TEXT
  5
1D7
330
17
100
AcDbEntity
  8
NESTED_RESULT
100
AcDbText
 10
9797.200000000012
 20
5796.875
 30
0.0
 40
23.518518518519866
  1
P-0857
 72
1
 11
9797.200000000012
 21
5796.875
 31
0.0
100
AcDbText
 73
2
  0
LWPOLYLINE
  5
1D8
330
17
100
AcDbEntity
  8
NESTED_RESULT
100
AcDbPolyline
 90
5
 70
0
 10
9949.60000000002
 20
5400.0
 10
9949.60000000002
 20
6193.75
 10
9848.000000000015
 20
6193.75
 10
9848.000000000015
 20
5400.0
 10
9949.60000000002
 20
5400.0
  0
TEXT
  5
1D9
330
17
100
AcDbEntity
  8
NESTED_RESULT
100
AcDbText
 10
9898.800000000017
 20
5796.875
 30
0.0
 40
23.518518518519866
  1
P-0858
 72
1
 11
9898.800000000017
 21
5796.875
 31
0.0
100
AcDbText
 73
2
  0
LWPOLYLINE
  5
1DA
330
17
100
AcDbEntity
  8
NESTED_RESULT
100
AcDbPolyline
 90
5
 70
0
 10
7444.524999999994
 20
6146.375
 10
8238.274999999994
 20
6146.375
 10
8238.274999999994
 20
6247.975000000006
 10
7444.524999999994
 20
6247.975000000006
 10
7444.524999999994
 20
6146.375
  0
TEXT
  5
1DB
330
17
100
AcDbEntity
  8
NESTED_RESULT
100
AcDbText
 10
7841.399999999994
 20
6197.175000000003
 30
0.0
 40
30.0
  1
P-0859
 72
1
 11
7841.399999999994
 21
6197.175000000003
 31
0.0
100
AcDbText
 73
2
  0
LWPOLYLINE
  5
1DC
330
17
100
AcDbEntity
  8
NESTED_RESULT
100
AcDbPolyline
 90
5
 70
0
 10
9746.400000000009
 20
6193.75
 10
9746.400000000009
 20
6987.5
 10
9644.800000000003
 20
6987.5
 10
9644.800000000003
 20
6193.75
 10
9746.400000000009
 20
6193.75
  0
TEXT
  5
1DD
330
17
100
AcDbEntity
  8
NESTED_RESULT
100
AcDbText
 10
9695.600000000006
 20
6590.625
 30
0.0
 40
23.518518518519866
  1
P-0860
 72
1
 11
9695.600000000006
 21
6590.625
 31
0.0
100
AcDbText
 73
2
  0
LWPOLYLINE
  5
1DE
330
17
100
AcDbEntity
  8
NESTED_RESULT
100
AcDbPolyline
 90
5
 70
0
 10
9848.000000000015
 20
6193.75
 10
9848.000000000015
 20
6987.5
 10
9746.400000000009
 20
6987.5
 10
9746.400000000009
 20
6193.75
 10
9848.000000000015
 20
6193.75
  0
TEXT
  5
1DF
330
17
100
AcDbEntity
  8
NESTED_RESULT
100
AcDbText
 10
9797.200000000012
 20
6590.625
 30
0.0
 40
23.518518518519866
  1
P-0861
 72
1
 11
9797.200000000012
 21
6590.625
 31
0.0
100
AcDbText
 73
2
  0
LWPOLYLINE
  5
1E0
330
17
100
AcDbEntity
  8
NESTED_RESULT
100
AcDbPolyline
 90
5
 70
0
 10
9949.60000000002
 20
6193.75
 10
9949.60000000002
 20
6987.5
 10
9848.000000000015
 20
6987.5
 10
9848.000000000015
 20
6193.75
 10
9949.60000000002
 20
6193.75
  0
TEXT
  5
1E1
330
17
100
AcDbEntity
  8
NESTED_RESULT
100
AcDbText
 10
9898.800000000017
 20
6590.625
 30
0.0
 40
23.518518518519866
  1
P-0862
 72
1
 11
9898.800000000017
 21
6590.625
 31
0.0
100
AcDbText
 73
2
  0
LWPOLYLINE
  5
1E2
330
17
100
AcDbEntity
  8
NESTED_RESULT
100
AcDbPolyline
 90
5
 70
0
 10
8827.274999999994
 20
6044.524999999994
 10
8827.274999999994
 20
6146.125
 10
8238.3125
 20
6146.125
 10
8238.3125
 20
6044.524999999994
 10
8827.274999999994
 20
6044.524999999994
  0
TEXT
  5
1E3
330
17
100
AcDbEntity
  8
NESTED_RESULT
100
AcDbText
 10
8532.793749999997
 20
6095.324999999997
 30
0.0
 40
30.0
  1
P-0977
 72
1
 11
8532.793749999997
 21
6095.324999999997
 31
0.0
100
AcDbText
 73
2
  0
LWPOLYLINE
  5
1E4
330
17
100
AcDbEntity
  8
NESTED_RESULT
100
AcDbPolyline
 90
5
 70
0
 10
8827.237499999988
 20
6146.125
 10
8827.237499999988
 20
6247.725000000006
 10
8238.274999999994
 20
6247.725000000006
 10
8238.274999999994
 20
6146.125
 10
8827.237499999988
 20
6146.125
  0
TEXT
  5
1E5
330
17
100
AcDbEntity
  8
NESTED_RESULT
100
AcDbText
 10
8532.756249999991
 20
6196.925000000003
 30
0.0
 40
30.0
  1
P-0978
 72
1
 11
8532.756249999991
 21
6196.925000000003
 31
0.0
100
AcDbText
 73
2
  0
LWPOLYLINE
  5
1E6
330
17
100
AcDbEntity
  8
NESTED_RESULT
 62
1
100
AcDbPolyline
 90
5
 70
0
 10
10200.0
 20
5400.0
 10
13400.0
 20
5400.0
 10
13400.0
 20
7000.0
 10
10200.0
 20
7000.0
 10
10200.0
 20
5400.0
  0
TEXT
  5
1E7
330
17
100
AcDbEntity
  8
NESTED_RESULT
 62
1
100
AcDbText
 10
10200.0
 20
7030.0
 30
0.0
 40
50.0
  1
Sheet_22
 11
10200.0
 21
7030.0
 31
0.0
100
AcDbText
 73
1
  0
LWPOLYLINE
  5
1E8
330
17
100
AcDbEntity
  8
NESTED_RESULT
100
AcDbPolyline
 90
8
 70
0
 10
13044.800000000003
 20
5400.0
 10
10200.0
 20
5400.0
 10
10200.0
 20
6044.525000000009
 10
12400.275000000023
 20
6044.525000000009
 10
12400.275000000023
 20
6309.637499999997
 10
13044.800000000003
 20
6309.637499999997
 10
13044.800000000003
 20
6044.525000000009
 10
13044.800000000003
 20
5400.0
  0
TEXT
  5
1E9
330
17
100
AcDbEntity
  8
NESTED_RESULT
100
AcDbText
 10
12667.322265625004
 20
5777.378515624999
 30
0.0
 40
80.0
  1
P-0053
 72
1
 11
12667.322265625004
 21
5777.378515624999
 31
0.0
100
AcDbText
 73
2
  0
LWPOLYLINE
  5
1EA
330
17
100
AcDbEntity
  8
NESTED_RESULT
100
AcDbPolyline
 90
8
 70
0
 10
10200.0
 20
6954.5
 10
13044.800000000003
 20
6954.5
 10
13044.800000000003
 20
6309.975000000006
 10
10844.525000000009
 20
6309.975000000006
 10
10844.525000000009
 20
6044.862500000003
 10
10200.0
 20
6044.862500000003
 10
10200.0
 20
6309.975000000006
 10
10200.0
 20
6954.5
  0
TEXT
  5
1EB
330
17
100
AcDbEntity
  8
NESTED_RESULT
100
AcDbText
 10
10577.477734375001
 20
6577.121484375001
 30
0.0
 40
80.0
  1
P-0054
 72
1
 11
10577.477734375001
 21
6577.121484375001
 31
0.0
100
AcDbText
 73
2
  0
LWPOLYLINE
  5
1EC
330
17
100
AcDbEntity
  8
NESTED_RESULT
100
AcDbPolyline
 90
5
 70
0
 10
10844.525000000023
 20
6044.525000000009
 10
11638.275000000023
 20
6044.525000000009
 10
11638.275000000023
 20
6146.125000000015
 10
10844.525000000023
 20
6146.125000000015
 10
10844.525000000023
 20
6044.525000000009
  0
TEXT
  5
1ED
330
17
100
AcDbEntity
  8
NESTED_RESULT
100
AcDbText
 10
11241.400000000023
 20
6095.325000000012
 30
0.0
 40
30.0
  1
P-0863
 72
1
 11
11241.400000000023
 21
6095.325000000012
 31
0.0
100
AcDbText
 73
2
  0
LWPOLYLINE
  5
1EE
330
17
100
AcDbEntity
  8
NESTED_RESULT
100
AcDbPolyline
 90
5
 70
0
 10
13146.400000000009
 20
5400.0
 10
13146.400000000009
 20
6193.75
 10
13044.800000000003
 20
6193.75
 10
13044.800000000003
 20
5400.0
 10
13146.400000000009
 20
5400.0
  0
TEXT
  5
1EF
330
17
100
AcDbEntity
  8
NESTED_RESULT
100
AcDbText
 10
13095.600000000006
 20
5796.875
 30
0.0
 40
23.518518518519866
  1
P-0864
 72
1
 11
13095.600000000006
 21
5796.875
 31
0.0
100
AcDbText
 73
2
  0
LWPOLYLINE
  5
1F0
330
17
100
AcDbEntity
  8
NESTED_RESULT
100
AcDbPolyline
 90
5
 70
0
 10
13248.000000000015
 20
5400.0
 10
13248.000000000015
 20
6193.75
 10
13146.400000000009
 20
6193.75
 10
13146.400000000009
 20
5400.0
 10
13248.000000000015
 20
5400.0
  0
TEXT
  5
1F1
330
17
100
AcDbEntity
  8
NESTED_RESULT
100
AcDbText
 10
13197.200000000012
 20
5796.875
 30
0.0
 40
23.518518518519866
  1
P-0865
 72
1
 11
13197.200000000012
 21
5796.875
 31
0.0
100
AcDbText
 73
2
  0
LWPOLYLINE
  5
1F2
330
17
100
AcDbEntity
  8
NESTED_RESULT
100
AcDbPolyline
 90
5
 70
0
 10
13349.60000000002
 20
5400.0
 10
13349.60000000002
 20
6193.75
 10
13248.000000000015
 20
6193.75
 10
13248.000000000015
 20
5400.0
 10
13349.60000000002
 20
5400.0
  0
TEXT
  5
1F3
330
17
100
AcDbEntity
  8
NESTED_RESULT
100
AcDbText
 10
13298.800000000017
 20
5796.875
 30
0.0
 40
23.518518518519866
  1
P-0866
 72
1
 11
13298.800000000017
 21
5796.875
 31
0.0
100
AcDbText
 73
2
  0
LWPOLYLINE
  5
1F4
330
17
100
AcDbEntity
  8
NESTED_RESULT
100
AcDbPolyline
 90
5
 70
0
 10
10844.525000000009
 20
6146.375
 10
11638.275000000009
 20
6146.375
 10
11638.275000000009
 20
6247.975000000006
 10
10844.525000000009
 20
6247.975000000006
 10
10844.525000000009
 20
6146.375
  0
TEXT
  5
1F5
330
17
100
AcDbEntity
  8
NESTED_RESULT
100
AcDbText
 10
11241.400000000009
 20
6197.175000000003
 30
0.0
 40
30.0
  1
P-0867
 72
1
 11
11241.400000000009
 21
6197.175000000003
 31
0.0
100
AcDbText
 73
2
  0
LWPOLYLINE
  5
1F6
330
17
100
AcDbEntity
  8
NESTED_RESULT
100
AcDbPolyline
 90
5
 70
0
 10
13146.400000000009
 20
6193.75
 10
13146.400000000009
 20
6987.5
 10
13044.800000000003
 20
6987.5
 10
13044.800000000003
 20
6193.75
 10
13146.400000000009
 20
6193.75
  0
TEXT
  5
1F7
330
17
100
AcDbEntity
  8
NESTED_RESULT
100
AcDbText
 10
13095.600000000006
 20
6590.625
 30
0.0
 40
23.518518518519866
  1
P-0868
 72
1
 11
13095.600000000006
 21
6590.625
 31
0.0
100
AcDbText
 73
2
  0
LWPOLYLINE
  5
1F8
330
17
100
AcDbEntity
  8
NESTED_RESULT
100
AcDbPolyline
 90
5
 70
0
 10
13248.000000000015
 20
6193.75
 10
13248.000000000015
 20
6987.5
 10
13146.400000000009
 20
6987.5
 10
13146.400000000009
 20
6193.75
 10
13248.000000000015
 20
6193.75
  0
TEXT
  5
1F9
330
17
100
AcDbEntity
  8
NESTED_RESULT
100
AcDbText
 10
13197.200000000012
 20
6590.625
 30
0.0
 40
23.518518518519866
  1
P-0869
 72
1
 11
13197.200000000012
 21
6590.625
 31
0.0
100
AcDbText
 73
2
  0
LWPOLYLINE
  5
1FA
330
17
100
AcDbEntity
  8
NESTED_RESULT
100
AcDbPolyline
 90
5
 70
0
 10
13349.60000000002
 20
6193.75
 10
13349.60000000002
 20
6987.5
 10
13248.000000000015
 20
6987.5
 10
13248.000000000015
 20
6193.75
 10
13349.60000000002
 20
6193.75
  0
TEXT
  5
1FB
330
17
100
AcDbEntity
  8
NESTED_RESULT
100
AcDbText
 10
13298.800000000017
 20
6590.625
 30
0.0
 40
23.518518518519866
  1
P-0870
 72
1
 11
13298.800000000017
 21
6590.625
 31
0.0
100
AcDbText
 73
2
  0
LWPOLYLINE
  5
1FC
330
17
100
AcDbEntity
  8
NESTED_RESULT
100
AcDbPolyline
 90
5
 70
0
 10
12227.275000000023
 20
6044.525000000009
 10
12227.275000000023
 20
6146.125000000015
 10
11638.31250000003
 20
6146.125000000015
 10
11638.31250000003
 20
6044.525000000009
 10
12227.275000000023
 20
6044.525000000009
  0
TEXT
  5
1FD
330
17
100
AcDbEntity
  8
NESTED_RESULT
100
AcDbText
 10
11932.793750000026
 20
6095.325000000012
 30
0.0
 40
30.0
  1
P-0979
 72
1
 11
11932.793750000026
 21
6095.325000000012
 31
0.0
100
AcDbText
 73
2
  0
LWPOLYLINE
  5
1FE
330
17
100
AcDbEntity
  8
NESTED_RESULT
100
AcDbPolyline
 90
5
 70
0
 10
12227.237500000003
 20
6146.125000000015
 10
12227.237500000003
 20
6247.72500000002
 10
11638.275000000009
 20
6247.72500000002
 10
11638.275000000009
 20
6146.125000000015
 10
12227.237500000003
 20
6146.125000000015
  0
TEXT
  5
1FF
330
17
100
AcDbEntity
  8
NESTED_RESULT
100
AcDbText
 10
11932.756250000006
 20
6196.9250000000175
 30
0.0
 40
30.0
  1
P-0980
 72
1
 11
11932.756250000006
 21
6196.9250000000175
 31
0.0
100
AcDbText
 73
2
  0
LWPOLYLINE
  5
200
330
17
100
AcDbEntity
  8
NESTED_RESULT
 62
1
100
AcDbPolyline
 90
5
 70
0
 10
13600.0
 20
5400.0
 10
16800.0
 20
5400.0
 10
16800.0
 20
7000.0
 10
13600.0
 20
7000.0
 10
13600.0
 20
5400.0
  0
TEXT
  5
201
330
17
100
AcDbEntity
  8
NESTED_RESULT
 62
1
100
AcDbText
 10
13600.0
 20
7030.0
 30
0.0
 40
50.0
  1
Sheet_23
 11
13600.0
 21
7030.0
 31
0.0
100
AcDbText
 73
1
  0
LWPOLYLINE
  5
202
330
17
100
AcDbEntity
  8
NESTED_RESULT
100
AcDbPolyline
 90
8
 70
0
 10
16444.800000000003
 20
5400.0
 10
13600.0
 20
5400.0
 10
13600.0
 20
6044.524999999994
 10
15800.275000000023
 20
6044.524999999994
 10
15800.275000000023
 20
6309.637499999997
 10
16444.800000000003
 20
6309.637499999997
 10
16444.800000000003
 20
6044.524999999994
 10
16444.800000000003
 20
5400.0
  0
TEXT
  5
203
330
17
100
AcDbEntity
  8
NESTED_RESULT
100
AcDbText
 10
16067.322265625004
 20
5777.378515624999
 30
0.0
 40
80.0
  1
P-0058
 72
1
 11
16067.322265625004
 21
5777.378515624999
 31
0.0
100
AcDbText
 73
2
  0
LWPOLYLINE
  5
204
330
17
100
AcDbEntity
  8
NESTED_RESULT
100
AcDbPolyline
 90
8
 70
0
 10
13600.0
 20
6954.5
 10
16444.800000000003
 20
6954.5
 10
16444.800000000003
 20
6309.975000000006
 10
14244.524999999994
 20
6309.975000000006
 10
14244.524999999994
 20
6044.862500000003
 10
13600.0
 20
6044.862500000003
 10
13600.0
 20
6309.975000000006
 10
13600.0
 20
6954.5
  0
TEXT
  5
205
330
17
100
AcDbEntity
  8
NESTED_RESULT
100
AcDbText
 10
13977.477734375001
 20
6577.121484375001
 30
0.0
 40
80.0
  1
P-0059
 72
1
 11
13977.477734375001
 21
6577.121484375001
 31
0.0
100
AcDbText
 73
2
  0
LWPOLYLINE
  5
206
330
17
100
AcDbEntity
  8
NESTED_RESULT
100
AcDbPolyline
 90
5
 70
0
 10
14244.52500000003
 20
6044.524999999994
 10
15038.275000000023
 20
6044.524999999994
 10
15038.275000000023
 20
6146.125
 10
14244.52500000003
 20
6146.125
 10
14244.52500000003
 20
6044.524999999994
  0
TEXT
  5
207
330
17
100
AcDbEntity
  8
NESTED_RESULT
100
AcDbText
 10
14641.400000000027
 20
6095.324999999997
 30
0.0
 40
30.0
  1
P-0871
 72
1
 11
14641.400000000027
 21
6095.324999999997
 31
0.0
100
AcDbText
 73
2
  0
LWPOLYLINE
  5
208
330
17
100
AcDbEntity
  8
NESTED_RESULT
100
AcDbPolyline
 90
5
 70
0
 10
16546.40000000001
 20
5400.0
 10
16546.40000000001
 20
6193.75
 10
16444.800000000003
 20
6193.75
 10
16444.800000000003
 20
5400.0
 10
16546.40000000001
 20
5400.0
  0
TEXT
  5
209
330
17
100
AcDbEntity
  8
NESTED_RESULT
100
AcDbText
 10
16495.600000000006
 20
5796.875
 30
0.0
 40
23.518518518519866
  1
P-0872
 72
1
 11
16495.600000000006
 21
5796.875
 31
0.0
100
AcDbText
 73
2
  0
LWPOLYLINE
  5
20A
330
17
100
AcDbEntity
  8
NESTED_RESULT
100
AcDbPolyline
 90
5
 70
0
 10
16648.000000000015
 20
5400.0
 10
16648.000000000015
 20
6193.749999999985
 10
16546.40000000001
 20
6193.749999999985
 10
16546.40000000001
 20
5400.0
 10
16648.000000000015
 20
5400.0
  0
TEXT
  5
20B
330
17
100
AcDbEntity
  8
NESTED_RESULT
100
AcDbText
 10
16597.20000000001
 20
5796.874999999993
 30
0.0
 40
23.518518518519866
  1
P-0873
 72
1
 11
16597.20000000001
 21
5796.874999999993
 31
0.0
100
AcDbText
 73
2
  0
LWPOLYLINE
  5
20C
330
17
100
AcDbEntity
  8
NESTED_RESULT
100
AcDbPolyline
 90
5
 70
0
 10
16749.60000000002
 20
5400.0
 10
16749.60000000002
 20
6193.75
 10
16648.000000000015
 20
6193.75
 10
16648.000000000015
 20
5400.0
 10
16749.60000000002
 20
5400.0
  0
TEXT
  5
20D
330
17
100
AcDbEntity
  8
NESTED_RESULT
100
AcDbText
 10
16698.800000000017
 20
5796.875
 30
0.0
 40
23.518518518519866
  1
P-0874
 72
1
 11
16698.800000000017
 21
5796.875
 31
0.0
100
AcDbText
 73
2
  0
LWPOLYLINE
  5
20E
330
17
100
AcDbEntity
  8
NESTED_RESULT
100
AcDbPolyline
 90
5
 70
0
 10
14244.524999999994
 20
6146.375000000004
 10
15190.674999999996
 20
6146.375000000004
 10
15190.674999999996
 20
6247.975000000006
 10
14244.524999999994
 20
6247.975000000006
 10
14244.524999999994
 20
6146.375000000004
  0
TEXT
  5
20F
330
17
100
AcDbEntity
  8
NESTED_RESULT
100
AcDbText
 10
14717.599999999995
 20
6197.175000000005
 30
0.0
 40
30.0
  1
P-0759
 72
1
 11
14717.599999999995
 21
6197.175000000005
 31
0.0
100
AcDbText
 73
2
  0
LWPOLYLINE
  5
210
330
17
100
AcDbEntity
  8
NESTED_RESULT
100
AcDbPolyline
 90
5
 70
0
 10
16648.00000000001
 20
6193.749999999985
 10
16648.00000000001
 20
6987.499999999985
 10
16546.40000000001
 20
6987.499999999985
 10
16546.40000000001
 20
6193.749999999985
 10
16648.00000000001
 20
6193.749999999985
  0
TEXT
  5
211
330
17
100
AcDbEntity
  8
NESTED_RESULT
100
AcDbText
 10
16597.20000000001
 20
6590.624999999985
 30
0.0
 40
23.518518518519024
  1
P-0875
 72
1
 11
16597.20000000001
 21
6590.624999999985
 31
0.0
100
AcDbText
 73
2
  0
LWPOLYLINE
  5
212
330
17
100
AcDbEntity
  8
NESTED_RESULT
100
AcDbPolyline
 90
5
 70
0
 10
16546.400000000005
 20
6193.75
 10
16546.400000000005
 20
6987.5
 10
16444.800000000003
 20
6987.5
 10
16444.800000000003
 20
6193.75
 10
16546.400000000005
 20
6193.75
  0
TEXT
  5
213
330
17
100
AcDbEntity
  8
NESTED_RESULT
100
AcDbText
 10
16495.600000000006
 20
6590.625
 30
0.0
 40
23.518518518519024
  1
P-0876
 72
1
 11
16495.600000000006
 21
6590.625
 31
0.0
100
AcDbText
 73
2
  0
LWPOLYLINE
  5
214
330
17
100
AcDbEntity
  8
NESTED_RESULT
100
AcDbPolyline
 90
5
 70
0
 10
15627.275000000023
 20
6044.524999999994
 10
15627.275000000023
 20
6146.125
 10
15038.31250000003
 20
6146.125
 10
15038.31250000003
 20
6044.524999999994
 10
15627.275000000023
 20
6044.524999999994
  0
TEXT
  5
215
330
17
100
AcDbEntity
  8
NESTED_RESULT
100
AcDbText
 10
15332.793750000026
 20
6095.324999999997
 30
0.0
 40
30.0
  1
P-0981
 72
1
 11
15332.793750000026
 21
6095.324999999997
 31
0.0
100
AcDbText
 73
2
  0
LWPOLYLINE
  5
216
330
17
100
AcDbEntity
  8
NESTED_RESULT
100
AcDbPolyline
 90
5
 70
0
 10
16648.00000000001
 20
6193.75
 10
16749.600000000013
 20
6193.75
 10
16749.600000000013
 20
6782.712499999994
 10
16648.00000000001
 20
6782.712499999994
 10
16648.00000000001
 20
6193.75
  0
TEXT
  5
217
330
17
100
AcDbEntity
  8
NESTED_RESULT
100
AcDbText
 10
16698.80000000001
 20
6488.231249999997
 30
0.0
 40
23.518518518519024
  1
P-0982
 72
1
 11
16698.80000000001
 21
6488.231249999997
 31
0.0
100
AcDbText
 73
2
  0
LWPOLYLINE
  5
218
330
17
100
AcDbEntity
  8
NESTED_RESULT
100
AcDbPolyline
 90
5
 70
0
 10
15779.637499999997
 20
6146.125
 10
15779.637499999997
 20
6247.7249999999985
 10
15190.674999999996
 20
6247.7249999999985
 10
15190.674999999996
 20
6146.125
 10
15779.637499999997
 20
6146.125
  0
TEXT
  5
219
330
17
100
AcDbEntity
  8
NESTED_RESULT
100
AcDbText
 10
15485.156249999996
 20
6196.924999999999
 30
0.0
 40
30.0
  1
P-1000
 72
1
 11
15485.156249999996
 21
6196.924999999999
 31
0.0
100
AcDbText
 73
2
  0
LWPOLYLINE
  5
21A
330
17
100
AcDbEntity
  8
NESTED_RESULT
 62
1
100
AcDbPolyline
 90
5
 70
0
 10
17000.0
 20
5400.0
 10
20200.0
 20
5400.0
 10
20200.0
 20
7000.0
 10
17000.0
 20
7000.0
 10
17000.0
 20
5400.0
  0
TEXT
  5
21B
330
17
100
AcDbEntity
  8
NESTED_RESULT
 62
1
100
AcDbText
 10
17000.0
 20
7030.0
 30
0.0
 40
50.0
  1
Sheet_24
 11
17000.0
 21
7030.0
 31
0.0
100
AcDbText
 73
1
  0
LWPOLYLINE
  5
21C
330
17
100
AcDbEntity
  8
NESTED_RESULT
100
AcDbPolyline
 90
8
 70
0
 10
19844.800000000003
 20
5400.0
 10
17000.0
 20
5400.0
 10
17000.0
 20
6044.524999999994
 10
19200.27500000001
 20
6044.524999999994
 10
19200.27500000001
 20
6309.637499999997
 10
19844.800000000003
 20
6309.637499999997
 10
19844.800000000003
 20
6044.524999999994
 10
19844.800000000003
 20
5400.0
  0
TEXT
  5
21D
330
17
100
AcDbEntity
  8
NESTED_RESULT
100
AcDbText
 10
19467.322265625004
 20
5777.378515624999
 30
0.0
 40
80.0
  1
P-0060
 72
1
 11
19467.322265625004
 21
5777.378515624999
 31
0.0
100
AcDbText
 73
2
  0
LWPOLYLINE
  5
21E
330
17
100
AcDbEntity
  8
NESTED_RESULT
100
AcDbPolyline
 90
8
 70
0
 10
17000.0
 20
6954.5
 10
19844.800000000003
 20
6954.5
 10
19844.800000000003
 20
6309.975000000006
 10
17644.524999999994
 20
6309.975000000006
 10
17644.524999999994
 20
6044.862500000003
 10
17000.0
 20
6044.862500000003
 10
17000.0
 20
6309.975000000006
 10
17000.0
 20
6954.5
  0
TEXT
  5
21F
330
17
100
AcDbEntity
  8
NESTED_RESULT
100
AcDbText
 10
17377.477734375
 20
6577.121484375001
 30
0.0
 40
80.0
  1
P-0064
 72
1
 11
17377.477734375
 21
6577.121484375001
 31
0.0
100
AcDbText
 73
2
  0
LWPOLYLINE
  5
220
330
17
100
AcDbEntity
  8
NESTED_RESULT
100
AcDbPolyline
 90
5
 70
0
 10
17644.625000000007
 20
6044.524999999994
 10
18590.77500000001
 20
6044.524999999994
 10
18590.77500000001
 20
6146.124999999996
 10
17644.625000000007
 20
6146.124999999996
 10
17644.625000000007
 20
6044.524999999994
  0
TEXT
  5
221
330
17
100
AcDbEntity
  8
NESTED_RESULT
100
AcDbText
 10
18117.700000000008
 20
6095.324999999995
 30
0.0
 40
30.0
  1
P-0760
 72
1
 11
18117.700000000008
 21
6095.324999999995
 31
0.0
100
AcDbText
 73
2
  0
LWPOLYLINE
  5
222
330
17
100
AcDbEntity
  8
NESTED_RESULT
100
AcDbPolyline
 90
5
 70
0
 10
17644.524999999994
 20
6146.375000000004
 10
18590.674999999996
 20
6146.375000000004
 10
18590.674999999996
 20
6247.975000000006
 10
17644.524999999994
 20
6247.975000000006
 10
17644.524999999994
 20
6146.375000000004
  0
TEXT
  5
223
330
17
100
AcDbEntity
  8
NESTED_RESULT
100
AcDbText
 10
18117.599999999995
 20
6197.175000000005
 30
0.0
 40
30.0
  1
P-0761
 72
1
 11
18117.599999999995
 21
6197.175000000005
 31
0.0
100
AcDbText
 73
2
  0
LWPOLYLINE
  5
224
330
17
100
AcDbEntity
  8
NESTED_RESULT
100
AcDbPolyline
 90
5
 70
0
 10
19844.800000000003
 20
6346.149999999998
 10
19844.800000000003
 20
5400.0
 10
19946.400000000005
 20
5400.0
 10
19946.400000000005
 20
6346.149999999998
 10
19844.800000000003
 20
6346.149999999998
  0
TEXT
  5
225
330
17
100
AcDbEntity
  8
NESTED_RESULT
100
AcDbText
 10
19895.600000000006
 20
5873.074999999999
 30
0.0
 40
23.518518518519024
  1
P-0762
 72
1
 11
19895.600000000006
 21
5873.074999999999
 31
0.0
100
AcDbText
 73
2
  0
LWPOLYLINE
  5
226
330
17
100
AcDbEntity
  8
NESTED_RESULT
100
AcDbPolyline
 90
5
 70
0
 10
19946.400000000005
 20
5400.0
 10
20048.000000000007
 20
5400.0
 10
20048.000000000007
 20
5988.962499999994
 10
19946.400000000005
 20
5988.962499999994
 10
19946.400000000005
 20
5400.0
  0
TEXT
  5
227
330
17
100
AcDbEntity
  8
NESTED_RESULT
100
AcDbText
 10
19997.200000000004
 20
5694.481249999997
 30
0.0
 40
23.518518518519024
  1
P-0983
 72
1
 11
19997.200000000004
 21
5694.481249999997
 31
0.0
100
AcDbText
 73
2
  0
LWPOLYLINE
  5
228
330
17
100
AcDbEntity
  8
NESTED_RESULT
100
AcDbPolyline
 90
5
 70
0
 10
20048.000000000007
 20
5400.0
 10
20149.60000000001
 20
5400.0
 10
20149.60000000001
 20
5988.962499999994
 10
20048.000000000007
 20
5988.962499999994
 10
20048.000000000007
 20
5400.0
  0
TEXT
  5
229
330
17
100
AcDbEntity
  8
NESTED_RESULT
100
AcDbText
 10
20098.80000000001
 20
5694.481249999997
 30
0.0
 40
23.518518518519024
  1
P-0984
 72
1
 11
20098.80000000001
 21
5694.481249999997
 31
0.0
100
AcDbText
 73
2
  0
LWPOLYLINE
  5
22A
330
17
100
AcDbEntity
  8
NESTED_RESULT
100
AcDbPolyline
 90
5
 70
0
 10
19179.77500000001
 20
6044.524999999994
 10
19179.77500000001
 20
6146.125
 10
18590.812500000015
 20
6146.125
 10
18590.812500000015
 20
6044.524999999994
 10
19179.77500000001
 20
6044.524999999994
  0
TEXT
  5
22B
330
17
100
AcDbEntity
  8
NESTED_RESULT
100
AcDbText
 10
18885.29375000001
 20
6095.324999999997
 30
0.0
 40
30.0
  1
P-0985
 72
1
 11
18885.29375000001
 21
6095.324999999997
 31
0.0
100
AcDbText
 73
2
  0
LWPOLYLINE
  5
22C
330
17
100
AcDbEntity
  8
NESTED_RESULT
100
AcDbPolyline
 90
5
 70
0
 10
18590.674999999996
 20
6247.7249999999985
 10
18590.674999999996
 20
6146.125
 10
19179.63749999999
 20
6146.125
 10
19179.63749999999
 20
6247.7249999999985
 10
18590.674999999996
 20
6247.7249999999985
  0
TEXT
  5
22D
330
17
100
AcDbEntity
  8
NESTED_RESULT
100
AcDbText
 10
18885.156249999993
 20
6196.924999999999
 30
0.0
 40
30.0
  1
P-0986
 72
1
 11
18885.156249999993
 21
6196.924999999999
 31
0.0
100
AcDbText
 73
2
  0
LWPOLYLINE
  5
22E
330
17
100
AcDbEntity
  8
NESTED_RESULT
100
AcDbPolyline
 90
5
 70
0
 10
19946.400000000005
 20
5988.962499999994
 10
20048.000000000007
 20
5988.962499999994
 10
20048.000000000007
 20
6577.924999999988
 10
19946.400000000005
 20
6577.924999999988
 10
19946.400000000005
 20
5988.962499999994
  0
TEXT
  5
22F
330
17
100
AcDbEntity
  8
NESTED_RESULT
100
AcDbText
 10
19997.200000000004
 20
6283.443749999991
 30
0.0
 40
23.518518518519024
  1
P-0987
 72
1
 11
19997.200000000004
 21
6283.443749999991
 31
0.0
100
AcDbText
 73
2
  0
LWPOLYLINE
  5
230
330
17
100
AcDbEntity
  8
NESTED_RESULT
100
AcDbPolyline
 90
5
 70
0
 10
20048.000000000007
 20
5988.962499999994
 10
20149.60000000001
 20
5988.962499999994
 10
20149.60000000001
 20
6577.924999999988
 10
20048.000000000007
 20
6577.924999999988
 10
20048.000000000007
 20
5988.962499999994
  0
TEXT
  5
231
330
17
100
AcDbEntity
  8
NESTED_RESULT
100
AcDbText
 10
20098.80000000001
 20
6283.443749999991
 30
0.0
 40
23.518518518519024
  1
P-0988
 72
1
 11
20098.80000000001
 21
6283.443749999991
 31
0.0
100
AcDbText
 73
2
  0
LWPOLYLINE
  5
232
330
17
100
AcDbEntity
  8
NESTED_RESULT
100
AcDbPolyline
 90
5
 70
0
 10
19946.4
 20
6935.11250000001
 10
19844.800000000003
 20
6935.11250000001
 10
19844.800000000003
 20
6346.149999999998
 10
19946.4
 20
6346.149999999998
 10
19946.4
 20
6935.11250000001
  0
TEXT
  5
233
330
17
100
AcDbEntity
  8
NESTED_RESULT
100
AcDbText
 10
19895.600000000002
 20
6640.631250000004
 30
0.0
 40
23.5185185185186
  1
P-0959
 72
1
 11
19895.600000000002
 21
6640.631250000004
 31
0.0
100
AcDbText
 73
2
  0
LWPOLYLINE
  5
234
330
17
100
AcDbEntity
  8
NESTED_RESULT
 62
1
100
AcDbPolyline
 90
5
 70
0
 10
0.0
 20
7200.0
 10
3200.0
 20
7200.0
 10
3200.0
 20
8800.0
 10
0.0
 20
8800.0
 10
0.0
 20
7200.0
  0
TEXT
  5
235
330
17
100
AcDbEntity
  8
NESTED_RESULT
 62
1
100
AcDbText
 10
0.0
 20
8830.0
 30
0.0
 40
50.0
  1
Sheet_25
 11
0.0
 21
8830.0
 31
0.0
100
AcDbText
 73
1
  0
LWPOLYLINE
  5
236
330
17
100
AcDbEntity
  8
NESTED_RESULT
100
AcDbPolyline
 90
8
 70
0
 10
0.0
 20
8109.637499999997
 10
2844.800000000003
 20
8109.637499999997
 10
2844.800000000003
 20
7465.112500000003
 10
644.5249999999942
 20
7465.112500000003
 10
644.5249999999942
 20
7200.0
 10
0.0
 20
7200.0
 10
0.0
 20
7465.112500000003
 10
0.0
 20
8109.637499999997
  0
TEXT
  5
237
330
17
100
AcDbEntity
  8
NESTED_RESULT
100
AcDbText
 10
377.4777343750004
 20
7732.258984374998
 30
0.0
 40
80.0
  1
P-0065
 72
1
 11
377.4777343750004
 21
7732.258984374998
 31
0.0
100
AcDbText
 73
2
  0
LWPOLYLINE
  5
238
330
17
100
AcDbEntity
  8
NESTED_RESULT
100
AcDbPolyline
 90
5
 70
0
 10
0.0
 20
8109.637499999997
 10
1892.300000000003
 20
8109.637499999997
 10
1892.300000000003
 20
8754.162500000006
 10
0.0
 20
8754.162500000006
 10
0.0
 20
8109.637499999997
  0
TEXT
  5
239
330
17
100
AcDbEntity
  8
NESTED_RESULT
100
AcDbText
 10
946.1500000000015
 20
8431.900000000001
 30
0.0
 40
80.0
  1
P-0081
 72
1
 11
946.1500000000015
 21
8431.900000000001
 31
0.0
100
AcDbText
 73
2
  0
LWPOLYLINE
  5
23A
330
17
100
AcDbEntity
  8
NESTED_RESULT
100
AcDbPolyline
 90
5
 70
0
 10
1892.300000000003
 20
8698.600000000006
 10
3143.2500000000073
 20
8698.600000000006
 10
3143.2500000000073
 20
8109.637499999997
 10
1892.300000000003
 20
8109.637499999997
 10
1892.300000000003
 20
8698.600000000006
  0
TEXT
  5
23B
330
17
100
AcDbEntity
  8
NESTED_RESULT
100
AcDbText
 10
2517.775000000005
 20
8404.118750000001
 30
0.0
 40
80.0
  1
P-0199
 72
1
 11
2517.775000000005
 21
8404.118750000001
 31
0.0
100
AcDbText
 73
2
  0
LWPOLYLINE
  5
23C
330
17
100
AcDbEntity
  8
NESTED_RESULT
100
AcDbPolyline
 90
5
 70
0
 10
1233.800000000003
 20
7200.0
 10
1233.800000000003
 20
7301.600000000006
 10
644.8375000000087
 20
7301.600000000006
 10
644.8375000000087
 20
7200.0
 10
1233.800000000003
 20
7200.0
  0
TEXT
  5
23D
330
17
100
AcDbEntity
  8
NESTED_RESULT
100
AcDbText
 10
939.3187500000058
 20
7250.800000000003
 30
0.0
 40
30.0
  1
P-0989
 72
1
 11
939.3187500000058
 21
7250.800000000003
 31
0.0
100
AcDbText
 73
2
  0
LWPOLYLINE
  5
23E
330
17
100
AcDbEntity
  8
NESTED_RESULT
100
AcDbPolyline
 90
5
 70
0
 10
1822.762499999997
 20
7200.0
 10
1822.762499999997
 20
7301.600000000006
 10
1233.800000000003
 20
7301.600000000006
 10
1233.800000000003
 20
7200.0
 10
1822.762499999997
 20
7200.0
  0
TEXT
  5
23F
330
17
100
AcDbEntity
  8
NESTED_RESULT
100
AcDbText
 10
1528.28125
 20
7250.800000000003
 30
0.0
 40
30.0
  1
P-0990
 72
1
 11
1528.28125
 21
7250.800000000003
 31
0.0
100
AcDbText
 73
2
  0
LWPOLYLINE
  5
240
330
17
100
AcDbEntity
  8
NESTED_RESULT
100
AcDbPolyline
 90
5
 70
0
 10
2411.7249999999913
 20
7200.0
 10
2411.7249999999913
 20
7301.600000000006
 10
1822.762499999997
 20
7301.600000000006
 10
1822.762499999997
 20
7200.0
 10
2411.7249999999913
 20
7200.0
  0
TEXT
  5
241
330
17
100
AcDbEntity
  8
NESTED_RESULT
100
AcDbText
 10
2117.243749999994
 20
7250.800000000003
 30
0.0
 40
30.0
  1
P-0991
 72
1
 11
2117.243749999994
 21
7250.800000000003
 31
0.0
100
AcDbText
 73
2
  0
LWPOLYLINE
  5
242
330
17
100
AcDbEntity
  8
NESTED_RESULT
100
AcDbPolyline
 90
5
 70
0
 10
3000.6874999999854
 20
7200.0
 10
3000.6874999999854
 20
7301.600000000006
 10
2411.7249999999913
 20
7301.600000000006
 10
2411.7249999999913
 20
7200.0
 10
3000.6874999999854
 20
7200.0
  0
TEXT
  5
243
330
17
100
AcDbEntity
  8
NESTED_RESULT
100
AcDbText
 10
2706.2062499999884
 20
7250.800000000003
 30
0.0
 40
30.0
  1
P-0992
 72
1
 11
2706.2062499999884
 21
7250.800000000003
 31
0.0
100
AcDbText
 73
2
  0
LWPOLYLINE
  5
244
330
17
100
AcDbEntity
  8
NESTED_RESULT
100
AcDbPolyline
 90
5
 70
0
 10
1233.762499999997
 20
7301.600000000006
 10
1233.762499999997
 20
7403.199999999997
 10
644.8000000000029
 20
7403.199999999997
 10
644.8000000000029
 20
7301.600000000006
 10
1233.762499999997
 20
7301.600000000006
  0
TEXT
  5
245
330
17
100
AcDbEntity
  8
NESTED_RESULT
100
AcDbText
 10
939.28125
 20
7352.4000000000015
 30
0.0
 40
30.0
  1
P-0993
 72
1
 11
939.28125
 21
7352.4000000000015
 31
0.0
100
AcDbText
 73
2
  0
LWPOLYLINE
  5
246
330
17
100
AcDbEntity
  8
NESTED_RESULT
100
AcDbPolyline
 90
5
 70
0
 10
1822.7249999999767
 20
7301.600000000006
 10
1822.7249999999767
 20
7403.199999999997
 10
1233.762499999997
 20
7403.199999999997
 10
1233.762499999997
 20
7301.600000000006
 10
1822.7249999999767
 20
7301.600000000006
  0
TEXT
  5
247
330
17
100
AcDbEntity
  8
NESTED_RESULT
100
AcDbText
 10
1528.243749999987
 20
7352.4000000000015
 30
0.0
 40
30.0
  1
P-1063
 72
1
 11
1528.243749999987
 21
7352.4000000000015
 31
0.0
100
AcDbText
 73
2
  0
LWPOLYLINE
  5
248
330
17
100
AcDbEntity
  8
NESTED_RESULT
100
AcDbPolyline
 90
5
 70
0
 10
2411.6874999999563
 20
7301.600000000006
 10
2411.6874999999563
 20
7403.200000000012
 10
1822.7249999999767
 20
7403.200000000012
 10
1822.7249999999767
 20
7301.600000000006
 10
2411.6874999999563
 20
7301.600000000006
  0
TEXT
  5
249
330
17
100
AcDbEntity
  8
NESTED_RESULT
100
AcDbText
 10
2117.2062499999665
 20
7352.400000000009
 30
0.0
 40
30.0
  1
P-1064
 72
1
 11
2117.2062499999665
 21
7352.400000000009
 31
0.0
100
AcDbText
 73
2
  0
LWPOLYLINE
  5
24A
330
17
100
AcDbEntity
  8
NESTED_RESULT
100
AcDbPolyline
 90
5
 70
0
 10
3000.649999999863
 20
7301.600000000006
 10
3000.649999999863
 20
7403.200000000012
 10
2411.6874999999563
 20
7403.200000000012
 10
2411.6874999999563
 20
7301.600000000006
 10
3000.649999999863
 20
7301.600000000006
  0
TEXT
  5
24B
330
17
100
AcDbEntity
  8
NESTED_RESULT
100
AcDbText
 10
2706.16874999991
 20
7352.400000000009
 30
0.0
 40
30.0
  1
P-1195
 72
1
 11
2706.16874999991
 21
7352.400000000009
 31
0.0
100
AcDbText
 73
2
  0
LWPOLYLINE
  5
24C
330
17
100
AcDbEntity
  8
NESTED_RESULT
100
AcDbPolyline
 90
5
 70
0
 10
3000.6874999999873
 20
7200.0
 10
3102.2874999999876
 20
7200.0
 10
3102.2874999999876
 20
7788.962500000009
 10
3000.6874999999873
 20
7788.962500000009
 10
3000.6874999999873
 20
7200.0
  0
TEXT
  5
24D
330
17
100
AcDbEntity
  8
NESTED_RESULT
100
AcDbText
 10
3051.4874999999874
 20
7494.481250000004
 30
0.0
 40
23.5185185185186
  1
P-0966
 72
1
 11
3051.4874999999874
 21
7494.481250000004
 31
0.0
100
AcDbText
 73
2
  0
LWPOLYLINE
  5
24E
330
17
100
AcDbEntity
  8
NESTED_RESULT
100
AcDbPolyline
 90
5
 70
0
 10
2844.800000000003
 20
7403.200000000012
 10
2946.4000000000033
 20
7403.200000000012
 10
2946.4000000000033
 20
7992.16250000002
 10
2844.800000000003
 20
7992.16250000002
 10
2844.800000000003
 20
7403.200000000012
  0
TEXT
  5
24F
330
17
100
AcDbEntity
  8
NESTED_RESULT
100
AcDbText
 10
2895.600000000003
 20
7697.681250000016
 30
0.0
 40
23.5185185185186
  1
P-0967
 72
1
 11
2895.600000000003
 21
7697.681250000016
 31
0.0
100
AcDbText
 73
2
  0
LWPOLYLINE
  5
250
330
17
100
AcDbEntity
  8
NESTED_RESULT
 62
1
100
AcDbPolyline
 90
5
 70
0
 10
3400.0
 20
7200.0
 10
6600.0
 20
7200.0
 10
6600.0
 20
8800.0
 10
3400.0
 20
8800.0
 10
3400.0
 20
7200.0
  0
TEXT
  5
251
330
17
100
AcDbEntity
  8
NESTED_RESULT
 62
1
100
AcDbText
 10
3400.0
 20
8830.0
 30
0.0
 40
50.0
  1
Sheet_26
 11
3400.0
 21
8830.0
 31
0.0
100
AcDbText
 73
1
  0
LWPOLYLINE
  5
252
330
17
100
AcDbEntity
  8
NESTED_RESULT
100
AcDbPolyline
 90
8
 70
0
 10
6244.800000000003
 20
7200.0
 10
3400.0
 20
7200.0
 10
3400.0
 20
7844.525000000009
 10
5600.275000000096
 20
7844.525000000009
 10
5600.275000000096
 20
8109.637499999997
 10
6244.800000000003
 20
8109.637499999997
 10
6244.800000000003
 20
7844.525000000009
 10
6244.800000000003
 20
7200.0
  0
TEXT
  5
253
330
17
100
AcDbEntity
  8
NESTED_RESULT
100
AcDbText
 10
5867.322265625003
 20
7577.378515624999
 30
0.0
 40
80.0
  1
P-0072
 72
1
 11
5867.322265625003
 21
7577.378515624999
 31
0.0
100
AcDbText
 73
2
  0
LWPOLYLINE
  5
254
330
17
100
AcDbEntity
  8
NESTED_RESULT
100
AcDbPolyline
 90
8
 70
0
 10
3400.0
 20
8754.5
 10
6244.800000000003
 20
8754.5
 10
6244.800000000003
 20
8109.975000000006
 10
4044.524999999907
 20
8109.975000000006
 10
4044.524999999907
 20
7844.862500000003
 10
3400.0
 20
7844.862500000003
 10
3400.0
 20
8109.975000000006
 10
3400.0
 20
8754.5
  0
TEXT
  5
255
330
17
100
AcDbEntity
  8
NESTED_RESULT
100
AcDbText
 10
3777.477734375
 20
8377.121484375002
 30
0.0
 40
80.0
  1
P-0074
 72
1
 11
3777.477734375
 21
8377.121484375002
 31
0.0
100
AcDbText
 73
2
  0
LWPOLYLINE
  5
256
330
17
100
AcDbEntity
  8
NESTED_RESULT
100
AcDbPolyline
 90
5
 70
0
 10
6244.800000000003
 20
7200.0
 10
6346.400000000003
 20
7200.0
 10
6346.400000000003
 20
7788.962500000009
 10
6244.800000000003
 20
7788.962500000009
 10
6244.800000000003
 20
7200.0
  0
TEXT
  5
257
330
17
100
AcDbEntity
  8
NESTED_RESULT
100
AcDbText
 10
6295.600000000003
 20
7494.481250000004
 30
0.0
 40
23.5185185185186
  1
P-0968
 72
1
 11
6295.600000000003
 21
7494.481250000004
 31
0.0
100
AcDbText
 73
2
  0
LWPOLYLINE
  5
258
330
17
100
AcDbEntity
  8
NESTED_RESULT
100
AcDbPolyline
 90
5
 70
0
 10
6346.400000000003
 20
7200.0
 10
6448.000000000004
 20
7200.0
 10
6448.000000000004
 20
7788.962500000009
 10
6346.400000000003
 20
7788.962500000009
 10
6346.400000000003
 20
7200.0
  0
TEXT
  5
259
330
17
100
AcDbEntity
  8
NESTED_RESULT
100
AcDbText
 10
6397.2000000000035
 20
7494.481250000004
 30
0.0
 40
23.5185185185186
  1
P-0969
 72
1
 11
6397.2000000000035
 21
7494.481250000004
 31
0.0
100
AcDbText
 73
2
  0
LWPOLYLINE
  5
25A
330
17
100
AcDbEntity
  8
NESTED_RESULT
100
AcDbPolyline
 90
5
 70
0
 10
6549.600000000004
 20
7788.9625000000015
 10
6448.000000000004
 20
7788.9625000000015
 10
6448.000000000004
 20
7200.0
 10
6549.600000000004
 20
7200.0
 10
6549.600000000004
 20
7788.9625000000015
  0
TEXT
  5
25B
330
17
100
AcDbEntity
  8
NESTED_RESULT
100
AcDbText
 10
6498.800000000004
 20
7494.481250000001
 30
0.0
 40
23.5185185185186
  1
P-0997
 72
1
 11
6498.800000000004
 21
7494.481250000001
 31
0.0
100
AcDbText
 73
2
  0
LWPOLYLINE
  5
25C
330
17
100
AcDbEntity
  8
NESTED_RESULT
100
AcDbPolyline
 90
5
 70
0
 10
4633.775000000096
 20
7844.525000000009
 10
4633.775000000096
 20
7946.125000000007
 10
4044.8125000000946
 20
7946.125000000007
 10
4044.8125000000946
 20
7844.525000000009
 10
4633.775000000096
 20
7844.525000000009
  0
TEXT
  5
25D
330
17
100
AcDbEntity
  8
NESTED_RESULT
100
AcDbText
 10
4339.293750000095
 20
7895.325000000008
 30
0.0
 40
30.0
  1
P-0998
 72
1
 11
4339.293750000095
 21
7895.325000000008
 31
0.0
100
AcDbText
 73
2
  0
LWPOLYLINE
  5
25E
330
17
100
AcDbEntity
  8
NESTED_RESULT
100
AcDbPolyline
 90
5
 70
0
 10
5222.775000000096
 20
7844.525000000009
 10
5222.775000000096
 20
7946.125000000007
 10
4633.812500000095
 20
7946.125000000007
 10
4633.812500000095
 20
7844.525000000009
 10
5222.775000000096
 20
7844.525000000009
  0
TEXT
  5
25F
330
17
100
AcDbEntity
  8
NESTED_RESULT
100
AcDbText
 10
4928.293750000095
 20
7895.325000000008
 30
0.0
 40
30.0
  1
P-0999
 72
1
 11
4928.293750000095
 21
7895.325000000008
 31
0.0
100
AcDbText
 73
2
  0
LWPOLYLINE
  5
260
330
17
100
AcDbEntity
  8
NESTED_RESULT
100
AcDbPolyline
 90
5
 70
0
 10
4633.7375000000975
 20
7946.125000000007
 10
4633.7375000000975
 20
8047.725000000006
 10
4044.775000000096
 20
8047.725000000006
 10
4044.775000000096
 20
7946.125000000007
 10
4633.7375000000975
 20
7946.125000000007
  0
TEXT
  5
261
330
17
100
AcDbEntity
  8
NESTED_RESULT
100
AcDbText
 10
4339.256250000097
 20
7996.925000000007
 30
0.0
 40
30.0
  1
P-1001
 72
1
 11
4339.256250000097
 21
7996.925000000007
 31
0.0
100
AcDbText
 73
2
  0
LWPOLYLINE
  5
262
330
17
100
AcDbEntity
  8
NESTED_RESULT
100
AcDbPolyline
 90
5
 70
0
 10
5222.700000000099
 20
7946.125000000007
 10
5222.700000000099
 20
8047.725000000013
 10
4633.7375000000975
 20
8047.725000000013
 10
4633.7375000000975
 20
7946.125000000007
 10
5222.700000000099
 20
7946.125000000007
  0
TEXT
  5
263
330
17
100
AcDbEntity
  8
NESTED_RESULT
100
AcDbText
 10
4928.218750000098
 20
7996.92500000001
 30
0.0
 40
30.0
  1
P-1002
 72
1
 11
4928.218750000098
 21
7996.92500000001
 31
0.0
100
AcDbText
 73
2
  0
LWPOLYLINE
  5
264
330
17
100
AcDbEntity
  8
NESTED_RESULT
100
AcDbPolyline
 90
5
 70
0
 10
6448.000000000004
 20
7788.9625000000015
 10
6549.600000000004
 20
7788.9625000000015
 10
6549.600000000004
 20
8377.925000000003
 10
6448.000000000004
 20
8377.925000000003
 10
6448.000000000004
 20
7788.9625000000015
  0
TEXT
  5
265
330
17
100
AcDbEntity
  8
NESTED_RESULT
100
AcDbText
 10
6498.800000000004
 20
8083.443750000002
 30
0.0
 40
23.5185185185186
  1
P-1003
 72
1
 11
6498.800000000004
 21
8083.443750000002
 31
0.0
100
AcDbText
 73
2
  0
LWPOLYLINE
  5
266
330
17
100
AcDbEntity
  8
NESTED_RESULT
100
AcDbPolyline
 90
5
 70
0
 10
6244.800000000003
 20
7788.962500000009
 10
6346.400000000003
 20
7788.962500000009
 10
6346.400000000003
 20
8377.925000000007
 10
6244.800000000003
 20
8377.925000000007
 10
6244.800000000003
 20
7788.962500000009
  0
TEXT
  5
267
330
17
100
AcDbEntity
  8
NESTED_RESULT
100
AcDbText
 10
6295.600000000003
 20
8083.443750000008
 30
0.0
 40
23.5185185185186
  1
P-1030
 72
1
 11
6295.600000000003
 21
8083.443750000008
 31
0.0
100
AcDbText
 73
2
  0
LWPOLYLINE
  5
268
330
17
100
AcDbEntity
  8
NESTED_RESULT
100
AcDbPolyline
 90
5
 70
0
 10
6448.000000000004
 20
8377.925000000003
 10
6346.400000000003
 20
8377.925000000003
 10
6346.400000000003
 20
7788.962500000009
 10
6448.000000000004
 20
7788.962500000009
 10
6448.000000000004
 20
8377.925000000003
  0
TEXT
  5
269
330
17
100
AcDbEntity
  8
NESTED_RESULT
100
AcDbText
 10
6397.2000000000035
 20
8083.443750000006
 30
0.0
 40
23.5185185185186
  1
P-1032
 72
1
 11
6397.2000000000035
 21
8083.443750000006
 31
0.0
100
AcDbText
 73
2
  0
LWPOLYLINE
  5
26A
330
17
100
AcDbEntity
  8
NESTED_RESULT
 62
1
100
AcDbPolyline
 90
5
 70
0
 10
6800.0
 20
7200.0
 10
10000.0
 20
7200.0
 10
10000.0
 20
8800.0
 10
6800.0
 20
8800.0
 10
6800.0
 20
7200.0
  0
TEXT
  5
26B
330
17
100
AcDbEntity
  8
NESTED_RESULT
 62
1
100
AcDbText
 10
6800.0
 20
8830.0
 30
0.0
 40
50.0
  1
Sheet_27
 11
6800.0
 21
8830.0
 31
0.0
100
AcDbText
 73
1
  0
LWPOLYLINE
  5
26C
330
17
100
AcDbEntity
  8
NESTED_RESULT
100
AcDbPolyline
 90
8
 70
0
 10
9644.800000000003
 20
7200.0
 10
6800.0
 20
7200.0
 10
6800.0
 20
7844.524999999994
 10
9000.275000000096
 20
7844.524999999994
 10
9000.275000000096
 20
8109.637499999997
 10
9644.800000000003
 20
8109.637499999997
 10
9644.800000000003
 20
7844.524999999994
 10
9644.800000000003
 20
7200.0
  0
TEXT
  5
26D
330
17
100
AcDbEntity
  8
NESTED_RESULT
100
AcDbText
 10
9267.322265625004
 20
7577.378515624999
 30
0.0
 40
80.0
  1
P-0075
 72
1
 11
9267.322265625004
 21
7577.378515624999
 31
0.0
100
AcDbText
 73
2
  0
LWPOLYLINE
  5
26E
330
17
100
AcDbEntity
  8
NESTED_RESULT
100
AcDbPolyline
 90
8
 70
0
 10
6800.0
 20
8754.5
 10
9644.800000000003
 20
8754.5
 10
9644.800000000003
 20
8109.974999999991
 10
7444.524999999994
 20
8109.974999999991
 10
7444.524999999994
 20
7844.862500000003
 10
6800.0
 20
7844.862500000003
 10
6800.0
 20
8109.974999999991
 10
6800.0
 20
8754.5
  0
TEXT
  5
26F
330
17
100
AcDbEntity
  8
NESTED_RESULT
100
AcDbText
 10
7177.477734375
 20
8377.121484375002
 30
0.0
 40
80.0
  1
P-0042
 72
1
 11
7177.477734375
 21
8377.121484375002
 31
0.0
100
AcDbText
 73
2
  0
LWPOLYLINE
  5
270
330
17
100
AcDbEntity
  8
NESTED_RESULT
100
AcDbPolyline
 90
5
 70
0
 10
9644.800000000003
 20
7200.0
 10
9746.400000000003
 20
7200.0
 10
9746.400000000003
 20
7788.962499999994
 10
9644.800000000003
 20
7788.962499999994
 10
9644.800000000003
 20
7200.0
  0
TEXT
  5
271
330
17
100
AcDbEntity
  8
NESTED_RESULT
100
AcDbText
 10
9695.600000000002
 20
7494.481249999997
 30
0.0
 40
23.5185185185186
  1
P-1033
 72
1
 11
9695.600000000002
 21
7494.481249999997
 31
0.0
100
AcDbText
 73
2
  0
LWPOLYLINE
  5
272
330
17
100
AcDbEntity
  8
NESTED_RESULT
100
AcDbPolyline
 90
5
 70
0
 10
9746.400000000003
 20
7200.0
 10
9848.000000000004
 20
7200.0
 10
9848.000000000004
 20
7788.962499999994
 10
9746.400000000003
 20
7788.962499999994
 10
9746.400000000003
 20
7200.0
  0
TEXT
  5
273
330
17
100
AcDbEntity
  8
NESTED_RESULT
100
AcDbText
 10
9797.200000000004
 20
7494.481249999997
 30
0.0
 40
23.5185185185186
  1
P-1034
 72
1
 11
9797.200000000004
 21
7494.481249999997
 31
0.0
100
AcDbText
 73
2
  0
LWPOLYLINE
  5
274
330
17
100
AcDbEntity
  8
NESTED_RESULT
100
AcDbPolyline
 90
5
 70
0
 10
9848.000000000004
 20
7200.0
 10
9949.600000000004
 20
7200.0
 10
9949.600000000004
 20
7788.962499999994
 10
9848.000000000004
 20
7788.962499999994
 10
9848.000000000004
 20
7200.0
  0
TEXT
  5
275
330
17
100
AcDbEntity
  8
NESTED_RESULT
100
AcDbText
 10
9898.800000000003
 20
7494.481249999997
 30
0.0
 40
23.5185185185186
  1
P-1035
 72
1
 11
9898.800000000003
 21
7494.481249999997
 31
0.0
100
AcDbText
 73
2
  0
LWPOLYLINE
  5
276
330
17
100
AcDbEntity
  8
NESTED_RESULT
100
AcDbPolyline
 90
5
 70
0
 10
8033.775000000096
 20
7844.524999999994
 10
8033.775000000096
 20
7946.124999999993
 10
7444.812500000102
 20
7946.124999999993
 10
7444.812500000102
 20
7844.524999999994
 10
8033.775000000096
 20
7844.524999999994
  0
TEXT
  5
277
330
17
100
AcDbEntity
  8
NESTED_RESULT
100
AcDbText
 10
7739.293750000099
 20
7895.324999999993
 30
0.0
 40
30.0
  1
P-1036
 72
1
 11
7739.293750000099
 21
7895.324999999993
 31
0.0
100
AcDbText
 73
2
  0
LWPOLYLINE
  5
278
330
17
100
AcDbEntity
  8
NESTED_RESULT
100
AcDbPolyline
 90
5
 70
0
 10
8622.775000000096
 20
7844.524999999994
 10
8622.775000000096
 20
7946.125
 10
8033.812500000102
 20
7946.125
 10
8033.812500000102
 20
7844.524999999994
 10
8622.775000000096
 20
7844.524999999994
  0
TEXT
  5
279
330
17
100
AcDbEntity
  8
NESTED_RESULT
100
AcDbText
 10
8328.293750000099
 20
7895.324999999997
 30
0.0
 40
30.0
  1
P-1037
 72
1
 11
8328.293750000099
 21
7895.324999999997
 31
0.0
100
AcDbText
 73
2
  0
LWPOLYLINE
  5
27A
330
17
100
AcDbEntity
  8
NESTED_RESULT
100
AcDbPolyline
 90
5
 70
0
 10
8033.73750000009
 20
7946.125
 10
8033.73750000009
 20
8047.725000000006
 10
7444.775000000096
 20
8047.725000000006
 10
7444.775000000096
 20
7946.125
 10
8033.73750000009
 20
7946.125
  0
TEXT
  5
27B
330
17
100
AcDbEntity
  8
NESTED_RESULT
100
AcDbText
 10
7739.256250000093
 20
7996.925000000003
 30
0.0
 40
30.0
  1
P-1038
 72
1
 11
7739.256250000093
 21
7996.925000000003
 31
0.0
100
AcDbText
 73
2
  0
LWPOLYLINE
  5
27C
330
17
100
AcDbEntity
  8
NESTED_RESULT
100
AcDbPolyline
 90
5
 70
0
 10
8622.700000000084
 20
7946.125
 10
8622.700000000084
 20
8047.725000000006
 10
8033.73750000009
 20
8047.725000000006
 10
8033.73750000009
 20
7946.125
 10
8622.700000000084
 20
7946.125
  0
TEXT
  5
27D
330
17
100
AcDbEntity
  8
NESTED_RESULT
100
AcDbText
 10
8328.218750000087
 20
7996.925000000003
 30
0.0
 40
30.0
  1
P-1039
 72
1
 11
8328.218750000087
 21
7996.925000000003
 31
0.0
100
AcDbText
 73
2
  0
LWPOLYLINE
  5
27E
330
17
100
AcDbEntity
  8
NESTED_RESULT
100
AcDbPolyline
 90
5
 70
0
 10
9644.800000000003
 20
7788.962499999994
 10
9746.400000000003
 20
7788.962499999994
 10
9746.400000000003
 20
8377.924999999985
 10
9644.800000000003
 20
8377.924999999985
 10
9644.800000000003
 20
7788.962499999994
  0
TEXT
  5
27F
330
17
100
AcDbEntity
  8
NESTED_RESULT
100
AcDbText
 10
9695.600000000002
 20
8083.443749999989
 30
0.0
 40
23.5185185185186
  1
P-1062
 72
1
 11
9695.600000000002
 21
8083.443749999989
 31
0.0
100
AcDbText
 73
2
  0
LWPOLYLINE
  5
280
330
17
100
AcDbEntity
  8
NESTED_RESULT
100
AcDbPolyline
 90
5
 70
0
 10
9746.400000000003
 20
7788.962499999994
 10
9848.000000000004
 20
7788.962499999994
 10
9848.000000000004
 20
8377.924999999974
 10
9746.400000000003
 20
8377.924999999974
 10
9746.400000000003
 20
7788.962499999994
  0
TEXT
  5
281
330
17
100
AcDbEntity
  8
NESTED_RESULT
100
AcDbText
 10
9797.200000000004
 20
8083.443749999984
 30
0.0
 40
23.5185185185186
  1
P-1144
 72
1
 11
9797.200000000004
 21
8083.443749999984
 31
0.0
100
AcDbText
 73
2
  0
LWPOLYLINE
  5
282
330
17
100
AcDbEntity
  8
NESTED_RESULT
100
AcDbPolyline
 90
5
 70
0
 10
9949.600000000002
 20
8377.925000000003
 10
9848.000000000004
 20
8377.925000000003
 10
9848.000000000004
 20
7788.962499999994
 10
9949.600000000002
 20
7788.962499999994
 10
9949.600000000002
 20
8377.925000000003
  0
TEXT
  5
283
330
17
100
AcDbEntity
  8
NESTED_RESULT
100
AcDbText
 10
9898.800000000003
 20
8083.4437499999985
 30
0.0
 40
23.51851851851839
  1
P-0994
 72
1
 11
9898.800000000003
 21
8083.4437499999985
 31
0.0
100
AcDbText
 73
2
  0
LWPOLYLINE
  5
284
330
17
100
AcDbEntity
  8
NESTED_RESULT
 62
1
100
AcDbPolyline
 90
5
 70
0
 10
10200.0
 20
7200.0
 10
13400.0
 20
7200.0
 10
13400.0
 20
8800.0
 10
10200.0
 20
8800.0
 10
10200.0
 20
7200.0
  0
TEXT
  5
285
330
17
100
AcDbEntity
  8
NESTED_RESULT
 62
1
100
AcDbText
 10
10200.0
 20
8830.0
 30
0.0
 40
50.0
  1
Sheet_28
 11
10200.0
 21
8830.0
 31
0.0
100
AcDbText
 73
1
  0
LWPOLYLINE
  5
286
330
17
100
AcDbEntity
  8
NESTED_RESULT
100
AcDbPolyline
 90
8
 70
0
 10
13044.800000000003
 20
7200.0
 10
10200.0
 20
7200.0
 10
10200.0
 20
7844.524999999994
 10
12400.275000000009
 20
7844.524999999994
 10
12400.275000000009
 20
8109.637499999997
 10
13044.800000000003
 20
8109.637499999997
 10
13044.800000000003
 20
7844.524999999994
 10
13044.800000000003
 20
7200.0
  0
TEXT
  5
287
330
17
100
AcDbEntity
  8
NESTED_RESULT
100
AcDbText
 10
12667.322265625004
 20
7577.378515624999
 30
0.0
 40
80.0
  1
P-0051
 72
1
 11
12667.322265625004
 21
7577.378515624999
 31
0.0
100
AcDbText
 73
2
  0
LWPOLYLINE
  5
288
330
17
100
AcDbEntity
  8
NESTED_RESULT
100
AcDbPolyline
 90
8
 70
0
 10
10200.0
 20
8754.5
 10
13044.800000000003
 20
8754.5
 10
13044.800000000003
 20
8109.974999999991
 10
10844.524999999994
 20
8109.974999999991
 10
10844.524999999994
 20
7844.862500000003
 10
10200.0
 20
7844.862500000003
 10
10200.0
 20
8109.974999999991
 10
10200.0
 20
8754.5
  0
TEXT
  5
289
330
17
100
AcDbEntity
  8
NESTED_RESULT
100
AcDbText
 10
10577.477734375001
 20
8377.121484375002
 30
0.0
 40
80.0
  1
P-0052
 72
1
 11
10577.477734375001
 21
8377.121484375002
 31
0.0
100
AcDbText
 73
2
  0
LWPOLYLINE
  5
28A
330
17
100
AcDbEntity
  8
NESTED_RESULT
100
AcDbPolyline
 90
5
 70
0
 10
13044.800000000003
 20
7200.0
 10
13146.400000000001
 20
7200.0
 10
13146.400000000001
 20
7788.962499999994
 10
13044.800000000003
 20
7788.962499999994
 10
13044.800000000003
 20
7200.0
  0
TEXT
  5
28B
330
17
100
AcDbEntity
  8
NESTED_RESULT
100
AcDbText
 10
13095.600000000002
 20
7494.481249999997
 30
0.0
 40
23.51851851851839
  1
P-1068
 72
1
 11
13095.600000000002
 21
7494.481249999997
 31
0.0
100
AcDbText
 73
2
  0
LWPOLYLINE
  5
28C
330
17
100
AcDbEntity
  8
NESTED_RESULT
100
AcDbPolyline
 90
5
 70
0
 10
13146.400000000001
 20
7200.0
 10
13248.000000000002
 20
7200.0
 10
13248.000000000002
 20
7788.962499999994
 10
13146.400000000001
 20
7788.962499999994
 10
13146.400000000001
 20
7200.0
  0
TEXT
  5
28D
330
17
100
AcDbEntity
  8
NESTED_RESULT
100
AcDbText
 10
13197.200000000003
 20
7494.481249999997
 30
0.0
 40
23.51851851851839
  1
P-1069
 72
1
 11
13197.200000000003
 21
7494.481249999997
 31
0.0
100
AcDbText
 73
2
  0
LWPOLYLINE
  5
28E
330
17
100
AcDbEntity
  8
NESTED_RESULT
100
AcDbPolyline
 90
5
 70
0
 10
13248.000000000002
 20
7200.0
 10
13349.6
 20
7200.0
 10
13349.6
 20
7788.962500000009
 10
13248.000000000002
 20
7788.962500000009
 10
13248.000000000002
 20
7200.0
  0
TEXT
  5
28F
330
17
100
AcDbEntity
  8
NESTED_RESULT
100
AcDbText
 10
13298.800000000001
 20
7494.481250000004
 30
0.0
 40
23.518518518518285
  1
P-1004
 72
1
 11
13298.800000000001
 21
7494.481250000004
 31
0.0
100
AcDbText
 73
2
  0
LWPOLYLINE
  5
290
330
17
100
AcDbEntity
  8
NESTED_RESULT
100
AcDbPolyline
 90
5
 70
0
 10
11433.775000000009
 20
7844.524999999994
 10
11433.775000000009
 20
7946.124999999993
 10
10844.8125
 20
7946.124999999993
 10
10844.8125
 20
7844.524999999994
 10
11433.775000000009
 20
7844.524999999994
  0
TEXT
  5
291
330
17
100
AcDbEntity
  8
NESTED_RESULT
100
AcDbText
 10
11139.293750000004
 20
7895.324999999993
 30
0.0
 40
30.0
  1
P-1005
 72
1
 11
11139.293750000004
 21
7895.324999999993
 31
0.0
100
AcDbText
 73
2
  0
LWPOLYLINE
  5
292
330
17
100
AcDbEntity
  8
NESTED_RESULT
100
AcDbPolyline
 90
5
 70
0
 10
12022.775000000009
 20
7844.524999999994
 10
12022.775000000009
 20
7946.124999999985
 10
11433.8125
 20
7946.124999999985
 10
11433.8125
 20
7844.524999999994
 10
12022.775000000009
 20
7844.524999999994
  0
TEXT
  5
293
330
17
100
AcDbEntity
  8
NESTED_RESULT
100
AcDbText
 10
11728.293750000004
 20
7895.32499999999
 30
0.0
 40
30.0
  1
P-1006
 72
1
 11
11728.293750000004
 21
7895.32499999999
 31
0.0
100
AcDbText
 73
2
  0
LWPOLYLINE
  5
294
330
17
100
AcDbEntity
  8
NESTED_RESULT
100
AcDbPolyline
 90
5
 70
0
 10
12022.737500000017
 20
7946.124999999985
 10
12022.737500000017
 20
8047.724999999991
 10
11433.775000000009
 20
8047.724999999991
 10
11433.775000000009
 20
7946.124999999985
 10
12022.737500000017
 20
7946.124999999985
  0
TEXT
  5
295
330
17
100
AcDbEntity
  8
NESTED_RESULT
100
AcDbText
 10
11728.256250000013
 20
7996.924999999988
 30
0.0
 40
30.0
  1
P-1007
 72
1
 11
11728.256250000013
 21
7996.924999999988
 31
0.0
100
AcDbText
 73
2
  0
LWPOLYLINE
  5
296
330
17
100
AcDbEntity
  8
NESTED_RESULT
100
AcDbPolyline
 90
5
 70
0
 10
11433.487499999996
 20
7946.374999999993
 10
11433.487499999996
 20
8047.974999999991
 10
10844.524999999994
 20
8047.974999999991
 10
10844.524999999994
 20
7946.374999999993
 10
11433.487499999996
 20
7946.374999999993
  0
TEXT
  5
297
330
17
100
AcDbEntity
  8
NESTED_RESULT
100
AcDbText
 10
11139.006249999995
 20
7997.174999999992
 30
0.0
 40
30.0
  1
P-1040
 72
1
 11
11139.006249999995
 21
7997.174999999992
 31
0.0
100
AcDbText
 73
2
  0
LWPOLYLINE
  5
298
330
17
100
AcDbEntity
  8
NESTED_RESULT
100
AcDbPolyline
 90
5
 70
0
 10
13044.800000000003
 20
7788.962499999994
 10
13146.400000000001
 20
7788.962499999994
 10
13146.400000000001
 20
8377.924999999988
 10
13044.800000000003
 20
8377.924999999988
 10
13044.800000000003
 20
7788.962499999994
  0
TEXT
  5
299
330
17
100
AcDbEntity
  8
NESTED_RESULT
100
AcDbText
 10
13095.600000000002
 20
8083.443749999991
 30
0.0
 40
23.518518518518285
  1
P-1076
 72
1
 11
13095.600000000002
 21
8083.443749999991
 31
0.0
100
AcDbText
 73
2
  0
LWPOLYLINE
  5
29A
330
17
100
AcDbEntity
  8
NESTED_RESULT
100
AcDbPolyline
 90
5
 70
0
 10
13146.400000000001
 20
7788.962499999994
 10
13248.0
 20
7788.962499999994
 10
13248.0
 20
8377.924999999988
 10
13146.400000000001
 20
8377.924999999988
 10
13146.400000000001
 20
7788.962499999994
  0
TEXT
  5
29B
330
17
100
AcDbEntity
  8
NESTED_RESULT
100
AcDbText
 10
13197.2
 20
8083.443749999991
 30
0.0
 40
23.518518518518285
  1
P-1077
 72
1
 11
13197.2
 21
8083.443749999991
 31
0.0
100
AcDbText
 73
2
  0
LWPOLYLINE
  5
29C
330
17
100
AcDbEntity
  8
NESTED_RESULT
100
AcDbPolyline
 90
5
 70
0
 10
13248.0
 20
7788.962500000009
 10
13349.6
 20
7788.962500000009
 10
13349.6
 20
8377.925000000003
 10
13248.0
 20
8377.925000000003
 10
13248.0
 20
7788.962500000009
  0
TEXT
  5
29D
330
17
100
AcDbEntity
  8
NESTED_RESULT
100
AcDbText
 10
13298.8
 20
8083.443750000006
 30
0.0
 40
23.518518518518285
  1
P-1078
 72
1
 11
13298.8
 21
8083.443750000006
 31
0.0
100
AcDbText
 73
2
  0
LWPOLYLINE
  5
29E
330
17
100
AcDbEntity
  8
NESTED_RESULT
 62
1
100
AcDbPolyline
 90
5
 70
0
 10
13600.0
 20
7200.0
 10
16800.0
 20
7200.0
 10
16800.0
 20
8800.0
 10
13600.0
 20
8800.0
 10
13600.0
 20
7200.0
  0
TEXT
  5
29F
330
17
100
AcDbEntity
  8
NESTED_RESULT
 62
1
100
AcDbText
 10
13600.0
 20
8830.0
 30
0.0
 40
50.0
  1
Sheet_29
 11
13600.0
 21
8830.0
 31
0.0
100
AcDbText
 73
1
  0
LWPOLYLINE
  5
2A0
330
17
100
AcDbEntity
  8
NESTED_RESULT
100
AcDbPolyline
 90
8
 70
0
 10
16444.800000000017
 20
7200.0
 10
13600.0
 20
7200.0
 10
13600.0
 20
7844.525000000009
 10
15800.275000000038
 20
7844.525000000009
 10
15800.275000000038
 20
8109.637499999997
 10
16444.800000000017
 20
8109.637499999997
 10
16444.800000000017
 20
7844.525000000009
 10
16444.800000000017
 20
7200.0
  0
TEXT
  5
2A1
330
17
100
AcDbEntity
  8
NESTED_RESULT
100
AcDbText
 10
16067.322265625015
 20
7577.378515624998
 30
0.0
 40
80.0
  1
P-0038
 72
1
 11
16067.322265625015
 21
7577.378515624998
 31
0.0
100
AcDbText
 73
2
  0
LWPOLYLINE
  5
2A2
330
17
100
AcDbEntity
  8
NESTED_RESULT
100
AcDbPolyline
 90
8
 70
0
 10
13600.0
 20
8754.5
 10
16444.79999999999
 20
8754.5
 10
16444.79999999999
 20
8109.975000000006
 10
14244.524999999994
 20
8109.975000000006
 10
14244.524999999994
 20
7844.862500000003
 10
13600.0
 20
7844.862500000003
 10
13600.0
 20
8109.975000000006
 10
13600.0
 20
8754.5
  0
TEXT
  5
2A3
330
17
100
AcDbEntity
  8
NESTED_RESULT
100
AcDbText
 10
13977.477734375
 20
8377.121484375002
 30
0.0
 40
80.0
  1
P-0062
 72
1
 11
13977.477734375
 21
8377.121484375002
 31
0.0
100
AcDbText
 73
2
  0
LWPOLYLINE
  5
2A4
330
17
100
AcDbEntity
  8
NESTED_RESULT
100
AcDbPolyline
 90
5
 70
0
 10
16546.400000000016
 20
7788.962499999994
 10
16444.800000000017
 20
7788.962499999994
 10
16444.800000000017
 20
7200.0
 10
16546.400000000016
 20
7200.0
 10
16546.400000000016
 20
7788.962499999994
  0
TEXT
  5
2A5
330
17
100
AcDbEntity
  8
NESTED_RESULT
100
AcDbText
 10
16495.600000000017
 20
7494.481249999997
 30
0.0
 40
23.518518518518285
  1
P-1079
 72
1
 11
16495.600000000017
 21
7494.481249999997
 31
0.0
100
AcDbText
 73
2
  0
LWPOLYLINE
  5
2A6
330
17
100
AcDbEntity
  8
NESTED_RESULT
100
AcDbPolyline
 90
5
 70
0
 10
16546.400000000016
 20
7200.0
 10
16648.000000000015
 20
7200.0
 10
16648.000000000015
 20
7788.962499999994
 10
16546.400000000016
 20
7788.962499999994
 10
16546.400000000016
 20
7200.0
  0
TEXT
  5
2A7
330
17
100
AcDbEntity
  8
NESTED_RESULT
100
AcDbText
 10
16597.200000000015
 20
7494.481249999997
 30
0.0
 40
23.518518518518285
  1
P-1080
 72
1
 11
16597.200000000015
 21
7494.481249999997
 31
0.0
100
AcDbText
 73
2
  0
LWPOLYLINE
  5
2A8
330
17
100
AcDbEntity
  8
NESTED_RESULT
100
AcDbPolyline
 90
5
 70
0
 10
16648.000000000015
 20
7200.0
 10
16749.600000000013
 20
7200.0
 10
16749.600000000013
 20
7788.962499999994
 10
16648.000000000015
 20
7788.962499999994
 10
16648.000000000015
 20
7200.0
  0
TEXT
  5
2A9
330
17
100
AcDbEntity
  8
NESTED_RESULT
100
AcDbText
 10
16698.800000000014
 20
7494.481249999997
 30
0.0
 40
23.518518518518285
  1
P-1081
 72
1
 11
16698.800000000014
 21
7494.481249999997
 31
0.0
100
AcDbText
 73
2
  0
LWPOLYLINE
  5
2AA
330
17
100
AcDbEntity
  8
NESTED_RESULT
100
AcDbPolyline
 90
5
 70
0
 10
14833.775000000038
 20
7844.525000000009
 10
14833.775000000038
 20
7946.125000000015
 10
14244.812500000044
 20
7946.125000000015
 10
14244.812500000044
 20
7844.525000000009
 10
14833.775000000038
 20
7844.525000000009
  0
TEXT
  5
2AB
330
17
100
AcDbEntity
  8
NESTED_RESULT
100
AcDbText
 10
14539.29375000004
 20
7895.325000000012
 30
0.0
 40
30.0
  1
P-1082
 72
1
 11
14539.29375000004
 21
7895.325000000012
 31
0.0
100
AcDbText
 73
2
  0
LWPOLYLINE
  5
2AC
330
17
100
AcDbEntity
  8
NESTED_RESULT
100
AcDbPolyline
 90
5
 70
0
 10
15422.775000000038
 20
7844.525000000009
 10
15422.775000000038
 20
7946.125
 10
14833.812500000044
 20
7946.125
 10
14833.812500000044
 20
7844.525000000009
 10
15422.775000000038
 20
7844.525000000009
  0
TEXT
  5
2AD
330
17
100
AcDbEntity
  8
NESTED_RESULT
100
AcDbText
 10
15128.29375000004
 20
7895.325000000004
 30
0.0
 40
30.0
  1
P-1083
 72
1
 11
15128.29375000004
 21
7895.325000000004
 31
0.0
100
AcDbText
 73
2
  0
LWPOLYLINE
  5
2AE
330
17
100
AcDbEntity
  8
NESTED_RESULT
100
AcDbPolyline
 90
5
 70
0
 10
15422.737500000028
 20
7946.125
 10
15422.737500000028
 20
8047.7249999999985
 10
14833.775000000038
 20
8047.7249999999985
 10
14833.775000000038
 20
7946.125
 10
15422.737500000028
 20
7946.125
  0
TEXT
  5
2AF
330
17
100
AcDbEntity
  8
NESTED_RESULT
100
AcDbText
 10
15128.256250000033
 20
7996.924999999999
 30
0.0
 40
30.0
  1
P-1133
 72
1
 11
15128.256250000033
 21
7996.924999999999
 31
0.0
100
AcDbText
 73
2
  0
LWPOLYLINE
  5
2B0
330
17
100
AcDbEntity
  8
NESTED_RESULT
100
AcDbPolyline
 90
5
 70
0
 10
14833.487499999974
 20
7946.375
 10
14833.487499999974
 20
8047.975000000006
 10
14244.524999999994
 20
8047.975000000006
 10
14244.524999999994
 20
7946.375
 10
14833.487499999974
 20
7946.375
  0
TEXT
  5
2B1
330
17
100
AcDbEntity
  8
NESTED_RESULT
100
AcDbText
 10
14539.006249999984
 20
7997.175000000003
 30
0.0
 40
30.0
  1
P-1147
 72
1
 11
14539.006249999984
 21
7997.175000000003
 31
0.0
100
AcDbText
 73
2
  0
LWPOLYLINE
  5
2B2
330
17
100
AcDbEntity
  8
NESTED_RESULT
100
AcDbPolyline
 90
5
 70
0
 10
16444.800000000017
 20
7788.962499999994
 10
16546.400000000016
 20
7788.962499999994
 10
16546.400000000016
 20
8377.924999999996
 10
16444.800000000017
 20
8377.924999999996
 10
16444.800000000017
 20
7788.962499999994
  0
TEXT
  5
2B3
330
17
100
AcDbEntity
  8
NESTED_RESULT
100
AcDbText
 10
16495.600000000017
 20
8083.443749999995
 30
0.0
 40
23.51851851851818
  1
P-1042
 72
1
 11
16495.600000000017
 21
8083.443749999995
 31
0.0
100
AcDbText
 73
2
  0
LWPOLYLINE
  5
2B4
330
17
100
AcDbEntity
  8
NESTED_RESULT
100
AcDbPolyline
 90
5
 70
0
 10
16648.000000000015
 20
7788.962499999994
 10
16648.000000000015
 20
8735.112500000007
 10
16546.400000000016
 20
8735.112500000007
 10
16546.400000000016
 20
7788.962499999994
 10
16648.000000000015
 20
7788.962499999994
  0
TEXT
  5
2B5
330
17
100
AcDbEntity
  8
NESTED_RESULT
100
AcDbText
 10
16597.200000000015
 20
8262.0375
 30
0.0
 40
23.51851851851818
  1
P-0763
 72
1
 11
16597.200000000015
 21
8262.0375
 31
0.0
100
AcDbText
 73
2
  0
LWPOLYLINE
  5
2B6
330
17
100
AcDbEntity
  8
NESTED_RESULT
100
AcDbPolyline
 90
5
 70
0
 10
16749.600000000013
 20
7788.962499999994
 10
16749.600000000013
 20
8735.112500000003
 10
16648.000000000015
 20
8735.112500000003
 10
16648.000000000015
 20
7788.962499999994
 10
16749.600000000013
 20
7788.962499999994
  0
TEXT
  5
2B7
330
17
100
AcDbEntity
  8
NESTED_RESULT
100
AcDbText
 10
16698.800000000014
 20
8262.037499999999
 30
0.0
 40
23.51851851851818
  1
P-0764
 72
1
 11
16698.800000000014
 21
8262.037499999999
 31
0.0
100
AcDbText
 73
2
  0
LWPOLYLINE
  5
2B8
330
17
100
AcDbEntity
  8
NESTED_RESULT
 62
1
100
AcDbPolyline
 90
5
 70
0
 10
17000.0
 20
7200.0
 10
20200.0
 20
7200.0
 10
20200.0
 20
8800.0
 10
17000.0
 20
8800.0
 10
17000.0
 20
7200.0
  0
TEXT
  5
2B9
330
17
100
AcDbEntity
  8
NESTED_RESULT
 62
1
100
AcDbText
 10
17000.0
 20
8830.0
 30
0.0
 40
50.0
  1
Sheet_30
 11
17000.0
 21
8830.0
 31
0.0
100
AcDbText
 73
1
  0
LWPOLYLINE
  5
2BA
330
17
100
AcDbEntity
  8
NESTED_RESULT
100
AcDbPolyline
 90
8
 70
0
 10
19844.800000000017
 20
7200.0
 10
17000.0
 20
7200.0
 10
17000.0
 20
7844.524999999994
 10
19200.275000000023
 20
7844.524999999994
 10
19200.275000000023
 20
8109.6374999999825
 10
19844.800000000017
 20
8109.6374999999825
 10
19844.800000000017
 20
7844.524999999994
 10
19844.800000000017
 20
7200.0
  0
TEXT
  5
2BB
330
17
100
AcDbEntity
  8
NESTED_RESULT
100
AcDbText
 10
19467.322265625015
 20
7577.3785156249905
 30
0.0
 40
80.0
  1
P-0061
 72
1
 11
19467.322265625015
 21
7577.3785156249905
 31
0.0
100
AcDbText
 73
2
  0
LWPOLYLINE
  5
2BC
330
17
100
AcDbEntity
  8
NESTED_RESULT
100
AcDbPolyline
 90
8
 70
0
 10
17000.0
 20
8754.5
 10
19844.800000000003
 20
8754.5
 10
19844.800000000003
 20
8109.974999999991
 10
17644.52500000001
 20
8109.974999999991
 10
17644.52500000001
 20
7844.862500000003
 10
17000.0
 20
7844.862500000003
 10
17000.0
 20
8109.974999999991
 10
17000.0
 20
8754.5
  0
TEXT
  5
2BD
330
17
100
AcDbEntity
  8
NESTED_RESULT
100
AcDbText
 10
17377.477734375
 20
8377.121484375002
 30
0.0
 40
80.0
  1
P-0046
 72
1
 11
17377.477734375
 21
8377.121484375002
 31
0.0
100
AcDbText
 73
2
  0
LWPOLYLINE
  5
2BE
330
17
100
AcDbEntity
  8
NESTED_RESULT
100
AcDbPolyline
 90
5
 70
0
 10
17644.625000000015
 20
7844.524999999994
 10
18590.775000000023
 20
7844.524999999994
 10
18590.775000000023
 20
7946.124999999993
 10
17644.625000000015
 20
7946.124999999993
 10
17644.625000000015
 20
7844.524999999994
  0
TEXT
  5
2BF
330
17
100
AcDbEntity
  8
NESTED_RESULT
100
AcDbText
 10
18117.70000000002
 20
7895.324999999993
 30
0.0
 40
30.0
  1
P-0765
 72
1
 11
18117.70000000002
 21
7895.324999999993
 31
0.0
100
AcDbText
 73
2
  0
LWPOLYLINE
  5
2C0
330
17
100
AcDbEntity
  8
NESTED_RESULT
100
AcDbPolyline
 90
5
 70
0
 10
17644.52500000001
 20
7946.374999999993
 10
18590.675000000017
 20
7946.374999999993
 10
18590.675000000017
 20
8047.974999999991
 10
17644.52500000001
 20
8047.974999999991
 10
17644.52500000001
 20
7946.374999999993
  0
TEXT
  5
2C1
330
17
100
AcDbEntity
  8
NESTED_RESULT
100
AcDbText
 10
18117.600000000013
 20
7997.174999999992
 30
0.0
 40
30.0
  1
P-0766
 72
1
 11
18117.600000000013
 21
7997.174999999992
 31
0.0
100
AcDbText
 73
2
  0
LWPOLYLINE
  5
2C2
330
17
100
AcDbEntity
  8
NESTED_RESULT
100
AcDbPolyline
 90
5
 70
0
 10
19946.400000000016
 20
7200.0
 10
19946.400000000016
 20
8146.150000000009
 10
19844.800000000017
 20
8146.150000000009
 10
19844.800000000017
 20
7200.0
 10
19946.400000000016
 20
7200.0
  0
TEXT
  5
2C3
330
17
100
AcDbEntity
  8
NESTED_RESULT
100
AcDbText
 10
19895.600000000017
 20
7673.075000000004
 30
0.0
 40
23.51851851851818
  1
P-0767
 72
1
 11
19895.600000000017
 21
7673.075000000004
 31
0.0
100
AcDbText
 73
2
  0
LWPOLYLINE
  5
2C4
330
17
100
AcDbEntity
  8
NESTED_RESULT
100
AcDbPolyline
 90
5
 70
0
 10
20048.000000000015
 20
7200.0
 10
20048.000000000015
 20
8146.1500000000015
 10
19946.400000000016
 20
8146.1500000000015
 10
19946.400000000016
 20
7200.0
 10
20048.000000000015
 20
7200.0
  0
TEXT
  5
2C5
330
17
100
AcDbEntity
  8
NESTED_RESULT
100
AcDbText
 10
19997.200000000015
 20
7673.075000000001
 30
0.0
 40
23.51851851851818
  1
P-0768
 72
1
 11
19997.200000000015
 21
7673.075000000001
 31
0.0
100
AcDbText
 73
2
  0
LWPOLYLINE
  5
2C6
330
17
100
AcDbEntity
  8
NESTED_RESULT
100
AcDbPolyline
 90
5
 70
0
 10
20149.600000000013
 20
7200.0
 10
20149.600000000013
 20
8146.1500000000015
 10
20048.000000000015
 20
8146.1500000000015
 10
20048.000000000015
 20
7200.0
 10
20149.600000000013
 20
7200.0
  0
TEXT
  5
2C7
330
17
100
AcDbEntity
  8
NESTED_RESULT
100
AcDbText
 10
20098.800000000014
 20
7673.075000000001
 30
0.0
 40
23.51851851851818
  1
P-0769
 72
1
 11
20098.800000000014
 21
7673.075000000001
 31
0.0
100
AcDbText
 73
2
  0
LWPOLYLINE
  5
2C8
330
17
100
AcDbEntity
  8
NESTED_RESULT
100
AcDbPolyline
 90
5
 70
0
 10
18590.812499999913
 20
7946.124999999985
 10
18590.812499999913
 20
7844.524999999994
 10
19179.775000000023
 20
7844.524999999994
 10
19179.775000000023
 20
7946.124999999985
 10
18590.812499999913
 20
7946.124999999985
  0
TEXT
  5
2C9
330
17
100
AcDbEntity
  8
NESTED_RESULT
100
AcDbText
 10
18885.293749999968
 20
7895.32499999999
 30
0.0
 40
30.0
  1
P-0933
 72
1
 11
18885.293749999968
 21
7895.32499999999
 31
0.0
100
AcDbText
 73
2
  0
LWPOLYLINE
  5
2CA
330
17
100
AcDbEntity
  8
NESTED_RESULT
100
AcDbPolyline
 90
5
 70
0
 10
19179.737500000047
 20
7946.124999999985
 10
19179.737500000047
 20
8047.724999999991
 10
18590.775000000023
 20
8047.724999999991
 10
18590.775000000023
 20
7946.124999999985
 10
19179.737500000047
 20
7946.124999999985
  0
TEXT
  5
2CB
330
17
100
AcDbEntity
  8
NESTED_RESULT
100
AcDbText
 10
18885.256250000035
 20
7996.924999999988
 30
0.0
 40
30.0
  1
P-0956
 72
1
 11
18885.256250000035
 21
7996.924999999988
 31
0.0
100
AcDbText
 73
2
  0
LWPOLYLINE
  5
2CC
330
17
100
AcDbEntity
  8
NESTED_RESULT
100
AcDbPolyline
 90
5
 70
0
 10
19844.800000000003
 20
8146.150000000009
 10
19946.4
 20
8146.150000000009
 10
19946.4
 20
8735.112500000032
 10
19844.800000000003
 20
8735.112500000032
 10
19844.800000000003
 20
8146.150000000009
  0
TEXT
  5
2CD
330
17
100
AcDbEntity
  8
NESTED_RESULT
100
AcDbText
 10
19895.600000000002
 20
8440.63125000002
 30
0.0
 40
23.51851851851818
  1
P-0957
 72
1
 11
19895.600000000002
 21
8440.63125000002
 31
0.0
100
AcDbText
 73
2
  0
LWPOLYLINE
  5
2CE
330
17
100
AcDbEntity
  8
NESTED_RESULT
100
AcDbPolyline
 90
5
 70
0
 10
19946.4
 20
8146.150000000009
 10
20048.0
 20
8146.150000000009
 10
20048.0
 20
8735.112500000032
 10
19946.4
 20
8735.112500000032
 10
19946.4
 20
8146.150000000009
  0
TEXT
  5
2CF
330
17
100
AcDbEntity
  8
NESTED_RESULT
100
AcDbText
 10
19997.2
 20
8440.63125000002
 30
0.0
 40
23.51851851851818
  1
P-0958
 72
1
 11
19997.2
 21
8440.63125000002
 31
0.0
100
AcDbText
 73
2
  0
LWPOLYLINE
  5
2D0
330
17
100
AcDbEntity
  8
NESTED_RESULT
100
AcDbPolyline
 90
5
 70
0
 10
20048.0
 20
8146.1500000000015
 10
20149.6
 20
8146.1500000000015
 10
20149.6
 20
8735.112500000017
 10
20048.0
 20
8735.112500000017
 10
20048.0
 20
8146.1500000000015
  0
TEXT
  5
2D1
330
17
100
AcDbEntity
  8
NESTED_RESULT
100
AcDbText
 10
20098.8
 20
8440.63125000001
 30
0.0
 40
23.51851851851818
  1
P-0971
 72
1
 11
20098.8
 21
8440.63125000001
 31
0.0
100
AcDbText
 73
2
  0
LWPOLYLINE
  5
2D2
330
17
100
AcDbEntity
  8
NESTED_RESULT
 62
1
100
AcDbPolyline
 90
5
 70
0
 10
0.0
 20
9000.0
 10
3200.0
 20
9000.0
 10
3200.0
 20
10600.0
 10
0.0
 20
10600.0
 10
0.0
 20
9000.0
  0
TEXT
  5
2D3
330
17
100
AcDbEntity
  8
NESTED_RESULT
 62
1
100
AcDbText
 10
0.0
 20
10630.0
 30
0.0
 40
50.0
  1
Sheet_31
 11
0.0
 21
10630.0
 31
0.0
100
AcDbText
 73
1
  0
LWPOLYLINE
  5
2D4
330
17
100
AcDbEntity
  8
NESTED_RESULT
100
AcDbPolyline
 90
8
 70
0
 10
2844.800000000003
 20
9000.0
 10
0.0
 20
9000.0
 10
0.0
 20
9644.525000000009
 10
2200.274999999994
 20
9644.525000000009
 10
2200.274999999994
 20
9909.637499999997
 10
2844.800000000003
 20
9909.637499999997
 10
2844.800000000003
 20
9644.525000000009
 10
2844.800000000003
 20
9000.0
  0
TEXT
  5
2D5
330
17
100
AcDbEntity
  8
NESTED_RESULT
100
AcDbText
 10
2467.3222656250027
 20
9377.378515624998
 30
0.0
 40
80.0
  1
P-0047
 72
1
 11
2467.3222656250027
 21
9377.378515624998
 31
0.0
100
AcDbText
 73
2
  0
LWPOLYLINE
  5
2D6
330
17
100
AcDbEntity
  8
NESTED_RESULT
100
AcDbPolyline
 90
8
 70
0
 10
0.0
 20
10554.5
 10
2844.800000000003
 20
10554.5
 10
2844.800000000003
 20
9909.974999999991
 10
644.5250000000087
 20
9909.974999999991
 10
644.5250000000087
 20
9644.862500000003
 10
0.0
 20
9644.862500000003
 10
0.0
 20
9909.974999999991
 10
0.0
 20
10554.5
  0
TEXT
  5
2D7
330
17
100
AcDbEntity
  8
NESTED_RESULT
100
AcDbText
 10
377.4777343750004
 20
10177.121484375002
 30
0.0
 40
80.0
  1
P-0048
 72
1
 11
377.4777343750004
 21
10177.121484375002
 31
0.0
100
AcDbText
 73
2
  0
LWPOLYLINE
  5
2D8
330
17
100
AcDbEntity
  8
NESTED_RESULT
100
AcDbPolyline
 90
5
 70
0
 10
644.6249999999927
 20
9644.525000000009
 10
1590.7749999999942
 20
9644.525000000009
 10
1590.7749999999942
 20
9746.125000000007
 10
644.6249999999927
 20
9746.125000000007
 10
644.6249999999927
 20
9644.525000000009
  0
TEXT
  5
2D9
330
17
100
AcDbEntity
  8
NESTED_RESULT
100
AcDbText
 10
1117.6999999999935
 20
9695.325000000008
 30
0.0
 40
30.0
  1
P-0770
 72
1
 11
1117.6999999999935
 21
9695.325000000008
 31
0.0
100
AcDbText
 73
2
  0
LWPOLYLINE
  5
2DA
330
17
100
AcDbEntity
  8
NESTED_RESULT
100
AcDbPolyline
 90
5
 70
0
 10
644.5250000000087
 20
9746.374999999993
 10
1590.6750000000102
 20
9746.374999999993
 10
1590.6750000000102
 20
9847.974999999991
 10
644.5250000000087
 20
9847.974999999991
 10
644.5250000000087
 20
9746.374999999993
  0
TEXT
  5
2DB
330
17
100
AcDbEntity
  8
NESTED_RESULT
100
AcDbText
 10
1117.6000000000095
 20
9797.174999999992
 30
0.0
 40
30.0
  1
P-0771
 72
1
 11
1117.6000000000095
 21
9797.174999999992
 31
0.0
100
AcDbText
 73
2
  0
LWPOLYLINE
  5
2DC
330
17
100
AcDbEntity
  8
NESTED_RESULT
100
AcDbPolyline
 90
5
 70
0
 10
2946.4000000000015
 20
9000.0
 10
2946.4000000000015
 20
9946.150000000001
 10
2844.800000000003
 20
9946.150000000001
 10
2844.800000000003
 20
9000.0
 10
2946.4000000000015
 20
9000.0
  0
TEXT
  5
2DD
330
17
100
AcDbEntity
  8
NESTED_RESULT
100
AcDbText
 10
2895.600000000002
 20
9473.075
 30
0.0
 40
23.51851851851818
  1
P-0772
 72
1
 11
2895.600000000002
 21
9473.075
 31
0.0
100
AcDbText
 73
2
  0
LWPOLYLINE
  5
2DE
330
17
100
AcDbEntity
  8
NESTED_RESULT
100
AcDbPolyline
 90
5
 70
0
 10
3048.0
 20
9000.0
 10
3048.0
 20
9946.150000000001
 10
2946.4000000000015
 20
9946.150000000001
 10
2946.4000000000015
 20
9000.0
 10
3048.0
 20
9000.0
  0
TEXT
  5
2DF
330
17
100
AcDbEntity
  8
NESTED_RESULT
100
AcDbText
 10
2997.2000000000007
 20
9473.075
 30
0.0
 40
23.51851851851818
  1
P-0773
 72
1
 11
2997.2000000000007
 21
9473.075
 31
0.0
100
AcDbText
 73
2
  0
LWPOLYLINE
  5
2E0
330
17
100
AcDbEntity
  8
NESTED_RESULT
100
AcDbPolyline
 90
5
 70
0
 10
3149.5999999999985
 20
9000.0
 10
3149.5999999999985
 20
9946.150000000001
 10
3048.0
 20
9946.150000000001
 10
3048.0
 20
9000.0
 10
3149.5999999999985
 20
9000.0
  0
TEXT
  5
2E1
330
17
100
AcDbEntity
  8
NESTED_RESULT
100
AcDbText
 10
3098.7999999999993
 20
9473.075
 30
0.0
 40
23.51851851851818
  1
P-0774
 72
1
 11
3098.7999999999993
 21
9473.075
 31
0.0
100
AcDbText
 73
2
  0
LWPOLYLINE
  5
2E2
330
17
100
AcDbEntity
  8
NESTED_RESULT
100
AcDbPolyline
 90
5
 70
0
 10
2179.774999999994
 20
9644.525000000009
 10
2179.774999999994
 20
9746.125000000007
 10
1590.8124999999782
 20
9746.125000000007
 10
1590.8124999999782
 20
9644.525000000009
 10
2179.774999999994
 20
9644.525000000009
  0
TEXT
  5
2E3
330
17
100
AcDbEntity
  8
NESTED_RESULT
100
AcDbText
 10
1885.2937499999862
 20
9695.325000000008
 30
0.0
 40
30.0
  1
P-0995
 72
1
 11
1885.2937499999862
 21
9695.325000000008
 31
0.0
100
AcDbText
 73
2
  0
LWPOLYLINE
  5
2E4
330
17
100
AcDbEntity
  8
NESTED_RESULT
100
AcDbPolyline
 90
5
 70
0
 10
2179.6375000000226
 20
9746.125000000007
 10
2179.6375000000226
 20
9847.725000000006
 10
1590.6750000000102
 20
9847.725000000006
 10
1590.6750000000102
 20
9746.125000000007
 10
2179.6375000000226
 20
9746.125000000007
  0
TEXT
  5
2E5
330
17
100
AcDbEntity
  8
NESTED_RESULT
100
AcDbText
 10
1885.1562500000164
 20
9796.925000000007
 30
0.0
 40
30.0
  1
P-0996
 72
1
 11
1885.1562500000164
 21
9796.925000000007
 31
0.0
100
AcDbText
 73
2
  0
LWPOLYLINE
  5
2E6
330
17
100
AcDbEntity
  8
NESTED_RESULT
100
AcDbPolyline
 90
5
 70
0
 10
2946.4000000000015
 20
10535.112500000017
 10
2844.800000000003
 20
10535.112500000017
 10
2844.800000000003
 20
9946.150000000009
 10
2946.4000000000015
 20
9946.150000000009
 10
2946.4000000000015
 20
10535.112500000017
  0
TEXT
  5
2E7
330
17
100
AcDbEntity
  8
NESTED_RESULT
100
AcDbText
 10
2895.600000000002
 20
10240.631250000013
 30
0.0
 40
23.51851851851818
  1
P-1008
 72
1
 11
2895.600000000002
 21
10240.631250000013
 31
0.0
100
AcDbText
 73
2
  0
LWPOLYLINE
  5
2E8
330
17
100
AcDbEntity
  8
NESTED_RESULT
100
AcDbPolyline
 90
5
 70
0
 10
2946.4000000000015
 20
9946.150000000009
 10
3048.0
 20
9946.150000000009
 10
3048.0
 20
10535.112500000017
 10
2946.4000000000015
 20
10535.112500000017
 10
2946.4000000000015
 20
9946.150000000009
  0
TEXT
  5
2E9
330
17
100
AcDbEntity
  8
NESTED_RESULT
100
AcDbText
 10
2997.2000000000007
 20
10240.631250000013
 30
0.0
 40
23.51851851851818
  1
P-1009
 72
1
 11
2997.2000000000007
 21
10240.631250000013
 31
0.0
100
AcDbText
 73
2
  0
LWPOLYLINE
  5
2EA
330
17
100
AcDbEntity
  8
NESTED_RESULT
100
AcDbPolyline
 90
5
 70
0
 10
3048.0
 20
9946.150000000001
 10
3149.5999999999985
 20
9946.150000000001
 10
3149.5999999999985
 20
10535.11250000001
 10
3048.0
 20
10535.11250000001
 10
3048.0
 20
9946.150000000001
  0
TEXT
  5
2EB
330
17
100
AcDbEntity
  8
NESTED_RESULT
100
AcDbText
 10
3098.7999999999993
 20
10240.631250000006
 30
0.0
 40
23.51851851851818
  1
P-1010
 72
1
 11
3098.7999999999993
 21
10240.631250000006
 31
0.0
100
AcDbText
 73
2
  0
LWPOLYLINE
  5
2EC
330
17
100
AcDbEntity
  8
NESTED_RESULT
 62
1
100
AcDbPolyline
 90
5
 70
0
 10
3400.0
 20
9000.0
 10
6600.0
 20
9000.0
 10
6600.0
 20
10600.0
 10
3400.0
 20
10600.0
 10
3400.0
 20
9000.0
  0
TEXT
  5
2ED
330
17
100
AcDbEntity
  8
NESTED_RESULT
 62
1
100
AcDbText
 10
3400.0
 20
10630.0
 30
0.0
 40
50.0
  1
Sheet_32
 11
3400.0
 21
10630.0
 31
0.0
100
AcDbText
 73
1
  0
LWPOLYLINE
  5
2EE
330
17
100
AcDbEntity
  8
NESTED_RESULT
100
AcDbPolyline
 90
8
 70
0
 10
6244.800000000003
 20
9000.0
 10
3400.0
 20
9000.0
 10
3400.0
 20
9644.525000000009
 10
5600.274999999994
 20
9644.525000000009
 10
5600.274999999994
 20
9909.637499999997
 10
6244.800000000003
 20
9909.637499999997
 10
6244.800000000003
 20
9644.525000000009
 10
6244.800000000003
 20
9000.0
  0
TEXT
  5
2EF
330
17
100
AcDbEntity
  8
NESTED_RESULT
100
AcDbText
 10
5867.322265625003
 20
9377.378515624998
 30
0.0
 40
80.0
  1
P-0049
 72
1
 11
5867.322265625003
 21
9377.378515624998
 31
0.0
100
AcDbText
 73
2
  0
LWPOLYLINE
  5
2F0
330
17
100
AcDbEntity
  8
NESTED_RESULT
100
AcDbPolyline
 90
8
 70
0
 10
3400.0
 20
10554.5
 10
6244.800000000003
 20
10554.5
 10
6244.800000000003
 20
9909.975000000006
 10
4044.5250000000087
 20
9909.975000000006
 10
4044.5250000000087
 20
9644.862500000017
 10
3400.0
 20
9644.862500000017
 10
3400.0
 20
9909.975000000006
 10
3400.0
 20
10554.5
  0
TEXT
  5
2F1
330
17
100
AcDbEntity
  8
NESTED_RESULT
100
AcDbText
 10
3777.477734375
 20
10177.12148437501
 30
0.0
 40
80.0
  1
P-0050
 72
1
 11
3777.477734375
 21
10177.12148437501
 31
0.0
100
AcDbText
 73
2
  0
LWPOLYLINE
  5
2F2
330
17
100
AcDbEntity
  8
NESTED_RESULT
100
AcDbPolyline
 90
5
 70
0
 10
4044.6249999999945
 20
9644.525000000009
 10
4990.774999999994
 20
9644.525000000009
 10
4990.774999999994
 20
9746.125000000007
 10
4044.6249999999945
 20
9746.125000000007
 10
4044.6249999999945
 20
9644.525000000009
  0
TEXT
  5
2F3
330
17
100
AcDbEntity
  8
NESTED_RESULT
100
AcDbText
 10
4517.699999999994
 20
9695.325000000008
 30
0.0
 40
30.0
  1
P-0775
 72
1
 11
4517.699999999994
 21
9695.325000000008
 31
0.0
100
AcDbText
 73
2
  0
LWPOLYLINE
  5
2F4
330
17
100
AcDbEntity
  8
NESTED_RESULT
100
AcDbPolyline
 90
5
 70
0
 10
4044.5250000000087
 20
9746.375000000007
 10
4990.675000000008
 20
9746.375000000007
 10
4990.675000000008
 20
9847.975000000006
 10
4044.5250000000087
 20
9847.975000000006
 10
4044.5250000000087
 20
9746.375000000007
  0
TEXT
  5
2F5
330
17
100
AcDbEntity
  8
NESTED_RESULT
100
AcDbText
 10
4517.600000000009
 20
9797.175000000007
 30
0.0
 40
30.0
  1
P-0776
 72
1
 11
4517.600000000009
 21
9797.175000000007
 31
0.0
100
AcDbText
 73
2
  0
LWPOLYLINE
  5
2F6
330
17
100
AcDbEntity
  8
NESTED_RESULT
100
AcDbPolyline
 90
5
 70
0
 10
6346.4000000000015
 20
9000.0
 10
6346.4000000000015
 20
9946.149999999998
 10
6244.800000000003
 20
9946.149999999998
 10
6244.800000000003
 20
9000.0
 10
6346.4000000000015
 20
9000.0
  0
TEXT
  5
2F7
330
17
100
AcDbEntity
  8
NESTED_RESULT
100
AcDbText
 10
6295.600000000002
 20
9473.074999999999
 30
0.0
 40
23.51851851851818
  1
P-0777
 72
1
 11
6295.600000000002
 21
9473.074999999999
 31
0.0
100
AcDbText
 73
2
  0
LWPOLYLINE
  5
2F8
330
17
100
AcDbEntity
  8
NESTED_RESULT
100
AcDbPolyline
 90
5
 70
0
 10
6448.0
 20
9000.0
 10
6448.0
 20
9946.150000000001
 10
6346.4000000000015
 20
9946.150000000001
 10
6346.4000000000015
 20
9000.0
 10
6448.0
 20
9000.0
  0
TEXT
  5
2F9
330
17
100
AcDbEntity
  8
NESTED_RESULT
100
AcDbText
 10
6397.200000000001
 20
9473.075
 30
0.0
 40
23.51851851851818
  1
P-0778
 72
1
 11
6397.200000000001
 21
9473.075
 31
0.0
100
AcDbText
 73
2
  0
LWPOLYLINE
  5
2FA
330
17
100
AcDbEntity
  8
NESTED_RESULT
100
AcDbPolyline
 90
5
 70
0
 10
6549.5999999999985
 20
9000.0
 10
6549.5999999999985
 20
9946.150000000001
 10
6448.0
 20
9946.150000000001
 10
6448.0
 20
9000.0
 10
6549.5999999999985
 20
9000.0
  0
TEXT
  5
2FB
330
17
100
AcDbEntity
  8
NESTED_RESULT
100
AcDbText
 10
6498.799999999999
 20
9473.075
 30
0.0
 40
23.51851851851818
  1
P-0779
 72
1
 11
6498.799999999999
 21
9473.075
 31
0.0
100
AcDbText
 73
2
  0
LWPOLYLINE
  5
2FC
330
17
100
AcDbEntity
  8
NESTED_RESULT
100
AcDbPolyline
 90
5
 70
0
 10
5579.774999999994
 20
9644.525000000009
 10
5579.774999999994
 20
9746.125
 10
4990.812499999985
 20
9746.125
 10
4990.812499999985
 20
9644.525000000009
 10
5579.774999999994
 20
9644.525000000009
  0
TEXT
  5
2FD
330
17
100
AcDbEntity
  8
NESTED_RESULT
100
AcDbText
 10
5285.29374999999
 20
9695.325000000004
 30
0.0
 40
30.0
  1
P-1011
 72
1
 11
5285.29374999999
 21
9695.325000000004
 31
0.0
100
AcDbText
 73
2
  0
LWPOLYLINE
  5
2FE
330
17
100
AcDbEntity
  8
NESTED_RESULT
100
AcDbPolyline
 90
5
 70
0
 10
5579.737500000003
 20
9746.125
 10
5579.737500000003
 20
9847.724999999999
 10
4990.774999999994
 20
9847.724999999999
 10
4990.774999999994
 20
9746.125
 10
5579.737500000003
 20
9746.125
  0
TEXT
  5
2FF
330
17
100
AcDbEntity
  8
NESTED_RESULT
100
AcDbText
 10
5285.2562499999985
 20
9796.925
 30
0.0
 40
30.0
  1
P-1012
 72
1
 11
5285.2562499999985
 21
9796.925
 31
0.0
100
AcDbText
 73
2
  0
LWPOLYLINE
  5
300
330
17
100
AcDbEntity
  8
NESTED_RESULT
100
AcDbPolyline
 90
5
 70
0
 10
6244.800000000003
 20
9946.150000000001
 10
6346.4000000000015
 20
9946.150000000001
 10
6346.4000000000015
 20
10535.11250000001
 10
6244.800000000003
 20
10535.11250000001
 10
6244.800000000003
 20
9946.150000000001
  0
TEXT
  5
301
330
17
100
AcDbEntity
  8
NESTED_RESULT
100
AcDbText
 10
6295.600000000002
 20
10240.631250000006
 30
0.0
 40
23.51851851851818
  1
P-1013
 72
1
 11
6295.600000000002
 21
10240.631250000006
 31
0.0
100
AcDbText
 73
2
  0
LWPOLYLINE
  5
302
330
17
100
AcDbEntity
  8
NESTED_RESULT
100
AcDbPolyline
 90
5
 70
0
 10
6346.400000000005
 20
9946.150000000001
 10
6448.000000000004
 20
9946.150000000001
 10
6448.000000000004
 20
10535.11250000001
 10
6346.400000000005
 20
10535.11250000001
 10
6346.400000000005
 20
9946.150000000001
  0
TEXT
  5
303
330
17
100
AcDbEntity
  8
NESTED_RESULT
100
AcDbText
 10
6397.200000000004
 20
10240.631250000006
 30
0.0
 40
23.51851851851818
  1
P-1014
 72
1
 11
6397.200000000004
 21
10240.631250000006
 31
0.0
100
AcDbText
 73
2
  0
LWPOLYLINE
  5
304
330
17
100
AcDbEntity
  8
NESTED_RESULT
100
AcDbPolyline
 90
5
 70
0
 10
6549.600000000006
 20
10535.11250000001
 10
6448.000000000007
 20
10535.11250000001
 10
6448.000000000007
 20
9946.150000000001
 10
6549.600000000006
 20
9946.150000000001
 10
6549.600000000006
 20
10535.11250000001
  0
TEXT
  5
305
330
17
100
AcDbEntity
  8
NESTED_RESULT
100
AcDbText
 10
6498.800000000007
 20
10240.631250000006
 30
0.0
 40
23.51851851851818
  1
P-1015
 72
1
 11
6498.800000000007
 21
10240.631250000006
 31
0.0
100
AcDbText
 73
2
  0
LWPOLYLINE
  5
306
330
17
100
AcDbEntity
  8
NESTED_RESULT
 62
1
100
AcDbPolyline
 90
5
 70
0
 10
6800.0
 20
9000.0
 10
10000.0
 20
9000.0
 10
10000.0
 20
10600.0
 10
6800.0
 20
10600.0
 10
6800.0
 20
9000.0
  0
TEXT
  5
307
330
17
100
AcDbEntity
  8
NESTED_RESULT
 62
1
100
AcDbText
 10
6800.0
 20
10630.0
 30
0.0
 40
50.0
  1
Sheet_33
 11
6800.0
 21
10630.0
 31
0.0
100
AcDbText
 73
1
  0
LWPOLYLINE
  5
308
330
17
100
AcDbEntity
  8
NESTED_RESULT
100
AcDbPolyline
 90
8
 70
0
 10
9644.800000000003
 20
9000.0
 10
6800.0
 20
9000.0
 10
6800.0
 20
9644.524999999994
 10
9000.275000000009
 20
9644.524999999994
 10
9000.275000000009
 20
9909.637499999983
 10
9644.800000000003
 20
9909.637499999983
 10
9644.800000000003
 20
9644.524999999994
 10
9644.800000000003
 20
9000.0
  0
TEXT
  5
309
330
17
100
AcDbEntity
  8
NESTED_RESULT
100
AcDbText
 10
9267.322265625004
 20
9377.37851562499
 30
0.0
 40
80.0
  1
P-0055
 72
1
 11
9267.322265625004
 21
9377.37851562499
 31
0.0
100
AcDbText
 73
2
  0
LWPOLYLINE
  5
30A
330
17
100
AcDbEntity
  8
NESTED_RESULT
100
AcDbPolyline
 90
8
 70
0
 10
6800.0
 20
10554.5
 10
9644.800000000003
 20
10554.5
 10
9644.800000000003
 20
9909.975000000006
 10
7444.524999999994
 20
9909.975000000006
 10
7444.524999999994
 20
9644.862500000017
 10
6800.0
 20
9644.862500000017
 10
6800.0
 20
9909.975000000006
 10
6800.0
 20
10554.5
  0
TEXT
  5
30B
330
17
100
AcDbEntity
  8
NESTED_RESULT
100
AcDbText
 10
7177.477734375
 20
10177.12148437501
 30
0.0
 40
80.0
  1
P-0056
 72
1
 11
7177.477734375
 21
10177.12148437501
 31
0.0
100
AcDbText
 73
2
  0
LWPOLYLINE
  5
30C
330
17
100
AcDbEntity
  8
NESTED_RESULT
100
AcDbPolyline
 90
5
 70
0
 10
7444.625000000011
 20
9644.524999999994
 10
8390.775000000009
 20
9644.524999999994
 10
8390.775000000009
 20
9746.124999999993
 10
7444.625000000011
 20
9746.124999999993
 10
7444.625000000011
 20
9644.524999999994
  0
TEXT
  5
30D
330
17
100
AcDbEntity
  8
NESTED_RESULT
100
AcDbText
 10
7917.70000000001
 20
9695.324999999993
 30
0.0
 40
30.0
  1
P-0780
 72
1
 11
7917.70000000001
 21
9695.324999999993
 31
0.0
100
AcDbText
 73
2
  0
LWPOLYLINE
  5
30E
330
17
100
AcDbEntity
  8
NESTED_RESULT
100
AcDbPolyline
 90
5
 70
0
 10
7444.524999999994
 20
9746.375000000007
 10
8390.674999999992
 20
9746.375000000007
 10
8390.674999999992
 20
9847.975000000006
 10
7444.524999999994
 20
9847.975000000006
 10
7444.524999999994
 20
9746.375000000007
  0
TEXT
  5
30F
330
17
100
AcDbEntity
  8
NESTED_RESULT
100
AcDbText
 10
7917.599999999993
 20
9797.175000000007
 30
0.0
 40
30.0
  1
P-0781
 72
1
 11
7917.599999999993
 21
9797.175000000007
 31
0.0
100
AcDbText
 73
2
  0
LWPOLYLINE
  5
310
330
17
100
AcDbEntity
  8
NESTED_RESULT
100
AcDbPolyline
 90
5
 70
0
 10
9746.400000000001
 20
9000.0
 10
9746.400000000001
 20
9946.149999999994
 10
9644.800000000003
 20
9946.149999999994
 10
9644.800000000003
 20
9000.0
 10
9746.400000000001
 20
9000.0
  0
TEXT
  5
311
330
17
100
AcDbEntity
  8
NESTED_RESULT
100
AcDbText
 10
9695.600000000002
 20
9473.074999999997
 30
0.0
 40
23.51851851851818
  1
P-0782
 72
1
 11
9695.600000000002
 21
9473.074999999997
 31
0.0
100
AcDbText
 73
2
  0
LWPOLYLINE
  5
312
330
17
100
AcDbEntity
  8
NESTED_RESULT
100
AcDbPolyline
 90
5
 70
0
 10
9848.0
 20
9000.0
 10
9848.0
 20
9946.149999999998
 10
9746.400000000001
 20
9946.149999999998
 10
9746.400000000001
 20
9000.0
 10
9848.0
 20
9000.0
  0
TEXT
  5
313
330
17
100
AcDbEntity
  8
NESTED_RESULT
100
AcDbText
 10
9797.2
 20
9473.074999999999
 30
0.0
 40
23.51851851851818
  1
P-0783
 72
1
 11
9797.2
 21
9473.074999999999
 31
0.0
100
AcDbText
 73
2
  0
LWPOLYLINE
  5
314
330
17
100
AcDbEntity
  8
NESTED_RESULT
100
AcDbPolyline
 90
5
 70
0
 10
9949.599999999999
 20
9000.0
 10
9949.599999999999
 20
9946.149999999994
 10
9848.0
 20
9946.149999999994
 10
9848.0
 20
9000.0
 10
9949.599999999999
 20
9000.0
  0
TEXT
  5
315
330
17
100
AcDbEntity
  8
NESTED_RESULT
100
AcDbText
 10
9898.8
 20
9473.074999999997
 30
0.0
 40
23.51851851851818
  1
P-0784
 72
1
 11
9898.8
 21
9473.074999999997
 31
0.0
100
AcDbText
 73
2
  0
LWPOLYLINE
  5
316
330
17
100
AcDbEntity
  8
NESTED_RESULT
100
AcDbPolyline
 90
5
 70
0
 10
8979.775000000009
 20
9644.524999999994
 10
8979.775000000009
 20
9746.124999999985
 10
8390.8125
 20
9746.124999999985
 10
8390.8125
 20
9644.524999999994
 10
8979.775000000009
 20
9644.524999999994
  0
TEXT
  5
317
330
17
100
AcDbEntity
  8
NESTED_RESULT
100
AcDbText
 10
8685.293750000004
 20
9695.32499999999
 30
0.0
 40
30.0
  1
P-1016
 72
1
 11
8685.293750000004
 21
9695.32499999999
 31
0.0
100
AcDbText
 73
2
  0
LWPOLYLINE
  5
318
330
17
100
AcDbEntity
  8
NESTED_RESULT
100
AcDbPolyline
 90
5
 70
0
 10
8979.737500000017
 20
9746.124999999985
 10
8979.737500000017
 20
9847.724999999991
 10
8390.775000000009
 20
9847.724999999991
 10
8390.775000000009
 20
9746.124999999985
 10
8979.737500000017
 20
9746.124999999985
  0
TEXT
  5
319
330
17
100
AcDbEntity
  8
NESTED_RESULT
100
AcDbText
 10
8685.256250000013
 20
9796.924999999988
 30
0.0
 40
30.0
  1
P-1017
 72
1
 11
8685.256250000013
 21
9796.924999999988
 31
0.0
100
AcDbText
 73
2
  0
LWPOLYLINE
  5
31A
330
17
100
AcDbEntity
  8
NESTED_RESULT
100
AcDbPolyline
 90
5
 70
0
 10
9644.800000000003
 20
9946.149999999994
 10
9746.400000000001
 20
9946.149999999994
 10
9746.400000000001
 20
10535.112500000003
 10
9644.800000000003
 20
10535.112500000003
 10
9644.800000000003
 20
9946.149999999994
  0
TEXT
  5
31B
330
17
100
AcDbEntity
  8
NESTED_RESULT
100
AcDbText
 10
9695.600000000002
 20
10240.631249999999
 30
0.0
 40
23.51851851851818
  1
P-1018
 72
1
 11
9695.600000000002
 21
10240.631249999999
 31
0.0
100
AcDbText
 73
2
  0
LWPOLYLINE
  5
31C
330
17
100
AcDbEntity
  8
NESTED_RESULT
100
AcDbPolyline
 90
5
 70
0
 10
9848.0
 20
9946.149999999994
 10
9949.599999999999
 20
9946.149999999994
 10
9949.599999999999
 20
10535.112500000003
 10
9848.0
 20
10535.112500000003
 10
9848.0
 20
9946.149999999994
  0
TEXT
  5
31D
330
17
100
AcDbEntity
  8
NESTED_RESULT
100
AcDbText
 10
9898.8
 20
10240.631249999999
 30
0.0
 40
23.51851851851818
  1
P-1019
 72
1
 11
9898.8
 21
10240.631249999999
 31
0.0
100
AcDbText
 73
2
  0
LWPOLYLINE
  5
31E
330
17
100
AcDbEntity
  8
NESTED_RESULT
100
AcDbPolyline
 90
5
 70
0
 10
9746.400000000001
 20
9946.149999999998
 10
9848.0
 20
9946.149999999998
 10
9848.0
 20
10535.1125
 10
9746.400000000001
 20
10535.1125
 10
9746.400000000001
 20
9946.149999999998
  0
TEXT
  5
31F
330
17
100
AcDbEntity
  8
NESTED_RESULT
100
AcDbText
 10
9797.2
 20
10240.631249999999
 30
0.0
 40
23.51851851851818
  1
P-1043
 72
1
 11
9797.2
 21
10240.631249999999
 31
0.0
100
AcDbText
 73
2
  0
LWPOLYLINE
  5
320
330
17
100
AcDbEntity
  8
NESTED_RESULT
 62
1
100
AcDbPolyline
 90
5
 70
0
 10
10200.0
 20
9000.0
 10
13400.0
 20
9000.0
 10
13400.0
 20
10600.0
 10
10200.0
 20
10600.0
 10
10200.0
 20
9000.0
  0
TEXT
  5
321
330
17
100
AcDbEntity
  8
NESTED_RESULT
 62
1
100
AcDbText
 10
10200.0
 20
10630.0
 30
0.0
 40
50.0
  1
Sheet_34
 11
10200.0
 21
10630.0
 31
0.0
100
AcDbText
 73
1
  0
LWPOLYLINE
  5
322
330
17
100
AcDbEntity
  8
NESTED_RESULT
100
AcDbPolyline
 90
8
 70
0
 10
13044.800000000003
 20
9000.0
 10
10200.0
 20
9000.0
 10
10200.0
 20
9644.525000000009
 10
12400.275000000009
 20
9644.525000000009
 10
12400.275000000009
 20
9909.637499999997
 10
13044.800000000003
 20
9909.637499999997
 10
13044.800000000003
 20
9644.525000000009
 10
13044.800000000003
 20
9000.0
  0
TEXT
  5
323
330
17
100
AcDbEntity
  8
NESTED_RESULT
100
AcDbText
 10
12667.322265625004
 20
9377.378515624998
 30
0.0
 40
80.0
  1
P-0057
 72
1
 11
12667.322265625004
 21
9377.378515624998
 31
0.0
100
AcDbText
 73
2
  0
LWPOLYLINE
  5
324
330
17
100
AcDbEntity
  8
NESTED_RESULT
100
AcDbPolyline
 90
8
 70
0
 10
10200.0
 20
10554.5
 10
13044.800000000003
 20
10554.5
 10
13044.800000000003
 20
9909.975000000006
 10
10844.52499999998
 20
9909.975000000006
 10
10844.52499999998
 20
9644.862500000017
 10
10200.0
 20
9644.862500000017
 10
10200.0
 20
9909.975000000006
 10
10200.0
 20
10554.5
  0
TEXT
  5
325
330
17
100
AcDbEntity
  8
NESTED_RESULT
100
AcDbText
 10
10577.477734375001
 20
10177.12148437501
 30
0.0
 40
80.0
  1
P-0063
 72
1
 11
10577.477734375001
 21
10177.12148437501
 31
0.0
100
AcDbText
 73
2
  0
LWPOLYLINE
  5
326
330
17
100
AcDbEntity
  8
NESTED_RESULT
100
AcDbPolyline
 90
5
 70
0
 10
11790.775000000009
 20
9746.125000000007
 10
10844.625000000015
 20
9746.125000000007
 10
10844.625000000015
 20
9644.525000000009
 10
11790.775000000009
 20
9644.525000000009
 10
11790.775000000009
 20
9746.125000000007
  0
TEXT
  5
327
330
17
100
AcDbEntity
  8
NESTED_RESULT
100
AcDbText
 10
11317.700000000012
 20
9695.325000000008
 30
0.0
 40
30.0
  1
P-0785
 72
1
 11
11317.700000000012
 21
9695.325000000008
 31
0.0
100
AcDbText
 73
2
  0
LWPOLYLINE
  5
328
330
17
100
AcDbEntity
  8
NESTED_RESULT
100
AcDbPolyline
 90
5
 70
0
 10
10844.52499999998
 20
9746.375000000007
 10
11790.674999999977
 20
9746.375000000007
 10
11790.674999999977
 20
9847.975000000006
 10
10844.52499999998
 20
9847.975000000006
 10
10844.52499999998
 20
9746.375000000007
  0
TEXT
  5
329
330
17
100
AcDbEntity
  8
NESTED_RESULT
100
AcDbText
 10
11317.599999999979
 20
9797.175000000007
 30
0.0
 40
30.0
  1
P-0786
 72
1
 11
11317.599999999979
 21
9797.175000000007
 31
0.0
100
AcDbText
 73
2
  0
LWPOLYLINE
  5
32A
330
17
100
AcDbEntity
  8
NESTED_RESULT
100
AcDbPolyline
 90
5
 70
0
 10
13146.400000000001
 20
9000.0
 10
13146.400000000001
 20
9946.149999999994
 10
13044.800000000003
 20
9946.149999999994
 10
13044.800000000003
 20
9000.0
 10
13146.400000000001
 20
9000.0
  0
TEXT
  5
32B
330
17
100
AcDbEntity
  8
NESTED_RESULT
100
AcDbText
 10
13095.600000000002
 20
9473.074999999997
 30
0.0
 40
23.51851851851818
  1
P-0787
 72
1
 11
13095.600000000002
 21
9473.074999999997
 31
0.0
100
AcDbText
 73
2
  0
LWPOLYLINE
  5
32C
330
17
100
AcDbEntity
  8
NESTED_RESULT
100
AcDbPolyline
 90
5
 70
0
 10
13248.0
 20
9000.0
 10
13248.0
 20
9946.149999999987
 10
13146.400000000001
 20
9946.149999999987
 10
13146.400000000001
 20
9000.0
 10
13248.0
 20
9000.0
  0
TEXT
  5
32D
330
17
100
AcDbEntity
  8
NESTED_RESULT
100
AcDbText
 10
13197.2
 20
9473.074999999993
 30
0.0
 40
23.51851851851818
  1
P-0788
 72
1
 11
13197.2
 21
9473.074999999993
 31
0.0
100
AcDbText
 73
2
  0
LWPOLYLINE
  5
32E
330
17
100
AcDbEntity
  8
NESTED_RESULT
100
AcDbPolyline
 90
5
 70
0
 10
13349.599999999999
 20
9000.0
 10
13349.599999999999
 20
9869.950000000004
 10
13248.0
 20
9869.950000000004
 10
13248.0
 20
9000.0
 10
13349.599999999999
 20
9000.0
  0
TEXT
  5
32F
330
17
100
AcDbEntity
  8
NESTED_RESULT
100
AcDbText
 10
13298.8
 20
9434.975000000002
 30
0.0
 40
23.51851851851818
  1
P-0802
 72
1
 11
13298.8
 21
9434.975000000002
 31
0.0
100
AcDbText
 73
2
  0
LWPOLYLINE
  5
330
330
17
100
AcDbEntity
  8
NESTED_RESULT
100
AcDbPolyline
 90
5
 70
0
 10
12379.775000000009
 20
9644.525000000009
 10
12379.775000000009
 20
9746.125
 10
11790.8125
 20
9746.125
 10
11790.8125
 20
9644.525000000009
 10
12379.775000000009
 20
9644.525000000009
  0
TEXT
  5
331
330
17
100
AcDbEntity
  8
NESTED_RESULT
100
AcDbText
 10
12085.293750000004
 20
9695.325000000004
 30
0.0
 40
30.0
  1
P-1020
 72
1
 11
12085.293750000004
 21
9695.325000000004
 31
0.0
100
AcDbText
 73
2
  0
LWPOLYLINE
  5
332
330
17
100
AcDbEntity
  8
NESTED_RESULT
100
AcDbPolyline
 90
5
 70
0
 10
12379.737500000017
 20
9746.125
 10
12379.737500000017
 20
9847.724999999991
 10
11790.775000000009
 20
9847.724999999991
 10
11790.775000000009
 20
9746.125
 10
12379.737500000017
 20
9746.125
  0
TEXT
  5
333
330
17
100
AcDbEntity
  8
NESTED_RESULT
100
AcDbText
 10
12085.256250000013
 20
9796.924999999996
 30
0.0
 40
30.0
  1
P-1021
 72
1
 11
12085.256250000013
 21
9796.924999999996
 31
0.0
100
AcDbText
 73
2
  0
LWPOLYLINE
  5
334
330
17
100
AcDbEntity
  8
NESTED_RESULT
100
AcDbPolyline
 90
5
 70
0
 10
13349.599999999999
 20
10458.91250000002
 10
13248.0
 20
10458.91250000002
 10
13248.0
 20
9869.950000000012
 10
13349.599999999999
 20
9869.950000000012
 10
13349.599999999999
 20
10458.91250000002
  0
TEXT
  5
335
330
17
100
AcDbEntity
  8
NESTED_RESULT
100
AcDbText
 10
13298.8
 20
10164.431250000016
 30
0.0
 40
23.51851851851818
  1
P-1022
 72
1
 11
13298.8
 21
10164.431250000016
 31
0.0
100
AcDbText
 73
2
  0
LWPOLYLINE
  5
336
330
17
100
AcDbEntity
  8
NESTED_RESULT
100
AcDbPolyline
 90
5
 70
0
 10
13146.400000000001
 20
10535.112500000003
 10
13044.800000000003
 20
10535.112500000003
 10
13044.800000000003
 20
9946.149999999994
 10
13146.400000000001
 20
9946.149999999994
 10
13146.400000000001
 20
10535.112500000003
  0
TEXT
  5
337
330
17
100
AcDbEntity
  8
NESTED_RESULT
100
AcDbText
 10
13095.600000000002
 20
10240.631249999999
 30
0.0
 40
23.51851851851818
  1
P-1023
 72
1
 11
13095.600000000002
 21
10240.631249999999
 31
0.0
100
AcDbText
 73
2
  0
LWPOLYLINE
  5
338
330
17
100
AcDbEntity
  8
NESTED_RESULT
100
AcDbPolyline
 90
5
 70
0
 10
13248.0
 20
10535.112500000003
 10
13146.400000000001
 20
10535.112500000003
 10
13146.400000000001
 20
9946.149999999994
 10
13248.0
 20
9946.149999999994
 10
13248.0
 20
10535.112500000003
  0
TEXT
  5
339
330
17
100
AcDbEntity
  8
NESTED_RESULT
100
AcDbText
 10
13197.2
 20
10240.631249999999
 30
0.0
 40
23.51851851851818
  1
P-1024
 72
1
 11
13197.2
 21
10240.631249999999
 31
0.0
100
AcDbText
 73
2
  0
LWPOLYLINE
  5
33A
330
17
100
AcDbEntity
  8
NESTED_RESULT
 62
1
100
AcDbPolyline
 90
5
 70
0
 10
13600.0
 20
9000.0
 10
16800.0
 20
9000.0
 10
16800.0
 20
10600.0
 10
13600.0
 20
10600.0
 10
13600.0
 20
9000.0
  0
TEXT
  5
33B
330
17
100
AcDbEntity
  8
NESTED_RESULT
 62
1
100
AcDbText
 10
13600.0
 20
10630.0
 30
0.0
 40
50.0
  1
Sheet_35
 11
13600.0
 21
10630.0
 31
0.0
100
AcDbText
 73
1
  0
LWPOLYLINE
  5
33C
330
17
100
AcDbEntity
  8
NESTED_RESULT
100
AcDbPolyline
 90
8
 70
0
 10
16444.800000000003
 20
9000.0
 10
13600.0
 20
9000.0
 10
13600.0
 20
9644.524999999994
 10
15800.274999999994
 20
9644.524999999994
 10
15800.274999999994
 20
9909.637499999997
 10
16444.800000000003
 20
9909.637499999997
 10
16444.800000000003
 20
9644.524999999994
 10
16444.800000000003
 20
9000.0
  0
TEXT
  5
33D
330
17
100
AcDbEntity
  8
NESTED_RESULT
100
AcDbText
 10
16067.322265625004
 20
9377.378515624998
 30
0.0
 40
80.0
  1
P-0066
 72
1
 11
16067.322265625004
 21
9377.378515624998
 31
0.0
100
AcDbText
 73
2
  0
LWPOLYLINE
  5
33E
330
17
100
AcDbEntity
  8
NESTED_RESULT
100
AcDbPolyline
 90
8
 70
0
 10
13600.0
 20
10554.5
 10
16444.800000000003
 20
10554.5
 10
16444.800000000003
 20
9909.975000000006
 10
14244.525000000009
 20
9909.975000000006
 10
14244.525000000009
 20
9644.862500000003
 10
13600.0
 20
9644.862500000003
 10
13600.0
 20
9909.975000000006
 10
13600.0
 20
10554.5
  0
TEXT
  5
33F
330
17
100
AcDbEntity
  8
NESTED_RESULT
100
AcDbText
 10
13977.477734375001
 20
10177.121484375002
 30
0.0
 40
80.0
  1
P-0067
 72
1
 11
13977.477734375001
 21
10177.121484375002
 31
0.0
100
AcDbText
 73
2
  0
LWPOLYLINE
  5
340
330
17
100
AcDbEntity
  8
NESTED_RESULT
100
AcDbPolyline
 90
5
 70
0
 10
14244.824999999993
 20
9644.524999999994
 10
15114.774999999994
 20
9644.524999999994
 10
15114.774999999994
 20
9746.124999999993
 10
14244.824999999993
 20
9746.124999999993
 10
14244.824999999993
 20
9644.524999999994
  0
TEXT
  5
341
330
17
100
AcDbEntity
  8
NESTED_RESULT
100
AcDbText
 10
14679.799999999994
 20
9695.324999999993
 30
0.0
 40
30.0
  1
P-0803
 72
1
 11
14679.799999999994
 21
9695.324999999993
 31
0.0
100
AcDbText
 73
2
  0
LWPOLYLINE
  5
342
330
17
100
AcDbEntity
  8
NESTED_RESULT
100
AcDbPolyline
 90
5
 70
0
 10
16546.4
 20
9000.0
 10
16546.4
 20
9869.949999999997
 10
16444.800000000003
 20
9869.949999999997
 10
16444.800000000003
 20
9000.0
 10
16546.4
 20
9000.0
  0
TEXT
  5
343
330
17
100
AcDbEntity
  8
NESTED_RESULT
100
AcDbText
 10
16495.600000000002
 20
9434.974999999999
 30
0.0
 40
23.51851851851818
  1
P-0804
 72
1
 11
16495.600000000002
 21
9434.974999999999
 31
0.0
100
AcDbText
 73
2
  0
LWPOLYLINE
  5
344
330
17
100
AcDbEntity
  8
NESTED_RESULT
100
AcDbPolyline
 90
5
 70
0
 10
16648.0
 20
9000.0
 10
16648.0
 20
9869.949999999997
 10
16546.4
 20
9869.949999999997
 10
16546.4
 20
9000.0
 10
16648.0
 20
9000.0
  0
TEXT
  5
345
330
17
100
AcDbEntity
  8
NESTED_RESULT
100
AcDbText
 10
16597.2
 20
9434.974999999999
 30
0.0
 40
23.51851851851818
  1
P-0805
 72
1
 11
16597.2
 21
9434.974999999999
 31
0.0
100
AcDbText
 73
2
  0
LWPOLYLINE
  5
346
330
17
100
AcDbEntity
  8
NESTED_RESULT
100
AcDbPolyline
 90
5
 70
0
 10
16749.6
 20
9000.0
 10
16749.6
 20
9869.949999999997
 10
16648.0
 20
9869.949999999997
 10
16648.0
 20
9000.0
 10
16749.6
 20
9000.0
  0
TEXT
  5
347
330
17
100
AcDbEntity
  8
NESTED_RESULT
100
AcDbText
 10
16698.8
 20
9434.974999999999
 30
0.0
 40
23.51851851851818
  1
P-0806
 72
1
 11
16698.8
 21
9434.974999999999
 31
0.0
100
AcDbText
 73
2
  0
LWPOLYLINE
  5
348
330
17
100
AcDbEntity
  8
NESTED_RESULT
100
AcDbPolyline
 90
5
 70
0
 10
14244.525000000009
 20
9746.375000000007
 10
15114.475000000006
 20
9746.375000000007
 10
15114.475000000006
 20
9847.975000000006
 10
14244.525000000009
 20
9847.975000000006
 10
14244.525000000009
 20
9746.375000000007
  0
TEXT
  5
349
330
17
100
AcDbEntity
  8
NESTED_RESULT
100
AcDbText
 10
14679.500000000007
 20
9797.175000000007
 30
0.0
 40
30.0
  1
P-0807
 72
1
 11
14679.500000000007
 21
9797.175000000007
 31
0.0
100
AcDbText
 73
2
  0
LWPOLYLINE
  5
34A
330
17
100
AcDbEntity
  8
NESTED_RESULT
100
AcDbPolyline
 90
5
 70
0
 10
15703.774999999994
 20
9644.524999999994
 10
15703.774999999994
 20
9746.124999999985
 10
15114.812499999985
 20
9746.124999999985
 10
15114.812499999985
 20
9644.524999999994
 10
15703.774999999994
 20
9644.524999999994
  0
TEXT
  5
34B
330
17
100
AcDbEntity
  8
NESTED_RESULT
100
AcDbText
 10
15409.29374999999
 20
9695.32499999999
 30
0.0
 40
30.0
  1
P-1025
 72
1
 11
15409.29374999999
 21
9695.32499999999
 31
0.0
100
AcDbText
 73
2
  0
LWPOLYLINE
  5
34C
330
17
100
AcDbEntity
  8
NESTED_RESULT
100
AcDbPolyline
 90
5
 70
0
 10
15703.737500000003
 20
9746.124999999985
 10
15703.737500000003
 20
9847.724999999977
 10
15114.774999999994
 20
9847.724999999977
 10
15114.774999999994
 20
9746.124999999985
 10
15703.737500000003
 20
9746.124999999985
  0
TEXT
  5
34D
330
17
100
AcDbEntity
  8
NESTED_RESULT
100
AcDbText
 10
15409.256249999999
 20
9796.924999999981
 30
0.0
 40
30.0
  1
P-1026
 72
1
 11
15409.256249999999
 21
9796.924999999981
 31
0.0
100
AcDbText
 73
2
  0
LWPOLYLINE
  5
34E
330
17
100
AcDbEntity
  8
NESTED_RESULT
100
AcDbPolyline
 90
5
 70
0
 10
16444.800000000003
 20
9869.949999999997
 10
16546.4
 20
9869.949999999997
 10
16546.4
 20
10458.912500000006
 10
16444.800000000003
 20
10458.912500000006
 10
16444.800000000003
 20
9869.949999999997
  0
TEXT
  5
34F
330
17
100
AcDbEntity
  8
NESTED_RESULT
100
AcDbText
 10
16495.600000000002
 20
10164.431250000001
 30
0.0
 40
23.51851851851818
  1
P-1027
 72
1
 11
16495.600000000002
 21
10164.431250000001
 31
0.0
100
AcDbText
 73
2
  0
LWPOLYLINE
  5
350
330
17
100
AcDbEntity
  8
NESTED_RESULT
100
AcDbPolyline
 90
5
 70
0
 10
16546.4
 20
9869.949999999997
 10
16648.0
 20
9869.949999999997
 10
16648.0
 20
10458.912500000006
 10
16546.4
 20
10458.912500000006
 10
16546.4
 20
9869.949999999997
  0
TEXT
  5
351
330
17
100
AcDbEntity
  8
NESTED_RESULT
100
AcDbText
 10
16597.2
 20
10164.431250000001
 30
0.0
 40
23.51851851851818
  1
P-1028
 72
1
 11
16597.2
 21
10164.431250000001
 31
0.0
100
AcDbText
 73
2
  0
LWPOLYLINE
  5
352
330
17
100
AcDbEntity
  8
NESTED_RESULT
100
AcDbPolyline
 90
5
 70
0
 10
16648.0
 20
9869.949999999997
 10
16749.6
 20
9869.949999999997
 10
16749.6
 20
10458.912500000006
 10
16648.0
 20
10458.912500000006
 10
16648.0
 20
9869.949999999997
  0
TEXT
  5
353
330
17
100
AcDbEntity
  8
NESTED_RESULT
100
AcDbText
 10
16698.8
 20
10164.431250000001
 30
0.0
 40
23.51851851851818
  1
P-1029
 72
1
 11
16698.8
 21
10164.431250000001
 31
0.0
100
AcDbText
 73
2
  0
LWPOLYLINE
  5
354
330
17
100
AcDbEntity
  8
NESTED_RESULT
 62
1
100
AcDbPolyline
 90
5
 70
0
 10
17000.0
 20
9000.0
 10
20200.0
 20
9000.0
 10
20200.0
 20
10600.0
 10
17000.0
 20
10600.0
 10
17000.0
 20
9000.0
  0
TEXT
  5
355
330
17
100
AcDbEntity
  8
NESTED_RESULT
 62
1
100
AcDbText
 10
17000.0
 20
10630.0
 30
0.0
 40
50.0
  1
Sheet_36
 11
17000.0
 21
10630.0
 31
0.0
100
AcDbText
 73
1
  0
LWPOLYLINE
  5
356
330
17
100
AcDbEntity
  8
NESTED_RESULT
100
AcDbPolyline
 90
8
 70
0
 10
19844.800000000003
 20
9000.0
 10
17000.0
 20
9000.0
 10
17000.0
 20
9644.524999999994
 10
19200.27500000001
 20
9644.524999999994
 10
19200.27500000001
 20
9909.637499999983
 10
19844.800000000003
 20
9909.637499999983
 10
19844.800000000003
 20
9644.524999999994
 10
19844.800000000003
 20
9000.0
  0
TEXT
  5
357
330
17
100
AcDbEntity
  8
NESTED_RESULT
100
AcDbText
 10
19467.322265625004
 20
9377.37851562499
 30
0.0
 40
80.0
  1
P-0069
 72
1
 11
19467.322265625004
 21
9377.37851562499
 31
0.0
100
AcDbText
 73
2
  0
LWPOLYLINE
  5
358
330
17
100
AcDbEntity
  8
NESTED_RESULT
100
AcDbPolyline
 90
8
 70
0
 10
17000.0
 20
10554.5
 10
19844.800000000003
 20
10554.5
 10
19844.800000000003
 20
9909.975000000006
 10
17644.524999999994
 20
9909.975000000006
 10
17644.524999999994
 20
9644.862500000017
 10
17000.0
 20
9644.862500000017
 10
17000.0
 20
9909.975000000006
 10
17000.0
 20
10554.5
  0
TEXT
  5
359
330
17
100
AcDbEntity
  8
NESTED_RESULT
100
AcDbText
 10
17377.477734375
 20
10177.12148437501
 30
0.0
 40
80.0
  1
P-0070
 72
1
 11
17377.477734375
 21
10177.12148437501
 31
0.0
100
AcDbText
 73
2
  0
LWPOLYLINE
  5
35A
330
17
100
AcDbEntity
  8
NESTED_RESULT
100
AcDbPolyline
 90
5
 70
0
 10
17644.82500000001
 20
9644.524999999994
 10
18514.77500000001
 20
9644.524999999994
 10
18514.77500000001
 20
9746.124999999993
 10
17644.82500000001
 20
9746.124999999993
 10
17644.82500000001
 20
9644.524999999994
  0
TEXT
  5
35B
330
17
100
AcDbEntity
  8
NESTED_RESULT
100
AcDbText
 10
18079.80000000001
 20
9695.324999999993
 30
0.0
 40
30.0
  1
P-0808
 72
1
 11
18079.80000000001
 21
9695.324999999993
 31
0.0
100
AcDbText
 73
2
  0
LWPOLYLINE
  5
35C
330
17
100
AcDbEntity
  8
NESTED_RESULT
100
AcDbPolyline
 90
5
 70
0
 10
19946.4
 20
9000.0
 10
19946.4
 20
9869.949999999997
 10
19844.800000000003
 20
9869.949999999997
 10
19844.800000000003
 20
9000.0
 10
19946.4
 20
9000.0
  0
TEXT
  5
35D
330
17
100
AcDbEntity
  8
NESTED_RESULT
100
AcDbText
 10
19895.600000000002
 20
9434.974999999999
 30
0.0
 40
23.51851851851818
  1
P-0809
 72
1
 11
19895.600000000002
 21
9434.974999999999
 31
0.0
100
AcDbText
 73
2
  0
LWPOLYLINE
  5
35E
330
17
100
AcDbEntity
  8
NESTED_RESULT
100
AcDbPolyline
 90
5
 70
0
 10
20048.0
 20
9000.0
 10
20048.0
 20
9869.949999999997
 10
19946.4
 20
9869.949999999997
 10
19946.4
 20
9000.0
 10
20048.0
 20
9000.0
  0
TEXT
  5
35F
330
17
100
AcDbEntity
  8
NESTED_RESULT
100
AcDbText
 10
19997.2
 20
9434.974999999999
 30
0.0
 40
23.51851851851818
  1
P-0810
 72
1
 11
19997.2
 21
9434.974999999999
 31
0.0
100
AcDbText
 73
2
  0
LWPOLYLINE
  5
360
330
17
100
AcDbEntity
  8
NESTED_RESULT
100
AcDbPolyline
 90
5
 70
0
 10
20048.0
 20
9869.949999999983
 10
20048.0
 20
9000.0
 10
20149.6
 20
9000.0
 10
20149.6
 20
9869.949999999983
 10
20048.0
 20
9869.949999999983
  0
TEXT
  5
361
330
17
100
AcDbEntity
  8
NESTED_RESULT
100
AcDbText
 10
20098.8
 20
9434.974999999991
 30
0.0
 40
23.51851851851818
  1
P-0811
 72
1
 11
20098.8
 21
9434.974999999991
 31
0.0
100
AcDbText
 73
2
  0
LWPOLYLINE
  5
362
330
17
100
AcDbEntity
  8
NESTED_RESULT
100
AcDbPolyline
 90
5
 70
0
 10
17644.524999999998
 20
9746.375000000007
 10
18514.474999999988
 20
9746.375000000007
 10
18514.474999999988
 20
9847.975000000006
 10
17644.524999999998
 20
9847.975000000006
 10
17644.524999999998
 20
9746.375000000007
  0
TEXT
  5
363
330
17
100
AcDbEntity
  8
NESTED_RESULT
100
AcDbText
 10
18079.499999999993
 20
9797.175000000007
 30
0.0
 40
30.0
  1
P-0812
 72
1
 11
18079.499999999993
 21
9797.175000000007
 31
0.0
100
AcDbText
 73
2
  0
LWPOLYLINE
  5
364
330
17
100
AcDbEntity
  8
NESTED_RESULT
100
AcDbPolyline
 90
5
 70
0
 10
19103.77500000001
 20
9644.524999999994
 10
19103.77500000001
 20
9746.124999999993
 10
18514.812500000007
 20
9746.124999999993
 10
18514.812500000007
 20
9644.524999999994
 10
19103.77500000001
 20
9644.524999999994
  0
TEXT
  5
365
330
17
100
AcDbEntity
  8
NESTED_RESULT
100
AcDbText
 10
18809.293750000008
 20
9695.324999999993
 30
0.0
 40
30.0
  1
P-1044
 72
1
 11
18809.293750000008
 21
9695.324999999993
 31
0.0
100
AcDbText
 73
2
  0
LWPOLYLINE
  5
366
330
17
100
AcDbEntity
  8
NESTED_RESULT
100
AcDbPolyline
 90
5
 70
0
 10
19103.43749999999
 20
9746.124999999993
 10
19103.43749999999
 20
9847.724999999991
 10
18514.474999999988
 20
9847.724999999991
 10
18514.474999999988
 20
9746.124999999993
 10
19103.43749999999
 20
9746.124999999993
  0
TEXT
  5
367
330
17
100
AcDbEntity
  8
NESTED_RESULT
100
AcDbText
 10
18808.95624999999
 20
9796.924999999992
 30
0.0
 40
30.0
  1
P-1045
 72
1
 11
18808.95624999999
 21
9796.924999999992
 31
0.0
100
AcDbText
 73
2
  0
LWPOLYLINE
  5
368
330
17
100
AcDbEntity
  8
NESTED_RESULT
100
AcDbPolyline
 90
5
 70
0
 10
20048.0
 20
9869.949999999983
 10
20149.6
 20
9869.949999999983
 10
20149.6
 20
10458.912499999984
 10
20048.0
 20
10458.912499999984
 10
20048.0
 20
9869.949999999983
  0
TEXT
  5
369
330
17
100
AcDbEntity
  8
NESTED_RESULT
100
AcDbText
 10
20098.8
 20
10164.431249999983
 30
0.0
 40
23.51851851851818
  1
P-1046
 72
1
 11
20098.8
 21
10164.431249999983
 31
0.0
100
AcDbText
 73
2
  0
LWPOLYLINE
  5
36A
330
17
100
AcDbEntity
  8
NESTED_RESULT
100
AcDbPolyline
 90
5
 70
0
 10
19844.800000000003
 20
9869.949999999997
 10
19946.4
 20
9869.949999999997
 10
19946.4
 20
10458.912499999999
 10
19844.800000000003
 20
10458.912499999999
 10
19844.800000000003
 20
9869.949999999997
  0
TEXT
  5
36B
330
17
100
AcDbEntity
  8
NESTED_RESULT
100
AcDbText
 10
19895.600000000002
 20
10164.431249999998
 30
0.0
 40
23.51851851851818
  1
P-1047
 72
1
 11
19895.600000000002
 21
10164.431249999998
 31
0.0
100
AcDbText
 73
2
  0
LWPOLYLINE
  5
36C
330
17
100
AcDbEntity
  8
NESTED_RESULT
100
AcDbPolyline
 90
5
 70
0
 10
19946.4
 20
9869.949999999997
 10
20048.0
 20
9869.949999999997
 10
20048.0
 20
10458.912499999999
 10
19946.4
 20
10458.912499999999
 10
19946.4
 20
9869.949999999997
  0
TEXT
  5
36D
330
17
100
AcDbEntity
  8
NESTED_RESULT
100
AcDbText
 10
19997.2
 20
10164.431249999998
 30
0.0
 40
23.51851851851818
  1
P-1048
 72
1
 11
19997.2
 21
10164.431249999998
 31
0.0
100
AcDbText
 73
2
  0
LWPOLYLINE
  5
36E
330
17
100
AcDbEntity
  8
NESTED_RESULT
 62
1
100
AcDbPolyline
 90
5
 70
0
 10
0.0
 20
10800.0
 10
3200.0
 20
10800.0
 10
3200.0
 20
12400.0
 10
0.0
 20
12400.0
 10
0.0
 20
10800.0
  0
TEXT
  5
36F
330
17
100
AcDbEntity
  8
NESTED_RESULT
 62
1
100
AcDbText
 10
0.0
 20
12430.0
 30
0.0
 40
50.0
  1
Sheet_37
 11
0.0
 21
12430.0
 31
0.0
100
AcDbText
 73
1
  0
LWPOLYLINE
  5
370
330
17
100
AcDbEntity
  8
NESTED_RESULT
100
AcDbPolyline
 90
8
 70
0
 10
2844.800000000003
 20
10800.0
 10
0.0
 20
10800.0
 10
0.0
 20
11444.524999999994
 10
2200.275000000096
 20
11444.524999999994
 10
2200.275000000096
 20
11709.637499999997
 10
2844.800000000003
 20
11709.637499999997
 10
2844.800000000003
 20
11444.524999999994
 10
2844.800000000003
 20
10800.0
  0
TEXT
  5
371
330
17
100
AcDbEntity
  8
NESTED_RESULT
100
AcDbText
 10
2467.3222656250027
 20
11177.378515624998
 30
0.0
 40
80.0
  1
P-0076
 72
1
 11
2467.3222656250027
 21
11177.378515624998
 31
0.0
100
AcDbText
 73
2
  0
LWPOLYLINE
  5
372
330
17
100
AcDbEntity
  8
NESTED_RESULT
100
AcDbPolyline
 90
8
 70
0
 10
0.0
 20
12354.5
 10
2844.800000000003
 20
12354.5
 10
2844.800000000003
 20
11709.975000000006
 10
644.5250000000087
 20
11709.975000000006
 10
644.5250000000087
 20
11444.862500000017
 10
0.0
 20
11444.862500000017
 10
0.0
 20
11709.975000000006
 10
0.0
 20
12354.5
  0
TEXT
  5
373
330
17
100
AcDbEntity
  8
NESTED_RESULT
100
AcDbText
 10
377.4777343750004
 20
11977.12148437501
 30
0.0
 40
80.0
  1
P-0071
 72
1
 11
377.4777343750004
 21
11977.12148437501
 31
0.0
100
AcDbText
 73
2
  0
LWPOLYLINE
  5
374
330
17
100
AcDbEntity
  8
NESTED_RESULT
100
AcDbPolyline
 90
5
 70
0
 10
644.8250000001062
 20
11444.524999999994
 10
1514.775000000096
 20
11444.524999999994
 10
1514.775000000096
 20
11546.124999999993
 10
644.8250000001062
 20
11546.124999999993
 10
644.8250000001062
 20
11444.524999999994
  0
TEXT
  5
375
330
17
100
AcDbEntity
  8
NESTED_RESULT
100
AcDbText
 10
1079.8000000001011
 20
11495.324999999993
 30
0.0
 40
30.0
  1
P-0813
 72
1
 11
1079.8000000001011
 21
11495.324999999993
 31
0.0
100
AcDbText
 73
2
  0
LWPOLYLINE
  5
376
330
17
100
AcDbEntity
  8
NESTED_RESULT
100
AcDbPolyline
 90
5
 70
0
 10
2844.800000000003
 20
11669.94999999999
 10
2844.800000000003
 20
10800.0
 10
2946.4000000000015
 20
10800.0
 10
2946.4000000000015
 20
11669.94999999999
 10
2844.800000000003
 20
11669.94999999999
  0
TEXT
  5
377
330
17
100
AcDbEntity
  8
NESTED_RESULT
100
AcDbText
 10
2895.600000000002
 20
11234.974999999995
 30
0.0
 40
23.51851851851818
  1
P-0814
 72
1
 11
2895.600000000002
 21
11234.974999999995
 31
0.0
100
AcDbText
 73
2
  0
LWPOLYLINE
  5
378
330
17
100
AcDbEntity
  8
NESTED_RESULT
100
AcDbPolyline
 90
5
 70
0
 10
3048.0
 20
10800.0
 10
3048.0
 20
11669.949999999983
 10
2946.4000000000015
 20
11669.949999999983
 10
2946.4000000000015
 20
10800.0
 10
3048.0
 20
10800.0
  0
TEXT
  5
379
330
17
100
AcDbEntity
  8
NESTED_RESULT
100
AcDbText
 10
2997.2000000000007
 20
11234.974999999991
 30
0.0
 40
23.51851851851818
  1
P-0815
 72
1
 11
2997.2000000000007
 21
11234.974999999991
 31
0.0
100
AcDbText
 73
2
  0
LWPOLYLINE
  5
37A
330
17
100
AcDbEntity
  8
NESTED_RESULT
100
AcDbPolyline
 90
5
 70
0
 10
3149.5999999999985
 20
10800.0
 10
3149.5999999999985
 20
11593.750000000007
 10
3048.0
 20
11593.750000000007
 10
3048.0
 20
10800.0
 10
3149.5999999999985
 20
10800.0
  0
TEXT
  5
37B
330
17
100
AcDbEntity
  8
NESTED_RESULT
100
AcDbText
 10
3098.7999999999993
 20
11196.875000000004
 30
0.0
 40
23.51851851851818
  1
P-0877
 72
1
 11
3098.7999999999993
 21
11196.875000000004
 31
0.0
100
AcDbText
 73
2
  0
LWPOLYLINE
  5
37C
330
17
100
AcDbEntity
  8
NESTED_RESULT
100
AcDbPolyline
 90
5
 70
0
 10
644.5250000000087
 20
11546.375000000007
 10
1438.2750000000106
 20
11546.375000000007
 10
1438.2750000000106
 20
11647.975000000006
 10
644.5250000000087
 20
11647.975000000006
 10
644.5250000000087
 20
11546.375000000007
  0
TEXT
  5
37D
330
17
100
AcDbEntity
  8
NESTED_RESULT
100
AcDbText
 10
1041.4000000000096
 20
11597.175000000007
 30
0.0
 40
30.0
  1
P-0878
 72
1
 11
1041.4000000000096
 21
11597.175000000007
 31
0.0
100
AcDbText
 73
2
  0
LWPOLYLINE
  5
37E
330
17
100
AcDbEntity
  8
NESTED_RESULT
100
AcDbPolyline
 90
5
 70
0
 10
3149.5999999999985
 20
11593.750000000007
 10
3149.5999999999985
 20
12387.500000000007
 10
3048.0
 20
12387.500000000007
 10
3048.0
 20
11593.750000000007
 10
3149.5999999999985
 20
11593.750000000007
  0
TEXT
  5
37F
330
17
100
AcDbEntity
  8
NESTED_RESULT
100
AcDbText
 10
3098.7999999999993
 20
11990.625000000007
 30
0.0
 40
23.51851851851818
  1
P-0879
 72
1
 11
3098.7999999999993
 21
11990.625000000007
 31
0.0
100
AcDbText
 73
2
  0
LWPOLYLINE
  5
380
330
17
100
AcDbEntity
  8
NESTED_RESULT
100
AcDbPolyline
 90
5
 70
0
 10
2103.775000000096
 20
11444.524999999994
 10
2103.775000000096
 20
11546.124999999993
 10
1514.8125000000946
 20
11546.124999999993
 10
1514.8125000000946
 20
11444.524999999994
 10
2103.775000000096
 20
11444.524999999994
  0
TEXT
  5
381
330
17
100
AcDbEntity
  8
NESTED_RESULT
100
AcDbText
 10
1809.2937500000953
 20
11495.324999999993
 30
0.0
 40
30.0
  1
P-1049
 72
1
 11
1809.2937500000953
 21
11495.324999999993
 31
0.0
100
AcDbText
 73
2
  0
LWPOLYLINE
  5
382
330
17
100
AcDbEntity
  8
NESTED_RESULT
100
AcDbPolyline
 90
5
 70
0
 10
2027.2375000000975
 20
11546.124999999993
 10
2027.2375000000975
 20
11647.724999999991
 10
1438.275000000096
 20
11647.724999999991
 10
1438.275000000096
 20
11546.124999999993
 10
2027.2375000000975
 20
11546.124999999993
  0
TEXT
  5
383
330
17
100
AcDbEntity
  8
NESTED_RESULT
100
AcDbText
 10
1732.7562500000968
 20
11596.924999999992
 30
0.0
 40
30.0
  1
P-1050
 72
1
 11
1732.7562500000968
 21
11596.924999999992
 31
0.0
100
AcDbText
 73
2
  0
LWPOLYLINE
  5
384
330
17
100
AcDbEntity
  8
NESTED_RESULT
100
AcDbPolyline
 90
5
 70
0
 10
2946.4000000000015
 20
11669.949999999983
 10
3048.0
 20
11669.949999999983
 10
3048.0
 20
12258.912499999984
 10
2946.4000000000015
 20
12258.912499999984
 10
2946.4000000000015
 20
11669.949999999983
  0
TEXT
  5
385
330
17
100
AcDbEntity
  8
NESTED_RESULT
100
AcDbText
 10
2997.2000000000007
 20
11964.431249999983
 30
0.0
 40
23.51851851851818
  1
P-1051
 72
1
 11
2997.2000000000007
 21
11964.431249999983
 31
0.0
100
AcDbText
 73
2
  0
LWPOLYLINE
  5
386
330
17
100
AcDbEntity
  8
NESTED_RESULT
100
AcDbPolyline
 90
5
 70
0
 10
2844.800000000003
 20
11669.94999999999
 10
2946.4000000000015
 20
11669.94999999999
 10
2946.4000000000015
 20
12258.912499999991
 10
2844.800000000003
 20
12258.912499999991
 10
2844.800000000003
 20
11669.94999999999
  0
TEXT
  5
387
330
17
100
AcDbEntity
  8
NESTED_RESULT
100
AcDbText
 10
2895.600000000002
 20
11964.43124999999
 30
0.0
 40
23.51851851851818
  1
P-1052
 72
1
 11
2895.600000000002
 21
11964.43124999999
 31
0.0
100
AcDbText
 73
2
  0
LWPOLYLINE
  5
388
330
17
100
AcDbEntity
  8
NESTED_RESULT
 62
1
100
AcDbPolyline
 90
5
 70
0
 10
3400.0
 20
10800.0
 10
6600.0
 20
10800.0
 10
6600.0
 20
12400.0
 10
3400.0
 20
12400.0
 10
3400.0
 20
10800.0
  0
TEXT
  5
389
330
17
100
AcDbEntity
  8
NESTED_RESULT
 62
1
100
AcDbText
 10
3400.0
 20
12430.0
 30
0.0
 40
50.0
  1
Sheet_38
 11
3400.0
 21
12430.0
 31
0.0
100
AcDbText
 73
1
  0
LWPOLYLINE
  5
38A
330
17
100
AcDbEntity
  8
NESTED_RESULT
100
AcDbPolyline
 90
5
 70
0
 10
3400.0
 20
10800.0
 10
5235.150000000012
 20
10800.0
 10
5235.150000000012
 20
11444.525000000009
 10
3400.0
 20
11444.525000000009
 10
3400.0
 20
10800.0
  0
TEXT
  5
38B
330
17
100
AcDbEntity
  8
NESTED_RESULT
100
AcDbText
 10
4317.575000000006
 20
11122.262500000004
 30
0.0
 40
80.0
  1
P-0092
 72
1
 11
4317.575000000006
 21
11122.262500000004
 31
0.0
100
AcDbText
 73
2
  0
LWPOLYLINE
  5
38C
330
17
100
AcDbEntity
  8
NESTED_RESULT
100
AcDbPolyline
 90
5
 70
0
 10
3400.0
 20
11444.525000000009
 10
5235.150000000012
 20
11444.525000000009
 10
5235.150000000012
 20
12089.050000000017
 10
3400.0
 20
12089.050000000017
 10
3400.0
 20
11444.525000000009
  0
TEXT
  5
38D
330
17
100
AcDbEntity
  8
NESTED_RESULT
100
AcDbText
 10
4317.575000000006
 20
11766.787500000013
 30
0.0
 40
80.0
  1
P-0093
 72
1
 11
4317.575000000006
 21
11766.787500000013
 31
0.0
100
AcDbText
 73
2
  0
LWPOLYLINE
  5
38E
330
17
100
AcDbEntity
  8
NESTED_RESULT
100
AcDbPolyline
 90
5
 70
0
 10
5235.150000000012
 20
11388.962500000009
 10
6486.100000000013
 20
11388.962500000009
 10
6486.100000000013
 20
10800.0
 10
5235.150000000012
 20
10800.0
 10
5235.150000000012
 20
11388.962500000009
  0
TEXT
  5
38F
330
17
100
AcDbEntity
  8
NESTED_RESULT
100
AcDbText
 10
5860.625000000013
 20
11094.481250000004
 30
0.0
 40
80.0
  1
P-0200
 72
1
 11
5860.625000000013
 21
11094.481250000004
 31
0.0
100
AcDbText
 73
2
  0
LWPOLYLINE
  5
390
330
17
100
AcDbEntity
  8
NESTED_RESULT
100
AcDbPolyline
 90
5
 70
0
 10
5235.150000000012
 20
11977.925000000017
 10
6486.100000000013
 20
11977.925000000017
 10
6486.100000000013
 20
11388.962500000009
 10
5235.150000000012
 20
11388.962500000009
 10
5235.150000000012
 20
11977.925000000017
  0
TEXT
  5
391
330
17
100
AcDbEntity
  8
NESTED_RESULT
100
AcDbText
 10
5860.625000000013
 20
11683.443750000013
 30
0.0
 40
80.0
  1
P-0201
 72
1
 11
5860.625000000013
 21
11683.443750000013
 31
0.0
100
AcDbText
 73
2
  0
LWPOLYLINE
  5
392
330
17
100
AcDbEntity
  8
NESTED_RESULT
100
AcDbPolyline
 90
5
 70
0
 10
6587.700000000012
 20
10800.0
 10
6587.700000000012
 20
11593.75
 10
6486.100000000013
 20
11593.75
 10
6486.100000000013
 20
10800.0
 10
6587.700000000012
 20
10800.0
  0
TEXT
  5
393
330
17
100
AcDbEntity
  8
NESTED_RESULT
100
AcDbText
 10
6536.900000000012
 20
11196.875
 30
0.0
 40
23.51851851851818
  1
P-0880
 72
1
 11
6536.900000000012
 21
11196.875
 31
0.0
100
AcDbText
 73
2
  0
LWPOLYLINE
  5
394
330
17
100
AcDbEntity
  8
NESTED_RESULT
100
AcDbPolyline
 90
5
 70
0
 10
6028.900000000014
 20
12079.525000000016
 10
5235.150000000012
 20
12079.525000000016
 10
5235.150000000012
 20
11977.925000000017
 10
6028.900000000014
 20
11977.925000000017
 10
6028.900000000014
 20
12079.525000000016
  0
TEXT
  5
395
330
17
100
AcDbEntity
  8
NESTED_RESULT
100
AcDbText
 10
5632.025000000013
 20
12028.725000000017
 30
0.0
 40
30.0
  1
P-0881
 72
1
 11
5632.025000000013
 21
12028.725000000017
 31
0.0
100
AcDbText
 73
2
  0
LWPOLYLINE
  5
396
330
17
100
AcDbEntity
  8
NESTED_RESULT
100
AcDbPolyline
 90
5
 70
0
 10
3400.0
 20
12089.050000000017
 10
4193.75
 20
12089.050000000017
 10
4193.75
 20
12190.650000000016
 10
3400.0
 20
12190.650000000016
 10
3400.0
 20
12089.050000000017
  0
TEXT
  5
397
330
17
100
AcDbEntity
  8
NESTED_RESULT
100
AcDbText
 10
3796.875
 20
12139.850000000017
 30
0.0
 40
30.0
  1
P-0882
 72
1
 11
3796.875
 21
12139.850000000017
 31
0.0
100
AcDbText
 73
2
  0
LWPOLYLINE
  5
398
330
17
100
AcDbEntity
  8
NESTED_RESULT
100
AcDbPolyline
 90
5
 70
0
 10
4193.75
 20
12089.050000000017
 10
4987.5
 20
12089.050000000017
 10
4987.5
 20
12190.650000000016
 10
4193.75
 20
12190.650000000016
 10
4193.75
 20
12089.050000000017
  0
TEXT
  5
399
330
17
100
AcDbEntity
  8
NESTED_RESULT
100
AcDbText
 10
4590.625
 20
12139.850000000017
 30
0.0
 40
30.0
  1
P-0883
 72
1
 11
4590.625
 21
12139.850000000017
 31
0.0
100
AcDbText
 73
2
  0
LWPOLYLINE
  5
39A
330
17
100
AcDbEntity
  8
NESTED_RESULT
100
AcDbPolyline
 90
5
 70
0
 10
5235.150000000016
 20
12079.525000000016
 10
6028.900000000016
 20
12079.525000000016
 10
6028.900000000016
 20
12181.125000000015
 10
5235.150000000016
 20
12181.125000000015
 10
5235.150000000016
 20
12079.525000000016
  0
TEXT
  5
39B
330
17
100
AcDbEntity
  8
NESTED_RESULT
100
AcDbText
 10
5632.025000000016
 20
12130.325000000015
 30
0.0
 40
30.0
  1
P-0884
 72
1
 11
5632.025000000016
 21
12130.325000000015
 31
0.0
100
AcDbText
 73
2
  0
LWPOLYLINE
  5
39C
330
17
100
AcDbEntity
  8
NESTED_RESULT
100
AcDbPolyline
 90
5
 70
0
 10
4987.5
 20
12181.125000000015
 10
5781.25
 20
12181.125000000015
 10
5781.25
 20
12282.725000000013
 10
4987.5
 20
12282.725000000013
 10
4987.5
 20
12181.125000000015
  0
TEXT
  5
39D
330
17
100
AcDbEntity
  8
NESTED_RESULT
100
AcDbText
 10
5384.375
 20
12231.925000000014
 30
0.0
 40
30.0
  1
P-0885
 72
1
 11
5384.375
 21
12231.925000000014
 31
0.0
100
AcDbText
 73
2
  0
LWPOLYLINE
  5
39E
330
17
100
AcDbEntity
  8
NESTED_RESULT
100
AcDbPolyline
 90
5
 70
0
 10
5781.25
 20
12181.125000000015
 10
6575.0
 20
12181.125000000015
 10
6575.0
 20
12282.725000000013
 10
5781.25
 20
12282.725000000013
 10
5781.25
 20
12181.125000000015
  0
TEXT
  5
39F
330
17
100
AcDbEntity
  8
NESTED_RESULT
100
AcDbText
 10
6178.125
 20
12231.925000000014
 30
0.0
 40
30.0
  1
P-0886
 72
1
 11
6178.125
 21
12231.925000000014
 31
0.0
100
AcDbText
 73
2
  0
LWPOLYLINE
  5
3A0
330
17
100
AcDbEntity
  8
NESTED_RESULT
100
AcDbPolyline
 90
5
 70
0
 10
3400.0
 20
12190.650000000016
 10
4193.75
 20
12190.650000000016
 10
4193.75
 20
12292.250000000015
 10
3400.0
 20
12292.250000000015
 10
3400.0
 20
12190.650000000016
  0
TEXT
  5
3A1
330
17
100
AcDbEntity
  8
NESTED_RESULT
100
AcDbText
 10
3796.875
 20
12241.450000000015
 30
0.0
 40
30.0
  1
P-0887
 72
1
 11
3796.875
 21
12241.450000000015
 31
0.0
100
AcDbText
 73
2
  0
LWPOLYLINE
  5
3A2
330
17
100
AcDbEntity
  8
NESTED_RESULT
100
AcDbPolyline
 90
5
 70
0
 10
4193.75
 20
12190.650000000016
 10
4987.5
 20
12190.650000000016
 10
4987.5
 20
12292.250000000015
 10
4193.75
 20
12292.250000000015
 10
4193.75
 20
12190.650000000016
  0
TEXT
  5
3A3
330
17
100
AcDbEntity
  8
NESTED_RESULT
100
AcDbText
 10
4590.625
 20
12241.450000000015
 30
0.0
 40
30.0
  1
P-0888
 72
1
 11
4590.625
 21
12241.450000000015
 31
0.0
100
AcDbText
 73
2
  0
LWPOLYLINE
  5
3A4
330
17
100
AcDbEntity
  8
NESTED_RESULT
100
AcDbPolyline
 90
5
 70
0
 10
4987.5
 20
12282.725000000013
 10
5781.25
 20
12282.725000000013
 10
5781.25
 20
12384.325000000012
 10
4987.5
 20
12384.325000000012
 10
4987.5
 20
12282.725000000013
  0
TEXT
  5
3A5
330
17
100
AcDbEntity
  8
NESTED_RESULT
100
AcDbText
 10
5384.375
 20
12333.525000000012
 30
0.0
 40
30.0
  1
P-0889
 72
1
 11
5384.375
 21
12333.525000000012
 31
0.0
100
AcDbText
 73
2
  0
LWPOLYLINE
  5
3A6
330
17
100
AcDbEntity
  8
NESTED_RESULT
100
AcDbPolyline
 90
5
 70
0
 10
5781.25
 20
12282.725000000013
 10
6575.0
 20
12282.725000000013
 10
6575.0
 20
12384.325000000012
 10
5781.25
 20
12384.325000000012
 10
5781.25
 20
12282.725000000013
  0
TEXT
  5
3A7
330
17
100
AcDbEntity
  8
NESTED_RESULT
100
AcDbText
 10
6178.125
 20
12333.525000000012
 30
0.0
 40
30.0
  1
P-0890
 72
1
 11
6178.125
 21
12333.525000000012
 31
0.0
100
AcDbText
 73
2
  0
LWPOLYLINE
  5
3A8
330
17
100
AcDbEntity
  8
NESTED_RESULT
100
AcDbPolyline
 90
5
 70
0
 10
3400.0
 20
12292.250000000015
 10
4193.75
 20
12292.250000000015
 10
4193.75
 20
12393.850000000013
 10
3400.0
 20
12393.850000000013
 10
3400.0
 20
12292.250000000015
  0
TEXT
  5
3A9
330
17
100
AcDbEntity
  8
NESTED_RESULT
100
AcDbText
 10
3796.875
 20
12343.050000000014
 30
0.0
 40
30.0
  1
P-0891
 72
1
 11
3796.875
 21
12343.050000000014
 31
0.0
100
AcDbText
 73
2
  0
LWPOLYLINE
  5
3AA
330
17
100
AcDbEntity
  8
NESTED_RESULT
100
AcDbPolyline
 90
5
 70
0
 10
4193.75
 20
12292.250000000015
 10
4987.5
 20
12292.250000000015
 10
4987.5
 20
12393.850000000013
 10
4193.75
 20
12393.850000000013
 10
4193.75
 20
12292.250000000015
  0
TEXT
  5
3AB
330
17
100
AcDbEntity
  8
NESTED_RESULT
100
AcDbText
 10
4590.625
 20
12343.050000000014
 30
0.0
 40
30.0
  1
P-0892
 72
1
 11
4590.625
 21
12343.050000000014
 31
0.0
100
AcDbText
 73
2
  0
LWPOLYLINE
  5
3AC
330
17
100
AcDbEntity
  8
NESTED_RESULT
 62
1
100
AcDbPolyline
 90
5
 70
0
 10
6800.0
 20
10800.0
 10
10000.0
 20
10800.0
 10
10000.0
 20
12400.0
 10
6800.0
 20
12400.0
 10
6800.0
 20
10800.0
  0
TEXT
  5
3AD
330
17
100
AcDbEntity
  8
NESTED_RESULT
 62
1
100
AcDbText
 10
6800.0
 20
12430.0
 30
0.0
 40
50.0
  1
Sheet_39
 11
6800.0
 21
12430.0
 31
0.0
100
AcDbText
 73
1
  0
LWPOLYLINE
  5
3AE
330
17
100
AcDbEntity
  8
NESTED_RESULT
100
AcDbPolyline
 90
5
 70
0
 10
6800.0
 20
10800.0
 10
8635.15000000001
 20
10800.0
 10
8635.15000000001
 20
11444.525000000009
 10
6800.0
 20
11444.525000000009
 10
6800.0
 20
10800.0
  0
TEXT
  5
3AF
330
17
100
AcDbEntity
  8
NESTED_RESULT
100
AcDbText
 10
7717.575000000005
 20
11122.262500000004
 30
0.0
 40
80.0
  1
P-0094
 72
1
 11
7717.575000000005
 21
11122.262500000004
 31
0.0
100
AcDbText
 73
2
  0
LWPOLYLINE
  5
3B0
330
17
100
AcDbEntity
  8
NESTED_RESULT
100
AcDbPolyline
 90
5
 70
0
 10
6800.0
 20
11444.525000000009
 10
8635.150000000005
 20
11444.525000000009
 10
8635.150000000005
 20
12089.050000000017
 10
6800.0
 20
12089.050000000017
 10
6800.0
 20
11444.525000000009
  0
TEXT
  5
3B1
330
17
100
AcDbEntity
  8
NESTED_RESULT
100
AcDbText
 10
7717.575000000003
 20
11766.787500000013
 30
0.0
 40
80.0
  1
P-0096
 72
1
 11
7717.575000000003
 21
11766.787500000013
 31
0.0
100
AcDbText
 73
2
  0
LWPOLYLINE
  5
3B2
330
17
100
AcDbEntity
  8
NESTED_RESULT
100
AcDbPolyline
 90
5
 70
0
 10
8635.55
 20
11388.962500000009
 10
9886.5
 20
11388.962500000009
 10
9886.5
 20
10800.0
 10
8635.55
 20
10800.0
 10
8635.55
 20
11388.962500000009
  0
TEXT
  5
3B3
330
17
100
AcDbEntity
  8
NESTED_RESULT
100
AcDbText
 10
9261.025
 20
11094.481250000004
 30
0.0
 40
80.0
  1
P-0202
 72
1
 11
9261.025
 21
11094.481250000004
 31
0.0
100
AcDbText
 73
2
  0
LWPOLYLINE
  5
3B4
330
17
100
AcDbEntity
  8
NESTED_RESULT
100
AcDbPolyline
 90
5
 70
0
 10
8635.15000000001
 20
11977.925000000017
 10
9886.100000000011
 20
11977.925000000017
 10
9886.100000000011
 20
11388.962500000009
 10
8635.15000000001
 20
11388.962500000009
 10
8635.15000000001
 20
11977.925000000017
  0
TEXT
  5
3B5
330
17
100
AcDbEntity
  8
NESTED_RESULT
100
AcDbText
 10
9260.625000000011
 20
11683.443750000013
 30
0.0
 40
80.0
  1
P-0203
 72
1
 11
9260.625000000011
 21
11683.443750000013
 31
0.0
100
AcDbText
 73
2
  0
LWPOLYLINE
  5
3B6
330
17
100
AcDbEntity
  8
NESTED_RESULT
100
AcDbPolyline
 90
5
 70
0
 10
9988.099999999999
 20
10800.0
 10
9988.099999999999
 20
11593.75
 10
9886.5
 20
11593.75
 10
9886.5
 20
10800.0
 10
9988.099999999999
 20
10800.0
  0
TEXT
  5
3B7
330
17
100
AcDbEntity
  8
NESTED_RESULT
100
AcDbText
 10
9937.3
 20
11196.875
 30
0.0
 40
23.51851851851818
  1
P-0893
 72
1
 11
9937.3
 21
11196.875
 31
0.0
100
AcDbText
 73
2
  0
LWPOLYLINE
  5
3B8
330
17
100
AcDbEntity
  8
NESTED_RESULT
100
AcDbPolyline
 90
5
 70
0
 10
8635.150000000005
 20
11977.925000000017
 10
9428.900000000005
 20
11977.925000000017
 10
9428.900000000005
 20
12079.525000000016
 10
8635.150000000005
 20
12079.525000000016
 10
8635.150000000005
 20
11977.925000000017
  0
TEXT
  5
3B9
330
17
100
AcDbEntity
  8
NESTED_RESULT
100
AcDbText
 10
9032.025000000005
 20
12028.725000000017
 30
0.0
 40
30.0
  1
P-0894
 72
1
 11
9032.025000000005
 21
12028.725000000017
 31
0.0
100
AcDbText
 73
2
  0
LWPOLYLINE
  5
3BA
330
17
100
AcDbEntity
  8
NESTED_RESULT
100
AcDbPolyline
 90
5
 70
0
 10
9428.900000000005
 20
12181.125000000015
 10
8635.150000000005
 20
12181.125000000015
 10
8635.150000000005
 20
12079.525000000016
 10
9428.900000000005
 20
12079.525000000016
 10
9428.900000000005
 20
12181.125000000015
  0
TEXT
  5
3BB
330
17
100
AcDbEntity
  8
NESTED_RESULT
100
AcDbText
 10
9032.025000000005
 20
12130.325000000015
 30
0.0
 40
30.0
  1
P-0895
 72
1
 11
9032.025000000005
 21
12130.325000000015
 31
0.0
100
AcDbText
 73
2
  0
LWPOLYLINE
  5
3BC
330
17
100
AcDbEntity
  8
NESTED_RESULT
100
AcDbPolyline
 90
5
 70
0
 10
6800.0
 20
12089.050000000017
 10
7593.749999999991
 20
12089.050000000017
 10
7593.749999999991
 20
12190.650000000016
 10
6800.0
 20
12190.650000000016
 10
6800.0
 20
12089.050000000017
  0
TEXT
  5
3BD
330
17
100
AcDbEntity
  8
NESTED_RESULT
100
AcDbText
 10
7196.874999999995
 20
12139.850000000017
 30
0.0
 40
30.0
  1
P-0896
 72
1
 11
7196.874999999995
 21
12139.850000000017
 31
0.0
100
AcDbText
 73
2
  0
LWPOLYLINE
  5
3BE
330
17
100
AcDbEntity
  8
NESTED_RESULT
100
AcDbPolyline
 90
5
 70
0
 10
9886.100000000013
 20
11593.75
 10
9987.700000000012
 20
11593.75
 10
9987.700000000012
 20
12182.712500000001
 10
9886.100000000013
 20
12182.712500000001
 10
9886.100000000013
 20
11593.75
  0
TEXT
  5
3BF
330
17
100
AcDbEntity
  8
NESTED_RESULT
100
AcDbText
 10
9936.900000000012
 20
11888.23125
 30
0.0
 40
23.51851851851818
  1
P-1053
 72
1
 11
9936.900000000012
 21
11888.23125
 31
0.0
100
AcDbText
 73
2
  0
LWPOLYLINE
  5
3C0
330
17
100
AcDbEntity
  8
NESTED_RESULT
100
AcDbPolyline
 90
5
 70
0
 10
8182.712499999994
 20
12089.050000000017
 10
8182.712499999994
 20
12190.650000000016
 10
7593.749999999993
 20
12190.650000000016
 10
7593.749999999993
 20
12089.050000000017
 10
8182.712499999994
 20
12089.050000000017
  0
TEXT
  5
3C1
330
17
100
AcDbEntity
  8
NESTED_RESULT
100
AcDbText
 10
7888.231249999993
 20
12139.850000000017
 30
0.0
 40
30.0
  1
P-1054
 72
1
 11
7888.231249999993
 21
12139.850000000017
 31
0.0
100
AcDbText
 73
2
  0
LWPOLYLINE
  5
3C2
330
17
100
AcDbEntity
  8
NESTED_RESULT
100
AcDbPolyline
 90
5
 70
0
 10
8182.712499999994
 20
12282.725000000013
 10
8182.712499999994
 20
12181.125000000015
 10
8771.674999999996
 20
12181.125000000015
 10
8771.674999999996
 20
12282.725000000013
 10
8182.712499999994
 20
12282.725000000013
  0
TEXT
  5
3C3
330
17
100
AcDbEntity
  8
NESTED_RESULT
100
AcDbText
 10
8477.193749999995
 20
12231.925000000014
 30
0.0
 40
30.0
  1
P-1055
 72
1
 11
8477.193749999995
 21
12231.925000000014
 31
0.0
100
AcDbText
 73
2
  0
LWPOLYLINE
  5
3C4
330
17
100
AcDbEntity
  8
NESTED_RESULT
100
AcDbPolyline
 90
5
 70
0
 10
9360.637499999997
 20
12181.125000000015
 10
9360.637499999997
 20
12282.725000000013
 10
8771.674999999996
 20
12282.725000000013
 10
8771.674999999996
 20
12181.125000000015
 10
9360.637499999997
 20
12181.125000000015
  0
TEXT
  5
3C5
330
17
100
AcDbEntity
  8
NESTED_RESULT
100
AcDbText
 10
9066.156249999996
 20
12231.925000000014
 30
0.0
 40
30.0
  1
P-1056
 72
1
 11
9066.156249999996
 21
12231.925000000014
 31
0.0
100
AcDbText
 73
2
  0
LWPOLYLINE
  5
3C6
330
17
100
AcDbEntity
  8
NESTED_RESULT
100
AcDbPolyline
 90
5
 70
0
 10
9949.599999999999
 20
12182.712500000001
 10
9949.599999999999
 20
12284.3125
 10
9360.637499999997
 20
12284.3125
 10
9360.637499999997
 20
12182.712500000001
 10
9949.599999999999
 20
12182.712500000001
  0
TEXT
  5
3C7
330
17
100
AcDbEntity
  8
NESTED_RESULT
100
AcDbText
 10
9655.118749999998
 20
12233.5125
 30
0.0
 40
30.0
  1
P-1057
 72
1
 11
9655.118749999998
 21
12233.5125
 31
0.0
100
AcDbText
 73
2
  0
LWPOLYLINE
  5
3C8
330
17
100
AcDbEntity
  8
NESTED_RESULT
100
AcDbPolyline
 90
5
 70
0
 10
7388.9625000000015
 20
12190.650000000016
 10
7388.9625000000015
 20
12292.250000000015
 10
6800.0
 20
12292.250000000015
 10
6800.0
 20
12190.650000000016
 10
7388.9625000000015
 20
12190.650000000016
  0
TEXT
  5
3C9
330
17
100
AcDbEntity
  8
NESTED_RESULT
100
AcDbText
 10
7094.481250000001
 20
12241.450000000015
 30
0.0
 40
30.0
  1
P-1058
 72
1
 11
7094.481250000001
 21
12241.450000000015
 31
0.0
100
AcDbText
 73
2
  0
LWPOLYLINE
  5
3CA
330
17
100
AcDbEntity
  8
NESTED_RESULT
100
AcDbPolyline
 90
5
 70
0
 10
7977.925000000003
 20
12190.650000000016
 10
7977.925000000003
 20
12292.250000000022
 10
7388.9625000000015
 20
12292.250000000022
 10
7388.9625000000015
 20
12190.650000000016
 10
7977.925000000003
 20
12190.650000000016
  0
TEXT
  5
3CB
330
17
100
AcDbEntity
  8
NESTED_RESULT
100
AcDbText
 10
7683.443750000002
 20
12241.450000000019
 30
0.0
 40
30.0
  1
P-1059
 72
1
 11
7683.443750000002
 21
12241.450000000019
 31
0.0
100
AcDbText
 73
2
  0
LWPOLYLINE
  5
3CC
330
17
100
AcDbEntity
  8
NESTED_RESULT
100
AcDbPolyline
 90
5
 70
0
 10
8566.887500000004
 20
12282.725000000013
 10
8566.887500000004
 20
12384.325000000019
 10
7977.925000000003
 20
12384.325000000019
 10
7977.925000000003
 20
12282.725000000013
 10
8566.887500000004
 20
12282.725000000013
  0
TEXT
  5
3CD
330
17
100
AcDbEntity
  8
NESTED_RESULT
100
AcDbText
 10
8272.406250000004
 20
12333.525000000016
 30
0.0
 40
30.0
  1
P-1060
 72
1
 11
8272.406250000004
 21
12333.525000000016
 31
0.0
100
AcDbText
 73
2
  0
LWPOLYLINE
  5
3CE
330
17
100
AcDbEntity
  8
NESTED_RESULT
100
AcDbPolyline
 90
5
 70
0
 10
9155.850000000006
 20
12282.725000000013
 10
9155.850000000006
 20
12384.325000000012
 10
8566.887500000004
 20
12384.325000000012
 10
8566.887500000004
 20
12282.725000000013
 10
9155.850000000006
 20
12282.725000000013
  0
TEXT
  5
3CF
330
17
100
AcDbEntity
  8
NESTED_RESULT
100
AcDbText
 10
8861.368750000005
 20
12333.525000000012
 30
0.0
 40
30.0
  1
P-1061
 72
1
 11
8861.368750000005
 21
12333.525000000012
 31
0.0
100
AcDbText
 73
2
  0
LWPOLYLINE
  5
3D0
330
17
100
AcDbEntity
  8
NESTED_RESULT
100
AcDbPolyline
 90
5
 70
0
 10
9744.8125
 20
12284.3125
 10
9744.8125
 20
12385.912499999999
 10
9155.850000000006
 20
12385.912499999999
 10
9155.850000000006
 20
12284.3125
 10
9744.8125
 20
12284.3125
  0
TEXT
  5
3D1
330
17
100
AcDbEntity
  8
NESTED_RESULT
100
AcDbText
 10
9450.331250000003
 20
12335.1125
 30
0.0
 40
30.0
  1
P-1065
 72
1
 11
9450.331250000003
 21
12335.1125
 31
0.0
100
AcDbText
 73
2
  0
LWPOLYLINE
  5
3D2
330
17
100
AcDbEntity
  8
NESTED_RESULT
100
AcDbPolyline
 90
5
 70
0
 10
7388.9625000000015
 20
12292.250000000015
 10
7388.9625000000015
 20
12393.850000000013
 10
6800.0
 20
12393.850000000013
 10
6800.0
 20
12292.250000000015
 10
7388.9625000000015
 20
12292.250000000015
  0
TEXT
  5
3D3
330
17
100
AcDbEntity
  8
NESTED_RESULT
100
AcDbText
 10
7094.481250000001
 20
12343.050000000014
 30
0.0
 40
30.0
  1
P-1066
 72
1
 11
7094.481250000001
 21
12343.050000000014
 31
0.0
100
AcDbText
 73
2
  0
LWPOLYLINE
  5
3D4
330
17
100
AcDbEntity
  8
NESTED_RESULT
100
AcDbPolyline
 90
5
 70
0
 10
7977.925000000003
 20
12292.250000000022
 10
7977.925000000003
 20
12393.85000000002
 10
7388.9625000000015
 20
12393.85000000002
 10
7388.9625000000015
 20
12292.250000000022
 10
7977.925000000003
 20
12292.250000000022
  0
TEXT
  5
3D5
330
17
100
AcDbEntity
  8
NESTED_RESULT
100
AcDbText
 10
7683.443750000002
 20
12343.050000000021
 30
0.0
 40
30.0
  1
P-1067
 72
1
 11
7683.443750000002
 21
12343.050000000021
 31
0.0
100
AcDbText
 73
2
  0
LWPOLYLINE
  5
3D6
330
17
100
AcDbEntity
  8
NESTED_RESULT
 62
1
100
AcDbPolyline
 90
5
 70
0
 10
10200.0
 20
10800.0
 10
13400.0
 20
10800.0
 10
13400.0
 20
12400.0
 10
10200.0
 20
12400.0
 10
10200.0
 20
10800.0
  0
TEXT
  5
3D7
330
17
100
AcDbEntity
  8
NESTED_RESULT
 62
1
100
AcDbText
 10
10200.0
 20
12430.0
 30
0.0
 40
50.0
  1
Sheet_40
 11
10200.0
 21
12430.0
 31
0.0
100
AcDbText
 73
1
  0
LWPOLYLINE
  5
3D8
330
17
100
AcDbEntity
  8
NESTED_RESULT
100
AcDbPolyline
 90
5
 70
0
 10
10200.0
 20
10800.0
 10
12035.150000000001
 20
10800.0
 10
12035.150000000001
 20
11444.525000000009
 10
10200.0
 20
11444.525000000009
 10
10200.0
 20
10800.0
  0
TEXT
  5
3D9
330
17
100
AcDbEntity
  8
NESTED_RESULT
100
AcDbText
 10
11117.575
 20
11122.262500000004
 30
0.0
 40
80.0
  1
P-0097
 72
1
 11
11117.575
 21
11122.262500000004
 31
0.0
100
AcDbText
 73
2
  0
LWPOLYLINE
  5
3DA
330
17
100
AcDbEntity
  8
NESTED_RESULT
100
AcDbPolyline
 90
5
 70
0
 10
10200.0
 20
11444.525000000009
 10
12035.150000000001
 20
11444.525000000009
 10
12035.150000000001
 20
12089.050000000017
 10
10200.0
 20
12089.050000000017
 10
10200.0
 20
11444.525000000009
  0
TEXT
  5
3DB
330
17
100
AcDbEntity
  8
NESTED_RESULT
100
AcDbText
 10
11117.575
 20
11766.787500000013
 30
0.0
 40
80.0
  1
P-0098
 72
1
 11
11117.575
 21
11766.787500000013
 31
0.0
100
AcDbText
 73
2
  0
LWPOLYLINE
  5
3DC
330
17
100
AcDbEntity
  8
NESTED_RESULT
100
AcDbPolyline
 90
5
 70
0
 10
12035.150000000001
 20
11388.962500000009
 10
13286.100000000002
 20
11388.962500000009
 10
13286.100000000002
 20
10800.0
 10
12035.150000000001
 20
10800.0
 10
12035.150000000001
 20
11388.962500000009
  0
TEXT
  5
3DD
330
17
100
AcDbEntity
  8
NESTED_RESULT
100
AcDbText
 10
12660.625000000002
 20
11094.481250000004
 30
0.0
 40
80.0
  1
P-0204
 72
1
 11
12660.625000000002
 21
11094.481250000004
 31
0.0
100
AcDbText
 73
2
  0
LWPOLYLINE
  5
3DE
330
17
100
AcDbEntity
  8
NESTED_RESULT
100
AcDbPolyline
 90
5
 70
0
 10
12035.150000000001
 20
11977.925000000017
 10
13286.099999999999
 20
11977.925000000017
 10
13286.099999999999
 20
11388.962500000009
 10
12035.150000000001
 20
11388.962500000009
 10
12035.150000000001
 20
11977.925000000017
  0
TEXT
  5
3DF
330
17
100
AcDbEntity
  8
NESTED_RESULT
100
AcDbText
 10
12660.625
 20
11683.443750000013
 30
0.0
 40
80.0
  1
P-0205
 72
1
 11
12660.625
 21
11683.443750000013
 31
0.0
100
AcDbText
 73
2
  0
LWPOLYLINE
  5
3E0
330
17
100
AcDbEntity
  8
NESTED_RESULT
100
AcDbPolyline
 90
5
 70
0
 10
13286.100000000002
 20
10800.0
 10
13387.7
 20
10800.0
 10
13387.7
 20
11388.962499999998
 10
13286.100000000002
 20
11388.962499999998
 10
13286.100000000002
 20
10800.0
  0
TEXT
  5
3E1
330
17
100
AcDbEntity
  8
NESTED_RESULT
100
AcDbText
 10
13336.900000000001
 20
11094.481249999999
 30
0.0
 40
23.51851851851818
  1
P-1073
 72
1
 11
13336.900000000001
 21
11094.481249999999
 31
0.0
100
AcDbText
 73
2
  0
LWPOLYLINE
  5
3E2
330
17
100
AcDbEntity
  8
NESTED_RESULT
100
AcDbPolyline
 90
5
 70
0
 10
13286.100000000002
 20
11388.962499999998
 10
13387.7
 20
11388.962499999998
 10
13387.7
 20
11977.924999999996
 10
13286.100000000002
 20
11977.924999999996
 10
13286.100000000002
 20
11388.962499999998
  0
TEXT
  5
3E3
330
17
100
AcDbEntity
  8
NESTED_RESULT
100
AcDbText
 10
13336.900000000001
 20
11683.443749999997
 30
0.0
 40
23.51851851851818
  1
P-1074
 72
1
 11
13336.900000000001
 21
11683.443749999997
 31
0.0
100
AcDbText
 73
2
  0
LWPOLYLINE
  5
3E4
330
17
100
AcDbEntity
  8
NESTED_RESULT
100
AcDbPolyline
 90
5
 70
0
 10
12624.112499999996
 20
11977.925000000017
 10
12624.112499999996
 20
12079.525000000023
 10
12035.150000000001
 20
12079.525000000023
 10
12035.150000000001
 20
11977.925000000017
 10
12624.112499999996
 20
11977.925000000017
  0
TEXT
  5
3E5
330
17
100
AcDbEntity
  8
NESTED_RESULT
100
AcDbText
 10
12329.631249999999
 20
12028.72500000002
 30
0.0
 40
30.0
  1
P-1086
 72
1
 11
12329.631249999999
 21
12028.72500000002
 31
0.0
100
AcDbText
 73
2
  0
LWPOLYLINE
  5
3E6
330
17
100
AcDbEntity
  8
NESTED_RESULT
100
AcDbPolyline
 90
5
 70
0
 10
13213.07499999999
 20
11977.925000000017
 10
13213.07499999999
 20
12079.525000000009
 10
12624.112499999996
 20
12079.525000000009
 10
12624.112499999996
 20
11977.925000000017
 10
13213.07499999999
 20
11977.925000000017
  0
TEXT
  5
3E7
330
17
100
AcDbEntity
  8
NESTED_RESULT
100
AcDbText
 10
12918.593749999993
 20
12028.725000000013
 30
0.0
 40
30.0
  1
P-1087
 72
1
 11
12918.593749999993
 21
12028.725000000013
 31
0.0
100
AcDbText
 73
2
  0
LWPOLYLINE
  5
3E8
330
17
100
AcDbEntity
  8
NESTED_RESULT
100
AcDbPolyline
 90
5
 70
0
 10
13213.07499999999
 20
12079.525000000009
 10
13213.07499999999
 20
12181.125000000015
 10
12624.112499999996
 20
12181.125000000015
 10
12624.112499999996
 20
12079.525000000009
 10
13213.07499999999
 20
12079.525000000009
  0
TEXT
  5
3E9
330
17
100
AcDbEntity
  8
NESTED_RESULT
100
AcDbText
 10
12918.593749999993
 20
12130.325000000012
 30
0.0
 40
30.0
  1
P-1088
 72
1
 11
12918.593749999993
 21
12130.325000000012
 31
0.0
100
AcDbText
 73
2
  0
LWPOLYLINE
  5
3EA
330
17
100
AcDbEntity
  8
NESTED_RESULT
100
AcDbPolyline
 90
5
 70
0
 10
12624.112499999996
 20
12079.525000000023
 10
12624.112499999996
 20
12181.125000000022
 10
12035.150000000001
 20
12181.125000000022
 10
12035.150000000001
 20
12079.525000000023
 10
12624.112499999996
 20
12079.525000000023
  0
TEXT
  5
3EB
330
17
100
AcDbEntity
  8
NESTED_RESULT
100
AcDbText
 10
12329.631249999999
 20
12130.325000000023
 30
0.0
 40
30.0
  1
P-1089
 72
1
 11
12329.631249999999
 21
12130.325000000023
 31
0.0
100
AcDbText
 73
2
  0
LWPOLYLINE
  5
3EC
330
17
100
AcDbEntity
  8
NESTED_RESULT
100
AcDbPolyline
 90
5
 70
0
 10
10788.962499999994
 20
12089.050000000017
 10
10788.962499999994
 20
12190.650000000023
 10
10200.0
 20
12190.650000000023
 10
10200.0
 20
12089.050000000017
 10
10788.962499999994
 20
12089.050000000017
  0
TEXT
  5
3ED
330
17
100
AcDbEntity
  8
NESTED_RESULT
100
AcDbText
 10
10494.481249999997
 20
12139.85000000002
 30
0.0
 40
30.0
  1
P-1090
 72
1
 11
10494.481249999997
 21
12139.85000000002
 31
0.0
100
AcDbText
 73
2
  0
LWPOLYLINE
  5
3EE
330
17
100
AcDbEntity
  8
NESTED_RESULT
100
AcDbPolyline
 90
5
 70
0
 10
11377.924999999988
 20
12089.050000000017
 10
11377.924999999988
 20
12190.650000000009
 10
10788.962499999994
 20
12190.650000000009
 10
10788.962499999994
 20
12089.050000000017
 10
11377.924999999988
 20
12089.050000000017
  0
TEXT
  5
3EF
330
17
100
AcDbEntity
  8
NESTED_RESULT
100
AcDbText
 10
11083.443749999991
 20
12139.850000000013
 30
0.0
 40
30.0
  1
P-1091
 72
1
 11
11083.443749999991
 21
12139.850000000013
 31
0.0
100
AcDbText
 73
2
  0
LWPOLYLINE
  5
3F0
330
17
100
AcDbEntity
  8
NESTED_RESULT
100
AcDbPolyline
 90
5
 70
0
 10
11966.887499999983
 20
12089.050000000017
 10
11966.887499999983
 20
12190.650000000023
 10
11377.924999999988
 20
12190.650000000023
 10
11377.924999999988
 20
12089.050000000017
 10
11966.887499999983
 20
12089.050000000017
  0
TEXT
  5
3F1
330
17
100
AcDbEntity
  8
NESTED_RESULT
100
AcDbText
 10
11672.406249999985
 20
12139.85000000002
 30
0.0
 40
30.0
  1
P-1092
 72
1
 11
11672.406249999985
 21
12139.85000000002
 31
0.0
100
AcDbText
 73
2
  0
LWPOLYLINE
  5
3F2
330
17
100
AcDbEntity
  8
NESTED_RESULT
100
AcDbPolyline
 90
5
 70
0
 10
13213.07499999999
 20
12181.125000000015
 10
13213.07499999999
 20
12282.725000000013
 10
12624.112499999996
 20
12282.725000000013
 10
12624.112499999996
 20
12181.125000000015
 10
13213.07499999999
 20
12181.125000000015
  0
TEXT
  5
3F3
330
17
100
AcDbEntity
  8
NESTED_RESULT
100
AcDbText
 10
12918.593749999993
 20
12231.925000000014
 30
0.0
 40
30.0
  1
P-1093
 72
1
 11
12918.593749999993
 21
12231.925000000014
 31
0.0
100
AcDbText
 73
2
  0
LWPOLYLINE
  5
3F4
330
17
100
AcDbEntity
  8
NESTED_RESULT
100
AcDbPolyline
 90
5
 70
0
 10
12555.849999999977
 20
12181.125000000022
 10
12555.849999999977
 20
12282.72500000002
 10
11966.887499999983
 20
12282.72500000002
 10
11966.887499999983
 20
12181.125000000022
 10
12555.849999999977
 20
12181.125000000022
  0
TEXT
  5
3F5
330
17
100
AcDbEntity
  8
NESTED_RESULT
100
AcDbText
 10
12261.36874999998
 20
12231.925000000021
 30
0.0
 40
30.0
  1
P-1094
 72
1
 11
12261.36874999998
 21
12231.925000000021
 31
0.0
100
AcDbText
 73
2
  0
LWPOLYLINE
  5
3F6
330
17
100
AcDbEntity
  8
NESTED_RESULT
100
AcDbPolyline
 90
5
 70
0
 10
11377.924999999988
 20
12190.650000000009
 10
11377.924999999988
 20
12292.250000000007
 10
10788.962499999994
 20
12292.250000000007
 10
10788.962499999994
 20
12190.650000000009
 10
11377.924999999988
 20
12190.650000000009
  0
TEXT
  5
3F7
330
17
100
AcDbEntity
  8
NESTED_RESULT
100
AcDbText
 10
11083.443749999991
 20
12241.450000000008
 30
0.0
 40
30.0
  1
P-1095
 72
1
 11
11083.443749999991
 21
12241.450000000008
 31
0.0
100
AcDbText
 73
2
  0
LWPOLYLINE
  5
3F8
330
17
100
AcDbEntity
  8
NESTED_RESULT
100
AcDbPolyline
 90
5
 70
0
 10
10788.962499999994
 20
12190.650000000023
 10
10788.962499999994
 20
12292.250000000022
 10
10200.0
 20
12292.250000000022
 10
10200.0
 20
12190.650000000023
 10
10788.962499999994
 20
12190.650000000023
  0
TEXT
  5
3F9
330
17
100
AcDbEntity
  8
NESTED_RESULT
100
AcDbText
 10
10494.481249999997
 20
12241.450000000023
 30
0.0
 40
30.0
  1
P-1096
 72
1
 11
10494.481249999997
 21
12241.450000000023
 31
0.0
100
AcDbText
 73
2
  0
LWPOLYLINE
  5
3FA
330
17
100
AcDbEntity
  8
NESTED_RESULT
100
AcDbPolyline
 90
5
 70
0
 10
11966.887499999983
 20
12190.650000000023
 10
11966.887499999983
 20
12292.250000000022
 10
11377.924999999988
 20
12292.250000000022
 10
11377.924999999988
 20
12190.650000000023
 10
11966.887499999983
 20
12190.650000000023
  0
TEXT
  5
3FB
330
17
100
AcDbEntity
  8
NESTED_RESULT
100
AcDbText
 10
11672.406249999985
 20
12241.450000000023
 30
0.0
 40
30.0
  1
P-1097
 72
1
 11
11672.406249999985
 21
12241.450000000023
 31
0.0
100
AcDbText
 73
2
  0
LWPOLYLINE
  5
3FC
330
17
100
AcDbEntity
  8
NESTED_RESULT
100
AcDbPolyline
 90
5
 70
0
 10
13144.81249999997
 20
12282.725000000013
 10
13144.81249999997
 20
12384.325000000004
 10
12555.849999999977
 20
12384.325000000004
 10
12555.849999999977
 20
12282.725000000013
 10
13144.81249999997
 20
12282.725000000013
  0
TEXT
  5
3FD
330
17
100
AcDbEntity
  8
NESTED_RESULT
100
AcDbText
 10
12850.331249999974
 20
12333.525000000009
 30
0.0
 40
30.0
  1
P-1098
 72
1
 11
12850.331249999974
 21
12333.525000000009
 31
0.0
100
AcDbText
 73
2
  0
LWPOLYLINE
  5
3FE
330
17
100
AcDbEntity
  8
NESTED_RESULT
100
AcDbPolyline
 90
5
 70
0
 10
12555.849999999977
 20
12282.72500000002
 10
12555.849999999977
 20
12384.325000000019
 10
11966.887499999983
 20
12384.325000000019
 10
11966.887499999983
 20
12282.72500000002
 10
12555.849999999977
 20
12282.72500000002
  0
TEXT
  5
3FF
330
17
100
AcDbEntity
  8
NESTED_RESULT
100
AcDbText
 10
12261.36874999998
 20
12333.52500000002
 30
0.0
 40
30.0
  1
P-1099
 72
1
 11
12261.36874999998
 21
12333.52500000002
 31
0.0
100
AcDbText
 73
2
  0
LWPOLYLINE
  5
400
330
17
100
AcDbEntity
  8
NESTED_RESULT
100
AcDbPolyline
 90
5
 70
0
 10
11377.924999999988
 20
12292.250000000007
 10
11377.924999999988
 20
12393.850000000006
 10
10788.962499999994
 20
12393.850000000006
 10
10788.962499999994
 20
12292.250000000007
 10
11377.924999999988
 20
12292.250000000007
  0
TEXT
  5
401
330
17
100
AcDbEntity
  8
NESTED_RESULT
100
AcDbText
 10
11083.443749999991
 20
12343.050000000007
 30
0.0
 40
30.0
  1
P-1100
 72
1
 11
11083.443749999991
 21
12343.050000000007
 31
0.0
100
AcDbText
 73
2
  0
LWPOLYLINE
  5
402
330
17
100
AcDbEntity
  8
NESTED_RESULT
100
AcDbPolyline
 90
5
 70
0
 10
10788.962499999994
 20
12292.25000000003
 10
10788.962499999994
 20
12393.850000000035
 10
10200.0
 20
12393.850000000035
 10
10200.0
 20
12292.25000000003
 10
10788.962499999994
 20
12292.25000000003
  0
TEXT
  5
403
330
17
100
AcDbEntity
  8
NESTED_RESULT
100
AcDbText
 10
10494.481249999997
 20
12343.050000000032
 30
0.0
 40
30.0
  1
P-1101
 72
1
 11
10494.481249999997
 21
12343.050000000032
 31
0.0
100
AcDbText
 73
2
  0
LWPOLYLINE
  5
404
330
17
100
AcDbEntity
  8
NESTED_RESULT
100
AcDbPolyline
 90
5
 70
0
 10
11377.924999999988
 20
12393.85000000002
 10
11377.924999999988
 20
12292.25000000003
 10
11966.887499999983
 20
12292.25000000003
 10
11966.887499999983
 20
12393.85000000002
 10
11377.924999999988
 20
12393.85000000002
  0
TEXT
  5
405
330
17
100
AcDbEntity
  8
NESTED_RESULT
100
AcDbText
 10
11672.406249999985
 20
12343.050000000025
 30
0.0
 40
30.0
  1
P-1102
 72
1
 11
11672.406249999985
 21
12343.050000000025
 31
0.0
100
AcDbText
 73
2
  0
LWPOLYLINE
  5
406
330
17
100
AcDbEntity
  8
NESTED_RESULT
 62
1
100
AcDbPolyline
 90
5
 70
0
 10
13600.0
 20
10800.0
 10
16800.0
 20
10800.0
 10
16800.0
 20
12400.0
 10
13600.0
 20
12400.0
 10
13600.0
 20
10800.0
  0
TEXT
  5
407
330
17
100
AcDbEntity
  8
NESTED_RESULT
 62
1
100
AcDbText
 10
13600.0
 20
12430.0
 30
0.0
 40
50.0
  1
Sheet_41
 11
13600.0
 21
12430.0
 31
0.0
100
AcDbText
 73
1
  0
LWPOLYLINE
  5
408
330
17
100
AcDbEntity
  8
NESTED_RESULT
100
AcDbPolyline
 90
5
 70
0
 10
13600.0
 20
10800.0
 10
15435.150000000001
 20
10800.0
 10
15435.150000000001
 20
11444.525000000009
 10
13600.0
 20
11444.525000000009
 10
13600.0
 20
10800.0
  0
TEXT
  5
409
330
17
100
AcDbEntity
  8
NESTED_RESULT
100
AcDbText
 10
14517.575
 20
11122.262500000004
 30
0.0
 40
80.0
  1
P-0099
 72
1
 11
14517.575
 21
11122.262500000004
 31
0.0
100
AcDbText
 73
2
  0
LWPOLYLINE
  5
40A
330
17
100
AcDbEntity
  8
NESTED_RESULT
100
AcDbPolyline
 90
5
 70
0
 10
13600.0
 20
11444.525000000009
 10
15435.150000000001
 20
11444.525000000009
 10
15435.150000000001
 20
12089.050000000017
 10
13600.0
 20
12089.050000000017
 10
13600.0
 20
11444.525000000009
  0
TEXT
  5
40B
330
17
100
AcDbEntity
  8
NESTED_RESULT
100
AcDbText
 10
14517.575
 20
11766.787500000013
 30
0.0
 40
80.0
  1
P-0100
 72
1
 11
14517.575
 21
11766.787500000013
 31
0.0
100
AcDbText
 73
2
  0
LWPOLYLINE
  5
40C
330
17
100
AcDbEntity
  8
NESTED_RESULT
100
AcDbPolyline
 90
5
 70
0
 10
15435.150000000001
 20
11388.962500000009
 10
16686.1
 20
11388.962500000009
 10
16686.1
 20
10800.0
 10
15435.150000000001
 20
10800.0
 10
15435.150000000001
 20
11388.962500000009
  0
TEXT
  5
40D
330
17
100
AcDbEntity
  8
NESTED_RESULT
100
AcDbText
 10
16060.625
 20
11094.481250000004
 30
0.0
 40
80.0
  1
P-0206
 72
1
 11
16060.625
 21
11094.481250000004
 31
0.0
100
AcDbText
 73
2
  0
LWPOLYLINE
  5
40E
330
17
100
AcDbEntity
  8
NESTED_RESULT
100
AcDbPolyline
 90
5
 70
0
 10
15435.150000000001
 20
11977.925000000017
 10
16686.1
 20
11977.925000000017
 10
16686.1
 20
11388.962500000009
 10
15435.150000000001
 20
11388.962500000009
 10
15435.150000000001
 20
11977.925000000017
  0
TEXT
  5
40F
330
17
100
AcDbEntity
  8
NESTED_RESULT
100
AcDbText
 10
16060.625
 20
11683.443750000013
 30
0.0
 40
80.0
  1
P-0207
 72
1
 11
16060.625
 21
11683.443750000013
 31
0.0
100
AcDbText
 73
2
  0
LWPOLYLINE
  5
410
330
17
100
AcDbEntity
  8
NESTED_RESULT
100
AcDbPolyline
 90
5
 70
0
 10
16686.1
 20
10800.0
 10
16787.699999999997
 20
10800.0
 10
16787.699999999997
 20
11388.962499999994
 10
16686.1
 20
11388.962499999994
 10
16686.1
 20
10800.0
  0
TEXT
  5
411
330
17
100
AcDbEntity
  8
NESTED_RESULT
100
AcDbText
 10
16736.899999999998
 20
11094.481249999997
 30
0.0
 40
23.51851851851818
  1
P-1103
 72
1
 11
16736.899999999998
 21
11094.481249999997
 31
0.0
100
AcDbText
 73
2
  0
LWPOLYLINE
  5
412
330
17
100
AcDbEntity
  8
NESTED_RESULT
100
AcDbPolyline
 90
5
 70
0
 10
16686.100000000002
 20
11388.962499999994
 10
16787.7
 20
11388.962499999994
 10
16787.7
 20
11977.924999999988
 10
16686.100000000002
 20
11977.924999999988
 10
16686.100000000002
 20
11388.962499999994
  0
TEXT
  5
413
330
17
100
AcDbEntity
  8
NESTED_RESULT
100
AcDbText
 10
16736.9
 20
11683.443749999991
 30
0.0
 40
23.51851851851818
  1
P-1104
 72
1
 11
16736.9
 21
11683.443749999991
 31
0.0
100
AcDbText
 73
2
  0
LWPOLYLINE
  5
414
330
17
100
AcDbEntity
  8
NESTED_RESULT
100
AcDbPolyline
 90
5
 70
0
 10
16024.112499999996
 20
11977.925000000017
 10
16024.112499999996
 20
12079.525000000023
 10
15435.150000000001
 20
12079.525000000023
 10
15435.150000000001
 20
11977.925000000017
 10
16024.112499999996
 20
11977.925000000017
  0
TEXT
  5
415
330
17
100
AcDbEntity
  8
NESTED_RESULT
100
AcDbText
 10
15729.631249999999
 20
12028.72500000002
 30
0.0
 40
30.0
  1
P-1105
 72
1
 11
15729.631249999999
 21
12028.72500000002
 31
0.0
100
AcDbText
 73
2
  0
LWPOLYLINE
  5
416
330
17
100
AcDbEntity
  8
NESTED_RESULT
100
AcDbPolyline
 90
5
 70
0
 10
16613.07499999999
 20
11977.925000000017
 10
16613.07499999999
 20
12079.525000000009
 10
16024.112499999996
 20
12079.525000000009
 10
16024.112499999996
 20
11977.925000000017
 10
16613.07499999999
 20
11977.925000000017
  0
TEXT
  5
417
330
17
100
AcDbEntity
  8
NESTED_RESULT
100
AcDbText
 10
16318.593749999993
 20
12028.725000000013
 30
0.0
 40
30.0
  1
P-1106
 72
1
 11
16318.593749999993
 21
12028.725000000013
 31
0.0
100
AcDbText
 73
2
  0
LWPOLYLINE
  5
418
330
17
100
AcDbEntity
  8
NESTED_RESULT
100
AcDbPolyline
 90
5
 70
0
 10
16613.07499999999
 20
12079.525000000009
 10
16613.07499999999
 20
12181.125
 10
16024.112499999996
 20
12181.125
 10
16024.112499999996
 20
12079.525000000009
 10
16613.07499999999
 20
12079.525000000009
  0
TEXT
  5
419
330
17
100
AcDbEntity
  8
NESTED_RESULT
100
AcDbText
 10
16318.593749999993
 20
12130.325000000004
 30
0.0
 40
30.0
  1
P-1107
 72
1
 11
16318.593749999993
 21
12130.325000000004
 31
0.0
100
AcDbText
 73
2
  0
LWPOLYLINE
  5
41A
330
17
100
AcDbEntity
  8
NESTED_RESULT
100
AcDbPolyline
 90
5
 70
0
 10
16024.112499999996
 20
12079.525000000023
 10
16024.112499999996
 20
12181.125000000015
 10
15435.150000000001
 20
12181.125000000015
 10
15435.150000000001
 20
12079.525000000023
 10
16024.112499999996
 20
12079.525000000023
  0
TEXT
  5
41B
330
17
100
AcDbEntity
  8
NESTED_RESULT
100
AcDbText
 10
15729.631249999999
 20
12130.325000000019
 30
0.0
 40
30.0
  1
P-1108
 72
1
 11
15729.631249999999
 21
12130.325000000019
 31
0.0
100
AcDbText
 73
2
  0
LWPOLYLINE
  5
41C
330
17
100
AcDbEntity
  8
NESTED_RESULT
100
AcDbPolyline
 90
5
 70
0
 10
14188.962499999994
 20
12089.050000000017
 10
14188.962499999994
 20
12190.650000000009
 10
13600.0
 20
12190.650000000009
 10
13600.0
 20
12089.050000000017
 10
14188.962499999994
 20
12089.050000000017
  0
TEXT
  5
41D
330
17
100
AcDbEntity
  8
NESTED_RESULT
100
AcDbText
 10
13894.481249999997
 20
12139.850000000013
 30
0.0
 40
30.0
  1
P-1109
 72
1
 11
13894.481249999997
 21
12139.850000000013
 31
0.0
100
AcDbText
 73
2
  0
LWPOLYLINE
  5
41E
330
17
100
AcDbEntity
  8
NESTED_RESULT
100
AcDbPolyline
 90
5
 70
0
 10
14777.924999999988
 20
12089.050000000017
 10
14777.924999999988
 20
12190.650000000023
 10
14188.962499999994
 20
12190.650000000023
 10
14188.962499999994
 20
12089.050000000017
 10
14777.924999999988
 20
12089.050000000017
  0
TEXT
  5
41F
330
17
100
AcDbEntity
  8
NESTED_RESULT
100
AcDbText
 10
14483.443749999991
 20
12139.85000000002
 30
0.0
 40
30.0
  1
P-1110
 72
1
 11
14483.443749999991
 21
12139.85000000002
 31
0.0
100
AcDbText
 73
2
  0
LWPOLYLINE
  5
420
330
17
100
AcDbEntity
  8
NESTED_RESULT
100
AcDbPolyline
 90
5
 70
0
 10
15366.887499999983
 20
12089.050000000017
 10
15366.887499999983
 20
12190.650000000009
 10
14777.924999999988
 20
12190.650000000009
 10
14777.924999999988
 20
12089.050000000017
 10
15366.887499999983
 20
12089.050000000017
  0
TEXT
  5
421
330
17
100
AcDbEntity
  8
NESTED_RESULT
100
AcDbText
 10
15072.406249999985
 20
12139.850000000013
 30
0.0
 40
30.0
  1
P-1111
 72
1
 11
15072.406249999985
 21
12139.850000000013
 31
0.0
100
AcDbText
 73
2
  0
LWPOLYLINE
  5
422
330
17
100
AcDbEntity
  8
NESTED_RESULT
100
AcDbPolyline
 90
5
 70
0
 10
16613.07499999999
 20
12181.125
 10
16613.07499999999
 20
12282.724999999991
 10
16024.112499999996
 20
12282.724999999991
 10
16024.112499999996
 20
12181.125
 10
16613.07499999999
 20
12181.125
  0
TEXT
  5
423
330
17
100
AcDbEntity
  8
NESTED_RESULT
100
AcDbText
 10
16318.593749999993
 20
12231.924999999996
 30
0.0
 40
30.0
  1
P-1112
 72
1
 11
16318.593749999993
 21
12231.924999999996
 31
0.0
100
AcDbText
 73
2
  0
LWPOLYLINE
  5
424
330
17
100
AcDbEntity
  8
NESTED_RESULT
100
AcDbPolyline
 90
5
 70
0
 10
15955.849999999977
 20
12181.125000000015
 10
15955.849999999977
 20
12282.725000000006
 10
15366.887499999983
 20
12282.725000000006
 10
15366.887499999983
 20
12181.125000000015
 10
15955.849999999977
 20
12181.125000000015
  0
TEXT
  5
425
330
17
100
AcDbEntity
  8
NESTED_RESULT
100
AcDbText
 10
15661.36874999998
 20
12231.92500000001
 30
0.0
 40
30.0
  1
P-1113
 72
1
 11
15661.36874999998
 21
12231.92500000001
 31
0.0
100
AcDbText
 73
2
  0
LWPOLYLINE
  5
426
330
17
100
AcDbEntity
  8
NESTED_RESULT
100
AcDbPolyline
 90
5
 70
0
 10
14188.962499999994
 20
12190.650000000009
 10
14188.962499999994
 20
12292.25
 10
13600.0
 20
12292.25
 10
13600.0
 20
12190.650000000009
 10
14188.962499999994
 20
12190.650000000009
  0
TEXT
  5
427
330
17
100
AcDbEntity
  8
NESTED_RESULT
100
AcDbText
 10
13894.481249999997
 20
12241.450000000004
 30
0.0
 40
30.0
  1
P-1114
 72
1
 11
13894.481249999997
 21
12241.450000000004
 31
0.0
100
AcDbText
 73
2
  0
LWPOLYLINE
  5
428
330
17
100
AcDbEntity
  8
NESTED_RESULT
100
AcDbPolyline
 90
5
 70
0
 10
15366.887499999983
 20
12190.650000000009
 10
15366.887499999983
 20
12292.250000000015
 10
14777.924999999988
 20
12292.250000000015
 10
14777.924999999988
 20
12190.650000000009
 10
15366.887499999983
 20
12190.650000000009
  0
TEXT
  5
429
330
17
100
AcDbEntity
  8
NESTED_RESULT
100
AcDbText
 10
15072.406249999985
 20
12241.450000000012
 30
0.0
 40
30.0
  1
P-1115
 72
1
 11
15072.406249999985
 21
12241.450000000012
 31
0.0
100
AcDbText
 73
2
  0
LWPOLYLINE
  5
42A
330
17
100
AcDbEntity
  8
NESTED_RESULT
100
AcDbPolyline
 90
5
 70
0
 10
14777.924999999988
 20
12190.650000000023
 10
14777.924999999988
 20
12292.250000000015
 10
14188.962499999994
 20
12292.250000000015
 10
14188.962499999994
 20
12190.650000000023
 10
14777.924999999988
 20
12190.650000000023
  0
TEXT
  5
42B
330
17
100
AcDbEntity
  8
NESTED_RESULT
100
AcDbText
 10
14483.443749999991
 20
12241.450000000019
 30
0.0
 40
30.0
  1
P-1116
 72
1
 11
14483.443749999991
 21
12241.450000000019
 31
0.0
100
AcDbText
 73
2
  0
LWPOLYLINE
  5
42C
330
17
100
AcDbEntity
  8
NESTED_RESULT
100
AcDbPolyline
 90
5
 70
0
 10
16544.81249999997
 20
12282.724999999991
 10
16544.81249999997
 20
12384.324999999983
 10
15955.849999999977
 20
12384.324999999983
 10
15955.849999999977
 20
12282.724999999991
 10
16544.81249999997
 20
12282.724999999991
  0
TEXT
  5
42D
330
17
100
AcDbEntity
  8
NESTED_RESULT
100
AcDbText
 10
16250.331249999974
 20
12333.524999999987
 30
0.0
 40
30.0
  1
P-1117
 72
1
 11
16250.331249999974
 21
12333.524999999987
 31
0.0
100
AcDbText
 73
2
  0
LWPOLYLINE
  5
42E
330
17
100
AcDbEntity
  8
NESTED_RESULT
100
AcDbPolyline
 90
5
 70
0
 10
15955.849999999977
 20
12282.725000000006
 10
15955.849999999977
 20
12384.325000000012
 10
15366.887499999983
 20
12384.325000000012
 10
15366.887499999983
 20
12282.725000000006
 10
15955.849999999977
 20
12282.725000000006
  0
TEXT
  5
42F
330
17
100
AcDbEntity
  8
NESTED_RESULT
100
AcDbText
 10
15661.36874999998
 20
12333.525000000009
 30
0.0
 40
30.0
  1
P-1118
 72
1
 11
15661.36874999998
 21
12333.525000000009
 31
0.0
100
AcDbText
 73
2
  0
LWPOLYLINE
  5
430
330
17
100
AcDbEntity
  8
NESTED_RESULT
100
AcDbPolyline
 90
5
 70
0
 10
14188.962499999994
 20
12292.25
 10
14188.962499999994
 20
12393.850000000006
 10
13600.0
 20
12393.850000000006
 10
13600.0
 20
12292.25
 10
14188.962499999994
 20
12292.25
  0
TEXT
  5
431
330
17
100
AcDbEntity
  8
NESTED_RESULT
100
AcDbText
 10
13894.481249999997
 20
12343.050000000003
 30
0.0
 40
30.0
  1
P-1119
 72
1
 11
13894.481249999997
 21
12343.050000000003
 31
0.0
100
AcDbText
 73
2
  0
LWPOLYLINE
  5
432
330
17
100
AcDbEntity
  8
NESTED_RESULT
100
AcDbPolyline
 90
5
 70
0
 10
14188.962499999994
 20
12393.850000000006
 10
14188.962499999994
 20
12292.250000000015
 10
14777.924999999988
 20
12292.250000000015
 10
14777.924999999988
 20
12393.850000000006
 10
14188.962499999994
 20
12393.850000000006
  0
TEXT
  5
433
330
17
100
AcDbEntity
  8
NESTED_RESULT
100
AcDbText
 10
14483.443749999991
 20
12343.05000000001
 30
0.0
 40
30.0
  1
P-1120
 72
1
 11
14483.443749999991
 21
12343.05000000001
 31
0.0
100
AcDbText
 73
2
  0
LWPOLYLINE
  5
434
330
17
100
AcDbEntity
  8
NESTED_RESULT
100
AcDbPolyline
 90
5
 70
0
 10
15366.887499999983
 20
12292.250000000015
 10
15366.887499999983
 20
12393.850000000006
 10
14777.924999999988
 20
12393.850000000006
 10
14777.924999999988
 20
12292.250000000015
 10
15366.887499999983
 20
12292.250000000015
  0
TEXT
  5
435
330
17
100
AcDbEntity
  8
NESTED_RESULT
100
AcDbText
 10
15072.406249999985
 20
12343.05000000001
 30
0.0
 40
30.0
  1
P-1121
 72
1
 11
15072.406249999985
 21
12343.05000000001
 31
0.0
100
AcDbText
 73
2
  0
LWPOLYLINE
  5
436
330
17
100
AcDbEntity
  8
NESTED_RESULT
 62
1
100
AcDbPolyline
 90
5
 70
0
 10
17000.0
 20
10800.0
 10
20200.0
 20
10800.0
 10
20200.0
 20
12400.0
 10
17000.0
 20
12400.0
 10
17000.0
 20
10800.0
  0
TEXT
  5
437
330
17
100
AcDbEntity
  8
NESTED_RESULT
 62
1
100
AcDbText
 10
17000.0
 20
12430.0
 30
0.0
 40
50.0
  1
Sheet_42
 11
17000.0
 21
12430.0
 31
0.0
100
AcDbText
 73
1
  0
LWPOLYLINE
  5
438
330
17
100
AcDbEntity
  8
NESTED_RESULT
100
AcDbPolyline
 90
5
 70
0
 10
17000.0
 20
10800.0
 10
18835.15
 20
10800.0
 10
18835.15
 20
11444.525000000009
 10
17000.0
 20
11444.525000000009
 10
17000.0
 20
10800.0
  0
TEXT
  5
439
330
17
100
AcDbEntity
  8
NESTED_RESULT
100
AcDbText
 10
17917.575
 20
11122.262500000004
 30
0.0
 40
80.0
  1
P-0101
 72
1
 11
17917.575
 21
11122.262500000004
 31
0.0
100
AcDbText
 73
2
  0
LWPOLYLINE
  5
43A
330
17
100
AcDbEntity
  8
NESTED_RESULT
100
AcDbPolyline
 90
5
 70
0
 10
17000.0
 20
11444.525000000009
 10
18835.15
 20
11444.525000000009
 10
18835.15
 20
12089.050000000017
 10
17000.0
 20
12089.050000000017
 10
17000.0
 20
11444.525000000009
  0
TEXT
  5
43B
330
17
100
AcDbEntity
  8
NESTED_RESULT
100
AcDbText
 10
17917.575
 20
11766.787500000013
 30
0.0
 40
80.0
  1
P-0102
 72
1
 11
17917.575
 21
11766.787500000013
 31
0.0
100
AcDbText
 73
2
  0
LWPOLYLINE
  5
43C
330
17
100
AcDbEntity
  8
NESTED_RESULT
100
AcDbPolyline
 90
5
 70
0
 10
18835.15
 20
11388.962500000009
 10
20086.1
 20
11388.962500000009
 10
20086.1
 20
10800.0
 10
18835.15
 20
10800.0
 10
18835.15
 20
11388.962500000009
  0
TEXT
  5
43D
330
17
100
AcDbEntity
  8
NESTED_RESULT
100
AcDbText
 10
19460.625
 20
11094.481250000004
 30
0.0
 40
80.0
  1
P-0208
 72
1
 11
19460.625
 21
11094.481250000004
 31
0.0
100
AcDbText
 73
2
  0
LWPOLYLINE
  5
43E
330
17
100
AcDbEntity
  8
NESTED_RESULT
100
AcDbPolyline
 90
5
 70
0
 10
18835.15
 20
11977.925000000017
 10
20086.1
 20
11977.925000000017
 10
20086.1
 20
11388.962500000009
 10
18835.15
 20
11388.962500000009
 10
18835.15
 20
11977.925000000017
  0
TEXT
  5
43F
330
17
100
AcDbEntity
  8
NESTED_RESULT
100
AcDbText
 10
19460.625
 20
11683.443750000013
 30
0.0
 40
80.0
  1
P-0209
 72
1
 11
19460.625
 21
11683.443750000013
 31
0.0
100
AcDbText
 73
2
  0
LWPOLYLINE
  5
440
330
17
100
AcDbEntity
  8
NESTED_RESULT
100
AcDbPolyline
 90
5
 70
0
 10
20086.1
 20
10800.0
 10
20187.699999999997
 20
10800.0
 10
20187.699999999997
 20
11388.962499999994
 10
20086.1
 20
11388.962499999994
 10
20086.1
 20
10800.0
  0
TEXT
  5
441
330
17
100
AcDbEntity
  8
NESTED_RESULT
100
AcDbText
 10
20136.899999999998
 20
11094.481249999997
 30
0.0
 40
23.51851851851818
  1
P-1122
 72
1
 11
20136.899999999998
 21
11094.481249999997
 31
0.0
100
AcDbText
 73
2
  0
LWPOLYLINE
  5
442
330
17
100
AcDbEntity
  8
NESTED_RESULT
100
AcDbPolyline
 90
5
 70
0
 10
20086.1
 20
11388.962499999994
 10
20187.699999999997
 20
11388.962499999994
 10
20187.699999999997
 20
11977.924999999988
 10
20086.1
 20
11977.924999999988
 10
20086.1
 20
11388.962499999994
  0
TEXT
  5
443
330
17
100
AcDbEntity
  8
NESTED_RESULT
100
AcDbText
 10
20136.899999999998
 20
11683.443749999991
 30
0.0
 40
23.51851851851818
  1
P-1123
 72
1
 11
20136.899999999998
 21
11683.443749999991
 31
0.0
100
AcDbText
 73
2
  0
LWPOLYLINE
  5
444
330
17
100
AcDbEntity
  8
NESTED_RESULT
100
AcDbPolyline
 90
5
 70
0
 10
19424.112499999996
 20
11977.925000000017
 10
19424.112499999996
 20
12079.525000000023
 10
18835.15
 20
12079.525000000023
 10
18835.15
 20
11977.925000000017
 10
19424.112499999996
 20
11977.925000000017
  0
TEXT
  5
445
330
17
100
AcDbEntity
  8
NESTED_RESULT
100
AcDbText
 10
19129.63125
 20
12028.72500000002
 30
0.0
 40
30.0
  1
P-1124
 72
1
 11
19129.63125
 21
12028.72500000002
 31
0.0
100
AcDbText
 73
2
  0
LWPOLYLINE
  5
446
330
17
100
AcDbEntity
  8
NESTED_RESULT
100
AcDbPolyline
 90
5
 70
0
 10
20013.07499999999
 20
11977.925000000017
 10
20013.07499999999
 20
12079.525000000023
 10
19424.112499999996
 20
12079.525000000023
 10
19424.112499999996
 20
11977.925000000017
 10
20013.07499999999
 20
11977.925000000017
  0
TEXT
  5
447
330
17
100
AcDbEntity
  8
NESTED_RESULT
100
AcDbText
 10
19718.593749999993
 20
12028.72500000002
 30
0.0
 40
30.0
  1
P-1125
 72
1
 11
19718.593749999993
 21
12028.72500000002
 31
0.0
100
AcDbText
 73
2
  0
LWPOLYLINE
  5
448
330
17
100
AcDbEntity
  8
NESTED_RESULT
100
AcDbPolyline
 90
5
 70
0
 10
19424.112499999996
 20
12079.525000000023
 10
19424.112499999996
 20
12181.125000000015
 10
18835.15
 20
12181.125000000015
 10
18835.15
 20
12079.525000000023
 10
19424.112499999996
 20
12079.525000000023
  0
TEXT
  5
449
330
17
100
AcDbEntity
  8
NESTED_RESULT
100
AcDbText
 10
19129.63125
 20
12130.325000000019
 30
0.0
 40
30.0
  1
P-1126
 72
1
 11
19129.63125
 21
12130.325000000019
 31
0.0
100
AcDbText
 73
2
  0
LWPOLYLINE
  5
44A
330
17
100
AcDbEntity
  8
NESTED_RESULT
100
AcDbPolyline
 90
5
 70
0
 10
20013.07499999999
 20
12079.525000000023
 10
20013.07499999999
 20
12181.125000000015
 10
19424.112499999996
 20
12181.125000000015
 10
19424.112499999996
 20
12079.525000000023
 10
20013.07499999999
 20
12079.525000000023
  0
TEXT
  5
44B
330
17
100
AcDbEntity
  8
NESTED_RESULT
100
AcDbText
 10
19718.593749999993
 20
12130.325000000019
 30
0.0
 40
30.0
  1
P-1127
 72
1
 11
19718.593749999993
 21
12130.325000000019
 31
0.0
100
AcDbText
 73
2
  0
LWPOLYLINE
  5
44C
330
17
100
AcDbEntity
  8
NESTED_RESULT
100
AcDbPolyline
 90
5
 70
0
 10
17588.962499999994
 20
12089.050000000017
 10
17588.962499999994
 20
12190.650000000009
 10
17000.0
 20
12190.650000000009
 10
17000.0
 20
12089.050000000017
 10
17588.962499999994
 20
12089.050000000017
  0
TEXT
  5
44D
330
17
100
AcDbEntity
  8
NESTED_RESULT
100
AcDbText
 10
17294.481249999997
 20
12139.850000000013
 30
0.0
 40
30.0
  1
P-1128
 72
1
 11
17294.481249999997
 21
12139.850000000013
 31
0.0
100
AcDbText
 73
2
  0
LWPOLYLINE
  5
44E
330
17
100
AcDbEntity
  8
NESTED_RESULT
100
AcDbPolyline
 90
5
 70
0
 10
18177.92499999999
 20
12089.050000000017
 10
18177.92499999999
 20
12190.650000000023
 10
17588.962499999994
 20
12190.650000000023
 10
17588.962499999994
 20
12089.050000000017
 10
18177.92499999999
 20
12089.050000000017
  0
TEXT
  5
44F
330
17
100
AcDbEntity
  8
NESTED_RESULT
100
AcDbText
 10
17883.44374999999
 20
12139.85000000002
 30
0.0
 40
30.0
  1
P-1129
 72
1
 11
17883.44374999999
 21
12139.85000000002
 31
0.0
100
AcDbText
 73
2
  0
LWPOLYLINE
  5
450
330
17
100
AcDbEntity
  8
NESTED_RESULT
100
AcDbPolyline
 90
5
 70
0
 10
18766.887499999983
 20
12089.050000000017
 10
18766.887499999983
 20
12190.650000000009
 10
18177.92499999999
 20
12190.650000000009
 10
18177.92499999999
 20
12089.050000000017
 10
18766.887499999983
 20
12089.050000000017
  0
TEXT
  5
451
330
17
100
AcDbEntity
  8
NESTED_RESULT
100
AcDbText
 10
18472.406249999985
 20
12139.850000000013
 30
0.0
 40
30.0
  1
P-1130
 72
1
 11
18472.406249999985
 21
12139.850000000013
 31
0.0
100
AcDbText
 73
2
  0
LWPOLYLINE
  5
452
330
17
100
AcDbEntity
  8
NESTED_RESULT
100
AcDbPolyline
 90
5
 70
0
 10
19355.849999999977
 20
12181.125000000015
 10
19355.849999999977
 20
12282.725000000006
 10
18766.887499999983
 20
12282.725000000006
 10
18766.887499999983
 20
12181.125000000015
 10
19355.849999999977
 20
12181.125000000015
  0
TEXT
  5
453
330
17
100
AcDbEntity
  8
NESTED_RESULT
100
AcDbText
 10
19061.36874999998
 20
12231.92500000001
 30
0.0
 40
30.0
  1
P-1131
 72
1
 11
19061.36874999998
 21
12231.92500000001
 31
0.0
100
AcDbText
 73
2
  0
LWPOLYLINE
  5
454
330
17
100
AcDbEntity
  8
NESTED_RESULT
100
AcDbPolyline
 90
5
 70
0
 10
19944.81249999997
 20
12181.125000000015
 10
19944.81249999997
 20
12282.725000000006
 10
19355.849999999977
 20
12282.725000000006
 10
19355.849999999977
 20
12181.125000000015
 10
19944.81249999997
 20
12181.125000000015
  0
TEXT
  5
455
330
17
100
AcDbEntity
  8
NESTED_RESULT
100
AcDbText
 10
19650.331249999974
 20
12231.92500000001
 30
0.0
 40
30.0
  1
P-1132
 72
1
 11
19650.331249999974
 21
12231.92500000001
 31
0.0
100
AcDbText
 73
2
  0
LWPOLYLINE
  5
456
330
17
100
AcDbEntity
  8
NESTED_RESULT
100
AcDbPolyline
 90
5
 70
0
 10
17588.96249999999
 20
12190.650000000009
 10
17588.96249999999
 20
12292.250000000007
 10
17000.0
 20
12292.250000000007
 10
17000.0
 20
12190.650000000009
 10
17588.96249999999
 20
12190.650000000009
  0
TEXT
  5
457
330
17
100
AcDbEntity
  8
NESTED_RESULT
100
AcDbText
 10
17294.481249999997
 20
12241.450000000008
 30
0.0
 40
30.0
  1
P-1139
 72
1
 11
17294.481249999997
 21
12241.450000000008
 31
0.0
100
AcDbText
 73
2
  0
LWPOLYLINE
  5
458
330
17
100
AcDbEntity
  8
NESTED_RESULT
100
AcDbPolyline
 90
5
 70
0
 10
18766.88749999998
 20
12190.650000000009
 10
18766.88749999998
 20
12292.250000000007
 10
18177.92499999999
 20
12292.250000000007
 10
18177.92499999999
 20
12190.650000000009
 10
18766.88749999998
 20
12190.650000000009
  0
TEXT
  5
459
330
17
100
AcDbEntity
  8
NESTED_RESULT
100
AcDbText
 10
18472.406249999985
 20
12241.450000000008
 30
0.0
 40
30.0
  1
P-1140
 72
1
 11
18472.406249999985
 21
12241.450000000008
 31
0.0
100
AcDbText
 73
2
  0
LWPOLYLINE
  5
45A
330
17
100
AcDbEntity
  8
NESTED_RESULT
100
AcDbPolyline
 90
5
 70
0
 10
18177.92499999998
 20
12190.650000000023
 10
18177.92499999998
 20
12292.250000000022
 10
17588.96249999999
 20
12292.250000000022
 10
17588.96249999999
 20
12190.650000000023
 10
18177.92499999998
 20
12190.650000000023
  0
TEXT
  5
45B
330
17
100
AcDbEntity
  8
NESTED_RESULT
100
AcDbText
 10
17883.443749999984
 20
12241.450000000023
 30
0.0
 40
30.0
  1
P-1141
 72
1
 11
17883.443749999984
 21
12241.450000000023
 31
0.0
100
AcDbText
 73
2
  0
LWPOLYLINE
  5
45C
330
17
100
AcDbEntity
  8
NESTED_RESULT
100
AcDbPolyline
 90
5
 70
0
 10
19355.84999999997
 20
12282.725000000006
 10
19355.84999999997
 20
12384.325000000004
 10
18766.88749999998
 20
12384.325000000004
 10
18766.88749999998
 20
12282.725000000006
 10
19355.84999999997
 20
12282.725000000006
  0
TEXT
  5
45D
330
17
100
AcDbEntity
  8
NESTED_RESULT
100
AcDbText
 10
19061.368749999972
 20
12333.525000000005
 30
0.0
 40
30.0
  1
P-1142
 72
1
 11
19061.368749999972
 21
12333.525000000005
 31
0.0
100
AcDbText
 73
2
  0
LWPOLYLINE
  5
45E
330
17
100
AcDbEntity
  8
NESTED_RESULT
100
AcDbPolyline
 90
5
 70
0
 10
19944.81249999995
 20
12282.725000000006
 10
19944.81249999995
 20
12384.325000000012
 10
19355.84999999997
 20
12384.325000000012
 10
19355.84999999997
 20
12282.725000000006
 10
19944.81249999995
 20
12282.725000000006
  0
TEXT
  5
45F
330
17
100
AcDbEntity
  8
NESTED_RESULT
100
AcDbText
 10
19650.33124999996
 20
12333.525000000009
 30
0.0
 40
30.0
  1
P-1148
 72
1
 11
19650.33124999996
 21
12333.525000000009
 31
0.0
100
AcDbText
 73
2
  0
LWPOLYLINE
  5
460
330
17
100
AcDbEntity
  8
NESTED_RESULT
100
AcDbPolyline
 90
5
 70
0
 10
17588.96249999998
 20
12292.250000000015
 10
17588.96249999998
 20
12393.850000000006
 10
17000.0
 20
12393.850000000006
 10
17000.0
 20
12292.250000000015
 10
17588.96249999998
 20
12292.250000000015
  0
TEXT
  5
461
330
17
100
AcDbEntity
  8
NESTED_RESULT
100
AcDbText
 10
17294.48124999999
 20
12343.05000000001
 30
0.0
 40
30.0
  1
P-1149
 72
1
 11
17294.48124999999
 21
12343.05000000001
 31
0.0
100
AcDbText
 73
2
  0
LWPOLYLINE
  5
462
330
17
100
AcDbEntity
  8
NESTED_RESULT
100
AcDbPolyline
 90
5
 70
0
 10
18177.924999999886
 20
12292.25000000003
 10
18177.924999999886
 20
12393.850000000035
 10
17588.96249999998
 20
12393.850000000035
 10
17588.96249999998
 20
12292.25000000003
 10
18177.924999999886
 20
12292.25000000003
  0
TEXT
  5
463
330
17
100
AcDbEntity
  8
NESTED_RESULT
100
AcDbText
 10
17883.443749999933
 20
12343.050000000032
 30
0.0
 40
30.0
  1
P-1197
 72
1
 11
17883.443749999933
 21
12343.050000000032
 31
0.0
100
AcDbText
 73
2
  0
LWPOLYLINE
  5
464
330
17
100
AcDbEntity
  8
NESTED_RESULT
100
AcDbPolyline
 90
5
 70
0
 10
18177.924999999886
 20
12393.85000000002
 10
18177.924999999886
 20
12292.25000000003
 10
18766.887499999793
 20
12292.25000000003
 10
18766.887499999793
 20
12393.85000000002
 10
18177.924999999886
 20
12393.85000000002
  0
TEXT
  5
465
330
17
100
AcDbEntity
  8
NESTED_RESULT
100
AcDbText
 10
18472.40624999984
 20
12343.050000000025
 30
0.0
 40
30.0
  1
P-1198
 72
1
 11
18472.40624999984
 21
12343.050000000025
 31
0.0
100
AcDbText
 73
2
  0
LWPOLYLINE
  5
466
330
17
100
AcDbEntity
  8
NESTED_RESULT
 62
1
100
AcDbPolyline
 90
5
 70
0
 10
0.0
 20
12600.0
 10
3200.0
 20
12600.0
 10
3200.0
 20
14200.0
 10
0.0
 20
14200.0
 10
0.0
 20
12600.0
  0
TEXT
  5
467
330
17
100
AcDbEntity
  8
NESTED_RESULT
 62
1
100
AcDbText
 10
0.0
 20
14230.0
 30
0.0
 40
50.0
  1
Sheet_43
 11
0.0
 21
14230.0
 31
0.0
100
AcDbText
 73
1
  0
LWPOLYLINE
  5
468
330
17
100
AcDbEntity
  8
NESTED_RESULT
100
AcDbPolyline
 90
5
 70
0
 10
0.0
 20
12600.0
 10
1835.1499999999996
 20
12600.0
 10
1835.1499999999996
 20
13244.525000000009
 10
0.0
 20
13244.525000000009
 10
0.0
 20
12600.0
  0
TEXT
  5
469
330
17
100
AcDbEntity
  8
NESTED_RESULT
100
AcDbText
 10
917.5749999999998
 20
12922.262500000004
 30
0.0
 40
80.0
  1
P-0103
 72
1
 11
917.5749999999998
 21
12922.262500000004
 31
0.0
100
AcDbText
 73
2
  0
LWPOLYLINE
  5
46A
330
17
100
AcDbEntity
  8
NESTED_RESULT
100
AcDbPolyline
 90
5
 70
0
 10
0.0
 20
13244.525000000009
 10
1835.1499999999996
 20
13244.525000000009
 10
1835.1499999999996
 20
13889.050000000017
 10
0.0
 20
13889.050000000017
 10
0.0
 20
13244.525000000009
  0
TEXT
  5
46B
330
17
100
AcDbEntity
  8
NESTED_RESULT
100
AcDbText
 10
917.5749999999998
 20
13566.787500000013
 30
0.0
 40
80.0
  1
P-0104
 72
1
 11
917.5749999999998
 21
13566.787500000013
 31
0.0
100
AcDbText
 73
2
  0
LWPOLYLINE
  5
46C
330
17
100
AcDbEntity
  8
NESTED_RESULT
100
AcDbPolyline
 90
5
 70
0
 10
1835.1499999999996
 20
13188.962500000009
 10
3086.099999999995
 20
13188.962500000009
 10
3086.099999999995
 20
12600.0
 10
1835.1499999999996
 20
12600.0
 10
1835.1499999999996
 20
13188.962500000009
  0
TEXT
  5
46D
330
17
100
AcDbEntity
  8
NESTED_RESULT
100
AcDbText
 10
2460.6249999999973
 20
12894.481250000004
 30
0.0
 40
80.0
  1
P-0210
 72
1
 11
2460.6249999999973
 21
12894.481250000004
 31
0.0
100
AcDbText
 73
2
  0
LWPOLYLINE
  5
46E
330
17
100
AcDbEntity
  8
NESTED_RESULT
100
AcDbPolyline
 90
5
 70
0
 10
1835.1499999999996
 20
13777.925000000017
 10
3086.099999999995
 20
13777.925000000017
 10
3086.099999999995
 20
13188.962500000009
 10
1835.1499999999996
 20
13188.962500000009
 10
1835.1499999999996
 20
13777.925000000017
  0
TEXT
  5
46F
330
17
100
AcDbEntity
  8
NESTED_RESULT
100
AcDbText
 10
2460.6249999999973
 20
13483.443750000013
 30
0.0
 40
80.0
  1
P-0211
 72
1
 11
2460.6249999999973
 21
13483.443750000013
 31
0.0
100
AcDbText
 73
2
  0
LWPOLYLINE
  5
470
330
17
100
AcDbEntity
  8
NESTED_RESULT
100
AcDbPolyline
 90
5
 70
0
 10
3187.699999999997
 20
13188.962499999907
 10
3086.0999999999985
 20
13188.962499999907
 10
3086.0999999999985
 20
12600.0
 10
3187.699999999997
 20
12600.0
 10
3187.699999999997
 20
13188.962499999907
  0
TEXT
  5
471
330
17
100
AcDbEntity
  8
NESTED_RESULT
100
AcDbText
 10
3136.899999999998
 20
12894.481249999953
 30
0.0
 40
23.51851851851818
  1
P-1199
 72
1
 11
3136.899999999998
 21
12894.481249999953
 31
0.0
100
AcDbText
 73
2
  0
LWPOLYLINE
  5
472
330
17
100
AcDbEntity
  8
NESTED_RESULT
100
AcDbPolyline
 90
5
 70
0
 10
3086.0999999999985
 20
13188.962499999907
 10
3187.699999999997
 20
13188.962499999907
 10
3187.699999999997
 20
13777.924999999814
 10
3086.0999999999985
 20
13777.924999999814
 10
3086.0999999999985
 20
13188.962499999907
  0
TEXT
  5
473
330
17
100
AcDbEntity
  8
NESTED_RESULT
100
AcDbText
 10
3136.899999999998
 20
13483.44374999986
 30
0.0
 40
23.51851851851818
  1
P-1200
 72
1
 11
3136.899999999998
 21
13483.44374999986
 31
0.0
100
AcDbText
 73
2
  0
LWPOLYLINE
  5
474
330
17
100
AcDbEntity
  8
NESTED_RESULT
100
AcDbPolyline
 90
5
 70
0
 10
2424.1125000000084
 20
13777.925000000017
 10
2424.1125000000084
 20
13879.525000000009
 10
1835.1499999999996
 20
13879.525000000009
 10
1835.1499999999996
 20
13777.925000000017
 10
2424.1125000000084
 20
13777.925000000017
  0
TEXT
  5
475
330
17
100
AcDbEntity
  8
NESTED_RESULT
100
AcDbText
 10
2129.631250000004
 20
13828.725000000013
 30
0.0
 40
30.0
  1
P-1031
 72
1
 11
2129.631250000004
 21
13828.725000000013
 31
0.0
100
AcDbText
 73
2
  0
LWPOLYLINE
  5
476
330
17
100
AcDbEntity
  8
NESTED_RESULT
100
AcDbPolyline
 90
5
 70
0
 10
3013.07500000001
 20
13777.925000000017
 10
3013.07500000001
 20
13879.525000000016
 10
2424.1125000000084
 20
13879.525000000016
 10
2424.1125000000084
 20
13777.925000000017
 10
3013.07500000001
 20
13777.925000000017
  0
TEXT
  5
477
330
17
100
AcDbEntity
  8
NESTED_RESULT
100
AcDbText
 10
2718.593750000009
 20
13828.725000000017
 30
0.0
 40
30.0
  1
P-1070
 72
1
 11
2718.593750000009
 21
13828.725000000017
 31
0.0
100
AcDbText
 73
2
  0
LWPOLYLINE
  5
478
330
17
100
AcDbEntity
  8
NESTED_RESULT
100
AcDbPolyline
 90
5
 70
0
 10
2424.112500000001
 20
13879.525000000009
 10
2424.112500000001
 20
13981.125000000007
 10
1835.1499999999996
 20
13981.125000000007
 10
1835.1499999999996
 20
13879.525000000009
 10
2424.112500000001
 20
13879.525000000009
  0
TEXT
  5
479
330
17
100
AcDbEntity
  8
NESTED_RESULT
100
AcDbText
 10
2129.6312500000004
 20
13930.325000000008
 30
0.0
 40
30.0
  1
P-1071
 72
1
 11
2129.6312500000004
 21
13930.325000000008
 31
0.0
100
AcDbText
 73
2
  0
LWPOLYLINE
  5
47A
330
17
100
AcDbEntity
  8
NESTED_RESULT
100
AcDbPolyline
 90
5
 70
0
 10
2424.112500000001
 20
13981.125000000015
 10
2424.112500000001
 20
13879.525000000023
 10
3013.0749999999953
 20
13879.525000000023
 10
3013.0749999999953
 20
13981.125000000015
 10
2424.112500000001
 20
13981.125000000015
  0
TEXT
  5
47B
330
17
100
AcDbEntity
  8
NESTED_RESULT
100
AcDbText
 10
2718.593749999998
 20
13930.325000000019
 30
0.0
 40
30.0
  1
P-1134
 72
1
 11
2718.593749999998
 21
13930.325000000019
 31
0.0
100
AcDbText
 73
2
  0
LWPOLYLINE
  5
47C
330
17
100
AcDbEntity
  8
NESTED_RESULT
100
AcDbPolyline
 90
5
 70
0
 10
588.9624999999942
 20
13889.050000000017
 10
588.9624999999942
 20
13990.650000000009
 10
0.0
 20
13990.650000000009
 10
0.0
 20
13889.050000000017
 10
588.9624999999942
 20
13889.050000000017
  0
TEXT
  5
47D
330
17
100
AcDbEntity
  8
NESTED_RESULT
100
AcDbText
 10
294.4812499999971
 20
13939.850000000013
 30
0.0
 40
30.0
  1
P-1135
 72
1
 11
294.4812499999971
 21
13939.850000000013
 31
0.0
100
AcDbText
 73
2
  0
LWPOLYLINE
  5
47E
330
17
100
AcDbEntity
  8
NESTED_RESULT
100
AcDbPolyline
 90
5
 70
0
 10
1177.9249999999884
 20
13889.050000000017
 10
1177.9249999999884
 20
13990.650000000009
 10
588.9624999999942
 20
13990.650000000009
 10
588.9624999999942
 20
13889.050000000017
 10
1177.9249999999884
 20
13889.050000000017
  0
TEXT
  5
47F
330
17
100
AcDbEntity
  8
NESTED_RESULT
100
AcDbText
 10
883.4437499999913
 20
13939.850000000013
 30
0.0
 40
30.0
  1
P-1136
 72
1
 11
883.4437499999913
 21
13939.850000000013
 31
0.0
100
AcDbText
 73
2
  0
LWPOLYLINE
  5
480
330
17
100
AcDbEntity
  8
NESTED_RESULT
100
AcDbPolyline
 90
5
 70
0
 10
1766.8874999999825
 20
13889.050000000017
 10
1766.8874999999825
 20
13990.650000000009
 10
1177.9249999999884
 20
13990.650000000009
 10
1177.9249999999884
 20
13889.050000000017
 10
1766.8874999999825
 20
13889.050000000017
  0
TEXT
  5
481
330
17
100
AcDbEntity
  8
NESTED_RESULT
100
AcDbText
 10
1472.4062499999854
 20
13939.850000000013
 30
0.0
 40
30.0
  1
P-1137
 72
1
 11
1472.4062499999854
 21
13939.850000000013
 31
0.0
100
AcDbText
 73
2
  0
LWPOLYLINE
  5
482
330
17
100
AcDbEntity
  8
NESTED_RESULT
100
AcDbPolyline
 90
5
 70
0
 10
2355.849999999984
 20
13981.125000000007
 10
2355.849999999984
 20
14082.725000000006
 10
1766.8874999999825
 20
14082.725000000006
 10
1766.8874999999825
 20
13981.125000000007
 10
2355.849999999984
 20
13981.125000000007
  0
TEXT
  5
483
330
17
100
AcDbEntity
  8
NESTED_RESULT
100
AcDbText
 10
2061.3687499999833
 20
14031.925000000007
 30
0.0
 40
30.0
  1
P-1075
 72
1
 11
2061.3687499999833
 21
14031.925000000007
 31
0.0
100
AcDbText
 73
2
  0
LWPOLYLINE
  5
484
330
17
100
AcDbEntity
  8
NESTED_RESULT
100
AcDbPolyline
 90
5
 70
0
 10
2944.812499999978
 20
13981.125000000015
 10
2944.812499999978
 20
14082.725000000006
 10
2355.849999999984
 20
14082.725000000006
 10
2355.849999999984
 20
13981.125000000015
 10
2944.812499999978
 20
13981.125000000015
  0
TEXT
  5
485
330
17
100
AcDbEntity
  8
NESTED_RESULT
100
AcDbText
 10
2650.331249999981
 20
14031.92500000001
 30
0.0
 40
30.0
  1
P-1143
 72
1
 11
2650.331249999981
 21
14031.92500000001
 31
0.0
100
AcDbText
 73
2
  0
LWPOLYLINE
  5
486
330
17
100
AcDbEntity
  8
NESTED_RESULT
100
AcDbPolyline
 90
5
 70
0
 10
588.9625000000087
 20
13990.650000000009
 10
588.9625000000087
 20
14092.250000000007
 10
0.0
 20
14092.250000000007
 10
0.0
 20
13990.650000000009
 10
588.9625000000087
 20
13990.650000000009
  0
TEXT
  5
487
330
17
100
AcDbEntity
  8
NESTED_RESULT
100
AcDbText
 10
294.48125000000437
 20
14041.450000000008
 30
0.0
 40
30.0
  1
P-1041
 72
1
 11
294.48125000000437
 21
14041.450000000008
 31
0.0
100
AcDbText
 73
2
  0
LWPOLYLINE
  5
488
330
17
100
AcDbEntity
  8
NESTED_RESULT
100
AcDbPolyline
 90
5
 70
0
 10
1177.9250000000102
 20
13990.650000000009
 10
1177.9250000000102
 20
14092.250000000007
 10
588.9625000000087
 20
14092.250000000007
 10
588.9625000000087
 20
13990.650000000009
 10
1177.9250000000102
 20
13990.650000000009
  0
TEXT
  5
489
330
17
100
AcDbEntity
  8
NESTED_RESULT
100
AcDbText
 10
883.4437500000095
 20
14041.450000000008
 30
0.0
 40
30.0
  1
P-1084
 72
1
 11
883.4437500000095
 21
14041.450000000008
 31
0.0
100
AcDbText
 73
2
  0
LWPOLYLINE
  5
48A
330
17
100
AcDbEntity
  8
NESTED_RESULT
100
AcDbPolyline
 90
5
 70
0
 10
1766.8875000000116
 20
14082.725000000006
 10
1766.8875000000116
 20
14184.325000000004
 10
1177.9250000000102
 20
14184.325000000004
 10
1177.9250000000102
 20
14082.725000000006
 10
1766.8875000000116
 20
14082.725000000006
  0
TEXT
  5
48B
330
17
100
AcDbEntity
  8
NESTED_RESULT
100
AcDbText
 10
1472.406250000011
 20
14133.525000000005
 30
0.0
 40
30.0
  1
P-1085
 72
1
 11
1472.406250000011
 21
14133.525000000005
 31
0.0
100
AcDbText
 73
2
  0
LWPOLYLINE
  5
48C
330
17
100
AcDbEntity
  8
NESTED_RESULT
100
AcDbPolyline
 90
5
 70
0
 10
1766.8875000000116
 20
14082.725000000006
 10
2789.2375000000175
 20
14082.725000000006
 10
2789.2375000000175
 20
14184.325000000003
 10
1766.8875000000116
 20
14184.325000000003
 10
1766.8875000000116
 20
14082.725000000006
  0
TEXT
  5
48D
330
17
100
AcDbEntity
  8
NESTED_RESULT
100
AcDbText
 10
2278.0625000000146
 20
14133.525000000005
 30
0.0
 40
30.0
  1
P-0730
 72
1
 11
2278.0625000000146
 21
14133.525000000005
 31
0.0
100
AcDbText
 73
2
  0
LWPOLYLINE
  5
48E
330
17
100
AcDbEntity
  8
NESTED_RESULT
100
AcDbPolyline
 90
5
 70
0
 10
0.0
 20
14193.850000000006
 10
0.0
 20
14092.250000000015
 10
588.9625000000087
 20
14092.250000000015
 10
588.9625000000087
 20
14193.850000000006
 10
0.0
 20
14193.850000000006
  0
TEXT
  5
48F
330
17
100
AcDbEntity
  8
NESTED_RESULT
100
AcDbText
 10
294.48125000000437
 20
14143.05000000001
 30
0.0
 40
30.0
  1
P-1072
 72
1
 11
294.48125000000437
 21
14143.05000000001
 31
0.0
100
AcDbText
 73
2
  0
LWPOLYLINE
  5
490
330
17
100
AcDbEntity
  8
NESTED_RESULT
100
AcDbPolyline
 90
5
 70
0
 10
1177.9250000000102
 20
14092.250000000007
 10
1177.9250000000102
 20
14193.850000000006
 10
588.9625000000087
 20
14193.850000000006
 10
588.9625000000087
 20
14092.250000000007
 10
1177.9250000000102
 20
14092.250000000007
  0
TEXT
  5
491
330
17
100
AcDbEntity
  8
NESTED_RESULT
100
AcDbText
 10
883.4437500000095
 20
14143.050000000007
 30
0.0
 40
30.0
  1
P-1138
 72
1
 11
883.4437500000095
 21
14143.050000000007
 31
0.0
100
AcDbText
 73
2
  0
LWPOLYLINE
  5
492
330
17
100
AcDbEntity
  8
NESTED_RESULT
 62
1
100
AcDbPolyline
 90
5
 70
0
 10
3400.0
 20
12600.0
 10
6600.0
 20
12600.0
 10
6600.0
 20
14200.0
 10
3400.0
 20
14200.0
 10
3400.0
 20
12600.0
  0
TEXT
  5
493
330
17
100
AcDbEntity
  8
NESTED_RESULT
 62
1
100
AcDbText
 10
3400.0
 20
14230.0
 30
0.0
 40
50.0
  1
Sheet_44
 11
3400.0
 21
14230.0
 31
0.0
100
AcDbText
 73
1
  0
LWPOLYLINE
  5
494
330
17
100
AcDbEntity
  8
NESTED_RESULT
100
AcDbPolyline
 90
5
 70
0
 10
3400.0
 20
12600.0
 10
5235.149999999998
 20
12600.0
 10
5235.149999999998
 20
13244.525000000009
 10
3400.0
 20
13244.525000000009
 10
3400.0
 20
12600.0
  0
TEXT
  5
495
330
17
100
AcDbEntity
  8
NESTED_RESULT
100
AcDbText
 10
4317.574999999999
 20
12922.262500000004
 30
0.0
 40
80.0
  1
P-0105
 72
1
 11
4317.574999999999
 21
12922.262500000004
 31
0.0
100
AcDbText
 73
2
  0
LWPOLYLINE
  5
496
330
17
100
AcDbEntity
  8
NESTED_RESULT
100
AcDbPolyline
 90
5
 70
0
 10
3400.0
 20
13244.525000000009
 10
5235.149999999998
 20
13244.525000000009
 10
5235.149999999998
 20
13889.050000000017
 10
3400.0
 20
13889.050000000017
 10
3400.0
 20
13244.525000000009
  0
TEXT
  5
497
330
17
100
AcDbEntity
  8
NESTED_RESULT
100
AcDbText
 10
4317.574999999999
 20
13566.787500000013
 30
0.0
 40
80.0
  1
P-0106
 72
1
 11
4317.574999999999
 21
13566.787500000013
 31
0.0
100
AcDbText
 73
2
  0
LWPOLYLINE
  5
498
330
17
100
AcDbEntity
  8
NESTED_RESULT
100
AcDbPolyline
 90
5
 70
0
 10
5235.149999999998
 20
13188.962500000009
 10
6486.099999999991
 20
13188.962500000009
 10
6486.099999999991
 20
12600.0
 10
5235.149999999998
 20
12600.0
 10
5235.149999999998
 20
13188.962500000009
  0
TEXT
  5
499
330
17
100
AcDbEntity
  8
NESTED_RESULT
100
AcDbText
 10
5860.6249999999945
 20
12894.481250000004
 30
0.0
 40
80.0
  1
P-0212
 72
1
 11
5860.6249999999945
 21
12894.481250000004
 31
0.0
100
AcDbText
 73
2
  0
LWPOLYLINE
  5
49A
330
17
100
AcDbEntity
  8
NESTED_RESULT
100
AcDbPolyline
 90
5
 70
0
 10
5235.149999999998
 20
13777.925000000017
 10
6486.099999999988
 20
13777.925000000017
 10
6486.099999999988
 20
13188.962500000009
 10
5235.149999999998
 20
13188.962500000009
 10
5235.149999999998
 20
13777.925000000017
  0
TEXT
  5
49B
330
17
100
AcDbEntity
  8
NESTED_RESULT
100
AcDbText
 10
5860.624999999993
 20
13483.443750000013
 30
0.0
 40
80.0
  1
P-0213
 72
1
 11
5860.624999999993
 21
13483.443750000013
 31
0.0
100
AcDbText
 73
2
  0
LWPOLYLINE
  5
49C
330
17
100
AcDbEntity
  8
NESTED_RESULT
100
AcDbPolyline
 90
5
 70
0
 10
6486.099999999991
 20
12600.0
 10
6587.699999999988
 20
12600.0
 10
6587.699999999988
 20
13188.962499999994
 10
6486.099999999991
 20
13188.962499999994
 10
6486.099999999991
 20
12600.0
  0
TEXT
  5
49D
330
17
100
AcDbEntity
  8
NESTED_RESULT
100
AcDbText
 10
6536.89999999999
 20
12894.481249999997
 30
0.0
 40
23.51851851851776
  1
P-1145
 72
1
 11
6536.89999999999
 21
12894.481249999997
 31
0.0
100
AcDbText
 73
2
  0
LWPOLYLINE
  5
49E
330
17
100
AcDbEntity
  8
NESTED_RESULT
100
AcDbPolyline
 90
5
 70
0
 10
6486.099999999992
 20
13188.962499999994
 10
6587.699999999989
 20
13188.962499999994
 10
6587.699999999989
 20
13777.924999999988
 10
6486.099999999992
 20
13777.924999999988
 10
6486.099999999992
 20
13188.962499999994
  0
TEXT
  5
49F
330
17
100
AcDbEntity
  8
NESTED_RESULT
100
AcDbText
 10
6536.8999999999905
 20
13483.443749999991
 30
0.0
 40
23.51851851851776
  1
P-1146
 72
1
 11
6536.8999999999905
 21
13483.443749999991
 31
0.0
100
AcDbText
 73
2
  0
LWPOLYLINE
  5
4A0
330
17
100
AcDbEntity
  8
NESTED_RESULT
100
AcDbPolyline
 90
5
 70
0
 10
5824.112499999977
 20
13777.925000000017
 10
5824.112499999977
 20
13879.525000000009
 10
5235.149999999998
 20
13879.525000000009
 10
5235.149999999998
 20
13777.925000000017
 10
5824.112499999977
 20
13777.925000000017
  0
TEXT
  5
4A1
330
17
100
AcDbEntity
  8
NESTED_RESULT
100
AcDbText
 10
5529.631249999988
 20
13828.725000000013
 30
0.0
 40
30.0
  1
P-1150
 72
1
 11
5529.631249999988
 21
13828.725000000013
 31
0.0
100
AcDbText
 73
2
  0
LWPOLYLINE
  5
4A2
330
17
100
AcDbEntity
  8
NESTED_RESULT
100
AcDbPolyline
 90
5
 70
0
 10
5235.149999999998
 20
13879.525000000009
 10
6486.0999999999985
 20
13879.525000000009
 10
6486.0999999999985
 20
13981.125
 10
5235.149999999998
 20
13981.125
 10
5235.149999999998
 20
13879.525000000009
  0
TEXT
  5
4A3
330
17
100
AcDbEntity
  8
NESTED_RESULT
100
AcDbText
 10
5860.624999999998
 20
13930.325000000004
 30
0.0
 40
30.0
  1
P-0706
 72
1
 11
5860.624999999998
 21
13930.325000000004
 31
0.0
100
AcDbText
 73
2
  0
LWPOLYLINE
  5
4A4
330
17
100
AcDbEntity
  8
NESTED_RESULT
100
AcDbPolyline
 90
5
 70
0
 10
3400.0
 20
13889.050000000017
 10
4650.949999999997
 20
13889.050000000017
 10
4650.949999999997
 20
13990.650000000009
 10
3400.0
 20
13990.650000000009
 10
3400.0
 20
13889.050000000017
  0
TEXT
  5
4A5
330
17
100
AcDbEntity
  8
NESTED_RESULT
100
AcDbText
 10
4025.4749999999985
 20
13939.850000000013
 30
0.0
 40
30.0
  1
P-0707
 72
1
 11
4025.4749999999985
 21
13939.850000000013
 31
0.0
100
AcDbText
 73
2
  0
LWPOLYLINE
  5
4A6
330
17
100
AcDbEntity
  8
NESTED_RESULT
100
AcDbPolyline
 90
5
 70
0
 10
4650.949999999997
 20
13981.125
 10
5901.899999999994
 20
13981.125
 10
5901.899999999994
 20
14082.724999999991
 10
4650.949999999997
 20
14082.724999999991
 10
4650.949999999997
 20
13981.125
  0
TEXT
  5
4A7
330
17
100
AcDbEntity
  8
NESTED_RESULT
100
AcDbText
 10
5276.424999999996
 20
14031.924999999996
 30
0.0
 40
30.0
  1
P-0708
 72
1
 11
5276.424999999996
 21
14031.924999999996
 31
0.0
100
AcDbText
 73
2
  0
LWPOLYLINE
  5
4A8
330
17
100
AcDbEntity
  8
NESTED_RESULT
100
AcDbPolyline
 90
5
 70
0
 10
3400.0
 20
13990.650000000009
 10
4650.949999999996
 20
13990.650000000009
 10
4650.949999999996
 20
14092.25
 10
3400.0
 20
14092.25
 10
3400.0
 20
13990.650000000009
  0
TEXT
  5
4A9
330
17
100
AcDbEntity
  8
NESTED_RESULT
100
AcDbText
 10
4025.474999999998
 20
14041.450000000004
 30
0.0
 40
30.0
  1
P-0709
 72
1
 11
4025.474999999998
 21
14041.450000000004
 31
0.0
100
AcDbText
 73
2
  0
LWPOLYLINE
  5
4AA
330
17
100
AcDbEntity
  8
NESTED_RESULT
100
AcDbPolyline
 90
5
 70
0
 10
4650.949999999996
 20
14082.724999999991
 10
5901.899999999992
 20
14082.724999999991
 10
5901.899999999992
 20
14184.324999999983
 10
4650.949999999996
 20
14184.324999999983
 10
4650.949999999996
 20
14082.724999999991
  0
TEXT
  5
4AB
330
17
100
AcDbEntity
  8
NESTED_RESULT
100
AcDbText
 10
5276.424999999994
 20
14133.524999999987
 30
0.0
 40
30.0
  1
P-0710
 72
1
 11
5276.424999999994
 21
14133.524999999987
 31
0.0
100
AcDbText
 73
2
  0
LWPOLYLINE
  5
4AC
330
17
100
AcDbEntity
  8
NESTED_RESULT
100
AcDbPolyline
 90
5
 70
0
 10
3400.0
 20
14092.25
 10
4650.94999999999
 20
14092.25
 10
4650.94999999999
 20
14193.849999999991
 10
3400.0
 20
14193.849999999991
 10
3400.0
 20
14092.25
  0
TEXT
  5
4AD
330
17
100
AcDbEntity
  8
NESTED_RESULT
100
AcDbText
 10
4025.474999999995
 20
14143.049999999996
 30
0.0
 40
30.0
  1
P-0711
 72
1
 11
4025.474999999995
 21
14143.049999999996
 31
0.0
100
AcDbText
 73
2
  0
LWPOLYLINE
  5
4AE
330
17
100
AcDbEntity
  8
NESTED_RESULT
100
AcDbPolyline
 90
5
 70
0
 10
6413.07499999999
 20
13777.925000000017
 10
6413.07499999999
 20
13879.525000000009
 10
5824.112499999981
 20
13879.525000000009
 10
5824.112499999981
 20
13777.925000000017
 10
6413.07499999999
 20
13777.925000000017
  0
TEXT
  5
4AF
330
17
100
AcDbEntity
  8
NESTED_RESULT
100
AcDbText
 10
6118.593749999985
 20
13828.725000000013
 30
0.0
 40
30.0
  1
P-1151
 72
1
 11
6118.593749999985
 21
13828.725000000013
 31
0.0
100
AcDbText
 73
2
  0
LWPOLYLINE
  5
4B0
330
17
100
AcDbEntity
  8
NESTED_RESULT
100
AcDbPolyline
 90
5
 70
0
 10
5901.899999999994
 20
14082.724999999991
 10
5901.899999999994
 20
13981.125
 10
6490.862500000003
 20
13981.125
 10
6490.862500000003
 20
14082.724999999991
 10
5901.899999999994
 20
14082.724999999991
  0
TEXT
  5
4B1
330
17
100
AcDbEntity
  8
NESTED_RESULT
100
AcDbText
 10
6196.3812499999985
 20
14031.924999999996
 30
0.0
 40
30.0
  1
P-1152
 72
1
 11
6196.3812499999985
 21
14031.924999999996
 31
0.0
100
AcDbText
 73
2
  0
LWPOLYLINE
  5
4B2
330
17
100
AcDbEntity
  8
NESTED_RESULT
100
AcDbPolyline
 90
5
 70
0
 10
6490.862500000003
 20
14082.724999999991
 10
6490.862500000003
 20
14184.324999999983
 10
5901.899999999994
 20
14184.324999999983
 10
5901.899999999994
 20
14082.724999999991
 10
6490.862500000003
 20
14082.724999999991
  0
TEXT
  5
4B3
330
17
100
AcDbEntity
  8
NESTED_RESULT
100
AcDbText
 10
6196.3812499999985
 20
14133.524999999987
 30
0.0
 40
30.0
  1
P-1153
 72
1
 11
6196.3812499999985
 21
14133.524999999987
 31
0.0
100
AcDbText
 73
2
  0
LWPOLYLINE
  5
4B4
330
17
100
AcDbEntity
  8
NESTED_RESULT
 62
1
100
AcDbPolyline
 90
5
 70
0
 10
6800.0
 20
12600.0
 10
10000.0
 20
12600.0
 10
10000.0
 20
14200.0
 10
6800.0
 20
14200.0
 10
6800.0
 20
12600.0
  0
TEXT
  5
4B5
330
17
100
AcDbEntity
  8
NESTED_RESULT
 62
1
100
AcDbText
 10
6800.0
 20
14230.0
 30
0.0
 40
50.0
  1
Sheet_45
 11
6800.0
 21
14230.0
 31
0.0
100
AcDbText
 73
1
  0
LWPOLYLINE
  5
4B6
330
17
100
AcDbEntity
  8
NESTED_RESULT
100
AcDbPolyline
 90
5
 70
0
 10
6800.0
 20
12600.0
 10
8635.149999999998
 20
12600.0
 10
8635.149999999998
 20
13244.525000000009
 10
6800.0
 20
13244.525000000009
 10
6800.0
 20
12600.0
  0
TEXT
  5
4B7
330
17
100
AcDbEntity
  8
NESTED_RESULT
100
AcDbText
 10
7717.574999999999
 20
12922.262500000004
 30
0.0
 40
80.0
  1
P-0107
 72
1
 11
7717.574999999999
 21
12922.262500000004
 31
0.0
100
AcDbText
 73
2
  0
LWPOLYLINE
  5
4B8
330
17
100
AcDbEntity
  8
NESTED_RESULT
100
AcDbPolyline
 90
5
 70
0
 10
6800.0
 20
13244.525000000009
 10
8635.149999999998
 20
13244.525000000009
 10
8635.149999999998
 20
13889.050000000017
 10
6800.0
 20
13889.050000000017
 10
6800.0
 20
13244.525000000009
  0
TEXT
  5
4B9
330
17
100
AcDbEntity
  8
NESTED_RESULT
100
AcDbText
 10
7717.574999999999
 20
13566.787500000013
 30
0.0
 40
80.0
  1
P-0108
 72
1
 11
7717.574999999999
 21
13566.787500000013
 31
0.0
100
AcDbText
 73
2
  0
LWPOLYLINE
  5
4BA
330
17
100
AcDbEntity
  8
NESTED_RESULT
100
AcDbPolyline
 90
5
 70
0
 10
8635.149999999998
 20
13188.962500000009
 10
9886.099999999988
 20
13188.962500000009
 10
9886.099999999988
 20
12600.0
 10
8635.149999999998
 20
12600.0
 10
8635.149999999998
 20
13188.962500000009
  0
TEXT
  5
4BB
330
17
100
AcDbEntity
  8
NESTED_RESULT
100
AcDbText
 10
9260.624999999993
 20
12894.481250000004
 30
0.0
 40
80.0
  1
P-0214
 72
1
 11
9260.624999999993
 21
12894.481250000004
 31
0.0
100
AcDbText
 73
2
  0
LWPOLYLINE
  5
4BC
330
17
100
AcDbEntity
  8
NESTED_RESULT
100
AcDbPolyline
 90
5
 70
0
 10
8635.150000000001
 20
13188.962500000009
 10
9581.300000000003
 20
13188.962500000009
 10
9581.300000000003
 20
13777.925000000017
 10
8635.150000000001
 20
13777.925000000017
 10
8635.150000000001
 20
13188.962500000009
  0
TEXT
  5
4BD
330
17
100
AcDbEntity
  8
NESTED_RESULT
100
AcDbText
 10
9108.225000000002
 20
13483.443750000013
 30
0.0
 40
80.0
  1
P-0265
 72
1
 11
9108.225000000002
 21
13483.443750000013
 31
0.0
100
AcDbText
 73
2
  0
LWPOLYLINE
  5
4BE
330
17
100
AcDbEntity
  8
NESTED_RESULT
100
AcDbPolyline
 90
5
 70
0
 10
9987.699999999983
 20
12600.0
 10
9987.699999999983
 20
13774.75
 10
9886.099999999991
 20
13774.75
 10
9886.099999999991
 20
12600.0
 10
9987.699999999983
 20
12600.0
  0
TEXT
  5
4BF
330
17
100
AcDbEntity
  8
NESTED_RESULT
100
AcDbText
 10
9936.899999999987
 20
13187.375
 30
0.0
 40
23.518518518516498
  1
P-0712
 72
1
 11
9936.899999999987
 21
13187.375
 31
0.0
100
AcDbText
 73
2
  0
LWPOLYLINE
  5
4C0
330
17
100
AcDbEntity
  8
NESTED_RESULT
100
AcDbPolyline
 90
5
 70
0
 10
6800.0
 20
13889.050000000017
 10
7974.75
 20
13889.050000000017
 10
7974.75
 20
13990.650000000009
 10
6800.0
 20
13990.650000000009
 10
6800.0
 20
13889.050000000017
  0
TEXT
  5
4C1
330
17
100
AcDbEntity
  8
NESTED_RESULT
100
AcDbText
 10
7387.375
 20
13939.850000000013
 30
0.0
 40
30.0
  1
P-0713
 72
1
 11
7387.375
 21
13939.850000000013
 31
0.0
100
AcDbText
 73
2
  0
LWPOLYLINE
  5
4C2
330
17
100
AcDbEntity
  8
NESTED_RESULT
100
AcDbPolyline
 90
5
 70
0
 10
8635.149999999998
 20
13777.925000000017
 10
9809.899999999998
 20
13777.925000000017
 10
9809.899999999998
 20
13879.525000000009
 10
8635.149999999998
 20
13879.525000000009
 10
8635.149999999998
 20
13777.925000000017
  0
TEXT
  5
4C3
330
17
100
AcDbEntity
  8
NESTED_RESULT
100
AcDbText
 10
9222.524999999998
 20
13828.725000000013
 30
0.0
 40
30.0
  1
P-0714
 72
1
 11
9222.524999999998
 21
13828.725000000013
 31
0.0
100
AcDbText
 73
2
  0
LWPOLYLINE
  5
4C4
330
17
100
AcDbEntity
  8
NESTED_RESULT
100
AcDbPolyline
 90
5
 70
0
 10
8635.149999999998
 20
13879.525000000009
 10
9809.899999999998
 20
13879.525000000009
 10
9809.899999999998
 20
13981.125
 10
8635.149999999998
 20
13981.125
 10
8635.149999999998
 20
13879.525000000009
  0
TEXT
  5
4C5
330
17
100
AcDbEntity
  8
NESTED_RESULT
100
AcDbText
 10
9222.524999999998
 20
13930.325000000004
 30
0.0
 40
30.0
  1
P-0715
 72
1
 11
9222.524999999998
 21
13930.325000000004
 31
0.0
100
AcDbText
 73
2
  0
LWPOLYLINE
  5
4C6
330
17
100
AcDbEntity
  8
NESTED_RESULT
100
AcDbPolyline
 90
5
 70
0
 10
7974.75
 20
13981.125
 10
9149.5
 20
13981.125
 10
9149.5
 20
14082.724999999991
 10
7974.75
 20
14082.724999999991
 10
7974.75
 20
13981.125
  0
TEXT
  5
4C7
330
17
100
AcDbEntity
  8
NESTED_RESULT
100
AcDbText
 10
8562.125
 20
14031.924999999996
 30
0.0
 40
30.0
  1
P-0716
 72
1
 11
8562.125
 21
14031.924999999996
 31
0.0
100
AcDbText
 73
2
  0
LWPOLYLINE
  5
4C8
330
17
100
AcDbEntity
  8
NESTED_RESULT
100
AcDbPolyline
 90
5
 70
0
 10
6800.0
 20
13990.650000000009
 10
7974.749999999993
 20
13990.650000000009
 10
7974.749999999993
 20
14092.25
 10
6800.0
 20
14092.25
 10
6800.0
 20
13990.650000000009
  0
TEXT
  5
4C9
330
17
100
AcDbEntity
  8
NESTED_RESULT
100
AcDbText
 10
7387.374999999996
 20
14041.450000000004
 30
0.0
 40
30.0
  1
P-0717
 72
1
 11
7387.374999999996
 21
14041.450000000004
 31
0.0
100
AcDbText
 73
2
  0
LWPOLYLINE
  5
4CA
330
17
100
AcDbEntity
  8
NESTED_RESULT
100
AcDbPolyline
 90
5
 70
0
 10
7974.749999999993
 20
14082.724999999991
 10
9073.300000000003
 20
14082.724999999991
 10
9073.300000000003
 20
14184.324999999983
 10
7974.749999999993
 20
14184.324999999983
 10
7974.749999999993
 20
14082.724999999991
  0
TEXT
  5
4CB
330
17
100
AcDbEntity
  8
NESTED_RESULT
100
AcDbText
 10
8524.024999999998
 20
14133.524999999987
 30
0.0
 40
30.0
  1
P-0724
 72
1
 11
8524.024999999998
 21
14133.524999999987
 31
0.0
100
AcDbText
 73
2
  0
LWPOLYLINE
  5
4CC
330
17
100
AcDbEntity
  8
NESTED_RESULT
100
AcDbPolyline
 90
5
 70
0
 10
6800.0
 20
14092.25
 10
7898.55000000001
 20
14092.25
 10
7898.55000000001
 20
14193.849999999991
 10
6800.0
 20
14193.849999999991
 10
6800.0
 20
14092.25
  0
TEXT
  5
4CD
330
17
100
AcDbEntity
  8
NESTED_RESULT
100
AcDbText
 10
7349.275000000005
 20
14143.049999999996
 30
0.0
 40
30.0
  1
P-0725
 72
1
 11
7349.275000000005
 21
14143.049999999996
 31
0.0
100
AcDbText
 73
2
  0
LWPOLYLINE
  5
4CE
330
17
100
AcDbEntity
  8
NESTED_RESULT
100
AcDbPolyline
 90
5
 70
0
 10
9073.300000000003
 20
14082.724999999991
 10
9943.250000000007
 20
14082.724999999991
 10
9943.250000000007
 20
14184.324999999983
 10
9073.300000000003
 20
14184.324999999983
 10
9073.300000000003
 20
14082.724999999991
  0
TEXT
  5
4CF
330
17
100
AcDbEntity
  8
NESTED_RESULT
100
AcDbText
 10
9508.275000000005
 20
14133.524999999987
 30
0.0
 40
30.0
  1
P-0816
 72
1
 11
9508.275000000005
 21
14133.524999999987
 31
0.0
100
AcDbText
 73
2
  0
LWPOLYLINE
  5
4D0
330
17
100
AcDbEntity
  8
NESTED_RESULT
100
AcDbPolyline
 90
5
 70
0
 10
9149.5
 20
13981.125
 10
9943.250000000011
 20
13981.125
 10
9943.250000000011
 20
14082.724999999991
 10
9149.5
 20
14082.724999999991
 10
9149.5
 20
13981.125
  0
TEXT
  5
4D1
330
17
100
AcDbEntity
  8
NESTED_RESULT
100
AcDbText
 10
9546.375000000005
 20
14031.924999999996
 30
0.0
 40
30.0
  1
P-0898
 72
1
 11
9546.375000000005
 21
14031.924999999996
 31
0.0
100
AcDbText
 73
2
  0
LWPOLYLINE
  5
4D2
330
17
100
AcDbEntity
  8
NESTED_RESULT
100
AcDbPolyline
 90
5
 70
0
 10
9581.300000000003
 20
13188.962500000009
 10
9682.899999999994
 20
13188.962500000009
 10
9682.899999999994
 20
13777.925000000017
 10
9581.300000000003
 20
13777.925000000017
 10
9581.300000000003
 20
13188.962500000009
  0
TEXT
  5
4D3
330
17
100
AcDbEntity
  8
NESTED_RESULT
100
AcDbText
 10
9632.099999999999
 20
13483.443750000013
 30
0.0
 40
23.518518518516498
  1
P-1154
 72
1
 11
9632.099999999999
 21
13483.443750000013
 31
0.0
100
AcDbText
 73
2
  0
LWPOLYLINE
  5
4D4
330
17
100
AcDbEntity
  8
NESTED_RESULT
100
AcDbPolyline
 90
5
 70
0
 10
9682.899999999994
 20
13188.962500000009
 10
9784.499999999985
 20
13188.962500000009
 10
9784.499999999985
 20
13777.925000000017
 10
9682.899999999994
 20
13777.925000000017
 10
9682.899999999994
 20
13188.962500000009
  0
TEXT
  5
4D5
330
17
100
AcDbEntity
  8
NESTED_RESULT
100
AcDbText
 10
9733.69999999999
 20
13483.443750000013
 30
0.0
 40
23.518518518516498
  1
P-1155
 72
1
 11
9733.69999999999
 21
13483.443750000013
 31
0.0
100
AcDbText
 73
2
  0
LWPOLYLINE
  5
4D6
330
17
100
AcDbEntity
  8
NESTED_RESULT
100
AcDbPolyline
 90
5
 70
0
 10
9784.499999999985
 20
13188.962500000009
 10
9886.099999999977
 20
13188.962500000009
 10
9886.099999999977
 20
13777.925000000017
 10
9784.499999999985
 20
13777.925000000017
 10
9784.499999999985
 20
13188.962500000009
  0
TEXT
  5
4D7
330
17
100
AcDbEntity
  8
NESTED_RESULT
100
AcDbText
 10
9835.299999999981
 20
13483.443750000013
 30
0.0
 40
23.518518518516498
  1
P-1156
 72
1
 11
9835.299999999981
 21
13483.443750000013
 31
0.0
100
AcDbText
 73
2
  0
LWPOLYLINE
  5
4D8
330
17
100
AcDbEntity
  8
NESTED_RESULT
 62
1
100
AcDbPolyline
 90
5
 70
0
 10
10200.0
 20
12600.0
 10
13400.0
 20
12600.0
 10
13400.0
 20
14200.0
 10
10200.0
 20
14200.0
 10
10200.0
 20
12600.0
  0
TEXT
  5
4D9
330
17
100
AcDbEntity
  8
NESTED_RESULT
 62
1
100
AcDbText
 10
10200.0
 20
14230.0
 30
0.0
 40
50.0
  1
Sheet_46
 11
10200.0
 21
14230.0
 31
0.0
100
AcDbText
 73
1
  0
LWPOLYLINE
  5
4DA
330
17
100
AcDbEntity
  8
NESTED_RESULT
100
AcDbPolyline
 90
5
 70
0
 10
10200.0
 20
12600.0
 10
12035.149999999998
 20
12600.0
 10
12035.149999999998
 20
13244.525000000009
 10
10200.0
 20
13244.525000000009
 10
10200.0
 20
12600.0
  0
TEXT
  5
4DB
330
17
100
AcDbEntity
  8
NESTED_RESULT
100
AcDbText
 10
11117.574999999999
 20
12922.262500000004
 30
0.0
 40
80.0
  1
P-0109
 72
1
 11
11117.574999999999
 21
12922.262500000004
 31
0.0
100
AcDbText
 73
2
  0
LWPOLYLINE
  5
4DC
330
17
100
AcDbEntity
  8
NESTED_RESULT
100
AcDbPolyline
 90
5
 70
0
 10
10200.0
 20
13244.525000000009
 10
12035.149999999998
 20
13244.525000000009
 10
12035.149999999998
 20
13889.050000000017
 10
10200.0
 20
13889.050000000017
 10
10200.0
 20
13244.525000000009
  0
TEXT
  5
4DD
330
17
100
AcDbEntity
  8
NESTED_RESULT
100
AcDbText
 10
11117.574999999999
 20
13566.787500000013
 30
0.0
 40
80.0
  1
P-0110
 72
1
 11
11117.574999999999
 21
13566.787500000013
 31
0.0
100
AcDbText
 73
2
  0
LWPOLYLINE
  5
4DE
330
17
100
AcDbEntity
  8
NESTED_RESULT
100
AcDbPolyline
 90
5
 70
0
 10
12035.149999999998
 20
12600.0
 10
12981.299999999996
 20
12600.0
 10
12981.299999999996
 20
13188.962500000009
 10
12035.149999999998
 20
13188.962500000009
 10
12035.149999999998
 20
12600.0
  0
TEXT
  5
4DF
330
17
100
AcDbEntity
  8
NESTED_RESULT
100
AcDbText
 10
12508.224999999997
 20
12894.481250000004
 30
0.0
 40
80.0
  1
P-0266
 72
1
 11
12508.224999999997
 21
12894.481250000004
 31
0.0
100
AcDbText
 73
2
  0
LWPOLYLINE
  5
4E0
330
17
100
AcDbEntity
  8
NESTED_RESULT
100
AcDbPolyline
 90
5
 70
0
 10
12035.149999999998
 20
13188.962500000009
 10
12981.299999999996
 20
13188.962500000009
 10
12981.299999999996
 20
13777.925000000017
 10
12035.149999999998
 20
13777.925000000017
 10
12035.149999999998
 20
13188.962500000009
  0
TEXT
  5
4E1
330
17
100
AcDbEntity
  8
NESTED_RESULT
100
AcDbText
 10
12508.224999999997
 20
13483.443750000013
 30
0.0
 40
80.0
  1
P-0267
 72
1
 11
12508.224999999997
 21
13483.443750000013
 31
0.0
100
AcDbText
 73
2
  0
LWPOLYLINE
  5
4E2
330
17
100
AcDbEntity
  8
NESTED_RESULT
100
AcDbPolyline
 90
5
 70
0
 10
13082.899999999987
 20
12600.0
 10
13082.899999999987
 20
13698.550000000003
 10
12981.299999999996
 20
13698.550000000003
 10
12981.299999999996
 20
12600.0
 10
13082.899999999987
 20
12600.0
  0
TEXT
  5
4E3
330
17
100
AcDbEntity
  8
NESTED_RESULT
100
AcDbText
 10
13032.099999999991
 20
13149.275000000001
 30
0.0
 40
23.518518518516498
  1
P-0726
 72
1
 11
13032.099999999991
 21
13149.275000000001
 31
0.0
100
AcDbText
 73
2
  0
LWPOLYLINE
  5
4E4
330
17
100
AcDbEntity
  8
NESTED_RESULT
100
AcDbPolyline
 90
5
 70
0
 10
13184.499999999978
 20
12600.0
 10
13184.499999999978
 20
13698.550000000003
 10
13082.899999999987
 20
13698.550000000003
 10
13082.899999999987
 20
12600.0
 10
13184.499999999978
 20
12600.0
  0
TEXT
  5
4E5
330
17
100
AcDbEntity
  8
NESTED_RESULT
100
AcDbText
 10
13133.699999999983
 20
13149.275000000001
 30
0.0
 40
23.518518518516498
  1
P-0727
 72
1
 11
13133.699999999983
 21
13149.275000000001
 31
0.0
100
AcDbText
 73
2
  0
LWPOLYLINE
  5
4E6
330
17
100
AcDbEntity
  8
NESTED_RESULT
100
AcDbPolyline
 90
5
 70
0
 10
13286.09999999997
 20
12600.0
 10
13286.09999999997
 20
13698.550000000003
 10
13184.499999999978
 20
13698.550000000003
 10
13184.499999999978
 20
12600.0
 10
13286.09999999997
 20
12600.0
  0
TEXT
  5
4E7
330
17
100
AcDbEntity
  8
NESTED_RESULT
100
AcDbText
 10
13235.299999999974
 20
13149.275000000001
 30
0.0
 40
23.518518518516498
  1
P-0728
 72
1
 11
13235.299999999974
 21
13149.275000000001
 31
0.0
100
AcDbText
 73
2
  0
LWPOLYLINE
  5
4E8
330
17
100
AcDbEntity
  8
NESTED_RESULT
100
AcDbPolyline
 90
5
 70
0
 10
13387.69999999996
 20
12600.0
 10
13387.69999999996
 20
13698.550000000003
 10
13286.09999999997
 20
13698.550000000003
 10
13286.09999999997
 20
12600.0
 10
13387.69999999996
 20
12600.0
  0
TEXT
  5
4E9
330
17
100
AcDbEntity
  8
NESTED_RESULT
100
AcDbText
 10
13336.899999999965
 20
13149.275000000001
 30
0.0
 40
23.518518518516498
  1
P-0729
 72
1
 11
13336.899999999965
 21
13149.275000000001
 31
0.0
100
AcDbText
 73
2
  0
LWPOLYLINE
  5
4EA
330
17
100
AcDbEntity
  8
NESTED_RESULT
100
AcDbPolyline
 90
5
 70
0
 10
12035.15
 20
13777.925000000017
 10
12981.300000000008
 20
13777.925000000017
 10
12981.300000000008
 20
13879.525000000009
 10
12035.15
 20
13879.525000000009
 10
12035.15
 20
13777.925000000017
  0
TEXT
  5
4EB
330
17
100
AcDbEntity
  8
NESTED_RESULT
100
AcDbText
 10
12508.225000000004
 20
13828.725000000013
 30
0.0
 40
30.0
  1
P-0789
 72
1
 11
12508.225000000004
 21
13828.725000000013
 31
0.0
100
AcDbText
 73
2
  0
LWPOLYLINE
  5
4EC
330
17
100
AcDbEntity
  8
NESTED_RESULT
100
AcDbPolyline
 90
5
 70
0
 10
12035.149999999998
 20
13879.525000000009
 10
12981.300000000007
 20
13879.525000000009
 10
12981.300000000007
 20
13981.125
 10
12035.149999999998
 20
13981.125
 10
12035.149999999998
 20
13879.525000000009
  0
TEXT
  5
4ED
330
17
100
AcDbEntity
  8
NESTED_RESULT
100
AcDbText
 10
12508.225000000002
 20
13930.325000000004
 30
0.0
 40
30.0
  1
P-0790
 72
1
 11
12508.225000000002
 21
13930.325000000004
 31
0.0
100
AcDbText
 73
2
  0
LWPOLYLINE
  5
4EE
330
17
100
AcDbEntity
  8
NESTED_RESULT
100
AcDbPolyline
 90
5
 70
0
 10
10200.0
 20
13889.050000000017
 10
11146.150000000001
 20
13889.050000000017
 10
11146.150000000001
 20
13990.650000000009
 10
10200.0
 20
13990.650000000009
 10
10200.0
 20
13889.050000000017
  0
TEXT
  5
4EF
330
17
100
AcDbEntity
  8
NESTED_RESULT
100
AcDbText
 10
10673.075
 20
13939.850000000013
 30
0.0
 40
30.0
  1
P-0791
 72
1
 11
10673.075
 21
13939.850000000013
 31
0.0
100
AcDbText
 73
2
  0
LWPOLYLINE
  5
4F0
330
17
100
AcDbEntity
  8
NESTED_RESULT
100
AcDbPolyline
 90
5
 70
0
 10
11146.150000000001
 20
13981.125
 10
12092.300000000003
 20
13981.125
 10
12092.300000000003
 20
14082.724999999991
 10
11146.150000000001
 20
14082.724999999991
 10
11146.150000000001
 20
13981.125
  0
TEXT
  5
4F1
330
17
100
AcDbEntity
  8
NESTED_RESULT
100
AcDbText
 10
11619.225000000002
 20
14031.924999999996
 30
0.0
 40
30.0
  1
P-0792
 72
1
 11
11619.225000000002
 21
14031.924999999996
 31
0.0
100
AcDbText
 73
2
  0
LWPOLYLINE
  5
4F2
330
17
100
AcDbEntity
  8
NESTED_RESULT
100
AcDbPolyline
 90
5
 70
0
 10
12092.300000000007
 20
13981.125
 10
13038.450000000004
 20
13981.125
 10
13038.450000000004
 20
14082.724999999991
 10
12092.300000000007
 20
14082.724999999991
 10
12092.300000000007
 20
13981.125
  0
TEXT
  5
4F3
330
17
100
AcDbEntity
  8
NESTED_RESULT
100
AcDbText
 10
12565.375000000005
 20
14031.924999999996
 30
0.0
 40
30.0
  1
P-0793
 72
1
 11
12565.375000000005
 21
14031.924999999996
 31
0.0
100
AcDbText
 73
2
  0
LWPOLYLINE
  5
4F4
330
17
100
AcDbEntity
  8
NESTED_RESULT
100
AcDbPolyline
 90
5
 70
0
 10
10200.0
 20
13990.650000000009
 10
11069.950000000004
 20
13990.650000000009
 10
11069.950000000004
 20
14092.25
 10
10200.0
 20
14092.25
 10
10200.0
 20
13990.650000000009
  0
TEXT
  5
4F5
330
17
100
AcDbEntity
  8
NESTED_RESULT
100
AcDbText
 10
10634.975000000002
 20
14041.450000000004
 30
0.0
 40
30.0
  1
P-0817
 72
1
 11
10634.975000000002
 21
14041.450000000004
 31
0.0
100
AcDbText
 73
2
  0
LWPOLYLINE
  5
4F6
330
17
100
AcDbEntity
  8
NESTED_RESULT
100
AcDbPolyline
 90
5
 70
0
 10
11069.950000000004
 20
14082.724999999991
 10
11939.900000000005
 20
14082.724999999991
 10
11939.900000000005
 20
14184.324999999983
 10
11069.950000000004
 20
14184.324999999983
 10
11069.950000000004
 20
14082.724999999991
  0
TEXT
  5
4F7
330
17
100
AcDbEntity
  8
NESTED_RESULT
100
AcDbText
 10
11504.925000000005
 20
14133.524999999987
 30
0.0
 40
30.0
  1
P-0818
 72
1
 11
11504.925000000005
 21
14133.524999999987
 31
0.0
100
AcDbText
 73
2
  0
LWPOLYLINE
  5
4F8
330
17
100
AcDbEntity
  8
NESTED_RESULT
100
AcDbPolyline
 90
5
 70
0
 10
11939.900000000005
 20
14082.724999999991
 10
12809.850000000006
 20
14082.724999999991
 10
12809.850000000006
 20
14184.324999999983
 10
11939.900000000005
 20
14184.324999999983
 10
11939.900000000005
 20
14082.724999999991
  0
TEXT
  5
4F9
330
17
100
AcDbEntity
  8
NESTED_RESULT
100
AcDbText
 10
12374.875000000005
 20
14133.524999999987
 30
0.0
 40
30.0
  1
P-0819
 72
1
 11
12374.875000000005
 21
14133.524999999987
 31
0.0
100
AcDbText
 73
2
  0
LWPOLYLINE
  5
4FA
330
17
100
AcDbEntity
  8
NESTED_RESULT
100
AcDbPolyline
 90
5
 70
0
 10
10200.0
 20
14092.25
 10
11069.95
 20
14092.25
 10
11069.95
 20
14193.849999999991
 10
10200.0
 20
14193.849999999991
 10
10200.0
 20
14092.25
  0
TEXT
  5
4FB
330
17
100
AcDbEntity
  8
NESTED_RESULT
100
AcDbText
 10
10634.975
 20
14143.049999999996
 30
0.0
 40
30.0
  1
P-0820
 72
1
 11
10634.975
 21
14143.049999999996
 31
0.0
100
AcDbText
 73
2
  0
LWPOLYLINE
  5
4FC
330
17
100
AcDbEntity
  8
NESTED_RESULT
100
AcDbPolyline
 90
5
 70
0
 10
13398.812500000015
 20
14082.724999999991
 10
13398.812500000015
 20
14184.324999999983
 10
12809.850000000006
 20
14184.324999999983
 10
12809.850000000006
 20
14082.724999999991
 10
13398.812500000015
 20
14082.724999999991
  0
TEXT
  5
4FD
330
17
100
AcDbEntity
  8
NESTED_RESULT
100
AcDbText
 10
13104.33125000001
 20
14133.524999999987
 30
0.0
 40
30.0
  1
P-1157
 72
1
 11
13104.33125000001
 21
14133.524999999987
 31
0.0
100
AcDbText
 73
2
  0
LWPOLYLINE
  5
4FE
330
17
100
AcDbEntity
  8
NESTED_RESULT
 62
1
100
AcDbPolyline
 90
5
 70
0
 10
13600.0
 20
12600.0
 10
16800.0
 20
12600.0
 10
16800.0
 20
14200.0
 10
13600.0
 20
14200.0
 10
13600.0
 20
12600.0
  0
TEXT
  5
4FF
330
17
100
AcDbEntity
  8
NESTED_RESULT
 62
1
100
AcDbText
 10
13600.0
 20
14230.0
 30
0.0
 40
50.0
  1
Sheet_47
 11
13600.0
 21
14230.0
 31
0.0
100
AcDbText
 73
1
  0
LWPOLYLINE
  5
500
330
17
100
AcDbEntity
  8
NESTED_RESULT
100
AcDbPolyline
 90
5
 70
0
 10
13600.0
 20
12600.0
 10
15435.149999999998
 20
12600.0
 10
15435.149999999998
 20
13244.525000000009
 10
13600.0
 20
13244.525000000009
 10
13600.0
 20
12600.0
  0
TEXT
  5
501
330
17
100
AcDbEntity
  8
NESTED_RESULT
100
AcDbText
 10
14517.574999999999
 20
12922.262500000004
 30
0.0
 40
80.0
  1
P-0111
 72
1
 11
14517.574999999999
 21
12922.262500000004
 31
0.0
100
AcDbText
 73
2
  0
LWPOLYLINE
  5
502
330
17
100
AcDbEntity
  8
NESTED_RESULT
100
AcDbPolyline
 90
5
 70
0
 10
13600.0
 20
13244.525000000009
 10
15435.149999999994
 20
13244.525000000009
 10
15435.149999999994
 20
13889.050000000017
 10
13600.0
 20
13889.050000000017
 10
13600.0
 20
13244.525000000009
  0
TEXT
  5
503
330
17
100
AcDbEntity
  8
NESTED_RESULT
100
AcDbText
 10
14517.574999999997
 20
13566.787500000013
 30
0.0
 40
80.0
  1
P-0112
 72
1
 11
14517.574999999997
 21
13566.787500000013
 31
0.0
100
AcDbText
 73
2
  0
LWPOLYLINE
  5
504
330
17
100
AcDbEntity
  8
NESTED_RESULT
100
AcDbPolyline
 90
5
 70
0
 10
15435.350000000006
 20
12600.0
 10
16381.500000000004
 20
12600.0
 10
16381.500000000004
 20
13188.962500000009
 10
15435.350000000006
 20
13188.962500000009
 10
15435.350000000006
 20
12600.0
  0
TEXT
  5
505
330
17
100
AcDbEntity
  8
NESTED_RESULT
100
AcDbText
 10
15908.425000000005
 20
12894.481250000004
 30
0.0
 40
80.0
  1
P-0268
 72
1
 11
15908.425000000005
 21
12894.481250000004
 31
0.0
100
AcDbText
 73
2
  0
LWPOLYLINE
  5
506
330
17
100
AcDbEntity
  8
NESTED_RESULT
100
AcDbPolyline
 90
5
 70
0
 10
15435.149999999994
 20
13244.525000000009
 10
16381.299999999988
 20
13244.525000000009
 10
16381.299999999988
 20
13833.487500000017
 10
15435.149999999994
 20
13833.487500000017
 10
15435.149999999994
 20
13244.525000000009
  0
TEXT
  5
507
330
17
100
AcDbEntity
  8
NESTED_RESULT
100
AcDbText
 10
15908.224999999991
 20
13539.006250000013
 30
0.0
 40
80.0
  1
P-0271
 72
1
 11
15908.224999999991
 21
13539.006250000013
 31
0.0
100
AcDbText
 73
2
  0
LWPOLYLINE
  5
508
330
17
100
AcDbEntity
  8
NESTED_RESULT
100
AcDbPolyline
 90
5
 70
0
 10
16381.500000000004
 20
13469.949999999997
 10
16381.500000000004
 20
12600.0
 10
16483.099999999995
 20
12600.0
 10
16483.099999999995
 20
13469.949999999997
 10
16381.500000000004
 20
13469.949999999997
  0
TEXT
  5
509
330
17
100
AcDbEntity
  8
NESTED_RESULT
100
AcDbText
 10
16432.3
 20
13034.974999999999
 30
0.0
 40
23.518518518516498
  1
P-0821
 72
1
 11
16432.3
 21
13034.974999999999
 31
0.0
100
AcDbText
 73
2
  0
LWPOLYLINE
  5
50A
330
17
100
AcDbEntity
  8
NESTED_RESULT
100
AcDbPolyline
 90
5
 70
0
 10
16584.699999999986
 20
12600.0
 10
16584.699999999986
 20
13469.949999999997
 10
16483.099999999995
 20
13469.949999999997
 10
16483.099999999995
 20
12600.0
 10
16584.699999999986
 20
12600.0
  0
TEXT
  5
50B
330
17
100
AcDbEntity
  8
NESTED_RESULT
100
AcDbText
 10
16533.89999999999
 20
13034.974999999999
 30
0.0
 40
23.518518518516498
  1
P-0822
 72
1
 11
16533.89999999999
 21
13034.974999999999
 31
0.0
100
AcDbText
 73
2
  0
LWPOLYLINE
  5
50C
330
17
100
AcDbEntity
  8
NESTED_RESULT
100
AcDbPolyline
 90
5
 70
0
 10
16686.299999999977
 20
12600.0
 10
16686.299999999977
 20
13469.949999999997
 10
16584.699999999986
 20
13469.949999999997
 10
16584.699999999986
 20
12600.0
 10
16686.299999999977
 20
12600.0
  0
TEXT
  5
50D
330
17
100
AcDbEntity
  8
NESTED_RESULT
100
AcDbText
 10
16635.49999999998
 20
13034.974999999999
 30
0.0
 40
23.518518518516498
  1
P-0823
 72
1
 11
16635.49999999998
 21
13034.974999999999
 31
0.0
100
AcDbText
 73
2
  0
LWPOLYLINE
  5
50E
330
17
100
AcDbEntity
  8
NESTED_RESULT
100
AcDbPolyline
 90
5
 70
0
 10
16788.0
 20
12600.0
 10
16788.0
 20
13469.949999999997
 10
16686.40000000001
 20
13469.949999999997
 10
16686.40000000001
 20
12600.0
 10
16788.0
 20
12600.0
  0
TEXT
  5
50F
330
17
100
AcDbEntity
  8
NESTED_RESULT
100
AcDbText
 10
16737.200000000004
 20
13034.974999999999
 30
0.0
 40
23.518518518516498
  1
P-0824
 72
1
 11
16737.200000000004
 21
13034.974999999999
 31
0.0
100
AcDbText
 73
2
  0
LWPOLYLINE
  5
510
330
17
100
AcDbEntity
  8
NESTED_RESULT
100
AcDbPolyline
 90
5
 70
0
 10
15435.149999999994
 20
13833.487500000017
 10
16305.099999999991
 20
13833.487500000017
 10
16305.099999999991
 20
13935.087500000009
 10
15435.149999999994
 20
13935.087500000009
 10
15435.149999999994
 20
13833.487500000017
  0
TEXT
  5
511
330
17
100
AcDbEntity
  8
NESTED_RESULT
100
AcDbText
 10
15870.124999999993
 20
13884.287500000013
 30
0.0
 40
30.0
  1
P-0825
 72
1
 11
15870.124999999993
 21
13884.287500000013
 31
0.0
100
AcDbText
 73
2
  0
LWPOLYLINE
  5
512
330
17
100
AcDbEntity
  8
NESTED_RESULT
100
AcDbPolyline
 90
5
 70
0
 10
13600.0
 20
13889.050000000017
 10
14469.949999999997
 20
13889.050000000017
 10
14469.949999999997
 20
13990.650000000009
 10
13600.0
 20
13990.650000000009
 10
13600.0
 20
13889.050000000017
  0
TEXT
  5
513
330
17
100
AcDbEntity
  8
NESTED_RESULT
100
AcDbText
 10
14034.974999999999
 20
13939.850000000013
 30
0.0
 40
30.0
  1
P-0826
 72
1
 11
14034.974999999999
 21
13939.850000000013
 31
0.0
100
AcDbText
 73
2
  0
LWPOLYLINE
  5
514
330
17
100
AcDbEntity
  8
NESTED_RESULT
100
AcDbPolyline
 90
5
 70
0
 10
14469.949999999997
 20
13889.050000000017
 10
15339.899999999994
 20
13889.050000000017
 10
15339.899999999994
 20
13990.650000000009
 10
14469.949999999997
 20
13990.650000000009
 10
14469.949999999997
 20
13889.050000000017
  0
TEXT
  5
515
330
17
100
AcDbEntity
  8
NESTED_RESULT
100
AcDbText
 10
14904.924999999996
 20
13939.850000000013
 30
0.0
 40
30.0
  1
P-0827
 72
1
 11
14904.924999999996
 21
13939.850000000013
 31
0.0
100
AcDbText
 73
2
  0
LWPOLYLINE
  5
516
330
17
100
AcDbEntity
  8
NESTED_RESULT
100
AcDbPolyline
 90
5
 70
0
 10
15339.899999999994
 20
13935.087500000009
 10
16209.849999999991
 20
13935.087500000009
 10
16209.849999999991
 20
14036.6875
 10
15339.899999999994
 20
14036.6875
 10
15339.899999999994
 20
13935.087500000009
  0
TEXT
  5
517
330
17
100
AcDbEntity
  8
NESTED_RESULT
100
AcDbText
 10
15774.874999999993
 20
13985.887500000004
 30
0.0
 40
30.0
  1
P-0828
 72
1
 11
15774.874999999993
 21
13985.887500000004
 31
0.0
100
AcDbText
 73
2
  0
LWPOLYLINE
  5
518
330
17
100
AcDbEntity
  8
NESTED_RESULT
100
AcDbPolyline
 90
5
 70
0
 10
13600.0
 20
13990.650000000009
 10
14469.949999999997
 20
13990.650000000009
 10
14469.949999999997
 20
14092.25
 10
13600.0
 20
14092.25
 10
13600.0
 20
13990.650000000009
  0
TEXT
  5
519
330
17
100
AcDbEntity
  8
NESTED_RESULT
100
AcDbText
 10
14034.974999999999
 20
14041.450000000004
 30
0.0
 40
30.0
  1
P-0829
 72
1
 11
14034.974999999999
 21
14041.450000000004
 31
0.0
100
AcDbText
 73
2
  0
LWPOLYLINE
  5
51A
330
17
100
AcDbEntity
  8
NESTED_RESULT
100
AcDbPolyline
 90
5
 70
0
 10
14469.949999999997
 20
13990.650000000009
 10
15339.899999999987
 20
13990.650000000009
 10
15339.899999999987
 20
14092.25
 10
14469.949999999997
 20
14092.25
 10
14469.949999999997
 20
13990.650000000009
  0
TEXT
  5
51B
330
17
100
AcDbEntity
  8
NESTED_RESULT
100
AcDbText
 10
14904.924999999992
 20
14041.450000000004
 30
0.0
 40
30.0
  1
P-0830
 72
1
 11
14904.924999999992
 21
14041.450000000004
 31
0.0
100
AcDbText
 73
2
  0
LWPOLYLINE
  5
51C
330
17
100
AcDbEntity
  8
NESTED_RESULT
100
AcDbPolyline
 90
5
 70
0
 10
15339.899999999987
 20
14036.6875
 10
16209.849999999977
 20
14036.6875
 10
16209.849999999977
 20
14138.287499999991
 10
15339.899999999987
 20
14138.287499999991
 10
15339.899999999987
 20
14036.6875
  0
TEXT
  5
51D
330
17
100
AcDbEntity
  8
NESTED_RESULT
100
AcDbText
 10
15774.874999999982
 20
14087.487499999996
 30
0.0
 40
30.0
  1
P-0831
 72
1
 11
15774.874999999982
 21
14087.487499999996
 31
0.0
100
AcDbText
 73
2
  0
LWPOLYLINE
  5
51E
330
17
100
AcDbEntity
  8
NESTED_RESULT
100
AcDbPolyline
 90
5
 70
0
 10
13600.0
 20
14092.25
 10
14469.94999999999
 20
14092.25
 10
14469.94999999999
 20
14193.849999999991
 10
13600.0
 20
14193.849999999991
 10
13600.0
 20
14092.25
  0
TEXT
  5
51F
330
17
100
AcDbEntity
  8
NESTED_RESULT
100
AcDbText
 10
14034.974999999995
 20
14143.049999999996
 30
0.0
 40
30.0
  1
P-0832
 72
1
 11
14034.974999999995
 21
14143.049999999996
 31
0.0
100
AcDbText
 73
2
  0
LWPOLYLINE
  5
520
330
17
100
AcDbEntity
  8
NESTED_RESULT
100
AcDbPolyline
 90
5
 70
0
 10
14469.94999999999
 20
14092.25
 10
15339.89999999998
 20
14092.25
 10
15339.89999999998
 20
14193.849999999991
 10
14469.94999999999
 20
14193.849999999991
 10
14469.94999999999
 20
14092.25
  0
TEXT
  5
521
330
17
100
AcDbEntity
  8
NESTED_RESULT
100
AcDbText
 10
14904.924999999985
 20
14143.049999999996
 30
0.0
 40
30.0
  1
P-0833
 72
1
 11
14904.924999999985
 21
14143.049999999996
 31
0.0
100
AcDbText
 73
2
  0
LWPOLYLINE
  5
522
330
17
100
AcDbEntity
  8
NESTED_RESULT
100
AcDbPolyline
 90
5
 70
0
 10
16798.812499999993
 20
13935.087500000009
 10
16798.812499999993
 20
14036.6875
 10
16209.849999999991
 20
14036.6875
 10
16209.849999999991
 20
13935.087500000009
 10
16798.812499999993
 20
13935.087500000009
  0
TEXT
  5
523
330
17
100
AcDbEntity
  8
NESTED_RESULT
100
AcDbText
 10
16504.331249999992
 20
13985.887500000004
 30
0.0
 40
30.0
  1
P-1159
 72
1
 11
16504.331249999992
 21
13985.887500000004
 31
0.0
100
AcDbText
 73
2
  0
LWPOLYLINE
  5
524
330
17
100
AcDbEntity
  8
NESTED_RESULT
100
AcDbPolyline
 90
5
 70
0
 10
16798.81249999997
 20
14036.6875
 10
16798.81249999997
 20
14138.287499999977
 10
16209.849999999977
 20
14138.287499999977
 10
16209.849999999977
 20
14036.6875
 10
16798.81249999997
 20
14036.6875
  0
TEXT
  5
525
330
17
100
AcDbEntity
  8
NESTED_RESULT
100
AcDbText
 10
16504.331249999974
 20
14087.487499999988
 30
0.0
 40
30.0
  1
P-1161
 72
1
 11
16504.331249999974
 21
14087.487499999988
 31
0.0
100
AcDbText
 73
2
  0
LWPOLYLINE
  5
526
330
17
100
AcDbEntity
  8
NESTED_RESULT
 62
1
100
AcDbPolyline
 90
5
 70
0
 10
17000.0
 20
12600.0
 10
20200.0
 20
12600.0
 10
20200.0
 20
14200.0
 10
17000.0
 20
14200.0
 10
17000.0
 20
12600.0
  0
TEXT
  5
527
330
17
100
AcDbEntity
  8
NESTED_RESULT
 62
1
100
AcDbText
 10
17000.0
 20
14230.0
 30
0.0
 40
50.0
  1
Sheet_48
 11
17000.0
 21
14230.0
 31
0.0
100
AcDbText
 73
1
  0
LWPOLYLINE
  5
528
330
17
100
AcDbEntity
  8
NESTED_RESULT
100
AcDbPolyline
 90
5
 70
0
 10
17000.0
 20
12600.0
 10
18835.149999999987
 20
12600.0
 10
18835.149999999987
 20
13244.525000000009
 10
17000.0
 20
13244.525000000009
 10
17000.0
 20
12600.0
  0
TEXT
  5
529
330
17
100
AcDbEntity
  8
NESTED_RESULT
100
AcDbText
 10
17917.574999999993
 20
12922.262500000004
 30
0.0
 40
80.0
  1
P-0120
 72
1
 11
17917.574999999993
 21
12922.262500000004
 31
0.0
100
AcDbText
 73
2
  0
LWPOLYLINE
  5
52A
330
17
100
AcDbEntity
  8
NESTED_RESULT
100
AcDbPolyline
 90
5
 70
0
 10
17000.0
 20
13244.525000000009
 10
18892.30000000001
 20
13244.525000000009
 10
18892.30000000001
 20
13889.05000000001
 10
17000.0
 20
13889.05000000001
 10
17000.0
 20
13244.525000000009
  0
TEXT
  5
52B
330
17
100
AcDbEntity
  8
NESTED_RESULT
100
AcDbText
 10
17946.150000000005
 20
13566.78750000001
 30
0.0
 40
80.0
  1
P-0082
 72
1
 11
17946.150000000005
 21
13566.78750000001
 31
0.0
100
AcDbText
 73
2
  0
LWPOLYLINE
  5
52C
330
17
100
AcDbEntity
  8
NESTED_RESULT
100
AcDbPolyline
 90
5
 70
0
 10
18835.149999999987
 20
12600.0
 10
19781.29999999998
 20
12600.0
 10
19781.29999999998
 20
13188.962500000009
 10
18835.149999999987
 20
13188.962500000009
 10
18835.149999999987
 20
12600.0
  0
TEXT
  5
52D
330
17
100
AcDbEntity
  8
NESTED_RESULT
100
AcDbText
 10
19308.224999999984
 20
12894.481250000004
 30
0.0
 40
80.0
  1
P-0272
 72
1
 11
19308.224999999984
 21
12894.481250000004
 31
0.0
100
AcDbText
 73
2
  0
LWPOLYLINE
  5
52E
330
17
100
AcDbEntity
  8
NESTED_RESULT
100
AcDbPolyline
 90
5
 70
0
 10
18892.30000000001
 20
13188.962500000009
 10
19762.250000000015
 20
13188.962500000009
 10
19762.250000000015
 20
13777.925000000017
 10
18892.30000000001
 20
13777.925000000017
 10
18892.30000000001
 20
13188.962500000009
  0
TEXT
  5
52F
330
17
100
AcDbEntity
  8
NESTED_RESULT
100
AcDbText
 10
19327.275000000012
 20
13483.443750000013
 30
0.0
 40
80.0
  1
P-0329
 72
1
 11
19327.275000000012
 21
13483.443750000013
 31
0.0
100
AcDbText
 73
2
  0
LWPOLYLINE
  5
530
330
17
100
AcDbEntity
  8
NESTED_RESULT
100
AcDbPolyline
 90
5
 70
0
 10
19882.899999999972
 20
12600.0
 10
19882.899999999972
 20
13393.75
 10
19781.29999999998
 20
13393.75
 10
19781.29999999998
 20
12600.0
 10
19882.899999999972
 20
12600.0
  0
TEXT
  5
531
330
17
100
AcDbEntity
  8
NESTED_RESULT
100
AcDbText
 10
19832.099999999977
 20
12996.875
 30
0.0
 40
23.518518518516498
  1
P-0899
 72
1
 11
19832.099999999977
 21
12996.875
 31
0.0
100
AcDbText
 73
2
  0
LWPOLYLINE
  5
532
330
17
100
AcDbEntity
  8
NESTED_RESULT
100
AcDbPolyline
 90
5
 70
0
 10
19984.499999999964
 20
12600.0
 10
19984.499999999964
 20
13393.75
 10
19882.899999999972
 20
13393.75
 10
19882.899999999972
 20
12600.0
 10
19984.499999999964
 20
12600.0
  0
TEXT
  5
533
330
17
100
AcDbEntity
  8
NESTED_RESULT
100
AcDbText
 10
19933.699999999968
 20
12996.875
 30
0.0
 40
23.518518518516498
  1
P-0900
 72
1
 11
19933.699999999968
 21
12996.875
 31
0.0
100
AcDbText
 73
2
  0
LWPOLYLINE
  5
534
330
17
100
AcDbEntity
  8
NESTED_RESULT
100
AcDbPolyline
 90
5
 70
0
 10
20086.099999999955
 20
12600.0
 10
20086.099999999955
 20
13393.75
 10
19984.499999999964
 20
13393.75
 10
19984.499999999964
 20
12600.0
 10
20086.099999999955
 20
12600.0
  0
TEXT
  5
535
330
17
100
AcDbEntity
  8
NESTED_RESULT
100
AcDbText
 10
20035.29999999996
 20
12996.875
 30
0.0
 40
23.518518518516498
  1
P-0901
 72
1
 11
20035.29999999996
 21
12996.875
 31
0.0
100
AcDbText
 73
2
  0
LWPOLYLINE
  5
536
330
17
100
AcDbEntity
  8
NESTED_RESULT
100
AcDbPolyline
 90
5
 70
0
 10
20187.699999999946
 20
12600.0
 10
20187.699999999946
 20
13393.75
 10
20086.099999999955
 20
13393.75
 10
20086.099999999955
 20
12600.0
 10
20187.699999999946
 20
12600.0
  0
TEXT
  5
537
330
17
100
AcDbEntity
  8
NESTED_RESULT
100
AcDbText
 10
20136.89999999995
 20
12996.875
 30
0.0
 40
23.518518518516498
  1
P-0902
 72
1
 11
20136.89999999995
 21
12996.875
 31
0.0
100
AcDbText
 73
2
  0
LWPOLYLINE
  5
538
330
17
100
AcDbEntity
  8
NESTED_RESULT
100
AcDbPolyline
 90
5
 70
0
 10
18892.30000000001
 20
13777.925000000017
 10
19686.05000000001
 20
13777.925000000017
 10
19686.05000000001
 20
13879.525000000009
 10
18892.30000000001
 20
13879.525000000009
 10
18892.30000000001
 20
13777.925000000017
  0
TEXT
  5
539
330
17
100
AcDbEntity
  8
NESTED_RESULT
100
AcDbText
 10
19289.17500000001
 20
13828.725000000013
 30
0.0
 40
30.0
  1
P-0903
 72
1
 11
19289.17500000001
 21
13828.725000000013
 31
0.0
100
AcDbText
 73
2
  0
LWPOLYLINE
  5
53A
330
17
100
AcDbEntity
  8
NESTED_RESULT
100
AcDbPolyline
 90
5
 70
0
 10
18892.30000000001
 20
13879.525000000009
 10
19686.05000000001
 20
13879.525000000009
 10
19686.05000000001
 20
13981.125
 10
18892.30000000001
 20
13981.125
 10
18892.30000000001
 20
13879.525000000009
  0
TEXT
  5
53B
330
17
100
AcDbEntity
  8
NESTED_RESULT
100
AcDbText
 10
19289.17500000001
 20
13930.325000000004
 30
0.0
 40
30.0
  1
P-0904
 72
1
 11
19289.17500000001
 21
13930.325000000004
 31
0.0
100
AcDbText
 73
2
  0
LWPOLYLINE
  5
53C
330
17
100
AcDbEntity
  8
NESTED_RESULT
100
AcDbPolyline
 90
5
 70
0
 10
17000.0
 20
13889.05000000001
 10
17793.75
 20
13889.05000000001
 10
17793.75
 20
13990.650000000001
 10
17000.0
 20
13990.650000000001
 10
17000.0
 20
13889.05000000001
  0
TEXT
  5
53D
330
17
100
AcDbEntity
  8
NESTED_RESULT
100
AcDbText
 10
17396.875
 20
13939.850000000006
 30
0.0
 40
30.0
  1
P-0905
 72
1
 11
17396.875
 21
13939.850000000006
 31
0.0
100
AcDbText
 73
2
  0
LWPOLYLINE
  5
53E
330
17
100
AcDbEntity
  8
NESTED_RESULT
100
AcDbPolyline
 90
5
 70
0
 10
18587.5
 20
13990.650000000009
 10
17793.75
 20
13990.650000000009
 10
17793.75
 20
13889.050000000017
 10
18587.5
 20
13889.050000000017
 10
18587.5
 20
13990.650000000009
  0
TEXT
  5
53F
330
17
100
AcDbEntity
  8
NESTED_RESULT
100
AcDbText
 10
18190.625
 20
13939.850000000013
 30
0.0
 40
30.0
  1
P-0906
 72
1
 11
18190.625
 21
13939.850000000013
 31
0.0
100
AcDbText
 73
2
  0
LWPOLYLINE
  5
540
330
17
100
AcDbEntity
  8
NESTED_RESULT
100
AcDbPolyline
 90
5
 70
0
 10
18587.5
 20
13981.125
 10
19381.25
 20
13981.125
 10
19381.25
 20
14082.724999999991
 10
18587.5
 20
14082.724999999991
 10
18587.5
 20
13981.125
  0
TEXT
  5
541
330
17
100
AcDbEntity
  8
NESTED_RESULT
100
AcDbText
 10
18984.375
 20
14031.924999999996
 30
0.0
 40
30.0
  1
P-0907
 72
1
 11
18984.375
 21
14031.924999999996
 31
0.0
100
AcDbText
 73
2
  0
LWPOLYLINE
  5
542
330
17
100
AcDbEntity
  8
NESTED_RESULT
100
AcDbPolyline
 90
5
 70
0
 10
19381.25
 20
13981.125
 10
20175.0
 20
13981.125
 10
20175.0
 20
14082.724999999991
 10
19381.25
 20
14082.724999999991
 10
19381.25
 20
13981.125
  0
TEXT
  5
543
330
17
100
AcDbEntity
  8
NESTED_RESULT
100
AcDbText
 10
19778.125
 20
14031.924999999996
 30
0.0
 40
30.0
  1
P-0908
 72
1
 11
19778.125
 21
14031.924999999996
 31
0.0
100
AcDbText
 73
2
  0
LWPOLYLINE
  5
544
330
17
100
AcDbEntity
  8
NESTED_RESULT
100
AcDbPolyline
 90
5
 70
0
 10
17000.0
 20
13990.650000000009
 10
17793.75
 20
13990.650000000009
 10
17793.75
 20
14092.25
 10
17000.0
 20
14092.25
 10
17000.0
 20
13990.650000000009
  0
TEXT
  5
545
330
17
100
AcDbEntity
  8
NESTED_RESULT
100
AcDbText
 10
17396.875
 20
14041.450000000004
 30
0.0
 40
30.0
  1
P-0909
 72
1
 11
17396.875
 21
14041.450000000004
 31
0.0
100
AcDbText
 73
2
  0
LWPOLYLINE
  5
546
330
17
100
AcDbEntity
  8
NESTED_RESULT
100
AcDbPolyline
 90
5
 70
0
 10
18587.5
 20
14092.25
 10
17793.75
 20
14092.25
 10
17793.75
 20
13990.650000000009
 10
18587.5
 20
13990.650000000009
 10
18587.5
 20
14092.25
  0
TEXT
  5
547
330
17
100
AcDbEntity
  8
NESTED_RESULT
100
AcDbText
 10
18190.625
 20
14041.450000000004
 30
0.0
 40
30.0
  1
P-0910
 72
1
 11
18190.625
 21
14041.450000000004
 31
0.0
100
AcDbText
 73
2
  0
LWPOLYLINE
  5
548
330
17
100
AcDbEntity
  8
NESTED_RESULT
100
AcDbPolyline
 90
5
 70
0
 10
18587.5
 20
14082.724999999991
 10
19381.25
 20
14082.724999999991
 10
19381.25
 20
14184.324999999983
 10
18587.5
 20
14184.324999999983
 10
18587.5
 20
14082.724999999991
  0
TEXT
  5
549
330
17
100
AcDbEntity
  8
NESTED_RESULT
100
AcDbText
 10
18984.375
 20
14133.524999999987
 30
0.0
 40
30.0
  1
P-0911
 72
1
 11
18984.375
 21
14133.524999999987
 31
0.0
100
AcDbText
 73
2
  0
LWPOLYLINE
  5
54A
330
17
100
AcDbEntity
  8
NESTED_RESULT
100
AcDbPolyline
 90
5
 70
0
 10
19381.250000000004
 20
14082.724999999991
 10
20175.000000000004
 20
14082.724999999991
 10
20175.000000000004
 20
14184.324999999983
 10
19381.250000000004
 20
14184.324999999983
 10
19381.250000000004
 20
14082.724999999991
  0
TEXT
  5
54B
330
17
100
AcDbEntity
  8
NESTED_RESULT
100
AcDbText
 10
19778.125000000004
 20
14133.524999999987
 30
0.0
 40
30.0
  1
P-0912
 72
1
 11
19778.125000000004
 21
14133.524999999987
 31
0.0
100
AcDbText
 73
2
  0
LWPOLYLINE
  5
54C
330
17
100
AcDbEntity
  8
NESTED_RESULT
100
AcDbPolyline
 90
5
 70
0
 10
17000.0
 20
14092.25
 10
17793.75
 20
14092.25
 10
17793.75
 20
14193.849999999991
 10
17000.0
 20
14193.849999999991
 10
17000.0
 20
14092.25
  0
TEXT
  5
54D
330
17
100
AcDbEntity
  8
NESTED_RESULT
100
AcDbText
 10
17396.875
 20
14143.049999999996
 30
0.0
 40
30.0
  1
P-0913
 72
1
 11
17396.875
 21
14143.049999999996
 31
0.0
100
AcDbText
 73
2
  0
LWPOLYLINE
  5
54E
330
17
100
AcDbEntity
  8
NESTED_RESULT
100
AcDbPolyline
 90
5
 70
0
 10
17793.75
 20
14092.25
 10
18587.5
 20
14092.25
 10
18587.5
 20
14193.849999999991
 10
17793.75
 20
14193.849999999991
 10
17793.75
 20
14092.25
  0
TEXT
  5
54F
330
17
100
AcDbEntity
  8
NESTED_RESULT
100
AcDbText
 10
18190.625
 20
14143.049999999996
 30
0.0
 40
30.0
  1
P-0914
 72
1
 11
18190.625
 21
14143.049999999996
 31
0.0
100
AcDbText
 73
2
  0
LWPOLYLINE
  5
550
330
17
100
AcDbEntity
  8
NESTED_RESULT
 62
1
100
AcDbPolyline
 90
5
 70
0
 10
0.0
 20
14400.0
 10
3200.0
 20
14400.0
 10
3200.0
 20
16000.0
 10
0.0
 20
16000.0
 10
0.0
 20
14400.0
  0
TEXT
  5
551
330
17
100
AcDbEntity
  8
NESTED_RESULT
 62
1
100
AcDbText
 10
0.0
 20
16030.0
 30
0.0
 40
50.0
  1
Sheet_49
 11
0.0
 21
16030.0
 31
0.0
100
AcDbText
 73
1
  0
LWPOLYLINE
  5
552
330
17
100
AcDbEntity
  8
NESTED_RESULT
100
AcDbPolyline
 90
5
 70
0
 10
0.0
 20
14400.0
 10
1892.300000000003
 20
14400.0
 10
1892.300000000003
 20
15044.525000000001
 10
0.0
 20
15044.525000000001
 10
0.0
 20
14400.0
  0
TEXT
  5
553
330
17
100
AcDbEntity
  8
NESTED_RESULT
100
AcDbText
 10
946.1500000000015
 20
14722.2625
 30
0.0
 40
80.0
  1
P-0083
 72
1
 11
946.1500000000015
 21
14722.2625
 31
0.0
100
AcDbText
 73
2
  0
LWPOLYLINE
  5
554
330
17
100
AcDbEntity
  8
NESTED_RESULT
100
AcDbPolyline
 90
5
 70
0
 10
0.0
 20
15044.525000000001
 10
1892.3000000000025
 20
15044.525000000001
 10
1892.3000000000025
 20
15689.050000000003
 10
0.0
 20
15689.050000000003
 10
0.0
 20
15044.525000000001
  0
TEXT
  5
555
330
17
100
AcDbEntity
  8
NESTED_RESULT
100
AcDbText
 10
946.1500000000012
 20
15366.787500000002
 30
0.0
 40
80.0
  1
P-0084
 72
1
 11
946.1500000000012
 21
15366.787500000002
 31
0.0
100
AcDbText
 73
2
  0
LWPOLYLINE
  5
556
330
17
100
AcDbEntity
  8
NESTED_RESULT
100
AcDbPolyline
 90
5
 70
0
 10
1892.300000000003
 20
14400.0
 10
2762.2500000000036
 20
14400.0
 10
2762.2500000000036
 20
14988.962500000009
 10
1892.300000000003
 20
14988.962500000009
 10
1892.300000000003
 20
14400.0
  0
TEXT
  5
557
330
17
100
AcDbEntity
  8
NESTED_RESULT
100
AcDbText
 10
2327.2750000000033
 20
14694.481250000004
 30
0.0
 40
80.0
  1
P-0330
 72
1
 11
2327.2750000000033
 21
14694.481250000004
 31
0.0
100
AcDbText
 73
2
  0
LWPOLYLINE
  5
558
330
17
100
AcDbEntity
  8
NESTED_RESULT
100
AcDbPolyline
 90
5
 70
0
 10
1892.300000000003
 20
14988.962500000009
 10
2762.2500000000036
 20
14988.962500000009
 10
2762.2500000000036
 20
15577.925000000017
 10
1892.300000000003
 20
15577.925000000017
 10
1892.300000000003
 20
14988.962500000009
  0
TEXT
  5
559
330
17
100
AcDbEntity
  8
NESTED_RESULT
100
AcDbText
 10
2327.2750000000033
 20
15283.443750000013
 30
0.0
 40
80.0
  1
P-0331
 72
1
 11
2327.2750000000033
 21
15283.443750000013
 31
0.0
100
AcDbText
 73
2
  0
LWPOLYLINE
  5
55A
330
17
100
AcDbEntity
  8
NESTED_RESULT
100
AcDbPolyline
 90
5
 70
0
 10
2864.0
 20
14400.0
 10
2864.0
 20
15193.75
 10
2762.4000000000087
 20
15193.75
 10
2762.4000000000087
 20
14400.0
 10
2864.0
 20
14400.0
  0
TEXT
  5
55B
330
17
100
AcDbEntity
  8
NESTED_RESULT
100
AcDbText
 10
2813.2000000000044
 20
14796.875
 30
0.0
 40
23.518518518516498
  1
P-0915
 72
1
 11
2813.2000000000044
 21
14796.875
 31
0.0
100
AcDbText
 73
2
  0
LWPOLYLINE
  5
55C
330
17
100
AcDbEntity
  8
NESTED_RESULT
100
AcDbPolyline
 90
5
 70
0
 10
2965.5999999999913
 20
14400.0
 10
2965.5999999999913
 20
15193.75
 10
2864.0
 20
15193.75
 10
2864.0
 20
14400.0
 10
2965.5999999999913
 20
14400.0
  0
TEXT
  5
55D
330
17
100
AcDbEntity
  8
NESTED_RESULT
100
AcDbText
 10
2914.7999999999956
 20
14796.875
 30
0.0
 40
23.518518518516498
  1
P-0916
 72
1
 11
2914.7999999999956
 21
14796.875
 31
0.0
100
AcDbText
 73
2
  0
LWPOLYLINE
  5
55E
330
17
100
AcDbEntity
  8
NESTED_RESULT
100
AcDbPolyline
 90
5
 70
0
 10
3067.1999999999825
 20
14400.0
 10
3067.1999999999825
 20
15193.75
 10
2965.5999999999913
 20
15193.75
 10
2965.5999999999913
 20
14400.0
 10
3067.1999999999825
 20
14400.0
  0
TEXT
  5
55F
330
17
100
AcDbEntity
  8
NESTED_RESULT
100
AcDbText
 10
3016.399999999987
 20
14796.875
 30
0.0
 40
23.518518518516498
  1
P-0917
 72
1
 11
3016.399999999987
 21
14796.875
 31
0.0
100
AcDbText
 73
2
  0
LWPOLYLINE
  5
560
330
17
100
AcDbEntity
  8
NESTED_RESULT
100
AcDbPolyline
 90
5
 70
0
 10
3168.799999999974
 20
14400.0
 10
3168.799999999974
 20
15193.75
 10
3067.1999999999825
 20
15193.75
 10
3067.1999999999825
 20
14400.0
 10
3168.799999999974
 20
14400.0
  0
TEXT
  5
561
330
17
100
AcDbEntity
  8
NESTED_RESULT
100
AcDbText
 10
3117.999999999978
 20
14796.875
 30
0.0
 40
23.518518518516498
  1
P-0918
 72
1
 11
3117.999999999978
 21
14796.875
 31
0.0
100
AcDbText
 73
2
  0
LWPOLYLINE
  5
562
330
17
100
AcDbEntity
  8
NESTED_RESULT
100
AcDbPolyline
 90
5
 70
0
 10
1892.300000000003
 20
15577.925000000017
 10
2686.050000000003
 20
15577.925000000017
 10
2686.050000000003
 20
15679.525000000009
 10
1892.300000000003
 20
15679.525000000009
 10
1892.300000000003
 20
15577.925000000017
  0
TEXT
  5
563
330
17
100
AcDbEntity
  8
NESTED_RESULT
100
AcDbText
 10
2289.175000000003
 20
15628.725000000013
 30
0.0
 40
30.0
  1
P-0919
 72
1
 11
2289.175000000003
 21
15628.725000000013
 31
0.0
100
AcDbText
 73
2
  0
LWPOLYLINE
  5
564
330
17
100
AcDbEntity
  8
NESTED_RESULT
100
AcDbPolyline
 90
5
 70
0
 10
1892.300000000003
 20
15679.525000000009
 10
2686.050000000001
 20
15679.525000000009
 10
2686.050000000001
 20
15781.125
 10
1892.300000000003
 20
15781.125
 10
1892.300000000003
 20
15679.525000000009
  0
TEXT
  5
565
330
17
100
AcDbEntity
  8
NESTED_RESULT
100
AcDbText
 10
2289.175000000002
 20
15730.325000000004
 30
0.0
 40
30.0
  1
P-0920
 72
1
 11
2289.175000000002
 21
15730.325000000004
 31
0.0
100
AcDbText
 73
2
  0
LWPOLYLINE
  5
566
330
17
100
AcDbEntity
  8
NESTED_RESULT
100
AcDbPolyline
 90
5
 70
0
 10
0.0
 20
15689.050000000003
 10
793.7499999999927
 20
15689.050000000003
 10
793.7499999999927
 20
15790.649999999994
 10
0.0
 20
15790.649999999994
 10
0.0
 20
15689.050000000003
  0
TEXT
  5
567
330
17
100
AcDbEntity
  8
NESTED_RESULT
100
AcDbText
 10
396.87499999999636
 20
15739.849999999999
 30
0.0
 40
30.0
  1
P-0921
 72
1
 11
396.87499999999636
 21
15739.849999999999
 31
0.0
100
AcDbText
 73
2
  0
LWPOLYLINE
  5
568
330
17
100
AcDbEntity
  8
NESTED_RESULT
100
AcDbPolyline
 90
5
 70
0
 10
793.7499999999927
 20
15689.050000000003
 10
1587.4999999999818
 20
15689.050000000003
 10
1587.4999999999818
 20
15790.649999999994
 10
793.7499999999927
 20
15790.649999999994
 10
793.7499999999927
 20
15689.050000000003
  0
TEXT
  5
569
330
17
100
AcDbEntity
  8
NESTED_RESULT
100
AcDbText
 10
1190.6249999999873
 20
15739.849999999999
 30
0.0
 40
30.0
  1
P-0922
 72
1
 11
1190.6249999999873
 21
15739.849999999999
 31
0.0
100
AcDbText
 73
2
  0
LWPOLYLINE
  5
56A
330
17
100
AcDbEntity
  8
NESTED_RESULT
100
AcDbPolyline
 90
5
 70
0
 10
1587.4999999999818
 20
15781.125
 10
2381.249999999971
 20
15781.125
 10
2381.249999999971
 20
15882.724999999991
 10
1587.4999999999818
 20
15882.724999999991
 10
1587.4999999999818
 20
15781.125
  0
TEXT
  5
56B
330
17
100
AcDbEntity
  8
NESTED_RESULT
100
AcDbText
 10
1984.3749999999764
 20
15831.924999999996
 30
0.0
 40
30.0
  1
P-0923
 72
1
 11
1984.3749999999764
 21
15831.924999999996
 31
0.0
100
AcDbText
 73
2
  0
LWPOLYLINE
  5
56C
330
17
100
AcDbEntity
  8
NESTED_RESULT
100
AcDbPolyline
 90
5
 70
0
 10
2381.249999999971
 20
15781.125
 10
3174.9999999999563
 20
15781.125
 10
3174.9999999999563
 20
15882.724999999991
 10
2381.249999999971
 20
15882.724999999991
 10
2381.249999999971
 20
15781.125
  0
TEXT
  5
56D
330
17
100
AcDbEntity
  8
NESTED_RESULT
100
AcDbText
 10
2778.1249999999636
 20
15831.924999999996
 30
0.0
 40
30.0
  1
P-0924
 72
1
 11
2778.1249999999636
 21
15831.924999999996
 31
0.0
100
AcDbText
 73
2
  0
LWPOLYLINE
  5
56E
330
17
100
AcDbEntity
  8
NESTED_RESULT
100
AcDbPolyline
 90
5
 70
0
 10
588.9624999999942
 20
15790.649999999994
 10
588.9624999999942
 20
15892.249999999985
 10
0.0
 20
15892.249999999985
 10
0.0
 20
15790.649999999994
 10
588.9624999999942
 20
15790.649999999994
  0
TEXT
  5
56F
330
17
100
AcDbEntity
  8
NESTED_RESULT
100
AcDbText
 10
294.4812499999971
 20
15841.44999999999
 30
0.0
 40
30.0
  1
P-1162
 72
1
 11
294.4812499999971
 21
15841.44999999999
 31
0.0
100
AcDbText
 73
2
  0
LWPOLYLINE
  5
570
330
17
100
AcDbEntity
  8
NESTED_RESULT
100
AcDbPolyline
 90
5
 70
0
 10
1177.9249999999884
 20
15790.649999999994
 10
1177.9249999999884
 20
15892.249999999985
 10
588.9624999999942
 20
15892.249999999985
 10
588.9624999999942
 20
15790.649999999994
 10
1177.9249999999884
 20
15790.649999999994
  0
TEXT
  5
571
330
17
100
AcDbEntity
  8
NESTED_RESULT
100
AcDbText
 10
883.4437499999913
 20
15841.44999999999
 30
0.0
 40
30.0
  1
P-1163
 72
1
 11
883.4437499999913
 21
15841.44999999999
 31
0.0
100
AcDbText
 73
2
  0
LWPOLYLINE
  5
572
330
17
100
AcDbEntity
  8
NESTED_RESULT
100
AcDbPolyline
 90
5
 70
0
 10
1766.8874999999825
 20
15882.724999999991
 10
1766.8874999999825
 20
15984.324999999997
 10
1177.9249999999884
 20
15984.324999999997
 10
1177.9249999999884
 20
15882.724999999991
 10
1766.8874999999825
 20
15882.724999999991
  0
TEXT
  5
573
330
17
100
AcDbEntity
  8
NESTED_RESULT
100
AcDbText
 10
1472.4062499999854
 20
15933.524999999994
 30
0.0
 40
30.0
  1
P-1164
 72
1
 11
1472.4062499999854
 21
15933.524999999994
 31
0.0
100
AcDbText
 73
2
  0
LWPOLYLINE
  5
574
330
17
100
AcDbEntity
  8
NESTED_RESULT
100
AcDbPolyline
 90
5
 70
0
 10
2355.8499999999767
 20
15882.724999999991
 10
2355.8499999999767
 20
15984.324999999983
 10
1766.8874999999825
 20
15984.324999999983
 10
1766.8874999999825
 20
15882.724999999991
 10
2355.8499999999767
 20
15882.724999999991
  0
TEXT
  5
575
330
17
100
AcDbEntity
  8
NESTED_RESULT
100
AcDbText
 10
2061.3687499999796
 20
15933.524999999987
 30
0.0
 40
30.0
  1
P-1165
 72
1
 11
2061.3687499999796
 21
15933.524999999987
 31
0.0
100
AcDbText
 73
2
  0
LWPOLYLINE
  5
576
330
17
100
AcDbEntity
  8
NESTED_RESULT
100
AcDbPolyline
 90
5
 70
0
 10
2944.812499999971
 20
15882.724999999991
 10
2944.812499999971
 20
15984.324999999983
 10
2355.8499999999767
 20
15984.324999999983
 10
2355.8499999999767
 20
15882.724999999991
 10
2944.812499999971
 20
15882.724999999991
  0
TEXT
  5
577
330
17
100
AcDbEntity
  8
NESTED_RESULT
100
AcDbText
 10
2650.331249999974
 20
15933.524999999987
 30
0.0
 40
30.0
  1
P-1166
 72
1
 11
2650.331249999974
 21
15933.524999999987
 31
0.0
100
AcDbText
 73
2
  0
LWPOLYLINE
  5
578
330
17
100
AcDbEntity
  8
NESTED_RESULT
100
AcDbPolyline
 90
5
 70
0
 10
588.9624999999942
 20
15892.249999999985
 10
588.9624999999942
 20
15993.849999999977
 10
0.0
 20
15993.849999999977
 10
0.0
 20
15892.249999999985
 10
588.9624999999942
 20
15892.249999999985
  0
TEXT
  5
579
330
17
100
AcDbEntity
  8
NESTED_RESULT
100
AcDbText
 10
294.4812499999971
 20
15943.049999999981
 30
0.0
 40
30.0
  1
P-1167
 72
1
 11
294.4812499999971
 21
15943.049999999981
 31
0.0
100
AcDbText
 73
2
  0
LWPOLYLINE
  5
57A
330
17
100
AcDbEntity
  8
NESTED_RESULT
100
AcDbPolyline
 90
5
 70
0
 10
1177.9249999999884
 20
15892.249999999985
 10
1177.9249999999884
 20
15993.849999999962
 10
588.9624999999942
 20
15993.849999999962
 10
588.9624999999942
 20
15892.249999999985
 10
1177.9249999999884
 20
15892.249999999985
  0
TEXT
  5
57B
330
17
100
AcDbEntity
  8
NESTED_RESULT
100
AcDbText
 10
883.4437499999913
 20
15943.049999999974
 30
0.0
 40
30.0
  1
P-1168
 72
1
 11
883.4437499999913
 21
15943.049999999974
 31
0.0
100
AcDbText
 73
2
  0
LWPOLYLINE
  5
57C
330
17
100
AcDbEntity
  8
NESTED_RESULT
 62
1
100
AcDbPolyline
 90
5
 70
0
 10
3400.0
 20
14400.0
 10
6600.0
 20
14400.0
 10
6600.0
 20
16000.0
 10
3400.0
 20
16000.0
 10
3400.0
 20
14400.0
  0
TEXT
  5
57D
330
17
100
AcDbEntity
  8
NESTED_RESULT
 62
1
100
AcDbText
 10
3400.0
 20
16030.0
 30
0.0
 40
50.0
  1
Sheet_50
 11
3400.0
 21
16030.0
 31
0.0
100
AcDbText
 73
1
  0
LWPOLYLINE
  5
57E
330
17
100
AcDbEntity
  8
NESTED_RESULT
100
AcDbPolyline
 90
5
 70
0
 10
3400.0
 20
14400.0
 10
5292.299999999999
 20
14400.0
 10
5292.299999999999
 20
15044.525000000001
 10
3400.0
 20
15044.525000000001
 10
3400.0
 20
14400.0
  0
TEXT
  5
57F
330
17
100
AcDbEntity
  8
NESTED_RESULT
100
AcDbText
 10
4346.15
 20
14722.2625
 30
0.0
 40
80.0
  1
P-0085
 72
1
 11
4346.15
 21
14722.2625
 31
0.0
100
AcDbText
 73
2
  0
LWPOLYLINE
  5
580
330
17
100
AcDbEntity
  8
NESTED_RESULT
100
AcDbPolyline
 90
5
 70
0
 10
3400.0
 20
15044.525000000001
 10
5292.299999999999
 20
15044.525000000001
 10
5292.299999999999
 20
15689.050000000003
 10
3400.0
 20
15689.050000000003
 10
3400.0
 20
15044.525000000001
  0
TEXT
  5
581
330
17
100
AcDbEntity
  8
NESTED_RESULT
100
AcDbText
 10
4346.15
 20
15366.787500000002
 30
0.0
 40
80.0
  1
P-0086
 72
1
 11
4346.15
 21
15366.787500000002
 31
0.0
100
AcDbText
 73
2
  0
LWPOLYLINE
  5
582
330
17
100
AcDbEntity
  8
NESTED_RESULT
100
AcDbPolyline
 90
5
 70
0
 10
5292.299999999999
 20
14400.0
 10
6162.25
 20
14400.0
 10
6162.25
 20
14988.962500000009
 10
5292.299999999999
 20
14988.962500000009
 10
5292.299999999999
 20
14400.0
  0
TEXT
  5
583
330
17
100
AcDbEntity
  8
NESTED_RESULT
100
AcDbText
 10
5727.275
 20
14694.481250000004
 30
0.0
 40
80.0
  1
P-0332
 72
1
 11
5727.275
 21
14694.481250000004
 31
0.0
100
AcDbText
 73
2
  0
LWPOLYLINE
  5
584
330
17
100
AcDbEntity
  8
NESTED_RESULT
100
AcDbPolyline
 90
5
 70
0
 10
5292.299999999999
 20
14988.962500000009
 10
6162.25
 20
14988.962500000009
 10
6162.25
 20
15577.925000000017
 10
5292.299999999999
 20
15577.925000000017
 10
5292.299999999999
 20
14988.962500000009
  0
TEXT
  5
585
330
17
100
AcDbEntity
  8
NESTED_RESULT
100
AcDbText
 10
5727.275
 20
15283.443750000013
 30
0.0
 40
80.0
  1
P-0333
 72
1
 11
5727.275
 21
15283.443750000013
 31
0.0
100
AcDbText
 73
2
  0
LWPOLYLINE
  5
586
330
17
100
AcDbEntity
  8
NESTED_RESULT
100
AcDbPolyline
 90
5
 70
0
 10
6162.25
 20
14400.0
 10
6263.849999999991
 20
14400.0
 10
6263.849999999991
 20
14988.962499999994
 10
6162.25
 20
14988.962499999994
 10
6162.25
 20
14400.0
  0
TEXT
  5
587
330
17
100
AcDbEntity
  8
NESTED_RESULT
100
AcDbText
 10
6213.049999999996
 20
14694.481249999997
 30
0.0
 40
23.518518518516498
  1
P-1169
 72
1
 11
6213.049999999996
 21
14694.481249999997
 31
0.0
100
AcDbText
 73
2
  0
LWPOLYLINE
  5
588
330
17
100
AcDbEntity
  8
NESTED_RESULT
100
AcDbPolyline
 90
5
 70
0
 10
6263.849999999995
 20
14400.0
 10
6365.449999999986
 20
14400.0
 10
6365.449999999986
 20
14988.962499999994
 10
6263.849999999995
 20
14988.962499999994
 10
6263.849999999995
 20
14400.0
  0
TEXT
  5
589
330
17
100
AcDbEntity
  8
NESTED_RESULT
100
AcDbText
 10
6314.6499999999905
 20
14694.481249999997
 30
0.0
 40
23.518518518516498
  1
P-1170
 72
1
 11
6314.6499999999905
 21
14694.481249999997
 31
0.0
100
AcDbText
 73
2
  0
LWPOLYLINE
  5
58A
330
17
100
AcDbEntity
  8
NESTED_RESULT
100
AcDbPolyline
 90
5
 70
0
 10
6365.449999999986
 20
14400.0
 10
6467.049999999977
 20
14400.0
 10
6467.049999999977
 20
14988.962499999994
 10
6365.449999999986
 20
14988.962499999994
 10
6365.449999999986
 20
14400.0
  0
TEXT
  5
58B
330
17
100
AcDbEntity
  8
NESTED_RESULT
100
AcDbText
 10
6416.249999999982
 20
14694.481249999997
 30
0.0
 40
23.518518518516498
  1
P-1171
 72
1
 11
6416.249999999982
 21
14694.481249999997
 31
0.0
100
AcDbText
 73
2
  0
LWPOLYLINE
  5
58C
330
17
100
AcDbEntity
  8
NESTED_RESULT
100
AcDbPolyline
 90
5
 70
0
 10
6467.049999999977
 20
14400.0
 10
6568.649999999969
 20
14400.0
 10
6568.649999999969
 20
14988.962499999994
 10
6467.049999999977
 20
14988.962499999994
 10
6467.049999999977
 20
14400.0
  0
TEXT
  5
58D
330
17
100
AcDbEntity
  8
NESTED_RESULT
100
AcDbText
 10
6517.849999999973
 20
14694.481249999997
 30
0.0
 40
23.518518518516498
  1
P-1172
 72
1
 11
6517.849999999973
 21
14694.481249999997
 31
0.0
100
AcDbText
 73
2
  0
LWPOLYLINE
  5
58E
330
17
100
AcDbEntity
  8
NESTED_RESULT
100
AcDbPolyline
 90
5
 70
0
 10
6162.25
 20
14988.962499999994
 10
6263.849999999991
 20
14988.962499999994
 10
6263.849999999991
 20
15577.924999999985
 10
6162.25
 20
15577.924999999985
 10
6162.25
 20
14988.962499999994
  0
TEXT
  5
58F
330
17
100
AcDbEntity
  8
NESTED_RESULT
100
AcDbText
 10
6213.049999999996
 20
15283.44374999999
 30
0.0
 40
23.518518518516498
  1
P-1174
 72
1
 11
6213.049999999996
 21
15283.44374999999
 31
0.0
100
AcDbText
 73
2
  0
LWPOLYLINE
  5
590
330
17
100
AcDbEntity
  8
NESTED_RESULT
100
AcDbPolyline
 90
5
 70
0
 10
6263.849999999991
 20
14988.962499999994
 10
6365.4499999999825
 20
14988.962499999994
 10
6365.4499999999825
 20
15577.924999999985
 10
6263.849999999991
 20
15577.924999999985
 10
6263.849999999991
 20
14988.962499999994
  0
TEXT
  5
591
330
17
100
AcDbEntity
  8
NESTED_RESULT
100
AcDbText
 10
6314.649999999987
 20
15283.44374999999
 30
0.0
 40
23.518518518516498
  1
P-1175
 72
1
 11
6314.649999999987
 21
15283.44374999999
 31
0.0
100
AcDbText
 73
2
  0
LWPOLYLINE
  5
592
330
17
100
AcDbEntity
  8
NESTED_RESULT
100
AcDbPolyline
 90
5
 70
0
 10
6365.4499999999825
 20
14988.962499999994
 10
6467.049999999974
 20
14988.962499999994
 10
6467.049999999974
 20
15577.924999999985
 10
6365.4499999999825
 20
15577.924999999985
 10
6365.4499999999825
 20
14988.962499999994
  0
TEXT
  5
593
330
17
100
AcDbEntity
  8
NESTED_RESULT
100
AcDbText
 10
6416.249999999978
 20
15283.44374999999
 30
0.0
 40
23.518518518516498
  1
P-1176
 72
1
 11
6416.249999999978
 21
15283.44374999999
 31
0.0
100
AcDbText
 73
2
  0
LWPOLYLINE
  5
594
330
17
100
AcDbEntity
  8
NESTED_RESULT
100
AcDbPolyline
 90
5
 70
0
 10
6467.049999999974
 20
14988.962499999994
 10
6568.649999999965
 20
14988.962499999994
 10
6568.649999999965
 20
15577.924999999974
 10
6467.049999999974
 20
15577.924999999974
 10
6467.049999999974
 20
14988.962499999994
  0
TEXT
  5
595
330
17
100
AcDbEntity
  8
NESTED_RESULT
100
AcDbText
 10
6517.849999999969
 20
15283.443749999984
 30
0.0
 40
23.518518518516498
  1
P-1186
 72
1
 11
6517.849999999969
 21
15283.443749999984
 31
0.0
100
AcDbText
 73
2
  0
LWPOLYLINE
  5
596
330
17
100
AcDbEntity
  8
NESTED_RESULT
100
AcDbPolyline
 90
5
 70
0
 10
5881.26249999991
 20
15577.925000000017
 10
5881.26249999991
 20
15679.524999999994
 10
5292.300000000003
 20
15679.524999999994
 10
5292.300000000003
 20
15577.925000000017
 10
5881.26249999991
 20
15577.925000000017
  0
TEXT
  5
597
330
17
100
AcDbEntity
  8
NESTED_RESULT
100
AcDbText
 10
5586.781249999956
 20
15628.725000000006
 30
0.0
 40
30.0
  1
P-1201
 72
1
 11
5586.781249999956
 21
15628.725000000006
 31
0.0
100
AcDbText
 73
2
  0
LWPOLYLINE
  5
598
330
17
100
AcDbEntity
  8
NESTED_RESULT
100
AcDbPolyline
 90
5
 70
0
 10
6470.2249999999185
 20
15577.925000000017
 10
6470.2249999999185
 20
15679.525000000009
 10
5881.26249999991
 20
15679.525000000009
 10
5881.26249999991
 20
15577.925000000017
 10
6470.2249999999185
 20
15577.925000000017
  0
TEXT
  5
599
330
17
100
AcDbEntity
  8
NESTED_RESULT
100
AcDbText
 10
6175.743749999914
 20
15628.725000000013
 30
0.0
 40
30.0
  1
P-1160
 72
1
 11
6175.743749999914
 21
15628.725000000013
 31
0.0
100
AcDbText
 73
2
  0
LWPOLYLINE
  5
59A
330
17
100
AcDbEntity
  8
NESTED_RESULT
100
AcDbPolyline
 90
5
 70
0
 10
5881.262500000001
 20
15679.525000000009
 10
5881.262500000001
 20
15781.125
 10
5292.299999999999
 20
15781.125
 10
5292.299999999999
 20
15679.525000000009
 10
5881.262500000001
 20
15679.525000000009
  0
TEXT
  5
59B
330
17
100
AcDbEntity
  8
NESTED_RESULT
100
AcDbText
 10
5586.78125
 20
15730.325000000004
 30
0.0
 40
30.0
  1
P-1173
 72
1
 11
5586.78125
 21
15730.325000000004
 31
0.0
100
AcDbText
 73
2
  0
LWPOLYLINE
  5
59C
330
17
100
AcDbEntity
  8
NESTED_RESULT
100
AcDbPolyline
 90
5
 70
0
 10
6470.224999999995
 20
15679.525000000009
 10
6470.224999999995
 20
15781.125
 10
5881.262500000001
 20
15781.125
 10
5881.262500000001
 20
15679.525000000009
 10
6470.224999999995
 20
15679.525000000009
  0
TEXT
  5
59D
330
17
100
AcDbEntity
  8
NESTED_RESULT
100
AcDbText
 10
6175.743749999998
 20
15730.325000000004
 30
0.0
 40
30.0
  1
P-1180
 72
1
 11
6175.743749999998
 21
15730.325000000004
 31
0.0
100
AcDbText
 73
2
  0
LWPOLYLINE
  5
59E
330
17
100
AcDbEntity
  8
NESTED_RESULT
100
AcDbPolyline
 90
5
 70
0
 10
3988.962499999994
 20
15689.050000000003
 10
3988.962499999994
 20
15790.64999999998
 10
3400.0
 20
15790.64999999998
 10
3400.0
 20
15689.050000000003
 10
3988.962499999994
 20
15689.050000000003
  0
TEXT
  5
59F
330
17
100
AcDbEntity
  8
NESTED_RESULT
100
AcDbText
 10
3694.481249999997
 20
15739.849999999991
 30
0.0
 40
30.0
  1
P-1181
 72
1
 11
3694.481249999997
 21
15739.849999999991
 31
0.0
100
AcDbText
 73
2
  0
LWPOLYLINE
  5
5A0
330
17
100
AcDbEntity
  8
NESTED_RESULT
100
AcDbPolyline
 90
5
 70
0
 10
4577.924999999988
 20
15689.050000000003
 10
4577.924999999988
 20
15790.649999999994
 10
3988.962499999994
 20
15790.649999999994
 10
3988.962499999994
 20
15689.050000000003
 10
4577.924999999988
 20
15689.050000000003
  0
TEXT
  5
5A1
330
17
100
AcDbEntity
  8
NESTED_RESULT
100
AcDbText
 10
4283.443749999991
 20
15739.849999999999
 30
0.0
 40
30.0
  1
P-1182
 72
1
 11
4283.443749999991
 21
15739.849999999999
 31
0.0
100
AcDbText
 73
2
  0
LWPOLYLINE
  5
5A2
330
17
100
AcDbEntity
  8
NESTED_RESULT
100
AcDbPolyline
 90
5
 70
0
 10
5166.8874999999825
 20
15689.050000000003
 10
5166.8874999999825
 20
15790.649999999994
 10
4577.924999999988
 20
15790.649999999994
 10
4577.924999999988
 20
15689.050000000003
 10
5166.8874999999825
 20
15689.050000000003
  0
TEXT
  5
5A3
330
17
100
AcDbEntity
  8
NESTED_RESULT
100
AcDbText
 10
4872.406249999985
 20
15739.849999999999
 30
0.0
 40
30.0
  1
P-1183
 72
1
 11
4872.406249999985
 21
15739.849999999999
 31
0.0
100
AcDbText
 73
2
  0
LWPOLYLINE
  5
5A4
330
17
100
AcDbEntity
  8
NESTED_RESULT
100
AcDbPolyline
 90
5
 70
0
 10
5755.849999999977
 20
15781.125
 10
5755.849999999977
 20
15882.724999999991
 10
5166.8874999999825
 20
15882.724999999991
 10
5166.8874999999825
 20
15781.125
 10
5755.849999999977
 20
15781.125
  0
TEXT
  5
5A5
330
17
100
AcDbEntity
  8
NESTED_RESULT
100
AcDbText
 10
5461.36874999998
 20
15831.924999999996
 30
0.0
 40
30.0
  1
P-1184
 72
1
 11
5461.36874999998
 21
15831.924999999996
 31
0.0
100
AcDbText
 73
2
  0
LWPOLYLINE
  5
5A6
330
17
100
AcDbEntity
  8
NESTED_RESULT
100
AcDbPolyline
 90
5
 70
0
 10
6344.8125
 20
15781.125
 10
6344.8125
 20
15882.724999999991
 10
5755.849999999977
 20
15882.724999999991
 10
5755.849999999977
 20
15781.125
 10
6344.8125
 20
15781.125
  0
TEXT
  5
5A7
330
17
100
AcDbEntity
  8
NESTED_RESULT
100
AcDbText
 10
6050.331249999988
 20
15831.924999999996
 30
0.0
 40
30.0
  1
P-1158
 72
1
 11
6050.331249999988
 21
15831.924999999996
 31
0.0
100
AcDbText
 73
2
  0
LWPOLYLINE
  5
5A8
330
17
100
AcDbEntity
  8
NESTED_RESULT
100
AcDbPolyline
 90
5
 70
0
 10
3988.9625000000087
 20
15790.649999999994
 10
3988.9625000000087
 20
15892.249999999985
 10
3400.0
 20
15892.249999999985
 10
3400.0
 20
15790.649999999994
 10
3988.9625000000087
 20
15790.649999999994
  0
TEXT
  5
5A9
330
17
100
AcDbEntity
  8
NESTED_RESULT
100
AcDbText
 10
3694.4812500000044
 20
15841.44999999999
 30
0.0
 40
30.0
  1
P-1177
 72
1
 11
3694.4812500000044
 21
15841.44999999999
 31
0.0
100
AcDbText
 73
2
  0
LWPOLYLINE
  5
5AA
330
17
100
AcDbEntity
  8
NESTED_RESULT
100
AcDbPolyline
 90
5
 70
0
 10
4577.9250000000175
 20
15790.649999999994
 10
4577.9250000000175
 20
15892.249999999985
 10
3988.9625000000087
 20
15892.249999999985
 10
3988.9625000000087
 20
15790.649999999994
 10
4577.9250000000175
 20
15790.649999999994
  0
TEXT
  5
5AB
330
17
100
AcDbEntity
  8
NESTED_RESULT
100
AcDbText
 10
4283.443750000013
 20
15841.44999999999
 30
0.0
 40
30.0
  1
P-1178
 72
1
 11
4283.443750000013
 21
15841.44999999999
 31
0.0
100
AcDbText
 73
2
  0
LWPOLYLINE
  5
5AC
330
17
100
AcDbEntity
  8
NESTED_RESULT
100
AcDbPolyline
 90
5
 70
0
 10
5166.887500000026
 20
15882.724999999991
 10
5166.887500000026
 20
15984.324999999983
 10
4577.9250000000175
 20
15984.324999999983
 10
4577.9250000000175
 20
15882.724999999991
 10
5166.887500000026
 20
15882.724999999991
  0
TEXT
  5
5AD
330
17
100
AcDbEntity
  8
NESTED_RESULT
100
AcDbText
 10
4872.406250000022
 20
15933.524999999987
 30
0.0
 40
30.0
  1
P-1179
 72
1
 11
4872.406250000022
 21
15933.524999999987
 31
0.0
100
AcDbText
 73
2
  0
LWPOLYLINE
  5
5AE
330
17
100
AcDbEntity
  8
NESTED_RESULT
100
AcDbPolyline
 90
5
 70
0
 10
5755.85000000002
 20
15882.724999999991
 10
5755.85000000002
 20
15984.324999999975
 10
5166.887500000026
 20
15984.324999999975
 10
5166.887500000026
 20
15882.724999999991
 10
5755.85000000002
 20
15882.724999999991
  0
TEXT
  5
5AF
330
17
100
AcDbEntity
  8
NESTED_RESULT
100
AcDbText
 10
5461.368750000023
 20
15933.524999999983
 30
0.0
 40
30.0
  1
P-1187
 72
1
 11
5461.368750000023
 21
15933.524999999983
 31
0.0
100
AcDbText
 73
2
  0
LWPOLYLINE
  5
5B0
330
17
100
AcDbEntity
  8
NESTED_RESULT
100
AcDbPolyline
 90
5
 70
0
 10
6344.812500000015
 20
15882.724999999991
 10
6344.812500000015
 20
15984.324999999975
 10
5755.85000000002
 20
15984.324999999975
 10
5755.85000000002
 20
15882.724999999991
 10
6344.812500000015
 20
15882.724999999991
  0
TEXT
  5
5B1
330
17
100
AcDbEntity
  8
NESTED_RESULT
100
AcDbText
 10
6050.3312500000175
 20
15933.524999999983
 30
0.0
 40
30.0
  1
P-1188
 72
1
 11
6050.3312500000175
 21
15933.524999999983
 31
0.0
100
AcDbText
 73
2
  0
LWPOLYLINE
  5
5B2
330
17
100
AcDbEntity
  8
NESTED_RESULT
100
AcDbPolyline
 90
5
 70
0
 10
3988.962499999994
 20
15892.249999999985
 10
3988.962499999994
 20
15993.849999999977
 10
3400.0
 20
15993.849999999977
 10
3400.0
 20
15892.249999999985
 10
3988.962499999994
 20
15892.249999999985
  0
TEXT
  5
5B3
330
17
100
AcDbEntity
  8
NESTED_RESULT
100
AcDbText
 10
3694.481249999997
 20
15943.049999999981
 30
0.0
 40
30.0
  1
P-1189
 72
1
 11
3694.481249999997
 21
15943.049999999981
 31
0.0
100
AcDbText
 73
2
  0
LWPOLYLINE
  5
5B4
330
17
100
AcDbEntity
  8
NESTED_RESULT
100
AcDbPolyline
 90
5
 70
0
 10
4577.924999999988
 20
15892.249999999985
 10
4577.924999999988
 20
15993.849999999977
 10
3988.962499999994
 20
15993.849999999977
 10
3988.962499999994
 20
15892.249999999985
 10
4577.924999999988
 20
15892.249999999985
  0
TEXT
  5
5B5
330
17
100
AcDbEntity
  8
NESTED_RESULT
100
AcDbText
 10
4283.443749999991
 20
15943.049999999981
 30
0.0
 40
30.0
  1
P-1190
 72
1
 11
4283.443749999991
 21
15943.049999999981
 31
0.0
100
AcDbText
 73
2
  0
LWPOLYLINE
  5
5B6
330
17
100
AcDbEntity
  8
NESTED_RESULT
 62
1
100
AcDbPolyline
 90
5
 70
0
 10
6800.0
 20
14400.0
 10
10000.0
 20
14400.0
 10
10000.0
 20
16000.0
 10
6800.0
 20
16000.0
 10
6800.0
 20
14400.0
  0
TEXT
  5
5B7
330
17
100
AcDbEntity
  8
NESTED_RESULT
 62
1
100
AcDbText
 10
6800.0
 20
16030.0
 30
0.0
 40
50.0
  1
Sheet_51
 11
6800.0
 21
16030.0
 31
0.0
100
AcDbText
 73
1
  0
LWPOLYLINE
  5
5B8
330
17
100
AcDbEntity
  8
NESTED_RESULT
100
AcDbPolyline
 90
5
 70
0
 10
6800.0
 20
14400.0
 10
8692.299999999996
 20
14400.0
 10
8692.299999999996
 20
15044.525000000001
 10
6800.0
 20
15044.525000000001
 10
6800.0
 20
14400.0
  0
TEXT
  5
5B9
330
17
100
AcDbEntity
  8
NESTED_RESULT
100
AcDbText
 10
7746.149999999998
 20
14722.2625
 30
0.0
 40
80.0
  1
P-0087
 72
1
 11
7746.149999999998
 21
14722.2625
 31
0.0
100
AcDbText
 73
2
  0
LWPOLYLINE
  5
5BA
330
17
100
AcDbEntity
  8
NESTED_RESULT
100
AcDbPolyline
 90
5
 70
0
 10
6800.0
 20
15044.525000000001
 10
8635.150000000012
 20
15044.525000000001
 10
8635.150000000012
 20
15689.050000000003
 10
6800.0
 20
15689.050000000003
 10
6800.0
 20
15044.525000000001
  0
TEXT
  5
5BB
330
17
100
AcDbEntity
  8
NESTED_RESULT
100
AcDbText
 10
7717.575000000006
 20
15366.787500000002
 30
0.0
 40
80.0
  1
P-0113
 72
1
 11
7717.575000000006
 21
15366.787500000002
 31
0.0
100
AcDbText
 73
2
  0
LWPOLYLINE
  5
5BC
330
17
100
AcDbEntity
  8
NESTED_RESULT
100
AcDbPolyline
 90
5
 70
0
 10
8692.299999999996
 20
14400.0
 10
9562.249999999996
 20
14400.0
 10
9562.249999999996
 20
14988.962500000009
 10
8692.299999999996
 20
14988.962500000009
 10
8692.299999999996
 20
14400.0
  0
TEXT
  5
5BD
330
17
100
AcDbEntity
  8
NESTED_RESULT
100
AcDbText
 10
9127.274999999996
 20
14694.481250000004
 30
0.0
 40
80.0
  1
P-0334
 72
1
 11
9127.274999999996
 21
14694.481250000004
 31
0.0
100
AcDbText
 73
2
  0
LWPOLYLINE
  5
5BE
330
17
100
AcDbEntity
  8
NESTED_RESULT
100
AcDbPolyline
 90
5
 70
0
 10
8692.299999999996
 20
14988.962500000009
 10
9562.249999999993
 20
14988.962500000009
 10
9562.249999999993
 20
15577.925000000017
 10
8692.299999999996
 20
15577.925000000017
 10
8692.299999999996
 20
14988.962500000009
  0
TEXT
  5
5BF
330
17
100
AcDbEntity
  8
NESTED_RESULT
100
AcDbText
 10
9127.274999999994
 20
15283.443750000013
 30
0.0
 40
80.0
  1
P-0335
 72
1
 11
9127.274999999994
 21
15283.443750000013
 31
0.0
100
AcDbText
 73
2
  0
LWPOLYLINE
  5
5C0
330
17
100
AcDbEntity
  8
NESTED_RESULT
100
AcDbPolyline
 90
5
 70
0
 10
9562.249999999996
 20
14400.0
 10
9663.849999999984
 20
14400.0
 10
9663.849999999984
 20
14988.962499999994
 10
9562.249999999996
 20
14988.962499999994
 10
9562.249999999996
 20
14400.0
  0
TEXT
  5
5C1
330
17
100
AcDbEntity
  8
NESTED_RESULT
100
AcDbText
 10
9613.04999999999
 20
14694.481249999997
 30
0.0
 40
23.518518518515652
  1
P-1191
 72
1
 11
9613.04999999999
 21
14694.481249999997
 31
0.0
100
AcDbText
 73
2
  0
LWPOLYLINE
  5
5C2
330
17
100
AcDbEntity
  8
NESTED_RESULT
100
AcDbPolyline
 90
5
 70
0
 10
9663.849999999984
 20
14400.0
 10
9765.449999999972
 20
14400.0
 10
9765.449999999972
 20
14988.962499999994
 10
9663.849999999984
 20
14988.962499999994
 10
9663.849999999984
 20
14400.0
  0
TEXT
  5
5C3
330
17
100
AcDbEntity
  8
NESTED_RESULT
100
AcDbText
 10
9714.649999999978
 20
14694.481249999997
 30
0.0
 40
23.518518518515652
  1
P-1192
 72
1
 11
9714.649999999978
 21
14694.481249999997
 31
0.0
100
AcDbText
 73
2
  0
LWPOLYLINE
  5
5C4
330
17
100
AcDbEntity
  8
NESTED_RESULT
100
AcDbPolyline
 90
5
 70
0
 10
9867.04999999996
 20
14988.962499999994
 10
9765.449999999972
 20
14988.962499999994
 10
9765.449999999972
 20
14400.0
 10
9867.04999999996
 20
14400.0
 10
9867.04999999996
 20
14988.962499999994
  0
TEXT
  5
5C5
330
17
100
AcDbEntity
  8
NESTED_RESULT
100
AcDbText
 10
9816.249999999965
 20
14694.481249999997
 30
0.0
 40
23.518518518515652
  1
P-1193
 72
1
 11
9816.249999999965
 21
14694.481249999997
 31
0.0
100
AcDbText
 73
2
  0
LWPOLYLINE
  5
5C6
330
17
100
AcDbEntity
  8
NESTED_RESULT
100
AcDbPolyline
 90
5
 70
0
 10
9867.04999999996
 20
14400.0
 10
9968.649999999947
 20
14400.0
 10
9968.649999999947
 20
14988.962499999994
 10
9867.04999999996
 20
14988.962499999994
 10
9867.04999999996
 20
14400.0
  0
TEXT
  5
5C7
330
17
100
AcDbEntity
  8
NESTED_RESULT
100
AcDbText
 10
9917.849999999953
 20
14694.481249999997
 30
0.0
 40
23.518518518515652
  1
P-1194
 72
1
 11
9917.849999999953
 21
14694.481249999997
 31
0.0
100
AcDbText
 73
2
  0
LWPOLYLINE
  5
5C8
330
17
100
AcDbEntity
  8
NESTED_RESULT
100
AcDbPolyline
 90
5
 70
0
 10
8635.150000000012
 20
15577.925000000017
 10
9505.1
 20
15577.925000000017
 10
9505.1
 20
15679.525000000001
 10
8635.150000000012
 20
15679.525000000001
 10
8635.150000000012
 20
15577.925000000017
  0
TEXT
  5
5C9
330
17
100
AcDbEntity
  8
NESTED_RESULT
100
AcDbText
 10
9070.125000000007
 20
15628.72500000001
 30
0.0
 40
30.0
  1
P-0834
 72
1
 11
9070.125000000007
 21
15628.72500000001
 31
0.0
100
AcDbText
 73
2
  0
LWPOLYLINE
  5
5CA
330
17
100
AcDbEntity
  8
NESTED_RESULT
100
AcDbPolyline
 90
5
 70
0
 10
9663.849999999984
 20
15577.925000000017
 10
9562.25
 20
15577.925000000017
 10
9562.25
 20
14988.962499999994
 10
9663.849999999984
 20
14988.962499999994
 10
9663.849999999984
 20
15577.925000000017
  0
TEXT
  5
5CB
330
17
100
AcDbEntity
  8
NESTED_RESULT
100
AcDbText
 10
9613.049999999992
 20
15283.443750000006
 30
0.0
 40
23.51851851851481
  1
P-1185
 72
1
 11
9613.049999999992
 21
15283.443750000006
 31
0.0
100
AcDbText
 73
2
  0
LWPOLYLINE
  5
5CC
330
17
100
AcDbEntity
  8
NESTED_RESULT
100
AcDbPolyline
 90
5
 70
0
 10
9663.849999999984
 20
14988.962499999994
 10
9765.449999999968
 20
14988.962499999994
 10
9765.449999999968
 20
15577.924999999994
 10
9663.849999999984
 20
15577.924999999994
 10
9663.849999999984
 20
14988.962499999994
  0
TEXT
  5
5CD
330
17
100
AcDbEntity
  8
NESTED_RESULT
100
AcDbText
 10
9714.649999999976
 20
15283.443749999995
 30
0.0
 40
23.51851851851481
  1
P-1196
 72
1
 11
9714.649999999976
 21
15283.443749999995
 31
0.0
100
AcDbText
 73
2
  0
LWPOLYLINE
  5
5CE
330
17
100
AcDbEntity
  8
NESTED_RESULT
100
AcDbPolyline
 90
5
 70
0
 10
8635.150000000016
 20
15679.525000000009
 10
9428.900000000016
 20
15679.525000000009
 10
9428.900000000016
 20
15781.124999999985
 10
8635.150000000016
 20
15781.124999999985
 10
8635.150000000016
 20
15679.525000000009
  0
TEXT
  5
5CF
330
17
100
AcDbEntity
  8
NESTED_RESULT
100
AcDbText
 10
9032.025000000016
 20
15730.324999999997
 30
0.0
 40
30.0
  1
P-0925
 72
1
 11
9032.025000000016
 21
15730.324999999997
 31
0.0
100
AcDbText
 73
2
  0
LWPOLYLINE
  5
5D0
330
17
100
AcDbEntity
  8
NESTED_RESULT
100
AcDbPolyline
 90
5
 70
0
 10
9867.049999999945
 20
14988.962499999994
 10
9867.049999999945
 20
15782.712499999994
 10
9765.449999999968
 20
15782.712499999994
 10
9765.449999999968
 20
14988.962499999994
 10
9867.049999999945
 20
14988.962499999994
  0
TEXT
  5
5D1
330
17
100
AcDbEntity
  8
NESTED_RESULT
100
AcDbText
 10
9816.249999999956
 20
15385.837499999994
 30
0.0
 40
23.518518518513126
  1
P-0926
 72
1
 11
9816.249999999956
 21
15385.837499999994
 31
0.0
100
AcDbText
 73
2
  0
LWPOLYLINE
  5
5D2
330
17
100
AcDbEntity
  8
NESTED_RESULT
100
AcDbPolyline
 90
5
 70
0
 10
9968.649999999921
 20
14988.962499999994
 10
9968.649999999921
 20
15782.712499999994
 10
9867.049999999945
 20
15782.712499999994
 10
9867.049999999945
 20
14988.962499999994
 10
9968.649999999921
 20
14988.962499999994
  0
TEXT
  5
5D3
330
17
100
AcDbEntity
  8
NESTED_RESULT
100
AcDbText
 10
9917.849999999933
 20
15385.837499999994
 30
0.0
 40
23.518518518513126
  1
P-0927
 72
1
 11
9917.849999999933
 21
15385.837499999994
 31
0.0
100
AcDbText
 73
2
  0
LWPOLYLINE
  5
5D4
330
17
100
AcDbEntity
  8
NESTED_RESULT
100
AcDbPolyline
 90
5
 70
0
 10
6800.0
 20
15689.050000000003
 10
7593.75
 20
15689.050000000003
 10
7593.75
 20
15790.64999999998
 10
6800.0
 20
15790.64999999998
 10
6800.0
 20
15689.050000000003
  0
TEXT
  5
5D5
330
17
100
AcDbEntity
  8
NESTED_RESULT
100
AcDbText
 10
7196.875
 20
15739.849999999991
 30
0.0
 40
30.0
  1
P-0928
 72
1
 11
7196.875
 21
15739.849999999991
 31
0.0
100
AcDbText
 73
2
  0
LWPOLYLINE
  5
5D6
330
17
100
AcDbEntity
  8
NESTED_RESULT
100
AcDbPolyline
 90
5
 70
0
 10
7593.75
 20
15689.050000000003
 10
8387.5
 20
15689.050000000003
 10
8387.5
 20
15790.64999999998
 10
7593.75
 20
15790.64999999998
 10
7593.75
 20
15689.050000000003
  0
TEXT
  5
5D7
330
17
100
AcDbEntity
  8
NESTED_RESULT
100
AcDbText
 10
7990.625
 20
15739.849999999991
 30
0.0
 40
30.0
  1
P-0929
 72
1
 11
7990.625
 21
15739.849999999991
 31
0.0
100
AcDbText
 73
2
  0
LWPOLYLINE
  5
5D8
330
17
100
AcDbEntity
  8
NESTED_RESULT
100
AcDbPolyline
 90
5
 70
0
 10
8387.5
 20
15781.124999999985
 10
9181.25
 20
15781.124999999985
 10
9181.25
 20
15882.724999999962
 10
8387.5
 20
15882.724999999962
 10
8387.5
 20
15781.124999999985
  0
TEXT
  5
5D9
330
17
100
AcDbEntity
  8
NESTED_RESULT
100
AcDbText
 10
8784.375
 20
15831.924999999974
 30
0.0
 40
30.0
  1
P-0930
 72
1
 11
8784.375
 21
15831.924999999974
 31
0.0
100
AcDbText
 73
2
  0
LWPOLYLINE
  5
5DA
330
17
100
AcDbEntity
  8
NESTED_RESULT
100
AcDbPolyline
 90
5
 70
0
 10
9181.25
 20
15782.712499999994
 10
9975.0
 20
15782.712499999994
 10
9975.0
 20
15884.31249999997
 10
9181.25
 20
15884.31249999997
 10
9181.25
 20
15782.712499999994
  0
TEXT
  5
5DB
330
17
100
AcDbEntity
  8
NESTED_RESULT
100
AcDbText
 10
9578.125
 20
15833.512499999983
 30
0.0
 40
30.0
  1
P-0931
 72
1
 11
9578.125
 21
15833.512499999983
 31
0.0
100
AcDbText
 73
2
  0
LWPOLYLINE
  5
5DC
330
17
100
AcDbEntity
  8
NESTED_RESULT
100
AcDbPolyline
 90
5
 70
0
 10
6800.0
 20
15790.64999999998
 10
7593.749999999993
 20
15790.64999999998
 10
7593.749999999993
 20
15892.249999999956
 10
6800.0
 20
15892.249999999956
 10
6800.0
 20
15790.64999999998
  0
TEXT
  5
5DD
330
17
100
AcDbEntity
  8
NESTED_RESULT
100
AcDbText
 10
7196.874999999996
 20
15841.449999999968
 30
0.0
 40
30.0
  1
P-0932
 72
1
 11
7196.874999999996
 21
15841.449999999968
 31
0.0
100
AcDbText
 73
2
  0
LWPOLYLINE
  5
5DE
330
17
100
AcDbEntity
  8
NESTED_RESULT
 62
1
100
AcDbPolyline
 90
5
 70
0
 10
10200.0
 20
14400.0
 10
13400.0
 20
14400.0
 10
13400.0
 20
16000.0
 10
10200.0
 20
16000.0
 10
10200.0
 20
14400.0
  0
TEXT
  5
5DF
330
17
100
AcDbEntity
  8
NESTED_RESULT
 62
1
100
AcDbText
 10
10200.0
 20
16030.0
 30
0.0
 40
50.0
  1
Sheet_52
 11
10200.0
 21
16030.0
 31
0.0
100
AcDbText
 73
1
  0
LWPOLYLINE
  5
5E0
330
17
100
AcDbEntity
  8
NESTED_RESULT
100
AcDbPolyline
 90
5
 70
0
 10
10200.0
 20
14400.0
 10
12035.150000000012
 20
14400.0
 10
12035.150000000012
 20
15044.525000000001
 10
10200.0
 20
15044.525000000001
 10
10200.0
 20
14400.0
  0
TEXT
  5
5E1
330
17
100
AcDbEntity
  8
NESTED_RESULT
100
AcDbText
 10
11117.575000000006
 20
14722.2625
 30
0.0
 40
80.0
  1
P-0114
 72
1
 11
11117.575000000006
 21
14722.2625
 31
0.0
100
AcDbText
 73
2
  0
LWPOLYLINE
  5
5E2
330
17
100
AcDbEntity
  8
NESTED_RESULT
100
AcDbPolyline
 90
5
 70
0
 10
10200.0
 20
15044.525000000001
 10
12035.15000000001
 20
15044.525000000001
 10
12035.15000000001
 20
15689.050000000003
 10
10200.0
 20
15689.050000000003
 10
10200.0
 20
15044.525000000001
  0
TEXT
  5
5E3
330
17
100
AcDbEntity
  8
NESTED_RESULT
100
AcDbText
 10
11117.575000000004
 20
15366.787500000002
 30
0.0
 40
80.0
  1
P-0115
 72
1
 11
11117.575000000004
 21
15366.787500000002
 31
0.0
100
AcDbText
 73
2
  0
LWPOLYLINE
  5
5E4
330
17
100
AcDbEntity
  8
NESTED_RESULT
100
AcDbPolyline
 90
5
 70
0
 10
12035.150000000012
 20
14400.0
 10
12905.10000000001
 20
14400.0
 10
12905.10000000001
 20
14988.962500000009
 10
12035.150000000012
 20
14988.962500000009
 10
12035.150000000012
 20
14400.0
  0
TEXT
  5
5E5
330
17
100
AcDbEntity
  8
NESTED_RESULT
100
AcDbText
 10
12470.125000000011
 20
14694.481250000004
 30
0.0
 40
80.0
  1
P-0336
 72
1
 11
12470.125000000011
 21
14694.481250000004
 31
0.0
100
AcDbText
 73
2
  0
LWPOLYLINE
  5
5E6
330
17
100
AcDbEntity
  8
NESTED_RESULT
100
AcDbPolyline
 90
5
 70
0
 10
12035.150000000012
 20
14988.962500000009
 10
12905.10000000001
 20
14988.962500000009
 10
12905.10000000001
 20
15577.925000000017
 10
12035.150000000012
 20
15577.925000000017
 10
12035.150000000012
 20
14988.962500000009
  0
TEXT
  5
5E7
330
17
100
AcDbEntity
  8
NESTED_RESULT
100
AcDbText
 10
12470.125000000011
 20
15283.443750000013
 30
0.0
 40
80.0
  1
P-0337
 72
1
 11
12470.125000000011
 21
15283.443750000013
 31
0.0
100
AcDbText
 73
2
  0
LWPOLYLINE
  5
5E8
330
17
100
AcDbEntity
  8
NESTED_RESULT
100
AcDbPolyline
 90
5
 70
0
 10
12905.10000000001
 20
14400.0
 10
13362.300000000017
 20
14400.0
 10
13362.300000000017
 20
15044.525
 10
12905.10000000001
 20
15044.525
 10
12905.10000000001
 20
14400.0
  0
TEXT
  5
5E9
330
17
100
AcDbEntity
  8
NESTED_RESULT
100
AcDbText
 10
13133.700000000013
 20
14722.2625
 30
0.0
 40
80.0
  1
P-0471
 72
1
 11
13133.700000000013
 21
14722.2625
 31
0.0
100
AcDbText
 73
2
  0
LWPOLYLINE
  5
5EA
330
17
100
AcDbEntity
  8
NESTED_RESULT
100
AcDbPolyline
 90
5
 70
0
 10
12905.100000000013
 20
15044.525000000009
 10
13362.300000000017
 20
15044.525000000009
 10
13362.300000000017
 20
15689.050000000017
 10
12905.100000000013
 20
15689.050000000017
 10
12905.100000000013
 20
15044.525000000009
  0
TEXT
  5
5EB
330
17
100
AcDbEntity
  8
NESTED_RESULT
100
AcDbText
 10
13133.700000000015
 20
15366.787500000013
 30
0.0
 40
80.0
  1
P-0468
 72
1
 11
13133.700000000015
 21
15366.787500000013
 31
0.0
100
AcDbText
 73
2
  0
LWPOLYLINE
  5
5EC
330
17
100
AcDbEntity
  8
NESTED_RESULT
 62
1
100
AcDbPolyline
 90
5
 70
0
 10
13600.0
 20
14400.0
 10
16800.0
 20
14400.0
 10
16800.0
 20
16000.0
 10
13600.0
 20
16000.0
 10
13600.0
 20
14400.0
  0
TEXT
  5
5ED
330
17
100
AcDbEntity
  8
NESTED_RESULT
 62
1
100
AcDbText
 10
13600.0
 20
16030.0
 30
0.0
 40
50.0
  1
Sheet_53
 11
13600.0
 21
16030.0
 31
0.0
100
AcDbText
 73
1
  0
LWPOLYLINE
  5
5EE
330
17
100
AcDbEntity
  8
NESTED_RESULT
100
AcDbPolyline
 90
5
 70
0
 10
13600.0
 20
14400.0
 10
15435.15000000001
 20
14400.0
 10
15435.15000000001
 20
15044.525000000001
 10
13600.0
 20
15044.525000000001
 10
13600.0
 20
14400.0
  0
TEXT
  5
5EF
330
17
100
AcDbEntity
  8
NESTED_RESULT
100
AcDbText
 10
14517.575000000004
 20
14722.2625
 30
0.0
 40
80.0
  1
P-0116
 72
1
 11
14517.575000000004
 21
14722.2625
 31
0.0
100
AcDbText
 73
2
  0
LWPOLYLINE
  5
5F0
330
17
100
AcDbEntity
  8
NESTED_RESULT
100
AcDbPolyline
 90
5
 70
0
 10
13600.0
 20
15044.525000000001
 10
15435.150000000009
 20
15044.525000000001
 10
15435.150000000009
 20
15689.050000000003
 10
13600.0
 20
15689.050000000003
 10
13600.0
 20
15044.525000000001
  0
TEXT
  5
5F1
330
17
100
AcDbEntity
  8
NESTED_RESULT
100
AcDbText
 10
14517.575000000004
 20
15366.787500000002
 30
0.0
 40
80.0
  1
P-0117
 72
1
 11
14517.575000000004
 21
15366.787500000002
 31
0.0
100
AcDbText
 73
2
  0
LWPOLYLINE
  5
5F2
330
17
100
AcDbEntity
  8
NESTED_RESULT
100
AcDbPolyline
 90
5
 70
0
 10
15435.55000000001
 20
14400.0
 10
16305.5
 20
14400.0
 10
16305.5
 20
14988.962500000009
 10
15435.55000000001
 20
14988.962500000009
 10
15435.55000000001
 20
14400.0
  0
TEXT
  5
5F3
330
17
100
AcDbEntity
  8
NESTED_RESULT
100
AcDbText
 10
15870.525000000005
 20
14694.481250000004
 30
0.0
 40
80.0
  1
P-0339
 72
1
 11
15870.525000000005
 21
14694.481250000004
 31
0.0
100
AcDbText
 73
2
  0
LWPOLYLINE
  5
5F4
330
17
100
AcDbEntity
  8
NESTED_RESULT
100
AcDbPolyline
 90
5
 70
0
 10
15435.150000000012
 20
14988.962500000009
 10
16305.100000000002
 20
14988.962500000009
 10
16305.100000000002
 20
15577.925000000017
 10
15435.150000000012
 20
15577.925000000017
 10
15435.150000000012
 20
14988.962500000009
  0
TEXT
  5
5F5
330
17
100
AcDbEntity
  8
NESTED_RESULT
100
AcDbText
 10
15870.125000000007
 20
15283.443750000013
 30
0.0
 40
80.0
  1
P-0340
 72
1
 11
15870.125000000007
 21
15283.443750000013
 31
0.0
100
AcDbText
 73
2
  0
LWPOLYLINE
  5
5F6
330
17
100
AcDbEntity
  8
NESTED_RESULT
100
AcDbPolyline
 90
5
 70
0
 10
16305.5
 20
14400.0
 10
16762.700000000004
 20
14400.0
 10
16762.700000000004
 20
15044.525000000001
 10
16305.5
 20
15044.525000000001
 10
16305.5
 20
14400.0
  0
TEXT
  5
5F7
330
17
100
AcDbEntity
  8
NESTED_RESULT
100
AcDbText
 10
16534.100000000002
 20
14722.2625
 30
0.0
 40
80.0
  1
P-0486
 72
1
 11
16534.100000000002
 21
14722.2625
 31
0.0
100
AcDbText
 73
2
  0
LWPOLYLINE
  5
5F8
330
17
100
AcDbEntity
  8
NESTED_RESULT
100
AcDbPolyline
 90
5
 70
0
 10
16762.30000000001
 20
15689.050000000003
 10
16305.100000000006
 20
15689.050000000003
 10
16305.100000000006
 20
15044.525000000001
 10
16762.30000000001
 20
15044.525000000001
 10
16762.30000000001
 20
15689.050000000003
  0
TEXT
  5
5F9
330
17
100
AcDbEntity
  8
NESTED_RESULT
100
AcDbText
 10
16533.700000000008
 20
15366.787500000002
 30
0.0
 40
80.0
  1
P-0487
 72
1
 11
16533.700000000008
 21
15366.787500000002
 31
0.0
100
AcDbText
 73
2
  0
LWPOLYLINE
  5
5FA
330
17
100
AcDbEntity
  8
NESTED_RESULT
 62
1
100
AcDbPolyline
 90
5
 70
0
 10
17000.0
 20
14400.0
 10
20200.0
 20
14400.0
 10
20200.0
 20
16000.0
 10
17000.0
 20
16000.0
 10
17000.0
 20
14400.0
  0
TEXT
  5
5FB
330
17
100
AcDbEntity
  8
NESTED_RESULT
 62
1
100
AcDbText
 10
17000.0
 20
16030.0
 30
0.0
 40
50.0
  1
Sheet_54
 11
17000.0
 21
16030.0
 31
0.0
100
AcDbText
 73
1
  0
LWPOLYLINE
  5
5FC
330
17
100
AcDbEntity
  8
NESTED_RESULT
100
AcDbPolyline
 90
5
 70
0
 10
17000.0
 20
14400.0
 10
18835.15000000001
 20
14400.0
 10
18835.15000000001
 20
15044.525000000001
 10
17000.0
 20
15044.525000000001
 10
17000.0
 20
14400.0
  0
TEXT
  5
5FD
330
17
100
AcDbEntity
  8
NESTED_RESULT
100
AcDbText
 10
17917.575000000004
 20
14722.2625
 30
0.0
 40
80.0
  1
P-0118
 72
1
 11
17917.575000000004
 21
14722.2625
 31
0.0
100
AcDbText
 73
2
  0
LWPOLYLINE
  5
5FE
330
17
100
AcDbEntity
  8
NESTED_RESULT
100
AcDbPolyline
 90
5
 70
0
 10
17000.0
 20
15044.525000000001
 10
18835.15000000001
 20
15044.525000000001
 10
18835.15000000001
 20
15689.050000000003
 10
17000.0
 20
15689.050000000003
 10
17000.0
 20
15044.525000000001
  0
TEXT
  5
5FF
330
17
100
AcDbEntity
  8
NESTED_RESULT
100
AcDbText
 10
17917.575000000004
 20
15366.787500000002
 30
0.0
 40
80.0
  1
P-0119
 72
1
 11
17917.575000000004
 21
15366.787500000002
 31
0.0
100
AcDbText
 73
2
  0
LWPOLYLINE
  5
600
330
17
100
AcDbEntity
  8
NESTED_RESULT
100
AcDbPolyline
 90
5
 70
0
 10
18835.15000000001
 20
14400.0
 10
19705.1
 20
14400.0
 10
19705.1
 20
14988.962500000009
 10
18835.15000000001
 20
14988.962500000009
 10
18835.15000000001
 20
14400.0
  0
TEXT
  5
601
330
17
100
AcDbEntity
  8
NESTED_RESULT
100
AcDbText
 10
19270.125000000004
 20
14694.481250000004
 30
0.0
 40
80.0
  1
P-0341
 72
1
 11
19270.125000000004
 21
14694.481250000004
 31
0.0
100
AcDbText
 73
2
  0
LWPOLYLINE
  5
602
330
17
100
AcDbEntity
  8
NESTED_RESULT
100
AcDbPolyline
 90
5
 70
0
 10
19628.90000000001
 20
15577.925000000017
 10
18835.15000000001
 20
15577.925000000017
 10
18835.15000000001
 20
14988.962500000009
 10
19628.90000000001
 20
14988.962500000009
 10
19628.90000000001
 20
15577.925000000017
  0
TEXT
  5
603
330
17
100
AcDbEntity
  8
NESTED_RESULT
100
AcDbText
 10
19232.02500000001
 20
15283.443750000013
 30
0.0
 40
80.0
  1
P-0377
 72
1
 11
19232.02500000001
 21
15283.443750000013
 31
0.0
100
AcDbText
 73
2
  0
LWPOLYLINE
  5
604
330
17
100
AcDbEntity
  8
NESTED_RESULT
100
AcDbPolyline
 90
5
 70
0
 10
19705.1
 20
14400.0
 10
20162.300000000003
 20
14400.0
 10
20162.300000000003
 20
15044.524999999998
 10
19705.1
 20
15044.524999999998
 10
19705.1
 20
14400.0
  0
TEXT
  5
605
330
17
100
AcDbEntity
  8
NESTED_RESULT
100
AcDbText
 10
19933.7
 20
14722.262499999999
 30
0.0
 40
80.0
  1
P-0500
 72
1
 11
19933.7
 21
14722.262499999999
 31
0.0
100
AcDbText
 73
2
  0
LWPOLYLINE
  5
606
330
17
100
AcDbEntity
  8
NESTED_RESULT
100
AcDbPolyline
 90
5
 70
0
 10
19629.1
 20
15044.524999999998
 10
20086.300000000003
 20
15044.524999999998
 10
20086.300000000003
 20
15689.049999999996
 10
19629.1
 20
15689.049999999996
 10
19629.1
 20
15044.524999999998
  0
TEXT
  5
607
330
17
100
AcDbEntity
  8
NESTED_RESULT
100
AcDbText
 10
19857.7
 20
15366.787499999997
 30
0.0
 40
80.0
  1
P-0501
 72
1
 11
19857.7
 21
15366.787499999997
 31
0.0
100
AcDbText
 73
2
  0
LWPOLYLINE
  5
608
330
17
100
AcDbEntity
  8
NESTED_RESULT
 62
1
100
AcDbPolyline
 90
5
 70
0
 10
0.0
 20
16200.0
 10
3200.0
 20
16200.0
 10
3200.0
 20
17800.0
 10
0.0
 20
17800.0
 10
0.0
 20
16200.0
  0
TEXT
  5
609
330
17
100
AcDbEntity
  8
NESTED_RESULT
 62
1
100
AcDbText
 10
0.0
 20
17830.0
 30
0.0
 40
50.0
  1
Sheet_55
 11
0.0
 21
17830.0
 31
0.0
100
AcDbText
 73
1
  0
LWPOLYLINE
  5
60A
330
17
100
AcDbEntity
  8
NESTED_RESULT
100
AcDbPolyline
 90
5
 70
0
 10
0.0
 20
16200.0
 10
1835.1500000000033
 20
16200.0
 10
1835.1500000000033
 20
16844.525
 10
0.0
 20
16844.525
 10
0.0
 20
16200.0
  0
TEXT
  5
60B
330
17
100
AcDbEntity
  8
NESTED_RESULT
100
AcDbText
 10
917.5750000000016
 20
16522.2625
 30
0.0
 40
80.0
  1
P-0121
 72
1
 11
917.5750000000016
 21
16522.2625
 31
0.0
100
AcDbText
 73
2
  0
LWPOLYLINE
  5
60C
330
17
100
AcDbEntity
  8
NESTED_RESULT
100
AcDbPolyline
 90
5
 70
0
 10
0.0
 20
16844.525
 10
1835.150000000003
 20
16844.525
 10
1835.150000000003
 20
17489.050000000003
 10
0.0
 20
17489.050000000003
 10
0.0
 20
16844.525
  0
TEXT
  5
60D
330
17
100
AcDbEntity
  8
NESTED_RESULT
100
AcDbText
 10
917.5750000000015
 20
17166.787500000002
 30
0.0
 40
80.0
  1
P-0122
 72
1
 11
917.5750000000015
 21
17166.787500000002
 31
0.0
100
AcDbText
 73
2
  0
LWPOLYLINE
  5
60E
330
17
100
AcDbEntity
  8
NESTED_RESULT
100
AcDbPolyline
 90
5
 70
0
 10
1835.25
 20
16200.0
 10
2629.0
 20
16200.0
 10
2629.0
 20
16788.96250000001
 10
1835.25
 20
16788.96250000001
 10
1835.25
 20
16200.0
  0
TEXT
  5
60F
330
17
100
AcDbEntity
  8
NESTED_RESULT
100
AcDbText
 10
2232.125
 20
16494.481250000004
 30
0.0
 40
80.0
  1
P-0378
 72
1
 11
2232.125
 21
16494.481250000004
 31
0.0
100
AcDbText
 73
2
  0
LWPOLYLINE
  5
610
330
17
100
AcDbEntity
  8
NESTED_RESULT
100
AcDbPolyline
 90
5
 70
0
 10
1835.1500000000033
 20
16788.96250000001
 10
2628.9000000000033
 20
16788.96250000001
 10
2628.9000000000033
 20
17377.925000000017
 10
1835.1500000000033
 20
17377.925000000017
 10
1835.1500000000033
 20
16788.96250000001
  0
TEXT
  5
611
330
17
100
AcDbEntity
  8
NESTED_RESULT
100
AcDbText
 10
2232.0250000000033
 20
17083.443750000013
 30
0.0
 40
80.0
  1
P-0379
 72
1
 11
2232.0250000000033
 21
17083.443750000013
 31
0.0
100
AcDbText
 73
2
  0
LWPOLYLINE
  5
612
330
17
100
AcDbEntity
  8
NESTED_RESULT
100
AcDbPolyline
 90
5
 70
0
 10
2629.0
 20
16200.0
 10
3086.2000000000044
 20
16200.0
 10
3086.2000000000044
 20
16844.524999999994
 10
2629.0
 20
16844.524999999994
 10
2629.0
 20
16200.0
  0
TEXT
  5
613
330
17
100
AcDbEntity
  8
NESTED_RESULT
100
AcDbText
 10
2857.600000000002
 20
16522.262499999997
 30
0.0
 40
80.0
  1
P-0514
 72
1
 11
2857.600000000002
 21
16522.262499999997
 31
0.0
100
AcDbText
 73
2
  0
LWPOLYLINE
  5
614
330
17
100
AcDbEntity
  8
NESTED_RESULT
100
AcDbPolyline
 90
5
 70
0
 10
2629.0
 20
16844.524999999994
 10
3086.2000000000044
 20
16844.524999999994
 10
3086.2000000000044
 20
17489.04999999999
 10
2629.0
 20
17489.04999999999
 10
2629.0
 20
16844.524999999994
  0
TEXT
  5
615
330
17
100
AcDbEntity
  8
NESTED_RESULT
100
AcDbText
 10
2857.600000000002
 20
17166.78749999999
 30
0.0
 40
80.0
  1
P-0515
 72
1
 11
2857.600000000002
 21
17166.78749999999
 31
0.0
100
AcDbText
 73
2
  0
LWPOLYLINE
  5
616
330
17
100
AcDbEntity
  8
NESTED_RESULT
 62
1
100
AcDbPolyline
 90
5
 70
0
 10
3400.0
 20
16200.0
 10
6600.0
 20
16200.0
 10
6600.0
 20
17800.0
 10
3400.0
 20
17800.0
 10
3400.0
 20
16200.0
  0
TEXT
  5
617
330
17
100
AcDbEntity
  8
NESTED_RESULT
 62
1
100
AcDbText
 10
3400.0
 20
17830.0
 30
0.0
 40
50.0
  1
Sheet_56
 11
3400.0
 21
17830.0
 31
0.0
100
AcDbText
 73
1
  0
LWPOLYLINE
  5
618
330
17
100
AcDbEntity
  8
NESTED_RESULT
100
AcDbPolyline
 90
5
 70
0
 10
3400.0
 20
16200.0
 10
5235.150000000002
 20
16200.0
 10
5235.150000000002
 20
16844.525
 10
3400.0
 20
16844.525
 10
3400.0
 20
16200.0
  0
TEXT
  5
619
330
17
100
AcDbEntity
  8
NESTED_RESULT
100
AcDbText
 10
4317.575000000001
 20
16522.2625
 30
0.0
 40
80.0
  1
P-0123
 72
1
 11
4317.575000000001
 21
16522.2625
 31
0.0
100
AcDbText
 73
2
  0
LWPOLYLINE
  5
61A
330
17
100
AcDbEntity
  8
NESTED_RESULT
100
AcDbPolyline
 90
5
 70
0
 10
3400.0
 20
16844.525
 10
5235.150000000002
 20
16844.525
 10
5235.150000000002
 20
17489.050000000003
 10
3400.0
 20
17489.050000000003
 10
3400.0
 20
16844.525
  0
TEXT
  5
61B
330
17
100
AcDbEntity
  8
NESTED_RESULT
100
AcDbText
 10
4317.575000000001
 20
17166.787500000002
 30
0.0
 40
80.0
  1
P-0124
 72
1
 11
4317.575000000001
 21
17166.787500000002
 31
0.0
100
AcDbText
 73
2
  0
LWPOLYLINE
  5
61C
330
17
100
AcDbEntity
  8
NESTED_RESULT
100
AcDbPolyline
 90
5
 70
0
 10
5235.25
 20
16200.0
 10
6029.0
 20
16200.0
 10
6029.0
 20
16788.96250000001
 10
5235.25
 20
16788.96250000001
 10
5235.25
 20
16200.0
  0
TEXT
  5
61D
330
17
100
AcDbEntity
  8
NESTED_RESULT
100
AcDbText
 10
5632.125
 20
16494.481250000004
 30
0.0
 40
80.0
  1
P-0380
 72
1
 11
5632.125
 21
16494.481250000004
 31
0.0
100
AcDbText
 73
2
  0
LWPOLYLINE
  5
61E
330
17
100
AcDbEntity
  8
NESTED_RESULT
100
AcDbPolyline
 90
5
 70
0
 10
5235.150000000003
 20
16788.96250000001
 10
6028.900000000003
 20
16788.96250000001
 10
6028.900000000003
 20
17377.925000000017
 10
5235.150000000003
 20
17377.925000000017
 10
5235.150000000003
 20
16788.96250000001
  0
TEXT
  5
61F
330
17
100
AcDbEntity
  8
NESTED_RESULT
100
AcDbText
 10
5632.025000000003
 20
17083.443750000013
 30
0.0
 40
80.0
  1
P-0384
 72
1
 11
5632.025000000003
 21
17083.443750000013
 31
0.0
100
AcDbText
 73
2
  0
LWPOLYLINE
  5
620
330
17
100
AcDbEntity
  8
NESTED_RESULT
100
AcDbPolyline
 90
5
 70
0
 10
6029.0
 20
16200.0
 10
6486.200000000004
 20
16200.0
 10
6486.200000000004
 20
16844.524999999994
 10
6029.0
 20
16844.524999999994
 10
6029.0
 20
16200.0
  0
TEXT
  5
621
330
17
100
AcDbEntity
  8
NESTED_RESULT
100
AcDbText
 10
6257.600000000002
 20
16522.262499999997
 30
0.0
 40
80.0
  1
P-0516
 72
1
 11
6257.600000000002
 21
16522.262499999997
 31
0.0
100
AcDbText
 73
2
  0
LWPOLYLINE
  5
622
330
17
100
AcDbEntity
  8
NESTED_RESULT
100
AcDbPolyline
 90
5
 70
0
 10
6029.0
 20
16844.524999999994
 10
6486.200000000004
 20
16844.524999999994
 10
6486.200000000004
 20
17489.04999999999
 10
6029.0
 20
17489.04999999999
 10
6029.0
 20
16844.524999999994
  0
TEXT
  5
623
330
17
100
AcDbEntity
  8
NESTED_RESULT
100
AcDbText
 10
6257.600000000002
 20
17166.78749999999
 30
0.0
 40
80.0
  1
P-0517
 72
1
 11
6257.600000000002
 21
17166.78749999999
 31
0.0
100
AcDbText
 73
2
  0
LWPOLYLINE
  5
624
330
17
100
AcDbEntity
  8
NESTED_RESULT
 62
1
100
AcDbPolyline
 90
5
 70
0
 10
6800.0
 20
16200.0
 10
10000.0
 20
16200.0
 10
10000.0
 20
17800.0
 10
6800.0
 20
17800.0
 10
6800.0
 20
16200.0
  0
TEXT
  5
625
330
17
100
AcDbEntity
  8
NESTED_RESULT
 62
1
100
AcDbText
 10
6800.0
 20
17830.0
 30
0.0
 40
50.0
  1
Sheet_57
 11
6800.0
 21
17830.0
 31
0.0
100
AcDbText
 73
1
  0
LWPOLYLINE
  5
626
330
17
100
AcDbEntity
  8
NESTED_RESULT
100
AcDbPolyline
 90
5
 70
0
 10
6800.0
 20
16200.0
 10
8635.150000000001
 20
16200.0
 10
8635.150000000001
 20
16844.525
 10
6800.0
 20
16844.525
 10
6800.0
 20
16200.0
  0
TEXT
  5
627
330
17
100
AcDbEntity
  8
NESTED_RESULT
100
AcDbText
 10
7717.575000000001
 20
16522.2625
 30
0.0
 40
80.0
  1
P-0125
 72
1
 11
7717.575000000001
 21
16522.2625
 31
0.0
100
AcDbText
 73
2
  0
LWPOLYLINE
  5
628
330
17
100
AcDbEntity
  8
NESTED_RESULT
100
AcDbPolyline
 90
5
 70
0
 10
6800.0
 20
16844.525
 10
8635.150000000001
 20
16844.525
 10
8635.150000000001
 20
17489.050000000003
 10
6800.0
 20
17489.050000000003
 10
6800.0
 20
16844.525
  0
TEXT
  5
629
330
17
100
AcDbEntity
  8
NESTED_RESULT
100
AcDbText
 10
7717.575000000001
 20
17166.787500000002
 30
0.0
 40
80.0
  1
P-0126
 72
1
 11
7717.575000000001
 21
17166.787500000002
 31
0.0
100
AcDbText
 73
2
  0
LWPOLYLINE
  5
62A
330
17
100
AcDbEntity
  8
NESTED_RESULT
100
AcDbPolyline
 90
5
 70
0
 10
8635.25
 20
16200.0
 10
9429.0
 20
16200.0
 10
9429.0
 20
16788.96250000001
 10
8635.25
 20
16788.96250000001
 10
8635.25
 20
16200.0
  0
TEXT
  5
62B
330
17
100
AcDbEntity
  8
NESTED_RESULT
100
AcDbText
 10
9032.125
 20
16494.481250000004
 30
0.0
 40
80.0
  1
P-0381
 72
1
 11
9032.125
 21
16494.481250000004
 31
0.0
100
AcDbText
 73
2
  0
LWPOLYLINE
  5
62C
330
17
100
AcDbEntity
  8
NESTED_RESULT
100
AcDbPolyline
 90
5
 70
0
 10
8635.150000000001
 20
16788.96250000001
 10
9428.900000000001
 20
16788.96250000001
 10
9428.900000000001
 20
17377.925000000017
 10
8635.150000000001
 20
17377.925000000017
 10
8635.150000000001
 20
16788.96250000001
  0
TEXT
  5
62D
330
17
100
AcDbEntity
  8
NESTED_RESULT
100
AcDbText
 10
9032.025000000001
 20
17083.443750000013
 30
0.0
 40
80.0
  1
P-0389
 72
1
 11
9032.025000000001
 21
17083.443750000013
 31
0.0
100
AcDbText
 73
2
  0
LWPOLYLINE
  5
62E
330
17
100
AcDbEntity
  8
NESTED_RESULT
100
AcDbPolyline
 90
5
 70
0
 10
9886.2
 20
16844.52500000001
 10
9429.0
 20
16844.52500000001
 10
9429.0
 20
16200.0
 10
9886.2
 20
16200.0
 10
9886.2
 20
16844.52500000001
  0
TEXT
  5
62F
330
17
100
AcDbEntity
  8
NESTED_RESULT
100
AcDbText
 10
9657.6
 20
16522.262500000004
 30
0.0
 40
80.0
  1
P-0469
 72
1
 11
9657.6
 21
16522.262500000004
 31
0.0
100
AcDbText
 73
2
  0
LWPOLYLINE
  5
630
330
17
100
AcDbEntity
  8
NESTED_RESULT
100
AcDbPolyline
 90
5
 70
0
 10
9886.2
 20
17489.050000000017
 10
9429.0
 20
17489.050000000017
 10
9429.0
 20
16844.52500000001
 10
9886.2
 20
16844.52500000001
 10
9886.2
 20
17489.050000000017
  0
TEXT
  5
631
330
17
100
AcDbEntity
  8
NESTED_RESULT
100
AcDbText
 10
9657.6
 20
17166.787500000013
 30
0.0
 40
80.0
  1
P-0470
 72
1
 11
9657.6
 21
17166.787500000013
 31
0.0
100
AcDbText
 73
2
  0
LWPOLYLINE
  5
632
330
17
100
AcDbEntity
  8
NESTED_RESULT
 62
1
100
AcDbPolyline
 90
5
 70
0
 10
10200.0
 20
16200.0
 10
13400.0
 20
16200.0
 10
13400.0
 20
17800.0
 10
10200.0
 20
17800.0
 10
10200.0
 20
16200.0
  0
TEXT
  5
633
330
17
100
AcDbEntity
  8
NESTED_RESULT
 62
1
100
AcDbText
 10
10200.0
 20
17830.0
 30
0.0
 40
50.0
  1
Sheet_58
 11
10200.0
 21
17830.0
 31
0.0
100
AcDbText
 73
1
  0
LWPOLYLINE
  5
634
330
17
100
AcDbEntity
  8
NESTED_RESULT
100
AcDbPolyline
 90
5
 70
0
 10
10200.0
 20
16200.0
 10
12035.150000000001
 20
16200.0
 10
12035.150000000001
 20
16844.525
 10
10200.0
 20
16844.525
 10
10200.0
 20
16200.0
  0
TEXT
  5
635
330
17
100
AcDbEntity
  8
NESTED_RESULT
100
AcDbText
 10
11117.575
 20
16522.2625
 30
0.0
 40
80.0
  1
P-0127
 72
1
 11
11117.575
 21
16522.2625
 31
0.0
100
AcDbText
 73
2
  0
LWPOLYLINE
  5
636
330
17
100
AcDbEntity
  8
NESTED_RESULT
100
AcDbPolyline
 90
5
 70
0
 10
10200.0
 20
16844.525
 10
12035.150000000001
 20
16844.525
 10
12035.150000000001
 20
17489.050000000003
 10
10200.0
 20
17489.050000000003
 10
10200.0
 20
16844.525
  0
TEXT
  5
637
330
17
100
AcDbEntity
  8
NESTED_RESULT
100
AcDbText
 10
11117.575
 20
17166.787500000002
 30
0.0
 40
80.0
  1
P-0128
 72
1
 11
11117.575
 21
17166.787500000002
 31
0.0
100
AcDbText
 73
2
  0
LWPOLYLINE
  5
638
330
17
100
AcDbEntity
  8
NESTED_RESULT
100
AcDbPolyline
 90
5
 70
0
 10
12035.150000000001
 20
16200.0
 10
12828.900000000001
 20
16200.0
 10
12828.900000000001
 20
16788.96250000001
 10
12035.150000000001
 20
16788.96250000001
 10
12035.150000000001
 20
16200.0
  0
TEXT
  5
639
330
17
100
AcDbEntity
  8
NESTED_RESULT
100
AcDbText
 10
12432.025000000001
 20
16494.481250000004
 30
0.0
 40
80.0
  1
P-0382
 72
1
 11
12432.025000000001
 21
16494.481250000004
 31
0.0
100
AcDbText
 73
2
  0
LWPOLYLINE
  5
63A
330
17
100
AcDbEntity
  8
NESTED_RESULT
100
AcDbPolyline
 90
5
 70
0
 10
12035.150000000001
 20
16788.96250000001
 10
12828.900000000001
 20
16788.96250000001
 10
12828.900000000001
 20
17377.925000000017
 10
12035.150000000001
 20
17377.925000000017
 10
12035.150000000001
 20
16788.96250000001
  0
TEXT
  5
63B
330
17
100
AcDbEntity
  8
NESTED_RESULT
100
AcDbText
 10
12432.025000000001
 20
17083.443750000013
 30
0.0
 40
80.0
  1
P-0383
 72
1
 11
12432.025000000001
 21
17083.443750000013
 31
0.0
100
AcDbText
 73
2
  0
LWPOLYLINE
  5
63C
330
17
100
AcDbEntity
  8
NESTED_RESULT
100
AcDbPolyline
 90
5
 70
0
 10
12828.900000000001
 20
16200.0
 10
13286.100000000002
 20
16200.0
 10
13286.100000000002
 20
16844.52500000001
 10
12828.900000000001
 20
16844.52500000001
 10
12828.900000000001
 20
16200.0
  0
TEXT
  5
63D
330
17
100
AcDbEntity
  8
NESTED_RESULT
100
AcDbText
 10
13057.500000000002
 20
16522.262500000004
 30
0.0
 40
80.0
  1
P-0473
 72
1
 11
13057.500000000002
 21
16522.262500000004
 31
0.0
100
AcDbText
 73
2
  0
LWPOLYLINE
  5
63E
330
17
100
AcDbEntity
  8
NESTED_RESULT
100
AcDbPolyline
 90
5
 70
0
 10
12828.900000000001
 20
16844.52500000001
 10
13286.100000000002
 20
16844.52500000001
 10
13286.100000000002
 20
17489.050000000017
 10
12828.900000000001
 20
17489.050000000017
 10
12828.900000000001
 20
16844.52500000001
  0
TEXT
  5
63F
330
17
100
AcDbEntity
  8
NESTED_RESULT
100
AcDbText
 10
13057.500000000002
 20
17166.787500000013
 30
0.0
 40
80.0
  1
P-0474
 72
1
 11
13057.500000000002
 21
17166.787500000013
 31
0.0
100
AcDbText
 73
2
  0
LWPOLYLINE
  5
640
330
17
100
AcDbEntity
  8
NESTED_RESULT
 62
1
100
AcDbPolyline
 90
5
 70
0
 10
13600.0
 20
16200.0
 10
16800.0
 20
16200.0
 10
16800.0
 20
17800.0
 10
13600.0
 20
17800.0
 10
13600.0
 20
16200.0
  0
TEXT
  5
641
330
17
100
AcDbEntity
  8
NESTED_RESULT
 62
1
100
AcDbText
 10
13600.0
 20
17830.0
 30
0.0
 40
50.0
  1
Sheet_59
 11
13600.0
 21
17830.0
 31
0.0
100
AcDbText
 73
1
  0
LWPOLYLINE
  5
642
330
17
100
AcDbEntity
  8
NESTED_RESULT
100
AcDbPolyline
 90
5
 70
0
 10
13600.0
 20
16200.0
 10
15435.150000000001
 20
16200.0
 10
15435.150000000001
 20
16844.525
 10
13600.0
 20
16844.525
 10
13600.0
 20
16200.0
  0
TEXT
  5
643
330
17
100
AcDbEntity
  8
NESTED_RESULT
100
AcDbText
 10
14517.575
 20
16522.2625
 30
0.0
 40
80.0
  1
P-0129
 72
1
 11
14517.575
 21
16522.2625
 31
0.0
100
AcDbText
 73
2
  0
LWPOLYLINE
  5
644
330
17
100
AcDbEntity
  8
NESTED_RESULT
100
AcDbPolyline
 90
5
 70
0
 10
13600.0
 20
16844.525
 10
15435.150000000001
 20
16844.525
 10
15435.150000000001
 20
17489.050000000003
 10
13600.0
 20
17489.050000000003
 10
13600.0
 20
16844.525
  0
TEXT
  5
645
330
17
100
AcDbEntity
  8
NESTED_RESULT
100
AcDbText
 10
14517.575
 20
17166.787500000002
 30
0.0
 40
80.0
  1
P-0130
 72
1
 11
14517.575
 21
17166.787500000002
 31
0.0
100
AcDbText
 73
2
  0
LWPOLYLINE
  5
646
330
17
100
AcDbEntity
  8
NESTED_RESULT
100
AcDbPolyline
 90
5
 70
0
 10
15435.150000000001
 20
16200.0
 10
16228.900000000001
 20
16200.0
 10
16228.900000000001
 20
16788.96250000001
 10
15435.150000000001
 20
16788.96250000001
 10
15435.150000000001
 20
16200.0
  0
TEXT
  5
647
330
17
100
AcDbEntity
  8
NESTED_RESULT
100
AcDbText
 10
15832.025000000001
 20
16494.481250000004
 30
0.0
 40
80.0
  1
P-0385
 72
1
 11
15832.025000000001
 21
16494.481250000004
 31
0.0
100
AcDbText
 73
2
  0
LWPOLYLINE
  5
648
330
17
100
AcDbEntity
  8
NESTED_RESULT
100
AcDbPolyline
 90
5
 70
0
 10
15435.150000000001
 20
16788.96250000001
 10
16228.900000000001
 20
16788.96250000001
 10
16228.900000000001
 20
17377.925000000017
 10
15435.150000000001
 20
17377.925000000017
 10
15435.150000000001
 20
16788.96250000001
  0
TEXT
  5
649
330
17
100
AcDbEntity
  8
NESTED_RESULT
100
AcDbText
 10
15832.025000000001
 20
17083.443750000013
 30
0.0
 40
80.0
  1
P-0386
 72
1
 11
15832.025000000001
 21
17083.443750000013
 31
0.0
100
AcDbText
 73
2
  0
LWPOLYLINE
  5
64A
330
17
100
AcDbEntity
  8
NESTED_RESULT
100
AcDbPolyline
 90
5
 70
0
 10
16228.900000000001
 20
16200.0
 10
16686.100000000002
 20
16200.0
 10
16686.100000000002
 20
16844.52500000001
 10
16228.900000000001
 20
16844.52500000001
 10
16228.900000000001
 20
16200.0
  0
TEXT
  5
64B
330
17
100
AcDbEntity
  8
NESTED_RESULT
100
AcDbText
 10
16457.5
 20
16522.262500000004
 30
0.0
 40
80.0
  1
P-0475
 72
1
 11
16457.5
 21
16522.262500000004
 31
0.0
100
AcDbText
 73
2
  0
LWPOLYLINE
  5
64C
330
17
100
AcDbEntity
  8
NESTED_RESULT
100
AcDbPolyline
 90
5
 70
0
 10
16686.100000000002
 20
17489.050000000017
 10
16228.900000000001
 20
17489.050000000017
 10
16228.900000000001
 20
16844.52500000001
 10
16686.100000000002
 20
16844.52500000001
 10
16686.100000000002
 20
17489.050000000017
  0
TEXT
  5
64D
330
17
100
AcDbEntity
  8
NESTED_RESULT
100
AcDbText
 10
16457.5
 20
17166.787500000013
 30
0.0
 40
80.0
  1
P-0476
 72
1
 11
16457.5
 21
17166.787500000013
 31
0.0
100
AcDbText
 73
2
  0
LWPOLYLINE
  5
64E
330
17
100
AcDbEntity
  8
NESTED_RESULT
 62
1
100
AcDbPolyline
 90
5
 70
0
 10
17000.0
 20
16200.0
 10
20200.0
 20
16200.0
 10
20200.0
 20
17800.0
 10
17000.0
 20
17800.0
 10
17000.0
 20
16200.0
  0
TEXT
  5
64F
330
17
100
AcDbEntity
  8
NESTED_RESULT
 62
1
100
AcDbText
 10
17000.0
 20
17830.0
 30
0.0
 40
50.0
  1
Sheet_60
 11
17000.0
 21
17830.0
 31
0.0
100
AcDbText
 73
1
  0
LWPOLYLINE
  5
650
330
17
100
AcDbEntity
  8
NESTED_RESULT
100
AcDbPolyline
 90
5
 70
0
 10
17000.0
 20
16200.0
 10
18835.15
 20
16200.0
 10
18835.15
 20
16844.525
 10
17000.0
 20
16844.525
 10
17000.0
 20
16200.0
  0
TEXT
  5
651
330
17
100
AcDbEntity
  8
NESTED_RESULT
100
AcDbText
 10
17917.575
 20
16522.2625
 30
0.0
 40
80.0
  1
P-0131
 72
1
 11
17917.575
 21
16522.2625
 31
0.0
100
AcDbText
 73
2
  0
LWPOLYLINE
  5
652
330
17
100
AcDbEntity
  8
NESTED_RESULT
100
AcDbPolyline
 90
5
 70
0
 10
17000.0
 20
16844.525
 10
18835.15
 20
16844.525
 10
18835.15
 20
17489.050000000003
 10
17000.0
 20
17489.050000000003
 10
17000.0
 20
16844.525
  0
TEXT
  5
653
330
17
100
AcDbEntity
  8
NESTED_RESULT
100
AcDbText
 10
17917.575
 20
17166.787500000002
 30
0.0
 40
80.0
  1
P-0132
 72
1
 11
17917.575
 21
17166.787500000002
 31
0.0
100
AcDbText
 73
2
  0
LWPOLYLINE
  5
654
330
17
100
AcDbEntity
  8
NESTED_RESULT
100
AcDbPolyline
 90
5
 70
0
 10
18835.15
 20
16200.0
 10
19628.9
 20
16200.0
 10
19628.9
 20
16788.96250000001
 10
18835.15
 20
16788.96250000001
 10
18835.15
 20
16200.0
  0
TEXT
  5
655
330
17
100
AcDbEntity
  8
NESTED_RESULT
100
AcDbText
 10
19232.025
 20
16494.481250000004
 30
0.0
 40
80.0
  1
P-0387
 72
1
 11
19232.025
 21
16494.481250000004
 31
0.0
100
AcDbText
 73
2
  0
LWPOLYLINE
  5
656
330
17
100
AcDbEntity
  8
NESTED_RESULT
100
AcDbPolyline
 90
5
 70
0
 10
18835.15
 20
16788.96250000001
 10
19628.9
 20
16788.96250000001
 10
19628.9
 20
17377.925000000017
 10
18835.15
 20
17377.925000000017
 10
18835.15
 20
16788.96250000001
  0
TEXT
  5
657
330
17
100
AcDbEntity
  8
NESTED_RESULT
100
AcDbText
 10
19232.025
 20
17083.443750000013
 30
0.0
 40
80.0
  1
P-0388
 72
1
 11
19232.025
 21
17083.443750000013
 31
0.0
100
AcDbText
 73
2
  0
LWPOLYLINE
  5
658
330
17
100
AcDbEntity
  8
NESTED_RESULT
100
AcDbPolyline
 90
5
 70
0
 10
19628.9
 20
16200.0
 10
20086.100000000002
 20
16200.0
 10
20086.100000000002
 20
16844.52500000001
 10
19628.9
 20
16844.52500000001
 10
19628.9
 20
16200.0
  0
TEXT
  5
659
330
17
100
AcDbEntity
  8
NESTED_RESULT
100
AcDbText
 10
19857.5
 20
16522.262500000004
 30
0.0
 40
80.0
  1
P-0477
 72
1
 11
19857.5
 21
16522.262500000004
 31
0.0
100
AcDbText
 73
2
  0
LWPOLYLINE
  5
65A
330
17
100
AcDbEntity
  8
NESTED_RESULT
100
AcDbPolyline
 90
5
 70
0
 10
20086.100000000002
 20
17489.050000000017
 10
19628.9
 20
17489.050000000017
 10
19628.9
 20
16844.52500000001
 10
20086.100000000002
 20
16844.52500000001
 10
20086.100000000002
 20
17489.050000000017
  0
TEXT
  5
65B
330
17
100
AcDbEntity
  8
NESTED_RESULT
100
AcDbText
 10
19857.5
 20
17166.787500000013
 30
0.0
 40
80.0
  1
P-0478
 72
1
 11
19857.5
 21
17166.787500000013
 31
0.0
100
AcDbText
 73
2
  0
LWPOLYLINE
  5
65C
330
17
100
AcDbEntity
  8
NESTED_RESULT
 62
1
100
AcDbPolyline
 90
5
 70
0
 10
0.0
 20
18000.0
 10
3200.0
 20
18000.0
 10
3200.0
 20
19600.0
 10
0.0
 20
19600.0
 10
0.0
 20
18000.0
  0
TEXT
  5
65D
330
17
100
AcDbEntity
  8
NESTED_RESULT
 62
1
100
AcDbText
 10
0.0
 20
19630.0
 30
0.0
 40
50.0
  1
Sheet_61
 11
0.0
 21
19630.0
 31
0.0
100
AcDbText
 73
1
  0
LWPOLYLINE
  5
65E
330
17
100
AcDbEntity
  8
NESTED_RESULT
100
AcDbPolyline
 90
5
 70
0
 10
0.0
 20
18000.0
 10
1835.1500000000015
 20
18000.0
 10
1835.1500000000015
 20
18644.525
 10
0.0
 20
18644.525
 10
0.0
 20
18000.0
  0
TEXT
  5
65F
330
17
100
AcDbEntity
  8
NESTED_RESULT
100
AcDbText
 10
917.5750000000007
 20
18322.2625
 30
0.0
 40
80.0
  1
P-0133
 72
1
 11
917.5750000000007
 21
18322.2625
 31
0.0
100
AcDbText
 73
2
  0
LWPOLYLINE
  5
660
330
17
100
AcDbEntity
  8
NESTED_RESULT
100
AcDbPolyline
 90
5
 70
0
 10
0.0
 20
18644.525
 10
1835.1500000000015
 20
18644.525
 10
1835.1500000000015
 20
19289.050000000003
 10
0.0
 20
19289.050000000003
 10
0.0
 20
18644.525
  0
TEXT
  5
661
330
17
100
AcDbEntity
  8
NESTED_RESULT
100
AcDbText
 10
917.5750000000007
 20
18966.787500000002
 30
0.0
 40
80.0
  1
P-0134
 72
1
 11
917.5750000000007
 21
18966.787500000002
 31
0.0
100
AcDbText
 73
2
  0
LWPOLYLINE
  5
662
330
17
100
AcDbEntity
  8
NESTED_RESULT
100
AcDbPolyline
 90
5
 70
0
 10
1835.1500000000015
 20
18000.0
 10
2628.9000000000015
 20
18000.0
 10
2628.9000000000015
 20
18588.96250000001
 10
1835.1500000000015
 20
18588.96250000001
 10
1835.1500000000015
 20
18000.0
  0
TEXT
  5
663
330
17
100
AcDbEntity
  8
NESTED_RESULT
100
AcDbText
 10
2232.0250000000015
 20
18294.481250000004
 30
0.0
 40
80.0
  1
P-0390
 72
1
 11
2232.0250000000015
 21
18294.481250000004
 31
0.0
100
AcDbText
 73
2
  0
LWPOLYLINE
  5
664
330
17
100
AcDbEntity
  8
NESTED_RESULT
100
AcDbPolyline
 90
5
 70
0
 10
1835.1500000000015
 20
18588.96250000001
 10
2628.9000000000015
 20
18588.96250000001
 10
2628.9000000000015
 20
19177.925000000017
 10
1835.1500000000015
 20
19177.925000000017
 10
1835.1500000000015
 20
18588.96250000001
  0
TEXT
  5
665
330
17
100
AcDbEntity
  8
NESTED_RESULT
100
AcDbText
 10
2232.0250000000015
 20
18883.443750000013
 30
0.0
 40
80.0
  1
P-0391
 72
1
 11
2232.0250000000015
 21
18883.443750000013
 31
0.0
100
AcDbText
 73
2
  0
LWPOLYLINE
  5
666
330
17
100
AcDbEntity
  8
NESTED_RESULT
100
AcDbPolyline
 90
5
 70
0
 10
2628.9000000000015
 20
18000.0
 10
3086.100000000002
 20
18000.0
 10
3086.100000000002
 20
18644.52500000001
 10
2628.9000000000015
 20
18644.52500000001
 10
2628.9000000000015
 20
18000.0
  0
TEXT
  5
667
330
17
100
AcDbEntity
  8
NESTED_RESULT
100
AcDbText
 10
2857.500000000002
 20
18322.262500000004
 30
0.0
 40
80.0
  1
P-0479
 72
1
 11
2857.500000000002
 21
18322.262500000004
 31
0.0
100
AcDbText
 73
2
  0
LWPOLYLINE
  5
668
330
17
100
AcDbEntity
  8
NESTED_RESULT
100
AcDbPolyline
 90
5
 70
0
 10
3086.100000000002
 20
19289.050000000017
 10
2628.9000000000015
 20
19289.050000000017
 10
2628.9000000000015
 20
18644.52500000001
 10
3086.100000000002
 20
18644.52500000001
 10
3086.100000000002
 20
19289.050000000017
  0
TEXT
  5
669
330
17
100
AcDbEntity
  8
NESTED_RESULT
100
AcDbText
 10
2857.500000000002
 20
18966.787500000013
 30
0.0
 40
80.0
  1
P-0480
 72
1
 11
2857.500000000002
 21
18966.787500000013
 31
0.0
100
AcDbText
 73
2
  0
LWPOLYLINE
  5
66A
330
17
100
AcDbEntity
  8
NESTED_RESULT
 62
1
100
AcDbPolyline
 90
5
 70
0
 10
3400.0
 20
18000.0
 10
6600.0
 20
18000.0
 10
6600.0
 20
19600.0
 10
3400.0
 20
19600.0
 10
3400.0
 20
18000.0
  0
TEXT
  5
66B
330
17
100
AcDbEntity
  8
NESTED_RESULT
 62
1
100
AcDbText
 10
3400.0
 20
19630.0
 30
0.0
 40
50.0
  1
Sheet_62
 11
3400.0
 21
19630.0
 31
0.0
100
AcDbText
 73
1
  0
LWPOLYLINE
  5
66C
330
17
100
AcDbEntity
  8
NESTED_RESULT
100
AcDbPolyline
 90
5
 70
0
 10
3400.0
 20
18000.0
 10
5235.1500000000015
 20
18000.0
 10
5235.1500000000015
 20
18644.525
 10
3400.0
 20
18644.525
 10
3400.0
 20
18000.0
  0
TEXT
  5
66D
330
17
100
AcDbEntity
  8
NESTED_RESULT
100
AcDbText
 10
4317.575000000001
 20
18322.2625
 30
0.0
 40
80.0
  1
P-0135
 72
1
 11
4317.575000000001
 21
18322.2625
 31
0.0
100
AcDbText
 73
2
  0
LWPOLYLINE
  5
66E
330
17
100
AcDbEntity
  8
NESTED_RESULT
100
AcDbPolyline
 90
5
 70
0
 10
3400.0
 20
18644.525
 10
5235.1500000000015
 20
18644.525
 10
5235.1500000000015
 20
19289.050000000003
 10
3400.0
 20
19289.050000000003
 10
3400.0
 20
18644.525
  0
TEXT
  5
66F
330
17
100
AcDbEntity
  8
NESTED_RESULT
100
AcDbText
 10
4317.575000000001
 20
18966.787500000002
 30
0.0
 40
80.0
  1
P-0136
 72
1
 11
4317.575000000001
 21
18966.787500000002
 31
0.0
100
AcDbText
 73
2
  0
LWPOLYLINE
  5
670
330
17
100
AcDbEntity
  8
NESTED_RESULT
100
AcDbPolyline
 90
5
 70
0
 10
5235.1500000000015
 20
18000.0
 10
6028.9000000000015
 20
18000.0
 10
6028.9000000000015
 20
18588.96250000001
 10
5235.1500000000015
 20
18588.96250000001
 10
5235.1500000000015
 20
18000.0
  0
TEXT
  5
671
330
17
100
AcDbEntity
  8
NESTED_RESULT
100
AcDbText
 10
5632.0250000000015
 20
18294.481250000004
 30
0.0
 40
80.0
  1
P-0392
 72
1
 11
5632.0250000000015
 21
18294.481250000004
 31
0.0
100
AcDbText
 73
2
  0
LWPOLYLINE
  5
672
330
17
100
AcDbEntity
  8
NESTED_RESULT
100
AcDbPolyline
 90
5
 70
0
 10
5235.1500000000015
 20
18588.96250000001
 10
6028.9000000000015
 20
18588.96250000001
 10
6028.9000000000015
 20
19177.925000000017
 10
5235.1500000000015
 20
19177.925000000017
 10
5235.1500000000015
 20
18588.96250000001
  0
TEXT
  5
673
330
17
100
AcDbEntity
  8
NESTED_RESULT
100
AcDbText
 10
5632.0250000000015
 20
18883.443750000013
 30
0.0
 40
80.0
  1
P-0393
 72
1
 11
5632.0250000000015
 21
18883.443750000013
 31
0.0
100
AcDbText
 73
2
  0
LWPOLYLINE
  5
674
330
17
100
AcDbEntity
  8
NESTED_RESULT
100
AcDbPolyline
 90
5
 70
0
 10
6028.9000000000015
 20
18000.0
 10
6486.100000000002
 20
18000.0
 10
6486.100000000002
 20
18644.52500000001
 10
6028.9000000000015
 20
18644.52500000001
 10
6028.9000000000015
 20
18000.0
  0
TEXT
  5
675
330
17
100
AcDbEntity
  8
NESTED_RESULT
100
AcDbText
 10
6257.500000000002
 20
18322.262500000004
 30
0.0
 40
80.0
  1
P-0481
 72
1
 11
6257.500000000002
 21
18322.262500000004
 31
0.0
100
AcDbText
 73
2
  0
LWPOLYLINE
  5
676
330
17
100
AcDbEntity
  8
NESTED_RESULT
100
AcDbPolyline
 90
5
 70
0
 10
6028.9000000000015
 20
18644.52500000001
 10
6486.100000000002
 20
18644.52500000001
 10
6486.100000000002
 20
19289.050000000017
 10
6028.9000000000015
 20
19289.050000000017
 10
6028.9000000000015
 20
18644.52500000001
  0
TEXT
  5
677
330
17
100
AcDbEntity
  8
NESTED_RESULT
100
AcDbText
 10
6257.500000000002
 20
18966.787500000013
 30
0.0
 40
80.0
  1
P-0482
 72
1
 11
6257.500000000002
 21
18966.787500000013
 31
0.0
100
AcDbText
 73
2
  0
LWPOLYLINE
  5
678
330
17
100
AcDbEntity
  8
NESTED_RESULT
 62
1
100
AcDbPolyline
 90
5
 70
0
 10
6800.0
 20
18000.0
 10
10000.0
 20
18000.0
 10
10000.0
 20
19600.0
 10
6800.0
 20
19600.0
 10
6800.0
 20
18000.0
  0
TEXT
  5
679
330
17
100
AcDbEntity
  8
NESTED_RESULT
 62
1
100
AcDbText
 10
6800.0
 20
19630.0
 30
0.0
 40
50.0
  1
Sheet_63
 11
6800.0
 21
19630.0
 31
0.0
100
AcDbText
 73
1
  0
LWPOLYLINE
  5
67A
330
17
100
AcDbEntity
  8
NESTED_RESULT
100
AcDbPolyline
 90
5
 70
0
 10
6800.0
 20
18000.0
 10
8635.150000000001
 20
18000.0
 10
8635.150000000001
 20
18644.525
 10
6800.0
 20
18644.525
 10
6800.0
 20
18000.0
  0
TEXT
  5
67B
330
17
100
AcDbEntity
  8
NESTED_RESULT
100
AcDbText
 10
7717.575000000001
 20
18322.2625
 30
0.0
 40
80.0
  1
P-0137
 72
1
 11
7717.575000000001
 21
18322.2625
 31
0.0
100
AcDbText
 73
2
  0
LWPOLYLINE
  5
67C
330
17
100
AcDbEntity
  8
NESTED_RESULT
100
AcDbPolyline
 90
5
 70
0
 10
6800.0
 20
18644.525
 10
8635.150000000001
 20
18644.525
 10
8635.150000000001
 20
19289.050000000003
 10
6800.0
 20
19289.050000000003
 10
6800.0
 20
18644.525
  0
TEXT
  5
67D
330
17
100
AcDbEntity
  8
NESTED_RESULT
100
AcDbText
 10
7717.575000000001
 20
18966.787500000002
 30
0.0
 40
80.0
  1
P-0138
 72
1
 11
7717.575000000001
 21
18966.787500000002
 31
0.0
100
AcDbText
 73
2
  0
LWPOLYLINE
  5
67E
330
17
100
AcDbEntity
  8
NESTED_RESULT
100
AcDbPolyline
 90
5
 70
0
 10
8635.150000000001
 20
18000.0
 10
9428.900000000001
 20
18000.0
 10
9428.900000000001
 20
18588.96250000001
 10
8635.150000000001
 20
18588.96250000001
 10
8635.150000000001
 20
18000.0
  0
TEXT
  5
67F
330
17
100
AcDbEntity
  8
NESTED_RESULT
100
AcDbText
 10
9032.025000000001
 20
18294.481250000004
 30
0.0
 40
80.0
  1
P-0394
 72
1
 11
9032.025000000001
 21
18294.481250000004
 31
0.0
100
AcDbText
 73
2
  0
LWPOLYLINE
  5
680
330
17
100
AcDbEntity
  8
NESTED_RESULT
100
AcDbPolyline
 90
5
 70
0
 10
8635.150000000001
 20
18588.96250000001
 10
9428.900000000001
 20
18588.96250000001
 10
9428.900000000001
 20
19177.925000000017
 10
8635.150000000001
 20
19177.925000000017
 10
8635.150000000001
 20
18588.96250000001
  0
TEXT
  5
681
330
17
100
AcDbEntity
  8
NESTED_RESULT
100
AcDbText
 10
9032.025000000001
 20
18883.443750000013
 30
0.0
 40
80.0
  1
P-0395
 72
1
 11
9032.025000000001
 21
18883.443750000013
 31
0.0
100
AcDbText
 73
2
  0
LWPOLYLINE
  5
682
330
17
100
AcDbEntity
  8
NESTED_RESULT
100
AcDbPolyline
 90
5
 70
0
 10
9428.900000000001
 20
18000.0
 10
9886.100000000002
 20
18000.0
 10
9886.100000000002
 20
18644.52500000001
 10
9428.900000000001
 20
18644.52500000001
 10
9428.900000000001
 20
18000.0
  0
TEXT
  5
683
330
17
100
AcDbEntity
  8
NESTED_RESULT
100
AcDbText
 10
9657.500000000002
 20
18322.262500000004
 30
0.0
 40
80.0
  1
P-0483
 72
1
 11
9657.500000000002
 21
18322.262500000004
 31
0.0
100
AcDbText
 73
2
  0
LWPOLYLINE
  5
684
330
17
100
AcDbEntity
  8
NESTED_RESULT
100
AcDbPolyline
 90
5
 70
0
 10
9428.900000000001
 20
18644.52500000001
 10
9886.100000000002
 20
18644.52500000001
 10
9886.100000000002
 20
19289.05000000001
 10
9428.900000000001
 20
19289.05000000001
 10
9428.900000000001
 20
18644.52500000001
  0
TEXT
  5
685
330
17
100
AcDbEntity
  8
NESTED_RESULT
100
AcDbText
 10
9657.500000000002
 20
18966.78750000001
 30
0.0
 40
80.0
  1
P-0502
 72
1
 11
9657.500000000002
 21
18966.78750000001
 31
0.0
100
AcDbText
 73
2
  0
LWPOLYLINE
  5
686
330
17
100
AcDbEntity
  8
NESTED_RESULT
 62
1
100
AcDbPolyline
 90
5
 70
0
 10
10200.0
 20
18000.0
 10
13400.0
 20
18000.0
 10
13400.0
 20
19600.0
 10
10200.0
 20
19600.0
 10
10200.0
 20
18000.0
  0
TEXT
  5
687
330
17
100
AcDbEntity
  8
NESTED_RESULT
 62
1
100
AcDbText
 10
10200.0
 20
19630.0
 30
0.0
 40
50.0
  1
Sheet_64
 11
10200.0
 21
19630.0
 31
0.0
100
AcDbText
 73
1
  0
LWPOLYLINE
  5
688
330
17
100
AcDbEntity
  8
NESTED_RESULT
100
AcDbPolyline
 90
5
 70
0
 10
10200.0
 20
18000.0
 10
12035.150000000001
 20
18000.0
 10
12035.150000000001
 20
18644.525
 10
10200.0
 20
18644.525
 10
10200.0
 20
18000.0
  0
TEXT
  5
689
330
17
100
AcDbEntity
  8
NESTED_RESULT
100
AcDbText
 10
11117.575
 20
18322.2625
 30
0.0
 40
80.0
  1
P-0139
 72
1
 11
11117.575
 21
18322.2625
 31
0.0
100
AcDbText
 73
2
  0
LWPOLYLINE
  5
68A
330
17
100
AcDbEntity
  8
NESTED_RESULT
100
AcDbPolyline
 90
5
 70
0
 10
10200.0
 20
18644.525
 10
12035.150000000001
 20
18644.525
 10
12035.150000000001
 20
19289.050000000003
 10
10200.0
 20
19289.050000000003
 10
10200.0
 20
18644.525
  0
TEXT
  5
68B
330
17
100
AcDbEntity
  8
NESTED_RESULT
100
AcDbText
 10
11117.575
 20
18966.787500000002
 30
0.0
 40
80.0
  1
P-0140
 72
1
 11
11117.575
 21
18966.787500000002
 31
0.0
100
AcDbText
 73
2
  0
LWPOLYLINE
  5
68C
330
17
100
AcDbEntity
  8
NESTED_RESULT
100
AcDbPolyline
 90
5
 70
0
 10
12035.150000000001
 20
18000.0
 10
12828.900000000001
 20
18000.0
 10
12828.900000000001
 20
18588.96250000001
 10
12035.150000000001
 20
18588.96250000001
 10
12035.150000000001
 20
18000.0
  0
TEXT
  5
68D
330
17
100
AcDbEntity
  8
NESTED_RESULT
100
AcDbText
 10
12432.025000000001
 20
18294.481250000004
 30
0.0
 40
80.0
  1
P-0396
 72
1
 11
12432.025000000001
 21
18294.481250000004
 31
0.0
100
AcDbText
 73
2
  0
LWPOLYLINE
  5
68E
330
17
100
AcDbEntity
  8
NESTED_RESULT
100
AcDbPolyline
 90
5
 70
0
 10
12035.150000000001
 20
18588.96250000001
 10
12828.900000000001
 20
18588.96250000001
 10
12828.900000000001
 20
19177.925000000017
 10
12035.150000000001
 20
19177.925000000017
 10
12035.150000000001
 20
18588.96250000001
  0
TEXT
  5
68F
330
17
100
AcDbEntity
  8
NESTED_RESULT
100
AcDbText
 10
12432.025000000001
 20
18883.443750000013
 30
0.0
 40
80.0
  1
P-0397
 72
1
 11
12432.025000000001
 21
18883.443750000013
 31
0.0
100
AcDbText
 73
2
  0
LWPOLYLINE
  5
690
330
17
100
AcDbEntity
  8
NESTED_RESULT
100
AcDbPolyline
 90
5
 70
0
 10
12828.900000000001
 20
18000.0
 10
13286.100000000002
 20
18000.0
 10
13286.100000000002
 20
18644.525
 10
12828.900000000001
 20
18644.525
 10
12828.900000000001
 20
18000.0
  0
TEXT
  5
691
330
17
100
AcDbEntity
  8
NESTED_RESULT
100
AcDbText
 10
13057.500000000002
 20
18322.2625
 30
0.0
 40
80.0
  1
P-0503
 72
1
 11
13057.500000000002
 21
18322.2625
 31
0.0
100
AcDbText
 73
2
  0
LWPOLYLINE
  5
692
330
17
100
AcDbEntity
  8
NESTED_RESULT
100
AcDbPolyline
 90
5
 70
0
 10
12828.900000000001
 20
18644.525
 10
13286.100000000002
 20
18644.525
 10
13286.100000000002
 20
19289.050000000003
 10
12828.900000000001
 20
19289.050000000003
 10
12828.900000000001
 20
18644.525
  0
TEXT
  5
693
330
17
100
AcDbEntity
  8
NESTED_RESULT
100
AcDbText
 10
13057.500000000002
 20
18966.787500000002
 30
0.0
 40
80.0
  1
P-0504
 72
1
 11
13057.500000000002
 21
18966.787500000002
 31
0.0
100
AcDbText
 73
2
  0
LWPOLYLINE
  5
694
330
17
100
AcDbEntity
  8
NESTED_RESULT
 62
1
100
AcDbPolyline
 90
5
 70
0
 10
13600.0
 20
18000.0
 10
16800.0
 20
18000.0
 10
16800.0
 20
19600.0
 10
13600.0
 20
19600.0
 10
13600.0
 20
18000.0
  0
TEXT
  5
695
330
17
100
AcDbEntity
  8
NESTED_RESULT
 62
1
100
AcDbText
 10
13600.0
 20
19630.0
 30
0.0
 40
50.0
  1
Sheet_65
 11
13600.0
 21
19630.0
 31
0.0
100
AcDbText
 73
1
  0
LWPOLYLINE
  5
696
330
17
100
AcDbEntity
  8
NESTED_RESULT
100
AcDbPolyline
 90
5
 70
0
 10
13600.0
 20
18000.0
 10
15435.150000000001
 20
18000.0
 10
15435.150000000001
 20
18644.525
 10
13600.0
 20
18644.525
 10
13600.0
 20
18000.0
  0
TEXT
  5
697
330
17
100
AcDbEntity
  8
NESTED_RESULT
100
AcDbText
 10
14517.575
 20
18322.2625
 30
0.0
 40
80.0
  1
P-0141
 72
1
 11
14517.575
 21
18322.2625
 31
0.0
100
AcDbText
 73
2
  0
LWPOLYLINE
  5
698
330
17
100
AcDbEntity
  8
NESTED_RESULT
100
AcDbPolyline
 90
5
 70
0
 10
13600.0
 20
18644.525
 10
15435.150000000001
 20
18644.525
 10
15435.150000000001
 20
19289.050000000003
 10
13600.0
 20
19289.050000000003
 10
13600.0
 20
18644.525
  0
TEXT
  5
699
330
17
100
AcDbEntity
  8
NESTED_RESULT
100
AcDbText
 10
14517.575
 20
18966.787500000002
 30
0.0
 40
80.0
  1
P-0142
 72
1
 11
14517.575
 21
18966.787500000002
 31
0.0
100
AcDbText
 73
2
  0
LWPOLYLINE
  5
69A
330
17
100
AcDbEntity
  8
NESTED_RESULT
100
AcDbPolyline
 90
5
 70
0
 10
15435.150000000001
 20
18000.0
 10
16228.900000000001
 20
18000.0
 10
16228.900000000001
 20
18588.96250000001
 10
15435.150000000001
 20
18588.96250000001
 10
15435.150000000001
 20
18000.0
  0
TEXT
  5
69B
330
17
100
AcDbEntity
  8
NESTED_RESULT
100
AcDbText
 10
15832.025000000001
 20
18294.481250000004
 30
0.0
 40
80.0
  1
P-0398
 72
1
 11
15832.025000000001
 21
18294.481250000004
 31
0.0
100
AcDbText
 73
2
  0
LWPOLYLINE
  5
69C
330
17
100
AcDbEntity
  8
NESTED_RESULT
100
AcDbPolyline
 90
5
 70
0
 10
15435.150000000001
 20
18588.96250000001
 10
16228.9
 20
18588.96250000001
 10
16228.9
 20
19177.925000000017
 10
15435.150000000001
 20
19177.925000000017
 10
15435.150000000001
 20
18588.96250000001
  0
TEXT
  5
69D
330
17
100
AcDbEntity
  8
NESTED_RESULT
100
AcDbText
 10
15832.025000000001
 20
18883.443750000013
 30
0.0
 40
80.0
  1
P-0399
 72
1
 11
15832.025000000001
 21
18883.443750000013
 31
0.0
100
AcDbText
 73
2
  0
LWPOLYLINE
  5
69E
330
17
100
AcDbEntity
  8
NESTED_RESULT
100
AcDbPolyline
 90
5
 70
0
 10
16686.100000000002
 20
18644.525
 10
16228.900000000001
 20
18644.525
 10
16228.900000000001
 20
18000.0
 10
16686.100000000002
 20
18000.0
 10
16686.100000000002
 20
18644.525
  0
TEXT
  5
69F
330
17
100
AcDbEntity
  8
NESTED_RESULT
100
AcDbText
 10
16457.5
 20
18322.2625
 30
0.0
 40
80.0
  1
P-0505
 72
1
 11
16457.5
 21
18322.2625
 31
0.0
100
AcDbText
 73
2
  0
LWPOLYLINE
  5
6A0
330
17
100
AcDbEntity
  8
NESTED_RESULT
100
AcDbPolyline
 90
5
 70
0
 10
16686.100000000002
 20
19289.050000000003
 10
16228.900000000001
 20
19289.050000000003
 10
16228.900000000001
 20
18644.525
 10
16686.100000000002
 20
18644.525
 10
16686.100000000002
 20
19289.050000000003
  0
TEXT
  5
6A1
330
17
100
AcDbEntity
  8
NESTED_RESULT
100
AcDbText
 10
16457.5
 20
18966.787500000002
 30
0.0
 40
80.0
  1
P-0506
 72
1
 11
16457.5
 21
18966.787500000002
 31
0.0
100
AcDbText
 73
2
  0
LWPOLYLINE
  5
6A2
330
17
100
AcDbEntity
  8
NESTED_RESULT
 62
1
100
AcDbPolyline
 90
5
 70
0
 10
17000.0
 20
18000.0
 10
20200.0
 20
18000.0
 10
20200.0
 20
19600.0
 10
17000.0
 20
19600.0
 10
17000.0
 20
18000.0
  0
TEXT
  5
6A3
330
17
100
AcDbEntity
  8
NESTED_RESULT
 62
1
100
AcDbText
 10
17000.0
 20
19630.0
 30
0.0
 40
50.0
  1
Sheet_66
 11
17000.0
 21
19630.0
 31
0.0
100
AcDbText
 73
1
  0
LWPOLYLINE
  5
6A4
330
17
100
AcDbEntity
  8
NESTED_RESULT
100
AcDbPolyline
 90
5
 70
0
 10
17000.0
 20
18000.0
 10
18835.15
 20
18000.0
 10
18835.15
 20
18644.525
 10
17000.0
 20
18644.525
 10
17000.0
 20
18000.0
  0
TEXT
  5
6A5
330
17
100
AcDbEntity
  8
NESTED_RESULT
100
AcDbText
 10
17917.575
 20
18322.2625
 30
0.0
 40
80.0
  1
P-0143
 72
1
 11
17917.575
 21
18322.2625
 31
0.0
100
AcDbText
 73
2
  0
LWPOLYLINE
  5
6A6
330
17
100
AcDbEntity
  8
NESTED_RESULT
100
AcDbPolyline
 90
5
 70
0
 10
17000.0
 20
18644.525
 10
18835.15
 20
18644.525
 10
18835.15
 20
19289.050000000003
 10
17000.0
 20
19289.050000000003
 10
17000.0
 20
18644.525
  0
TEXT
  5
6A7
330
17
100
AcDbEntity
  8
NESTED_RESULT
100
AcDbText
 10
17917.575
 20
18966.787500000002
 30
0.0
 40
80.0
  1
P-0144
 72
1
 11
17917.575
 21
18966.787500000002
 31
0.0
100
AcDbText
 73
2
  0
LWPOLYLINE
  5
6A8
330
17
100
AcDbEntity
  8
NESTED_RESULT
100
AcDbPolyline
 90
5
 70
0
 10
18835.15
 20
18000.0
 10
19628.899999999994
 20
18000.0
 10
19628.899999999994
 20
18588.96250000001
 10
18835.15
 20
18588.96250000001
 10
18835.15
 20
18000.0
  0
TEXT
  5
6A9
330
17
100
AcDbEntity
  8
NESTED_RESULT
100
AcDbText
 10
19232.024999999998
 20
18294.481250000004
 30
0.0
 40
80.0
  1
P-0401
 72
1
 11
19232.024999999998
 21
18294.481250000004
 31
0.0
100
AcDbText
 73
2
  0
LWPOLYLINE
  5
6AA
330
17
100
AcDbEntity
  8
NESTED_RESULT
100
AcDbPolyline
 90
5
 70
0
 10
18835.15
 20
18588.96250000001
 10
19628.899999999994
 20
18588.96250000001
 10
19628.899999999994
 20
19177.925000000017
 10
18835.15
 20
19177.925000000017
 10
18835.15
 20
18588.96250000001
  0
TEXT
  5
6AB
330
17
100
AcDbEntity
  8
NESTED_RESULT
100
AcDbText
 10
19232.024999999998
 20
18883.443750000013
 30
0.0
 40
80.0
  1
P-0405
 72
1
 11
19232.024999999998
 21
18883.443750000013
 31
0.0
100
AcDbText
 73
2
  0
LWPOLYLINE
  5
6AC
330
17
100
AcDbEntity
  8
NESTED_RESULT
100
AcDbPolyline
 90
5
 70
0
 10
20086.099999999995
 20
18644.525
 10
19628.899999999994
 20
18644.525
 10
19628.899999999994
 20
18000.0
 10
20086.099999999995
 20
18000.0
 10
20086.099999999995
 20
18644.525
  0
TEXT
  5
6AD
330
17
100
AcDbEntity
  8
NESTED_RESULT
100
AcDbText
 10
19857.499999999993
 20
18322.2625
 30
0.0
 40
80.0
  1
P-0507
 72
1
 11
19857.499999999993
 21
18322.2625
 31
0.0
100
AcDbText
 73
2
  0
LWPOLYLINE
  5
6AE
330
17
100
AcDbEntity
  8
NESTED_RESULT
100
AcDbPolyline
 90
5
 70
0
 10
20086.099999999995
 20
19289.050000000003
 10
19628.899999999994
 20
19289.050000000003
 10
19628.899999999994
 20
18644.525
 10
20086.099999999995
 20
18644.525
 10
20086.099999999995
 20
19289.050000000003
  0
TEXT
  5
6AF
330
17
100
AcDbEntity
  8
NESTED_RESULT
100
AcDbText
 10
19857.499999999993
 20
18966.787500000002
 30
0.0
 40
80.0
  1
P-0508
 72
1
 11
19857.499999999993
 21
18966.787500000002
 31
0.0
100
AcDbText
 73
2
  0
LWPOLYLINE
  5
6B0
330
17
100
AcDbEntity
  8
NESTED_RESULT
 62
1
100
AcDbPolyline
 90
5
 70
0
 10
0.0
 20
19800.0
 10
3200.0
 20
19800.0
 10
3200.0
 20
21400.0
 10
0.0
 20
21400.0
 10
0.0
 20
19800.0
  0
TEXT
  5
6B1
330
17
100
AcDbEntity
  8
NESTED_RESULT
 62
1
100
AcDbText
 10
0.0
 20
21430.0
 30
0.0
 40
50.0
  1
Sheet_67
 11
0.0
 21
21430.0
 31
0.0
100
AcDbText
 73
1
  0
LWPOLYLINE
  5
6B2
330
17
100
AcDbEntity
  8
NESTED_RESULT
100
AcDbPolyline
 90
5
 70
0
 10
0.0
 20
19800.0
 10
1758.9500000000044
 20
19800.0
 10
1758.9500000000044
 20
20444.525
 10
0.0
 20
20444.525
 10
0.0
 20
19800.0
  0
TEXT
  5
6B3
330
17
100
AcDbEntity
  8
NESTED_RESULT
100
AcDbText
 10
879.4750000000022
 20
20122.2625
 30
0.0
 40
80.0
  1
P-0192
 72
1
 11
879.4750000000022
 21
20122.2625
 31
0.0
100
AcDbText
 73
2
  0
LWPOLYLINE
  5
6B4
330
17
100
AcDbEntity
  8
NESTED_RESULT
100
AcDbPolyline
 90
5
 70
0
 10
0.0
 20
20444.525
 10
1758.9500000000044
 20
20444.525
 10
1758.9500000000044
 20
21089.050000000003
 10
0.0
 20
21089.050000000003
 10
0.0
 20
20444.525
  0
TEXT
  5
6B5
330
17
100
AcDbEntity
  8
NESTED_RESULT
100
AcDbText
 10
879.4750000000022
 20
20766.787500000002
 30
0.0
 40
80.0
  1
P-0193
 72
1
 11
879.4750000000022
 21
20766.787500000002
 31
0.0
100
AcDbText
 73
2
  0
LWPOLYLINE
  5
6B6
330
17
100
AcDbEntity
  8
NESTED_RESULT
100
AcDbPolyline
 90
5
 70
0
 10
1758.9500000000044
 20
19800.0
 10
2705.100000000002
 20
19800.0
 10
2705.100000000002
 20
20388.9625
 10
1758.9500000000044
 20
20388.9625
 10
1758.9500000000044
 20
19800.0
  0
TEXT
  5
6B7
330
17
100
AcDbEntity
  8
NESTED_RESULT
100
AcDbText
 10
2232.0250000000033
 20
20094.48125
 30
0.0
 40
80.0
  1
P-0297
 72
1
 11
2232.0250000000033
 21
20094.48125
 31
0.0
100
AcDbText
 73
2
  0
LWPOLYLINE
  5
6B8
330
17
100
AcDbEntity
  8
NESTED_RESULT
100
AcDbPolyline
 90
5
 70
0
 10
1758.9500000000044
 20
20388.9625
 10
2705.0999999999985
 20
20388.9625
 10
2705.0999999999985
 20
20977.925000000003
 10
1758.9500000000044
 20
20977.925000000003
 10
1758.9500000000044
 20
20388.9625
  0
TEXT
  5
6B9
330
17
100
AcDbEntity
  8
NESTED_RESULT
100
AcDbText
 10
2232.0250000000015
 20
20683.443750000002
 30
0.0
 40
80.0
  1
P-0302
 72
1
 11
2232.0250000000015
 21
20683.443750000002
 31
0.0
100
AcDbText
 73
2
  0
LWPOLYLINE
  5
6BA
330
17
100
AcDbEntity
  8
NESTED_RESULT
100
AcDbPolyline
 90
5
 70
0
 10
2705.100000000002
 20
19800.0
 10
3162.300000000003
 20
19800.0
 10
3162.300000000003
 20
20444.525
 10
2705.100000000002
 20
20444.525
 10
2705.100000000002
 20
19800.0
  0
TEXT
  5
6BB
330
17
100
AcDbEntity
  8
NESTED_RESULT
100
AcDbText
 10
2933.7000000000025
 20
20122.2625
 30
0.0
 40
80.0
  1
P-0509
 72
1
 11
2933.7000000000025
 21
20122.2625
 31
0.0
100
AcDbText
 73
2
  0
LWPOLYLINE
  5
6BC
330
17
100
AcDbEntity
  8
NESTED_RESULT
100
AcDbPolyline
 90
5
 70
0
 10
2705.0999999999985
 20
20444.525
 10
3162.2999999999993
 20
20444.525
 10
3162.2999999999993
 20
21089.050000000003
 10
2705.0999999999985
 20
21089.050000000003
 10
2705.0999999999985
 20
20444.525
  0
TEXT
  5
6BD
330
17
100
AcDbEntity
  8
NESTED_RESULT
100
AcDbText
 10
2933.699999999999
 20
20766.787500000002
 30
0.0
 40
80.0
  1
P-0510
 72
1
 11
2933.699999999999
 21
20766.787500000002
 31
0.0
100
AcDbText
 73
2
  0
LWPOLYLINE
  5
6BE
330
17
100
AcDbEntity
  8
NESTED_RESULT
 62
1
100
AcDbPolyline
 90
5
 70
0
 10
3400.0
 20
19800.0
 10
6600.0
 20
19800.0
 10
6600.0
 20
21400.0
 10
3400.0
 20
21400.0
 10
3400.0
 20
19800.0
  0
TEXT
  5
6BF
330
17
100
AcDbEntity
  8
NESTED_RESULT
 62
1
100
AcDbText
 10
3400.0
 20
21430.0
 30
0.0
 40
50.0
  1
Sheet_68
 11
3400.0
 21
21430.0
 31
0.0
100
AcDbText
 73
1
  0
LWPOLYLINE
  5
6C0
330
17
100
AcDbEntity
  8
NESTED_RESULT
100
AcDbPolyline
 90
5
 70
0
 10
3400.0
 20
19800.0
 10
5235.1500000000015
 20
19800.0
 10
5235.1500000000015
 20
20444.525
 10
3400.0
 20
20444.525
 10
3400.0
 20
19800.0
  0
TEXT
  5
6C1
330
17
100
AcDbEntity
  8
NESTED_RESULT
100
AcDbText
 10
4317.575000000001
 20
20122.2625
 30
0.0
 40
80.0
  1
P-0169
 72
1
 11
4317.575000000001
 21
20122.2625
 31
0.0
100
AcDbText
 73
2
  0
LWPOLYLINE
  5
6C2
330
17
100
AcDbEntity
  8
NESTED_RESULT
100
AcDbPolyline
 90
5
 70
0
 10
3400.0
 20
20444.525
 10
5235.1500000000015
 20
20444.525
 10
5235.1500000000015
 20
21089.05
 10
3400.0
 20
21089.05
 10
3400.0
 20
20444.525
  0
TEXT
  5
6C3
330
17
100
AcDbEntity
  8
NESTED_RESULT
100
AcDbText
 10
4317.575000000001
 20
20766.7875
 30
0.0
 40
80.0
  1
P-0170
 72
1
 11
4317.575000000001
 21
20766.7875
 31
0.0
100
AcDbText
 73
2
  0
LWPOLYLINE
  5
6C4
330
17
100
AcDbEntity
  8
NESTED_RESULT
100
AcDbPolyline
 90
5
 70
0
 10
5235.1500000000015
 20
19800.0
 10
6105.100000000002
 20
19800.0
 10
6105.100000000002
 20
20388.9625
 10
5235.1500000000015
 20
20388.9625
 10
5235.1500000000015
 20
19800.0
  0
TEXT
  5
6C5
330
17
100
AcDbEntity
  8
NESTED_RESULT
100
AcDbText
 10
5670.125000000002
 20
20094.48125
 30
0.0
 40
80.0
  1
P-0338
 72
1
 11
5670.125000000002
 21
20094.48125
 31
0.0
100
AcDbText
 73
2
  0
LWPOLYLINE
  5
6C6
330
17
100
AcDbEntity
  8
NESTED_RESULT
100
AcDbPolyline
 90
5
 70
0
 10
5235.1500000000015
 20
20388.9625
 10
6105.099999999999
 20
20388.9625
 10
6105.099999999999
 20
20977.925000000003
 10
5235.1500000000015
 20
20977.925000000003
 10
5235.1500000000015
 20
20388.9625
  0
TEXT
  5
6C7
330
17
100
AcDbEntity
  8
NESTED_RESULT
100
AcDbText
 10
5670.125
 20
20683.443750000002
 30
0.0
 40
80.0
  1
P-0342
 72
1
 11
5670.125
 21
20683.443750000002
 31
0.0
100
AcDbText
 73
2
  0
LWPOLYLINE
  5
6C8
330
17
100
AcDbEntity
  8
NESTED_RESULT
100
AcDbPolyline
 90
5
 70
0
 10
6105.100000000002
 20
19800.0
 10
6562.300000000003
 20
19800.0
 10
6562.300000000003
 20
20444.525
 10
6105.100000000002
 20
20444.525
 10
6105.100000000002
 20
19800.0
  0
TEXT
  5
6C9
330
17
100
AcDbEntity
  8
NESTED_RESULT
100
AcDbText
 10
6333.700000000003
 20
20122.2625
 30
0.0
 40
80.0
  1
P-0511
 72
1
 11
6333.700000000003
 21
20122.2625
 31
0.0
100
AcDbText
 73
2
  0
LWPOLYLINE
  5
6CA
330
17
100
AcDbEntity
  8
NESTED_RESULT
100
AcDbPolyline
 90
5
 70
0
 10
6105.100000000002
 20
20444.525
 10
6562.300000000003
 20
20444.525
 10
6562.300000000003
 20
21089.050000000003
 10
6105.100000000002
 20
21089.050000000003
 10
6105.100000000002
 20
20444.525
  0
TEXT
  5
6CB
330
17
100
AcDbEntity
  8
NESTED_RESULT
100
AcDbText
 10
6333.700000000003
 20
20766.787500000002
 30
0.0
 40
80.0
  1
P-0512
 72
1
 11
6333.700000000003
 21
20766.787500000002
 31
0.0
100
AcDbText
 73
2
  0
LWPOLYLINE
  5
6CC
330
17
100
AcDbEntity
  8
NESTED_RESULT
 62
1
100
AcDbPolyline
 90
5
 70
0
 10
6800.0
 20
19800.0
 10
10000.0
 20
19800.0
 10
10000.0
 20
21400.0
 10
6800.0
 20
21400.0
 10
6800.0
 20
19800.0
  0
TEXT
  5
6CD
330
17
100
AcDbEntity
  8
NESTED_RESULT
 62
1
100
AcDbText
 10
6800.0
 20
21430.0
 30
0.0
 40
50.0
  1
Sheet_69
 11
6800.0
 21
21430.0
 31
0.0
100
AcDbText
 73
1
  0
LWPOLYLINE
  5
6CE
330
17
100
AcDbEntity
  8
NESTED_RESULT
100
AcDbPolyline
 90
5
 70
0
 10
6800.0
 20
19800.0
 10
8635.15000000001
 20
19800.0
 10
8635.15000000001
 20
20444.524999999998
 10
6800.0
 20
20444.524999999998
 10
6800.0
 20
19800.0
  0
TEXT
  5
6CF
330
17
100
AcDbEntity
  8
NESTED_RESULT
100
AcDbText
 10
7717.575000000005
 20
20122.262499999997
 30
0.0
 40
80.0
  1
P-0152
 72
1
 11
7717.575000000005
 21
20122.262499999997
 31
0.0
100
AcDbText
 73
2
  0
LWPOLYLINE
  5
6D0
330
17
100
AcDbEntity
  8
NESTED_RESULT
100
AcDbPolyline
 90
5
 70
0
 10
6800.0
 20
20444.524999999998
 10
8635.150000000001
 20
20444.524999999998
 10
8635.150000000001
 20
21089.049999999996
 10
6800.0
 20
21089.049999999996
 10
6800.0
 20
20444.524999999998
  0
TEXT
  5
6D1
330
17
100
AcDbEntity
  8
NESTED_RESULT
100
AcDbText
 10
7717.575000000001
 20
20766.7875
 30
0.0
 40
80.0
  1
P-0173
 72
1
 11
7717.575000000001
 21
20766.7875
 31
0.0
100
AcDbText
 73
2
  0
LWPOLYLINE
  5
6D2
330
17
100
AcDbEntity
  8
NESTED_RESULT
100
AcDbPolyline
 90
5
 70
0
 10
8635.550000000003
 20
19800.0
 10
9505.5
 20
19800.0
 10
9505.5
 20
20388.9625
 10
8635.550000000003
 20
20388.9625
 10
8635.550000000003
 20
19800.0
  0
TEXT
  5
6D3
330
17
100
AcDbEntity
  8
NESTED_RESULT
100
AcDbText
 10
9070.525000000001
 20
20094.48125
 30
0.0
 40
80.0
  1
P-0343
 72
1
 11
9070.525000000001
 21
20094.48125
 31
0.0
100
AcDbText
 73
2
  0
LWPOLYLINE
  5
6D4
330
17
100
AcDbEntity
  8
NESTED_RESULT
100
AcDbPolyline
 90
5
 70
0
 10
8635.15000000001
 20
20388.9625
 10
9505.100000000008
 20
20388.9625
 10
9505.100000000008
 20
20977.925000000003
 10
8635.15000000001
 20
20977.925000000003
 10
8635.15000000001
 20
20388.9625
  0
TEXT
  5
6D5
330
17
100
AcDbEntity
  8
NESTED_RESULT
100
AcDbText
 10
9070.12500000001
 20
20683.443750000002
 30
0.0
 40
80.0
  1
P-0344
 72
1
 11
9070.12500000001
 21
20683.443750000002
 31
0.0
100
AcDbText
 73
2
  0
LWPOLYLINE
  5
6D6
330
17
100
AcDbEntity
  8
NESTED_RESULT
100
AcDbPolyline
 90
5
 70
0
 10
9505.5
 20
19800.0
 10
9962.7
 20
19800.0
 10
9962.7
 20
20444.525
 10
9505.5
 20
20444.525
 10
9505.5
 20
19800.0
  0
TEXT
  5
6D7
330
17
100
AcDbEntity
  8
NESTED_RESULT
100
AcDbText
 10
9734.1
 20
20122.2625
 30
0.0
 40
80.0
  1
P-0513
 72
1
 11
9734.1
 21
20122.2625
 31
0.0
100
AcDbText
 73
2
  0
LWPOLYLINE
  5
6D8
330
17
100
AcDbEntity
  8
NESTED_RESULT
100
AcDbPolyline
 90
5
 70
0
 10
9505.5
 20
20444.525
 10
9962.7
 20
20444.525
 10
9962.7
 20
21089.05
 10
9505.5
 20
21089.05
 10
9505.5
 20
20444.525
  0
TEXT
  5
6D9
330
17
100
AcDbEntity
  8
NESTED_RESULT
100
AcDbText
 10
9734.1
 20
20766.7875
 30
0.0
 40
80.0
  1
P-0523
 72
1
 11
9734.1
 21
20766.7875
 31
0.0
100
AcDbText
 73
2
  0
LWPOLYLINE
  5
6DA
330
17
100
AcDbEntity
  8
NESTED_RESULT
 62
1
100
AcDbPolyline
 90
5
 70
0
 10
10200.0
 20
19800.0
 10
13400.0
 20
19800.0
 10
13400.0
 20
21400.0
 10
10200.0
 20
21400.0
 10
10200.0
 20
19800.0
  0
TEXT
  5
6DB
330
17
100
AcDbEntity
  8
NESTED_RESULT
 62
1
100
AcDbText
 10
10200.0
 20
21430.0
 30
0.0
 40
50.0
  1
Sheet_70
 11
10200.0
 21
21430.0
 31
0.0
100
AcDbText
 73
1
  0
LWPOLYLINE
  5
6DC
330
17
100
AcDbEntity
  8
NESTED_RESULT
100
AcDbPolyline
 90
5
 70
0
 10
10200.0
 20
19800.0
 10
12035.150000000001
 20
19800.0
 10
12035.150000000001
 20
20444.524999999998
 10
10200.0
 20
20444.524999999998
 10
10200.0
 20
19800.0
  0
TEXT
  5
6DD
330
17
100
AcDbEntity
  8
NESTED_RESULT
100
AcDbText
 10
11117.575
 20
20122.262499999997
 30
0.0
 40
80.0
  1
P-0174
 72
1
 11
11117.575
 21
20122.262499999997
 31
0.0
100
AcDbText
 73
2
  0
LWPOLYLINE
  5
6DE
330
17
100
AcDbEntity
  8
NESTED_RESULT
100
AcDbPolyline
 90
5
 70
0
 10
10200.0
 20
20444.524999999998
 10
12035.150000000001
 20
20444.524999999998
 10
12035.150000000001
 20
21089.049999999996
 10
10200.0
 20
21089.049999999996
 10
10200.0
 20
20444.524999999998
  0
TEXT
  5
6DF
330
17
100
AcDbEntity
  8
NESTED_RESULT
100
AcDbText
 10
11117.575
 20
20766.7875
 30
0.0
 40
80.0
  1
P-0175
 72
1
 11
11117.575
 21
20766.7875
 31
0.0
100
AcDbText
 73
2
  0
LWPOLYLINE
  5
6E0
330
17
100
AcDbEntity
  8
NESTED_RESULT
100
AcDbPolyline
 90
5
 70
0
 10
12035.150000000003
 20
19800.0
 10
12905.099999999993
 20
19800.0
 10
12905.099999999993
 20
20388.9625
 10
12035.150000000003
 20
20388.9625
 10
12035.150000000003
 20
19800.0
  0
TEXT
  5
6E1
330
17
100
AcDbEntity
  8
NESTED_RESULT
100
AcDbText
 10
12470.124999999998
 20
20094.48125
 30
0.0
 40
80.0
  1
P-0351
 72
1
 11
12470.124999999998
 21
20094.48125
 31
0.0
100
AcDbText
 73
2
  0
LWPOLYLINE
  5
6E2
330
17
100
AcDbEntity
  8
NESTED_RESULT
100
AcDbPolyline
 90
5
 70
0
 10
12035.150000000001
 20
20444.525
 10
12905.09999999999
 20
20444.525
 10
12905.09999999999
 20
21033.487500000003
 10
12035.150000000001
 20
21033.487500000003
 10
12035.150000000001
 20
20444.525
  0
TEXT
  5
6E3
330
17
100
AcDbEntity
  8
NESTED_RESULT
100
AcDbText
 10
12470.124999999996
 20
20739.006250000002
 30
0.0
 40
80.0
  1
P-0353
 72
1
 11
12470.124999999996
 21
20739.006250000002
 31
0.0
100
AcDbText
 73
2
  0
LWPOLYLINE
  5
6E4
330
17
100
AcDbEntity
  8
NESTED_RESULT
100
AcDbPolyline
 90
5
 70
0
 10
12905.099999999995
 20
19800.0
 10
13362.299999999996
 20
19800.0
 10
13362.299999999996
 20
20444.524999999998
 10
12905.099999999995
 20
20444.524999999998
 10
12905.099999999995
 20
19800.0
  0
TEXT
  5
6E5
330
17
100
AcDbEntity
  8
NESTED_RESULT
100
AcDbText
 10
13133.699999999995
 20
20122.262499999997
 30
0.0
 40
80.0
  1
P-0524
 72
1
 11
13133.699999999995
 21
20122.262499999997
 31
0.0
100
AcDbText
 73
2
  0
LWPOLYLINE
  5
6E6
330
17
100
AcDbEntity
  8
NESTED_RESULT
100
AcDbPolyline
 90
5
 70
0
 10
12905.09999999999
 20
20444.524999999998
 10
13362.29999999999
 20
20444.524999999998
 10
13362.29999999999
 20
21089.049999999996
 10
12905.09999999999
 20
21089.049999999996
 10
12905.09999999999
 20
20444.524999999998
  0
TEXT
  5
6E7
330
17
100
AcDbEntity
  8
NESTED_RESULT
100
AcDbText
 10
13133.69999999999
 20
20766.7875
 30
0.0
 40
80.0
  1
P-0525
 72
1
 11
13133.69999999999
 21
20766.7875
 31
0.0
100
AcDbText
 73
2
  0
LWPOLYLINE
  5
6E8
330
17
100
AcDbEntity
  8
NESTED_RESULT
 62
1
100
AcDbPolyline
 90
5
 70
0
 10
13600.0
 20
19800.0
 10
16800.0
 20
19800.0
 10
16800.0
 20
21400.0
 10
13600.0
 20
21400.0
 10
13600.0
 20
19800.0
  0
TEXT
  5
6E9
330
17
100
AcDbEntity
  8
NESTED_RESULT
 62
1
100
AcDbText
 10
13600.0
 20
21430.0
 30
0.0
 40
50.0
  1
Sheet_71
 11
13600.0
 21
21430.0
 31
0.0
100
AcDbText
 73
1
  0
LWPOLYLINE
  5
6EA
330
17
100
AcDbEntity
  8
NESTED_RESULT
100
AcDbPolyline
 90
5
 70
0
 10
13600.0
 20
19800.0
 10
15435.150000000001
 20
19800.0
 10
15435.150000000001
 20
20444.524999999998
 10
13600.0
 20
20444.524999999998
 10
13600.0
 20
19800.0
  0
TEXT
  5
6EB
330
17
100
AcDbEntity
  8
NESTED_RESULT
100
AcDbText
 10
14517.575
 20
20122.262499999997
 30
0.0
 40
80.0
  1
P-0176
 72
1
 11
14517.575
 21
20122.262499999997
 31
0.0
100
AcDbText
 73
2
  0
LWPOLYLINE
  5
6EC
330
17
100
AcDbEntity
  8
NESTED_RESULT
100
AcDbPolyline
 90
5
 70
0
 10
13600.0
 20
20444.975000000006
 10
15435.150000000001
 20
20444.975000000006
 10
15435.150000000001
 20
21089.500000000004
 10
13600.0
 20
21089.500000000004
 10
13600.0
 20
20444.975000000006
  0
TEXT
  5
6ED
330
17
100
AcDbEntity
  8
NESTED_RESULT
100
AcDbText
 10
14517.575
 20
20767.237500000003
 30
0.0
 40
80.0
  1
P-0177
 72
1
 11
14517.575
 21
20767.237500000003
 31
0.0
100
AcDbText
 73
2
  0
LWPOLYLINE
  5
6EE
330
17
100
AcDbEntity
  8
NESTED_RESULT
100
AcDbPolyline
 90
5
 70
0
 10
15435.150000000001
 20
19800.0
 10
16228.900000000016
 20
19800.0
 10
16228.900000000016
 20
20388.9625
 10
15435.150000000001
 20
20388.9625
 10
15435.150000000001
 20
19800.0
  0
TEXT
  5
6EF
330
17
100
AcDbEntity
  8
NESTED_RESULT
100
AcDbText
 10
15832.025000000009
 20
20094.48125
 30
0.0
 40
80.0
  1
P-0374
 72
1
 11
15832.025000000009
 21
20094.48125
 31
0.0
100
AcDbText
 73
2
  0
LWPOLYLINE
  5
6F0
330
17
100
AcDbEntity
  8
NESTED_RESULT
100
AcDbPolyline
 90
5
 70
0
 10
15435.150000000001
 20
20388.9625
 10
16228.900000000012
 20
20388.9625
 10
16228.900000000012
 20
20977.925000000003
 10
15435.150000000001
 20
20977.925000000003
 10
15435.150000000001
 20
20388.9625
  0
TEXT
  5
6F1
330
17
100
AcDbEntity
  8
NESTED_RESULT
100
AcDbText
 10
15832.025000000007
 20
20683.443750000002
 30
0.0
 40
80.0
  1
P-0375
 72
1
 11
15832.025000000007
 21
20683.443750000002
 31
0.0
100
AcDbText
 73
2
  0
LWPOLYLINE
  5
6F2
330
17
100
AcDbEntity
  8
NESTED_RESULT
100
AcDbPolyline
 90
5
 70
0
 10
16228.900000000016
 20
19800.0
 10
16686.100000000017
 20
19800.0
 10
16686.100000000017
 20
20444.524999999998
 10
16228.900000000016
 20
20444.524999999998
 10
16228.900000000016
 20
19800.0
  0
TEXT
  5
6F3
330
17
100
AcDbEntity
  8
NESTED_RESULT
100
AcDbText
 10
16457.500000000015
 20
20122.262499999997
 30
0.0
 40
80.0
  1
P-0526
 72
1
 11
16457.500000000015
 21
20122.262499999997
 31
0.0
100
AcDbText
 73
2
  0
LWPOLYLINE
  5
6F4
330
17
100
AcDbEntity
  8
NESTED_RESULT
100
AcDbPolyline
 90
5
 70
0
 10
16228.900000000012
 20
20444.524999999998
 10
16686.100000000013
 20
20444.524999999998
 10
16686.100000000013
 20
21089.049999999996
 10
16228.900000000012
 20
21089.049999999996
 10
16228.900000000012
 20
20444.524999999998
  0
TEXT
  5
6F5
330
17
100
AcDbEntity
  8
NESTED_RESULT
100
AcDbText
 10
16457.500000000015
 20
20766.7875
 30
0.0
 40
80.0
  1
P-0527
 72
1
 11
16457.500000000015
 21
20766.7875
 31
0.0
100
AcDbText
 73
2
  0
LWPOLYLINE
  5
6F6
330
17
100
AcDbEntity
  8
NESTED_RESULT
 62
1
100
AcDbPolyline
 90
5
 70
0
 10
17000.0
 20
19800.0
 10
20200.0
 20
19800.0
 10
20200.0
 20
21400.0
 10
17000.0
 20
21400.0
 10
17000.0
 20
19800.0
  0
TEXT
  5
6F7
330
17
100
AcDbEntity
  8
NESTED_RESULT
 62
1
100
AcDbText
 10
17000.0
 20
21430.0
 30
0.0
 40
50.0
  1
Sheet_72
 11
17000.0
 21
21430.0
 31
0.0
100
AcDbText
 73
1
  0
LWPOLYLINE
  5
6F8
330
17
100
AcDbEntity
  8
NESTED_RESULT
100
AcDbPolyline
 90
5
 70
0
 10
17000.0
 20
19800.0
 10
18835.15
 20
19800.0
 10
18835.15
 20
20444.524999999998
 10
17000.0
 20
20444.524999999998
 10
17000.0
 20
19800.0
  0
TEXT
  5
6F9
330
17
100
AcDbEntity
  8
NESTED_RESULT
100
AcDbText
 10
17917.575
 20
20122.262499999997
 30
0.0
 40
80.0
  1
P-0178
 72
1
 11
17917.575
 21
20122.262499999997
 31
0.0
100
AcDbText
 73
2
  0
LWPOLYLINE
  5
6FA
330
17
100
AcDbEntity
  8
NESTED_RESULT
100
AcDbPolyline
 90
5
 70
0
 10
17000.0
 20
20444.975000000006
 10
18835.149999999998
 20
20444.975000000006
 10
18835.149999999998
 20
21089.500000000004
 10
17000.0
 20
21089.500000000004
 10
17000.0
 20
20444.975000000006
  0
TEXT
  5
6FB
330
17
100
AcDbEntity
  8
NESTED_RESULT
100
AcDbText
 10
17917.574999999997
 20
20767.237500000003
 30
0.0
 40
80.0
  1
P-0179
 72
1
 11
17917.574999999997
 21
20767.237500000003
 31
0.0
100
AcDbText
 73
2
  0
LWPOLYLINE
  5
6FC
330
17
100
AcDbEntity
  8
NESTED_RESULT
100
AcDbPolyline
 90
5
 70
0
 10
18835.15
 20
19800.0
 10
19628.900000000012
 20
19800.0
 10
19628.900000000012
 20
20388.9625
 10
18835.15
 20
20388.9625
 10
18835.15
 20
19800.0
  0
TEXT
  5
6FD
330
17
100
AcDbEntity
  8
NESTED_RESULT
100
AcDbText
 10
19232.02500000001
 20
20094.48125
 30
0.0
 40
80.0
  1
P-0376
 72
1
 11
19232.02500000001
 21
20094.48125
 31
0.0
100
AcDbText
 73
2
  0
LWPOLYLINE
  5
6FE
330
17
100
AcDbEntity
  8
NESTED_RESULT
100
AcDbPolyline
 90
5
 70
0
 10
18835.15
 20
20388.9625
 10
19628.90000000001
 20
20388.9625
 10
19628.90000000001
 20
20977.925000000003
 10
18835.15
 20
20977.925000000003
 10
18835.15
 20
20388.9625
  0
TEXT
  5
6FF
330
17
100
AcDbEntity
  8
NESTED_RESULT
100
AcDbText
 10
19232.025000000005
 20
20683.443750000002
 30
0.0
 40
80.0
  1
P-0400
 72
1
 11
19232.025000000005
 21
20683.443750000002
 31
0.0
100
AcDbText
 73
2
  0
LWPOLYLINE
  5
700
330
17
100
AcDbEntity
  8
NESTED_RESULT
100
AcDbPolyline
 90
5
 70
0
 10
19628.900000000012
 20
19800.0
 10
20086.100000000013
 20
19800.0
 10
20086.100000000013
 20
20444.524999999994
 10
19628.900000000012
 20
20444.524999999994
 10
19628.900000000012
 20
19800.0
  0
TEXT
  5
701
330
17
100
AcDbEntity
  8
NESTED_RESULT
100
AcDbText
 10
19857.500000000015
 20
20122.262499999997
 30
0.0
 40
80.0
  1
P-0543
 72
1
 11
19857.500000000015
 21
20122.262499999997
 31
0.0
100
AcDbText
 73
2
  0
LWPOLYLINE
  5
702
330
17
100
AcDbEntity
  8
NESTED_RESULT
100
AcDbPolyline
 90
5
 70
0
 10
19628.90000000001
 20
20444.524999999994
 10
20086.10000000001
 20
20444.524999999994
 10
20086.10000000001
 20
21089.04999999999
 10
19628.90000000001
 20
21089.04999999999
 10
19628.90000000001
 20
20444.524999999994
  0
TEXT
  5
703
330
17
100
AcDbEntity
  8
NESTED_RESULT
100
AcDbText
 10
19857.500000000007
 20
20766.78749999999
 30
0.0
 40
80.0
  1
P-0544
 72
1
 11
19857.500000000007
 21
20766.78749999999
 31
0.0
100
AcDbText
 73
2
  0
LWPOLYLINE
  5
704
330
17
100
AcDbEntity
  8
NESTED_RESULT
 62
1
100
AcDbPolyline
 90
5
 70
0
 10
0.0
 20
21600.0
 10
3200.0
 20
21600.0
 10
3200.0
 20
23200.0
 10
0.0
 20
23200.0
 10
0.0
 20
21600.0
  0
TEXT
  5
705
330
17
100
AcDbEntity
  8
NESTED_RESULT
 62
1
100
AcDbText
 10
0.0
 20
23230.0
 30
0.0
 40
50.0
  1
Sheet_73
 11
0.0
 21
23230.0
 31
0.0
100
AcDbText
 73
1
  0
LWPOLYLINE
  5
706
330
17
100
AcDbEntity
  8
NESTED_RESULT
100
AcDbPolyline
 90
5
 70
0
 10
0.0
 20
21600.0
 10
1835.1499999999942
 20
21600.0
 10
1835.1499999999942
 20
22244.524999999998
 10
0.0
 20
22244.524999999998
 10
0.0
 20
21600.0
  0
TEXT
  5
707
330
17
100
AcDbEntity
  8
NESTED_RESULT
100
AcDbText
 10
917.5749999999971
 20
21922.262499999997
 30
0.0
 40
80.0
  1
P-0181
 72
1
 11
917.5749999999971
 21
21922.262499999997
 31
0.0
100
AcDbText
 73
2
  0
LWPOLYLINE
  5
708
330
17
100
AcDbEntity
  8
NESTED_RESULT
100
AcDbPolyline
 90
5
 70
0
 10
0.0
 20
22244.975000000006
 10
1892.3000000000102
 20
22244.975000000006
 10
1892.3000000000102
 20
22889.5
 10
0.0
 20
22889.5
 10
0.0
 20
22244.975000000006
  0
TEXT
  5
709
330
17
100
AcDbEntity
  8
NESTED_RESULT
100
AcDbText
 10
946.1500000000051
 20
22567.237500000003
 30
0.0
 40
80.0
  1
P-0088
 72
1
 11
946.1500000000051
 21
22567.237500000003
 31
0.0
100
AcDbText
 73
2
  0
LWPOLYLINE
  5
70A
330
17
100
AcDbEntity
  8
NESTED_RESULT
100
AcDbPolyline
 90
5
 70
0
 10
1835.1499999999942
 20
21600.0
 10
2628.899999999996
 20
21600.0
 10
2628.899999999996
 20
22188.9625
 10
1835.1499999999942
 20
22188.9625
 10
1835.1499999999942
 20
21600.0
  0
TEXT
  5
70B
330
17
100
AcDbEntity
  8
NESTED_RESULT
100
AcDbText
 10
2232.024999999995
 20
21894.48125
 30
0.0
 40
80.0
  1
P-0402
 72
1
 11
2232.024999999995
 21
21894.48125
 31
0.0
100
AcDbText
 73
2
  0
LWPOLYLINE
  5
70C
330
17
100
AcDbEntity
  8
NESTED_RESULT
100
AcDbPolyline
 90
5
 70
0
 10
1892.3000000000102
 20
22188.9625
 10
2686.050000000011
 20
22188.9625
 10
2686.050000000011
 20
22777.925000000003
 10
1892.3000000000102
 20
22777.925000000003
 10
1892.3000000000102
 20
22188.9625
  0
TEXT
  5
70D
330
17
100
AcDbEntity
  8
NESTED_RESULT
100
AcDbText
 10
2289.1750000000106
 20
22483.443750000002
 30
0.0
 40
80.0
  1
P-0403
 72
1
 11
2289.1750000000106
 21
22483.443750000002
 31
0.0
100
AcDbText
 73
2
  0
LWPOLYLINE
  5
70E
330
17
100
AcDbEntity
  8
NESTED_RESULT
100
AcDbPolyline
 90
5
 70
0
 10
2686.2999999999993
 20
21600.0
 10
3143.5
 20
21600.0
 10
3143.5
 20
22244.524999999994
 10
2686.2999999999993
 20
22244.524999999994
 10
2686.2999999999993
 20
21600.0
  0
TEXT
  5
70F
330
17
100
AcDbEntity
  8
NESTED_RESULT
100
AcDbText
 10
2914.8999999999996
 20
21922.262499999997
 30
0.0
 40
80.0
  1
P-0545
 72
1
 11
2914.8999999999996
 21
21922.262499999997
 31
0.0
100
AcDbText
 73
2
  0
LWPOLYLINE
  5
710
330
17
100
AcDbEntity
  8
NESTED_RESULT
100
AcDbPolyline
 90
5
 70
0
 10
3143.2500000000146
 20
22889.04999999999
 10
2686.050000000014
 20
22889.04999999999
 10
2686.050000000014
 20
22244.524999999994
 10
3143.2500000000146
 20
22244.524999999994
 10
3143.2500000000146
 20
22889.04999999999
  0
TEXT
  5
711
330
17
100
AcDbEntity
  8
NESTED_RESULT
100
AcDbText
 10
2914.650000000014
 20
22566.78749999999
 30
0.0
 40
80.0
  1
P-0546
 72
1
 11
2914.650000000014
 21
22566.78749999999
 31
0.0
100
AcDbText
 73
2
  0
LWPOLYLINE
  5
712
330
17
100
AcDbEntity
  8
NESTED_RESULT
 62
1
100
AcDbPolyline
 90
5
 70
0
 10
3400.0
 20
21600.0
 10
6600.0
 20
21600.0
 10
6600.0
 20
23200.0
 10
3400.0
 20
23200.0
 10
3400.0
 20
21600.0
  0
TEXT
  5
713
330
17
100
AcDbEntity
  8
NESTED_RESULT
 62
1
100
AcDbText
 10
3400.0
 20
23230.0
 30
0.0
 40
50.0
  1
Sheet_74
 11
3400.0
 21
23230.0
 31
0.0
100
AcDbText
 73
1
  0
LWPOLYLINE
  5
714
330
17
100
AcDbEntity
  8
NESTED_RESULT
100
AcDbPolyline
 90
5
 70
0
 10
3400.0
 20
21600.0
 10
5292.300000000003
 20
21600.0
 10
5292.300000000003
 20
22244.524999999994
 10
3400.0
 20
22244.524999999994
 10
3400.0
 20
21600.0
  0
TEXT
  5
715
330
17
100
AcDbEntity
  8
NESTED_RESULT
100
AcDbText
 10
4346.1500000000015
 20
21922.262499999997
 30
0.0
 40
80.0
  1
P-0089
 72
1
 11
4346.1500000000015
 21
21922.262499999997
 31
0.0
100
AcDbText
 73
2
  0
LWPOLYLINE
  5
716
330
17
100
AcDbEntity
  8
NESTED_RESULT
100
AcDbPolyline
 90
5
 70
0
 10
3400.0
 20
22244.524999999994
 10
5292.300000000003
 20
22244.524999999994
 10
5292.300000000003
 20
22889.04999999999
 10
3400.0
 20
22889.04999999999
 10
3400.0
 20
22244.524999999994
  0
TEXT
  5
717
330
17
100
AcDbEntity
  8
NESTED_RESULT
100
AcDbText
 10
4346.1500000000015
 20
22566.78749999999
 30
0.0
 40
80.0
  1
P-0090
 72
1
 11
4346.1500000000015
 21
22566.78749999999
 31
0.0
100
AcDbText
 73
2
  0
LWPOLYLINE
  5
718
330
17
100
AcDbEntity
  8
NESTED_RESULT
100
AcDbPolyline
 90
5
 70
0
 10
6086.050000000005
 20
22188.9625
 10
5292.300000000003
 20
22188.9625
 10
5292.300000000003
 20
21600.0
 10
6086.050000000005
 20
21600.0
 10
6086.050000000005
 20
22188.9625
  0
TEXT
  5
719
330
17
100
AcDbEntity
  8
NESTED_RESULT
100
AcDbText
 10
5689.175000000004
 20
21894.48125
 30
0.0
 40
80.0
  1
P-0404
 72
1
 11
5689.175000000004
 21
21894.48125
 31
0.0
100
AcDbText
 73
2
  0
LWPOLYLINE
  5
71A
330
17
100
AcDbEntity
  8
NESTED_RESULT
100
AcDbPolyline
 90
5
 70
0
 10
5292.300000000003
 20
22188.9625
 10
6086.050000000003
 20
22188.9625
 10
6086.050000000003
 20
22777.925000000003
 10
5292.300000000003
 20
22777.925000000003
 10
5292.300000000003
 20
22188.9625
  0
TEXT
  5
71B
330
17
100
AcDbEntity
  8
NESTED_RESULT
100
AcDbText
 10
5689.175000000003
 20
22483.443750000002
 30
0.0
 40
80.0
  1
P-0406
 72
1
 11
5689.175000000003
 21
22483.443750000002
 31
0.0
100
AcDbText
 73
2
  0
LWPOLYLINE
  5
71C
330
17
100
AcDbEntity
  8
NESTED_RESULT
100
AcDbPolyline
 90
5
 70
0
 10
6543.250000000007
 20
22244.524999999994
 10
6086.050000000007
 20
22244.524999999994
 10
6086.050000000007
 20
21600.0
 10
6543.250000000007
 20
21600.0
 10
6543.250000000007
 20
22244.524999999994
  0
TEXT
  5
71D
330
17
100
AcDbEntity
  8
NESTED_RESULT
100
AcDbText
 10
6314.650000000007
 20
21922.262499999997
 30
0.0
 40
80.0
  1
P-0547
 72
1
 11
6314.650000000007
 21
21922.262499999997
 31
0.0
100
AcDbText
 73
2
  0
LWPOLYLINE
  5
71E
330
17
100
AcDbEntity
  8
NESTED_RESULT
100
AcDbPolyline
 90
5
 70
0
 10
6086.050000000003
 20
22244.524999999994
 10
6543.250000000004
 20
22244.524999999994
 10
6543.250000000004
 20
22889.04999999999
 10
6086.050000000003
 20
22889.04999999999
 10
6086.050000000003
 20
22244.524999999994
  0
TEXT
  5
71F
330
17
100
AcDbEntity
  8
NESTED_RESULT
100
AcDbText
 10
6314.650000000003
 20
22566.78749999999
 30
0.0
 40
80.0
  1
P-0548
 72
1
 11
6314.650000000003
 21
22566.78749999999
 31
0.0
100
AcDbText
 73
2
  0
LWPOLYLINE
  5
720
330
17
100
AcDbEntity
  8
NESTED_RESULT
 62
1
100
AcDbPolyline
 90
5
 70
0
 10
6800.0
 20
21600.0
 10
10000.0
 20
21600.0
 10
10000.0
 20
23200.0
 10
6800.0
 20
23200.0
 10
6800.0
 20
21600.0
  0
TEXT
  5
721
330
17
100
AcDbEntity
  8
NESTED_RESULT
 62
1
100
AcDbText
 10
6800.0
 20
23230.0
 30
0.0
 40
50.0
  1
Sheet_75
 11
6800.0
 21
23230.0
 31
0.0
100
AcDbText
 73
1
  0
LWPOLYLINE
  5
722
330
17
100
AcDbEntity
  8
NESTED_RESULT
100
AcDbPolyline
 90
5
 70
0
 10
6800.0
 20
21600.0
 10
8692.3
 20
21600.0
 10
8692.3
 20
22244.524999999994
 10
6800.0
 20
22244.524999999994
 10
6800.0
 20
21600.0
  0
TEXT
  5
723
330
17
100
AcDbEntity
  8
NESTED_RESULT
100
AcDbText
 10
7746.15
 20
21922.262499999997
 30
0.0
 40
80.0
  1
P-0091
 72
1
 11
7746.15
 21
21922.262499999997
 31
0.0
100
AcDbText
 73
2
  0
LWPOLYLINE
  5
724
330
17
100
AcDbEntity
  8
NESTED_RESULT
100
AcDbPolyline
 90
5
 70
0
 10
6800.0
 20
22244.524999999994
 10
8635.150000000001
 20
22244.524999999994
 10
8635.150000000001
 20
22889.04999999999
 10
6800.0
 20
22889.04999999999
 10
6800.0
 20
22244.524999999994
  0
TEXT
  5
725
330
17
100
AcDbEntity
  8
NESTED_RESULT
100
AcDbText
 10
7717.575000000001
 20
22566.78749999999
 30
0.0
 40
80.0
  1
P-0182
 72
1
 11
7717.575000000001
 21
22566.78749999999
 31
0.0
100
AcDbText
 73
2
  0
LWPOLYLINE
  5
726
330
17
100
AcDbEntity
  8
NESTED_RESULT
100
AcDbPolyline
 90
5
 70
0
 10
8692.300000000003
 20
21600.0
 10
9486.050000000003
 20
21600.0
 10
9486.050000000003
 20
22188.9625
 10
8692.300000000003
 20
22188.9625
 10
8692.300000000003
 20
21600.0
  0
TEXT
  5
727
330
17
100
AcDbEntity
  8
NESTED_RESULT
100
AcDbText
 10
9089.175000000003
 20
21894.48125
 30
0.0
 40
80.0
  1
P-0407
 72
1
 11
9089.175000000003
 21
21894.48125
 31
0.0
100
AcDbText
 73
2
  0
LWPOLYLINE
  5
728
330
17
100
AcDbEntity
  8
NESTED_RESULT
100
AcDbPolyline
 90
5
 70
0
 10
8692.3
 20
22188.9625
 10
9486.05
 20
22188.9625
 10
9486.05
 20
22777.925000000003
 10
8692.3
 20
22777.925000000003
 10
8692.3
 20
22188.9625
  0
TEXT
  5
729
330
17
100
AcDbEntity
  8
NESTED_RESULT
100
AcDbText
 10
9089.175
 20
22483.443750000002
 30
0.0
 40
80.0
  1
P-0408
 72
1
 11
9089.175
 21
22483.443750000002
 31
0.0
100
AcDbText
 73
2
  0
LWPOLYLINE
  5
72A
330
17
100
AcDbEntity
  8
NESTED_RESULT
100
AcDbPolyline
 90
5
 70
0
 10
9486.050000000003
 20
21600.0
 10
9943.250000000004
 20
21600.0
 10
9943.250000000004
 20
22244.524999999994
 10
9486.050000000003
 20
22244.524999999994
 10
9486.050000000003
 20
21600.0
  0
TEXT
  5
72B
330
17
100
AcDbEntity
  8
NESTED_RESULT
100
AcDbText
 10
9714.650000000003
 20
21922.262499999997
 30
0.0
 40
80.0
  1
P-0549
 72
1
 11
9714.650000000003
 21
21922.262499999997
 31
0.0
100
AcDbText
 73
2
  0
LWPOLYLINE
  5
72C
330
17
100
AcDbEntity
  8
NESTED_RESULT
100
AcDbPolyline
 90
5
 70
0
 10
9486.05
 20
22244.524999999994
 10
9943.25
 20
22244.524999999994
 10
9943.25
 20
22889.04999999999
 10
9486.05
 20
22889.04999999999
 10
9486.05
 20
22244.524999999994
  0
TEXT
  5
72D
330
17
100
AcDbEntity
  8
NESTED_RESULT
100
AcDbText
 10
9714.65
 20
22566.78749999999
 30
0.0
 40
80.0
  1
P-0550
 72
1
 11
9714.65
 21
22566.78749999999
 31
0.0
100
AcDbText
 73
2
  0
LWPOLYLINE
  5
72E
330
17
100
AcDbEntity
  8
NESTED_RESULT
 62
1
100
AcDbPolyline
 90
5
 70
0
 10
10200.0
 20
21600.0
 10
13400.0
 20
21600.0
 10
13400.0
 20
23200.0
 10
10200.0
 20
23200.0
 10
10200.0
 20
21600.0
  0
TEXT
  5
72F
330
17
100
AcDbEntity
  8
NESTED_RESULT
 62
1
100
AcDbText
 10
10200.0
 20
23230.0
 30
0.0
 40
50.0
  1
Sheet_76
 11
10200.0
 21
23230.0
 31
0.0
100
AcDbText
 73
1
  0
LWPOLYLINE
  5
730
330
17
100
AcDbEntity
  8
NESTED_RESULT
100
AcDbPolyline
 90
5
 70
0
 10
10200.0
 20
21600.0
 10
12035.150000000001
 20
21600.0
 10
12035.150000000001
 20
22244.524999999994
 10
10200.0
 20
22244.524999999994
 10
10200.0
 20
21600.0
  0
TEXT
  5
731
330
17
100
AcDbEntity
  8
NESTED_RESULT
100
AcDbText
 10
11117.575
 20
21922.262499999997
 30
0.0
 40
80.0
  1
P-0183
 72
1
 11
11117.575
 21
21922.262499999997
 31
0.0
100
AcDbText
 73
2
  0
LWPOLYLINE
  5
732
330
17
100
AcDbEntity
  8
NESTED_RESULT
100
AcDbPolyline
 90
5
 70
0
 10
10200.0
 20
22244.524999999994
 10
12035.150000000001
 20
22244.524999999994
 10
12035.150000000001
 20
22889.04999999999
 10
10200.0
 20
22889.04999999999
 10
10200.0
 20
22244.524999999994
  0
TEXT
  5
733
330
17
100
AcDbEntity
  8
NESTED_RESULT
100
AcDbText
 10
11117.575
 20
22566.78749999999
 30
0.0
 40
80.0
  1
P-0184
 72
1
 11
11117.575
 21
22566.78749999999
 31
0.0
100
AcDbText
 73
2
  0
LWPOLYLINE
  5
734
330
17
100
AcDbEntity
  8
NESTED_RESULT
100
AcDbPolyline
 90
5
 70
0
 10
12035.150000000001
 20
21600.0
 10
12828.900000000001
 20
21600.0
 10
12828.900000000001
 20
22188.9625
 10
12035.150000000001
 20
22188.9625
 10
12035.150000000001
 20
21600.0
  0
TEXT
  5
735
330
17
100
AcDbEntity
  8
NESTED_RESULT
100
AcDbText
 10
12432.025000000001
 20
21894.48125
 30
0.0
 40
80.0
  1
P-0409
 72
1
 11
12432.025000000001
 21
21894.48125
 31
0.0
100
AcDbText
 73
2
  0
LWPOLYLINE
  5
736
330
17
100
AcDbEntity
  8
NESTED_RESULT
100
AcDbPolyline
 90
5
 70
0
 10
12035.150000000001
 20
22188.9625
 10
12828.900000000001
 20
22188.9625
 10
12828.900000000001
 20
22777.925000000003
 10
12035.150000000001
 20
22777.925000000003
 10
12035.150000000001
 20
22188.9625
  0
TEXT
  5
737
330
17
100
AcDbEntity
  8
NESTED_RESULT
100
AcDbText
 10
12432.025000000001
 20
22483.443750000002
 30
0.0
 40
80.0
  1
P-0410
 72
1
 11
12432.025000000001
 21
22483.443750000002
 31
0.0
100
AcDbText
 73
2
  0
LWPOLYLINE
  5
738
330
17
100
AcDbEntity
  8
NESTED_RESULT
100
AcDbPolyline
 90
5
 70
0
 10
12828.900000000001
 20
21600.0
 10
13286.100000000002
 20
21600.0
 10
13286.100000000002
 20
22244.524999999994
 10
12828.900000000001
 20
22244.524999999994
 10
12828.900000000001
 20
21600.0
  0
TEXT
  5
739
330
17
100
AcDbEntity
  8
NESTED_RESULT
100
AcDbText
 10
13057.500000000002
 20
21922.262499999997
 30
0.0
 40
80.0
  1
P-0551
 72
1
 11
13057.500000000002
 21
21922.262499999997
 31
0.0
100
AcDbText
 73
2
  0
LWPOLYLINE
  5
73A
330
17
100
AcDbEntity
  8
NESTED_RESULT
100
AcDbPolyline
 90
5
 70
0
 10
12828.900000000001
 20
22244.524999999994
 10
13286.100000000002
 20
22244.524999999994
 10
13286.100000000002
 20
22889.04999999999
 10
12828.900000000001
 20
22889.04999999999
 10
12828.900000000001
 20
22244.524999999994
  0
TEXT
  5
73B
330
17
100
AcDbEntity
  8
NESTED_RESULT
100
AcDbText
 10
13057.500000000002
 20
22566.78749999999
 30
0.0
 40
80.0
  1
P-0552
 72
1
 11
13057.500000000002
 21
22566.78749999999
 31
0.0
100
AcDbText
 73
2
  0
LWPOLYLINE
  5
73C
330
17
100
AcDbEntity
  8
NESTED_RESULT
 62
1
100
AcDbPolyline
 90
5
 70
0
 10
13600.0
 20
21600.0
 10
16800.0
 20
21600.0
 10
16800.0
 20
23200.0
 10
13600.0
 20
23200.0
 10
13600.0
 20
21600.0
  0
TEXT
  5
73D
330
17
100
AcDbEntity
  8
NESTED_RESULT
 62
1
100
AcDbText
 10
13600.0
 20
23230.0
 30
0.0
 40
50.0
  1
Sheet_77
 11
13600.0
 21
23230.0
 31
0.0
100
AcDbText
 73
1
  0
LWPOLYLINE
  5
73E
330
17
100
AcDbEntity
  8
NESTED_RESULT
100
AcDbPolyline
 90
5
 70
0
 10
13600.0
 20
21600.0
 10
15435.150000000001
 20
21600.0
 10
15435.150000000001
 20
22244.524999999994
 10
13600.0
 20
22244.524999999994
 10
13600.0
 20
21600.0
  0
TEXT
  5
73F
330
17
100
AcDbEntity
  8
NESTED_RESULT
100
AcDbText
 10
14517.575
 20
21922.262499999997
 30
0.0
 40
80.0
  1
P-0185
 72
1
 11
14517.575
 21
21922.262499999997
 31
0.0
100
AcDbText
 73
2
  0
LWPOLYLINE
  5
740
330
17
100
AcDbEntity
  8
NESTED_RESULT
100
AcDbPolyline
 90
5
 70
0
 10
13600.0
 20
22244.524999999994
 10
15435.150000000001
 20
22244.524999999994
 10
15435.150000000001
 20
22889.04999999999
 10
13600.0
 20
22889.04999999999
 10
13600.0
 20
22244.524999999994
  0
TEXT
  5
741
330
17
100
AcDbEntity
  8
NESTED_RESULT
100
AcDbText
 10
14517.575
 20
22566.78749999999
 30
0.0
 40
80.0
  1
P-0186
 72
1
 11
14517.575
 21
22566.78749999999
 31
0.0
100
AcDbText
 73
2
  0
LWPOLYLINE
  5
742
330
17
100
AcDbEntity
  8
NESTED_RESULT
100
AcDbPolyline
 90
5
 70
0
 10
15435.150000000001
 20
21600.0
 10
16228.900000000001
 20
21600.0
 10
16228.900000000001
 20
22188.9625
 10
15435.150000000001
 20
22188.9625
 10
15435.150000000001
 20
21600.0
  0
TEXT
  5
743
330
17
100
AcDbEntity
  8
NESTED_RESULT
100
AcDbText
 10
15832.025000000001
 20
21894.48125
 30
0.0
 40
80.0
  1
P-0411
 72
1
 11
15832.025000000001
 21
21894.48125
 31
0.0
100
AcDbText
 73
2
  0
LWPOLYLINE
  5
744
330
17
100
AcDbEntity
  8
NESTED_RESULT
100
AcDbPolyline
 90
5
 70
0
 10
15435.150000000005
 20
22188.9625
 10
16228.900000000005
 20
22188.9625
 10
16228.900000000005
 20
22777.925000000003
 10
15435.150000000005
 20
22777.925000000003
 10
15435.150000000005
 20
22188.9625
  0
TEXT
  5
745
330
17
100
AcDbEntity
  8
NESTED_RESULT
100
AcDbText
 10
15832.025000000005
 20
22483.443750000002
 30
0.0
 40
80.0
  1
P-0412
 72
1
 11
15832.025000000005
 21
22483.443750000002
 31
0.0
100
AcDbText
 73
2
  0
LWPOLYLINE
  5
746
330
17
100
AcDbEntity
  8
NESTED_RESULT
100
AcDbPolyline
 90
5
 70
0
 10
16228.900000000005
 20
21600.0
 10
16686.100000000006
 20
21600.0
 10
16686.100000000006
 20
22244.524999999994
 10
16228.900000000005
 20
22244.524999999994
 10
16228.900000000005
 20
21600.0
  0
TEXT
  5
747
330
17
100
AcDbEntity
  8
NESTED_RESULT
100
AcDbText
 10
16457.500000000007
 20
21922.262499999997
 30
0.0
 40
80.0
  1
P-0553
 72
1
 11
16457.500000000007
 21
21922.262499999997
 31
0.0
100
AcDbText
 73
2
  0
LWPOLYLINE
  5
748
330
17
100
AcDbEntity
  8
NESTED_RESULT
100
AcDbPolyline
 90
5
 70
0
 10
16228.900000000005
 20
22244.524999999994
 10
16686.100000000006
 20
22244.524999999994
 10
16686.100000000006
 20
22889.04999999999
 10
16228.900000000005
 20
22889.04999999999
 10
16228.900000000005
 20
22244.524999999994
  0
TEXT
  5
749
330
17
100
AcDbEntity
  8
NESTED_RESULT
100
AcDbText
 10
16457.500000000007
 20
22566.78749999999
 30
0.0
 40
80.0
  1
P-0554
 72
1
 11
16457.500000000007
 21
22566.78749999999
 31
0.0
100
AcDbText
 73
2
  0
LWPOLYLINE
  5
74A
330
17
100
AcDbEntity
  8
NESTED_RESULT
 62
1
100
AcDbPolyline
 90
5
 70
0
 10
17000.0
 20
21600.0
 10
20200.0
 20
21600.0
 10
20200.0
 20
23200.0
 10
17000.0
 20
23200.0
 10
17000.0
 20
21600.0
  0
TEXT
  5
74B
330
17
100
AcDbEntity
  8
NESTED_RESULT
 62
1
100
AcDbText
 10
17000.0
 20
23230.0
 30
0.0
 40
50.0
  1
Sheet_78
 11
17000.0
 21
23230.0
 31
0.0
100
AcDbText
 73
1
  0
LWPOLYLINE
  5
74C
330
17
100
AcDbEntity
  8
NESTED_RESULT
100
AcDbPolyline
 90
5
 70
0
 10
17000.0
 20
21600.0
 10
18835.15
 20
21600.0
 10
18835.15
 20
22244.524999999994
 10
17000.0
 20
22244.524999999994
 10
17000.0
 20
21600.0
  0
TEXT
  5
74D
330
17
100
AcDbEntity
  8
NESTED_RESULT
100
AcDbText
 10
17917.575
 20
21922.262499999997
 30
0.0
 40
80.0
  1
P-0187
 72
1
 11
17917.575
 21
21922.262499999997
 31
0.0
100
AcDbText
 73
2
  0
LWPOLYLINE
  5
74E
330
17
100
AcDbEntity
  8
NESTED_RESULT
100
AcDbPolyline
 90
5
 70
0
 10
17000.0
 20
22244.524999999994
 10
18835.15
 20
22244.524999999994
 10
18835.15
 20
22889.04999999999
 10
17000.0
 20
22889.04999999999
 10
17000.0
 20
22244.524999999994
  0
TEXT
  5
74F
330
17
100
AcDbEntity
  8
NESTED_RESULT
100
AcDbText
 10
17917.575
 20
22566.78749999999
 30
0.0
 40
80.0
  1
P-0188
 72
1
 11
17917.575
 21
22566.78749999999
 31
0.0
100
AcDbText
 73
2
  0
LWPOLYLINE
  5
750
330
17
100
AcDbEntity
  8
NESTED_RESULT
100
AcDbPolyline
 90
5
 70
0
 10
18835.25
 20
21600.0
 10
19629.0
 20
21600.0
 10
19629.0
 20
22188.9625
 10
18835.25
 20
22188.9625
 10
18835.25
 20
21600.0
  0
TEXT
  5
751
330
17
100
AcDbEntity
  8
NESTED_RESULT
100
AcDbText
 10
19232.125
 20
21894.48125
 30
0.0
 40
80.0
  1
P-0413
 72
1
 11
19232.125
 21
21894.48125
 31
0.0
100
AcDbText
 73
2
  0
LWPOLYLINE
  5
752
330
17
100
AcDbEntity
  8
NESTED_RESULT
100
AcDbPolyline
 90
5
 70
0
 10
18835.15
 20
22188.9625
 10
19628.9
 20
22188.9625
 10
19628.9
 20
22777.925000000003
 10
18835.15
 20
22777.925000000003
 10
18835.15
 20
22188.9625
  0
TEXT
  5
753
330
17
100
AcDbEntity
  8
NESTED_RESULT
100
AcDbText
 10
19232.025
 20
22483.443750000002
 30
0.0
 40
80.0
  1
P-0414
 72
1
 11
19232.025
 21
22483.443750000002
 31
0.0
100
AcDbText
 73
2
  0
LWPOLYLINE
  5
754
330
17
100
AcDbEntity
  8
NESTED_RESULT
100
AcDbPolyline
 90
5
 70
0
 10
19629.0
 20
21600.0
 10
20086.2
 20
21600.0
 10
20086.2
 20
22244.524999999994
 10
19629.0
 20
22244.524999999994
 10
19629.0
 20
21600.0
  0
TEXT
  5
755
330
17
100
AcDbEntity
  8
NESTED_RESULT
100
AcDbText
 10
19857.6
 20
21922.262499999997
 30
0.0
 40
80.0
  1
P-0555
 72
1
 11
19857.6
 21
21922.262499999997
 31
0.0
100
AcDbText
 73
2
  0
LWPOLYLINE
  5
756
330
17
100
AcDbEntity
  8
NESTED_RESULT
100
AcDbPolyline
 90
5
 70
0
 10
19628.9
 20
22244.524999999994
 10
20086.100000000002
 20
22244.524999999994
 10
20086.100000000002
 20
22889.04999999999
 10
19628.9
 20
22889.04999999999
 10
19628.9
 20
22244.524999999994
  0
TEXT
  5
757
330
17
100
AcDbEntity
  8
NESTED_RESULT
100
AcDbText
 10
19857.5
 20
22566.78749999999
 30
0.0
 40
80.0
  1
P-0556
 72
1
 11
19857.5
 21
22566.78749999999
 31
0.0
100
AcDbText
 73
2
  0
LWPOLYLINE
  5
758
330
17
100
AcDbEntity
  8
NESTED_RESULT
 62
1
100
AcDbPolyline
 90
5
 70
0
 10
0.0
 20
23400.0
 10
3200.0
 20
23400.0
 10
3200.0
 20
25000.0
 10
0.0
 20
25000.0
 10
0.0
 20
23400.0
  0
TEXT
  5
759
330
17
100
AcDbEntity
  8
NESTED_RESULT
 62
1
100
AcDbText
 10
0.0
 20
25030.0
 30
0.0
 40
50.0
  1
Sheet_79
 11
0.0
 21
25030.0
 31
0.0
100
AcDbText
 73
1
  0
LWPOLYLINE
  5
75A
330
17
100
AcDbEntity
  8
NESTED_RESULT
100
AcDbPolyline
 90
5
 70
0
 10
0.0
 20
23400.0
 10
1835.1499999999996
 20
23400.0
 10
1835.1499999999996
 20
24044.524999999994
 10
0.0
 20
24044.524999999994
 10
0.0
 20
23400.0
  0
TEXT
  5
75B
330
17
100
AcDbEntity
  8
NESTED_RESULT
100
AcDbText
 10
917.5749999999998
 20
23722.262499999997
 30
0.0
 40
80.0
  1
P-0189
 72
1
 11
917.5749999999998
 21
23722.262499999997
 31
0.0
100
AcDbText
 73
2
  0
LWPOLYLINE
  5
75C
330
17
100
AcDbEntity
  8
NESTED_RESULT
100
AcDbPolyline
 90
5
 70
0
 10
0.0
 20
24044.524999999994
 10
1835.1499999999978
 20
24044.524999999994
 10
1835.1499999999978
 20
24689.04999999999
 10
0.0
 20
24689.04999999999
 10
0.0
 20
24044.524999999994
  0
TEXT
  5
75D
330
17
100
AcDbEntity
  8
NESTED_RESULT
100
AcDbText
 10
917.5749999999989
 20
24366.78749999999
 30
0.0
 40
80.0
  1
P-0190
 72
1
 11
917.5749999999989
 21
24366.78749999999
 31
0.0
100
AcDbText
 73
2
  0
LWPOLYLINE
  5
75E
330
17
100
AcDbEntity
  8
NESTED_RESULT
100
AcDbPolyline
 90
5
 70
0
 10
1835.2500000000007
 20
23400.0
 10
2629.0
 20
23400.0
 10
2629.0
 20
23988.9625
 10
1835.2500000000007
 20
23988.9625
 10
1835.2500000000007
 20
23400.0
  0
TEXT
  5
75F
330
17
100
AcDbEntity
  8
NESTED_RESULT
100
AcDbText
 10
2232.1250000000005
 20
23694.48125
 30
0.0
 40
80.0
  1
P-0415
 72
1
 11
2232.1250000000005
 21
23694.48125
 31
0.0
100
AcDbText
 73
2
  0
LWPOLYLINE
  5
760
330
17
100
AcDbEntity
  8
NESTED_RESULT
100
AcDbPolyline
 90
5
 70
0
 10
2628.899999999998
 20
24577.925000000003
 10
1835.1500000000015
 20
24577.925000000003
 10
1835.1500000000015
 20
23988.9625
 10
2628.899999999998
 20
23988.9625
 10
2628.899999999998
 20
24577.925000000003
  0
TEXT
  5
761
330
17
100
AcDbEntity
  8
NESTED_RESULT
100
AcDbText
 10
2232.0249999999996
 20
24283.443750000002
 30
0.0
 40
80.0
  1
P-0416
 72
1
 11
2232.0249999999996
 21
24283.443750000002
 31
0.0
100
AcDbText
 73
2
  0
LWPOLYLINE
  5
762
330
17
100
AcDbEntity
  8
NESTED_RESULT
100
AcDbPolyline
 90
5
 70
0
 10
2629.0
 20
23400.0
 10
3086.2000000000007
 20
23400.0
 10
3086.2000000000007
 20
24044.52499999999
 10
2629.0
 20
24044.52499999999
 10
2629.0
 20
23400.0
  0
TEXT
  5
763
330
17
100
AcDbEntity
  8
NESTED_RESULT
100
AcDbText
 10
2857.6000000000004
 20
23722.262499999997
 30
0.0
 40
80.0
  1
P-0578
 72
1
 11
2857.6000000000004
 21
23722.262499999997
 31
0.0
100
AcDbText
 73
2
  0
LWPOLYLINE
  5
764
330
17
100
AcDbEntity
  8
NESTED_RESULT
100
AcDbPolyline
 90
5
 70
0
 10
2628.899999999998
 20
24044.52499999999
 10
3086.0999999999985
 20
24044.52499999999
 10
3086.0999999999985
 20
24689.04999999998
 10
2628.899999999998
 20
24689.04999999998
 10
2628.899999999998
 20
24044.52499999999
  0
TEXT
  5
765
330
17
100
AcDbEntity
  8
NESTED_RESULT
100
AcDbText
 10
2857.499999999998
 20
24366.787499999984
 30
0.0
 40
80.0
  1
P-0579
 72
1
 11
2857.499999999998
 21
24366.787499999984
 31
0.0
100
AcDbText
 73
2
  0
LWPOLYLINE
  5
766
330
17
100
AcDbEntity
  8
NESTED_RESULT
 62
1
100
AcDbPolyline
 90
5
 70
0
 10
3400.0
 20
23400.0
 10
6600.0
 20
23400.0
 10
6600.0
 20
25000.0
 10
3400.0
 20
25000.0
 10
3400.0
 20
23400.0
  0
TEXT
  5
767
330
17
100
AcDbEntity
  8
NESTED_RESULT
 62
1
100
AcDbText
 10
3400.0
 20
25030.0
 30
0.0
 40
50.0
  1
Sheet_80
 11
3400.0
 21
25030.0
 31
0.0
100
AcDbText
 73
1
  0
LWPOLYLINE
  5
768
330
17
100
AcDbEntity
  8
NESTED_RESULT
100
AcDbPolyline
 90
5
 70
0
 10
3400.0
 20
23400.0
 10
5006.550000000003
 20
23400.0
 10
5006.550000000003
 20
24044.524999999994
 10
3400.0
 20
24044.524999999994
 10
3400.0
 20
23400.0
  0
TEXT
  5
769
330
17
100
AcDbEntity
  8
NESTED_RESULT
100
AcDbText
 10
4203.2750000000015
 20
23722.262499999997
 30
0.0
 40
80.0
  1
P-0195
 72
1
 11
4203.2750000000015
 21
23722.262499999997
 31
0.0
100
AcDbText
 73
2
  0
LWPOLYLINE
  5
76A
330
17
100
AcDbEntity
  8
NESTED_RESULT
100
AcDbPolyline
 90
5
 70
0
 10
3400.0
 20
24044.524999999994
 10
5006.549999999996
 20
24044.524999999994
 10
5006.549999999996
 20
24689.04999999999
 10
3400.0
 20
24689.04999999999
 10
3400.0
 20
24044.524999999994
  0
TEXT
  5
76B
330
17
100
AcDbEntity
  8
NESTED_RESULT
100
AcDbText
 10
4203.274999999998
 20
24366.78749999999
 30
0.0
 40
80.0
  1
P-0196
 72
1
 11
4203.274999999998
 21
24366.78749999999
 31
0.0
100
AcDbText
 73
2
  0
LWPOLYLINE
  5
76C
330
17
100
AcDbEntity
  8
NESTED_RESULT
100
AcDbPolyline
 90
5
 70
0
 10
5006.550000000003
 20
23400.0
 10
5952.700000000004
 20
23400.0
 10
5952.700000000004
 20
23988.9625
 10
5006.550000000003
 20
23988.9625
 10
5006.550000000003
 20
23400.0
  0
TEXT
  5
76D
330
17
100
AcDbEntity
  8
NESTED_RESULT
100
AcDbText
 10
5479.625000000004
 20
23694.48125
 30
0.0
 40
80.0
  1
P-0292
 72
1
 11
5479.625000000004
 21
23694.48125
 31
0.0
100
AcDbText
 73
2
  0
LWPOLYLINE
  5
76E
330
17
100
AcDbEntity
  8
NESTED_RESULT
100
AcDbPolyline
 90
5
 70
0
 10
6541.662500000006
 20
23400.0
 10
6541.662500000006
 20
24346.149999999987
 10
5952.700000000004
 20
24346.149999999987
 10
5952.700000000004
 20
23400.0
 10
6541.662500000006
 20
23400.0
  0
TEXT
  5
76F
330
17
100
AcDbEntity
  8
NESTED_RESULT
100
AcDbText
 10
6247.181250000005
 20
23873.074999999993
 30
0.0
 40
80.0
  1
P-0319
 72
1
 11
6247.181250000005
 21
23873.074999999993
 31
0.0
100
AcDbText
 73
2
  0
LWPOLYLINE
  5
770
330
17
100
AcDbEntity
  8
NESTED_RESULT
100
AcDbPolyline
 90
5
 70
0
 10
5006.550000000003
 20
23988.9625
 10
5800.300000000003
 20
23988.9625
 10
5800.300000000003
 20
24577.925
 10
5006.550000000003
 20
24577.925
 10
5006.550000000003
 20
23988.9625
  0
TEXT
  5
771
330
17
100
AcDbEntity
  8
NESTED_RESULT
100
AcDbText
 10
5403.425000000003
 20
24283.44375
 30
0.0
 40
80.0
  1
P-0417
 72
1
 11
5403.425000000003
 21
24283.44375
 31
0.0
100
AcDbText
 73
2
  0
LWPOLYLINE
  5
772
330
17
100
AcDbEntity
  8
NESTED_RESULT
100
AcDbPolyline
 90
5
 70
0
 10
5800.300000000003
 20
24346.149999999994
 10
6594.050000000003
 20
24346.149999999994
 10
6594.050000000003
 20
24935.11249999999
 10
5800.300000000003
 20
24935.11249999999
 10
5800.300000000003
 20
24346.149999999994
  0
TEXT
  5
773
330
17
100
AcDbEntity
  8
NESTED_RESULT
100
AcDbText
 10
6197.175000000003
 20
24640.63124999999
 30
0.0
 40
80.0
  1
P-0419
 72
1
 11
6197.175000000003
 21
24640.63124999999
 31
0.0
100
AcDbText
 73
2
  0
LWPOLYLINE
  5
774
330
17
100
AcDbEntity
  8
NESTED_RESULT
 62
1
100
AcDbPolyline
 90
5
 70
0
 10
6800.0
 20
23400.0
 10
10000.0
 20
23400.0
 10
10000.0
 20
25000.0
 10
6800.0
 20
25000.0
 10
6800.0
 20
23400.0
  0
TEXT
  5
775
330
17
100
AcDbEntity
  8
NESTED_RESULT
 62
1
100
AcDbText
 10
6800.0
 20
25030.0
 30
0.0
 40
50.0
  1
Sheet_81
 11
6800.0
 21
25030.0
 31
0.0
100
AcDbText
 73
1
  0
LWPOLYLINE
  5
776
330
17
100
AcDbEntity
  8
NESTED_RESULT
100
AcDbPolyline
 90
5
 70
0
 10
6800.0
 20
23400.0
 10
8406.549999999988
 20
23400.0
 10
8406.549999999988
 20
24044.52499999998
 10
6800.0
 20
24044.52499999998
 10
6800.0
 20
23400.0
  0
TEXT
  5
777
330
17
100
AcDbEntity
  8
NESTED_RESULT
100
AcDbText
 10
7603.274999999994
 20
23722.26249999999
 30
0.0
 40
80.0
  1
P-0197
 72
1
 11
7603.274999999994
 21
23722.26249999999
 31
0.0
100
AcDbText
 73
2
  0
LWPOLYLINE
  5
778
330
17
100
AcDbEntity
  8
NESTED_RESULT
100
AcDbPolyline
 90
5
 70
0
 10
8406.549999999988
 20
23400.0
 10
9352.7
 20
23400.0
 10
9352.7
 20
23988.962499999998
 10
8406.549999999988
 20
23988.962499999998
 10
8406.549999999988
 20
23400.0
  0
TEXT
  5
779
330
17
100
AcDbEntity
  8
NESTED_RESULT
100
AcDbText
 10
8879.624999999995
 20
23694.481249999997
 30
0.0
 40
80.0
  1
P-0270
 72
1
 11
8879.624999999995
 21
23694.481249999997
 31
0.0
100
AcDbText
 73
2
  0
LWPOLYLINE
  5
77A
330
17
100
AcDbEntity
  8
NESTED_RESULT
100
AcDbPolyline
 90
5
 70
0
 10
9941.662500000006
 20
23400.0
 10
9941.662500000006
 20
24346.15000000001
 10
9352.700000000004
 20
24346.15000000001
 10
9352.700000000004
 20
23400.0
 10
9941.662500000006
 20
23400.0
  0
TEXT
  5
77B
330
17
100
AcDbEntity
  8
NESTED_RESULT
100
AcDbText
 10
9647.181250000005
 20
23873.075000000004
 30
0.0
 40
80.0
  1
P-0273
 72
1
 11
9647.181250000005
 21
23873.075000000004
 31
0.0
100
AcDbText
 73
2
  0
LWPOLYLINE
  5
77C
330
17
100
AcDbEntity
  8
NESTED_RESULT
100
AcDbPolyline
 90
5
 70
0
 10
9352.699999999999
 20
24577.924999999996
 10
8406.54999999999
 20
24577.924999999996
 10
8406.54999999999
 20
23988.962499999998
 10
9352.699999999999
 20
23988.962499999998
 10
9352.699999999999
 20
24577.924999999996
  0
TEXT
  5
77D
330
17
100
AcDbEntity
  8
NESTED_RESULT
100
AcDbText
 10
8879.624999999995
 20
24283.44375
 30
0.0
 40
80.0
  1
P-0274
 72
1
 11
8879.624999999995
 21
24283.44375
 31
0.0
100
AcDbText
 73
2
  0
LWPOLYLINE
  5
77E
330
17
100
AcDbEntity
  8
NESTED_RESULT
100
AcDbPolyline
 90
5
 70
0
 10
6800.0
 20
24044.52499999998
 10
7746.149999999998
 20
24044.52499999998
 10
7746.149999999998
 20
24633.487499999977
 10
6800.0
 20
24633.487499999977
 10
6800.0
 20
24044.52499999998
  0
TEXT
  5
77F
330
17
100
AcDbEntity
  8
NESTED_RESULT
100
AcDbText
 10
7273.074999999999
 20
24339.006249999977
 30
0.0
 40
80.0
  1
P-0303
 72
1
 11
7273.074999999999
 21
24339.006249999977
 31
0.0
100
AcDbText
 73
2
  0
LWPOLYLINE
  5
780
330
17
100
AcDbEntity
  8
NESTED_RESULT
100
AcDbPolyline
 90
5
 70
0
 10
8335.112499999996
 20
24044.52499999998
 10
8335.112499999996
 20
24990.674999999977
 10
7746.149999999998
 20
24990.674999999977
 10
7746.149999999998
 20
24044.52499999998
 10
8335.112499999996
 20
24044.52499999998
  0
TEXT
  5
781
330
17
100
AcDbEntity
  8
NESTED_RESULT
100
AcDbText
 10
8040.631249999997
 20
24517.599999999977
 30
0.0
 40
80.0
  1
P-0304
 72
1
 11
8040.631249999997
 21
24517.599999999977
 31
0.0
100
AcDbText
 73
2
  0
LWPOLYLINE
  5
782
330
17
100
AcDbEntity
  8
NESTED_RESULT
100
AcDbPolyline
 90
5
 70
0
 10
9352.7
 20
24803.350000000006
 10
9352.7
 20
24346.15000000001
 10
9997.224999999988
 20
24346.15000000001
 10
9997.224999999988
 20
24803.350000000006
 10
9352.7
 20
24803.350000000006
  0
TEXT
  5
783
330
17
100
AcDbEntity
  8
NESTED_RESULT
100
AcDbText
 10
9674.962499999994
 20
24574.750000000007
 30
0.0
 40
80.0
  1
P-0600
 72
1
 11
9674.962499999994
 21
24574.750000000007
 31
0.0
100
AcDbText
 73
2
  0
LWPOLYLINE
  5
784
330
17
100
AcDbEntity
  8
NESTED_RESULT
 62
1
100
AcDbPolyline
 90
5
 70
0
 10
10200.0
 20
23400.0
 10
13400.0
 20
23400.0
 10
13400.0
 20
25000.0
 10
10200.0
 20
25000.0
 10
10200.0
 20
23400.0
  0
TEXT
  5
785
330
17
100
AcDbEntity
  8
NESTED_RESULT
 62
1
100
AcDbText
 10
10200.0
 20
25030.0
 30
0.0
 40
50.0
  1
Sheet_82
 11
10200.0
 21
25030.0
 31
0.0
100
AcDbText
 73
1
  0
LWPOLYLINE
  5
786
330
17
100
AcDbEntity
  8
NESTED_RESULT
100
AcDbPolyline
 90
5
 70
0
 10
10200.0
 20
23400.0
 10
10993.749999999998
 20
23400.0
 10
10993.749999999998
 20
23988.962499999994
 10
10200.0
 20
23988.962499999994
 10
10200.0
 20
23400.0
  0
TEXT
  5
787
330
17
100
AcDbEntity
  8
NESTED_RESULT
100
AcDbText
 10
10596.875
 20
23694.481249999997
 30
0.0
 40
80.0
  1
P-0456
 72
1
 11
10596.875
 21
23694.481249999997
 31
0.0
100
AcDbText
 73
2
  0
LWPOLYLINE
  5
788
330
17
100
AcDbEntity
  8
NESTED_RESULT
100
AcDbPolyline
 90
5
 70
0
 10
10993.749999999998
 20
23400.0
 10
11787.499999999996
 20
23400.0
 10
11787.499999999996
 20
23988.962499999994
 10
10993.749999999998
 20
23988.962499999994
 10
10993.749999999998
 20
23400.0
  0
TEXT
  5
789
330
17
100
AcDbEntity
  8
NESTED_RESULT
100
AcDbText
 10
11390.624999999996
 20
23694.481249999997
 30
0.0
 40
80.0
  1
P-0457
 72
1
 11
11390.624999999996
 21
23694.481249999997
 31
0.0
100
AcDbText
 73
2
  0
LWPOLYLINE
  5
78A
330
17
100
AcDbEntity
  8
NESTED_RESULT
100
AcDbPolyline
 90
5
 70
0
 10
11787.5
 20
23400.0
 10
12581.249999999996
 20
23400.0
 10
12581.249999999996
 20
23988.962499999994
 10
11787.5
 20
23988.962499999994
 10
11787.5
 20
23400.0
  0
TEXT
  5
78B
330
17
100
AcDbEntity
  8
NESTED_RESULT
100
AcDbText
 10
12184.374999999998
 20
23694.481249999997
 30
0.0
 40
80.0
  1
P-0458
 72
1
 11
12184.374999999998
 21
23694.481249999997
 31
0.0
100
AcDbText
 73
2
  0
LWPOLYLINE
  5
78C
330
17
100
AcDbEntity
  8
NESTED_RESULT
100
AcDbPolyline
 90
5
 70
0
 10
13374.999999999993
 20
23988.962499999994
 10
12581.25
 20
23988.962499999994
 10
12581.25
 20
23400.0
 10
13374.999999999993
 20
23400.0
 10
13374.999999999993
 20
23988.962499999994
  0
TEXT
  5
78D
330
17
100
AcDbEntity
  8
NESTED_RESULT
100
AcDbText
 10
12978.124999999996
 20
23694.481249999997
 30
0.0
 40
80.0
  1
P-0460
 72
1
 11
12978.124999999996
 21
23694.481249999997
 31
0.0
100
AcDbText
 73
2
  0
LWPOLYLINE
  5
78E
330
17
100
AcDbEntity
  8
NESTED_RESULT
100
AcDbPolyline
 90
5
 70
0
 10
10200.0
 20
23988.962499999994
 10
10993.749999999993
 20
23988.962499999994
 10
10993.749999999993
 20
24577.92499999999
 10
10200.0
 20
24577.92499999999
 10
10200.0
 20
23988.962499999994
  0
TEXT
  5
78F
330
17
100
AcDbEntity
  8
NESTED_RESULT
100
AcDbText
 10
10596.874999999996
 20
24283.44374999999
 30
0.0
 40
80.0
  1
P-0461
 72
1
 11
10596.874999999996
 21
24283.44374999999
 31
0.0
100
AcDbText
 73
2
  0
LWPOLYLINE
  5
790
330
17
100
AcDbEntity
  8
NESTED_RESULT
100
AcDbPolyline
 90
5
 70
0
 10
10993.749999999993
 20
23988.962499999994
 10
11787.499999999985
 20
23988.962499999994
 10
11787.499999999985
 20
24577.92499999999
 10
10993.749999999993
 20
24577.92499999999
 10
10993.749999999993
 20
23988.962499999994
  0
TEXT
  5
791
330
17
100
AcDbEntity
  8
NESTED_RESULT
100
AcDbText
 10
11390.624999999989
 20
24283.44374999999
 30
0.0
 40
80.0
  1
P-0462
 72
1
 11
11390.624999999989
 21
24283.44374999999
 31
0.0
100
AcDbText
 73
2
  0
LWPOLYLINE
  5
792
330
17
100
AcDbEntity
  8
NESTED_RESULT
100
AcDbPolyline
 90
5
 70
0
 10
11787.499999999985
 20
23988.962499999994
 10
12733.649999999994
 20
23988.962499999994
 10
12733.649999999994
 20
24577.924999999985
 10
11787.499999999985
 20
24577.924999999985
 10
11787.499999999985
 20
23988.962499999994
  0
TEXT
  5
793
330
17
100
AcDbEntity
  8
NESTED_RESULT
100
AcDbText
 10
12260.57499999999
 20
24283.44374999999
 30
0.0
 40
80.0
  1
P-0305
 72
1
 11
12260.57499999999
 21
24283.44374999999
 31
0.0
100
AcDbText
 73
2
  0
LWPOLYLINE
  5
794
330
17
100
AcDbEntity
  8
NESTED_RESULT
100
AcDbPolyline
 90
5
 70
0
 10
13322.612499999985
 20
23988.962499999994
 10
13322.612499999985
 20
24935.112499999996
 10
12733.649999999994
 20
24935.112499999996
 10
12733.649999999994
 20
23988.962499999994
 10
13322.612499999985
 20
23988.962499999994
  0
TEXT
  5
795
330
17
100
AcDbEntity
  8
NESTED_RESULT
100
AcDbText
 10
13028.13124999999
 20
24462.037499999995
 30
0.0
 40
80.0
  1
P-0318
 72
1
 11
13028.13124999999
 21
24462.037499999995
 31
0.0
100
AcDbText
 73
2
  0
LWPOLYLINE
  5
796
330
17
100
AcDbEntity
  8
NESTED_RESULT
 62
1
100
AcDbPolyline
 90
5
 70
0
 10
13600.0
 20
23400.0
 10
16800.0
 20
23400.0
 10
16800.0
 20
25000.0
 10
13600.0
 20
25000.0
 10
13600.0
 20
23400.0
  0
TEXT
  5
797
330
17
100
AcDbEntity
  8
NESTED_RESULT
 62
1
100
AcDbText
 10
13600.0
 20
25030.0
 30
0.0
 40
50.0
  1
Sheet_83
 11
13600.0
 21
25030.0
 31
0.0
100
AcDbText
 73
1
  0
LWPOLYLINE
  5
798
330
17
100
AcDbEntity
  8
NESTED_RESULT
100
AcDbPolyline
 90
5
 70
0
 10
14244.524999999994
 20
23400.0
 10
14244.524999999994
 20
23857.199999999997
 10
13600.0
 20
23857.199999999997
 10
13600.0
 20
23400.0
 10
14244.524999999994
 20
23400.0
  0
TEXT
  5
799
330
17
100
AcDbEntity
  8
NESTED_RESULT
100
AcDbText
 10
13922.262499999997
 20
23628.6
 30
0.0
 40
80.0
  1
P-0575
 72
1
 11
13922.262499999997
 21
23628.6
 31
0.0
100
AcDbText
 73
2
  0
LWPOLYLINE
  5
79A
330
17
100
AcDbEntity
  8
NESTED_RESULT
100
AcDbPolyline
 90
5
 70
0
 10
14889.049999999988
 20
23400.0
 10
14889.049999999988
 20
23857.199999999997
 10
14244.524999999994
 20
23857.199999999997
 10
14244.524999999994
 20
23400.0
 10
14889.049999999988
 20
23400.0
  0
TEXT
  5
79B
330
17
100
AcDbEntity
  8
NESTED_RESULT
100
AcDbText
 10
14566.787499999991
 20
23628.6
 30
0.0
 40
80.0
  1
P-0576
 72
1
 11
14566.787499999991
 21
23628.6
 31
0.0
100
AcDbText
 73
2
  0
LWPOLYLINE
  5
79C
330
17
100
AcDbEntity
  8
NESTED_RESULT
100
AcDbPolyline
 90
5
 70
0
 10
15533.574999999975
 20
23400.0
 10
15533.574999999975
 20
23857.199999999997
 10
14889.049999999988
 20
23857.199999999997
 10
14889.049999999988
 20
23400.0
 10
15533.574999999975
 20
23400.0
  0
TEXT
  5
79D
330
17
100
AcDbEntity
  8
NESTED_RESULT
100
AcDbText
 10
15211.312499999982
 20
23628.6
 30
0.0
 40
80.0
  1
P-0610
 72
1
 11
15211.312499999982
 21
23628.6
 31
0.0
100
AcDbText
 73
2
  0
LWPOLYLINE
  5
79E
330
17
100
AcDbEntity
  8
NESTED_RESULT
100
AcDbPolyline
 90
5
 70
0
 10
16178.099999999955
 20
23400.0
 10
16178.099999999955
 20
23857.199999999997
 10
15533.574999999975
 20
23857.199999999997
 10
15533.574999999975
 20
23400.0
 10
16178.099999999955
 20
23400.0
  0
TEXT
  5
79F
330
17
100
AcDbEntity
  8
NESTED_RESULT
100
AcDbText
 10
15855.837499999965
 20
23628.6
 30
0.0
 40
80.0
  1
P-0648
 72
1
 11
15855.837499999965
 21
23628.6
 31
0.0
100
AcDbText
 73
2
  0
LWPOLYLINE
  5
7A0
330
17
100
AcDbEntity
  8
NESTED_RESULT
100
AcDbPolyline
 90
5
 70
0
 10
16178.099999999955
 20
23400.0
 10
16635.299999999952
 20
23400.0
 10
16635.299999999952
 20
24044.525
 10
16178.099999999955
 20
24044.525
 10
16178.099999999955
 20
23400.0
  0
TEXT
  5
7A1
330
17
100
AcDbEntity
  8
NESTED_RESULT
100
AcDbText
 10
16406.699999999953
 20
23722.2625
 30
0.0
 40
80.0
  1
P-0528
 72
1
 11
16406.699999999953
 21
23722.2625
 31
0.0
100
AcDbText
 73
2
  0
LWPOLYLINE
  5
7A2
330
17
100
AcDbEntity
  8
NESTED_RESULT
100
AcDbPolyline
 90
5
 70
0
 10
14244.525000000001
 20
23857.199999999997
 10
14244.525000000001
 20
24314.399999999994
 10
13600.0
 20
24314.399999999994
 10
13600.0
 20
23857.199999999997
 10
14244.525000000001
 20
23857.199999999997
  0
TEXT
  5
7A3
330
17
100
AcDbEntity
  8
NESTED_RESULT
100
AcDbText
 10
13922.2625
 20
24085.799999999996
 30
0.0
 40
80.0
  1
P-0529
 72
1
 11
13922.2625
 21
24085.799999999996
 31
0.0
100
AcDbText
 73
2
  0
LWPOLYLINE
  5
7A4
330
17
100
AcDbEntity
  8
NESTED_RESULT
100
AcDbPolyline
 90
5
 70
0
 10
14889.050000000003
 20
23857.199999999997
 10
14889.050000000003
 20
24314.399999999994
 10
14244.525000000001
 20
24314.399999999994
 10
14244.525000000001
 20
23857.199999999997
 10
14889.050000000003
 20
23857.199999999997
  0
TEXT
  5
7A5
330
17
100
AcDbEntity
  8
NESTED_RESULT
100
AcDbText
 10
14566.787500000002
 20
24085.799999999996
 30
0.0
 40
80.0
  1
P-0530
 72
1
 11
14566.787500000002
 21
24085.799999999996
 31
0.0
100
AcDbText
 73
2
  0
LWPOLYLINE
  5
7A6
330
17
100
AcDbEntity
  8
NESTED_RESULT
100
AcDbPolyline
 90
5
 70
0
 10
15533.575000000004
 20
23857.199999999997
 10
15533.575000000004
 20
24314.399999999994
 10
14889.050000000003
 20
24314.399999999994
 10
14889.050000000003
 20
23857.199999999997
 10
15533.575000000004
 20
23857.199999999997
  0
TEXT
  5
7A7
330
17
100
AcDbEntity
  8
NESTED_RESULT
100
AcDbText
 10
15211.312500000004
 20
24085.799999999996
 30
0.0
 40
80.0
  1
P-0531
 72
1
 11
15211.312500000004
 21
24085.799999999996
 31
0.0
100
AcDbText
 73
2
  0
LWPOLYLINE
  5
7A8
330
17
100
AcDbEntity
  8
NESTED_RESULT
100
AcDbPolyline
 90
5
 70
0
 10
15990.775000000001
 20
24501.72499999999
 10
15533.575000000004
 20
24501.72499999999
 10
15533.575000000004
 20
23857.199999999997
 10
15990.775000000001
 20
23857.199999999997
 10
15990.775000000001
 20
24501.72499999999
  0
TEXT
  5
7A9
330
17
100
AcDbEntity
  8
NESTED_RESULT
100
AcDbText
 10
15762.175000000003
 20
24179.462499999994
 30
0.0
 40
80.0
  1
P-0580
 72
1
 11
15762.175000000003
 21
24179.462499999994
 31
0.0
100
AcDbText
 73
2
  0
LWPOLYLINE
  5
7AA
330
17
100
AcDbEntity
  8
NESTED_RESULT
100
AcDbPolyline
 90
5
 70
0
 10
16635.3
 20
24044.525
 10
16635.3
 20
24501.725
 10
15990.775000000001
 20
24501.725
 10
15990.775000000001
 20
24044.525
 10
16635.3
 20
24044.525
  0
TEXT
  5
7AB
330
17
100
AcDbEntity
  8
NESTED_RESULT
100
AcDbText
 10
16313.037500000002
 20
24273.125
 30
0.0
 40
80.0
  1
P-0565
 72
1
 11
16313.037500000002
 21
24273.125
 31
0.0
100
AcDbText
 73
2
  0
LWPOLYLINE
  5
7AC
330
17
100
AcDbEntity
  8
NESTED_RESULT
100
AcDbPolyline
 90
5
 70
0
 10
14244.525000000001
 20
24314.399999999994
 10
14244.525000000001
 20
24771.59999999999
 10
13600.0
 20
24771.59999999999
 10
13600.0
 20
24314.399999999994
 10
14244.525000000001
 20
24314.399999999994
  0
TEXT
  5
7AD
330
17
100
AcDbEntity
  8
NESTED_RESULT
100
AcDbText
 10
13922.2625
 20
24542.999999999993
 30
0.0
 40
80.0
  1
P-0532
 72
1
 11
13922.2625
 21
24542.999999999993
 31
0.0
100
AcDbText
 73
2
  0
LWPOLYLINE
  5
7AE
330
17
100
AcDbEntity
  8
NESTED_RESULT
100
AcDbPolyline
 90
5
 70
0
 10
14889.050000000017
 20
24314.399999999998
 10
14889.050000000017
 20
24771.599999999995
 10
14244.525000000001
 20
24771.599999999995
 10
14244.525000000001
 20
24314.399999999998
 10
14889.050000000017
 20
24314.399999999998
  0
TEXT
  5
7AF
330
17
100
AcDbEntity
  8
NESTED_RESULT
100
AcDbText
 10
14566.78750000001
 20
24542.999999999996
 30
0.0
 40
80.0
  1
P-0484
 72
1
 11
14566.78750000001
 21
24542.999999999996
 31
0.0
100
AcDbText
 73
2
  0
LWPOLYLINE
  5
7B0
330
17
100
AcDbEntity
  8
NESTED_RESULT
100
AcDbPolyline
 90
5
 70
0
 10
15533.57500000003
 20
24501.725000000002
 10
15533.57500000003
 20
24958.925
 10
14889.050000000017
 20
24958.925
 10
14889.050000000017
 20
24501.725000000002
 10
15533.57500000003
 20
24501.725000000002
  0
TEXT
  5
7B1
330
17
100
AcDbEntity
  8
NESTED_RESULT
100
AcDbText
 10
15211.312500000024
 20
24730.325
 30
0.0
 40
80.0
  1
P-0485
 72
1
 11
15211.312500000024
 21
24730.325
 31
0.0
100
AcDbText
 73
2
  0
LWPOLYLINE
  5
7B2
330
17
100
AcDbEntity
  8
NESTED_RESULT
100
AcDbPolyline
 90
5
 70
0
 10
16178.30000000001
 20
24501.725000000006
 10
16178.30000000001
 20
24958.925000000003
 10
15533.775000000001
 20
24958.925000000003
 10
15533.775000000001
 20
24501.725000000006
 10
16178.30000000001
 20
24501.725000000006
  0
TEXT
  5
7B3
330
17
100
AcDbEntity
  8
NESTED_RESULT
100
AcDbText
 10
15856.037500000006
 20
24730.325000000004
 30
0.0
 40
80.0
  1
P-0490
 72
1
 11
15856.037500000006
 21
24730.325000000004
 31
0.0
100
AcDbText
 73
2
  0
LWPOLYLINE
  5
7B4
330
17
100
AcDbEntity
  8
NESTED_RESULT
 62
1
100
AcDbPolyline
 90
5
 70
0
 10
17000.0
 20
23400.0
 10
20200.0
 20
23400.0
 10
20200.0
 20
25000.0
 10
17000.0
 20
25000.0
 10
17000.0
 20
23400.0
  0
TEXT
  5
7B5
330
17
100
AcDbEntity
  8
NESTED_RESULT
 62
1
100
AcDbText
 10
17000.0
 20
25030.0
 30
0.0
 40
50.0
  1
Sheet_84
 11
17000.0
 21
25030.0
 31
0.0
100
AcDbText
 73
1
  0
LWPOLYLINE
  5
7B6
330
17
100
AcDbEntity
  8
NESTED_RESULT
100
AcDbPolyline
 90
5
 70
0
 10
17644.52500000001
 20
23400.0
 10
17644.52500000001
 20
23857.199999999997
 10
17000.0
 20
23857.199999999997
 10
17000.0
 20
23400.0
 10
17644.52500000001
 20
23400.0
  0
TEXT
  5
7B7
330
17
100
AcDbEntity
  8
NESTED_RESULT
100
AcDbText
 10
17322.262500000004
 20
23628.6
 30
0.0
 40
80.0
  1
P-0491
 72
1
 11
17322.262500000004
 21
23628.6
 31
0.0
100
AcDbText
 73
2
  0
LWPOLYLINE
  5
7B8
330
17
100
AcDbEntity
  8
NESTED_RESULT
100
AcDbPolyline
 90
5
 70
0
 10
18289.050000000017
 20
23400.0
 10
18289.050000000017
 20
23857.199999999997
 10
17644.52500000001
 20
23857.199999999997
 10
17644.52500000001
 20
23400.0
 10
18289.050000000017
 20
23400.0
  0
TEXT
  5
7B9
330
17
100
AcDbEntity
  8
NESTED_RESULT
100
AcDbText
 10
17966.787500000013
 20
23628.6
 30
0.0
 40
80.0
  1
P-0492
 72
1
 11
17966.787500000013
 21
23628.6
 31
0.0
100
AcDbText
 73
2
  0
LWPOLYLINE
  5
7BA
330
17
100
AcDbEntity
  8
NESTED_RESULT
100
AcDbPolyline
 90
5
 70
0
 10
18933.575000000026
 20
23400.0
 10
18933.575000000026
 20
23857.199999999997
 10
18289.050000000017
 20
23857.199999999997
 10
18289.050000000017
 20
23400.0
 10
18933.575000000026
 20
23400.0
  0
TEXT
  5
7BB
330
17
100
AcDbEntity
  8
NESTED_RESULT
100
AcDbText
 10
18611.312500000022
 20
23628.6
 30
0.0
 40
80.0
  1
P-0493
 72
1
 11
18611.312500000022
 21
23628.6
 31
0.0
100
AcDbText
 73
2
  0
LWPOLYLINE
  5
7BC
330
17
100
AcDbEntity
  8
NESTED_RESULT
100
AcDbPolyline
 90
5
 70
0
 10
19578.100000000035
 20
23400.0
 10
19578.100000000035
 20
23857.199999999997
 10
18933.575000000026
 20
23857.199999999997
 10
18933.575000000026
 20
23400.0
 10
19578.100000000035
 20
23400.0
  0
TEXT
  5
7BD
330
17
100
AcDbEntity
  8
NESTED_RESULT
100
AcDbText
 10
19255.83750000003
 20
23628.6
 30
0.0
 40
80.0
  1
P-0494
 72
1
 11
19255.83750000003
 21
23628.6
 31
0.0
100
AcDbText
 73
2
  0
LWPOLYLINE
  5
7BE
330
17
100
AcDbEntity
  8
NESTED_RESULT
100
AcDbPolyline
 90
5
 70
0
 10
19578.100000000035
 20
23400.0
 10
20035.300000000032
 20
23400.0
 10
20035.300000000032
 20
24044.52500000001
 10
19578.100000000035
 20
24044.52500000001
 10
19578.100000000035
 20
23400.0
  0
TEXT
  5
7BF
330
17
100
AcDbEntity
  8
NESTED_RESULT
100
AcDbText
 10
19806.700000000033
 20
23722.262500000004
 30
0.0
 40
80.0
  1
P-0495
 72
1
 11
19806.700000000033
 21
23722.262500000004
 31
0.0
100
AcDbText
 73
2
  0
LWPOLYLINE
  5
7C0
330
17
100
AcDbEntity
  8
NESTED_RESULT
100
AcDbPolyline
 90
5
 70
0
 10
17644.52500000001
 20
23857.199999999997
 10
17644.52500000001
 20
24314.399999999994
 10
17000.0
 20
24314.399999999994
 10
17000.0
 20
23857.199999999997
 10
17644.52500000001
 20
23857.199999999997
  0
TEXT
  5
7C1
330
17
100
AcDbEntity
  8
NESTED_RESULT
100
AcDbText
 10
17322.262500000004
 20
24085.799999999996
 30
0.0
 40
80.0
  1
P-0496
 72
1
 11
17322.262500000004
 21
24085.799999999996
 31
0.0
100
AcDbText
 73
2
  0
LWPOLYLINE
  5
7C2
330
17
100
AcDbEntity
  8
NESTED_RESULT
100
AcDbPolyline
 90
5
 70
0
 10
18289.050000000017
 20
23857.199999999997
 10
18289.050000000017
 20
24314.399999999994
 10
17644.52500000001
 20
24314.399999999994
 10
17644.52500000001
 20
23857.199999999997
 10
18289.050000000017
 20
23857.199999999997
  0
TEXT
  5
7C3
330
17
100
AcDbEntity
  8
NESTED_RESULT
100
AcDbText
 10
17966.787500000013
 20
24085.799999999996
 30
0.0
 40
80.0
  1
P-0497
 72
1
 11
17966.787500000013
 21
24085.799999999996
 31
0.0
100
AcDbText
 73
2
  0
LWPOLYLINE
  5
7C4
330
17
100
AcDbEntity
  8
NESTED_RESULT
100
AcDbPolyline
 90
5
 70
0
 10
18933.575000000026
 20
23857.199999999997
 10
18933.575000000026
 20
24314.399999999994
 10
18289.050000000017
 20
24314.399999999994
 10
18289.050000000017
 20
23857.199999999997
 10
18933.575000000026
 20
23857.199999999997
  0
TEXT
  5
7C5
330
17
100
AcDbEntity
  8
NESTED_RESULT
100
AcDbText
 10
18611.312500000022
 20
24085.799999999996
 30
0.0
 40
80.0
  1
P-0498
 72
1
 11
18611.312500000022
 21
24085.799999999996
 31
0.0
100
AcDbText
 73
2
  0
LWPOLYLINE
  5
7C6
330
17
100
AcDbEntity
  8
NESTED_RESULT
100
AcDbPolyline
 90
5
 70
0
 10
19578.100000000035
 20
23857.199999999997
 10
19578.100000000035
 20
24314.399999999994
 10
18933.575000000026
 20
24314.399999999994
 10
18933.575000000026
 20
23857.199999999997
 10
19578.100000000035
 20
23857.199999999997
  0
TEXT
  5
7C7
330
17
100
AcDbEntity
  8
NESTED_RESULT
100
AcDbText
 10
19255.83750000003
 20
24085.799999999996
 30
0.0
 40
80.0
  1
P-0499
 72
1
 11
19255.83750000003
 21
24085.799999999996
 31
0.0
100
AcDbText
 73
2
  0
LWPOLYLINE
  5
7C8
330
17
100
AcDbEntity
  8
NESTED_RESULT
100
AcDbPolyline
 90
5
 70
0
 10
19578.100000000035
 20
24044.52500000001
 10
20035.300000000032
 20
24044.52500000001
 10
20035.300000000032
 20
24689.05000000001
 10
19578.100000000035
 20
24689.05000000001
 10
19578.100000000035
 20
24044.52500000001
  0
TEXT
  5
7C9
330
17
100
AcDbEntity
  8
NESTED_RESULT
100
AcDbText
 10
19806.700000000033
 20
24366.78750000001
 30
0.0
 40
80.0
  1
P-0533
 72
1
 11
19806.700000000033
 21
24366.78750000001
 31
0.0
100
AcDbText
 73
2
  0
LWPOLYLINE
  5
7CA
330
17
100
AcDbEntity
  8
NESTED_RESULT
100
AcDbPolyline
 90
5
 70
0
 10
17644.525
 20
24314.399999999994
 10
17644.525
 20
24771.59999999999
 10
17000.0
 20
24771.59999999999
 10
17000.0
 20
24314.399999999994
 10
17644.525
 20
24314.399999999994
  0
TEXT
  5
7CB
330
17
100
AcDbEntity
  8
NESTED_RESULT
100
AcDbText
 10
17322.2625
 20
24542.999999999993
 30
0.0
 40
80.0
  1
P-0534
 72
1
 11
17322.2625
 21
24542.999999999993
 31
0.0
100
AcDbText
 73
2
  0
LWPOLYLINE
  5
7CC
330
17
100
AcDbEntity
  8
NESTED_RESULT
100
AcDbPolyline
 90
5
 70
0
 10
18289.050000000003
 20
24314.399999999994
 10
18289.050000000003
 20
24771.59999999999
 10
17644.525
 20
24771.59999999999
 10
17644.525
 20
24314.399999999994
 10
18289.050000000003
 20
24314.399999999994
  0
TEXT
  5
7CD
330
17
100
AcDbEntity
  8
NESTED_RESULT
100
AcDbText
 10
17966.787500000002
 20
24542.999999999993
 30
0.0
 40
80.0
  1
P-0535
 72
1
 11
17966.787500000002
 21
24542.999999999993
 31
0.0
100
AcDbText
 73
2
  0
LWPOLYLINE
  5
7CE
330
17
100
AcDbEntity
  8
NESTED_RESULT
100
AcDbPolyline
 90
5
 70
0
 10
18933.575000000004
 20
24314.399999999994
 10
18933.575000000004
 20
24771.59999999999
 10
18289.050000000003
 20
24771.59999999999
 10
18289.050000000003
 20
24314.399999999994
 10
18933.575000000004
 20
24314.399999999994
  0
TEXT
  5
7CF
330
17
100
AcDbEntity
  8
NESTED_RESULT
100
AcDbText
 10
18611.312500000004
 20
24542.999999999993
 30
0.0
 40
80.0
  1
P-0536
 72
1
 11
18611.312500000004
 21
24542.999999999993
 31
0.0
100
AcDbText
 73
2
  0
LWPOLYLINE
  5
7D0
330
17
100
AcDbEntity
  8
NESTED_RESULT
100
AcDbPolyline
 90
5
 70
0
 10
19578.100000000006
 20
24314.399999999994
 10
19578.100000000006
 20
24771.59999999999
 10
18933.575000000004
 20
24771.59999999999
 10
18933.575000000004
 20
24314.399999999994
 10
19578.100000000006
 20
24314.399999999994
  0
TEXT
  5
7D1
330
17
100
AcDbEntity
  8
NESTED_RESULT
100
AcDbText
 10
19255.837500000005
 20
24542.999999999993
 30
0.0
 40
80.0
  1
P-0537
 72
1
 11
19255.837500000005
 21
24542.999999999993
 31
0.0
100
AcDbText
 73
2
  0
LWPOLYLINE
  5
7D2
330
17
100
AcDbEntity
  8
NESTED_RESULT
 62
1
100
AcDbPolyline
 90
5
 70
0
 10
0.0
 20
25200.0
 10
3200.0
 20
25200.0
 10
3200.0
 20
26800.0
 10
0.0
 20
26800.0
 10
0.0
 20
25200.0
  0
TEXT
  5
7D3
330
17
100
AcDbEntity
  8
NESTED_RESULT
 62
1
100
AcDbText
 10
0.0
 20
26830.0
 30
0.0
 40
50.0
  1
Sheet_85
 11
0.0
 21
26830.0
 31
0.0
100
AcDbText
 73
1
  0
LWPOLYLINE
  5
7D4
330
17
100
AcDbEntity
  8
NESTED_RESULT
100
AcDbPolyline
 90
5
 70
0
 10
644.5250000000015
 20
25200.0
 10
644.5250000000015
 20
25657.199999999997
 10
0.0
 20
25657.199999999997
 10
0.0
 20
25200.0
 10
644.5250000000015
 20
25200.0
  0
TEXT
  5
7D5
330
17
100
AcDbEntity
  8
NESTED_RESULT
100
AcDbText
 10
322.2625000000007
 20
25428.6
 30
0.0
 40
80.0
  1
P-0538
 72
1
 11
322.2625000000007
 21
25428.6
 31
0.0
100
AcDbText
 73
2
  0
LWPOLYLINE
  5
7D6
330
17
100
AcDbEntity
  8
NESTED_RESULT
100
AcDbPolyline
 90
5
 70
0
 10
1289.050000000003
 20
25200.0
 10
1289.050000000003
 20
25657.199999999997
 10
644.5250000000015
 20
25657.199999999997
 10
644.5250000000015
 20
25200.0
 10
1289.050000000003
 20
25200.0
  0
TEXT
  5
7D7
330
17
100
AcDbEntity
  8
NESTED_RESULT
100
AcDbText
 10
966.7875000000022
 20
25428.6
 30
0.0
 40
80.0
  1
P-0539
 72
1
 11
966.7875000000022
 21
25428.6
 31
0.0
100
AcDbText
 73
2
  0
LWPOLYLINE
  5
7D8
330
17
100
AcDbEntity
  8
NESTED_RESULT
100
AcDbPolyline
 90
5
 70
0
 10
1933.5750000000044
 20
25200.0
 10
1933.5750000000044
 20
25657.199999999997
 10
1289.050000000003
 20
25657.199999999997
 10
1289.050000000003
 20
25200.0
 10
1933.5750000000044
 20
25200.0
  0
TEXT
  5
7D9
330
17
100
AcDbEntity
  8
NESTED_RESULT
100
AcDbText
 10
1611.3125000000036
 20
25428.6
 30
0.0
 40
80.0
  1
P-0540
 72
1
 11
1611.3125000000036
 21
25428.6
 31
0.0
100
AcDbText
 73
2
  0
LWPOLYLINE
  5
7DA
330
17
100
AcDbEntity
  8
NESTED_RESULT
100
AcDbPolyline
 90
5
 70
0
 10
2578.100000000006
 20
25200.0
 10
2578.100000000006
 20
25657.199999999997
 10
1933.5750000000044
 20
25657.199999999997
 10
1933.5750000000044
 20
25200.0
 10
2578.100000000006
 20
25200.0
  0
TEXT
  5
7DB
330
17
100
AcDbEntity
  8
NESTED_RESULT
100
AcDbText
 10
2255.837500000005
 20
25428.6
 30
0.0
 40
80.0
  1
P-0542
 72
1
 11
2255.837500000005
 21
25428.6
 31
0.0
100
AcDbText
 73
2
  0
LWPOLYLINE
  5
7DC
330
17
100
AcDbEntity
  8
NESTED_RESULT
100
AcDbPolyline
 90
5
 70
0
 10
2578.100000000006
 20
25200.0
 10
3035.300000000003
 20
25200.0
 10
3035.300000000003
 20
25844.524999999998
 10
2578.100000000006
 20
25844.524999999998
 10
2578.100000000006
 20
25200.0
  0
TEXT
  5
7DD
330
17
100
AcDbEntity
  8
NESTED_RESULT
100
AcDbText
 10
2806.7000000000044
 20
25522.262499999997
 30
0.0
 40
80.0
  1
P-0566
 72
1
 11
2806.7000000000044
 21
25522.262499999997
 31
0.0
100
AcDbText
 73
2
  0
LWPOLYLINE
  5
7DE
330
17
100
AcDbEntity
  8
NESTED_RESULT
100
AcDbPolyline
 90
5
 70
0
 10
644.5250000000015
 20
25657.199999999997
 10
644.5250000000015
 20
26114.399999999994
 10
0.0
 20
26114.399999999994
 10
0.0
 20
25657.199999999997
 10
644.5250000000015
 20
25657.199999999997
  0
TEXT
  5
7DF
330
17
100
AcDbEntity
  8
NESTED_RESULT
100
AcDbText
 10
322.2625000000007
 20
25885.799999999996
 30
0.0
 40
80.0
  1
P-0567
 72
1
 11
322.2625000000007
 21
25885.799999999996
 31
0.0
100
AcDbText
 73
2
  0
LWPOLYLINE
  5
7E0
330
17
100
AcDbEntity
  8
NESTED_RESULT
100
AcDbPolyline
 90
5
 70
0
 10
1289.0499999999993
 20
25657.199999999997
 10
1289.0499999999993
 20
26114.399999999994
 10
644.5250000000015
 20
26114.399999999994
 10
644.5250000000015
 20
25657.199999999997
 10
1289.0499999999993
 20
25657.199999999997
  0
TEXT
  5
7E1
330
17
100
AcDbEntity
  8
NESTED_RESULT
100
AcDbText
 10
966.7875000000004
 20
25885.799999999996
 30
0.0
 40
80.0
  1
P-0568
 72
1
 11
966.7875000000004
 21
25885.799999999996
 31
0.0
100
AcDbText
 73
2
  0
LWPOLYLINE
  5
7E2
330
17
100
AcDbEntity
  8
NESTED_RESULT
100
AcDbPolyline
 90
5
 70
0
 10
1933.574999999997
 20
25657.199999999997
 10
1933.574999999997
 20
26114.399999999994
 10
1289.0499999999993
 20
26114.399999999994
 10
1289.0499999999993
 20
25657.199999999997
 10
1933.574999999997
 20
25657.199999999997
  0
TEXT
  5
7E3
330
17
100
AcDbEntity
  8
NESTED_RESULT
100
AcDbText
 10
1611.3124999999982
 20
25885.799999999996
 30
0.0
 40
80.0
  1
P-0569
 72
1
 11
1611.3124999999982
 21
25885.799999999996
 31
0.0
100
AcDbText
 73
2
  0
LWPOLYLINE
  5
7E4
330
17
100
AcDbEntity
  8
NESTED_RESULT
100
AcDbPolyline
 90
5
 70
0
 10
2578.099999999995
 20
25657.199999999997
 10
2578.099999999995
 20
26114.399999999994
 10
1933.574999999997
 20
26114.399999999994
 10
1933.574999999997
 20
25657.199999999997
 10
2578.099999999995
 20
25657.199999999997
  0
TEXT
  5
7E5
330
17
100
AcDbEntity
  8
NESTED_RESULT
100
AcDbText
 10
2255.837499999996
 20
25885.799999999996
 30
0.0
 40
80.0
  1
P-0570
 72
1
 11
2255.837499999996
 21
25885.799999999996
 31
0.0
100
AcDbText
 73
2
  0
LWPOLYLINE
  5
7E6
330
17
100
AcDbEntity
  8
NESTED_RESULT
100
AcDbPolyline
 90
5
 70
0
 10
2578.099999999995
 20
25844.524999999998
 10
3035.299999999992
 20
25844.524999999998
 10
3035.299999999992
 20
26489.049999999996
 10
2578.099999999995
 20
26489.049999999996
 10
2578.099999999995
 20
25844.524999999998
  0
TEXT
  5
7E7
330
17
100
AcDbEntity
  8
NESTED_RESULT
100
AcDbText
 10
2806.6999999999935
 20
26166.7875
 30
0.0
 40
80.0
  1
P-0571
 72
1
 11
2806.6999999999935
 21
26166.7875
 31
0.0
100
AcDbText
 73
2
  0
LWPOLYLINE
  5
7E8
330
17
100
AcDbEntity
  8
NESTED_RESULT
100
AcDbPolyline
 90
5
 70
0
 10
644.5249999999942
 20
26114.399999999994
 10
644.5249999999942
 20
26571.59999999999
 10
0.0
 20
26571.59999999999
 10
0.0
 20
26114.399999999994
 10
644.5249999999942
 20
26114.399999999994
  0
TEXT
  5
7E9
330
17
100
AcDbEntity
  8
NESTED_RESULT
100
AcDbText
 10
322.2624999999971
 20
26342.999999999993
 30
0.0
 40
80.0
  1
P-0581
 72
1
 11
322.2624999999971
 21
26342.999999999993
 31
0.0
100
AcDbText
 73
2
  0
LWPOLYLINE
  5
7EA
330
17
100
AcDbEntity
  8
NESTED_RESULT
100
AcDbPolyline
 90
5
 70
0
 10
1289.0499999999884
 20
26114.399999999994
 10
1289.0499999999884
 20
26571.59999999999
 10
644.5249999999942
 20
26571.59999999999
 10
644.5249999999942
 20
26114.399999999994
 10
1289.0499999999884
 20
26114.399999999994
  0
TEXT
  5
7EB
330
17
100
AcDbEntity
  8
NESTED_RESULT
100
AcDbText
 10
966.7874999999913
 20
26342.999999999993
 30
0.0
 40
80.0
  1
P-0582
 72
1
 11
966.7874999999913
 21
26342.999999999993
 31
0.0
100
AcDbText
 73
2
  0
LWPOLYLINE
  5
7EC
330
17
100
AcDbEntity
  8
NESTED_RESULT
100
AcDbPolyline
 90
5
 70
0
 10
1933.5749999999825
 20
26114.399999999994
 10
1933.5749999999825
 20
26571.59999999999
 10
1289.0499999999884
 20
26571.59999999999
 10
1289.0499999999884
 20
26114.399999999994
 10
1933.5749999999825
 20
26114.399999999994
  0
TEXT
  5
7ED
330
17
100
AcDbEntity
  8
NESTED_RESULT
100
AcDbText
 10
1611.3124999999854
 20
26342.999999999993
 30
0.0
 40
80.0
  1
P-0583
 72
1
 11
1611.3124999999854
 21
26342.999999999993
 31
0.0
100
AcDbText
 73
2
  0
LWPOLYLINE
  5
7EE
330
17
100
AcDbEntity
  8
NESTED_RESULT
100
AcDbPolyline
 90
5
 70
0
 10
2578.0999999999767
 20
26114.399999999994
 10
2578.0999999999767
 20
26571.59999999999
 10
1933.5749999999825
 20
26571.59999999999
 10
1933.5749999999825
 20
26114.399999999994
 10
2578.0999999999767
 20
26114.399999999994
  0
TEXT
  5
7EF
330
17
100
AcDbEntity
  8
NESTED_RESULT
100
AcDbText
 10
2255.8374999999796
 20
26342.999999999993
 30
0.0
 40
80.0
  1
P-0584
 72
1
 11
2255.8374999999796
 21
26342.999999999993
 31
0.0
100
AcDbText
 73
2
  0
LWPOLYLINE
  5
7F0
330
17
100
AcDbEntity
  8
NESTED_RESULT
 62
1
100
AcDbPolyline
 90
5
 70
0
 10
3400.0
 20
25200.0
 10
6600.0
 20
25200.0
 10
6600.0
 20
26800.0
 10
3400.0
 20
26800.0
 10
3400.0
 20
25200.0
  0
TEXT
  5
7F1
330
17
100
AcDbEntity
  8
NESTED_RESULT
 62
1
100
AcDbText
 10
3400.0
 20
26830.0
 30
0.0
 40
50.0
  1
Sheet_86
 11
3400.0
 21
26830.0
 31
0.0
100
AcDbText
 73
1
  0
LWPOLYLINE
  5
7F2
330
17
100
AcDbEntity
  8
NESTED_RESULT
100
AcDbPolyline
 90
5
 70
0
 10
4044.524999999994
 20
25200.0
 10
4044.524999999994
 20
25657.199999999997
 10
3400.0
 20
25657.199999999997
 10
3400.0
 20
25200.0
 10
4044.524999999994
 20
25200.0
  0
TEXT
  5
7F3
330
17
100
AcDbEntity
  8
NESTED_RESULT
100
AcDbText
 10
3722.262499999997
 20
25428.6
 30
0.0
 40
80.0
  1
P-0585
 72
1
 11
3722.262499999997
 21
25428.6
 31
0.0
100
AcDbText
 73
2
  0
LWPOLYLINE
  5
7F4
330
17
100
AcDbEntity
  8
NESTED_RESULT
100
AcDbPolyline
 90
5
 70
0
 10
4689.049999999988
 20
25200.0
 10
4689.049999999988
 20
25657.199999999997
 10
4044.524999999994
 20
25657.199999999997
 10
4044.524999999994
 20
25200.0
 10
4689.049999999988
 20
25200.0
  0
TEXT
  5
7F5
330
17
100
AcDbEntity
  8
NESTED_RESULT
100
AcDbText
 10
4366.787499999991
 20
25428.6
 30
0.0
 40
80.0
  1
P-0586
 72
1
 11
4366.787499999991
 21
25428.6
 31
0.0
100
AcDbText
 73
2
  0
LWPOLYLINE
  5
7F6
330
17
100
AcDbEntity
  8
NESTED_RESULT
100
AcDbPolyline
 90
5
 70
0
 10
5333.5749999999825
 20
25200.0
 10
5333.5749999999825
 20
25657.199999999983
 10
4689.049999999988
 20
25657.199999999983
 10
4689.049999999988
 20
25200.0
 10
5333.5749999999825
 20
25200.0
  0
TEXT
  5
7F7
330
17
100
AcDbEntity
  8
NESTED_RESULT
100
AcDbText
 10
5011.312499999985
 20
25428.59999999999
 30
0.0
 40
80.0
  1
P-0587
 72
1
 11
5011.312499999985
 21
25428.59999999999
 31
0.0
100
AcDbText
 73
2
  0
LWPOLYLINE
  5
7F8
330
17
100
AcDbEntity
  8
NESTED_RESULT
100
AcDbPolyline
 90
5
 70
0
 10
5978.099999999977
 20
25200.0
 10
5978.099999999977
 20
25657.199999999997
 10
5333.5749999999825
 20
25657.199999999997
 10
5333.5749999999825
 20
25200.0
 10
5978.099999999977
 20
25200.0
  0
TEXT
  5
7F9
330
17
100
AcDbEntity
  8
NESTED_RESULT
100
AcDbText
 10
5655.83749999998
 20
25428.6
 30
0.0
 40
80.0
  1
P-0588
 72
1
 11
5655.83749999998
 21
25428.6
 31
0.0
100
AcDbText
 73
2
  0
LWPOLYLINE
  5
7FA
330
17
100
AcDbEntity
  8
NESTED_RESULT
100
AcDbPolyline
 90
5
 70
0
 10
5978.099999999977
 20
25200.0
 10
6435.299999999974
 20
25200.0
 10
6435.299999999974
 20
25844.524999999994
 10
5978.099999999977
 20
25844.524999999994
 10
5978.099999999977
 20
25200.0
  0
TEXT
  5
7FB
330
17
100
AcDbEntity
  8
NESTED_RESULT
100
AcDbText
 10
6206.699999999975
 20
25522.262499999997
 30
0.0
 40
80.0
  1
P-0589
 72
1
 11
6206.699999999975
 21
25522.262499999997
 31
0.0
100
AcDbText
 73
2
  0
LWPOLYLINE
  5
7FC
330
17
100
AcDbEntity
  8
NESTED_RESULT
100
AcDbPolyline
 90
5
 70
0
 10
5333.5749999999825
 20
25657.199999999983
 10
5333.5749999999825
 20
26114.39999999998
 10
4689.049999999988
 20
26114.39999999998
 10
4689.049999999988
 20
25657.199999999983
 10
5333.5749999999825
 20
25657.199999999983
  0
TEXT
  5
7FD
330
17
100
AcDbEntity
  8
NESTED_RESULT
100
AcDbText
 10
5011.312499999985
 20
25885.79999999998
 30
0.0
 40
80.0
  1
P-0590
 72
1
 11
5011.312499999985
 21
25885.79999999998
 31
0.0
100
AcDbText
 73
2
  0
LWPOLYLINE
  5
7FE
330
17
100
AcDbEntity
  8
NESTED_RESULT
100
AcDbPolyline
 90
5
 70
0
 10
3400.0
 20
26114.399999999994
 10
3400.0
 20
25657.199999999997
 10
4044.524999999994
 20
25657.199999999997
 10
4044.524999999994
 20
26114.399999999994
 10
3400.0
 20
26114.399999999994
  0
TEXT
  5
7FF
330
17
100
AcDbEntity
  8
NESTED_RESULT
100
AcDbText
 10
3722.262499999997
 20
25885.799999999996
 30
0.0
 40
80.0
  1
P-0591
 72
1
 11
3722.262499999997
 21
25885.799999999996
 31
0.0
100
AcDbText
 73
2
  0
LWPOLYLINE
  5
800
330
17
100
AcDbEntity
  8
NESTED_RESULT
100
AcDbPolyline
 90
5
 70
0
 10
4689.049999999988
 20
25657.199999999997
 10
4689.049999999988
 20
26114.399999999994
 10
4044.524999999994
 20
26114.399999999994
 10
4044.524999999994
 20
25657.199999999997
 10
4689.049999999988
 20
25657.199999999997
  0
TEXT
  5
801
330
17
100
AcDbEntity
  8
NESTED_RESULT
100
AcDbText
 10
4366.787499999991
 20
25885.799999999996
 30
0.0
 40
80.0
  1
P-0592
 72
1
 11
4366.787499999991
 21
25885.799999999996
 31
0.0
100
AcDbText
 73
2
  0
LWPOLYLINE
  5
802
330
17
100
AcDbEntity
  8
NESTED_RESULT
100
AcDbPolyline
 90
5
 70
0
 10
5978.099999999977
 20
25657.199999999997
 10
5978.099999999977
 20
26114.399999999994
 10
5333.5749999999825
 20
26114.399999999994
 10
5333.5749999999825
 20
25657.199999999997
 10
5978.099999999977
 20
25657.199999999997
  0
TEXT
  5
803
330
17
100
AcDbEntity
  8
NESTED_RESULT
100
AcDbText
 10
5655.83749999998
 20
25885.799999999996
 30
0.0
 40
80.0
  1
P-0593
 72
1
 11
5655.83749999998
 21
25885.799999999996
 31
0.0
100
AcDbText
 73
2
  0
LWPOLYLINE
  5
804
330
17
100
AcDbEntity
  8
NESTED_RESULT
100
AcDbPolyline
 90
5
 70
0
 10
5978.099999999977
 20
25844.524999999994
 10
6435.299999999974
 20
25844.524999999994
 10
6435.299999999974
 20
26489.04999999999
 10
5978.099999999977
 20
26489.04999999999
 10
5978.099999999977
 20
25844.524999999994
  0
TEXT
  5
805
330
17
100
AcDbEntity
  8
NESTED_RESULT
100
AcDbText
 10
6206.699999999975
 20
26166.78749999999
 30
0.0
 40
80.0
  1
P-0594
 72
1
 11
6206.699999999975
 21
26166.78749999999
 31
0.0
100
AcDbText
 73
2
  0
LWPOLYLINE
  5
806
330
17
100
AcDbEntity
  8
NESTED_RESULT
100
AcDbPolyline
 90
5
 70
0
 10
5333.5749999999825
 20
26114.39999999998
 10
5333.5749999999825
 20
26571.599999999977
 10
4689.049999999988
 20
26571.599999999977
 10
4689.049999999988
 20
26114.39999999998
 10
5333.5749999999825
 20
26114.39999999998
  0
TEXT
  5
807
330
17
100
AcDbEntity
  8
NESTED_RESULT
100
AcDbText
 10
5011.312499999985
 20
26342.999999999978
 30
0.0
 40
80.0
  1
P-0595
 72
1
 11
5011.312499999985
 21
26342.999999999978
 31
0.0
100
AcDbText
 73
2
  0
LWPOLYLINE
  5
808
330
17
100
AcDbEntity
  8
NESTED_RESULT
100
AcDbPolyline
 90
5
 70
0
 10
4044.524999999994
 20
26114.399999999994
 10
4044.524999999994
 20
26571.59999999999
 10
3400.0
 20
26571.59999999999
 10
3400.0
 20
26114.399999999994
 10
4044.524999999994
 20
26114.399999999994
  0
TEXT
  5
809
330
17
100
AcDbEntity
  8
NESTED_RESULT
100
AcDbText
 10
3722.262499999997
 20
26342.999999999993
 30
0.0
 40
80.0
  1
P-0596
 72
1
 11
3722.262499999997
 21
26342.999999999993
 31
0.0
100
AcDbText
 73
2
  0
LWPOLYLINE
  5
80A
330
17
100
AcDbEntity
  8
NESTED_RESULT
100
AcDbPolyline
 90
5
 70
0
 10
4689.049999999988
 20
26114.399999999994
 10
4689.049999999988
 20
26571.59999999999
 10
4044.524999999994
 20
26571.59999999999
 10
4044.524999999994
 20
26114.399999999994
 10
4689.049999999988
 20
26114.399999999994
  0
TEXT
  5
80B
330
17
100
AcDbEntity
  8
NESTED_RESULT
100
AcDbText
 10
4366.787499999991
 20
26342.999999999993
 30
0.0
 40
80.0
  1
P-0608
 72
1
 11
4366.787499999991
 21
26342.999999999993
 31
0.0
100
AcDbText
 73
2
  0
LWPOLYLINE
  5
80C
330
17
100
AcDbEntity
  8
NESTED_RESULT
100
AcDbPolyline
 90
5
 70
0
 10
5978.099999999973
 20
26114.399999999994
 10
5978.099999999973
 20
26571.59999999999
 10
5333.5749999999825
 20
26571.59999999999
 10
5333.5749999999825
 20
26114.399999999994
 10
5978.099999999973
 20
26114.399999999994
  0
TEXT
  5
80D
330
17
100
AcDbEntity
  8
NESTED_RESULT
100
AcDbText
 10
5655.837499999978
 20
26342.999999999993
 30
0.0
 40
80.0
  1
P-0609
 72
1
 11
5655.837499999978
 21
26342.999999999993
 31
0.0
100
AcDbText
 73
2
  0
LWPOLYLINE
  5
80E
330
17
100
AcDbEntity
  8
NESTED_RESULT
 62
1
100
AcDbPolyline
 90
5
 70
0
 10
6800.0
 20
25200.0
 10
10000.0
 20
25200.0
 10
10000.0
 20
26800.0
 10
6800.0
 20
26800.0
 10
6800.0
 20
25200.0
  0
TEXT
  5
80F
330
17
100
AcDbEntity
  8
NESTED_RESULT
 62
1
100
AcDbText
 10
6800.0
 20
26830.0
 30
0.0
 40
50.0
  1
Sheet_87
 11
6800.0
 21
26830.0
 31
0.0
100
AcDbText
 73
1
  0
LWPOLYLINE
  5
810
330
17
100
AcDbEntity
  8
NESTED_RESULT
100
AcDbPolyline
 90
5
 70
0
 10
7444.524999999987
 20
25200.0
 10
7444.524999999987
 20
25657.199999999997
 10
6800.0
 20
25657.199999999997
 10
6800.0
 20
25200.0
 10
7444.524999999987
 20
25200.0
  0
TEXT
  5
811
330
17
100
AcDbEntity
  8
NESTED_RESULT
100
AcDbText
 10
7122.262499999993
 20
25428.6
 30
0.0
 40
80.0
  1
P-0614
 72
1
 11
7122.262499999993
 21
25428.6
 31
0.0
100
AcDbText
 73
2
  0
LWPOLYLINE
  5
812
330
17
100
AcDbEntity
  8
NESTED_RESULT
100
AcDbPolyline
 90
5
 70
0
 10
8089.049999999974
 20
25200.0
 10
8089.049999999974
 20
25657.199999999997
 10
7444.524999999987
 20
25657.199999999997
 10
7444.524999999987
 20
25200.0
 10
8089.049999999974
 20
25200.0
  0
TEXT
  5
813
330
17
100
AcDbEntity
  8
NESTED_RESULT
100
AcDbText
 10
7766.78749999998
 20
25428.6
 30
0.0
 40
80.0
  1
P-0615
 72
1
 11
7766.78749999998
 21
25428.6
 31
0.0
100
AcDbText
 73
2
  0
LWPOLYLINE
  5
814
330
17
100
AcDbEntity
  8
NESTED_RESULT
100
AcDbPolyline
 90
5
 70
0
 10
8733.57499999996
 20
25200.0
 10
8733.57499999996
 20
25657.199999999997
 10
8089.049999999974
 20
25657.199999999997
 10
8089.049999999974
 20
25200.0
 10
8733.57499999996
 20
25200.0
  0
TEXT
  5
815
330
17
100
AcDbEntity
  8
NESTED_RESULT
100
AcDbText
 10
8411.312499999967
 20
25428.6
 30
0.0
 40
80.0
  1
P-0616
 72
1
 11
8411.312499999967
 21
25428.6
 31
0.0
100
AcDbText
 73
2
  0
LWPOLYLINE
  5
816
330
17
100
AcDbEntity
  8
NESTED_RESULT
100
AcDbPolyline
 90
5
 70
0
 10
9378.099999999948
 20
25200.0
 10
9378.099999999948
 20
25657.199999999997
 10
8733.57499999996
 20
25657.199999999997
 10
8733.57499999996
 20
25200.0
 10
9378.099999999948
 20
25200.0
  0
TEXT
  5
817
330
17
100
AcDbEntity
  8
NESTED_RESULT
100
AcDbText
 10
9055.837499999954
 20
25428.6
 30
0.0
 40
80.0
  1
P-0617
 72
1
 11
9055.837499999954
 21
25428.6
 31
0.0
100
AcDbText
 73
2
  0
LWPOLYLINE
  5
818
330
17
100
AcDbEntity
  8
NESTED_RESULT
100
AcDbPolyline
 90
5
 70
0
 10
9378.099999999948
 20
25200.0
 10
9835.299999999945
 20
25200.0
 10
9835.299999999945
 20
25844.524999999987
 10
9378.099999999948
 20
25844.524999999987
 10
9378.099999999948
 20
25200.0
  0
TEXT
  5
819
330
17
100
AcDbEntity
  8
NESTED_RESULT
100
AcDbText
 10
9606.699999999946
 20
25522.262499999993
 30
0.0
 40
80.0
  1
P-0618
 72
1
 11
9606.699999999946
 21
25522.262499999993
 31
0.0
100
AcDbText
 73
2
  0
LWPOLYLINE
  5
81A
330
17
100
AcDbEntity
  8
NESTED_RESULT
100
AcDbPolyline
 90
5
 70
0
 10
7444.524999999987
 20
25657.199999999997
 10
7444.524999999987
 20
26114.399999999994
 10
6800.0
 20
26114.399999999994
 10
6800.0
 20
25657.199999999997
 10
7444.524999999987
 20
25657.199999999997
  0
TEXT
  5
81B
330
17
100
AcDbEntity
  8
NESTED_RESULT
100
AcDbText
 10
7122.262499999993
 20
25885.799999999996
 30
0.0
 40
80.0
  1
P-0619
 72
1
 11
7122.262499999993
 21
25885.799999999996
 31
0.0
100
AcDbText
 73
2
  0
LWPOLYLINE
  5
81C
330
17
100
AcDbEntity
  8
NESTED_RESULT
100
AcDbPolyline
 90
5
 70
0
 10
8089.049999999974
 20
25657.199999999997
 10
8089.049999999974
 20
26114.399999999994
 10
7444.524999999987
 20
26114.399999999994
 10
7444.524999999987
 20
25657.199999999997
 10
8089.049999999974
 20
25657.199999999997
  0
TEXT
  5
81D
330
17
100
AcDbEntity
  8
NESTED_RESULT
100
AcDbText
 10
7766.78749999998
 20
25885.799999999996
 30
0.0
 40
80.0
  1
P-0620
 72
1
 11
7766.78749999998
 21
25885.799999999996
 31
0.0
100
AcDbText
 73
2
  0
LWPOLYLINE
  5
81E
330
17
100
AcDbEntity
  8
NESTED_RESULT
100
AcDbPolyline
 90
5
 70
0
 10
8733.574999999953
 20
25657.199999999997
 10
8733.574999999953
 20
26114.399999999994
 10
8089.049999999974
 20
26114.399999999994
 10
8089.049999999974
 20
25657.199999999997
 10
8733.574999999953
 20
25657.199999999997
  0
TEXT
  5
81F
330
17
100
AcDbEntity
  8
NESTED_RESULT
100
AcDbText
 10
8411.312499999964
 20
25885.799999999996
 30
0.0
 40
80.0
  1
P-0649
 72
1
 11
8411.312499999964
 21
25885.799999999996
 31
0.0
100
AcDbText
 73
2
  0
LWPOLYLINE
  5
820
330
17
100
AcDbEntity
  8
NESTED_RESULT
100
AcDbPolyline
 90
5
 70
0
 10
9378.099999999933
 20
25657.199999999997
 10
9378.099999999933
 20
26114.399999999994
 10
8733.574999999953
 20
26114.399999999994
 10
8733.574999999953
 20
25657.199999999997
 10
9378.099999999933
 20
25657.199999999997
  0
TEXT
  5
821
330
17
100
AcDbEntity
  8
NESTED_RESULT
100
AcDbText
 10
9055.837499999943
 20
25885.799999999996
 30
0.0
 40
80.0
  1
P-0650
 72
1
 11
9055.837499999943
 21
25885.799999999996
 31
0.0
100
AcDbText
 73
2
  0
LWPOLYLINE
  5
822
330
17
100
AcDbEntity
  8
NESTED_RESULT
100
AcDbPolyline
 90
5
 70
0
 10
9835.29999999993
 20
26489.049999999974
 10
9378.099999999933
 20
26489.049999999974
 10
9378.099999999933
 20
25844.524999999994
 10
9835.29999999993
 20
25844.524999999994
 10
9835.29999999993
 20
26489.049999999974
  0
TEXT
  5
823
330
17
100
AcDbEntity
  8
NESTED_RESULT
100
AcDbText
 10
9606.699999999932
 20
26166.787499999984
 30
0.0
 40
80.0
  1
P-0651
 72
1
 11
9606.699999999932
 21
26166.787499999984
 31
0.0
100
AcDbText
 73
2
  0
LWPOLYLINE
  5
824
330
17
100
AcDbEntity
  8
NESTED_RESULT
100
AcDbPolyline
 90
5
 70
0
 10
7444.52499999998
 20
26114.399999999994
 10
7444.52499999998
 20
26571.599999999977
 10
6800.0
 20
26571.599999999977
 10
6800.0
 20
26114.399999999994
 10
7444.52499999998
 20
26114.399999999994
  0
TEXT
  5
825
330
17
100
AcDbEntity
  8
NESTED_RESULT
100
AcDbText
 10
7122.26249999999
 20
26342.999999999985
 30
0.0
 40
80.0
  1
P-0652
 72
1
 11
7122.26249999999
 21
26342.999999999985
 31
0.0
100
AcDbText
 73
2
  0
LWPOLYLINE
  5
826
330
17
100
AcDbEntity
  8
NESTED_RESULT
100
AcDbPolyline
 90
5
 70
0
 10
8089.0499999999665
 20
26114.399999999994
 10
8089.0499999999665
 20
26571.59999999999
 10
7444.52499999998
 20
26571.59999999999
 10
7444.52499999998
 20
26114.399999999994
 10
8089.0499999999665
 20
26114.399999999994
  0
TEXT
  5
827
330
17
100
AcDbEntity
  8
NESTED_RESULT
100
AcDbText
 10
7766.787499999973
 20
26342.999999999993
 30
0.0
 40
80.0
  1
P-0621
 72
1
 11
7766.787499999973
 21
26342.999999999993
 31
0.0
100
AcDbText
 73
2
  0
LWPOLYLINE
  5
828
330
17
100
AcDbEntity
  8
NESTED_RESULT
100
AcDbPolyline
 90
5
 70
0
 10
8733.57499999996
 20
26114.399999999994
 10
8733.57499999996
 20
26571.59999999999
 10
8089.0499999999665
 20
26571.59999999999
 10
8089.0499999999665
 20
26114.399999999994
 10
8733.57499999996
 20
26114.399999999994
  0
TEXT
  5
829
330
17
100
AcDbEntity
  8
NESTED_RESULT
100
AcDbText
 10
8411.312499999964
 20
26342.999999999993
 30
0.0
 40
80.0
  1
P-0597
 72
1
 11
8411.312499999964
 21
26342.999999999993
 31
0.0
100
AcDbText
 73
2
  0
LWPOLYLINE
  5
82A
330
17
100
AcDbEntity
  8
NESTED_RESULT
100
AcDbPolyline
 90
5
 70
0
 10
9378.099999999853
 20
26114.399999999994
 10
9378.099999999853
 20
26571.59999999999
 10
8733.57499999996
 20
26571.59999999999
 10
8733.57499999996
 20
26114.399999999994
 10
9378.099999999853
 20
26114.399999999994
  0
TEXT
  5
82B
330
17
100
AcDbEntity
  8
NESTED_RESULT
100
AcDbText
 10
9055.837499999907
 20
26342.999999999993
 30
0.0
 40
80.0
  1
P-0663
 72
1
 11
9055.837499999907
 21
26342.999999999993
 31
0.0
100
AcDbText
 73
2
  0
LWPOLYLINE
  5
82C
330
17
100
AcDbEntity
  8
NESTED_RESULT
 62
1
100
AcDbPolyline
 90
5
 70
0
 10
10200.0
 20
25200.0
 10
13400.0
 20
25200.0
 10
13400.0
 20
26800.0
 10
10200.0
 20
26800.0
 10
10200.0
 20
25200.0
  0
TEXT
  5
82D
330
17
100
AcDbEntity
  8
NESTED_RESULT
 62
1
100
AcDbText
 10
10200.0
 20
26830.0
 30
0.0
 40
50.0
  1
Sheet_88
 11
10200.0
 21
26830.0
 31
0.0
100
AcDbText
 73
1
  0
LWPOLYLINE
  5
82E
330
17
100
AcDbEntity
  8
NESTED_RESULT
100
AcDbPolyline
 90
5
 70
0
 10
10844.524999999994
 20
25200.0
 10
10844.524999999994
 20
25657.199999999997
 10
10200.0
 20
25657.199999999997
 10
10200.0
 20
25200.0
 10
10844.524999999994
 20
25200.0
  0
TEXT
  5
82F
330
17
100
AcDbEntity
  8
NESTED_RESULT
100
AcDbText
 10
10522.262499999997
 20
25428.6
 30
0.0
 40
80.0
  1
P-0598
 72
1
 11
10522.262499999997
 21
25428.6
 31
0.0
100
AcDbText
 73
2
  0
LWPOLYLINE
  5
830
330
17
100
AcDbEntity
  8
NESTED_RESULT
100
AcDbPolyline
 90
5
 70
0
 10
11489.049999999981
 20
25200.0
 10
11489.049999999981
 20
25657.199999999997
 10
10844.524999999994
 20
25657.199999999997
 10
10844.524999999994
 20
25200.0
 10
11489.049999999981
 20
25200.0
  0
TEXT
  5
831
330
17
100
AcDbEntity
  8
NESTED_RESULT
100
AcDbText
 10
11166.787499999988
 20
25428.6
 30
0.0
 40
80.0
  1
P-0622
 72
1
 11
11166.787499999988
 21
25428.6
 31
0.0
100
AcDbText
 73
2
  0
LWPOLYLINE
  5
832
330
17
100
AcDbEntity
  8
NESTED_RESULT
100
AcDbPolyline
 90
5
 70
0
 10
12133.574999999979
 20
25200.0
 10
12133.574999999979
 20
25657.199999999997
 10
11489.049999999981
 20
25657.199999999997
 10
11489.049999999981
 20
25200.0
 10
12133.574999999979
 20
25200.0
  0
TEXT
  5
833
330
17
100
AcDbEntity
  8
NESTED_RESULT
100
AcDbText
 10
11811.31249999998
 20
25428.6
 30
0.0
 40
80.0
  1
P-0577
 72
1
 11
11811.31249999998
 21
25428.6
 31
0.0
100
AcDbText
 73
2
  0
LWPOLYLINE
  5
834
330
17
100
AcDbEntity
  8
NESTED_RESULT
100
AcDbPolyline
 90
5
 70
0
 10
12778.099999999966
 20
25200.0
 10
12778.099999999966
 20
25657.199999999997
 10
12133.574999999979
 20
25657.199999999997
 10
12133.574999999979
 20
25200.0
 10
12778.099999999966
 20
25200.0
  0
TEXT
  5
835
330
17
100
AcDbEntity
  8
NESTED_RESULT
100
AcDbText
 10
12455.837499999972
 20
25428.6
 30
0.0
 40
80.0
  1
P-0623
 72
1
 11
12455.837499999972
 21
25428.6
 31
0.0
100
AcDbText
 73
2
  0
LWPOLYLINE
  5
836
330
17
100
AcDbEntity
  8
NESTED_RESULT
100
AcDbPolyline
 90
5
 70
0
 10
12778.099999999966
 20
25200.0
 10
13235.299999999963
 20
25200.0
 10
13235.299999999963
 20
25844.524999999994
 10
12778.099999999966
 20
25844.524999999994
 10
12778.099999999966
 20
25200.0
  0
TEXT
  5
837
330
17
100
AcDbEntity
  8
NESTED_RESULT
100
AcDbText
 10
13006.699999999964
 20
25522.262499999997
 30
0.0
 40
80.0
  1
P-0599
 72
1
 11
13006.699999999964
 21
25522.262499999997
 31
0.0
100
AcDbText
 73
2
  0
LWPOLYLINE
  5
838
330
17
100
AcDbEntity
  8
NESTED_RESULT
100
AcDbPolyline
 90
5
 70
0
 10
10844.525000000001
 20
25657.199999999997
 10
10844.525000000001
 20
26114.399999999994
 10
10200.0
 20
26114.399999999994
 10
10200.0
 20
25657.199999999997
 10
10844.525000000001
 20
25657.199999999997
  0
TEXT
  5
839
330
17
100
AcDbEntity
  8
NESTED_RESULT
100
AcDbText
 10
10522.2625
 20
25885.799999999996
 30
0.0
 40
80.0
  1
P-0557
 72
1
 11
10522.2625
 21
25885.799999999996
 31
0.0
100
AcDbText
 73
2
  0
LWPOLYLINE
  5
83A
330
17
100
AcDbEntity
  8
NESTED_RESULT
100
AcDbPolyline
 90
5
 70
0
 10
11489.049999999996
 20
25657.199999999997
 10
11489.049999999996
 20
26114.399999999994
 10
10844.525000000001
 20
26114.399999999994
 10
10844.525000000001
 20
25657.199999999997
 10
11489.049999999996
 20
25657.199999999997
  0
TEXT
  5
83B
330
17
100
AcDbEntity
  8
NESTED_RESULT
100
AcDbText
 10
11166.787499999999
 20
25885.799999999996
 30
0.0
 40
80.0
  1
P-0603
 72
1
 11
11166.787499999999
 21
25885.799999999996
 31
0.0
100
AcDbText
 73
2
  0
LWPOLYLINE
  5
83C
330
17
100
AcDbEntity
  8
NESTED_RESULT
100
AcDbPolyline
 90
5
 70
0
 10
12133.57499999999
 20
25657.199999999997
 10
12133.57499999999
 20
26114.399999999994
 10
11489.049999999996
 20
26114.399999999994
 10
11489.049999999996
 20
25657.199999999997
 10
12133.57499999999
 20
25657.199999999997
  0
TEXT
  5
83D
330
17
100
AcDbEntity
  8
NESTED_RESULT
100
AcDbText
 10
11811.312499999993
 20
25885.799999999996
 30
0.0
 40
80.0
  1
P-0611
 72
1
 11
11811.312499999993
 21
25885.799999999996
 31
0.0
100
AcDbText
 73
2
  0
LWPOLYLINE
  5
83E
330
17
100
AcDbEntity
  8
NESTED_RESULT
100
AcDbPolyline
 90
5
 70
0
 10
12133.57499999999
 20
25657.199999999997
 10
12590.774999999983
 20
25657.199999999997
 10
12590.774999999983
 20
26301.72499999999
 10
12133.57499999999
 20
26301.72499999999
 10
12133.57499999999
 20
25657.199999999997
  0
TEXT
  5
83F
330
17
100
AcDbEntity
  8
NESTED_RESULT
100
AcDbText
 10
12362.174999999987
 20
25979.462499999994
 30
0.0
 40
80.0
  1
P-0612
 72
1
 11
12362.174999999987
 21
25979.462499999994
 31
0.0
100
AcDbText
 73
2
  0
LWPOLYLINE
  5
840
330
17
100
AcDbEntity
  8
NESTED_RESULT
100
AcDbPolyline
 90
5
 70
0
 10
13235.299999999992
 20
25844.524999999994
 10
13235.299999999992
 20
26301.724999999977
 10
12590.774999999983
 20
26301.724999999977
 10
12590.774999999983
 20
25844.524999999994
 10
13235.299999999992
 20
25844.524999999994
  0
TEXT
  5
841
330
17
100
AcDbEntity
  8
NESTED_RESULT
100
AcDbText
 10
12913.037499999988
 20
26073.124999999985
 30
0.0
 40
80.0
  1
P-0558
 72
1
 11
12913.037499999988
 21
26073.124999999985
 31
0.0
100
AcDbText
 73
2
  0
LWPOLYLINE
  5
842
330
17
100
AcDbEntity
  8
NESTED_RESULT
100
AcDbPolyline
 90
5
 70
0
 10
10844.525000000009
 20
26114.399999999994
 10
10844.525000000009
 20
26571.599999999977
 10
10200.0
 20
26571.599999999977
 10
10200.0
 20
26114.399999999994
 10
10844.525000000009
 20
26114.399999999994
  0
TEXT
  5
843
330
17
100
AcDbEntity
  8
NESTED_RESULT
100
AcDbText
 10
10522.262500000004
 20
26342.999999999985
 30
0.0
 40
80.0
  1
P-0559
 72
1
 11
10522.262500000004
 21
26342.999999999985
 31
0.0
100
AcDbText
 73
2
  0
LWPOLYLINE
  5
844
330
17
100
AcDbEntity
  8
NESTED_RESULT
100
AcDbPolyline
 90
5
 70
0
 10
11489.050000000017
 20
26114.399999999994
 10
11489.050000000017
 20
26571.59999999999
 10
10844.525000000009
 20
26571.59999999999
 10
10844.525000000009
 20
26114.399999999994
 10
11489.050000000017
 20
26114.399999999994
  0
TEXT
  5
845
330
17
100
AcDbEntity
  8
NESTED_RESULT
100
AcDbText
 10
11166.787500000013
 20
26342.999999999993
 30
0.0
 40
80.0
  1
P-0560
 72
1
 11
11166.787500000013
 21
26342.999999999993
 31
0.0
100
AcDbText
 73
2
  0
LWPOLYLINE
  5
846
330
17
100
AcDbEntity
  8
NESTED_RESULT
100
AcDbPolyline
 90
5
 70
0
 10
13235.299999999992
 20
26301.724999999977
 10
13235.299999999992
 20
26758.924999999974
 10
12590.774999999983
 20
26758.924999999974
 10
12590.774999999983
 20
26301.724999999977
 10
13235.299999999992
 20
26301.724999999977
  0
TEXT
  5
847
330
17
100
AcDbEntity
  8
NESTED_RESULT
100
AcDbText
 10
12913.037499999988
 20
26530.324999999975
 30
0.0
 40
80.0
  1
P-0561
 72
1
 11
12913.037499999988
 21
26530.324999999975
 31
0.0
100
AcDbText
 73
2
  0
LWPOLYLINE
  5
848
330
17
100
AcDbEntity
  8
NESTED_RESULT
100
AcDbPolyline
 90
5
 70
0
 10
12133.575000000026
 20
26301.72499999999
 10
12133.575000000026
 20
26758.924999999974
 10
11489.050000000017
 20
26758.924999999974
 10
11489.050000000017
 20
26301.72499999999
 10
12133.575000000026
 20
26301.72499999999
  0
TEXT
  5
849
330
17
100
AcDbEntity
  8
NESTED_RESULT
100
AcDbText
 10
11811.312500000022
 20
26530.324999999983
 30
0.0
 40
80.0
  1
P-0562
 72
1
 11
11811.312500000022
 21
26530.324999999983
 31
0.0
100
AcDbText
 73
2
  0
LWPOLYLINE
  5
84A
330
17
100
AcDbEntity
  8
NESTED_RESULT
 62
1
100
AcDbPolyline
 90
5
 70
0
 10
13600.0
 20
25200.0
 10
16800.0
 20
25200.0
 10
16800.0
 20
26800.0
 10
13600.0
 20
26800.0
 10
13600.0
 20
25200.0
  0
TEXT
  5
84B
330
17
100
AcDbEntity
  8
NESTED_RESULT
 62
1
100
AcDbText
 10
13600.0
 20
26830.0
 30
0.0
 40
50.0
  1
Sheet_89
 11
13600.0
 21
26830.0
 31
0.0
100
AcDbText
 73
1
  0
LWPOLYLINE
  5
84C
330
17
100
AcDbEntity
  8
NESTED_RESULT
100
AcDbPolyline
 90
5
 70
0
 10
14244.525000000009
 20
25200.0
 10
14244.525000000009
 20
25657.199999999997
 10
13600.0
 20
25657.199999999997
 10
13600.0
 20
25200.0
 10
14244.525000000009
 20
25200.0
  0
TEXT
  5
84D
330
17
100
AcDbEntity
  8
NESTED_RESULT
100
AcDbText
 10
13922.262500000004
 20
25428.6
 30
0.0
 40
80.0
  1
P-0563
 72
1
 11
13922.262500000004
 21
25428.6
 31
0.0
100
AcDbText
 73
2
  0
LWPOLYLINE
  5
84E
330
17
100
AcDbEntity
  8
NESTED_RESULT
100
AcDbPolyline
 90
5
 70
0
 10
14889.050000000017
 20
25200.0
 10
14889.050000000017
 20
25657.199999999997
 10
14244.525000000009
 20
25657.199999999997
 10
14244.525000000009
 20
25200.0
 10
14889.050000000017
 20
25200.0
  0
TEXT
  5
84F
330
17
100
AcDbEntity
  8
NESTED_RESULT
100
AcDbText
 10
14566.787500000013
 20
25428.6
 30
0.0
 40
80.0
  1
P-0564
 72
1
 11
14566.787500000013
 21
25428.6
 31
0.0
100
AcDbText
 73
2
  0
LWPOLYLINE
  5
850
330
17
100
AcDbEntity
  8
NESTED_RESULT
100
AcDbPolyline
 90
5
 70
0
 10
15533.575000000019
 20
25200.0
 10
15533.575000000019
 20
25657.19999999999
 10
14889.050000000017
 20
25657.19999999999
 10
14889.050000000017
 20
25200.0
 10
15533.575000000019
 20
25200.0
  0
TEXT
  5
851
330
17
100
AcDbEntity
  8
NESTED_RESULT
100
AcDbText
 10
15211.312500000018
 20
25428.599999999995
 30
0.0
 40
80.0
  1
P-0604
 72
1
 11
15211.312500000018
 21
25428.599999999995
 31
0.0
100
AcDbText
 73
2
  0
LWPOLYLINE
  5
852
330
17
100
AcDbEntity
  8
NESTED_RESULT
100
AcDbPolyline
 90
5
 70
0
 10
16178.10000000002
 20
25200.0
 10
16178.10000000002
 20
25657.19999999999
 10
15533.575000000019
 20
25657.19999999999
 10
15533.575000000019
 20
25200.0
 10
16178.10000000002
 20
25200.0
  0
TEXT
  5
853
330
17
100
AcDbEntity
  8
NESTED_RESULT
100
AcDbText
 10
15855.83750000002
 20
25428.599999999995
 30
0.0
 40
80.0
  1
P-0605
 72
1
 11
15855.83750000002
 21
25428.599999999995
 31
0.0
100
AcDbText
 73
2
  0
LWPOLYLINE
  5
854
330
17
100
AcDbEntity
  8
NESTED_RESULT
100
AcDbPolyline
 90
5
 70
0
 10
16178.10000000002
 20
25200.0
 10
16635.30000000001
 20
25200.0
 10
16635.30000000001
 20
25844.525
 10
16178.10000000002
 20
25844.525
 10
16178.10000000002
 20
25200.0
  0
TEXT
  5
855
330
17
100
AcDbEntity
  8
NESTED_RESULT
100
AcDbText
 10
16406.700000000015
 20
25522.2625
 30
0.0
 40
80.0
  1
P-0606
 72
1
 11
16406.700000000015
 21
25522.2625
 31
0.0
100
AcDbText
 73
2
  0
LWPOLYLINE
  5
856
330
17
100
AcDbEntity
  8
NESTED_RESULT
100
AcDbPolyline
 90
5
 70
0
 10
14889.050000000017
 20
26114.39999999998
 10
14889.050000000017
 20
25657.19999999999
 10
15533.575000000019
 20
25657.19999999999
 10
15533.575000000019
 20
26114.39999999998
 10
14889.050000000017
 20
26114.39999999998
  0
TEXT
  5
857
330
17
100
AcDbEntity
  8
NESTED_RESULT
100
AcDbText
 10
15211.312500000018
 20
25885.799999999985
 30
0.0
 40
80.0
  1
P-0607
 72
1
 11
15211.312500000018
 21
25885.799999999985
 31
0.0
100
AcDbText
 73
2
  0
LWPOLYLINE
  5
858
330
17
100
AcDbEntity
  8
NESTED_RESULT
100
AcDbPolyline
 90
5
 70
0
 10
16178.100000000013
 20
25657.19999999999
 10
16178.100000000013
 20
26114.39999999998
 10
15533.575000000019
 20
26114.39999999998
 10
15533.575000000019
 20
25657.19999999999
 10
16178.100000000013
 20
25657.19999999999
  0
TEXT
  5
859
330
17
100
AcDbEntity
  8
NESTED_RESULT
100
AcDbText
 10
15855.837500000016
 20
25885.799999999985
 30
0.0
 40
80.0
  1
P-0613
 72
1
 11
15855.837500000016
 21
25885.799999999985
 31
0.0
100
AcDbText
 73
2
  0
LWPOLYLINE
  5
85A
330
17
100
AcDbEntity
  8
NESTED_RESULT
100
AcDbPolyline
 90
5
 70
0
 10
14244.524999999994
 20
25657.199999999997
 10
14244.524999999994
 20
26114.399999999987
 10
13600.0
 20
26114.399999999987
 10
13600.0
 20
25657.199999999997
 10
14244.524999999994
 20
25657.199999999997
  0
TEXT
  5
85B
330
17
100
AcDbEntity
  8
NESTED_RESULT
100
AcDbText
 10
13922.262499999997
 20
25885.799999999992
 30
0.0
 40
80.0
  1
P-0625
 72
1
 11
13922.262499999997
 21
25885.799999999992
 31
0.0
100
AcDbText
 73
2
  0
LWPOLYLINE
  5
85C
330
17
100
AcDbEntity
  8
NESTED_RESULT
100
AcDbPolyline
 90
5
 70
0
 10
14889.049999999988
 20
25657.199999999997
 10
14889.049999999988
 20
26114.39999999998
 10
14244.524999999994
 20
26114.39999999998
 10
14244.524999999994
 20
25657.199999999997
 10
14889.049999999988
 20
25657.199999999997
  0
TEXT
  5
85D
330
17
100
AcDbEntity
  8
NESTED_RESULT
100
AcDbText
 10
14566.787499999991
 20
25885.79999999999
 30
0.0
 40
80.0
  1
P-0626
 72
1
 11
14566.787499999991
 21
25885.79999999999
 31
0.0
100
AcDbText
 73
2
  0
LWPOLYLINE
  5
85E
330
17
100
AcDbEntity
  8
NESTED_RESULT
100
AcDbPolyline
 90
5
 70
0
 10
16178.100000000013
 20
25844.52500000001
 10
16635.300000000003
 20
25844.52500000001
 10
16635.300000000003
 20
26489.050000000003
 10
16178.100000000013
 20
26489.050000000003
 10
16178.100000000013
 20
25844.52500000001
  0
TEXT
  5
85F
330
17
100
AcDbEntity
  8
NESTED_RESULT
100
AcDbText
 10
16406.700000000008
 20
26166.787500000006
 30
0.0
 40
80.0
  1
P-0627
 72
1
 11
16406.700000000008
 21
26166.787500000006
 31
0.0
100
AcDbText
 73
2
  0
LWPOLYLINE
  5
860
330
17
100
AcDbEntity
  8
NESTED_RESULT
100
AcDbPolyline
 90
5
 70
0
 10
14889.049999999988
 20
26114.39999999998
 10
14889.049999999988
 20
26571.59999999997
 10
14244.524999999994
 20
26571.59999999997
 10
14244.524999999994
 20
26114.39999999998
 10
14889.049999999988
 20
26114.39999999998
  0
TEXT
  5
861
330
17
100
AcDbEntity
  8
NESTED_RESULT
100
AcDbText
 10
14566.787499999991
 20
26342.999999999975
 30
0.0
 40
80.0
  1
P-0628
 72
1
 11
14566.787499999991
 21
26342.999999999975
 31
0.0
100
AcDbText
 73
2
  0
LWPOLYLINE
  5
862
330
17
100
AcDbEntity
  8
NESTED_RESULT
100
AcDbPolyline
 90
5
 70
0
 10
15533.574999999983
 20
26114.39999999998
 10
15533.574999999983
 20
26571.599999999962
 10
14889.049999999988
 20
26571.599999999962
 10
14889.049999999988
 20
26114.39999999998
 10
15533.574999999983
 20
26114.39999999998
  0
TEXT
  5
863
330
17
100
AcDbEntity
  8
NESTED_RESULT
100
AcDbText
 10
15211.312499999985
 20
26342.99999999997
 30
0.0
 40
80.0
  1
P-0629
 72
1
 11
15211.312499999985
 21
26342.99999999997
 31
0.0
100
AcDbText
 73
2
  0
LWPOLYLINE
  5
864
330
17
100
AcDbEntity
  8
NESTED_RESULT
100
AcDbPolyline
 90
5
 70
0
 10
16178.099999999977
 20
26114.39999999998
 10
16178.099999999977
 20
26571.59999999997
 10
15533.574999999983
 20
26571.59999999997
 10
15533.574999999983
 20
26114.39999999998
 10
16178.099999999977
 20
26114.39999999998
  0
TEXT
  5
865
330
17
100
AcDbEntity
  8
NESTED_RESULT
100
AcDbText
 10
15855.83749999998
 20
26342.999999999975
 30
0.0
 40
80.0
  1
P-0630
 72
1
 11
15855.83749999998
 21
26342.999999999975
 31
0.0
100
AcDbText
 73
2
  0
LWPOLYLINE
  5
866
330
17
100
AcDbEntity
  8
NESTED_RESULT
100
AcDbPolyline
 90
5
 70
0
 10
14244.524999999994
 20
26114.399999999987
 10
14244.524999999994
 20
26571.599999999977
 10
13600.0
 20
26571.599999999977
 10
13600.0
 20
26114.399999999987
 10
14244.524999999994
 20
26114.399999999987
  0
TEXT
  5
867
330
17
100
AcDbEntity
  8
NESTED_RESULT
100
AcDbText
 10
13922.262499999997
 20
26342.99999999998
 30
0.0
 40
80.0
  1
P-0631
 72
1
 11
13922.262499999997
 21
26342.99999999998
 31
0.0
100
AcDbText
 73
2
  0
LWPOLYLINE
  5
868
330
17
100
AcDbEntity
  8
NESTED_RESULT
 62
1
100
AcDbPolyline
 90
5
 70
0
 10
17000.0
 20
25200.0
 10
20200.0
 20
25200.0
 10
20200.0
 20
26800.0
 10
17000.0
 20
26800.0
 10
17000.0
 20
25200.0
  0
TEXT
  5
869
330
17
100
AcDbEntity
  8
NESTED_RESULT
 62
1
100
AcDbText
 10
17000.0
 20
26830.0
 30
0.0
 40
50.0
  1
Sheet_90
 11
17000.0
 21
26830.0
 31
0.0
100
AcDbText
 73
1
  0
LWPOLYLINE
  5
86A
330
17
100
AcDbEntity
  8
NESTED_RESULT
100
AcDbPolyline
 90
5
 70
0
 10
17644.524999999994
 20
25200.0
 10
17644.524999999994
 20
25657.199999999997
 10
17000.0
 20
25657.199999999997
 10
17000.0
 20
25200.0
 10
17644.524999999994
 20
25200.0
  0
TEXT
  5
86B
330
17
100
AcDbEntity
  8
NESTED_RESULT
100
AcDbText
 10
17322.262499999997
 20
25428.6
 30
0.0
 40
80.0
  1
P-0632
 72
1
 11
17322.262499999997
 21
25428.6
 31
0.0
100
AcDbText
 73
2
  0
LWPOLYLINE
  5
86C
330
17
100
AcDbEntity
  8
NESTED_RESULT
100
AcDbPolyline
 90
5
 70
0
 10
18289.04999999999
 20
25200.0
 10
18289.04999999999
 20
25657.199999999983
 10
17644.524999999994
 20
25657.199999999983
 10
17644.524999999994
 20
25200.0
 10
18289.04999999999
 20
25200.0
  0
TEXT
  5
86D
330
17
100
AcDbEntity
  8
NESTED_RESULT
100
AcDbText
 10
17966.78749999999
 20
25428.59999999999
 30
0.0
 40
80.0
  1
P-0633
 72
1
 11
17966.78749999999
 21
25428.59999999999
 31
0.0
100
AcDbText
 73
2
  0
LWPOLYLINE
  5
86E
330
17
100
AcDbEntity
  8
NESTED_RESULT
100
AcDbPolyline
 90
5
 70
0
 10
18933.574999999983
 20
25200.0
 10
18933.574999999983
 20
25657.19999999999
 10
18289.04999999999
 20
25657.19999999999
 10
18289.04999999999
 20
25200.0
 10
18933.574999999983
 20
25200.0
  0
TEXT
  5
86F
330
17
100
AcDbEntity
  8
NESTED_RESULT
100
AcDbText
 10
18611.312499999985
 20
25428.599999999995
 30
0.0
 40
80.0
  1
P-0634
 72
1
 11
18611.312499999985
 21
25428.599999999995
 31
0.0
100
AcDbText
 73
2
  0
LWPOLYLINE
  5
870
330
17
100
AcDbEntity
  8
NESTED_RESULT
100
AcDbPolyline
 90
5
 70
0
 10
19578.099999999977
 20
25200.0
 10
19578.099999999977
 20
25657.199999999983
 10
18933.574999999983
 20
25657.199999999983
 10
18933.574999999983
 20
25200.0
 10
19578.099999999977
 20
25200.0
  0
TEXT
  5
871
330
17
100
AcDbEntity
  8
NESTED_RESULT
100
AcDbText
 10
19255.83749999998
 20
25428.59999999999
 30
0.0
 40
80.0
  1
P-0635
 72
1
 11
19255.83749999998
 21
25428.59999999999
 31
0.0
100
AcDbText
 73
2
  0
LWPOLYLINE
  5
872
330
17
100
AcDbEntity
  8
NESTED_RESULT
100
AcDbPolyline
 90
5
 70
0
 10
19578.099999999977
 20
25200.0
 10
20035.299999999967
 20
25200.0
 10
20035.299999999967
 20
25844.524999999994
 10
19578.099999999977
 20
25844.524999999994
 10
19578.099999999977
 20
25200.0
  0
TEXT
  5
873
330
17
100
AcDbEntity
  8
NESTED_RESULT
100
AcDbText
 10
19806.69999999997
 20
25522.262499999997
 30
0.0
 40
80.0
  1
P-0636
 72
1
 11
19806.69999999997
 21
25522.262499999997
 31
0.0
100
AcDbText
 73
2
  0
LWPOLYLINE
  5
874
330
17
100
AcDbEntity
  8
NESTED_RESULT
100
AcDbPolyline
 90
5
 70
0
 10
18289.04999999999
 20
25657.199999999983
 10
18289.04999999999
 20
26114.39999999998
 10
17644.524999999994
 20
26114.39999999998
 10
17644.524999999994
 20
25657.199999999983
 10
18289.04999999999
 20
25657.199999999983
  0
TEXT
  5
875
330
17
100
AcDbEntity
  8
NESTED_RESULT
100
AcDbText
 10
17966.78749999999
 20
25885.79999999998
 30
0.0
 40
80.0
  1
P-0637
 72
1
 11
17966.78749999999
 21
25885.79999999998
 31
0.0
100
AcDbText
 73
2
  0
LWPOLYLINE
  5
876
330
17
100
AcDbEntity
  8
NESTED_RESULT
100
AcDbPolyline
 90
5
 70
0
 10
19578.099999999977
 20
25657.199999999983
 10
19578.099999999977
 20
26114.399999999965
 10
18933.574999999983
 20
26114.399999999965
 10
18933.574999999983
 20
25657.199999999983
 10
19578.099999999977
 20
25657.199999999983
  0
TEXT
  5
877
330
17
100
AcDbEntity
  8
NESTED_RESULT
100
AcDbText
 10
19255.83749999998
 20
25885.799999999974
 30
0.0
 40
80.0
  1
P-0638
 72
1
 11
19255.83749999998
 21
25885.799999999974
 31
0.0
100
AcDbText
 73
2
  0
LWPOLYLINE
  5
878
330
17
100
AcDbEntity
  8
NESTED_RESULT
100
AcDbPolyline
 90
5
 70
0
 10
17644.524999999994
 20
25657.199999999997
 10
17644.524999999994
 20
26114.399999999994
 10
17000.0
 20
26114.399999999994
 10
17000.0
 20
25657.199999999997
 10
17644.524999999994
 20
25657.199999999997
  0
TEXT
  5
879
330
17
100
AcDbEntity
  8
NESTED_RESULT
100
AcDbText
 10
17322.262499999997
 20
25885.799999999996
 30
0.0
 40
80.0
  1
P-0639
 72
1
 11
17322.262499999997
 21
25885.799999999996
 31
0.0
100
AcDbText
 73
2
  0
LWPOLYLINE
  5
87A
330
17
100
AcDbEntity
  8
NESTED_RESULT
100
AcDbPolyline
 90
5
 70
0
 10
18933.574999999983
 20
25657.199999999997
 10
18933.574999999983
 20
26114.399999999994
 10
18289.04999999999
 20
26114.399999999994
 10
18289.04999999999
 20
25657.199999999997
 10
18933.574999999983
 20
25657.199999999997
  0
TEXT
  5
87B
330
17
100
AcDbEntity
  8
NESTED_RESULT
100
AcDbText
 10
18611.312499999985
 20
25885.799999999996
 30
0.0
 40
80.0
  1
P-0640
 72
1
 11
18611.312499999985
 21
25885.799999999996
 31
0.0
100
AcDbText
 73
2
  0
LWPOLYLINE
  5
87C
330
17
100
AcDbEntity
  8
NESTED_RESULT
100
AcDbPolyline
 90
5
 70
0
 10
19578.099999999977
 20
25844.524999999994
 10
20035.299999999967
 20
25844.524999999994
 10
20035.299999999967
 20
26489.04999999999
 10
19578.099999999977
 20
26489.04999999999
 10
19578.099999999977
 20
25844.524999999994
  0
TEXT
  5
87D
330
17
100
AcDbEntity
  8
NESTED_RESULT
100
AcDbText
 10
19806.69999999997
 20
26166.78749999999
 30
0.0
 40
80.0
  1
P-0641
 72
1
 11
19806.69999999997
 21
26166.78749999999
 31
0.0
100
AcDbText
 73
2
  0
LWPOLYLINE
  5
87E
330
17
100
AcDbEntity
  8
NESTED_RESULT
100
AcDbPolyline
 90
5
 70
0
 10
18933.574999999983
 20
26571.599999999948
 10
18933.574999999983
 20
26114.399999999965
 10
19578.099999999977
 20
26114.399999999965
 10
19578.099999999977
 20
26571.599999999948
 10
18933.574999999983
 20
26571.599999999948
  0
TEXT
  5
87F
330
17
100
AcDbEntity
  8
NESTED_RESULT
100
AcDbText
 10
19255.83749999998
 20
26342.999999999956
 30
0.0
 40
80.0
  1
P-0642
 72
1
 11
19255.83749999998
 21
26342.999999999956
 31
0.0
100
AcDbText
 73
2
  0
LWPOLYLINE
  5
880
330
17
100
AcDbEntity
  8
NESTED_RESULT
100
AcDbPolyline
 90
5
 70
0
 10
18289.04999999999
 20
26114.39999999998
 10
18289.04999999999
 20
26571.599999999962
 10
17644.524999999994
 20
26571.599999999962
 10
17644.524999999994
 20
26114.39999999998
 10
18289.04999999999
 20
26114.39999999998
  0
TEXT
  5
881
330
17
100
AcDbEntity
  8
NESTED_RESULT
100
AcDbText
 10
17966.78749999999
 20
26342.99999999997
 30
0.0
 40
80.0
  1
P-0643
 72
1
 11
17966.78749999999
 21
26342.99999999997
 31
0.0
100
AcDbText
 73
2
  0
LWPOLYLINE
  5
882
330
17
100
AcDbEntity
  8
NESTED_RESULT
100
AcDbPolyline
 90
5
 70
0
 10
17644.524999999994
 20
26114.399999999994
 10
17644.524999999994
 20
26571.59999999999
 10
17000.0
 20
26571.59999999999
 10
17000.0
 20
26114.399999999994
 10
17644.524999999994
 20
26114.399999999994
  0
TEXT
  5
883
330
17
100
AcDbEntity
  8
NESTED_RESULT
100
AcDbText
 10
17322.262499999997
 20
26342.999999999993
 30
0.0
 40
80.0
  1
P-0644
 72
1
 11
17322.262499999997
 21
26342.999999999993
 31
0.0
100
AcDbText
 73
2
  0
LWPOLYLINE
  5
884
330
17
100
AcDbEntity
  8
NESTED_RESULT
100
AcDbPolyline
 90
5
 70
0
 10
18933.574999999983
 20
26114.399999999994
 10
18933.574999999983
 20
26571.59999999999
 10
18289.04999999999
 20
26571.59999999999
 10
18289.04999999999
 20
26114.399999999994
 10
18933.574999999983
 20
26114.399999999994
  0
TEXT
  5
885
330
17
100
AcDbEntity
  8
NESTED_RESULT
100
AcDbText
 10
18611.312499999985
 20
26342.999999999993
 30
0.0
 40
80.0
  1
P-0645
 72
1
 11
18611.312499999985
 21
26342.999999999993
 31
0.0
100
AcDbText
 73
2
  0
LWPOLYLINE
  5
886
330
17
100
AcDbEntity
  8
NESTED_RESULT
 62
1
100
AcDbPolyline
 90
5
 70
0
 10
0.0
 20
27000.0
 10
3200.0
 20
27000.0
 10
3200.0
 20
28600.0
 10
0.0
 20
28600.0
 10
0.0
 20
27000.0
  0
TEXT
  5
887
330
17
100
AcDbEntity
  8
NESTED_RESULT
 62
1
100
AcDbText
 10
0.0
 20
28630.0
 30
0.0
 40
50.0
  1
Sheet_91
 11
0.0
 21
28630.0
 31
0.0
100
AcDbText
 73
1
  0
LWPOLYLINE
  5
888
330
17
100
AcDbEntity
  8
NESTED_RESULT
100
AcDbPolyline
 90
5
 70
0
 10
0.0
 20
27000.0
 10
1835.1499999999996
 20
27000.0
 10
1835.1499999999996
 20
27644.525
 10
0.0
 20
27644.525
 10
0.0
 20
27000.0
  0
TEXT
  5
889
330
17
100
AcDbEntity
  8
NESTED_RESULT
100
AcDbText
 10
917.5749999999998
 20
27322.2625
 30
0.0
 40
80.0
  1
P-0156
 72
1
 11
917.5749999999998
 21
27322.2625
 31
0.0
100
AcDbText
 73
2
  0
LWPOLYLINE
  5
88A
330
17
100
AcDbEntity
  8
NESTED_RESULT
100
AcDbPolyline
 90
5
 70
0
 10
0.0
 20
27644.525
 10
1835.1499999999996
 20
27644.525
 10
1835.1499999999996
 20
28289.050000000003
 10
0.0
 20
28289.050000000003
 10
0.0
 20
27644.525
  0
TEXT
  5
88B
330
17
100
AcDbEntity
  8
NESTED_RESULT
100
AcDbText
 10
917.5749999999998
 20
27966.787500000002
 30
0.0
 40
80.0
  1
P-0157
 72
1
 11
917.5749999999998
 21
27966.787500000002
 31
0.0
100
AcDbText
 73
2
  0
LWPOLYLINE
  5
88C
330
17
100
AcDbEntity
  8
NESTED_RESULT
100
AcDbPolyline
 90
5
 70
0
 10
2424.1124999999956
 20
27000.0
 10
2424.1124999999956
 20
27946.15000000001
 10
1835.1500000000015
 20
27946.15000000001
 10
1835.1500000000015
 20
27000.0
 10
2424.1124999999956
 20
27000.0
  0
TEXT
  5
88D
330
17
100
AcDbEntity
  8
NESTED_RESULT
100
AcDbText
 10
2129.6312499999985
 20
27473.075000000004
 30
0.0
 40
80.0
  1
P-0300
 72
1
 11
2129.6312499999985
 21
27473.075000000004
 31
0.0
100
AcDbText
 73
2
  0
LWPOLYLINE
  5
88E
330
17
100
AcDbEntity
  8
NESTED_RESULT
100
AcDbPolyline
 90
5
 70
0
 10
3013.07499999999
 20
27000.0
 10
3013.07499999999
 20
27946.15000000001
 10
2424.1124999999956
 20
27946.15000000001
 10
2424.1124999999956
 20
27000.0
 10
3013.07499999999
 20
27000.0
  0
TEXT
  5
88F
330
17
100
AcDbEntity
  8
NESTED_RESULT
100
AcDbText
 10
2718.5937499999927
 20
27473.075000000004
 30
0.0
 40
80.0
  1
P-0301
 72
1
 11
2718.5937499999927
 21
27473.075000000004
 31
0.0
100
AcDbText
 73
2
  0
LWPOLYLINE
  5
890
330
17
100
AcDbEntity
  8
NESTED_RESULT
100
AcDbPolyline
 90
5
 70
0
 10
2781.3000000000015
 20
28535.112500000003
 10
1835.1499999999996
 20
28535.112500000003
 10
1835.1499999999996
 20
27946.15000000001
 10
2781.3000000000015
 20
27946.15000000001
 10
2781.3000000000015
 20
28535.112500000003
  0
TEXT
  5
891
330
17
100
AcDbEntity
  8
NESTED_RESULT
100
AcDbText
 10
2308.2250000000004
 20
28240.631250000006
 30
0.0
 40
80.0
  1
P-0306
 72
1
 11
2308.2250000000004
 21
28240.631250000006
 31
0.0
100
AcDbText
 73
2
  0
LWPOLYLINE
  5
892
330
17
100
AcDbEntity
  8
NESTED_RESULT
 62
1
100
AcDbPolyline
 90
5
 70
0
 10
3400.0
 20
27000.0
 10
6600.0
 20
27000.0
 10
6600.0
 20
28600.0
 10
3400.0
 20
28600.0
 10
3400.0
 20
27000.0
  0
TEXT
  5
893
330
17
100
AcDbEntity
  8
NESTED_RESULT
 62
1
100
AcDbText
 10
3400.0
 20
28630.0
 30
0.0
 40
50.0
  1
Sheet_92
 11
3400.0
 21
28630.0
 31
0.0
100
AcDbText
 73
1
  0
LWPOLYLINE
  5
894
330
17
100
AcDbEntity
  8
NESTED_RESULT
100
AcDbPolyline
 90
5
 70
0
 10
3400.0
 20
27000.0
 10
5235.149999999998
 20
27000.0
 10
5235.149999999998
 20
27644.525
 10
3400.0
 20
27644.525
 10
3400.0
 20
27000.0
  0
TEXT
  5
895
330
17
100
AcDbEntity
  8
NESTED_RESULT
100
AcDbText
 10
4317.574999999999
 20
27322.2625
 30
0.0
 40
80.0
  1
P-0168
 72
1
 11
4317.574999999999
 21
27322.2625
 31
0.0
100
AcDbText
 73
2
  0
LWPOLYLINE
  5
896
330
17
100
AcDbEntity
  8
NESTED_RESULT
100
AcDbPolyline
 90
5
 70
0
 10
3400.0
 20
27644.525
 10
5235.149999999994
 20
27644.525
 10
5235.149999999994
 20
28289.050000000003
 10
3400.0
 20
28289.050000000003
 10
3400.0
 20
27644.525
  0
TEXT
  5
897
330
17
100
AcDbEntity
  8
NESTED_RESULT
100
AcDbText
 10
4317.574999999997
 20
27966.787500000002
 30
0.0
 40
80.0
  1
P-0171
 72
1
 11
4317.574999999997
 21
27966.787500000002
 31
0.0
100
AcDbText
 73
2
  0
LWPOLYLINE
  5
898
330
17
100
AcDbEntity
  8
NESTED_RESULT
100
AcDbPolyline
 90
5
 70
0
 10
5824.112499999996
 20
27644.525
 10
5824.112499999996
 20
28590.675000000003
 10
5235.149999999994
 20
28590.675000000003
 10
5235.149999999994
 20
27644.525
 10
5824.112499999996
 20
27644.525
  0
TEXT
  5
899
330
17
100
AcDbEntity
  8
NESTED_RESULT
100
AcDbText
 10
5529.631249999995
 20
28117.600000000002
 30
0.0
 40
80.0
  1
P-0278
 72
1
 11
5529.631249999995
 21
28117.600000000002
 31
0.0
100
AcDbText
 73
2
  0
LWPOLYLINE
  5
89A
330
17
100
AcDbEntity
  8
NESTED_RESULT
100
AcDbPolyline
 90
5
 70
0
 10
5235.149999999998
 20
27000.0
 10
6181.299999999999
 20
27000.0
 10
6181.299999999999
 20
27588.9625
 10
5235.149999999998
 20
27588.9625
 10
5235.149999999998
 20
27000.0
  0
TEXT
  5
89B
330
17
100
AcDbEntity
  8
NESTED_RESULT
100
AcDbText
 10
5708.2249999999985
 20
27294.48125
 30
0.0
 40
80.0
  1
P-0279
 72
1
 11
5708.2249999999985
 21
27294.48125
 31
0.0
100
AcDbText
 73
2
  0
LWPOLYLINE
  5
89C
330
17
100
AcDbEntity
  8
NESTED_RESULT
100
AcDbPolyline
 90
5
 70
0
 10
6413.07499999999
 20
27588.9625
 10
6413.07499999999
 20
28535.112500000003
 10
5824.112499999996
 20
28535.112500000003
 10
5824.112499999996
 20
27588.9625
 10
6413.07499999999
 20
27588.9625
  0
TEXT
  5
89D
330
17
100
AcDbEntity
  8
NESTED_RESULT
100
AcDbText
 10
6118.593749999993
 20
28062.037500000002
 30
0.0
 40
80.0
  1
P-0307
 72
1
 11
6118.593749999993
 21
28062.037500000002
 31
0.0
100
AcDbText
 73
2
  0
LWPOLYLINE
  5
89E
330
17
100
AcDbEntity
  8
NESTED_RESULT
 62
1
100
AcDbPolyline
 90
5
 70
0
 10
6800.0
 20
27000.0
 10
10000.0
 20
27000.0
 10
10000.0
 20
28600.0
 10
6800.0
 20
28600.0
 10
6800.0
 20
27000.0
  0
TEXT
  5
89F
330
17
100
AcDbEntity
  8
NESTED_RESULT
 62
1
100
AcDbText
 10
6800.0
 20
28630.0
 30
0.0
 40
50.0
  1
Sheet_93
 11
6800.0
 21
28630.0
 31
0.0
100
AcDbText
 73
1
  0
LWPOLYLINE
  5
8A0
330
17
100
AcDbEntity
  8
NESTED_RESULT
100
AcDbPolyline
 90
5
 70
0
 10
6800.0
 20
27000.0
 10
8635.149999999994
 20
27000.0
 10
8635.149999999994
 20
27644.525
 10
6800.0
 20
27644.525
 10
6800.0
 20
27000.0
  0
TEXT
  5
8A1
330
17
100
AcDbEntity
  8
NESTED_RESULT
100
AcDbText
 10
7717.574999999997
 20
27322.2625
 30
0.0
 40
80.0
  1
P-0172
 72
1
 11
7717.574999999997
 21
27322.2625
 31
0.0
100
AcDbText
 73
2
  0
LWPOLYLINE
  5
8A2
330
17
100
AcDbEntity
  8
NESTED_RESULT
100
AcDbPolyline
 90
5
 70
0
 10
6800.0
 20
27644.525
 10
8635.149999999987
 20
27644.525
 10
8635.149999999987
 20
28289.050000000003
 10
6800.0
 20
28289.050000000003
 10
6800.0
 20
27644.525
  0
TEXT
  5
8A3
330
17
100
AcDbEntity
  8
NESTED_RESULT
100
AcDbText
 10
7717.574999999993
 20
27966.787500000002
 30
0.0
 40
80.0
  1
P-0180
 72
1
 11
7717.574999999993
 21
27966.787500000002
 31
0.0
100
AcDbText
 73
2
  0
LWPOLYLINE
  5
8A4
330
17
100
AcDbEntity
  8
NESTED_RESULT
100
AcDbPolyline
 90
5
 70
0
 10
9224.112499999988
 20
27000.0
 10
9224.112499999988
 20
27946.149999999994
 10
8635.149999999994
 20
27946.149999999994
 10
8635.149999999994
 20
27000.0
 10
9224.112499999988
 20
27000.0
  0
TEXT
  5
8A5
330
17
100
AcDbEntity
  8
NESTED_RESULT
100
AcDbText
 10
8929.631249999991
 20
27473.074999999997
 30
0.0
 40
80.0
  1
P-0308
 72
1
 11
8929.631249999991
 21
27473.074999999997
 31
0.0
100
AcDbText
 73
2
  0
LWPOLYLINE
  5
8A6
330
17
100
AcDbEntity
  8
NESTED_RESULT
100
AcDbPolyline
 90
5
 70
0
 10
8635.149999999987
 20
27946.149999999994
 10
9581.299999999988
 20
27946.149999999994
 10
9581.299999999988
 20
28535.11249999999
 10
8635.149999999987
 20
28535.11249999999
 10
8635.149999999987
 20
27946.149999999994
  0
TEXT
  5
8A7
330
17
100
AcDbEntity
  8
NESTED_RESULT
100
AcDbText
 10
9108.224999999988
 20
28240.63124999999
 30
0.0
 40
80.0
  1
P-0309
 72
1
 11
9108.224999999988
 21
28240.63124999999
 31
0.0
100
AcDbText
 73
2
  0
LWPOLYLINE
  5
8A8
330
17
100
AcDbEntity
  8
NESTED_RESULT
100
AcDbPolyline
 90
5
 70
0
 10
9813.07499999999
 20
27000.0
 10
9813.07499999999
 20
27946.149999999994
 10
9224.112499999988
 20
27946.149999999994
 10
9224.112499999988
 20
27000.0
 10
9813.07499999999
 20
27000.0
  0
TEXT
  5
8A9
330
17
100
AcDbEntity
  8
NESTED_RESULT
100
AcDbText
 10
9518.593749999989
 20
27473.074999999997
 30
0.0
 40
80.0
  1
P-0294
 72
1
 11
9518.593749999989
 21
27473.074999999997
 31
0.0
100
AcDbText
 73
2
  0
LWPOLYLINE
  5
8AA
330
17
100
AcDbEntity
  8
NESTED_RESULT
 62
1
100
AcDbPolyline
 90
5
 70
0
 10
10200.0
 20
27000.0
 10
13400.0
 20
27000.0
 10
13400.0
 20
28600.0
 10
10200.0
 20
28600.0
 10
10200.0
 20
27000.0
  0
TEXT
  5
8AB
330
17
100
AcDbEntity
  8
NESTED_RESULT
 62
1
100
AcDbText
 10
10200.0
 20
28630.0
 30
0.0
 40
50.0
  1
Sheet_94
 11
10200.0
 21
28630.0
 31
0.0
100
AcDbText
 73
1
  0
LWPOLYLINE
  5
8AC
330
17
100
AcDbEntity
  8
NESTED_RESULT
100
AcDbPolyline
 90
5
 70
0
 10
10788.962499999994
 20
27000.0
 10
10788.962499999994
 20
27946.15
 10
10200.0
 20
27946.15
 10
10200.0
 20
27000.0
 10
10788.962499999994
 20
27000.0
  0
TEXT
  5
8AD
330
17
100
AcDbEntity
  8
NESTED_RESULT
100
AcDbText
 10
10494.481249999997
 20
27473.075
 30
0.0
 40
80.0
  1
P-0310
 72
1
 11
10494.481249999997
 21
27473.075
 31
0.0
100
AcDbText
 73
2
  0
LWPOLYLINE
  5
8AE
330
17
100
AcDbEntity
  8
NESTED_RESULT
100
AcDbPolyline
 90
5
 70
0
 10
10200.0
 20
27946.15
 10
11146.150000000001
 20
27946.15
 10
11146.150000000001
 20
28535.112499999996
 10
10200.0
 20
28535.112499999996
 10
10200.0
 20
27946.15
  0
TEXT
  5
8AF
330
17
100
AcDbEntity
  8
NESTED_RESULT
100
AcDbText
 10
10673.075
 20
28240.63125
 30
0.0
 40
80.0
  1
P-0311
 72
1
 11
10673.075
 21
28240.63125
 31
0.0
100
AcDbText
 73
2
  0
LWPOLYLINE
  5
8B0
330
17
100
AcDbEntity
  8
NESTED_RESULT
100
AcDbPolyline
 90
5
 70
0
 10
10788.962499999994
 20
27000.0
 10
11735.112499999996
 20
27000.0
 10
11735.112499999996
 20
27588.962499999994
 10
10788.962499999994
 20
27588.962499999994
 10
10788.962499999994
 20
27000.0
  0
TEXT
  5
8B1
330
17
100
AcDbEntity
  8
NESTED_RESULT
100
AcDbText
 10
11262.037499999995
 20
27294.481249999997
 30
0.0
 40
80.0
  1
P-0312
 72
1
 11
11262.037499999995
 21
27294.481249999997
 31
0.0
100
AcDbText
 73
2
  0
LWPOLYLINE
  5
8B2
330
17
100
AcDbEntity
  8
NESTED_RESULT
100
AcDbPolyline
 90
5
 70
0
 10
11735.112500000003
 20
27588.962499999994
 10
11735.112500000003
 20
28535.112499999992
 10
11146.150000000001
 20
28535.112499999992
 10
11146.150000000001
 20
27588.962499999994
 10
11735.112500000003
 20
27588.962499999994
  0
TEXT
  5
8B3
330
17
100
AcDbEntity
  8
NESTED_RESULT
100
AcDbText
 10
11440.631250000002
 20
28062.03749999999
 30
0.0
 40
80.0
  1
P-0293
 72
1
 11
11440.631250000002
 21
28062.03749999999
 31
0.0
100
AcDbText
 73
2
  0
LWPOLYLINE
  5
8B4
330
17
100
AcDbEntity
  8
NESTED_RESULT
100
AcDbPolyline
 90
5
 70
0
 10
12324.075000000004
 20
27000.0
 10
12324.075000000004
 20
27946.15
 10
11735.112500000003
 20
27946.15
 10
11735.112500000003
 20
27000.0
 10
12324.075000000004
 20
27000.0
  0
TEXT
  5
8B5
330
17
100
AcDbEntity
  8
NESTED_RESULT
100
AcDbText
 10
12029.593750000004
 20
27473.075
 30
0.0
 40
80.0
  1
P-0295
 72
1
 11
12029.593750000004
 21
27473.075
 31
0.0
100
AcDbText
 73
2
  0
LWPOLYLINE
  5
8B6
330
17
100
AcDbEntity
  8
NESTED_RESULT
100
AcDbPolyline
 90
5
 70
0
 10
12681.262499999997
 20
28535.112500000003
 10
11735.112500000003
 20
28535.112500000003
 10
11735.112500000003
 20
27946.15
 10
12681.262499999997
 20
27946.15
 10
12681.262499999997
 20
28535.112500000003
  0
TEXT
  5
8B7
330
17
100
AcDbEntity
  8
NESTED_RESULT
100
AcDbText
 10
12208.1875
 20
28240.631250000002
 30
0.0
 40
80.0
  1
P-0296
 72
1
 11
12208.1875
 21
28240.631250000002
 31
0.0
100
AcDbText
 73
2
  0
LWPOLYLINE
  5
8B8
330
17
100
AcDbEntity
  8
NESTED_RESULT
100
AcDbPolyline
 90
5
 70
0
 10
12913.037499999999
 20
27000.0
 10
12913.037499999999
 20
27946.149999999994
 10
12324.075000000004
 20
27946.149999999994
 10
12324.075000000004
 20
27000.0
 10
12913.037499999999
 20
27000.0
  0
TEXT
  5
8B9
330
17
100
AcDbEntity
  8
NESTED_RESULT
100
AcDbText
 10
12618.556250000001
 20
27473.074999999997
 30
0.0
 40
80.0
  1
P-0313
 72
1
 11
12618.556250000001
 21
27473.074999999997
 31
0.0
100
AcDbText
 73
2
  0
LWPOLYLINE
  5
8BA
330
17
100
AcDbEntity
  8
NESTED_RESULT
100
AcDbPolyline
 90
5
 70
0
 10
12681.262499999997
 20
27946.149999999994
 10
13138.462499999987
 20
27946.149999999994
 10
13138.462499999987
 20
28590.67499999999
 10
12681.262499999997
 20
28590.67499999999
 10
12681.262499999997
 20
27946.149999999994
  0
TEXT
  5
8BB
330
17
100
AcDbEntity
  8
NESTED_RESULT
100
AcDbText
 10
12909.862499999992
 20
28268.41249999999
 30
0.0
 40
80.0
  1
P-0646
 72
1
 11
12909.862499999992
 21
28268.41249999999
 31
0.0
100
AcDbText
 73
2
  0
LWPOLYLINE
  5
8BC
330
17
100
AcDbEntity
  8
NESTED_RESULT
100
AcDbPolyline
 90
5
 70
0
 10
12913.037499999999
 20
27000.0
 10
13370.237499999988
 20
27000.0
 10
13370.237499999988
 20
27644.524999999994
 10
12913.037499999999
 20
27644.524999999994
 10
12913.037499999999
 20
27000.0
  0
TEXT
  5
8BD
330
17
100
AcDbEntity
  8
NESTED_RESULT
100
AcDbText
 10
13141.637499999993
 20
27322.262499999997
 30
0.0
 40
80.0
  1
P-0647
 72
1
 11
13141.637499999993
 21
27322.262499999997
 31
0.0
100
AcDbText
 73
2
  0
LWPOLYLINE
  5
8BE
330
17
100
AcDbEntity
  8
NESTED_RESULT
 62
1
100
AcDbPolyline
 90
5
 70
0
 10
13600.0
 20
27000.0
 10
16800.0
 20
27000.0
 10
16800.0
 20
28600.0
 10
13600.0
 20
28600.0
 10
13600.0
 20
27000.0
  0
TEXT
  5
8BF
330
17
100
AcDbEntity
  8
NESTED_RESULT
 62
1
100
AcDbText
 10
13600.0
 20
28630.0
 30
0.0
 40
50.0
  1
Sheet_95
 11
13600.0
 21
28630.0
 31
0.0
100
AcDbText
 73
1
  0
LWPOLYLINE
  5
8C0
330
17
100
AcDbEntity
  8
NESTED_RESULT
100
AcDbPolyline
 90
5
 70
0
 10
13600.0
 20
27000.0
 10
15435.149999999987
 20
27000.0
 10
15435.149999999987
 20
27644.524999999994
 10
13600.0
 20
27644.524999999994
 10
13600.0
 20
27000.0
  0
TEXT
  5
8C1
330
17
100
AcDbEntity
  8
NESTED_RESULT
100
AcDbText
 10
14517.574999999993
 20
27322.262499999997
 30
0.0
 40
80.0
  1
P-0191
 72
1
 11
14517.574999999993
 21
27322.262499999997
 31
0.0
100
AcDbText
 73
2
  0
LWPOLYLINE
  5
8C2
330
17
100
AcDbEntity
  8
NESTED_RESULT
100
AcDbPolyline
 90
5
 70
0
 10
13600.0
 20
27644.524999999994
 10
15206.550000000003
 20
27644.524999999994
 10
15206.550000000003
 20
28289.04999999999
 10
13600.0
 20
28289.04999999999
 10
13600.0
 20
27644.524999999994
  0
TEXT
  5
8C3
330
17
100
AcDbEntity
  8
NESTED_RESULT
100
AcDbText
 10
14403.275000000001
 20
27966.78749999999
 30
0.0
 40
80.0
  1
P-0194
 72
1
 11
14403.275000000001
 21
27966.78749999999
 31
0.0
100
AcDbText
 73
2
  0
LWPOLYLINE
  5
8C4
330
17
100
AcDbEntity
  8
NESTED_RESULT
100
AcDbPolyline
 90
5
 70
0
 10
15795.512500000004
 20
27644.524999999994
 10
15795.512500000004
 20
28590.674999999996
 10
15206.550000000003
 20
28590.674999999996
 10
15206.550000000003
 20
27644.524999999994
 10
15795.512500000004
 20
27644.524999999994
  0
TEXT
  5
8C5
330
17
100
AcDbEntity
  8
NESTED_RESULT
100
AcDbText
 10
15501.031250000004
 20
28117.599999999995
 30
0.0
 40
80.0
  1
P-0282
 72
1
 11
15501.031250000004
 21
28117.599999999995
 31
0.0
100
AcDbText
 73
2
  0
LWPOLYLINE
  5
8C6
330
17
100
AcDbEntity
  8
NESTED_RESULT
100
AcDbPolyline
 90
5
 70
0
 10
15435.149999999987
 20
27000.0
 10
16381.299999999988
 20
27000.0
 10
16381.299999999988
 20
27588.9625
 10
15435.149999999987
 20
27588.9625
 10
15435.149999999987
 20
27000.0
  0
TEXT
  5
8C7
330
17
100
AcDbEntity
  8
NESTED_RESULT
100
AcDbText
 10
15908.224999999988
 20
27294.48125
 30
0.0
 40
80.0
  1
P-0283
 72
1
 11
15908.224999999988
 21
27294.48125
 31
0.0
100
AcDbText
 73
2
  0
LWPOLYLINE
  5
8C8
330
17
100
AcDbEntity
  8
NESTED_RESULT
100
AcDbPolyline
 90
5
 70
0
 10
16384.475000000006
 20
27588.9625
 10
16384.475000000006
 20
28535.112500000003
 10
15795.512500000004
 20
28535.112500000003
 10
15795.512500000004
 20
27588.9625
 10
16384.475000000006
 20
27588.9625
  0
TEXT
  5
8C9
330
17
100
AcDbEntity
  8
NESTED_RESULT
100
AcDbText
 10
16089.993750000005
 20
28062.037500000002
 30
0.0
 40
80.0
  1
P-0284
 72
1
 11
16089.993750000005
 21
28062.037500000002
 31
0.0
100
AcDbText
 73
2
  0
LWPOLYLINE
  5
8CA
330
17
100
AcDbEntity
  8
NESTED_RESULT
 62
1
100
AcDbPolyline
 90
5
 70
0
 10
17000.0
 20
27000.0
 10
20200.0
 20
27000.0
 10
20200.0
 20
28600.0
 10
17000.0
 20
28600.0
 10
17000.0
 20
27000.0
  0
TEXT
  5
8CB
330
17
100
AcDbEntity
  8
NESTED_RESULT
 62
1
100
AcDbText
 10
17000.0
 20
28630.0
 30
0.0
 40
50.0
  1
Sheet_96
 11
17000.0
 21
28630.0
 31
0.0
100
AcDbText
 73
1
  0
LWPOLYLINE
  5
8CC
330
17
100
AcDbEntity
  8
NESTED_RESULT
100
AcDbPolyline
 90
5
 70
0
 10
17588.96249999999
 20
27000.0
 10
17588.96249999999
 20
27946.15
 10
17000.0
 20
27946.15
 10
17000.0
 20
27000.0
 10
17588.96249999999
 20
27000.0
  0
TEXT
  5
8CD
330
17
100
AcDbEntity
  8
NESTED_RESULT
100
AcDbText
 10
17294.481249999997
 20
27473.075
 30
0.0
 40
80.0
  1
P-0321
 72
1
 11
17294.481249999997
 21
27473.075
 31
0.0
100
AcDbText
 73
2
  0
LWPOLYLINE
  5
8CE
330
17
100
AcDbEntity
  8
NESTED_RESULT
100
AcDbPolyline
 90
5
 70
0
 10
17000.0
 20
27946.15
 10
17946.15000000001
 20
27946.15
 10
17946.15000000001
 20
28535.112499999996
 10
17000.0
 20
28535.112499999996
 10
17000.0
 20
27946.15
  0
TEXT
  5
8CF
330
17
100
AcDbEntity
  8
NESTED_RESULT
100
AcDbText
 10
17473.075000000004
 20
28240.63125
 30
0.0
 40
80.0
  1
P-0291
 72
1
 11
17473.075000000004
 21
28240.63125
 31
0.0
100
AcDbText
 73
2
  0
LWPOLYLINE
  5
8D0
330
17
100
AcDbEntity
  8
NESTED_RESULT
100
AcDbPolyline
 90
5
 70
0
 10
17588.96249999999
 20
27000.0
 10
18535.112500000003
 20
27000.0
 10
18535.112500000003
 20
27588.962499999994
 10
17588.96249999999
 20
27588.962499999994
 10
17588.96249999999
 20
27000.0
  0
TEXT
  5
8D1
330
17
100
AcDbEntity
  8
NESTED_RESULT
100
AcDbText
 10
18062.0375
 20
27294.481249999997
 30
0.0
 40
80.0
  1
P-0285
 72
1
 11
18062.0375
 21
27294.481249999997
 31
0.0
100
AcDbText
 73
2
  0
LWPOLYLINE
  5
8D2
330
17
100
AcDbEntity
  8
NESTED_RESULT
100
AcDbPolyline
 90
5
 70
0
 10
18535.112500000003
 20
27588.962499999994
 10
18535.112500000003
 20
28535.112500000003
 10
17946.15000000001
 20
28535.112500000003
 10
17946.15000000001
 20
27588.962499999994
 10
18535.112500000003
 20
27588.962499999994
  0
TEXT
  5
8D3
330
17
100
AcDbEntity
  8
NESTED_RESULT
100
AcDbText
 10
18240.631250000006
 20
28062.0375
 30
0.0
 40
80.0
  1
P-0299
 72
1
 11
18240.631250000006
 21
28062.0375
 31
0.0
100
AcDbText
 73
2
  0
LWPOLYLINE
  5
8D4
330
17
100
AcDbEntity
  8
NESTED_RESULT
100
AcDbPolyline
 90
5
 70
0
 10
19124.075000000004
 20
27000.0
 10
19124.075000000004
 20
27946.15
 10
18535.112500000003
 20
27946.15
 10
18535.112500000003
 20
27000.0
 10
19124.075000000004
 20
27000.0
  0
TEXT
  5
8D5
330
17
100
AcDbEntity
  8
NESTED_RESULT
100
AcDbText
 10
18829.593750000007
 20
27473.075
 30
0.0
 40
80.0
  1
P-0280
 72
1
 11
18829.593750000007
 21
27473.075
 31
0.0
100
AcDbText
 73
2
  0
LWPOLYLINE
  5
8D6
330
17
100
AcDbEntity
  8
NESTED_RESULT
100
AcDbPolyline
 90
5
 70
0
 10
18535.575000000004
 20
27946.15
 10
19481.725000000006
 20
27946.15
 10
19481.725000000006
 20
28535.112499999992
 10
18535.575000000004
 20
28535.112499999992
 10
18535.575000000004
 20
27946.15
  0
TEXT
  5
8D7
330
17
100
AcDbEntity
  8
NESTED_RESULT
100
AcDbText
 10
19008.650000000005
 20
28240.63125
 30
0.0
 40
80.0
  1
P-0320
 72
1
 11
19008.650000000005
 21
28240.63125
 31
0.0
100
AcDbText
 73
2
  0
LWPOLYLINE
  5
8D8
330
17
100
AcDbEntity
  8
NESTED_RESULT
100
AcDbPolyline
 90
5
 70
0
 10
19713.0375
 20
27000.0
 10
19713.0375
 20
27946.149999999998
 10
19124.075000000008
 20
27946.149999999998
 10
19124.075000000008
 20
27000.0
 10
19713.0375
 20
27000.0
  0
TEXT
  5
8D9
330
17
100
AcDbEntity
  8
NESTED_RESULT
100
AcDbText
 10
19418.55625
 20
27473.074999999997
 30
0.0
 40
80.0
  1
P-0325
 72
1
 11
19418.55625
 21
27473.074999999997
 31
0.0
100
AcDbText
 73
2
  0
LWPOLYLINE
  5
8DA
330
17
100
AcDbEntity
  8
NESTED_RESULT
 62
1
100
AcDbPolyline
 90
5
 70
0
 10
0.0
 20
28800.0
 10
3200.0
 20
28800.0
 10
3200.0
 20
30400.0
 10
0.0
 20
30400.0
 10
0.0
 20
28800.0
  0
TEXT
  5
8DB
330
17
100
AcDbEntity
  8
NESTED_RESULT
 62
1
100
AcDbText
 10
0.0
 20
30430.0
 30
0.0
 40
50.0
  1
Sheet_97
 11
0.0
 21
30430.0
 31
0.0
100
AcDbText
 73
1
  0
LWPOLYLINE
  5
8DC
330
17
100
AcDbEntity
  8
NESTED_RESULT
100
AcDbPolyline
 90
5
 70
0
 10
0.0
 20
28800.0
 10
1835.1500000000005
 20
28800.0
 10
1835.1500000000005
 20
29444.525
 10
0.0
 20
29444.525
 10
0.0
 20
28800.0
  0
TEXT
  5
8DD
330
17
100
AcDbEntity
  8
NESTED_RESULT
100
AcDbText
 10
917.5750000000003
 20
29122.2625
 30
0.0
 40
80.0
  1
P-0151
 72
1
 11
917.5750000000003
 21
29122.2625
 31
0.0
100
AcDbText
 73
2
  0
LWPOLYLINE
  5
8DE
330
17
100
AcDbEntity
  8
NESTED_RESULT
100
AcDbPolyline
 90
5
 70
0
 10
0.0
 20
29444.525
 10
1835.15
 20
29444.525
 10
1835.15
 20
30089.050000000003
 10
0.0
 20
30089.050000000003
 10
0.0
 20
29444.525
  0
TEXT
  5
8DF
330
17
100
AcDbEntity
  8
NESTED_RESULT
100
AcDbText
 10
917.575
 20
29766.787500000002
 30
0.0
 40
80.0
  1
P-0153
 72
1
 11
917.575
 21
29766.787500000002
 31
0.0
100
AcDbText
 73
2
  0
LWPOLYLINE
  5
8E0
330
17
100
AcDbEntity
  8
NESTED_RESULT
100
AcDbPolyline
 90
5
 70
0
 10
1835.1500000000015
 20
29746.15000000001
 10
1835.1500000000015
 20
28800.0
 10
2424.11250000001
 20
28800.0
 10
2424.11250000001
 20
29746.15000000001
 10
1835.1500000000015
 20
29746.15000000001
  0
TEXT
  5
8E1
330
17
100
AcDbEntity
  8
NESTED_RESULT
100
AcDbText
 10
2129.631250000006
 20
29273.075000000004
 30
0.0
 40
80.0
  1
P-0269
 72
1
 11
2129.631250000006
 21
29273.075000000004
 31
0.0
100
AcDbText
 73
2
  0
LWPOLYLINE
  5
8E2
330
17
100
AcDbEntity
  8
NESTED_RESULT
100
AcDbPolyline
 90
5
 70
0
 10
3013.0750000000116
 20
28800.0
 10
3013.0750000000116
 20
29746.15
 10
2424.11250000001
 20
29746.15
 10
2424.11250000001
 20
28800.0
 10
3013.0750000000116
 20
28800.0
  0
TEXT
  5
8E3
330
17
100
AcDbEntity
  8
NESTED_RESULT
100
AcDbText
 10
2718.593750000011
 20
29273.075
 30
0.0
 40
80.0
  1
P-0275
 72
1
 11
2718.593750000011
 21
29273.075
 31
0.0
100
AcDbText
 73
2
  0
LWPOLYLINE
  5
8E4
330
17
100
AcDbEntity
  8
NESTED_RESULT
100
AcDbPolyline
 90
5
 70
0
 10
2781.300000000001
 20
30335.11250000001
 10
1835.1500000000015
 20
30335.11250000001
 10
1835.1500000000015
 20
29746.15000000001
 10
2781.300000000001
 20
29746.15000000001
 10
2781.300000000001
 20
30335.11250000001
  0
TEXT
  5
8E5
330
17
100
AcDbEntity
  8
NESTED_RESULT
100
AcDbText
 10
2308.2250000000013
 20
30040.63125000001
 30
0.0
 40
80.0
  1
P-0286
 72
1
 11
2308.2250000000013
 21
30040.63125000001
 31
0.0
100
AcDbText
 73
2
  0
LWPOLYLINE
  5
8E6
330
17
100
AcDbEntity
  8
NESTED_RESULT
 62
1
100
AcDbPolyline
 90
5
 70
0
 10
3400.0
 20
28800.0
 10
6600.0
 20
28800.0
 10
6600.0
 20
30400.0
 10
3400.0
 20
30400.0
 10
3400.0
 20
28800.0
  0
TEXT
  5
8E7
330
17
100
AcDbEntity
  8
NESTED_RESULT
 62
1
100
AcDbText
 10
3400.0
 20
30430.0
 30
0.0
 40
50.0
  1
Sheet_98
 11
3400.0
 21
30430.0
 31
0.0
100
AcDbText
 73
1
  0
LWPOLYLINE
  5
8E8
330
17
100
AcDbEntity
  8
NESTED_RESULT
100
AcDbPolyline
 90
5
 70
0
 10
5235.1500000000015
 20
29444.525
 10
3400.0
 20
29444.525
 10
3400.0
 20
28800.0
 10
5235.1500000000015
 20
28800.0
 10
5235.1500000000015
 20
29444.525
  0
TEXT
  5
8E9
330
17
100
AcDbEntity
  8
NESTED_RESULT
100
AcDbText
 10
4317.575000000001
 20
29122.2625
 30
0.0
 40
80.0
  1
P-0159
 72
1
 11
4317.575000000001
 21
29122.2625
 31
0.0
100
AcDbText
 73
2
  0
LWPOLYLINE
  5
8EA
330
17
100
AcDbEntity
  8
NESTED_RESULT
100
AcDbPolyline
 90
5
 70
0
 10
3400.0
 20
29444.525
 10
5235.15
 20
29444.525
 10
5235.15
 20
30089.050000000003
 10
3400.0
 20
30089.050000000003
 10
3400.0
 20
29444.525
  0
TEXT
  5
8EB
330
17
100
AcDbEntity
  8
NESTED_RESULT
100
AcDbText
 10
4317.575
 20
29766.787500000002
 30
0.0
 40
80.0
  1
P-0154
 72
1
 11
4317.575
 21
29766.787500000002
 31
0.0
100
AcDbText
 73
2
  0
LWPOLYLINE
  5
8EC
330
17
100
AcDbEntity
  8
NESTED_RESULT
100
AcDbPolyline
 90
5
 70
0
 10
5235.1500000000015
 20
28800.0
 10
5235.1500000000015
 20
30050.949999999997
 10
5824.112499999996
 20
30050.949999999997
 10
5824.112499999996
 20
28800.0
 10
5235.1500000000015
 20
28800.0
  0
TEXT
  5
8ED
330
17
100
AcDbEntity
  8
NESTED_RESULT
100
AcDbText
 10
5529.6312499999985
 20
29425.475
 30
0.0
 40
80.0
  1
P-0240
 72
1
 11
5529.6312499999985
 21
29425.475
 31
0.0
100
AcDbText
 73
2
  0
LWPOLYLINE
  5
8EE
330
17
100
AcDbEntity
  8
NESTED_RESULT
100
AcDbPolyline
 90
5
 70
0
 10
6413.074999999997
 20
28800.0
 10
6413.074999999997
 20
29898.550000000003
 10
5824.112499999996
 20
29898.550000000003
 10
5824.112499999996
 20
28800.0
 10
6413.074999999997
 20
28800.0
  0
TEXT
  5
8EF
330
17
100
AcDbEntity
  8
NESTED_RESULT
100
AcDbText
 10
6118.593749999996
 20
29349.275
 30
0.0
 40
80.0
  1
P-0253
 72
1
 11
6118.593749999996
 21
29349.275
 31
0.0
100
AcDbText
 73
2
  0
LWPOLYLINE
  5
8F0
330
17
100
AcDbEntity
  8
NESTED_RESULT
100
AcDbPolyline
 90
5
 70
0
 10
5824.112499999996
 20
30355.75
 10
5824.112499999996
 20
29898.550000000003
 10
6468.6374999999825
 20
29898.550000000003
 10
6468.6374999999825
 20
30355.75
 10
5824.112499999996
 20
30355.75
  0
TEXT
  5
8F1
330
17
100
AcDbEntity
  8
NESTED_RESULT
100
AcDbText
 10
6146.374999999989
 20
30127.15
 30
0.0
 40
80.0
  1
P-0601
 72
1
 11
6146.374999999989
 21
30127.15
 31
0.0
100
AcDbText
 73
2
  0
LWPOLYLINE
  5
8F2
330
17
100
AcDbEntity
  8
NESTED_RESULT
 62
1
100
AcDbPolyline
 90
5
 70
0
 10
6800.0
 20
28800.0
 10
10000.0
 20
28800.0
 10
10000.0
 20
30400.0
 10
6800.0
 20
30400.0
 10
6800.0
 20
28800.0
  0
TEXT
  5
8F3
330
17
100
AcDbEntity
  8
NESTED_RESULT
 62
1
100
AcDbText
 10
6800.0
 20
30430.0
 30
0.0
 40
50.0
  1
Sheet_99
 11
6800.0
 21
30430.0
 31
0.0
100
AcDbText
 73
1
  0
LWPOLYLINE
  5
8F4
330
17
100
AcDbEntity
  8
NESTED_RESULT
100
AcDbPolyline
 90
5
 70
0
 10
7388.9625000000015
 20
28800.0
 10
7388.9625000000015
 20
29746.15
 10
6800.0
 20
29746.15
 10
6800.0
 20
28800.0
 10
7388.9625000000015
 20
28800.0
  0
TEXT
  5
8F5
330
17
100
AcDbEntity
  8
NESTED_RESULT
100
AcDbText
 10
7094.481250000001
 20
29273.075
 30
0.0
 40
80.0
  1
P-0276
 72
1
 11
7094.481250000001
 21
29273.075
 31
0.0
100
AcDbText
 73
2
  0
LWPOLYLINE
  5
8F6
330
17
100
AcDbEntity
  8
NESTED_RESULT
100
AcDbPolyline
 90
5
 70
0
 10
6800.0
 20
29746.15
 10
7746.1500000000015
 20
29746.15
 10
7746.1500000000015
 20
30335.112500000003
 10
6800.0
 20
30335.112500000003
 10
6800.0
 20
29746.15
  0
TEXT
  5
8F7
330
17
100
AcDbEntity
  8
NESTED_RESULT
100
AcDbText
 10
7273.075000000001
 20
30040.631250000002
 30
0.0
 40
80.0
  1
P-0277
 72
1
 11
7273.075000000001
 21
30040.631250000002
 31
0.0
100
AcDbText
 73
2
  0
LWPOLYLINE
  5
8F8
330
17
100
AcDbEntity
  8
NESTED_RESULT
100
AcDbPolyline
 90
5
 70
0
 10
7977.925000000003
 20
28800.0
 10
7977.925000000003
 20
29746.15
 10
7388.9625000000015
 20
29746.15
 10
7388.9625000000015
 20
28800.0
 10
7977.925000000003
 20
28800.0
  0
TEXT
  5
8F9
330
17
100
AcDbEntity
  8
NESTED_RESULT
100
AcDbText
 10
7683.443750000002
 20
29273.075
 30
0.0
 40
80.0
  1
P-0281
 72
1
 11
7683.443750000002
 21
29273.075
 31
0.0
100
AcDbText
 73
2
  0
LWPOLYLINE
  5
8FA
330
17
100
AcDbEntity
  8
NESTED_RESULT
100
AcDbPolyline
 90
5
 70
0
 10
8566.887500000004
 20
28800.0
 10
8566.887500000004
 20
29746.149999999998
 10
7977.925000000003
 20
29746.149999999998
 10
7977.925000000003
 20
28800.0
 10
8566.887500000004
 20
28800.0
  0
TEXT
  5
8FB
330
17
100
AcDbEntity
  8
NESTED_RESULT
100
AcDbText
 10
8272.406250000004
 20
29273.074999999997
 30
0.0
 40
80.0
  1
P-0288
 72
1
 11
8272.406250000004
 21
29273.074999999997
 31
0.0
100
AcDbText
 73
2
  0
LWPOLYLINE
  5
8FC
330
17
100
AcDbEntity
  8
NESTED_RESULT
100
AcDbPolyline
 90
5
 70
0
 10
8692.575000000003
 20
30335.112500000003
 10
7746.425000000003
 20
30335.112500000003
 10
7746.425000000003
 20
29746.15
 10
8692.575000000003
 20
29746.15
 10
8692.575000000003
 20
30335.112500000003
  0
TEXT
  5
8FD
330
17
100
AcDbEntity
  8
NESTED_RESULT
100
AcDbText
 10
8219.500000000004
 20
30040.631250000002
 30
0.0
 40
80.0
  1
P-0289
 72
1
 11
8219.500000000004
 21
30040.631250000002
 31
0.0
100
AcDbText
 73
2
  0
LWPOLYLINE
  5
8FE
330
17
100
AcDbEntity
  8
NESTED_RESULT
100
AcDbPolyline
 90
5
 70
0
 10
8692.575000000004
 20
28800.0
 10
8692.575000000004
 20
30050.949999999997
 10
9281.537499999999
 20
30050.949999999997
 10
9281.537499999999
 20
28800.0
 10
8692.575000000004
 20
28800.0
  0
TEXT
  5
8FF
330
17
100
AcDbEntity
  8
NESTED_RESULT
100
AcDbText
 10
8987.056250000001
 20
29425.475
 30
0.0
 40
80.0
  1
P-0215
 72
1
 11
8987.056250000001
 21
29425.475
 31
0.0
100
AcDbText
 73
2
  0
LWPOLYLINE
  5
900
330
17
100
AcDbEntity
  8
NESTED_RESULT
100
AcDbPolyline
 90
5
 70
0
 10
9281.537499999999
 20
28800.0
 10
9281.537499999999
 20
30050.949999999997
 10
9870.499999999993
 20
30050.949999999997
 10
9870.499999999993
 20
28800.0
 10
9281.537499999999
 20
28800.0
  0
TEXT
  5
901
330
17
100
AcDbEntity
  8
NESTED_RESULT
100
AcDbText
 10
9576.018749999996
 20
29425.475
 30
0.0
 40
80.0
  1
P-0222
 72
1
 11
9576.018749999996
 21
29425.475
 31
0.0
100
AcDbText
 73
2
  0
LWPOLYLINE
  5
902
330
17
100
AcDbEntity
  8
NESTED_RESULT
 62
1
100
AcDbPolyline
 90
5
 70
0
 10
10200.0
 20
28800.0
 10
13400.0
 20
28800.0
 10
13400.0
 20
30400.0
 10
10200.0
 20
30400.0
 10
10200.0
 20
28800.0
  0
TEXT
  5
903
330
17
100
AcDbEntity
  8
NESTED_RESULT
 62
1
100
AcDbText
 10
10200.0
 20
30430.0
 30
0.0
 40
50.0
  1
Sheet_100
 11
10200.0
 21
30430.0
 31
0.0
100
AcDbText
 73
1
  0
LWPOLYLINE
  5
904
330
17
100
AcDbEntity
  8
NESTED_RESULT
100
AcDbPolyline
 90
5
 70
0
 10
10788.96249999998
 20
28800.0
 10
10788.96249999998
 20
29974.750000000015
 10
10200.0
 20
29974.750000000015
 10
10200.0
 20
28800.0
 10
10788.96249999998
 20
28800.0
  0
TEXT
  5
905
330
17
100
AcDbEntity
  8
NESTED_RESULT
100
AcDbText
 10
10494.48124999999
 20
29387.375000000007
 30
0.0
 40
80.0
  1
P-0246
 72
1
 11
10494.48124999999
 21
29387.375000000007
 31
0.0
100
AcDbText
 73
2
  0
LWPOLYLINE
  5
906
330
17
100
AcDbEntity
  8
NESTED_RESULT
100
AcDbPolyline
 90
5
 70
0
 10
10788.96249999998
 20
28800.0
 10
10788.96249999998
 20
30050.949999999997
 10
11377.924999999974
 20
30050.949999999997
 10
11377.924999999974
 20
28800.0
 10
10788.96249999998
 20
28800.0
  0
TEXT
  5
907
330
17
100
AcDbEntity
  8
NESTED_RESULT
100
AcDbText
 10
11083.443749999977
 20
29425.475
 30
0.0
 40
80.0
  1
P-0239
 72
1
 11
11083.443749999977
 21
29425.475
 31
0.0
100
AcDbText
 73
2
  0
LWPOLYLINE
  5
908
330
17
100
AcDbEntity
  8
NESTED_RESULT
100
AcDbPolyline
 90
5
 70
0
 10
11966.887499999953
 20
28800.0
 10
11966.887499999953
 20
29974.75
 10
11377.924999999974
 20
29974.75
 10
11377.924999999974
 20
28800.0
 10
11966.887499999953
 20
28800.0
  0
TEXT
  5
909
330
17
100
AcDbEntity
  8
NESTED_RESULT
100
AcDbText
 10
11672.406249999964
 20
29387.375
 30
0.0
 40
80.0
  1
P-0248
 72
1
 11
11672.406249999964
 21
29387.375
 31
0.0
100
AcDbText
 73
2
  0
LWPOLYLINE
  5
90A
330
17
100
AcDbEntity
  8
NESTED_RESULT
100
AcDbPolyline
 90
5
 70
0
 10
12555.849999999948
 20
28800.0
 10
12555.849999999948
 20
29898.550000000003
 10
11966.887499999953
 20
29898.550000000003
 10
11966.887499999953
 20
28800.0
 10
12555.849999999948
 20
28800.0
  0
TEXT
  5
90B
330
17
100
AcDbEntity
  8
NESTED_RESULT
100
AcDbText
 10
12261.36874999995
 20
29349.275
 30
0.0
 40
80.0
  1
P-0262
 72
1
 11
12261.36874999995
 21
29349.275
 31
0.0
100
AcDbText
 73
2
  0
LWPOLYLINE
  5
90C
330
17
100
AcDbEntity
  8
NESTED_RESULT
100
AcDbPolyline
 90
5
 70
0
 10
13144.812499999942
 20
28800.0
 10
13144.812499999942
 20
29898.54999999999
 10
12555.849999999948
 20
29898.54999999999
 10
12555.849999999948
 20
28800.0
 10
13144.812499999942
 20
28800.0
  0
TEXT
  5
90D
330
17
100
AcDbEntity
  8
NESTED_RESULT
100
AcDbText
 10
12850.331249999945
 20
29349.274999999994
 30
0.0
 40
80.0
  1
P-0258
 72
1
 11
12850.331249999945
 21
29349.274999999994
 31
0.0
100
AcDbText
 73
2
  0
LWPOLYLINE
  5
90E
330
17
100
AcDbEntity
  8
NESTED_RESULT
100
AcDbPolyline
 90
5
 70
0
 10
12611.41249999994
 20
29898.550000000003
 10
12611.41249999994
 20
30355.749999999993
 10
11966.887499999953
 20
30355.749999999993
 10
11966.887499999953
 20
29898.550000000003
 10
12611.41249999994
 20
29898.550000000003
  0
TEXT
  5
90F
330
17
100
AcDbEntity
  8
NESTED_RESULT
100
AcDbText
 10
12289.149999999947
 20
30127.149999999998
 30
0.0
 40
80.0
  1
P-0657
 72
1
 11
12289.149999999947
 21
30127.149999999998
 31
0.0
100
AcDbText
 73
2
  0
LWPOLYLINE
  5
910
330
17
100
AcDbEntity
  8
NESTED_RESULT
100
AcDbPolyline
 90
5
 70
0
 10
13255.937499999927
 20
29898.54999999999
 10
13255.937499999927
 20
30355.749999999978
 10
12611.41249999994
 20
30355.749999999978
 10
12611.41249999994
 20
29898.54999999999
 10
13255.937499999927
 20
29898.54999999999
  0
TEXT
  5
911
330
17
100
AcDbEntity
  8
NESTED_RESULT
100
AcDbText
 10
12933.674999999934
 20
30127.149999999983
 30
0.0
 40
80.0
  1
P-0653
 72
1
 11
12933.674999999934
 21
30127.149999999983
 31
0.0
100
AcDbText
 73
2
  0
LWPOLYLINE
  5
912
330
17
100
AcDbEntity
  8
NESTED_RESULT
 62
1
100
AcDbPolyline
 90
5
 70
0
 10
13600.0
 20
28800.0
 10
16800.0
 20
28800.0
 10
16800.0
 20
30400.0
 10
13600.0
 20
30400.0
 10
13600.0
 20
28800.0
  0
TEXT
  5
913
330
17
100
AcDbEntity
  8
NESTED_RESULT
 62
1
100
AcDbText
 10
13600.0
 20
30430.0
 30
0.0
 40
50.0
  1
Sheet_101
 11
13600.0
 21
30430.0
 31
0.0
100
AcDbText
 73
1
  0
LWPOLYLINE
  5
914
330
17
100
AcDbEntity
  8
NESTED_RESULT
100
AcDbPolyline
 90
5
 70
0
 10
14188.962499999994
 20
28800.0
 10
14188.962499999994
 20
29898.550000000003
 10
13600.0
 20
29898.550000000003
 10
13600.0
 20
28800.0
 10
14188.962499999994
 20
28800.0
  0
TEXT
  5
915
330
17
100
AcDbEntity
  8
NESTED_RESULT
100
AcDbText
 10
13894.481249999997
 20
29349.275
 30
0.0
 40
80.0
  1
P-0261
 72
1
 11
13894.481249999997
 21
29349.275
 31
0.0
100
AcDbText
 73
2
  0
LWPOLYLINE
  5
916
330
17
100
AcDbEntity
  8
NESTED_RESULT
100
AcDbPolyline
 90
5
 70
0
 10
14777.924999999988
 20
28800.0
 10
14777.924999999988
 20
29898.54999999999
 10
14188.962499999994
 20
29898.54999999999
 10
14188.962499999994
 20
28800.0
 10
14777.924999999988
 20
28800.0
  0
TEXT
  5
917
330
17
100
AcDbEntity
  8
NESTED_RESULT
100
AcDbText
 10
14483.443749999991
 20
29349.274999999994
 30
0.0
 40
80.0
  1
P-0263
 72
1
 11
14483.443749999991
 21
29349.274999999994
 31
0.0
100
AcDbText
 73
2
  0
LWPOLYLINE
  5
918
330
17
100
AcDbEntity
  8
NESTED_RESULT
100
AcDbPolyline
 90
5
 70
0
 10
15366.887499999983
 20
28800.0
 10
15366.887499999983
 20
29746.15
 10
14777.924999999988
 20
29746.15
 10
14777.924999999988
 20
28800.0
 10
15366.887499999983
 20
28800.0
  0
TEXT
  5
919
330
17
100
AcDbEntity
  8
NESTED_RESULT
100
AcDbText
 10
15072.406249999985
 20
29273.075
 30
0.0
 40
80.0
  1
P-0315
 72
1
 11
15072.406249999985
 21
29273.075
 31
0.0
100
AcDbText
 73
2
  0
LWPOLYLINE
  5
91A
330
17
100
AcDbEntity
  8
NESTED_RESULT
100
AcDbPolyline
 90
5
 70
0
 10
14777.924999999988
 20
29746.15
 10
15724.074999999986
 20
29746.15
 10
15724.074999999986
 20
30335.112499999996
 10
14777.924999999988
 20
30335.112499999996
 10
14777.924999999988
 20
29746.15
  0
TEXT
  5
91B
330
17
100
AcDbEntity
  8
NESTED_RESULT
100
AcDbText
 10
15250.999999999987
 20
30040.63125
 30
0.0
 40
80.0
  1
P-0314
 72
1
 11
15250.999999999987
 21
30040.63125
 31
0.0
100
AcDbText
 73
2
  0
LWPOLYLINE
  5
91C
330
17
100
AcDbEntity
  8
NESTED_RESULT
100
AcDbPolyline
 90
5
 70
0
 10
15955.849999999973
 20
28800.0
 10
15955.849999999973
 20
29746.149999999998
 10
15366.887499999983
 20
29746.149999999998
 10
15366.887499999983
 20
28800.0
 10
15955.849999999973
 20
28800.0
  0
TEXT
  5
91D
330
17
100
AcDbEntity
  8
NESTED_RESULT
100
AcDbText
 10
15661.368749999978
 20
29273.074999999997
 30
0.0
 40
80.0
  1
P-0324
 72
1
 11
15661.368749999978
 21
29273.074999999997
 31
0.0
100
AcDbText
 73
2
  0
LWPOLYLINE
  5
91E
330
17
100
AcDbEntity
  8
NESTED_RESULT
100
AcDbPolyline
 90
5
 70
0
 10
16544.812499999967
 20
28800.0
 10
16544.812499999967
 20
29593.75
 10
15955.849999999973
 20
29593.75
 10
15955.849999999973
 20
28800.0
 10
16544.812499999967
 20
28800.0
  0
TEXT
  5
91F
330
17
100
AcDbEntity
  8
NESTED_RESULT
100
AcDbText
 10
16250.33124999997
 20
29196.875
 30
0.0
 40
80.0
  1
P-0446
 72
1
 11
16250.33124999997
 21
29196.875
 31
0.0
100
AcDbText
 73
2
  0
LWPOLYLINE
  5
920
330
17
100
AcDbEntity
  8
NESTED_RESULT
100
AcDbPolyline
 90
5
 70
0
 10
15724.074999999986
 20
29746.15000000001
 10
16517.824999999986
 20
29746.15000000001
 10
16517.824999999986
 20
30335.112500000003
 10
15724.074999999986
 20
30335.112500000003
 10
15724.074999999986
 20
29746.15000000001
  0
TEXT
  5
921
330
17
100
AcDbEntity
  8
NESTED_RESULT
100
AcDbText
 10
16120.949999999986
 20
30040.631250000006
 30
0.0
 40
80.0
  1
P-0440
 72
1
 11
16120.949999999986
 21
30040.631250000006
 31
0.0
100
AcDbText
 73
2
  0
LWPOLYLINE
  5
922
330
17
100
AcDbEntity
  8
NESTED_RESULT
100
AcDbPolyline
 90
5
 70
0
 10
14244.524999999987
 20
29898.550000000003
 10
14244.524999999987
 20
30355.75
 10
13600.0
 20
30355.75
 10
13600.0
 20
29898.550000000003
 10
14244.524999999987
 20
29898.550000000003
  0
TEXT
  5
923
330
17
100
AcDbEntity
  8
NESTED_RESULT
100
AcDbText
 10
13922.262499999993
 20
30127.15
 30
0.0
 40
80.0
  1
P-0656
 72
1
 11
13922.262499999993
 21
30127.15
 31
0.0
100
AcDbText
 73
2
  0
LWPOLYLINE
  5
924
330
17
100
AcDbEntity
  8
NESTED_RESULT
 62
1
100
AcDbPolyline
 90
5
 70
0
 10
17000.0
 20
28800.0
 10
20200.0
 20
28800.0
 10
20200.0
 20
30400.0
 10
17000.0
 20
30400.0
 10
17000.0
 20
28800.0
  0
TEXT
  5
925
330
17
100
AcDbEntity
  8
NESTED_RESULT
 62
1
100
AcDbText
 10
17000.0
 20
30430.0
 30
0.0
 40
50.0
  1
Sheet_102
 11
17000.0
 21
30430.0
 31
0.0
100
AcDbText
 73
1
  0
LWPOLYLINE
  5
926
330
17
100
AcDbEntity
  8
NESTED_RESULT
100
AcDbPolyline
 90
5
 70
0
 10
17588.962499999994
 20
28800.0
 10
17588.962499999994
 20
29593.75
 10
17000.0
 20
29593.75
 10
17000.0
 20
28800.0
 10
17588.962499999994
 20
28800.0
  0
TEXT
  5
927
330
17
100
AcDbEntity
  8
NESTED_RESULT
100
AcDbText
 10
17294.481249999997
 20
29196.875
 30
0.0
 40
80.0
  1
P-0452
 72
1
 11
17294.481249999997
 21
29196.875
 31
0.0
100
AcDbText
 73
2
  0
LWPOLYLINE
  5
928
330
17
100
AcDbEntity
  8
NESTED_RESULT
100
AcDbPolyline
 90
5
 70
0
 10
17588.962499999994
 20
29593.75
 10
17588.962499999994
 20
30387.5
 10
17000.0
 20
30387.5
 10
17000.0
 20
29593.75
 10
17588.962499999994
 20
29593.75
  0
TEXT
  5
929
330
17
100
AcDbEntity
  8
NESTED_RESULT
100
AcDbText
 10
17294.481249999997
 20
29990.625
 30
0.0
 40
80.0
  1
P-0441
 72
1
 11
17294.481249999997
 21
29990.625
 31
0.0
100
AcDbText
 73
2
  0
LWPOLYLINE
  5
92A
330
17
100
AcDbEntity
  8
NESTED_RESULT
100
AcDbPolyline
 90
5
 70
0
 10
18177.92499999999
 20
28800.0
 10
18177.92499999999
 20
29593.75
 10
17588.962499999994
 20
29593.75
 10
17588.962499999994
 20
28800.0
 10
18177.92499999999
 20
28800.0
  0
TEXT
  5
92B
330
17
100
AcDbEntity
  8
NESTED_RESULT
100
AcDbText
 10
17883.44374999999
 20
29196.875
 30
0.0
 40
80.0
  1
P-0447
 72
1
 11
17883.44374999999
 21
29196.875
 31
0.0
100
AcDbText
 73
2
  0
LWPOLYLINE
  5
92C
330
17
100
AcDbEntity
  8
NESTED_RESULT
100
AcDbPolyline
 90
5
 70
0
 10
18177.9249999999
 20
29593.75
 10
18177.9249999999
 20
30387.5
 10
17588.962499999994
 20
30387.5
 10
17588.962499999994
 20
29593.75
 10
18177.9249999999
 20
29593.75
  0
TEXT
  5
92D
330
17
100
AcDbEntity
  8
NESTED_RESULT
100
AcDbText
 10
17883.443749999948
 20
29990.625
 30
0.0
 40
80.0
  1
P-0466
 72
1
 11
17883.443749999948
 21
29990.625
 31
0.0
100
AcDbText
 73
2
  0
LWPOLYLINE
  5
92E
330
17
100
AcDbEntity
  8
NESTED_RESULT
100
AcDbPolyline
 90
5
 70
0
 10
18766.887499999895
 20
29593.75
 10
18766.887499999895
 20
30387.5
 10
18177.9249999999
 20
30387.5
 10
18177.9249999999
 20
29593.75
 10
18766.887499999895
 20
29593.75
  0
TEXT
  5
92F
330
17
100
AcDbEntity
  8
NESTED_RESULT
100
AcDbText
 10
18472.406249999898
 20
29990.625
 30
0.0
 40
80.0
  1
P-0439
 72
1
 11
18472.406249999898
 21
29990.625
 31
0.0
100
AcDbText
 73
2
  0
LWPOLYLINE
  5
930
330
17
100
AcDbEntity
  8
NESTED_RESULT
100
AcDbPolyline
 90
5
 70
0
 10
18766.887499999983
 20
28800.0
 10
18766.887499999983
 20
29593.75
 10
18177.92499999999
 20
29593.75
 10
18177.92499999999
 20
28800.0
 10
18766.887499999983
 20
28800.0
  0
TEXT
  5
931
330
17
100
AcDbEntity
  8
NESTED_RESULT
100
AcDbText
 10
18472.406249999985
 20
29196.875
 30
0.0
 40
80.0
  1
P-0444
 72
1
 11
18472.406249999985
 21
29196.875
 31
0.0
100
AcDbText
 73
2
  0
LWPOLYLINE
  5
932
330
17
100
AcDbEntity
  8
NESTED_RESULT
100
AcDbPolyline
 90
5
 70
0
 10
19355.84999999989
 20
29593.75
 10
19355.84999999989
 20
30387.5
 10
18766.887499999895
 20
30387.5
 10
18766.887499999895
 20
29593.75
 10
19355.84999999989
 20
29593.75
  0
TEXT
  5
933
330
17
100
AcDbEntity
  8
NESTED_RESULT
100
AcDbText
 10
19061.368749999892
 20
29990.625
 30
0.0
 40
80.0
  1
P-0433
 72
1
 11
19061.368749999892
 21
29990.625
 31
0.0
100
AcDbText
 73
2
  0
LWPOLYLINE
  5
934
330
17
100
AcDbEntity
  8
NESTED_RESULT
100
AcDbPolyline
 90
5
 70
0
 10
19355.849999999977
 20
28800.0
 10
19355.849999999977
 20
29593.75
 10
18766.887499999983
 20
29593.75
 10
18766.887499999983
 20
28800.0
 10
19355.849999999977
 20
28800.0
  0
TEXT
  5
935
330
17
100
AcDbEntity
  8
NESTED_RESULT
100
AcDbText
 10
19061.36874999998
 20
29196.875
 30
0.0
 40
80.0
  1
P-0434
 72
1
 11
19061.36874999998
 21
29196.875
 31
0.0
100
AcDbText
 73
2
  0
LWPOLYLINE
  5
936
330
17
100
AcDbEntity
  8
NESTED_RESULT
100
AcDbPolyline
 90
5
 70
0
 10
19944.812499999884
 20
29593.75
 10
19944.812499999884
 20
30387.5
 10
19355.84999999989
 20
30387.5
 10
19355.84999999989
 20
29593.75
 10
19944.812499999884
 20
29593.75
  0
TEXT
  5
937
330
17
100
AcDbEntity
  8
NESTED_RESULT
100
AcDbText
 10
19650.331249999886
 20
29990.625
 30
0.0
 40
80.0
  1
P-0435
 72
1
 11
19650.331249999886
 21
29990.625
 31
0.0
100
AcDbText
 73
2
  0
LWPOLYLINE
  5
938
330
17
100
AcDbEntity
  8
NESTED_RESULT
100
AcDbPolyline
 90
5
 70
0
 10
19944.81249999997
 20
28800.0
 10
19944.81249999997
 20
29593.75
 10
19355.849999999977
 20
29593.75
 10
19355.849999999977
 20
28800.0
 10
19944.81249999997
 20
28800.0
  0
TEXT
  5
939
330
17
100
AcDbEntity
  8
NESTED_RESULT
100
AcDbText
 10
19650.331249999974
 20
29196.875
 30
0.0
 40
80.0
  1
P-0436
 72
1
 11
19650.331249999974
 21
29196.875
 31
0.0
100
AcDbText
 73
2
  0
LWPOLYLINE
  5
93A
330
17
100
AcDbEntity
  8
NESTED_RESULT
 62
1
100
AcDbPolyline
 90
5
 70
0
 10
0.0
 20
30600.0
 10
3200.0
 20
30600.0
 10
3200.0
 20
32200.0
 10
0.0
 20
32200.0
 10
0.0
 20
30600.0
  0
TEXT
  5
93B
330
17
100
AcDbEntity
  8
NESTED_RESULT
 62
1
100
AcDbText
 10
0.0
 20
32230.0
 30
0.0
 40
50.0
  1
Sheet_103
 11
0.0
 21
32230.0
 31
0.0
100
AcDbText
 73
1
  0
LWPOLYLINE
  5
93C
330
17
100
AcDbEntity
  8
NESTED_RESULT
100
AcDbPolyline
 90
5
 70
0
 10
588.9624999999942
 20
30600.0
 10
588.9624999999942
 20
31393.75
 10
0.0
 20
31393.75
 10
0.0
 20
30600.0
 10
588.9624999999942
 20
30600.0
  0
TEXT
  5
93D
330
17
100
AcDbEntity
  8
NESTED_RESULT
100
AcDbText
 10
294.4812499999971
 20
30996.875
 30
0.0
 40
80.0
  1
P-0443
 72
1
 11
294.4812499999971
 21
30996.875
 31
0.0
100
AcDbText
 73
2
  0
LWPOLYLINE
  5
93E
330
17
100
AcDbEntity
  8
NESTED_RESULT
100
AcDbPolyline
 90
5
 70
0
 10
588.9624999999942
 20
31393.75
 10
588.9624999999942
 20
32187.5
 10
0.0
 20
32187.5
 10
0.0
 20
31393.75
 10
588.9624999999942
 20
31393.75
  0
TEXT
  5
93F
330
17
100
AcDbEntity
  8
NESTED_RESULT
100
AcDbText
 10
294.4812499999971
 20
31790.625
 30
0.0
 40
80.0
  1
P-0432
 72
1
 11
294.4812499999971
 21
31790.625
 31
0.0
100
AcDbText
 73
2
  0
LWPOLYLINE
  5
940
330
17
100
AcDbEntity
  8
NESTED_RESULT
100
AcDbPolyline
 90
5
 70
0
 10
1177.9249999999884
 20
30600.0
 10
1177.9249999999884
 20
31393.75
 10
588.9624999999942
 20
31393.75
 10
588.9624999999942
 20
30600.0
 10
1177.9249999999884
 20
30600.0
  0
TEXT
  5
941
330
17
100
AcDbEntity
  8
NESTED_RESULT
100
AcDbText
 10
883.4437499999913
 20
30996.875
 30
0.0
 40
80.0
  1
P-0437
 72
1
 11
883.4437499999913
 21
30996.875
 31
0.0
100
AcDbText
 73
2
  0
LWPOLYLINE
  5
942
330
17
100
AcDbEntity
  8
NESTED_RESULT
100
AcDbPolyline
 90
5
 70
0
 10
1177.9249999999884
 20
31393.75
 10
1177.9249999999884
 20
32187.5
 10
588.9624999999942
 20
32187.5
 10
588.9624999999942
 20
31393.75
 10
1177.9249999999884
 20
31393.75
  0
TEXT
  5
943
330
17
100
AcDbEntity
  8
NESTED_RESULT
100
AcDbText
 10
883.4437499999913
 20
31790.625
 30
0.0
 40
80.0
  1
P-0445
 72
1
 11
883.4437499999913
 21
31790.625
 31
0.0
100
AcDbText
 73
2
  0
LWPOLYLINE
  5
944
330
17
100
AcDbEntity
  8
NESTED_RESULT
100
AcDbPolyline
 90
5
 70
0
 10
1766.8874999999825
 20
30600.0
 10
1766.8874999999825
 20
31393.75
 10
1177.9249999999884
 20
31393.75
 10
1177.9249999999884
 20
30600.0
 10
1766.8874999999825
 20
30600.0
  0
TEXT
  5
945
330
17
100
AcDbEntity
  8
NESTED_RESULT
100
AcDbText
 10
1472.4062499999854
 20
30996.875
 30
0.0
 40
80.0
  1
P-0442
 72
1
 11
1472.4062499999854
 21
30996.875
 31
0.0
100
AcDbText
 73
2
  0
LWPOLYLINE
  5
946
330
17
100
AcDbEntity
  8
NESTED_RESULT
100
AcDbPolyline
 90
5
 70
0
 10
1766.8874999999825
 20
31393.75
 10
1766.8874999999825
 20
32187.5
 10
1177.9249999999884
 20
32187.5
 10
1177.9249999999884
 20
31393.75
 10
1766.8874999999825
 20
31393.75
  0
TEXT
  5
947
330
17
100
AcDbEntity
  8
NESTED_RESULT
100
AcDbText
 10
1472.4062499999854
 20
31790.625
 30
0.0
 40
80.0
  1
P-0438
 72
1
 11
1472.4062499999854
 21
31790.625
 31
0.0
100
AcDbText
 73
2
  0
LWPOLYLINE
  5
948
330
17
100
AcDbEntity
  8
NESTED_RESULT
100
AcDbPolyline
 90
5
 70
0
 10
1766.8874999999825
 20
30600.0
 10
2224.0874999999724
 20
30600.0
 10
2224.0874999999724
 20
31244.52499999998
 10
1766.8874999999825
 20
31244.52499999998
 10
1766.8874999999825
 20
30600.0
  0
TEXT
  5
949
330
17
100
AcDbEntity
  8
NESTED_RESULT
100
AcDbText
 10
1995.4874999999774
 20
30922.26249999999
 30
0.0
 40
80.0
  1
P-0661
 72
1
 11
1995.4874999999774
 21
30922.26249999999
 31
0.0
100
AcDbText
 73
2
  0
LWPOLYLINE
  5
94A
330
17
100
AcDbEntity
  8
NESTED_RESULT
100
AcDbPolyline
 90
5
 70
0
 10
1766.8874999999825
 20
31244.52499999998
 10
2224.0874999999724
 20
31244.52499999998
 10
2224.0874999999724
 20
31889.04999999996
 10
1766.8874999999825
 20
31889.04999999996
 10
1766.8874999999825
 20
31244.52499999998
  0
TEXT
  5
94B
330
17
100
AcDbEntity
  8
NESTED_RESULT
100
AcDbText
 10
1995.4874999999774
 20
31566.78749999997
 30
0.0
 40
80.0
  1
P-0660
 72
1
 11
1995.4874999999774
 21
31566.78749999997
 31
0.0
100
AcDbText
 73
2
  0
LWPOLYLINE
  5
94C
330
17
100
AcDbEntity
  8
NESTED_RESULT
100
AcDbPolyline
 90
5
 70
0
 10
2224.0874999999724
 20
30600.0
 10
2681.287499999962
 20
30600.0
 10
2681.287499999962
 20
31244.524999999987
 10
2224.0874999999724
 20
31244.524999999987
 10
2224.0874999999724
 20
30600.0
  0
TEXT
  5
94D
330
17
100
AcDbEntity
  8
NESTED_RESULT
100
AcDbText
 10
2452.6874999999673
 20
30922.262499999993
 30
0.0
 40
80.0
  1
P-0654
 72
1
 11
2452.6874999999673
 21
30922.262499999993
 31
0.0
100
AcDbText
 73
2
  0
LWPOLYLINE
  5
94E
330
17
100
AcDbEntity
  8
NESTED_RESULT
100
AcDbPolyline
 90
5
 70
0
 10
2224.0874999999724
 20
31244.524999999994
 10
2681.287499999962
 20
31244.524999999994
 10
2681.287499999962
 20
31889.049999999974
 10
2224.0874999999724
 20
31889.049999999974
 10
2224.0874999999724
 20
31244.524999999994
  0
TEXT
  5
94F
330
17
100
AcDbEntity
  8
NESTED_RESULT
100
AcDbText
 10
2452.6874999999673
 20
31566.787499999984
 30
0.0
 40
80.0
  1
P-0659
 72
1
 11
2452.6874999999673
 21
31566.787499999984
 31
0.0
100
AcDbText
 73
2
  0
LWPOLYLINE
  5
950
330
17
100
AcDbEntity
  8
NESTED_RESULT
100
AcDbPolyline
 90
5
 70
0
 10
2681.287499999962
 20
30600.0
 10
3138.487499999952
 20
30600.0
 10
3138.487499999952
 20
31244.52499999998
 10
2681.287499999962
 20
31244.52499999998
 10
2681.287499999962
 20
30600.0
  0
TEXT
  5
951
330
17
100
AcDbEntity
  8
NESTED_RESULT
100
AcDbText
 10
2909.887499999957
 20
30922.26249999999
 30
0.0
 40
80.0
  1
P-0658
 72
1
 11
2909.887499999957
 21
30922.26249999999
 31
0.0
100
AcDbText
 73
2
  0
LWPOLYLINE
  5
952
330
17
100
AcDbEntity
  8
NESTED_RESULT
100
AcDbPolyline
 90
5
 70
0
 10
2681.287499999962
 20
31244.52499999998
 10
3138.487499999952
 20
31244.52499999998
 10
3138.487499999952
 20
31889.049999999967
 10
2681.287499999962
 20
31889.049999999967
 10
2681.287499999962
 20
31244.52499999998
  0
TEXT
  5
953
330
17
100
AcDbEntity
  8
NESTED_RESULT
100
AcDbText
 10
2909.887499999957
 20
31566.787499999973
 30
0.0
 40
80.0
  1
P-0655
 72
1
 11
2909.887499999957
 21
31566.787499999973
 31
0.0
100
AcDbText
 73
2
  0
LWPOLYLINE
  5
954
330
17
100
AcDbEntity
  8
NESTED_RESULT
 62
1
100
AcDbPolyline
 90
5
 70
0
 10
3400.0
 20
30600.0
 10
6600.0
 20
30600.0
 10
6600.0
 20
32200.0
 10
3400.0
 20
32200.0
 10
3400.0
 20
30600.0
  0
TEXT
  5
955
330
17
100
AcDbEntity
  8
NESTED_RESULT
 62
1
100
AcDbText
 10
3400.0
 20
32230.0
 30
0.0
 40
50.0
  1
Sheet_104
 11
3400.0
 21
32230.0
 31
0.0
100
AcDbText
 73
1
  0
LWPOLYLINE
  5
956
330
17
100
AcDbEntity
  8
NESTED_RESULT
100
AcDbPolyline
 90
5
 70
0
 10
3988.962499999994
 20
30600.0
 10
3988.962499999994
 20
31469.949999999997
 10
3400.0
 20
31469.949999999997
 10
3400.0
 20
30600.0
 10
3988.962499999994
 20
30600.0
  0
TEXT
  5
957
330
17
100
AcDbEntity
  8
NESTED_RESULT
100
AcDbText
 10
3694.481249999997
 20
31034.975
 30
0.0
 40
80.0
  1
P-0347
 72
1
 11
3694.481249999997
 21
31034.975
 31
0.0
100
AcDbText
 73
2
  0
LWPOLYLINE
  5
958
330
17
100
AcDbEntity
  8
NESTED_RESULT
100
AcDbPolyline
 90
5
 70
0
 10
3400.0
 20
31469.949999999997
 10
4269.950000000001
 20
31469.949999999997
 10
4269.950000000001
 20
32058.91249999999
 10
3400.0
 20
32058.91249999999
 10
3400.0
 20
31469.949999999997
  0
TEXT
  5
959
330
17
100
AcDbEntity
  8
NESTED_RESULT
100
AcDbText
 10
3834.9750000000004
 20
31764.431249999994
 30
0.0
 40
80.0
  1
P-0346
 72
1
 11
3834.9750000000004
 21
31764.431249999994
 31
0.0
100
AcDbText
 73
2
  0
LWPOLYLINE
  5
95A
330
17
100
AcDbEntity
  8
NESTED_RESULT
100
AcDbPolyline
 90
5
 70
0
 10
4577.924999999988
 20
30600.0
 10
4577.924999999988
 20
31393.75
 10
3988.962499999994
 20
31393.75
 10
3988.962499999994
 20
30600.0
 10
4577.924999999988
 20
30600.0
  0
TEXT
  5
95B
330
17
100
AcDbEntity
  8
NESTED_RESULT
100
AcDbText
 10
4283.443749999991
 20
30996.875
 30
0.0
 40
80.0
  1
P-0424
 72
1
 11
4283.443749999991
 21
30996.875
 31
0.0
100
AcDbText
 73
2
  0
LWPOLYLINE
  5
95C
330
17
100
AcDbEntity
  8
NESTED_RESULT
100
AcDbPolyline
 90
5
 70
0
 10
4269.950000000001
 20
31393.75
 10
5063.700000000001
 20
31393.75
 10
5063.700000000001
 20
31982.712499999994
 10
4269.950000000001
 20
31982.712499999994
 10
4269.950000000001
 20
31393.75
  0
TEXT
  5
95D
330
17
100
AcDbEntity
  8
NESTED_RESULT
100
AcDbText
 10
4666.825000000001
 20
31688.231249999997
 30
0.0
 40
80.0
  1
P-0429
 72
1
 11
4666.825000000001
 21
31688.231249999997
 31
0.0
100
AcDbText
 73
2
  0
LWPOLYLINE
  5
95E
330
17
100
AcDbEntity
  8
NESTED_RESULT
100
AcDbPolyline
 90
5
 70
0
 10
5166.8874999999825
 20
30600.0
 10
5166.8874999999825
 20
31393.75
 10
4577.924999999988
 20
31393.75
 10
4577.924999999988
 20
30600.0
 10
5166.8874999999825
 20
30600.0
  0
TEXT
  5
95F
330
17
100
AcDbEntity
  8
NESTED_RESULT
100
AcDbText
 10
4872.406249999985
 20
30996.875
 30
0.0
 40
80.0
  1
P-0431
 72
1
 11
4872.406249999985
 21
30996.875
 31
0.0
100
AcDbText
 73
2
  0
LWPOLYLINE
  5
960
330
17
100
AcDbEntity
  8
NESTED_RESULT
100
AcDbPolyline
 90
5
 70
0
 10
5063.700000000004
 20
32187.5
 10
5063.700000000004
 20
31393.75
 10
5652.6624999999985
 20
31393.75
 10
5652.6624999999985
 20
32187.5
 10
5063.700000000004
 20
32187.5
  0
TEXT
  5
961
330
17
100
AcDbEntity
  8
NESTED_RESULT
100
AcDbText
 10
5358.1812500000015
 20
31790.625
 30
0.0
 40
80.0
  1
P-0428
 72
1
 11
5358.1812500000015
 21
31790.625
 31
0.0
100
AcDbText
 73
2
  0
LWPOLYLINE
  5
962
330
17
100
AcDbEntity
  8
NESTED_RESULT
100
AcDbPolyline
 90
5
 70
0
 10
5755.849999999977
 20
30600.0
 10
5755.849999999977
 20
31393.75
 10
5166.8874999999825
 20
31393.75
 10
5166.8874999999825
 20
30600.0
 10
5755.849999999977
 20
30600.0
  0
TEXT
  5
963
330
17
100
AcDbEntity
  8
NESTED_RESULT
100
AcDbText
 10
5461.36874999998
 20
30996.875
 30
0.0
 40
80.0
  1
P-0430
 72
1
 11
5461.36874999998
 21
30996.875
 31
0.0
100
AcDbText
 73
2
  0
LWPOLYLINE
  5
964
330
17
100
AcDbEntity
  8
NESTED_RESULT
100
AcDbPolyline
 90
5
 70
0
 10
6241.624999999993
 20
31393.75
 10
6241.624999999993
 20
32187.5
 10
5652.6624999999985
 20
32187.5
 10
5652.6624999999985
 20
31393.75
 10
6241.624999999993
 20
31393.75
  0
TEXT
  5
965
330
17
100
AcDbEntity
  8
NESTED_RESULT
100
AcDbText
 10
5947.143749999996
 20
31790.625
 30
0.0
 40
80.0
  1
P-0427
 72
1
 11
5947.143749999996
 21
31790.625
 31
0.0
100
AcDbText
 73
2
  0
LWPOLYLINE
  5
966
330
17
100
AcDbEntity
  8
NESTED_RESULT
100
AcDbPolyline
 90
5
 70
0
 10
6344.812499999971
 20
30600.0
 10
6344.812499999971
 20
31393.75
 10
5755.849999999977
 20
31393.75
 10
5755.849999999977
 20
30600.0
 10
6344.812499999971
 20
30600.0
  0
TEXT
  5
967
330
17
100
AcDbEntity
  8
NESTED_RESULT
100
AcDbText
 10
6050.331249999974
 20
30996.875
 30
0.0
 40
80.0
  1
P-0425
 72
1
 11
6050.331249999974
 21
30996.875
 31
0.0
100
AcDbText
 73
2
  0
LWPOLYLINE
  5
968
330
17
100
AcDbEntity
  8
NESTED_RESULT
 62
1
100
AcDbPolyline
 90
5
 70
0
 10
6800.0
 20
30600.0
 10
10000.0
 20
30600.0
 10
10000.0
 20
32200.0
 10
6800.0
 20
32200.0
 10
6800.0
 20
30600.0
  0
TEXT
  5
969
330
17
100
AcDbEntity
  8
NESTED_RESULT
 62
1
100
AcDbText
 10
6800.0
 20
32230.0
 30
0.0
 40
50.0
  1
Sheet_105
 11
6800.0
 21
32230.0
 31
0.0
100
AcDbText
 73
1
  0
LWPOLYLINE
  5
96A
330
17
100
AcDbEntity
  8
NESTED_RESULT
100
AcDbPolyline
 90
5
 70
0
 10
7388.9625000000015
 20
30600.0
 10
7388.9625000000015
 20
31698.550000000003
 10
6800.0
 20
31698.550000000003
 10
6800.0
 20
30600.0
 10
7388.9625000000015
 20
30600.0
  0
TEXT
  5
96B
330
17
100
AcDbEntity
  8
NESTED_RESULT
100
AcDbText
 10
7094.481250000001
 20
31149.275
 30
0.0
 40
80.0
  1
P-0255
 72
1
 11
7094.481250000001
 21
31149.275
 31
0.0
100
AcDbText
 73
2
  0
LWPOLYLINE
  5
96C
330
17
100
AcDbEntity
  8
NESTED_RESULT
100
AcDbPolyline
 90
5
 70
0
 10
7977.925000000003
 20
30600.0
 10
7977.925000000003
 20
31698.550000000003
 10
7388.9625000000015
 20
31698.550000000003
 10
7388.9625000000015
 20
30600.0
 10
7977.925000000003
 20
30600.0
  0
TEXT
  5
96D
330
17
100
AcDbEntity
  8
NESTED_RESULT
100
AcDbText
 10
7683.443750000002
 20
31149.275
 30
0.0
 40
80.0
  1
P-0256
 72
1
 11
7683.443750000002
 21
31149.275
 31
0.0
100
AcDbText
 73
2
  0
LWPOLYLINE
  5
96E
330
17
100
AcDbEntity
  8
NESTED_RESULT
100
AcDbPolyline
 90
5
 70
0
 10
8566.887500000004
 20
30600.0
 10
8566.887500000004
 20
31698.550000000003
 10
7977.925000000003
 20
31698.550000000003
 10
7977.925000000003
 20
30600.0
 10
8566.887500000004
 20
30600.0
  0
TEXT
  5
96F
330
17
100
AcDbEntity
  8
NESTED_RESULT
100
AcDbText
 10
8272.406250000004
 20
31149.275
 30
0.0
 40
80.0
  1
P-0257
 72
1
 11
8272.406250000004
 21
31149.275
 31
0.0
100
AcDbText
 73
2
  0
LWPOLYLINE
  5
970
330
17
100
AcDbEntity
  8
NESTED_RESULT
100
AcDbPolyline
 90
5
 70
0
 10
8566.887500000004
 20
31546.15
 10
8566.887500000004
 20
30600.0
 10
9155.849999999995
 20
30600.0
 10
9155.849999999995
 20
31546.15
 10
8566.887500000004
 20
31546.15
  0
TEXT
  5
971
330
17
100
AcDbEntity
  8
NESTED_RESULT
100
AcDbText
 10
8861.36875
 20
31073.075
 30
0.0
 40
80.0
  1
P-0322
 72
1
 11
8861.36875
 21
31073.075
 31
0.0
100
AcDbText
 73
2
  0
LWPOLYLINE
  5
972
330
17
100
AcDbEntity
  8
NESTED_RESULT
100
AcDbPolyline
 90
5
 70
0
 10
8566.887500000004
 20
31546.15
 10
9513.037499999999
 20
31546.15
 10
9513.037499999999
 20
32135.112499999992
 10
8566.887500000004
 20
32135.112499999992
 10
8566.887500000004
 20
31546.15
  0
TEXT
  5
973
330
17
100
AcDbEntity
  8
NESTED_RESULT
100
AcDbText
 10
9039.962500000001
 20
31840.63125
 30
0.0
 40
80.0
  1
P-0326
 72
1
 11
9039.962500000001
 21
31840.63125
 31
0.0
100
AcDbText
 73
2
  0
LWPOLYLINE
  5
974
330
17
100
AcDbEntity
  8
NESTED_RESULT
100
AcDbPolyline
 90
5
 70
0
 10
9744.812499999985
 20
30600.0
 10
9744.812499999985
 20
31546.15
 10
9155.849999999995
 20
31546.15
 10
9155.849999999995
 20
30600.0
 10
9744.812499999985
 20
30600.0
  0
TEXT
  5
975
330
17
100
AcDbEntity
  8
NESTED_RESULT
100
AcDbText
 10
9450.33124999999
 20
31073.075
 30
0.0
 40
80.0
  1
P-0323
 72
1
 11
9450.33124999999
 21
31073.075
 31
0.0
100
AcDbText
 73
2
  0
LWPOLYLINE
  5
976
330
17
100
AcDbEntity
  8
NESTED_RESULT
100
AcDbPolyline
 90
5
 70
0
 10
7444.5250000000015
 20
31698.550000000003
 10
7444.5250000000015
 20
32155.75
 10
6800.0
 20
32155.75
 10
6800.0
 20
31698.550000000003
 10
7444.5250000000015
 20
31698.550000000003
  0
TEXT
  5
977
330
17
100
AcDbEntity
  8
NESTED_RESULT
100
AcDbText
 10
7122.262500000001
 20
31927.15
 30
0.0
 40
80.0
  1
P-0518
 72
1
 11
7122.262500000001
 21
31927.15
 31
0.0
100
AcDbText
 73
2
  0
LWPOLYLINE
  5
978
330
17
100
AcDbEntity
  8
NESTED_RESULT
100
AcDbPolyline
 90
5
 70
0
 10
8089.050000000003
 20
31698.550000000003
 10
8089.050000000003
 20
32155.75
 10
7444.5250000000015
 20
32155.75
 10
7444.5250000000015
 20
31698.550000000003
 10
8089.050000000003
 20
31698.550000000003
  0
TEXT
  5
979
330
17
100
AcDbEntity
  8
NESTED_RESULT
100
AcDbText
 10
7766.787500000002
 20
31927.15
 30
0.0
 40
80.0
  1
P-0521
 72
1
 11
7766.787500000002
 21
31927.15
 31
0.0
100
AcDbText
 73
2
  0
LWPOLYLINE
  5
97A
330
17
100
AcDbEntity
  8
NESTED_RESULT
100
AcDbPolyline
 90
5
 70
0
 10
9513.0375
 20
31546.15
 10
9970.2375
 20
31546.15
 10
9970.2375
 20
32190.675000000003
 10
9513.0375
 20
32190.675000000003
 10
9513.0375
 20
31546.15
  0
TEXT
  5
97B
330
17
100
AcDbEntity
  8
NESTED_RESULT
100
AcDbText
 10
9741.6375
 20
31868.412500000002
 30
0.0
 40
80.0
  1
P-0520
 72
1
 11
9741.6375
 21
31868.412500000002
 31
0.0
100
AcDbText
 73
2
  0
LWPOLYLINE
  5
97C
330
17
100
AcDbEntity
  8
NESTED_RESULT
 62
1
100
AcDbPolyline
 90
5
 70
0
 10
10200.0
 20
30600.0
 10
13400.0
 20
30600.0
 10
13400.0
 20
32200.0
 10
10200.0
 20
32200.0
 10
10200.0
 20
30600.0
  0
TEXT
  5
97D
330
17
100
AcDbEntity
  8
NESTED_RESULT
 62
1
100
AcDbText
 10
10200.0
 20
32230.0
 30
0.0
 40
50.0
  1
Sheet_106
 11
10200.0
 21
32230.0
 31
0.0
100
AcDbText
 73
1
  0
LWPOLYLINE
  5
97E
330
17
100
AcDbEntity
  8
NESTED_RESULT
100
AcDbPolyline
 90
5
 70
0
 10
10788.962499999994
 20
30600.0
 10
10788.962499999994
 20
31546.149999999994
 10
10200.0
 20
31546.149999999994
 10
10200.0
 20
30600.0
 10
10788.962499999994
 20
30600.0
  0
TEXT
  5
97F
330
17
100
AcDbEntity
  8
NESTED_RESULT
100
AcDbText
 10
10494.481249999997
 20
31073.074999999997
 30
0.0
 40
80.0
  1
P-0327
 72
1
 11
10494.481249999997
 21
31073.074999999997
 31
0.0
100
AcDbText
 73
2
  0
LWPOLYLINE
  5
980
330
17
100
AcDbEntity
  8
NESTED_RESULT
100
AcDbPolyline
 90
5
 70
0
 10
10200.0
 20
31546.149999999994
 10
10993.75
 20
31546.149999999994
 10
10993.75
 20
32135.112499999974
 10
10200.0
 20
32135.112499999974
 10
10200.0
 20
31546.149999999994
  0
TEXT
  5
981
330
17
100
AcDbEntity
  8
NESTED_RESULT
100
AcDbText
 10
10596.875
 20
31840.631249999984
 30
0.0
 40
80.0
  1
P-0463
 72
1
 11
10596.875
 21
31840.631249999984
 31
0.0
100
AcDbText
 73
2
  0
LWPOLYLINE
  5
982
330
17
100
AcDbEntity
  8
NESTED_RESULT
100
AcDbPolyline
 90
5
 70
0
 10
11377.924999999988
 20
30600.0
 10
11377.924999999988
 20
31393.75
 10
10788.962499999994
 20
31393.75
 10
10788.962499999994
 20
30600.0
 10
11377.924999999988
 20
30600.0
  0
TEXT
  5
983
330
17
100
AcDbEntity
  8
NESTED_RESULT
100
AcDbText
 10
11083.443749999991
 20
30996.875
 30
0.0
 40
80.0
  1
P-0449
 72
1
 11
11083.443749999991
 21
30996.875
 31
0.0
100
AcDbText
 73
2
  0
LWPOLYLINE
  5
984
330
17
100
AcDbEntity
  8
NESTED_RESULT
100
AcDbPolyline
 90
5
 70
0
 10
11582.712500000001
 20
31393.75
 10
11582.712500000001
 20
32187.499999999985
 10
10993.75
 20
32187.499999999985
 10
10993.75
 20
31393.75
 10
11582.712500000001
 20
31393.75
  0
TEXT
  5
985
330
17
100
AcDbEntity
  8
NESTED_RESULT
100
AcDbText
 10
11288.23125
 20
31790.624999999993
 30
0.0
 40
80.0
  1
P-0459
 72
1
 11
11288.23125
 21
31790.624999999993
 31
0.0
100
AcDbText
 73
2
  0
LWPOLYLINE
  5
986
330
17
100
AcDbEntity
  8
NESTED_RESULT
100
AcDbPolyline
 90
5
 70
0
 10
11966.887499999968
 20
30600.0
 10
11966.887499999968
 20
31393.75
 10
11377.924999999988
 20
31393.75
 10
11377.924999999988
 20
30600.0
 10
11966.887499999968
 20
30600.0
  0
TEXT
  5
987
330
17
100
AcDbEntity
  8
NESTED_RESULT
100
AcDbText
 10
11672.406249999978
 20
30996.875
 30
0.0
 40
80.0
  1
P-0465
 72
1
 11
11672.406249999978
 21
30996.875
 31
0.0
100
AcDbText
 73
2
  0
LWPOLYLINE
  5
988
330
17
100
AcDbEntity
  8
NESTED_RESULT
100
AcDbPolyline
 90
5
 70
0
 10
12171.674999999996
 20
31393.75
 10
12171.674999999996
 20
32187.5
 10
11582.712500000001
 20
32187.5
 10
11582.712500000001
 20
31393.75
 10
12171.674999999996
 20
31393.75
  0
TEXT
  5
989
330
17
100
AcDbEntity
  8
NESTED_RESULT
100
AcDbText
 10
11877.193749999999
 20
31790.625
 30
0.0
 40
80.0
  1
P-0455
 72
1
 11
11877.193749999999
 21
31790.625
 31
0.0
100
AcDbText
 73
2
  0
LWPOLYLINE
  5
98A
330
17
100
AcDbEntity
  8
NESTED_RESULT
100
AcDbPolyline
 90
5
 70
0
 10
12555.849999999962
 20
30600.0
 10
12555.849999999962
 20
31393.75
 10
11966.887499999968
 20
31393.75
 10
11966.887499999968
 20
30600.0
 10
12555.849999999962
 20
30600.0
  0
TEXT
  5
98B
330
17
100
AcDbEntity
  8
NESTED_RESULT
100
AcDbText
 10
12261.368749999965
 20
30996.875
 30
0.0
 40
80.0
  1
P-0451
 72
1
 11
12261.368749999965
 21
30996.875
 31
0.0
100
AcDbText
 73
2
  0
LWPOLYLINE
  5
98C
330
17
100
AcDbEntity
  8
NESTED_RESULT
100
AcDbPolyline
 90
5
 70
0
 10
12760.63749999999
 20
31393.75
 10
12760.63749999999
 20
32187.5
 10
12171.674999999996
 20
32187.5
 10
12171.674999999996
 20
31393.75
 10
12760.63749999999
 20
31393.75
  0
TEXT
  5
98D
330
17
100
AcDbEntity
  8
NESTED_RESULT
100
AcDbText
 10
12466.156249999993
 20
31790.625
 30
0.0
 40
80.0
  1
P-0426
 72
1
 11
12466.156249999993
 21
31790.625
 31
0.0
100
AcDbText
 73
2
  0
LWPOLYLINE
  5
98E
330
17
100
AcDbEntity
  8
NESTED_RESULT
100
AcDbPolyline
 90
5
 70
0
 10
13144.812499999956
 20
30600.0
 10
13144.812499999956
 20
31393.75
 10
12555.849999999962
 20
31393.75
 10
12555.849999999962
 20
30600.0
 10
13144.812499999956
 20
30600.0
  0
TEXT
  5
98F
330
17
100
AcDbEntity
  8
NESTED_RESULT
100
AcDbText
 10
12850.33124999996
 20
30996.875
 30
0.0
 40
80.0
  1
P-0448
 72
1
 11
12850.33124999996
 21
30996.875
 31
0.0
100
AcDbText
 73
2
  0
LWPOLYLINE
  5
990
330
17
100
AcDbEntity
  8
NESTED_RESULT
100
AcDbPolyline
 90
5
 70
0
 10
13349.599999999984
 20
31393.75
 10
13349.599999999984
 20
32187.5
 10
12760.63749999999
 20
32187.5
 10
12760.63749999999
 20
31393.75
 10
13349.599999999984
 20
31393.75
  0
TEXT
  5
991
330
17
100
AcDbEntity
  8
NESTED_RESULT
100
AcDbText
 10
13055.118749999987
 20
31790.625
 30
0.0
 40
80.0
  1
P-0453
 72
1
 11
13055.118749999987
 21
31790.625
 31
0.0
100
AcDbText
 73
2
  0
LWPOLYLINE
  5
992
330
17
100
AcDbEntity
  8
NESTED_RESULT
 62
1
100
AcDbPolyline
 90
5
 70
0
 10
13600.0
 20
30600.0
 10
16800.0
 20
30600.0
 10
16800.0
 20
32200.0
 10
13600.0
 20
32200.0
 10
13600.0
 20
30600.0
  0
TEXT
  5
993
330
17
100
AcDbEntity
  8
NESTED_RESULT
 62
1
100
AcDbText
 10
13600.0
 20
32230.0
 30
0.0
 40
50.0
  1
Sheet_107
 11
13600.0
 21
32230.0
 31
0.0
100
AcDbText
 73
1
  0
LWPOLYLINE
  5
994
330
17
100
AcDbEntity
  8
NESTED_RESULT
100
AcDbPolyline
 90
5
 70
0
 10
14188.962499999994
 20
30600.0
 10
14188.962499999994
 20
31393.75
 10
13600.0
 20
31393.75
 10
13600.0
 20
30600.0
 10
14188.962499999994
 20
30600.0
  0
TEXT
  5
995
330
17
100
AcDbEntity
  8
NESTED_RESULT
100
AcDbText
 10
13894.481249999997
 20
30996.875
 30
0.0
 40
80.0
  1
P-0450
 72
1
 11
13894.481249999997
 21
30996.875
 31
0.0
100
AcDbText
 73
2
  0
LWPOLYLINE
  5
996
330
17
100
AcDbEntity
  8
NESTED_RESULT
100
AcDbPolyline
 90
5
 70
0
 10
14188.96249999998
 20
31393.75
 10
14188.96249999998
 20
32187.5
 10
13600.0
 20
32187.5
 10
13600.0
 20
31393.75
 10
14188.96249999998
 20
31393.75
  0
TEXT
  5
997
330
17
100
AcDbEntity
  8
NESTED_RESULT
100
AcDbText
 10
13894.48124999999
 20
31790.625
 30
0.0
 40
80.0
  1
P-0464
 72
1
 11
13894.48124999999
 21
31790.625
 31
0.0
100
AcDbText
 73
2
  0
LWPOLYLINE
  5
998
330
17
100
AcDbEntity
  8
NESTED_RESULT
100
AcDbPolyline
 90
5
 70
0
 10
14777.924999999974
 20
31393.75
 10
14777.924999999974
 20
32187.5
 10
14188.96249999998
 20
32187.5
 10
14188.96249999998
 20
31393.75
 10
14777.924999999974
 20
31393.75
  0
TEXT
  5
999
330
17
100
AcDbEntity
  8
NESTED_RESULT
100
AcDbText
 10
14483.443749999977
 20
31790.625
 30
0.0
 40
80.0
  1
P-0454
 72
1
 11
14483.443749999977
 21
31790.625
 31
0.0
100
AcDbText
 73
2
  0
LWPOLYLINE
  5
99A
330
17
100
AcDbEntity
  8
NESTED_RESULT
100
AcDbPolyline
 90
5
 70
0
 10
14188.962499999994
 20
30600.0
 10
14646.162499999993
 20
30600.0
 10
14646.162499999993
 20
31244.524999999994
 10
14188.962499999994
 20
31244.524999999994
 10
14188.962499999994
 20
30600.0
  0
TEXT
  5
99B
330
17
100
AcDbEntity
  8
NESTED_RESULT
100
AcDbText
 10
14417.562499999993
 20
30922.262499999997
 30
0.0
 40
80.0
  1
P-0573
 72
1
 11
14417.562499999993
 21
30922.262499999997
 31
0.0
100
AcDbText
 73
2
  0
LWPOLYLINE
  5
99C
330
17
100
AcDbEntity
  8
NESTED_RESULT
100
AcDbPolyline
 90
5
 70
0
 10
14646.162499999993
 20
30600.0
 10
15103.362499999992
 20
30600.0
 10
15103.362499999992
 20
31244.525
 10
14646.162499999993
 20
31244.525
 10
14646.162499999993
 20
30600.0
  0
TEXT
  5
99D
330
17
100
AcDbEntity
  8
NESTED_RESULT
100
AcDbText
 10
14874.762499999993
 20
30922.2625
 30
0.0
 40
80.0
  1
P-0522
 72
1
 11
14874.762499999993
 21
30922.2625
 31
0.0
100
AcDbText
 73
2
  0
LWPOLYLINE
  5
99E
330
17
100
AcDbEntity
  8
NESTED_RESULT
100
AcDbPolyline
 90
5
 70
0
 10
15235.124999999973
 20
31889.050000000017
 10
14777.924999999974
 20
31889.050000000017
 10
14777.924999999974
 20
31244.52500000001
 10
15235.124999999973
 20
31244.52500000001
 10
15235.124999999973
 20
31889.050000000017
  0
TEXT
  5
99F
330
17
100
AcDbEntity
  8
NESTED_RESULT
100
AcDbText
 10
15006.524999999972
 20
31566.787500000013
 30
0.0
 40
80.0
  1
P-0488
 72
1
 11
15006.524999999972
 21
31566.787500000013
 31
0.0
100
AcDbText
 73
2
  0
LWPOLYLINE
  5
9A0
330
17
100
AcDbEntity
  8
NESTED_RESULT
100
AcDbPolyline
 90
5
 70
0
 10
15103.362499999992
 20
30600.0
 10
15560.56249999999
 20
30600.0
 10
15560.56249999999
 20
31244.52500000001
 10
15103.362499999992
 20
31244.52500000001
 10
15103.362499999992
 20
30600.0
  0
TEXT
  5
9A1
330
17
100
AcDbEntity
  8
NESTED_RESULT
100
AcDbText
 10
15331.96249999999
 20
30922.262500000004
 30
0.0
 40
80.0
  1
P-0489
 72
1
 11
15331.96249999999
 21
30922.262500000004
 31
0.0
100
AcDbText
 73
2
  0
LWPOLYLINE
  5
9A2
330
17
100
AcDbEntity
  8
NESTED_RESULT
100
AcDbPolyline
 90
5
 70
0
 10
15235.124999999975
 20
31244.52500000001
 10
15692.324999999973
 20
31244.52500000001
 10
15692.324999999973
 20
31889.050000000003
 10
15235.124999999975
 20
31889.050000000003
 10
15235.124999999975
 20
31244.52500000001
  0
TEXT
  5
9A3
330
17
100
AcDbEntity
  8
NESTED_RESULT
100
AcDbText
 10
15463.724999999973
 20
31566.787500000006
 30
0.0
 40
80.0
  1
P-0572
 72
1
 11
15463.724999999973
 21
31566.787500000006
 31
0.0
100
AcDbText
 73
2
  0
LWPOLYLINE
  5
9A4
330
17
100
AcDbEntity
  8
NESTED_RESULT
100
AcDbPolyline
 90
5
 70
0
 10
15560.56249999999
 20
30600.0
 10
16017.76249999999
 20
30600.0
 10
16017.76249999999
 20
31244.525
 10
15560.56249999999
 20
31244.525
 10
15560.56249999999
 20
30600.0
  0
TEXT
  5
9A5
330
17
100
AcDbEntity
  8
NESTED_RESULT
100
AcDbText
 10
15789.162499999991
 20
30922.2625
 30
0.0
 40
80.0
  1
P-0519
 72
1
 11
15789.162499999991
 21
30922.2625
 31
0.0
100
AcDbText
 73
2
  0
LWPOLYLINE
  5
9A6
330
17
100
AcDbEntity
  8
NESTED_RESULT
100
AcDbPolyline
 90
5
 70
0
 10
15692.324999999973
 20
31244.525
 10
16149.524999999972
 20
31244.525
 10
16149.524999999972
 20
31889.050000000014
 10
15692.324999999973
 20
31889.050000000014
 10
15692.324999999973
 20
31244.525
  0
TEXT
  5
9A7
330
17
100
AcDbEntity
  8
NESTED_RESULT
100
AcDbText
 10
15920.924999999974
 20
31566.787500000006
 30
0.0
 40
80.0
  1
P-0472
 72
1
 11
15920.924999999974
 21
31566.787500000006
 31
0.0
100
AcDbText
 73
2
  0
LWPOLYLINE
  5
9A8
330
17
100
AcDbEntity
  8
NESTED_RESULT
100
AcDbPolyline
 90
5
 70
0
 10
16017.76249999999
 20
30600.0
 10
16474.962499999987
 20
30600.0
 10
16474.962499999987
 20
31244.524999999994
 10
16017.76249999999
 20
31244.524999999994
 10
16017.76249999999
 20
30600.0
  0
TEXT
  5
9A9
330
17
100
AcDbEntity
  8
NESTED_RESULT
100
AcDbText
 10
16246.362499999988
 20
30922.262499999997
 30
0.0
 40
80.0
  1
P-0574
 72
1
 11
16246.362499999988
 21
30922.262499999997
 31
0.0
100
AcDbText
 73
2
  0
LWPOLYLINE
  5
9AA
330
17
100
AcDbEntity
  8
NESTED_RESULT
100
AcDbPolyline
 90
5
 70
0
 10
16149.524999999972
 20
31244.524999999994
 10
16606.72499999997
 20
31244.524999999994
 10
16606.72499999997
 20
31889.049999999992
 10
16149.524999999972
 20
31889.049999999992
 10
16149.524999999972
 20
31244.524999999994
  0
TEXT
  5
9AB
330
17
100
AcDbEntity
  8
NESTED_RESULT
100
AcDbText
 10
16378.12499999997
 20
31566.78749999999
 30
0.0
 40
80.0
  1
P-0541
 72
1
 11
16378.12499999997
 21
31566.78749999999
 31
0.0
100
AcDbText
 73
2
  0
LWPOLYLINE
  5
9AC
330
17
100
AcDbEntity
  8
NESTED_RESULT
 62
1
100
AcDbPolyline
 90
5
 70
0
 10
17000.0
 20
30600.0
 10
20200.0
 20
30600.0
 10
20200.0
 20
32200.0
 10
17000.0
 20
32200.0
 10
17000.0
 20
30600.0
  0
TEXT
  5
9AD
330
17
100
AcDbEntity
  8
NESTED_RESULT
 62
1
100
AcDbText
 10
17000.0
 20
32230.0
 30
0.0
 40
50.0
  1
Sheet_108
 11
17000.0
 21
32230.0
 31
0.0
100
AcDbText
 73
1
  0
LWPOLYLINE
  5
9AE
330
17
100
AcDbEntity
  8
NESTED_RESULT
100
AcDbPolyline
 90
5
 70
0
 10
17000.0
 20
31188.962499999994
 10
18250.95
 20
31188.962499999994
 10
18250.95
 20
30600.0
 10
17000.0
 20
30600.0
 10
17000.0
 20
31188.962499999994
  0
TEXT
  5
9AF
330
17
100
AcDbEntity
  8
NESTED_RESULT
100
AcDbText
 10
17625.475
 20
30894.481249999997
 30
0.0
 40
80.0
  1
P-0219
 72
1
 11
17625.475
 21
30894.481249999997
 31
0.0
100
AcDbText
 73
2
  0
LWPOLYLINE
  5
9B0
330
17
100
AcDbEntity
  8
NESTED_RESULT
100
AcDbPolyline
 90
5
 70
0
 10
18250.950000000004
 20
31188.962499999907
 10
19501.90000000001
 20
31188.962499999907
 10
19501.90000000001
 20
30600.0
 10
18250.950000000004
 20
30600.0
 10
18250.950000000004
 20
31188.962499999907
  0
TEXT
  5
9B1
330
17
100
AcDbEntity
  8
NESTED_RESULT
100
AcDbText
 10
18876.425000000007
 20
30894.481249999953
 30
0.0
 40
80.0
  1
P-0242
 72
1
 11
18876.425000000007
 21
30894.481249999953
 31
0.0
100
AcDbText
 73
2
  0
LWPOLYLINE
  5
9B2
330
17
100
AcDbEntity
  8
NESTED_RESULT
100
AcDbPolyline
 90
5
 70
0
 10
18250.95
 20
31777.9249999999
 10
19501.899999999998
 20
31777.9249999999
 10
19501.899999999998
 20
31188.962499999907
 10
18250.95
 20
31188.962499999907
 10
18250.95
 20
31777.9249999999
  0
TEXT
  5
9B3
330
17
100
AcDbEntity
  8
NESTED_RESULT
100
AcDbText
 10
18876.425
 20
31483.443749999904
 30
0.0
 40
80.0
  1
P-0233
 72
1
 11
18876.425
 21
31483.443749999904
 31
0.0
100
AcDbText
 73
2
  0
LWPOLYLINE
  5
9B4
330
17
100
AcDbEntity
  8
NESTED_RESULT
100
AcDbPolyline
 90
5
 70
0
 10
17000.0
 20
31777.92499999999
 10
18250.95
 20
31777.92499999999
 10
18250.95
 20
31188.962499999994
 10
17000.0
 20
31188.962499999994
 10
17000.0
 20
31777.92499999999
  0
TEXT
  5
9B5
330
17
100
AcDbEntity
  8
NESTED_RESULT
100
AcDbText
 10
17625.475
 20
31483.44374999999
 30
0.0
 40
80.0
  1
P-0220
 72
1
 11
17625.475
 21
31483.44374999999
 31
0.0
100
AcDbText
 73
2
  0
LWPOLYLINE
  5
9B6
330
17
100
AcDbEntity
  8
NESTED_RESULT
100
AcDbPolyline
 90
5
 70
0
 10
20090.86250000001
 20
30600.0
 10
20090.86250000001
 20
31698.550000000003
 10
19501.90000000001
 20
31698.550000000003
 10
19501.90000000001
 20
30600.0
 10
20090.86250000001
 20
30600.0
  0
TEXT
  5
9B7
330
17
100
AcDbEntity
  8
NESTED_RESULT
100
AcDbText
 10
19796.38125000001
 20
31149.275
 30
0.0
 40
80.0
  1
P-0254
 72
1
 11
19796.38125000001
 21
31149.275
 31
0.0
100
AcDbText
 73
2
  0
LWPOLYLINE
  5
9B8
330
17
100
AcDbEntity
  8
NESTED_RESULT
100
AcDbPolyline
 90
5
 70
0
 10
20146.424999999905
 20
31698.550000000003
 10
20146.424999999905
 20
32155.75
 10
19501.899999999998
 20
32155.75
 10
19501.899999999998
 20
31698.550000000003
 10
20146.424999999905
 20
31698.550000000003
  0
TEXT
  5
9B9
330
17
100
AcDbEntity
  8
NESTED_RESULT
100
AcDbText
 10
19824.16249999995
 20
31927.15
 30
0.0
 40
80.0
  1
P-0662
 72
1
 11
19824.16249999995
 21
31927.15
 31
0.0
100
AcDbText
 73
2
  0
LWPOLYLINE
  5
9BA
330
17
100
AcDbEntity
  8
NESTED_RESULT
 62
1
100
AcDbPolyline
 90
5
 70
0
 10
0.0
 20
32400.0
 10
3200.0
 20
32400.0
 10
3200.0
 20
34000.0
 10
0.0
 20
34000.0
 10
0.0
 20
32400.0
  0
TEXT
  5
9BB
330
17
100
AcDbEntity
  8
NESTED_RESULT
 62
1
100
AcDbText
 10
0.0
 20
34030.0
 30
0.0
 40
50.0
  1
Sheet_109
 11
0.0
 21
34030.0
 31
0.0
100
AcDbText
 73
1
  0
LWPOLYLINE
  5
9BC
330
17
100
AcDbEntity
  8
NESTED_RESULT
100
AcDbPolyline
 90
5
 70
0
 10
0.0
 20
32988.962499999994
 10
1250.949999999997
 20
32988.962499999994
 10
1250.949999999997
 20
32400.0
 10
0.0
 20
32400.0
 10
0.0
 20
32988.962499999994
  0
TEXT
  5
9BD
330
17
100
AcDbEntity
  8
NESTED_RESULT
100
AcDbText
 10
625.4749999999985
 20
32694.481249999997
 30
0.0
 40
80.0
  1
P-0224
 72
1
 11
625.4749999999985
 21
32694.481249999997
 31
0.0
100
AcDbText
 73
2
  0
LWPOLYLINE
  5
9BE
330
17
100
AcDbEntity
  8
NESTED_RESULT
100
AcDbPolyline
 90
5
 70
0
 10
1840.0
 20
32400.0
 10
1840.0
 20
33346.15000000001
 10
1251.0375000000058
 20
33346.15000000001
 10
1251.0375000000058
 20
32400.0
 10
1840.0
 20
32400.0
  0
TEXT
  5
9BF
330
17
100
AcDbEntity
  8
NESTED_RESULT
100
AcDbText
 10
1545.518750000003
 20
32873.075000000004
 30
0.0
 40
80.0
  1
P-0317
 72
1
 11
1545.518750000003
 21
32873.075000000004
 31
0.0
100
AcDbText
 73
2
  0
LWPOLYLINE
  5
9C0
330
17
100
AcDbEntity
  8
NESTED_RESULT
100
AcDbPolyline
 90
5
 70
0
 10
2428.9625000000015
 20
32400.0
 10
2428.9625000000015
 20
33346.15
 10
1840.0
 20
33346.15
 10
1840.0
 20
32400.0
 10
2428.9625000000015
 20
32400.0
  0
TEXT
  5
9C1
330
17
100
AcDbEntity
  8
NESTED_RESULT
100
AcDbText
 10
2134.4812500000007
 20
32873.075
 30
0.0
 40
80.0
  1
P-0287
 72
1
 11
2134.4812500000007
 21
32873.075
 31
0.0
100
AcDbText
 73
2
  0
LWPOLYLINE
  5
9C2
330
17
100
AcDbEntity
  8
NESTED_RESULT
100
AcDbPolyline
 90
5
 70
0
 10
3017.9249999999956
 20
32400.0
 10
3017.9249999999956
 20
33269.950000000004
 10
2428.9625000000015
 20
33269.950000000004
 10
2428.9625000000015
 20
32400.0
 10
3017.9249999999956
 20
32400.0
  0
TEXT
  5
9C3
330
17
100
AcDbEntity
  8
NESTED_RESULT
100
AcDbText
 10
2723.4437499999985
 20
32834.975000000006
 30
0.0
 40
80.0
  1
P-0349
 72
1
 11
2723.4437499999985
 21
32834.975000000006
 31
0.0
100
AcDbText
 73
2
  0
LWPOLYLINE
  5
9C4
330
17
100
AcDbEntity
  8
NESTED_RESULT
100
AcDbPolyline
 90
5
 70
0
 10
588.9624999999942
 20
32988.962499999994
 10
588.9624999999942
 20
33935.112499999996
 10
0.0
 20
33935.112499999996
 10
0.0
 20
32988.962499999994
 10
588.9624999999942
 20
32988.962499999994
  0
TEXT
  5
9C5
330
17
100
AcDbEntity
  8
NESTED_RESULT
100
AcDbText
 10
294.4812499999971
 20
33462.03749999999
 30
0.0
 40
80.0
  1
P-0316
 72
1
 11
294.4812499999971
 21
33462.03749999999
 31
0.0
100
AcDbText
 73
2
  0
LWPOLYLINE
  5
9C6
330
17
100
AcDbEntity
  8
NESTED_RESULT
100
AcDbPolyline
 90
5
 70
0
 10
1177.9249999999884
 20
32988.962499999994
 10
1177.9249999999884
 20
33858.912500000006
 10
588.9624999999942
 20
33858.912500000006
 10
588.9624999999942
 20
32988.962499999994
 10
1177.9249999999884
 20
32988.962499999994
  0
TEXT
  5
9C7
330
17
100
AcDbEntity
  8
NESTED_RESULT
100
AcDbText
 10
883.4437499999913
 20
33423.9375
 30
0.0
 40
80.0
  1
P-0345
 72
1
 11
883.4437499999913
 21
33423.9375
 31
0.0
100
AcDbText
 73
2
  0
LWPOLYLINE
  5
9C8
330
17
100
AcDbEntity
  8
NESTED_RESULT
100
AcDbPolyline
 90
5
 70
0
 10
1177.9249999999884
 20
33346.15000000001
 10
2047.874999999989
 20
33346.15000000001
 10
2047.874999999989
 20
33935.1125
 10
1177.9249999999884
 20
33935.1125
 10
1177.9249999999884
 20
33346.15000000001
  0
TEXT
  5
9C9
330
17
100
AcDbEntity
  8
NESTED_RESULT
100
AcDbText
 10
1612.8999999999887
 20
33640.631250000006
 30
0.0
 40
80.0
  1
P-0348
 72
1
 11
1612.8999999999887
 21
33640.631250000006
 31
0.0
100
AcDbText
 73
2
  0
LWPOLYLINE
  5
9CA
330
17
100
AcDbEntity
  8
NESTED_RESULT
 62
1
100
AcDbPolyline
 90
5
 70
0
 10
3400.0
 20
32400.0
 10
6600.0
 20
32400.0
 10
6600.0
 20
34000.0
 10
3400.0
 20
34000.0
 10
3400.0
 20
32400.0
  0
TEXT
  5
9CB
330
17
100
AcDbEntity
  8
NESTED_RESULT
 62
1
100
AcDbText
 10
3400.0
 20
34030.0
 30
0.0
 40
50.0
  1
Sheet_110
 11
3400.0
 21
34030.0
 31
0.0
100
AcDbText
 73
1
  0
LWPOLYLINE
  5
9CC
330
17
100
AcDbEntity
  8
NESTED_RESULT
100
AcDbPolyline
 90
5
 70
0
 10
3988.962499999994
 20
32400.0
 10
3988.962499999994
 20
33346.15000000001
 10
3400.0
 20
33346.15000000001
 10
3400.0
 20
32400.0
 10
3988.962499999994
 20
32400.0
  0
TEXT
  5
9CD
330
17
100
AcDbEntity
  8
NESTED_RESULT
100
AcDbText
 10
3694.481249999997
 20
32873.075000000004
 30
0.0
 40
80.0
  1
P-0298
 72
1
 11
3694.481249999997
 21
32873.075000000004
 31
0.0
100
AcDbText
 73
2
  0
LWPOLYLINE
  5
9CE
330
17
100
AcDbEntity
  8
NESTED_RESULT
100
AcDbPolyline
 90
5
 70
0
 10
3400.0
 20
33346.15000000001
 10
4269.94999999999
 20
33346.15000000001
 10
4269.94999999999
 20
33935.1125
 10
3400.0
 20
33935.1125
 10
3400.0
 20
33346.15000000001
  0
TEXT
  5
9CF
330
17
100
AcDbEntity
  8
NESTED_RESULT
100
AcDbText
 10
3834.974999999995
 20
33640.631250000006
 30
0.0
 40
80.0
  1
P-0366
 72
1
 11
3834.974999999995
 21
33640.631250000006
 31
0.0
100
AcDbText
 73
2
  0
LWPOLYLINE
  5
9D0
330
17
100
AcDbEntity
  8
NESTED_RESULT
100
AcDbPolyline
 90
5
 70
0
 10
4577.924999999988
 20
32400.0
 10
4577.924999999988
 20
33269.94999999998
 10
3988.962499999994
 20
33269.94999999998
 10
3988.962499999994
 20
32400.0
 10
4577.924999999988
 20
32400.0
  0
TEXT
  5
9D1
330
17
100
AcDbEntity
  8
NESTED_RESULT
100
AcDbText
 10
4283.443749999991
 20
32834.97499999999
 30
0.0
 40
80.0
  1
P-0367
 72
1
 11
4283.443749999991
 21
32834.97499999999
 31
0.0
100
AcDbText
 73
2
  0
LWPOLYLINE
  5
9D2
330
17
100
AcDbEntity
  8
NESTED_RESULT
100
AcDbPolyline
 90
5
 70
0
 10
4269.94999999999
 20
33269.94999999998
 10
5139.899999999976
 20
33269.94999999998
 10
5139.899999999976
 20
33858.91249999998
 10
4269.94999999999
 20
33858.91249999998
 10
4269.94999999999
 20
33269.94999999998
  0
TEXT
  5
9D3
330
17
100
AcDbEntity
  8
NESTED_RESULT
100
AcDbText
 10
4704.924999999983
 20
33564.43124999998
 30
0.0
 40
80.0
  1
P-0368
 72
1
 11
4704.924999999983
 21
33564.43124999998
 31
0.0
100
AcDbText
 73
2
  0
LWPOLYLINE
  5
9D4
330
17
100
AcDbEntity
  8
NESTED_RESULT
100
AcDbPolyline
 90
5
 70
0
 10
5166.8874999999825
 20
32400.0
 10
5166.8874999999825
 20
33193.75
 10
4577.924999999988
 20
33193.75
 10
4577.924999999988
 20
32400.0
 10
5166.8874999999825
 20
32400.0
  0
TEXT
  5
9D5
330
17
100
AcDbEntity
  8
NESTED_RESULT
100
AcDbText
 10
4872.406249999985
 20
32796.875
 30
0.0
 40
80.0
  1
P-0420
 72
1
 11
4872.406249999985
 21
32796.875
 31
0.0
100
AcDbText
 73
2
  0
LWPOLYLINE
  5
9D6
330
17
100
AcDbEntity
  8
NESTED_RESULT
100
AcDbPolyline
 90
5
 70
0
 10
5728.86249999997
 20
33193.75
 10
5728.86249999997
 20
33987.5
 10
5139.899999999976
 20
33987.5
 10
5139.899999999976
 20
33193.75
 10
5728.86249999997
 20
33193.75
  0
TEXT
  5
9D7
330
17
100
AcDbEntity
  8
NESTED_RESULT
100
AcDbText
 10
5434.381249999973
 20
33590.625
 30
0.0
 40
80.0
  1
P-0421
 72
1
 11
5434.381249999973
 21
33590.625
 31
0.0
100
AcDbText
 73
2
  0
LWPOLYLINE
  5
9D8
330
17
100
AcDbEntity
  8
NESTED_RESULT
100
AcDbPolyline
 90
5
 70
0
 10
5755.849999999977
 20
32400.0
 10
5755.849999999977
 20
33193.75
 10
5166.8874999999825
 20
33193.75
 10
5166.8874999999825
 20
32400.0
 10
5755.849999999977
 20
32400.0
  0
TEXT
  5
9D9
330
17
100
AcDbEntity
  8
NESTED_RESULT
100
AcDbText
 10
5461.36874999998
 20
32796.875
 30
0.0
 40
80.0
  1
P-0422
 72
1
 11
5461.36874999998
 21
32796.875
 31
0.0
100
AcDbText
 73
2
  0
LWPOLYLINE
  5
9DA
330
17
100
AcDbEntity
  8
NESTED_RESULT
100
AcDbPolyline
 90
5
 70
0
 10
6317.824999999964
 20
33193.75
 10
6317.824999999964
 20
33987.5
 10
5728.86249999997
 20
33987.5
 10
5728.86249999997
 20
33193.75
 10
6317.824999999964
 20
33193.75
  0
TEXT
  5
9DB
330
17
100
AcDbEntity
  8
NESTED_RESULT
100
AcDbText
 10
6023.343749999967
 20
33590.625
 30
0.0
 40
80.0
  1
P-0423
 72
1
 11
6023.343749999967
 21
33590.625
 31
0.0
100
AcDbText
 73
2
  0
LWPOLYLINE
  5
9DC
330
17
100
AcDbEntity
  8
NESTED_RESULT
 62
1
100
AcDbPolyline
 90
5
 70
0
 10
6800.0
 20
32400.0
 10
10000.0
 20
32400.0
 10
10000.0
 20
34000.0
 10
6800.0
 20
34000.0
 10
6800.0
 20
32400.0
  0
TEXT
  5
9DD
330
17
100
AcDbEntity
  8
NESTED_RESULT
 62
1
100
AcDbText
 10
6800.0
 20
34030.0
 30
0.0
 40
50.0
  1
Sheet_111
 11
6800.0
 21
34030.0
 31
0.0
100
AcDbText
 73
1
  0
LWPOLYLINE
  5
9DE
330
17
100
AcDbEntity
  8
NESTED_RESULT
100
AcDbPolyline
 90
5
 70
0
 10
6800.0
 20
32400.0
 10
6800.0
 20
33650.94999999998
 10
7388.962499999907
 20
33650.94999999998
 10
7388.962499999907
 20
32400.0
 10
6800.0
 20
32400.0
  0
TEXT
  5
9DF
330
17
100
AcDbEntity
  8
NESTED_RESULT
100
AcDbText
 10
7094.481249999953
 20
33025.47499999999
 30
0.0
 40
80.0
  1
P-0245
 72
1
 11
7094.481249999953
 21
33025.47499999999
 31
0.0
100
AcDbText
 73
2
  0
LWPOLYLINE
  5
9E0
330
17
100
AcDbEntity
  8
NESTED_RESULT
100
AcDbPolyline
 90
5
 70
0
 10
7977.924999999908
 20
32400.0
 10
7977.924999999908
 20
33498.55000000001
 10
7388.962499999907
 20
33498.55000000001
 10
7388.962499999907
 20
32400.0
 10
7977.924999999908
 20
32400.0
  0
TEXT
  5
9E1
330
17
100
AcDbEntity
  8
NESTED_RESULT
100
AcDbText
 10
7683.443749999908
 20
32949.27500000001
 30
0.0
 40
80.0
  1
P-0252
 72
1
 11
7683.443749999908
 21
32949.27500000001
 31
0.0
100
AcDbText
 73
2
  0
LWPOLYLINE
  5
9E2
330
17
100
AcDbEntity
  8
NESTED_RESULT
100
AcDbPolyline
 90
5
 70
0
 10
8566.887499999903
 20
32400.0
 10
8566.887499999903
 20
33498.54999999999
 10
7977.924999999908
 20
33498.54999999999
 10
7977.924999999908
 20
32400.0
 10
8566.887499999903
 20
32400.0
  0
TEXT
  5
9E3
330
17
100
AcDbEntity
  8
NESTED_RESULT
100
AcDbText
 10
8272.406249999905
 20
32949.274999999994
 30
0.0
 40
80.0
  1
P-0260
 72
1
 11
8272.406249999905
 21
32949.274999999994
 31
0.0
100
AcDbText
 73
2
  0
LWPOLYLINE
  5
9E4
330
17
100
AcDbEntity
  8
NESTED_RESULT
100
AcDbPolyline
 90
5
 70
0
 10
9155.849999999904
 20
32400.0
 10
9155.849999999904
 20
33422.35
 10
8566.887499999903
 20
33422.35
 10
8566.887499999903
 20
32400.0
 10
9155.849999999904
 20
32400.0
  0
TEXT
  5
9E5
330
17
100
AcDbEntity
  8
NESTED_RESULT
100
AcDbText
 10
8861.368749999903
 20
32911.175
 30
0.0
 40
80.0
  1
P-0264
 72
1
 11
8861.368749999903
 21
32911.175
 31
0.0
100
AcDbText
 73
2
  0
LWPOLYLINE
  5
9E6
330
17
100
AcDbEntity
  8
NESTED_RESULT
100
AcDbPolyline
 90
5
 70
0
 10
9744.812499999905
 20
32400.0
 10
9744.812499999905
 20
33346.149999999994
 10
9155.849999999904
 20
33346.149999999994
 10
9155.849999999904
 20
32400.0
 10
9744.812499999905
 20
32400.0
  0
TEXT
  5
9E7
330
17
100
AcDbEntity
  8
NESTED_RESULT
100
AcDbText
 10
9450.331249999905
 20
32873.075
 30
0.0
 40
80.0
  1
P-0290
 72
1
 11
9450.331249999905
 21
32873.075
 31
0.0
100
AcDbText
 73
2
  0
LWPOLYLINE
  5
9E8
330
17
100
AcDbEntity
  8
NESTED_RESULT
100
AcDbPolyline
 90
5
 70
0
 10
9155.849999999904
 20
33346.149999999994
 10
9949.599999999904
 20
33346.149999999994
 10
9949.599999999904
 20
33935.11249999999
 10
9155.849999999904
 20
33935.11249999999
 10
9155.849999999904
 20
33346.149999999994
  0
TEXT
  5
9E9
330
17
100
AcDbEntity
  8
NESTED_RESULT
100
AcDbText
 10
9552.724999999904
 20
33640.63124999999
 30
0.0
 40
80.0
  1
P-0418
 72
1
 11
9552.724999999904
 21
33640.63124999999
 31
0.0
100
AcDbText
 73
2
  0
LWPOLYLINE
  5
9EA
330
17
100
AcDbEntity
  8
NESTED_RESULT
100
AcDbPolyline
 90
5
 70
0
 10
8033.4874999998865
 20
33498.55000000002
 10
8033.4874999998865
 20
33955.750000000015
 10
7388.962499999907
 20
33955.750000000015
 10
7388.962499999907
 20
33498.55000000002
 10
8033.4874999998865
 20
33498.55000000002
  0
TEXT
  5
9EB
330
17
100
AcDbEntity
  8
NESTED_RESULT
100
AcDbText
 10
7711.224999999897
 20
33727.150000000016
 30
0.0
 40
80.0
  1
P-0624
 72
1
 11
7711.224999999897
 21
33727.150000000016
 31
0.0
100
AcDbText
 73
2
  0
LWPOLYLINE
  5
9EC
330
17
100
AcDbEntity
  8
NESTED_RESULT
 62
1
100
AcDbPolyline
 90
5
 70
0
 10
10200.0
 20
32400.0
 10
13400.0
 20
32400.0
 10
13400.0
 20
34000.0
 10
10200.0
 20
34000.0
 10
10200.0
 20
32400.0
  0
TEXT
  5
9ED
330
17
100
AcDbEntity
  8
NESTED_RESULT
 62
1
100
AcDbText
 10
10200.0
 20
34030.0
 30
0.0
 40
50.0
  1
Sheet_112
 11
10200.0
 21
34030.0
 31
0.0
100
AcDbText
 73
1
  0
LWPOLYLINE
  5
9EE
330
17
100
AcDbEntity
  8
NESTED_RESULT
100
AcDbPolyline
 90
5
 70
0
 10
10200.0
 20
32400.0
 10
12035.150000000001
 20
32400.0
 10
12035.150000000001
 20
33044.525
 10
10200.0
 20
33044.525
 10
10200.0
 20
32400.0
  0
TEXT
  5
9EF
330
17
100
AcDbEntity
  8
NESTED_RESULT
100
AcDbText
 10
11117.575
 20
32722.2625
 30
0.0
 40
80.0
  1
P-0146
 72
1
 11
11117.575
 21
32722.2625
 31
0.0
100
AcDbText
 73
2
  0
LWPOLYLINE
  5
9F0
330
17
100
AcDbEntity
  8
NESTED_RESULT
100
AcDbPolyline
 90
5
 70
0
 10
10200.0
 20
33044.525
 10
12035.150000000001
 20
33044.525
 10
12035.150000000001
 20
33689.05
 10
10200.0
 20
33689.05
 10
10200.0
 20
33044.525
  0
TEXT
  5
9F1
330
17
100
AcDbEntity
  8
NESTED_RESULT
100
AcDbText
 10
11117.575
 20
33366.787500000006
 30
0.0
 40
80.0
  1
P-0150
 72
1
 11
11117.575
 21
33366.787500000006
 31
0.0
100
AcDbText
 73
2
  0
LWPOLYLINE
  5
9F2
330
17
100
AcDbEntity
  8
NESTED_RESULT
100
AcDbPolyline
 90
5
 70
0
 10
12035.150000000001
 20
32400.0
 10
12035.150000000001
 20
33650.95
 10
12624.112499999996
 20
33650.95
 10
12624.112499999996
 20
32400.0
 10
12035.150000000001
 20
32400.0
  0
TEXT
  5
9F3
330
17
100
AcDbEntity
  8
NESTED_RESULT
100
AcDbText
 10
12329.631249999999
 20
33025.475
 30
0.0
 40
80.0
  1
P-0217
 72
1
 11
12329.631249999999
 21
33025.475
 31
0.0
100
AcDbText
 73
2
  0
LWPOLYLINE
  5
9F4
330
17
100
AcDbEntity
  8
NESTED_RESULT
100
AcDbPolyline
 90
5
 70
0
 10
12624.112499999996
 20
32400.0
 10
12624.112499999996
 20
33650.95
 10
13213.07499999999
 20
33650.95
 10
13213.07499999999
 20
32400.0
 10
12624.112499999996
 20
32400.0
  0
TEXT
  5
9F5
330
17
100
AcDbEntity
  8
NESTED_RESULT
100
AcDbText
 10
12918.593749999993
 20
33025.475
 30
0.0
 40
80.0
  1
P-0229
 72
1
 11
12918.593749999993
 21
33025.475
 31
0.0
100
AcDbText
 73
2
  0
LWPOLYLINE
  5
9F6
330
17
100
AcDbEntity
  8
NESTED_RESULT
 62
1
100
AcDbPolyline
 90
5
 70
0
 10
13600.0
 20
32400.0
 10
16800.0
 20
32400.0
 10
16800.0
 20
34000.0
 10
13600.0
 20
34000.0
 10
13600.0
 20
32400.0
  0
TEXT
  5
9F7
330
17
100
AcDbEntity
  8
NESTED_RESULT
 62
1
100
AcDbText
 10
13600.0
 20
34030.0
 30
0.0
 40
50.0
  1
Sheet_113
 11
13600.0
 21
34030.0
 31
0.0
100
AcDbText
 73
1
  0
LWPOLYLINE
  5
9F8
330
17
100
AcDbEntity
  8
NESTED_RESULT
100
AcDbPolyline
 90
5
 70
0
 10
13600.0
 20
32400.0
 10
15435.149999999998
 20
32400.0
 10
15435.149999999998
 20
33044.525
 10
13600.0
 20
33044.525
 10
13600.0
 20
32400.0
  0
TEXT
  5
9F9
330
17
100
AcDbEntity
  8
NESTED_RESULT
100
AcDbText
 10
14517.574999999999
 20
32722.2625
 30
0.0
 40
80.0
  1
P-0164
 72
1
 11
14517.574999999999
 21
32722.2625
 31
0.0
100
AcDbText
 73
2
  0
LWPOLYLINE
  5
9FA
330
17
100
AcDbEntity
  8
NESTED_RESULT
100
AcDbPolyline
 90
5
 70
0
 10
15435.149999999994
 20
33689.05
 10
13600.0
 20
33689.05
 10
13600.0
 20
33044.525
 10
15435.149999999994
 20
33044.525
 10
15435.149999999994
 20
33689.05
  0
TEXT
  5
9FB
330
17
100
AcDbEntity
  8
NESTED_RESULT
100
AcDbText
 10
14517.574999999997
 20
33366.787500000006
 30
0.0
 40
80.0
  1
P-0163
 72
1
 11
14517.574999999997
 21
33366.787500000006
 31
0.0
100
AcDbText
 73
2
  0
LWPOLYLINE
  5
9FC
330
17
100
AcDbEntity
  8
NESTED_RESULT
100
AcDbPolyline
 90
5
 70
0
 10
15435.149999999998
 20
32400.0
 10
15435.149999999998
 20
33650.95
 10
16024.112499999992
 20
33650.95
 10
16024.112499999992
 20
32400.0
 10
15435.149999999998
 20
32400.0
  0
TEXT
  5
9FD
330
17
100
AcDbEntity
  8
NESTED_RESULT
100
AcDbText
 10
15729.631249999995
 20
33025.475
 30
0.0
 40
80.0
  1
P-0230
 72
1
 11
15729.631249999995
 21
33025.475
 31
0.0
100
AcDbText
 73
2
  0
LWPOLYLINE
  5
9FE
330
17
100
AcDbEntity
  8
NESTED_RESULT
100
AcDbPolyline
 90
5
 70
0
 10
16024.112499999992
 20
32400.0
 10
16024.112499999992
 20
33650.95
 10
16613.074999999986
 20
33650.95
 10
16613.074999999986
 20
32400.0
 10
16024.112499999992
 20
32400.0
  0
TEXT
  5
9FF
330
17
100
AcDbEntity
  8
NESTED_RESULT
100
AcDbText
 10
16318.593749999989
 20
33025.475
 30
0.0
 40
80.0
  1
P-0234
 72
1
 11
16318.593749999989
 21
33025.475
 31
0.0
100
AcDbText
 73
2
  0
LWPOLYLINE
  5
A00
330
17
100
AcDbEntity
  8
NESTED_RESULT
 62
1
100
AcDbPolyline
 90
5
 70
0
 10
17000.0
 20
32400.0
 10
20200.0
 20
32400.0
 10
20200.0
 20
34000.0
 10
17000.0
 20
34000.0
 10
17000.0
 20
32400.0
  0
TEXT
  5
A01
330
17
100
AcDbEntity
  8
NESTED_RESULT
 62
1
100
AcDbText
 10
17000.0
 20
34030.0
 30
0.0
 40
50.0
  1
Sheet_114
 11
17000.0
 21
34030.0
 31
0.0
100
AcDbText
 73
1
  0
LWPOLYLINE
  5
A02
330
17
100
AcDbEntity
  8
NESTED_RESULT
100
AcDbPolyline
 90
5
 70
0
 10
17000.0
 20
32400.0
 10
18835.149999999998
 20
32400.0
 10
18835.149999999998
 20
33044.525
 10
17000.0
 20
33044.525
 10
17000.0
 20
32400.0
  0
TEXT
  5
A03
330
17
100
AcDbEntity
  8
NESTED_RESULT
100
AcDbText
 10
17917.574999999997
 20
32722.2625
 30
0.0
 40
80.0
  1
P-0165
 72
1
 11
17917.574999999997
 21
32722.2625
 31
0.0
100
AcDbText
 73
2
  0
LWPOLYLINE
  5
A04
330
17
100
AcDbEntity
  8
NESTED_RESULT
100
AcDbPolyline
 90
5
 70
0
 10
17000.0
 20
33044.525
 10
18835.149999999998
 20
33044.525
 10
18835.149999999998
 20
33689.05
 10
17000.0
 20
33689.05
 10
17000.0
 20
33044.525
  0
TEXT
  5
A05
330
17
100
AcDbEntity
  8
NESTED_RESULT
100
AcDbText
 10
17917.574999999997
 20
33366.787500000006
 30
0.0
 40
80.0
  1
P-0162
 72
1
 11
17917.574999999997
 21
33366.787500000006
 31
0.0
100
AcDbText
 73
2
  0
LWPOLYLINE
  5
A06
330
17
100
AcDbEntity
  8
NESTED_RESULT
100
AcDbPolyline
 90
5
 70
0
 10
18835.149999999998
 20
32400.0
 10
18835.149999999998
 20
33650.95
 10
19424.112499999992
 20
33650.95
 10
19424.112499999992
 20
32400.0
 10
18835.149999999998
 20
32400.0
  0
TEXT
  5
A07
330
17
100
AcDbEntity
  8
NESTED_RESULT
100
AcDbText
 10
19129.631249999995
 20
33025.475
 30
0.0
 40
80.0
  1
P-0237
 72
1
 11
19129.631249999995
 21
33025.475
 31
0.0
100
AcDbText
 73
2
  0
LWPOLYLINE
  5
A08
330
17
100
AcDbEntity
  8
NESTED_RESULT
100
AcDbPolyline
 90
5
 70
0
 10
20013.5
 20
32400.0
 10
20013.5
 20
33269.95
 10
19424.537500000006
 20
33269.95
 10
19424.537500000006
 20
32400.0
 10
20013.5
 20
32400.0
  0
TEXT
  5
A09
330
17
100
AcDbEntity
  8
NESTED_RESULT
100
AcDbText
 10
19719.018750000003
 20
32834.975
 30
0.0
 40
80.0
  1
P-0350
 72
1
 11
19719.018750000003
 21
32834.975
 31
0.0
100
AcDbText
 73
2
  0
LWPOLYLINE
  5
A0A
330
17
100
AcDbEntity
  8
NESTED_RESULT
100
AcDbPolyline
 90
5
 70
0
 10
19424.112499999992
 20
33269.95
 10
19881.312499999993
 20
33269.95
 10
19881.312499999993
 20
33914.474999999984
 10
19424.112499999992
 20
33914.474999999984
 10
19424.112499999992
 20
33269.95
  0
TEXT
  5
A0B
330
17
100
AcDbEntity
  8
NESTED_RESULT
100
AcDbText
 10
19652.712499999994
 20
33592.212499999994
 30
0.0
 40
80.0
  1
P-0602
 72
1
 11
19652.712499999994
 21
33592.212499999994
 31
0.0
100
AcDbText
 73
2
  0
LWPOLYLINE
  5
A0C
330
17
100
AcDbEntity
  8
NESTED_RESULT
 62
1
100
AcDbPolyline
 90
5
 70
0
 10
0.0
 20
34200.0
 10
3200.0
 20
34200.0
 10
3200.0
 20
35800.0
 10
0.0
 20
35800.0
 10
0.0
 20
34200.0
  0
TEXT
  5
A0D
330
17
100
AcDbEntity
  8
NESTED_RESULT
 62
1
100
AcDbText
 10
0.0
 20
35830.0
 30
0.0
 40
50.0
  1
Sheet_115
 11
0.0
 21
35830.0
 31
0.0
100
AcDbText
 73
1
  0
LWPOLYLINE
  5
A0E
330
17
100
AcDbEntity
  8
NESTED_RESULT
100
AcDbPolyline
 90
5
 70
0
 10
0.0
 20
34200.0
 10
1835.1499999999978
 20
34200.0
 10
1835.1499999999978
 20
34844.525
 10
0.0
 20
34844.525
 10
0.0
 20
34200.0
  0
TEXT
  5
A0F
330
17
100
AcDbEntity
  8
NESTED_RESULT
100
AcDbText
 10
917.5749999999989
 20
34522.2625
 30
0.0
 40
80.0
  1
P-0167
 72
1
 11
917.5749999999989
 21
34522.2625
 31
0.0
100
AcDbText
 73
2
  0
LWPOLYLINE
  5
A10
330
17
100
AcDbEntity
  8
NESTED_RESULT
100
AcDbPolyline
 90
5
 70
0
 10
0.0
 20
34844.525
 10
1835.1499999999978
 20
34844.525
 10
1835.1499999999978
 20
35489.05
 10
0.0
 20
35489.05
 10
0.0
 20
34844.525
  0
TEXT
  5
A11
330
17
100
AcDbEntity
  8
NESTED_RESULT
100
AcDbText
 10
917.5749999999989
 20
35166.787500000006
 30
0.0
 40
80.0
  1
P-0166
 72
1
 11
917.5749999999989
 21
35166.787500000006
 31
0.0
100
AcDbText
 73
2
  0
LWPOLYLINE
  5
A12
330
17
100
AcDbEntity
  8
NESTED_RESULT
100
AcDbPolyline
 90
5
 70
0
 10
2424.112499999992
 20
34200.0
 10
2424.112499999992
 20
35069.950000000004
 10
1835.1499999999978
 20
35069.950000000004
 10
1835.1499999999978
 20
34200.0
 10
2424.112499999992
 20
34200.0
  0
TEXT
  5
A13
330
17
100
AcDbEntity
  8
NESTED_RESULT
100
AcDbText
 10
2129.631249999995
 20
34634.975000000006
 30
0.0
 40
80.0
  1
P-0352
 72
1
 11
2129.631249999995
 21
34634.975000000006
 31
0.0
100
AcDbText
 73
2
  0
LWPOLYLINE
  5
A14
330
17
100
AcDbEntity
  8
NESTED_RESULT
100
AcDbPolyline
 90
5
 70
0
 10
2705.099999999995
 20
35658.9125
 10
1835.1499999999978
 20
35658.9125
 10
1835.1499999999978
 20
35069.950000000004
 10
2705.099999999995
 20
35069.950000000004
 10
2705.099999999995
 20
35658.9125
  0
TEXT
  5
A15
330
17
100
AcDbEntity
  8
NESTED_RESULT
100
AcDbText
 10
2270.1249999999964
 20
35364.43125
 30
0.0
 40
80.0
  1
P-0354
 72
1
 11
2270.1249999999964
 21
35364.43125
 31
0.0
100
AcDbText
 73
2
  0
LWPOLYLINE
  5
A16
330
17
100
AcDbEntity
  8
NESTED_RESULT
100
AcDbPolyline
 90
5
 70
0
 10
3013.5
 20
34200.0
 10
3013.5
 20
35069.95
 10
2424.537500000006
 20
35069.95
 10
2424.537500000006
 20
34200.0
 10
3013.5
 20
34200.0
  0
TEXT
  5
A17
330
17
100
AcDbEntity
  8
NESTED_RESULT
100
AcDbText
 10
2719.018750000003
 20
34634.975
 30
0.0
 40
80.0
  1
P-0355
 72
1
 11
2719.018750000003
 21
34634.975
 31
0.0
100
AcDbText
 73
2
  0
LWPOLYLINE
  5
A18
330
17
100
AcDbEntity
  8
NESTED_RESULT
 62
1
100
AcDbPolyline
 90
5
 70
0
 10
3400.0
 20
34200.0
 10
6600.0
 20
34200.0
 10
6600.0
 20
35800.0
 10
3400.0
 20
35800.0
 10
3400.0
 20
34200.0
  0
TEXT
  5
A19
330
17
100
AcDbEntity
  8
NESTED_RESULT
 62
1
100
AcDbText
 10
3400.0
 20
35830.0
 30
0.0
 40
50.0
  1
Sheet_116
 11
3400.0
 21
35830.0
 31
0.0
100
AcDbText
 73
1
  0
LWPOLYLINE
  5
A1A
330
17
100
AcDbEntity
  8
NESTED_RESULT
100
AcDbPolyline
 90
5
 70
0
 10
3400.0
 20
34200.0
 10
5235.1500000000015
 20
34200.0
 10
5235.1500000000015
 20
34844.525
 10
3400.0
 20
34844.525
 10
3400.0
 20
34200.0
  0
TEXT
  5
A1B
330
17
100
AcDbEntity
  8
NESTED_RESULT
100
AcDbText
 10
4317.575000000001
 20
34522.2625
 30
0.0
 40
80.0
  1
P-0145
 72
1
 11
4317.575000000001
 21
34522.2625
 31
0.0
100
AcDbText
 73
2
  0
LWPOLYLINE
  5
A1C
330
17
100
AcDbEntity
  8
NESTED_RESULT
100
AcDbPolyline
 90
5
 70
0
 10
5235.1500000000015
 20
35489.05
 10
3400.0
 20
35489.05
 10
3400.0
 20
34844.525
 10
5235.1500000000015
 20
34844.525
 10
5235.1500000000015
 20
35489.05
  0
TEXT
  5
A1D
330
17
100
AcDbEntity
  8
NESTED_RESULT
100
AcDbText
 10
4317.575000000001
 20
35166.787500000006
 30
0.0
 40
80.0
  1
P-0149
 72
1
 11
4317.575000000001
 21
35166.787500000006
 31
0.0
100
AcDbText
 73
2
  0
LWPOLYLINE
  5
A1E
330
17
100
AcDbEntity
  8
NESTED_RESULT
100
AcDbPolyline
 90
5
 70
0
 10
5235.1500000000015
 20
34788.962499999994
 10
6486.100000000002
 20
34788.962499999994
 10
6486.100000000002
 20
34200.0
 10
5235.1500000000015
 20
34200.0
 10
5235.1500000000015
 20
34788.962499999994
  0
TEXT
  5
A1F
330
17
100
AcDbEntity
  8
NESTED_RESULT
100
AcDbText
 10
5860.625000000002
 20
34494.48125
 30
0.0
 40
80.0
  1
P-0221
 72
1
 11
5860.625000000002
 21
34494.48125
 31
0.0
100
AcDbText
 73
2
  0
LWPOLYLINE
  5
A20
330
17
100
AcDbEntity
  8
NESTED_RESULT
100
AcDbPolyline
 90
5
 70
0
 10
5235.1500000000015
 20
35377.92499999999
 10
6486.100000000002
 20
35377.92499999999
 10
6486.100000000002
 20
34788.962499999994
 10
5235.1500000000015
 20
34788.962499999994
 10
5235.1500000000015
 20
35377.92499999999
  0
TEXT
  5
A21
330
17
100
AcDbEntity
  8
NESTED_RESULT
100
AcDbText
 10
5860.625000000002
 20
35083.44374999999
 30
0.0
 40
80.0
  1
P-0218
 72
1
 11
5860.625000000002
 21
35083.44374999999
 31
0.0
100
AcDbText
 73
2
  0
LWPOLYLINE
  5
A22
330
17
100
AcDbEntity
  8
NESTED_RESULT
 62
1
100
AcDbPolyline
 90
5
 70
0
 10
6800.0
 20
34200.0
 10
10000.0
 20
34200.0
 10
10000.0
 20
35800.0
 10
6800.0
 20
35800.0
 10
6800.0
 20
34200.0
  0
TEXT
  5
A23
330
17
100
AcDbEntity
  8
NESTED_RESULT
 62
1
100
AcDbText
 10
6800.0
 20
35830.0
 30
0.0
 40
50.0
  1
Sheet_117
 11
6800.0
 21
35830.0
 31
0.0
100
AcDbText
 73
1
  0
LWPOLYLINE
  5
A24
330
17
100
AcDbEntity
  8
NESTED_RESULT
100
AcDbPolyline
 90
5
 70
0
 10
6800.0
 20
34200.0
 10
7669.949999999997
 20
34200.0
 10
7669.949999999997
 20
34788.962499999994
 10
6800.0
 20
34788.962499999994
 10
6800.0
 20
34200.0
  0
TEXT
  5
A25
330
17
100
AcDbEntity
  8
NESTED_RESULT
100
AcDbText
 10
7234.9749999999985
 20
34494.48125
 30
0.0
 40
80.0
  1
P-0356
 72
1
 11
7234.9749999999985
 21
34494.48125
 31
0.0
100
AcDbText
 73
2
  0
LWPOLYLINE
  5
A26
330
17
100
AcDbEntity
  8
NESTED_RESULT
100
AcDbPolyline
 90
5
 70
0
 10
7669.949999999997
 20
34200.0
 10
8539.899999999994
 20
34200.0
 10
8539.899999999994
 20
34788.962499999994
 10
7669.949999999997
 20
34788.962499999994
 10
7669.949999999997
 20
34200.0
  0
TEXT
  5
A27
330
17
100
AcDbEntity
  8
NESTED_RESULT
100
AcDbText
 10
8104.924999999996
 20
34494.48125
 30
0.0
 40
80.0
  1
P-0357
 72
1
 11
8104.924999999996
 21
34494.48125
 31
0.0
100
AcDbText
 73
2
  0
LWPOLYLINE
  5
A28
330
17
100
AcDbEntity
  8
NESTED_RESULT
100
AcDbPolyline
 90
5
 70
0
 10
9129.0
 20
34200.0
 10
9129.0
 20
35069.950000000004
 10
8540.037500000006
 20
35069.950000000004
 10
8540.037500000006
 20
34200.0
 10
9129.0
 20
34200.0
  0
TEXT
  5
A29
330
17
100
AcDbEntity
  8
NESTED_RESULT
100
AcDbText
 10
8834.518750000003
 20
34634.975000000006
 30
0.0
 40
80.0
  1
P-0358
 72
1
 11
8834.518750000003
 21
34634.975000000006
 31
0.0
100
AcDbText
 73
2
  0
LWPOLYLINE
  5
A2A
330
17
100
AcDbEntity
  8
NESTED_RESULT
100
AcDbPolyline
 90
5
 70
0
 10
9717.962499999994
 20
34200.0
 10
9717.962499999994
 20
35069.95
 10
9129.0
 20
35069.95
 10
9129.0
 20
34200.0
 10
9717.962499999994
 20
34200.0
  0
TEXT
  5
A2B
330
17
100
AcDbEntity
  8
NESTED_RESULT
100
AcDbText
 10
9423.481249999997
 20
34634.975
 30
0.0
 40
80.0
  1
P-0361
 72
1
 11
9423.481249999997
 21
34634.975
 31
0.0
100
AcDbText
 73
2
  0
LWPOLYLINE
  5
A2C
330
17
100
AcDbEntity
  8
NESTED_RESULT
100
AcDbPolyline
 90
5
 70
0
 10
6800.0
 20
35658.91249999999
 10
6800.0
 20
34788.962499999994
 10
7388.962499999994
 20
34788.962499999994
 10
7388.962499999994
 20
35658.91249999999
 10
6800.0
 20
35658.91249999999
  0
TEXT
  5
A2D
330
17
100
AcDbEntity
  8
NESTED_RESULT
100
AcDbText
 10
7094.481249999997
 20
35223.93749999999
 30
0.0
 40
80.0
  1
P-0362
 72
1
 11
7094.481249999997
 21
35223.93749999999
 31
0.0
100
AcDbText
 73
2
  0
LWPOLYLINE
  5
A2E
330
17
100
AcDbEntity
  8
NESTED_RESULT
100
AcDbPolyline
 90
5
 70
0
 10
7388.962499999994
 20
34788.962499999994
 10
8258.912499999984
 20
34788.962499999994
 10
8258.912499999984
 20
35377.92499999999
 10
7388.962499999994
 20
35377.92499999999
 10
7388.962499999994
 20
34788.962499999994
  0
TEXT
  5
A2F
330
17
100
AcDbEntity
  8
NESTED_RESULT
100
AcDbText
 10
7823.937499999989
 20
35083.44374999999
 30
0.0
 40
80.0
  1
P-0363
 72
1
 11
7823.937499999989
 21
35083.44374999999
 31
0.0
100
AcDbText
 73
2
  0
LWPOLYLINE
  5
A30
330
17
100
AcDbEntity
  8
NESTED_RESULT
100
AcDbPolyline
 90
5
 70
0
 10
8258.912499999984
 20
35069.950000000004
 10
9128.862499999974
 20
35069.950000000004
 10
9128.862499999974
 20
35658.9125
 10
8258.912499999984
 20
35658.9125
 10
8258.912499999984
 20
35069.950000000004
  0
TEXT
  5
A31
330
17
100
AcDbEntity
  8
NESTED_RESULT
100
AcDbText
 10
8693.887499999979
 20
35364.43125
 30
0.0
 40
80.0
  1
P-0364
 72
1
 11
8693.887499999979
 21
35364.43125
 31
0.0
100
AcDbText
 73
2
  0
LWPOLYLINE
  5
A32
330
17
100
AcDbEntity
  8
NESTED_RESULT
100
AcDbPolyline
 90
5
 70
0
 10
9128.862499999974
 20
35069.950000000004
 10
9998.812499999964
 20
35069.950000000004
 10
9998.812499999964
 20
35658.9125
 10
9128.862499999974
 20
35658.9125
 10
9128.862499999974
 20
35069.950000000004
  0
TEXT
  5
A33
330
17
100
AcDbEntity
  8
NESTED_RESULT
100
AcDbText
 10
9563.837499999969
 20
35364.43125
 30
0.0
 40
80.0
  1
P-0365
 72
1
 11
9563.837499999969
 21
35364.43125
 31
0.0
100
AcDbText
 73
2
  0
LWPOLYLINE
  5
A34
330
17
100
AcDbEntity
  8
NESTED_RESULT
 62
1
100
AcDbPolyline
 90
5
 70
0
 10
10200.0
 20
34200.0
 10
13400.0
 20
34200.0
 10
13400.0
 20
35800.0
 10
10200.0
 20
35800.0
 10
10200.0
 20
34200.0
  0
TEXT
  5
A35
330
17
100
AcDbEntity
  8
NESTED_RESULT
 62
1
100
AcDbText
 10
10200.0
 20
35830.0
 30
0.0
 40
50.0
  1
Sheet_118
 11
10200.0
 21
35830.0
 31
0.0
100
AcDbText
 73
1
  0
LWPOLYLINE
  5
A36
330
17
100
AcDbEntity
  8
NESTED_RESULT
100
AcDbPolyline
 90
5
 70
0
 10
10200.0
 20
34200.0
 10
12035.150000000001
 20
34200.0
 10
12035.150000000001
 20
34844.525
 10
10200.0
 20
34844.525
 10
10200.0
 20
34200.0
  0
TEXT
  5
A37
330
17
100
AcDbEntity
  8
NESTED_RESULT
100
AcDbText
 10
11117.575
 20
34522.2625
 30
0.0
 40
80.0
  1
P-0147
 72
1
 11
11117.575
 21
34522.2625
 31
0.0
100
AcDbText
 73
2
  0
LWPOLYLINE
  5
A38
330
17
100
AcDbEntity
  8
NESTED_RESULT
100
AcDbPolyline
 90
5
 70
0
 10
10200.0
 20
34844.525
 10
12035.15
 20
34844.525
 10
12035.15
 20
35489.05
 10
10200.0
 20
35489.05
 10
10200.0
 20
34844.525
  0
TEXT
  5
A39
330
17
100
AcDbEntity
  8
NESTED_RESULT
100
AcDbText
 10
11117.575
 20
35166.787500000006
 30
0.0
 40
80.0
  1
P-0158
 72
1
 11
11117.575
 21
35166.787500000006
 31
0.0
100
AcDbText
 73
2
  0
LWPOLYLINE
  5
A3A
330
17
100
AcDbEntity
  8
NESTED_RESULT
100
AcDbPolyline
 90
5
 70
0
 10
12035.150000000001
 20
34200.0
 10
12035.150000000001
 20
35450.95000000001
 10
12624.112499999996
 20
35450.95000000001
 10
12624.112499999996
 20
34200.0
 10
12035.150000000001
 20
34200.0
  0
TEXT
  5
A3B
330
17
100
AcDbEntity
  8
NESTED_RESULT
100
AcDbText
 10
12329.631249999999
 20
34825.475000000006
 30
0.0
 40
80.0
  1
P-0223
 72
1
 11
12329.631249999999
 21
34825.475000000006
 31
0.0
100
AcDbText
 73
2
  0
LWPOLYLINE
  5
A3C
330
17
100
AcDbEntity
  8
NESTED_RESULT
100
AcDbPolyline
 90
5
 70
0
 10
12624.112499999996
 20
34200.0
 10
12624.112499999996
 20
35450.95
 10
13213.07499999999
 20
35450.95
 10
13213.07499999999
 20
34200.0
 10
12624.112499999996
 20
34200.0
  0
TEXT
  5
A3D
330
17
100
AcDbEntity
  8
NESTED_RESULT
100
AcDbText
 10
12918.593749999993
 20
34825.475
 30
0.0
 40
80.0
  1
P-0227
 72
1
 11
12918.593749999993
 21
34825.475
 31
0.0
100
AcDbText
 73
2
  0
LWPOLYLINE
  5
A3E
330
17
100
AcDbEntity
  8
NESTED_RESULT
 62
1
100
AcDbPolyline
 90
5
 70
0
 10
13600.0
 20
34200.0
 10
16800.0
 20
34200.0
 10
16800.0
 20
35800.0
 10
13600.0
 20
35800.0
 10
13600.0
 20
34200.0
  0
TEXT
  5
A3F
330
17
100
AcDbEntity
  8
NESTED_RESULT
 62
1
100
AcDbText
 10
13600.0
 20
35830.0
 30
0.0
 40
50.0
  1
Sheet_119
 11
13600.0
 21
35830.0
 31
0.0
100
AcDbText
 73
1
  0
LWPOLYLINE
  5
A40
330
17
100
AcDbEntity
  8
NESTED_RESULT
100
AcDbPolyline
 90
5
 70
0
 10
13600.0
 20
34200.0
 10
13600.0
 20
35450.95
 10
14188.962499999994
 20
35450.95
 10
14188.962499999994
 20
34200.0
 10
13600.0
 20
34200.0
  0
TEXT
  5
A41
330
17
100
AcDbEntity
  8
NESTED_RESULT
100
AcDbText
 10
13894.481249999997
 20
34825.475
 30
0.0
 40
80.0
  1
P-0228
 72
1
 11
13894.481249999997
 21
34825.475
 31
0.0
100
AcDbText
 73
2
  0
LWPOLYLINE
  5
A42
330
17
100
AcDbEntity
  8
NESTED_RESULT
100
AcDbPolyline
 90
5
 70
0
 10
14188.962499999994
 20
34200.0
 10
14188.962499999994
 20
35450.95
 10
14777.924999999988
 20
35450.95
 10
14777.924999999988
 20
34200.0
 10
14188.962499999994
 20
34200.0
  0
TEXT
  5
A43
330
17
100
AcDbEntity
  8
NESTED_RESULT
100
AcDbText
 10
14483.443749999991
 20
34825.475
 30
0.0
 40
80.0
  1
P-0231
 72
1
 11
14483.443749999991
 21
34825.475
 31
0.0
100
AcDbText
 73
2
  0
LWPOLYLINE
  5
A44
330
17
100
AcDbEntity
  8
NESTED_RESULT
100
AcDbPolyline
 90
5
 70
0
 10
14777.924999999988
 20
34200.0
 10
14777.924999999988
 20
35450.95
 10
15366.887499999983
 20
35450.95
 10
15366.887499999983
 20
34200.0
 10
14777.924999999988
 20
34200.0
  0
TEXT
  5
A45
330
17
100
AcDbEntity
  8
NESTED_RESULT
100
AcDbText
 10
15072.406249999985
 20
34825.475
 30
0.0
 40
80.0
  1
P-0232
 72
1
 11
15072.406249999985
 21
34825.475
 31
0.0
100
AcDbText
 73
2
  0
LWPOLYLINE
  5
A46
330
17
100
AcDbEntity
  8
NESTED_RESULT
100
AcDbPolyline
 90
5
 70
0
 10
15366.887499999983
 20
34200.0
 10
15366.887499999983
 20
35450.95
 10
15955.849999999977
 20
35450.95
 10
15955.849999999977
 20
34200.0
 10
15366.887499999983
 20
34200.0
  0
TEXT
  5
A47
330
17
100
AcDbEntity
  8
NESTED_RESULT
100
AcDbText
 10
15661.36874999998
 20
34825.475
 30
0.0
 40
80.0
  1
P-0235
 72
1
 11
15661.36874999998
 21
34825.475
 31
0.0
100
AcDbText
 73
2
  0
LWPOLYLINE
  5
A48
330
17
100
AcDbEntity
  8
NESTED_RESULT
100
AcDbPolyline
 90
5
 70
0
 10
15955.849999999977
 20
34200.0
 10
15955.849999999977
 20
35450.94999999998
 10
16544.81249999997
 20
35450.94999999998
 10
16544.81249999997
 20
34200.0
 10
15955.849999999977
 20
34200.0
  0
TEXT
  5
A49
330
17
100
AcDbEntity
  8
NESTED_RESULT
100
AcDbText
 10
16250.331249999974
 20
34825.47499999999
 30
0.0
 40
80.0
  1
P-0238
 72
1
 11
16250.331249999974
 21
34825.47499999999
 31
0.0
100
AcDbText
 73
2
  0
LWPOLYLINE
  5
A4A
330
17
100
AcDbEntity
  8
NESTED_RESULT
 62
1
100
AcDbPolyline
 90
5
 70
0
 10
17000.0
 20
34200.0
 10
20200.0
 20
34200.0
 10
20200.0
 20
35800.0
 10
17000.0
 20
35800.0
 10
17000.0
 20
34200.0
  0
TEXT
  5
A4B
330
17
100
AcDbEntity
  8
NESTED_RESULT
 62
1
100
AcDbText
 10
17000.0
 20
35830.0
 30
0.0
 40
50.0
  1
Sheet_120
 11
17000.0
 21
35830.0
 31
0.0
100
AcDbText
 73
1
  0
LWPOLYLINE
  5
A4C
330
17
100
AcDbEntity
  8
NESTED_RESULT
100
AcDbPolyline
 90
5
 70
0
 10
17000.0
 20
34200.0
 10
18835.15
 20
34200.0
 10
18835.15
 20
34844.525
 10
17000.0
 20
34844.525
 10
17000.0
 20
34200.0
  0
TEXT
  5
A4D
330
17
100
AcDbEntity
  8
NESTED_RESULT
100
AcDbText
 10
17917.575
 20
34522.2625
 30
0.0
 40
80.0
  1
P-0148
 72
1
 11
17917.575
 21
34522.2625
 31
0.0
100
AcDbText
 73
2
  0
LWPOLYLINE
  5
A4E
330
17
100
AcDbEntity
  8
NESTED_RESULT
100
AcDbPolyline
 90
5
 70
0
 10
17000.0
 20
34844.525
 10
18835.15
 20
34844.525
 10
18835.15
 20
35489.05
 10
17000.0
 20
35489.05
 10
17000.0
 20
34844.525
  0
TEXT
  5
A4F
330
17
100
AcDbEntity
  8
NESTED_RESULT
100
AcDbText
 10
17917.575
 20
35166.787500000006
 30
0.0
 40
80.0
  1
P-0160
 72
1
 11
17917.575
 21
35166.787500000006
 31
0.0
100
AcDbText
 73
2
  0
LWPOLYLINE
  5
A50
330
17
100
AcDbEntity
  8
NESTED_RESULT
100
AcDbPolyline
 90
5
 70
0
 10
18835.15
 20
34788.962499999994
 10
20086.100000000006
 20
34788.962499999994
 10
20086.100000000006
 20
34200.0
 10
18835.15
 20
34200.0
 10
18835.15
 20
34788.962499999994
  0
TEXT
  5
A51
330
17
100
AcDbEntity
  8
NESTED_RESULT
100
AcDbText
 10
19460.625000000004
 20
34494.48125
 30
0.0
 40
80.0
  1
P-0216
 72
1
 11
19460.625000000004
 21
34494.48125
 31
0.0
100
AcDbText
 73
2
  0
LWPOLYLINE
  5
A52
330
17
100
AcDbEntity
  8
NESTED_RESULT
100
AcDbPolyline
 90
5
 70
0
 10
18835.15
 20
35377.92499999999
 10
20086.1
 20
35377.92499999999
 10
20086.1
 20
34788.962499999994
 10
18835.15
 20
34788.962499999994
 10
18835.15
 20
35377.92499999999
  0
TEXT
  5
A53
330
17
100
AcDbEntity
  8
NESTED_RESULT
100
AcDbText
 10
19460.625
 20
35083.44374999999
 30
0.0
 40
80.0
  1
P-0225
 72
1
 11
19460.625
 21
35083.44374999999
 31
0.0
100
AcDbText
 73
2
  0
LWPOLYLINE
  5
A54
330
17
100
AcDbEntity
  8
NESTED_RESULT
 62
1
100
AcDbPolyline
 90
5
 70
0
 10
0.0
 20
36000.0
 10
3200.0
 20
36000.0
 10
3200.0
 20
37600.0
 10
0.0
 20
37600.0
 10
0.0
 20
36000.0
  0
TEXT
  5
A55
330
17
100
AcDbEntity
  8
NESTED_RESULT
 62
1
100
AcDbText
 10
0.0
 20
37630.0
 30
0.0
 40
50.0
  1
Sheet_121
 11
0.0
 21
37630.0
 31
0.0
100
AcDbText
 73
1
  0
LWPOLYLINE
  5
A56
330
17
100
AcDbEntity
  8
NESTED_RESULT
100
AcDbPolyline
 90
5
 70
0
 10
0.0
 20
36000.0
 10
1835.1499999999996
 20
36000.0
 10
1835.1499999999996
 20
36644.525
 10
0.0
 20
36644.525
 10
0.0
 20
36000.0
  0
TEXT
  5
A57
330
17
100
AcDbEntity
  8
NESTED_RESULT
100
AcDbText
 10
917.5749999999998
 20
36322.2625
 30
0.0
 40
80.0
  1
P-0161
 72
1
 11
917.5749999999998
 21
36322.2625
 31
0.0
100
AcDbText
 73
2
  0
LWPOLYLINE
  5
A58
330
17
100
AcDbEntity
  8
NESTED_RESULT
100
AcDbPolyline
 90
5
 70
0
 10
0.0
 20
36644.525
 10
1835.1499999999996
 20
36644.525
 10
1835.1499999999996
 20
37289.05
 10
0.0
 20
37289.05
 10
0.0
 20
36644.525
  0
TEXT
  5
A59
330
17
100
AcDbEntity
  8
NESTED_RESULT
100
AcDbText
 10
917.5749999999998
 20
36966.787500000006
 30
0.0
 40
80.0
  1
P-0155
 72
1
 11
917.5749999999998
 21
36966.787500000006
 31
0.0
100
AcDbText
 73
2
  0
LWPOLYLINE
  5
A5A
330
17
100
AcDbEntity
  8
NESTED_RESULT
100
AcDbPolyline
 90
5
 70
0
 10
1835.1499999999996
 20
36588.962499999994
 10
3086.0999999999967
 20
36588.962499999994
 10
3086.0999999999967
 20
36000.0
 10
1835.1499999999996
 20
36000.0
 10
1835.1499999999996
 20
36588.962499999994
  0
TEXT
  5
A5B
330
17
100
AcDbEntity
  8
NESTED_RESULT
100
AcDbText
 10
2460.624999999998
 20
36294.48125
 30
0.0
 40
80.0
  1
P-0226
 72
1
 11
2460.624999999998
 21
36294.48125
 31
0.0
100
AcDbText
 73
2
  0
LWPOLYLINE
  5
A5C
330
17
100
AcDbEntity
  8
NESTED_RESULT
100
AcDbPolyline
 90
5
 70
0
 10
1835.1499999999996
 20
37177.92499999999
 10
3086.0999999999894
 20
37177.92499999999
 10
3086.0999999999894
 20
36588.962499999994
 10
1835.1499999999996
 20
36588.962499999994
 10
1835.1499999999996
 20
37177.92499999999
  0
TEXT
  5
A5D
330
17
100
AcDbEntity
  8
NESTED_RESULT
100
AcDbText
 10
2460.6249999999945
 20
36883.44374999999
 30
0.0
 40
80.0
  1
P-0236
 72
1
 11
2460.6249999999945
 21
36883.44374999999
 31
0.0
100
AcDbText
 73
2
  0
LWPOLYLINE
  5
A5E
330
17
100
AcDbEntity
  8
NESTED_RESULT
 62
1
100
AcDbPolyline
 90
5
 70
0
 10
3400.0
 20
36000.0
 10
6600.0
 20
36000.0
 10
6600.0
 20
37600.0
 10
3400.0
 20
37600.0
 10
3400.0
 20
36000.0
  0
TEXT
  5
A5F
330
17
100
AcDbEntity
  8
NESTED_RESULT
 62
1
100
AcDbText
 10
3400.0
 20
37630.0
 30
0.0
 40
50.0
  1
Sheet_122
 11
3400.0
 21
37630.0
 31
0.0
100
AcDbText
 73
1
  0
LWPOLYLINE
  5
A60
330
17
100
AcDbEntity
  8
NESTED_RESULT
100
AcDbPolyline
 90
5
 70
0
 10
3400.0
 20
36000.0
 10
4498.550000000003
 20
36000.0
 10
4498.550000000003
 20
36588.962499999994
 10
3400.0
 20
36588.962499999994
 10
3400.0
 20
36000.0
  0
TEXT
  5
A61
330
17
100
AcDbEntity
  8
NESTED_RESULT
100
AcDbText
 10
3949.2750000000015
 20
36294.48125
 30
0.0
 40
80.0
  1
P-0259
 72
1
 11
3949.2750000000015
 21
36294.48125
 31
0.0
100
AcDbText
 73
2
  0
LWPOLYLINE
  5
A62
330
17
100
AcDbEntity
  8
NESTED_RESULT
100
AcDbPolyline
 90
5
 70
0
 10
4498.550000000003
 20
36000.0
 10
5368.5
 20
36000.0
 10
5368.5
 20
36588.962499999994
 10
4498.550000000003
 20
36588.962499999994
 10
4498.550000000003
 20
36000.0
  0
TEXT
  5
A63
330
17
100
AcDbEntity
  8
NESTED_RESULT
100
AcDbText
 10
4933.5250000000015
 20
36294.48125
 30
0.0
 40
80.0
  1
P-0360
 72
1
 11
4933.5250000000015
 21
36294.48125
 31
0.0
100
AcDbText
 73
2
  0
LWPOLYLINE
  5
A64
330
17
100
AcDbEntity
  8
NESTED_RESULT
100
AcDbPolyline
 90
5
 70
0
 10
5368.549999999999
 20
36000.0
 10
6238.499999999996
 20
36000.0
 10
6238.499999999996
 20
36588.962499999994
 10
5368.549999999999
 20
36588.962499999994
 10
5368.549999999999
 20
36000.0
  0
TEXT
  5
A65
330
17
100
AcDbEntity
  8
NESTED_RESULT
100
AcDbText
 10
5803.524999999998
 20
36294.48125
 30
0.0
 40
80.0
  1
P-0359
 72
1
 11
5803.524999999998
 21
36294.48125
 31
0.0
100
AcDbText
 73
2
  0
LWPOLYLINE
  5
A66
330
17
100
AcDbEntity
  8
NESTED_RESULT
100
AcDbPolyline
 90
5
 70
0
 10
3400.0
 20
36588.962499999994
 10
4574.75
 20
36588.962499999994
 10
4574.75
 20
37177.924999999974
 10
3400.0
 20
37177.924999999974
 10
3400.0
 20
36588.962499999994
  0
TEXT
  5
A67
330
17
100
AcDbEntity
  8
NESTED_RESULT
100
AcDbText
 10
3987.375
 20
36883.443749999984
 30
0.0
 40
80.0
  1
P-0250
 72
1
 11
3987.375
 21
36883.443749999984
 31
0.0
100
AcDbText
 73
2
  0
LWPOLYLINE
  5
A68
330
17
100
AcDbEntity
  8
NESTED_RESULT
100
AcDbPolyline
 90
5
 70
0
 10
4574.75
 20
36588.962499999994
 10
5749.5
 20
36588.962499999994
 10
5749.5
 20
37177.924999999974
 10
4574.75
 20
37177.924999999974
 10
4574.75
 20
36588.962499999994
  0
TEXT
  5
A69
330
17
100
AcDbEntity
  8
NESTED_RESULT
100
AcDbText
 10
5162.125
 20
36883.443749999984
 30
0.0
 40
80.0
  1
P-0247
 72
1
 11
5162.125
 21
36883.443749999984
 31
0.0
100
AcDbText
 73
2
  0
LWPOLYLINE
  5
A6A
330
17
100
AcDbEntity
  8
NESTED_RESULT
 62
1
100
AcDbPolyline
 90
5
 70
0
 10
6800.0
 20
36000.0
 10
10000.0
 20
36000.0
 10
10000.0
 20
37600.0
 10
6800.0
 20
37600.0
 10
6800.0
 20
36000.0
  0
TEXT
  5
A6B
330
17
100
AcDbEntity
  8
NESTED_RESULT
 62
1
100
AcDbText
 10
6800.0
 20
37630.0
 30
0.0
 40
50.0
  1
Sheet_123
 11
6800.0
 21
37630.0
 31
0.0
100
AcDbText
 73
1
  0
LWPOLYLINE
  5
A6C
330
17
100
AcDbEntity
  8
NESTED_RESULT
100
AcDbPolyline
 90
5
 70
0
 10
6800.0
 20
36000.0
 10
7974.75
 20
36000.0
 10
7974.75
 20
36588.96249999998
 10
6800.0
 20
36588.96249999998
 10
6800.0
 20
36000.0
  0
TEXT
  5
A6D
330
17
100
AcDbEntity
  8
NESTED_RESULT
100
AcDbText
 10
7387.375
 20
36294.48124999999
 30
0.0
 40
80.0
  1
P-0249
 72
1
 11
7387.375
 21
36294.48124999999
 31
0.0
100
AcDbText
 73
2
  0
LWPOLYLINE
  5
A6E
330
17
100
AcDbEntity
  8
NESTED_RESULT
100
AcDbPolyline
 90
5
 70
0
 10
7974.75
 20
36000.0
 10
9149.499999999993
 20
36000.0
 10
9149.499999999993
 20
36588.96249999998
 10
7974.75
 20
36588.96249999998
 10
7974.75
 20
36000.0
  0
TEXT
  5
A6F
330
17
100
AcDbEntity
  8
NESTED_RESULT
100
AcDbText
 10
8562.124999999996
 20
36294.48124999999
 30
0.0
 40
80.0
  1
P-0251
 72
1
 11
8562.124999999996
 21
36294.48124999999
 31
0.0
100
AcDbText
 73
2
  0
LWPOLYLINE
  5
A70
330
17
100
AcDbEntity
  8
NESTED_RESULT
100
AcDbPolyline
 90
5
 70
0
 10
6800.0
 20
37177.92499999989
 10
8050.950000000004
 20
37177.92499999989
 10
8050.950000000004
 20
36588.96249999998
 10
6800.0
 20
36588.96249999998
 10
6800.0
 20
37177.92499999989
  0
TEXT
  5
A71
330
17
100
AcDbEntity
  8
NESTED_RESULT
100
AcDbText
 10
7425.475000000002
 20
36883.44374999993
 30
0.0
 40
80.0
  1
P-0241
 72
1
 11
7425.475000000002
 21
36883.44374999993
 31
0.0
100
AcDbText
 73
2
  0
LWPOLYLINE
  5
A72
330
17
100
AcDbEntity
  8
NESTED_RESULT
100
AcDbPolyline
 90
5
 70
0
 10
8050.950000000004
 20
37177.92499999989
 10
9301.900000000001
 20
37177.92499999989
 10
9301.900000000001
 20
36588.96249999998
 10
8050.950000000004
 20
36588.96249999998
 10
8050.950000000004
 20
37177.92499999989
  0
TEXT
  5
A73
330
17
100
AcDbEntity
  8
NESTED_RESULT
100
AcDbText
 10
8676.425000000003
 20
36883.44374999993
 30
0.0
 40
80.0
  1
P-0244
 72
1
 11
8676.425000000003
 21
36883.44374999993
 31
0.0
100
AcDbText
 73
2
  0
LWPOLYLINE
  5
A74
330
17
100
AcDbEntity
  8
NESTED_RESULT
100
AcDbPolyline
 90
5
 70
0
 10
9301.900000000001
 20
36000.0
 10
9301.900000000001
 20
37250.94999999998
 10
9890.862499999908
 20
37250.94999999998
 10
9890.862499999908
 20
36000.0
 10
9301.900000000001
 20
36000.0
  0
TEXT
  5
A75
330
17
100
AcDbEntity
  8
NESTED_RESULT
100
AcDbText
 10
9596.381249999955
 20
36625.47499999999
 30
0.0
 40
80.0
  1
P-0243
 72
1
 11
9596.381249999955
 21
36625.47499999999
 31
0.0
100
AcDbText
 73
2
  0
ENDSEC
  0
SECTION
  2
OBJECTS
  0
DICTIONARY
  5
A
330
0
100
AcDbDictionary
281
1
  3
ACAD_COLOR
350
B
  3
ACAD_GROUP
350
C
  3
ACAD_LAYOUT
350
D
  3
ACAD_MATERIAL
350
E
  3
ACAD_MLEADERSTYLE
350
F
  3
ACAD_MLINESTYLE
350
10
  3
ACAD_PLOTSETTINGS
350
11
  3
ACAD_PLOTSTYLENAME
350
12
  3
ACAD_SCALELIST
350
14
  3
ACAD_TABLESTYLE
350
15
  3
ACAD_VISUALSTYLE
350
16
  3
EZDXF_META
350
2D
  0
DICTIONARY
  5
B
330
A
100
AcDbDictionary
281
1
  0
DICTIONARY
  5
C
330
A
100
AcDbDictionary
281
1
  0
DICTIONARY
  5
D
330
A
100
AcDbDictionary
281
1
  3
Model
350
1A
  3
Layout1
350
1E
  0
DICTIONARY
  5
E
330
A
100
AcDbDictionary
281
1
  3
ByBlock
350
1F
  3
ByLayer
350
20
  3
Global
350
21
  0
DICTIONARY
  5
F
330
A
100
AcDbDictionary
281
1
  3
Standard
350
2C
  0
DICTIONARY
  5
10
330
A
100
AcDbDictionary
281
1
  3
Standard
350
22
  0
DICTIONARY
  5
11
330
A
100
AcDbDictionary
281
1
  0
ACDBDICTIONARYWDFLT
  5
12
330
A
100
AcDbDictionary
281
1
  3
Normal
350
13
100
AcDbDictionaryWithDefault
340
13
  0
ACDBPLACEHOLDER
  5
13
330
12
  0
DICTIONARY
  5
14
330
A
100
AcDbDictionary
281
1
  0
DICTIONARY
  5
15
330
A
100
AcDbDictionary
281
1
  0
DICTIONARY
  5
16
330
A
100
AcDbDictionary
281
1
  0
LAYOUT
  5
1A
330
D
100
AcDbPlotSettings
  1

  4
A3
  6

 40
7.5
 41
20.0
 42
7.5
 43
20.0
 44
420.0
 45
297.0
 46
0.0
 47
0.0
 48
0.0
 49
0.0
140
0.0
141
0.0
142
1.0
143
1.0
 70
1024
 72
1
 73
0
 74
5
  7

 75
16
 76
0
 77
2
 78
300
147
1.0
148
0.0
149
0.0
100
AcDbLayout
  1
Model
 70
1
 71
0
 10
0.0
 20
0.0
 11
420.0
 21
297.0
 12
0.0
 22
0.0
 32
0.0
 14
1e+20
 24
1e+20
 34
1e+20
 15
-1e+20
 25
-1e+20
 35
-1e+20
146
0.0
 13
0.0
 23
0.0
 33
0.0
 16
1.0
 26
0.0
 36
0.0
 17
0.0
 27
1.0
 37
0.0
 76
1
330
17
  0
LAYOUT
  5
1E
330
D
100
AcDbPlotSettings
  1

  4
A3
  6

 40
7.5
 41
20.0
 42
7.5
 43
20.0
 44
420.0
 45
297.0
 46
0.0
 47
0.0
 48
0.0
 49
0.0
140
0.0
141
0.0
142
1.0
143
1.0
 70
0
 72
1
 73
0
 74
5
  7

 75
16
 76
0
 77
2
 78
300
147
1.0
148
0.0
149
0.0
100
AcDbLayout
  1
Layout1
 70
1
 71
1
 10
0.0
 20
0.0
 11
420.0
 21
297.0
 12
0.0
 22
0.0
 32
0.0
 14
1e+20
 24
1e+20
 34
1e+20
 15
-1e+20
 25
-1e+20
 35
-1e+20
146
0.0
 13
0.0
 23
0.0
 33
0.0
 16
1.0
 26
0.0
 36
0.0
 17
0.0
 27
1.0
 37
0.0
 76
1
330
1B
  0
MATERIAL
  5
1F
102
{ACAD_REACTORS
330
E
102
}
330
E
100
AcDbMaterial
  1
ByBlock
  2

 70
0
 40
1.0
 71
1
 41
1.0
 91
-1023410177
 42
1.0
 72
1
  3

 73
1
 74
1
 75
1
 44
0.5
 73
0
 45
1.0
 46
1.0
 77
1
  4

 78
1
 79
1
170
1
 48
1.0
171
1
  6

172
1
173
1
174
1
140
1.0
141
1.0
175
1
  7

176
1
177
1
178
1
143
1.0
179
1
  8

270
1
271
1
272
1
145
1.0
146
1.0
273
1
  9

274
1
275
1
276
1
 42
1.0
 72
1
  3

 73
1
 74
1
 75
1
 94
63
  0
MATERIAL
  5
20
102
{ACAD_REACTORS
330
E
102
}
330
E
100
AcDbMaterial
  1
ByLayer
  2

 70
0
 40
1.0
 71
1
 41
1.0
 91
-1023410177
 42
1.0
 72
1
  3

 73
1
 74
1
 75
1
 44
0.5
 73
0
 45
1.0
 46
1.0
 77
1
  4

 78
1
 79
1
170
1
 48
1.0
171
1
  6

172
1
173
1
174
1
140
1.0
141
1.0
175
1
  7

176
1
177
1
178
1
143
1.0
179
1
  8

270
1
271
1
272
1
145
1.0
146
1.0
273
1
  9

274
1
275
1
276
1
 42
1.0
 72
1
  3

 73
1
 74
1
 75
1
 94
63
  0
MATERIAL
  5
21
102
{ACAD_REACTORS
330
E
102
}
330
E
100
AcDbMaterial
  1
Global
  2

 70
0
 40
1.0
 71
1
 41
1.0
 91
-1023410177
 42
1.0
 72
1
  3

 73
1
 74
1
 75
1
 44
0.5
 73
0
 45
1.0
 46
1.0
 77
1
  4

 78
1
 79
1
170
1
 48
1.0
171
1
  6

172
1
173
1
174
1
140
1.0
141
1.0
175
1
  7

176
1
177
1
178
1
143
1.0
179
1
  8

270
1
271
1
272
1
145
1.0
146
1.0
273
1
  9

274
1
275
1
276
1
 42
1.0
 72
1
  3

 73
1
 74
1
 75
1
 94
63
  0
MLINESTYLE
  5
22
102
{ACAD_REACTORS
330
10
102
}
330
10
100
AcDbMlineStyle
  2
Standard
 70
0
  3

 62
256
 51
90.0
 52
90.0
 71
2
 49
0.5
 62
256
  6
BYLAYER
 49
-0.5
 62
256
  6
BYLAYER
  0
MLEADERSTYLE
  5
2C
102
{ACAD_REACTORS
330
F
102
}
330
F
100
AcDbMLeaderStyle
179
2
170
2
171
1
172
0
 90
2
 40
0.0
 41
0.0
173
1
 91
-1056964608
 92
-2
290
1
 42
2.0
291
1
 43
8.0
  3
Standard
 44
4.0
300

342
29
174
1
175
1
176
0
178
1
 93
-1056964608
 45
4.0
292
0
297
0
 46
4.0
 94
-1056964608
 47
1.0
 49
1.0
140
1.0
294
1
141
0.0
177
0
142
1.0
295
0
296
0
143
3.75
271
0
272
9
273
9
  0
DICTIONARY
  5
2D
330
A
100
AcDbDictionary
280
1
281
1
  3
CREATED_BY_EZDXF
350
2E
  3
WRITTEN_BY_EZDXF
350
A78
  0
DICTIONARYVAR
  5
2E
330
2D
100
DictionaryVariables
280
0
  1
1.4.4 @ 2026-08-03T15:08:33.343299+00:00
  0
DICTIONARYVAR
  5
A78
330
2D
100
DictionaryVariables
280
0
  1
1.4.4 @ 2026-08-03T15:08:34.777535+00:00
  0
ENDSEC
  0
EOF
