  0
SECTION
  2
HEADER
  9
$ACADVER
  1
AC1032
  9
$ACADMAINTVER
 90
      235
  9
$DWGCODEPAGE
  3
ANSI_936
  9
$LASTSAVEDBY
  1
drago
  9
$REQUIREDVERSIONS
160
                 0
  9
$INSBASE
 10
0.0
 20
0.0
 30
0.0
  9
$EXTMIN
 10
44145.42569733046
 20
-98282.63567360801
 30
0.0
  9
$EXTMAX
 10
132904.5647399668
 20
21891.8452859291
 30
0.0
  9
$LIMMIN
 10
0.0
 20
0.0
  9
$LIMMAX
 10
420.0
 20
297.0
  9
$ORTHOMODE
 70
     0
  9
$REGENMODE
 70
     1
  9
$FILLMODE
 70
     1
  9
$QTEXTMODE
 70
     0
  9
$MIRRTEXT
 70
     1
  9
$LTSCALE
 40
1.0
  9
$ATTMODE
 70
     1
  9
$TEXTSIZE
 40
2.5
  9
$TRACEWID
 40
1.0
  9
$TEXTSTYLE
  7
Standard
  9
$CLAYER
  8
0
  9
$CELTYPE
  6
ByLayer
  9
$CECOLOR
 62
   256
  9
$CELTSCALE
 40
1.0
  9
$DISPSILH
 70
     0
  9
$DIMSCALE
 40
1.0
  9
$DIMASZ
 40
2.5
  9
$DIMEXO
 40
0.625
  9
$DIMDLI
 40
3.75
  9
$DIMRND
 40
0.0
  9
$DIMDLE
 40
0.0
  9
$DIMEXE
 40
1.25
  9
$DIMTP
 40
0.0
  9
$DIMTM
 40
0.0
  9
$DIMTXT
 40
30.0
  9
$DIMCEN
 40
2.5
  9
$DIMTSZ
 40
0.0
  9
$DIMTOL
 70
     0
  9
$DIMLIM
 70
     0
  9
$DIMTIH
 70
     0
  9
$DIMTOH
 70
     0
  9
$DIMSE1
 70
     0
  9
$DIMSE2
 70
     0
  9
$DIMTAD
 70
     1
  9
$DIMZIN
 70
     8
  9
$DIMBLK
  1
ArchTick
  9
$DIMASO
 70
     1
  9
$DIMSHO
 70
     1
  9
$DIMPOST
  1

  9
$DIMAPOST
  1

  9
$DIMALT
 70
     0
  9
$DIMALTD
 70
     3
  9
$DIMALTF
 40
0.03937007874
  9
$DIMLFAC
 40
0.03937
  9
$DIMTOFL
 70
     1
  9
$DIMTVP
 40
0.0
  9
$DIMTIX
 70
     0
  9
$DIMSOXD
 70
     0
  9
$DIMSAH
 70
     0
  9
$DIMBLK1
  1

  9
$DIMBLK2
  1

  9
$DIMSTYLE
  2
Standard
  9
$DIMCLRD
 70
     0
  9
$DIMCLRE
 70
     0
  9
$DIMCLRT
 70
     0
  9
$DIMTFAC
 40
1.0
  9
$DIMGAP
 40
0.625
  9
$DIMJUST
 70
     0
  9
$DIMSD1
 70
     0
  9
$DIMSD2
 70
     0
  9
$DIMTOLJ
 70
     0
  9
$DIMTZIN
 70
     8
  9
$DIMALTZ
 70
     0
  9
$DIMALTTZ
 70
     0
  9
$DIMUPT
 70
     0
  9
$DIMDEC
 70
     4
  9
$DIMTDEC
 70
     4
  9
$DIMALTU
 70
     2
  9
$DIMALTTD
 70
     3
  9
$DIMTXSTY
  7
Standard
  9
$DIMAUNIT
 70
     0
  9
$DIMADEC
 70
     0
  9
$DIMALTRND
 40
0.0
  9
$DIMAZIN
 70
     0
  9
$DIMDSEP
 70
    44
  9
$DIMATFIT
 70
     3
  9
$DIMFRAC
 70
     2
  9
$DIMLDRBLK
  1
ArchTick
  9
$DIMLUNIT
 70
     4
  9
$DIMLWD
 70
    -2
  9
$DIMLWE
 70
    -2
  9
$DIMTMOVE
 70
     0
  9
$DIMFXL
 40
1.0
  9
$DIMFXLON
 70
     0
  9
$DIMJOGANG
 40
0.785398163397
  9
$DIMTFILL
 70
     0
  9
$DIMTFILLCLR
 70
     0
  9
$DIMARCSYM
 70
     0
  9
$DIMLTYPE
  6

  9
$DIMLTEX1
  6

  9
$DIMLTEX2
  6

  9
$DIMTXTDIRECTION
 70
     0
  9
$LUNITS
 70
     2
  9
$LUPREC
 70
     4
  9
$SKETCHINC
 40
1.0
  9
$FILLETRAD
 40
10.0
  9
$AUNITS
 70
     0
  9
$AUPREC
 70
     2
  9
$MENU
  1
.
  9
$ELEVATION
 40
0.0
  9
$PELEVATION
 40
0.0
  9
$THICKNESS
 40
0.0
  9
$LIMCHECK
 70
     0
  9
$CHAMFERA
 40
0.0
  9
$CHAMFERB
 40
0.0
  9
$CHAMFERC
 40
0.0
  9
$CHAMFERD
 40
0.0
  9
$SKPOLY
 70
     0
  9
$TDCREATE
 40
2458532.487326389
  9
$TDUCREATE
 40
2458532.153996898
  9
$TDUPDATE
 40
2461258.487546297
  9
$TDUUPDATE
 40
2461258.154212963
  9
$TDINDWG
 40
0.0031250000
  9
$TDUSRTIMER
 40
0.0031250000
  9
$USRTIMER
 70
     1
  9
$ANGBASE
 50
0.0
  9
$ANGDIR
 70
     0
  9
$PDMODE
 70
     0
  9
$PDSIZE
 40
0.0
  9
$PLINEWID
 40
0.0
  9
$SPLFRAME
 70
     0
  9
$SPLINETYPE
 70
     6
  9
$SPLINESEGS
 70
     8
  9
$HANDSEED
  5
AC6
  9
$SURFTAB1
 70
     6
  9
$SURFTAB2
 70
     6
  9
$SURFTYPE
 70
     6
  9
$SURFU
 70
     6
  9
$SURFV
 70
     6
  9
$UCSBASE
  2

  9
$UCSNAME
  2

  9
$UCSORG
 10
0.0
 20
0.0
 30
0.0
  9
$UCSXDIR
 10
1.0
 20
0.0
 30
0.0
  9
$UCSYDIR
 10
0.0
 20
1.0
 30
0.0
  9
$UCSORTHOREF
  2

  9
$UCSORTHOVIEW
 70
     0
  9
$UCSORGTOP
 10
0.0
 20
0.0
 30
0.0
  9
$UCSORGBOTTOM
 10
0.0
 20
0.0
 30
0.0
  9
$UCSORGLEFT
 10
0.0
 20
0.0
 30
0.0
  9
$UCSORGRIGHT
 10
0.0
 20
0.0
 30
0.0
  9
$UCSORGFRONT
 10
0.0
 20
0.0
 30
0.0
  9
$UCSORGBACK
 10
0.0
 20
0.0
 30
0.0
  9
$PUCSBASE
  2

  9
$PUCSNAME
  2

  9
$PUCSORG
 10
0.0
 20
0.0
 30
0.0
  9
$PUCSXDIR
 10
1.0
 20
0.0
 30
0.0
  9
$PUCSYDIR
 10
0.0
 20
1.0
 30
0.0
  9
$PUCSORTHOREF
  2

  9
$PUCSORTHOVIEW
 70
     0
  9
$PUCSORGTOP
 10
0.0
 20
0.0
 30
0.0
  9
$PUCSORGBOTTOM
 10
0.0
 20
0.0
 30
0.0
  9
$PUCSORGLEFT
 10
0.0
 20
0.0
 30
0.0
  9
$PUCSORGRIGHT
 10
0.0
 20
0.0
 30
0.0
  9
$PUCSORGFRONT
 10
0.0
 20
0.0
 30
0.0
  9
$PUCSORGBACK
 10
0.0
 20
0.0
 30
0.0
  9
$USERI1
 70
     0
  9
$USERI2
 70
     0
  9
$USERI3
 70
     0
  9
$USERI4
 70
     0
  9
$USERI5
 70
     0
  9
$USERR1
 40
0.0
  9
$USERR2
 40
0.0
  9
$USERR3
 40
0.0
  9
$USERR4
 40
0.0
  9
$USERR5
 40
0.0
  9
$WORLDVIEW
 70
     1
  9
$SHADEDGE
 70
     3
  9
$SHADEDIF
 70
    70
  9
$TILEMODE
 70
     1
  9
$MAXACTVP
 70
    64
  9
$PINSBASE
 10
0.0
 20
0.0
 30
0.0
  9
$PLIMCHECK
 70
     0
  9
$PEXTMIN
 10
1.000000000000000E+20
 20
1.000000000000000E+20
 30
1.000000000000000E+20
  9
$PEXTMAX
 10
-1.000000000000000E+20
 20
-1.000000000000000E+20
 30
-1.000000000000000E+20
  9
$PLIMMIN
 10
0.0
 20
0.0
  9
$PLIMMAX
 10
420.0
 20
297.0
  9
$UNITMODE
 70
     0
  9
$VISRETAIN
 70
     1
  9
$PLINEGEN
 70
     0
  9
$PSLTSCALE
 70
     1
  9
$TREEDEPTH
 70
  3020
  9
$CMLSTYLE
  2
Standard
  9
$CMLJUST
 70
     0
  9
$CMLSCALE
 40
20.0
  9
$PROXYGRAPHICS
 70
     1
  9
$MEASUREMENT
 70
     1
  9
$CELWEIGHT
370
    -1
  9
$ENDCAPS
280
     0
  9
$JOINSTYLE
280
     0
  9
$LWDISPLAY
290
     0
  9
$INSUNITS
 70
     1
  9
$HYPERLINKBASE
  1

  9
$STYLESHEET
  1

  9
$XEDIT
290
     1
  9
$CEPSNTYPE
380
     0
  9
$PSTYLEMODE
290
     1
  9
$FINGERPRINTGUID
  2
{5116665E-59A0-4502-B089-6FC2DD5B54F0}
  9
$VERSIONGUID
  2
{ADA3B86A-7070-0C44-99A0-0C8BE43202CA}
  9
$EXTNAMES
290
     1
  9
$PSVPSCALE
 40
0.0
  9
$OLESTARTUP
290
     0
  9
$SORTENTS
280
   127
  9
$INDEXCTL
280
     0
  9
$HIDETEXT
280
     1
  9
$XCLIPFRAME
280
     1
  9
$HALOGAP
280
     0
  9
$OBSCOLOR
 70
   257
  9
$OBSLTYPE
280
     0
  9
$INTERSECTIONDISPLAY
280
     0
  9
$INTERSECTIONCOLOR
 70
   257
  9
$DIMASSOC
280
     2
  9
$PROJECTNAME
  1

  9
$CAMERADISPLAY
290
     0
  9
$LENSLENGTH
 40
50.0
  9
$CAMERAHEIGHT
 40
0.0
  9
$STEPSPERSEC
 40
24.0
  9
$STEPSIZE
 40
100.0
  9
$3DDWFPREC
 40
2.0
  9
$PSOLWIDTH
 40
0.005
  9
$PSOLHEIGHT
 40
0.08
  9
$LOFTANG1
 40
1.570796326795
  9
$LOFTANG2
 40
1.570796326795
  9
$LOFTMAG1
 40
0.0
  9
$LOFTMAG2
 40
0.0
  9
$LOFTPARAM
 70
     7
  9
$LOFTNORMALS
280
     1
  9
$LATITUDE
 40
37.795
  9
$LONGITUDE
 40
-122.394
  9
$NORTHDIRECTION
 40
0.0
  9
$TIMEZONE
 70
 -8000
  9
$LIGHTGLYPHDISPLAY
280
     1
  9
$TILEMODELIGHTSYNCH
280
     1
  9
$CMATERIAL
347
20
  9
$SOLIDHIST
280
     0
  9
$SHOWHIST
280
     1
  9
$DWFFRAME
280
     2
  9
$DGNFRAME
280
     2
  9
$REALWORLDSCALE
290
     1
  9
$INTERFERECOLOR
 62
   256
  9
$INTERFEREOBJVS
345
A14
  9
$INTERFEREVPVS
346
A11
  9
$CSHADOW
280
     0
  9
$SHADOWPLANELOCATION
 40
0.0
  0
ENDSEC
  0
SECTION
  2
CLASSES
  0
CLASS
  1
ACDBDICTIONARYWDFLT
  2
AcDbDictionaryWithDefault
  3
ObjectDBX Classes
 90
        0
 91
        1
280
     0
281
     0
  0
CLASS
  1
SUN
  2
AcDbSun
  3
SCENEOE
 90
     1153
 91
        0
280
     0
281
     0
  0
CLASS
  1
VISUALSTYLE
  2
AcDbVisualStyle
  3
ObjectDBX Classes
 90
     4095
 91
       24
280
     0
281
     0
  0
CLASS
  1
MATERIAL
  2
AcDbMaterial
  3
ObjectDBX Classes
 90
     1153
 91
        3
280
     0
281
     0
  0
CLASS
  1
SCALE
  2
AcDbScale
  3
ObjectDBX Classes
 90
     1153
 91
       17
280
     0
281
     0
  0
CLASS
  1
TABLESTYLE
  2
AcDbTableStyle
  3
ObjectDBX Classes
 90
     4095
 91
        1
280
     0
281
     0
  0
CLASS
  1
MLEADERSTYLE
  2
AcDbMLeaderStyle
  3
ACDB_MLEADERSTYLE_CLASS
 90
     4095
 91
        1
280
     0
281
     0
  0
CLASS
  1
DICTIONARYVAR
  2
AcDbDictionaryVar
  3
ObjectDBX Classes
 90
        0
 91
        7
280
     0
281
     0
  0
CLASS
  1
CELLSTYLEMAP
  2
AcDbCellStyleMap
  3
ObjectDBX Classes
 90
     1152
 91
        1
280
     0
281
     0
  0
CLASS
  1
MENTALRAYRENDERSETTINGS
  2
AcDbMentalRayRenderSettings
  3
SCENEOE
 90
     1024
 91
        0
280
     0
281
     0
  0
CLASS
  1
ACDBDETAILVIEWSTYLE
  2
AcDbDetailViewStyle
  3
ObjectDBX Classes
 90
     1025
 91
        1
280
     0
281
     0
  0
CLASS
  1
ACDBSECTIONVIEWSTYLE
  2
AcDbSectionViewStyle
  3
ObjectDBX Classes
 90
     1025
 91
        1
280
     0
281
     0
  0
CLASS
  1
RASTERVARIABLES
  2
AcDbRasterVariables
  3
ISM
 90
        0
 91
        0
280
     0
281
     0
  0
CLASS
  1
DIMASSOC
  2
AcDbDimAssoc
  3
"AcDbDimAssoc|Product Desc:     AcDim ARX App For Dimension|Company:          Autodesk, Inc.|WEB Address:      www.autodesk.com"
 90
        0
 91
        5
280
     0
281
     0
  0
ENDSEC
  0
SECTION
  2
TABLES
  0
TABLE
  2
VPORT
  5
8
330
0
100
AcDbSymbolTable
 70
     1
  0
VPORT
  5
23
330
8
100
AcDbSymbolTableRecord
100
AcDbViewportTableRecord
  2
*Active
 70
     0
 10
0.0
 20
0.0
 11
1.0
 21
1.0
 12
46948.44717314696
 22
19017.83135287047
 13
0.0
 23
0.0
 14
0.5
 24
0.5
 15
0.5
 25
0.5
 16
0.0
 26
0.0
 36
1.0
 17
0.0
 27
0.0
 37
0.0
 40
4209.83374794147
 41
2.444337811900191
 42
50.0
 43
0.0
 44
0.0
 50
0.0
 51
0.0
 71
     0
 72
  1000
 73
     1
 74
     3
 75
     0
 76
     0
 77
     0
 78
     0
281
     0
 65
     0
110
0.0
120
0.0
130
0.0
111
1.0
121
0.0
131
0.0
112
0.0
122
1.0
132
0.0
 79
     0
146
0.0
348
A10
 60
     3
 61
     5
292
     1
282
     1
141
0.0
142
0.0
 63
   250
421
  3355443
1001
ACAD_NAV_VCDISPLAY
1070
     3
  0
ENDTAB
  0
TABLE
  2
LTYPE
  5
2
330
0
100
AcDbSymbolTable
 70
     1
  0
LTYPE
  5
24
330
2
100
AcDbSymbolTableRecord
100
AcDbLinetypeTableRecord
  2
ByBlock
 70
     0
  3

 72
    65
 73
     0
 40
0.0
  0
LTYPE
  5
25
330
2
100
AcDbSymbolTableRecord
100
AcDbLinetypeTableRecord
  2
ByLayer
 70
     0
  3

 72
    65
 73
     0
 40
0.0
  0
LTYPE
  5
26
330
2
100
AcDbSymbolTableRecord
100
AcDbLinetypeTableRecord
  2
Continuous
 70
     0
  3

 72
    65
 73
     0
 40
0.0
  0
ENDTAB
  0
TABLE
  2
LAYER
  5
1
330
0
100
AcDbSymbolTable
 70
     4
  0
LAYER
  5
27
330
1
100
AcDbSymbolTableRecord
100
AcDbLayerTableRecord
  2
0
 70
     0
 62
     7
  6
Continuous
370
    -3
390
13
347
21
348
0
  0
LAYER
  5
28
330
1
100
AcDbSymbolTableRecord
100
AcDbLayerTableRecord
  2
Defpoints
 70
     0
 62
     7
  6
Continuous
290
     0
370
    -3
390
13
347
21
348
0
  0
LAYER
  5
2F
330
1
100
AcDbSymbolTableRecord
100
AcDbLayerTableRecord
  2
OUTER
 70
     0
 62
     7
  6
Continuous
370
    -3
390
13
347
21
348
0
  0
LAYER
  5
30
330
1
100
AcDbSymbolTableRecord
100
AcDbLayerTableRecord
  2
NUMBERS
 70
     0
 62
     7
  6
Continuous
370
    -3
390
13
347
21
348
0
  0
ENDTAB
  0
TABLE
  2
STYLE
  5
5
330
0
100
AcDbSymbolTable
 70
     1
  0
STYLE
  5
29
330
5
100
AcDbSymbolTableRecord
100
AcDbTextStyleTableRecord
  2
Standard
 70
     0
 40
0.0
 41
1.0
 50
0.0
 71
     0
 42
2.5
  3
txt
  4

  0
ENDTAB
  0
TABLE
  2
VIEW
  5
7
330
0
100
AcDbSymbolTable
 70
     0
  0
ENDTAB
  0
TABLE
  2
UCS
  5
6
330
0
100
AcDbSymbolTable
 70
     0
  0
ENDTAB
  0
TABLE
  2
APPID
  5
3
330
0
100
AcDbSymbolTable
 70
     7
  0
APPID
  5
2A
330
3
100
AcDbSymbolTableRecord
100
AcDbRegAppTableRecord
  2
ACAD
 70
     0
  0
APPID
  5
A05
330
3
100
AcDbSymbolTableRecord
100
AcDbRegAppTableRecord
  2
HATCHBACKGROUNDCOLOR
 70
     0
  0
APPID
  5
A06
330
3
100
AcDbSymbolTableRecord
100
AcDbRegAppTableRecord
  2
EZDXF
 70
     0
  0
APPID
  5
A41
330
3
100
AcDbSymbolTableRecord
100
AcDbRegAppTableRecord
  2
ACAD_DSTYLE_DIMJAG
 70
     0
  0
APPID
  5
A42
330
3
100
AcDbSymbolTableRecord
100
AcDbRegAppTableRecord
  2
ACAD_DSTYLE_DIMTALN
 70
     0
  0
APPID
  5
A43
330
3
100
AcDbSymbolTableRecord
100
AcDbRegAppTableRecord
  2
Acad_TC
 70
     0
  0
APPID
  5
AC2
330
3
100
AcDbSymbolTableRecord
100
AcDbRegAppTableRecord
  2
ACAD_NAV_VCDISPLAY
 70
     0
  0
ENDTAB
  0
TABLE
  2
DIMSTYLE
  5
4
330
0
100
AcDbSymbolTable
 70
     1
100
AcDbDimStyleTable
 71
     1
340
2B
  0
DIMSTYLE
105
2B
330
4
100
AcDbSymbolTableRecord
100
AcDbDimStyleTableRecord
  2
Standard
 70
     0
 41
2.5
 42
0.625
 43
3.75
 44
1.25
 49
2.5
 73
     0
 74
     0
 77
     1
 78
     8
 79
     3
140
2.5
141
2.5
143
0.03937007874
147
0.625
171
     3
172
     1
179
     2
271
     2
272
     2
274
     3
278
    44
283
     0
284
     8
  0
ENDTAB
  0
TABLE
  2
BLOCK_RECORD
  5
9
330
0
100
AcDbSymbolTable
 70
     6
  0
BLOCK_RECORD
  5
17
330
9
100
AcDbSymbolTableRecord
100
AcDbBlockTableRecord
  2
*Model_Space
340
1A
 70
     0
280
     1
281
     0
  0
BLOCK_RECORD
  5
1B
330
9
100
AcDbSymbolTableRecord
100
AcDbBlockTableRecord
  2
*Paper_Space
340
1E
 70
     0
280
     1
281
     0
  0
BLOCK_RECORD
  5
A3D
330
9
100
AcDbSymbolTableRecord
100
AcDbBlockTableRecord
  2
_ArchTick
340
0
102
{BLKREFS
331
A55
331
A56
331
A6D
331
A6E
331
A85
331
A86
331
A9D
331
A9E
331
AB5
331
AB6
102
}
 70
     0
280
     1
281
     0
  0
BLOCK_RECORD
  5
A45
330
9
100
AcDbSymbolTableRecord
100
AcDbBlockTableRecord
  2
*D1
340
0
 70
     0
280
     1
281
     0
  0
BLOCK_RECORD
  5
A5D
330
9
100
AcDbSymbolTableRecord
100
AcDbBlockTableRecord
  2
*D2
340
0
 70
     0
280
     1
281
     0
  0
BLOCK_RECORD
  5
A75
330
9
100
AcDbSymbolTableRecord
100
AcDbBlockTableRecord
  2
*D3
340
0
 70
     0
280
     1
281
     0
  0
BLOCK_RECORD
  5
A8D
330
9
100
AcDbSymbolTableRecord
100
AcDbBlockTableRecord
  2
*D4
340
0
 70
     0
280
     1
281
     0
  0
BLOCK_RECORD
  5
AA5
330
9
100
AcDbSymbolTableRecord
100
AcDbBlockTableRecord
  2
*D5
340
0
 70
     0
280
     1
281
     0
  0
ENDTAB
  0
ENDSEC
  0
SECTION
  2
BLOCKS
  0
BLOCK
  5
18
330
17
100
AcDbEntity
  8
0
100
AcDbBlockBegin
  2
*Model_Space
 70
     0
 10
0.0
 20
0.0
 30
0.0
  3
*Model_Space
  1

  0
ENDBLK
  5
19
330
17
100
AcDbEntity
  8
0
100
AcDbBlockEnd
  0
BLOCK
  5
1C
330
1B
100
AcDbEntity
 67
     1
  8
0
100
AcDbBlockBegin
  2
*Paper_Space
 70
     0
 10
0.0
 20
0.0
 30
0.0
  3
*Paper_Space
  1

  0
ENDBLK
  5
1D
330
1B
100
AcDbEntity
 67
     1
  8
0
100
AcDbBlockEnd
  0
BLOCK
  5
A3F
330
A3D
100
AcDbEntity
  8
0
100
AcDbBlockBegin
  2
_ArchTick
 70
     0
 10
0.0
 20
0.0
 30
0.0
  3
_ArchTick
  1

  0
LWPOLYLINE
  5
A3E
330
A3D
100
AcDbEntity
  8
0
  6
ByBlock
 62
     0
100
AcDbPolyline
 90
        2
 70
     0
 43
0.15
 10
-0.5
 20
-0.5
 10
0.5
 20
0.5
  0
ENDBLK
  5
A40
330
A3D
100
AcDbEntity
  8
0
100
AcDbBlockEnd
  0
BLOCK
  5
A46
330
A45
100
AcDbEntity
  8
0
100
AcDbBlockBegin
  2
*D1
 70
     1
 10
0.0
 20
0.0
 30
0.0
  3
*D1
  1

  0
LINE
  5
A52
330
A45
100
AcDbEntity
  8
0
 62
     0
440
 16777216
370
    -2
100
AcDbLine
 10
47120.34182075801
 20
21604.83891164311
 30
0.0
 11
47268.6333001595
 21
21604.83891164311
 31
0.0
  0
LINE
  5
A53
330
A45
100
AcDbEntity
  8
0
 62
     0
440
 16777216
370
    -2
100
AcDbLine
 10
47120.34182075801
 20
18520.3264116431
 30
0.0
 11
47268.6333001595
 21
18520.3264116431
 31
0.0
  0
LINE
  5
A54
330
A45
100
AcDbEntity
  8
0
 62
     0
440
 16777216
370
    -2
100
AcDbLine
 10
47267.3833001595
 20
21604.83891164311
 30
0.0
 11
47267.3833001595
 21
18520.3264116431
 31
0.0
  0
INSERT
  5
A55
330
A45
100
AcDbEntity
  8
0
 62
     0
440
 16777216
370
    -2
100
AcDbBlockReference
  2
_ArchTick
 10
47267.3833001595
 20
21604.83891164311
 30
0.0
 41
2.5
 42
2.5
 43
2.5
 50
90.0
  0
INSERT
  5
A56
330
A45
100
AcDbEntity
  8
0
 62
     0
440
 16777216
370
    -2
100
AcDbBlockReference
  2
_ArchTick
 10
47267.3833001595
 20
18520.3264116431
 30
0.0
 41
2.5
 42
2.5
 43
2.5
 50
270.0
  0
MTEXT
  5
A57
330
A45
100
AcDbEntity
  8
0
 62
     0
440
 16777216
100
AcDbMText
 10
47251.7583001595
 20
20062.58266164308
 30
0.0
 40
30.0
 41
0.0
 46
0.0
 71
     5
 72
     1
  1
257'-0 1/2"
 11
0.0000000000000001
 21
1.0
 31
0.0
 73
     1
 44
1.0
  0
POINT
  5
A58
330
A45
100
AcDbEntity
  8
Defpoints
 62
     0
440
 16777216
100
AcDbPoint
 10
47119.71682075802
 20
21604.83891164311
 30
0.0
  0
POINT
  5
A59
330
A45
100
AcDbEntity
  8
Defpoints
 62
     0
440
 16777216
100
AcDbPoint
 10
47119.71682075801
 20
18520.3264116431
 30
0.0
  0
POINT
  5
A5A
330
A45
100
AcDbEntity
  8
Defpoints
 62
     0
440
 16777216
100
AcDbPoint
 10
47267.3833001595
 20
18520.3264116431
 30
0.0
  0
ENDBLK
  5
A47
330
A45
100
AcDbEntity
  8
0
100
AcDbBlockEnd
  0
BLOCK
  5
A5E
330
A5D
100
AcDbEntity
  8
0
100
AcDbBlockBegin
  2
*D2
 70
     1
 10
0.0
 20
0.0
 30
0.0
  3
*D2
  1

  0
LINE
  5
A6A
330
A5D
100
AcDbEntity
  8
0
 62
     0
440
 16777216
370
    -2
100
AcDbLine
 10
47120.34182075801
 20
21593.7264116431
 30
0.0
 11
47490.50119658597
 21
21593.7264116431
 31
0.0
  0
LINE
  5
A6B
330
A5D
100
AcDbEntity
  8
0
 62
     0
440
 16777216
370
    -2
100
AcDbLine
 10
47120.34182075801
 20
18520.3264116431
 30
0.0
 11
47490.50119658597
 21
18520.3264116431
 31
0.0
  0
LINE
  5
A6C
330
A5D
100
AcDbEntity
  8
0
 62
     0
440
 16777216
370
    -2
100
AcDbLine
 10
47489.25119658597
 20
21593.7264116431
 30
0.0
 11
47489.25119658597
 21
18520.3264116431
 31
0.0
  0
INSERT
  5
A6D
330
A5D
100
AcDbEntity
  8
0
 62
     0
440
 16777216
370
    -2
100
AcDbBlockReference
  2
_ArchTick
 10
47489.25119658597
 20
21593.7264116431
 30
0.0
 41
2.5
 42
2.5
 43
2.5
 50
90.0
  0
INSERT
  5
A6E
330
A5D
100
AcDbEntity
  8
0
 62
     0
440
 16777216
370
    -2
100
AcDbBlockReference
  2
_ArchTick
 10
47489.25119658597
 20
18520.3264116431
 30
0.0
 41
2.5
 42
2.5
 43
2.5
 50
270.0
  0
MTEXT
  5
A6F
330
A5D
100
AcDbEntity
  8
0
 62
     0
440
 16777216
100
AcDbMText
 10
47473.62619658597
 20
20057.02641164308
 30
0.0
 40
30.0
 41
0.0
 46
0.0
 71
     5
 72
     1
  1
10'-1"
 11
0.0000000000000001
 21
1.0
 31
0.0
 73
     1
 44
1.0
  0
POINT
  5
A70
330
A5D
100
AcDbEntity
  8
Defpoints
 62
     0
440
 16777216
100
AcDbPoint
 10
47119.71682075801
 20
21593.7264116431
 30
0.0
  0
POINT
  5
A71
330
A5D
100
AcDbEntity
  8
Defpoints
 62
     0
440
 16777216
100
AcDbPoint
 10
47119.71682075801
 20
18520.3264116431
 30
0.0
  0
POINT
  5
A72
330
A5D
100
AcDbEntity
  8
Defpoints
 62
     0
440
 16777216
100
AcDbPoint
 10
47489.25119658597
 20
18520.3264116431
 30
0.0
  0
ENDBLK
  5
A5F
330
A5D
100
AcDbEntity
  8
0
100
AcDbBlockEnd
  0
BLOCK
  5
A76
330
A75
100
AcDbEntity
  8
0
100
AcDbBlockBegin
  2
*D3
 70
     1
 10
0.0
 20
0.0
 30
0.0
  3
*D3
  1

  0
LINE
  5
A82
330
A75
100
AcDbEntity
  8
0
 62
     0
440
 16777216
370
    -2
100
AcDbLine
 10
47120.34182075802
 20
21615.95141164311
 30
0.0
 11
47387.17668800175
 21
21615.95141164311
 31
0.0
  0
LINE
  5
A83
330
A75
100
AcDbEntity
  8
0
 62
     0
440
 16777216
370
    -2
100
AcDbLine
 10
47120.34182075801
 20
18520.3264116431
 30
0.0
 11
47387.17668800175
 21
18520.3264116431
 31
0.0
  0
LINE
  5
A84
330
A75
100
AcDbEntity
  8
0
 62
     0
440
 16777216
370
    -2
100
AcDbLine
 10
47385.92668800175
 20
21615.95141164311
 30
0.0
 11
47385.92668800175
 21
18520.3264116431
 31
0.0
  0
INSERT
  5
A85
330
A75
100
AcDbEntity
  8
0
 62
     0
440
 16777216
370
    -2
100
AcDbBlockReference
  2
_ArchTick
 10
47385.92668800175
 20
21615.95141164311
 30
0.0
 41
2.5
 42
2.5
 43
2.5
 50
90.0
  0
INSERT
  5
A86
330
A75
100
AcDbEntity
  8
0
 62
     0
440
 16777216
370
    -2
100
AcDbBlockReference
  2
_ArchTick
 10
47385.92668800175
 20
18520.3264116431
 30
0.0
 41
2.5
 42
2.5
 43
2.5
 50
270.0
  0
MTEXT
  5
A87
330
A75
100
AcDbEntity
  8
0
 62
     0
440
 16777216
100
AcDbMText
 10
47370.30168800175
 20
20068.13891164308
 30
0.0
 40
30.0
 41
0.0
 46
0.0
 71
     5
 72
     1
  1
10'-1 7/8"
 11
0.0000000000000001
 21
1.0
 31
0.0
 73
     1
 44
1.0
  0
POINT
  5
A88
330
A75
100
AcDbEntity
  8
Defpoints
 62
     0
440
 16777216
100
AcDbPoint
 10
47119.71682075803
 20
21615.95141164311
 30
0.0
  0
POINT
  5
A89
330
A75
100
AcDbEntity
  8
Defpoints
 62
     0
440
 16777216
100
AcDbPoint
 10
47119.71682075801
 20
18520.3264116431
 30
0.0
  0
POINT
  5
A8A
330
A75
100
AcDbEntity
  8
Defpoints
 62
     0
440
 16777216
100
AcDbPoint
 10
47385.92668800175
 20
18520.3264116431
 30
0.0
  0
ENDBLK
  5
A77
330
A75
100
AcDbEntity
  8
0
100
AcDbBlockEnd
  0
BLOCK
  5
A8E
330
A8D
100
AcDbEntity
  8
0
100
AcDbBlockBegin
  2
*D4
 70
     1
 10
0.0
 20
0.0
 30
0.0
  3
*D4
  1

  0
LINE
  5
A9A
330
A8D
100
AcDbEntity
  8
0
 62
     0
440
 16777216
370
    -2
100
AcDbLine
 10
45873.52932075799
 20
18519.70141164309
 30
0.0
 11
45873.52932075799
 21
18322.34431794908
 31
0.0
  0
LINE
  5
A9B
330
A8D
100
AcDbEntity
  8
0
 62
     0
440
 16777216
370
    -2
100
AcDbLine
 10
47119.71682075799
 20
18519.70141164309
 30
0.0
 11
47119.71682075799
 21
18322.34431794908
 31
0.0
  0
LINE
  5
A9C
330
A8D
100
AcDbEntity
  8
0
 62
     0
440
 16777216
370
    -2
100
AcDbLine
 10
45873.52932075799
 20
18323.59431794909
 30
0.0
 11
47119.71682075799
 21
18323.59431794909
 31
0.0
  0
INSERT
  5
A9D
330
A8D
100
AcDbEntity
  8
0
 62
     0
440
 16777216
370
    -2
100
AcDbBlockReference
  2
_ArchTick
 10
45873.52932075799
 20
18323.59431794909
 30
0.0
 41
2.5
 42
2.5
 43
2.5
 50
180.0
  0
INSERT
  5
A9E
330
A8D
100
AcDbEntity
  8
0
 62
     0
440
 16777216
370
    -2
100
AcDbBlockReference
  2
_ArchTick
 10
47119.71682075799
 20
18323.59431794909
 30
0.0
 41
2.5
 42
2.5
 43
2.5
  0
MTEXT
  5
A9F
330
A8D
100
AcDbEntity
  8
0
 62
     0
440
 16777216
100
AcDbMText
 10
46496.62307075799
 20
18339.21931794908
 30
0.0
 40
30.0
 41
0.0
 46
0.0
 71
     5
 72
     1
  1
4'-1 1/16"
 73
     1
 44
1.0
  0
POINT
  5
AA0
330
A8D
100
AcDbEntity
  8
Defpoints
 62
     0
440
 16777216
100
AcDbPoint
 10
45873.52932075799
 20
18520.32641164309
 30
0.0
  0
POINT
  5
AA1
330
A8D
100
AcDbEntity
  8
Defpoints
 62
     0
440
 16777216
100
AcDbPoint
 10
47119.71682075799
 20
18520.32641164309
 30
0.0
  0
POINT
  5
AA2
330
A8D
100
AcDbEntity
  8
Defpoints
 62
     0
440
 16777216
100
AcDbPoint
 10
47119.71682075799
 20
18323.59431794909
 30
0.0
  0
ENDBLK
  5
A8F
330
A8D
100
AcDbEntity
  8
0
100
AcDbBlockEnd
  0
BLOCK
  5
AA6
330
AA5
100
AcDbEntity
  8
0
100
AcDbBlockBegin
  2
*D5
 70
     1
 10
0.0
 20
0.0
 30
0.0
  3
*D5
  1

  0
LINE
  5
AB2
330
AA5
100
AcDbEntity
  8
0
 62
     0
440
 16777216
370
    -2
100
AcDbLine
 10
44843.45909123883
 20
19161.38856662591
 30
0.0
 11
44843.45909123883
 21
19313.72945966699
 31
0.0
  0
LINE
  5
AB3
330
AA5
100
AcDbEntity
  8
0
 62
     0
440
 16777216
370
    -2
100
AcDbLine
 10
45300.65909123883
 20
19161.38856662591
 30
0.0
 11
45300.65909123883
 21
19313.72945966699
 31
0.0
  0
LINE
  5
AB4
330
AA5
100
AcDbEntity
  8
0
 62
     0
440
 16777216
370
    -2
100
AcDbLine
 10
44843.45909123883
 20
19312.47945966699
 30
0.0
 11
45300.65909123883
 21
19312.47945966699
 31
0.0
  0
INSERT
  5
AB5
330
AA5
100
AcDbEntity
  8
0
 62
     0
440
 16777216
370
    -2
100
AcDbBlockReference
  2
_ArchTick
 10
44843.45909123883
 20
19312.47945966699
 30
0.0
 41
2.5
 42
2.5
 43
2.5
 50
180.0
  0
INSERT
  5
AB6
330
AA5
100
AcDbEntity
  8
0
 62
     0
440
 16777216
370
    -2
100
AcDbBlockReference
  2
_ArchTick
 10
45300.65909123883
 20
19312.47945966699
 30
0.0
 41
2.5
 42
2.5
 43
2.5
  0
MTEXT
  5
AB7
330
AA5
100
AcDbEntity
  8
0
 62
     0
440
 16777216
100
AcDbMText
 10
45072.05909123882
 20
19328.10445966699
 30
0.0
 40
30.0
 41
0.0
 46
0.0
 71
     5
 72
     1
  1
1'-6"
 73
     1
 44
1.0
  0
POINT
  5
AB8
330
AA5
100
AcDbEntity
  8
Defpoints
 62
     0
440
 16777216
100
AcDbPoint
 10
44843.45909123883
 20
19160.76356662591
 30
0.0
  0
POINT
  5
AB9
330
AA5
100
AcDbEntity
  8
Defpoints
 62
     0
440
 16777216
100
AcDbPoint
 10
45300.65909123883
 20
19160.76356662591
 30
0.0
  0
POINT
  5
ABA
330
AA5
100
AcDbEntity
  8
Defpoints
 62
     0
440
 16777216
100
AcDbPoint
 10
45300.65909123883
 20
19312.47945966699
 30
0.0
  0
ENDBLK
  5
AA7
330
AA5
100
AcDbEntity
  8
0
100
AcDbBlockEnd
  0
ENDSEC
  0
SECTION
  2
ENTITIES
  0
LWPOLYLINE
  5
31
330
17
100
AcDbEntity
  8
OUTER
100
AcDbPolyline
 90
        5
 70
     0
 43
0.0
 10
44822.21617276223
 20
16524.49149257893
 10
45768.36617276222
 20
16524.49149257893
 10
45768.36617276222
 20
16626.09149257891
 10
44822.21617276223
 20
16626.09149257891
 10
44822.21617276223
 20
16524.49149257893
  0
TEXT
  5
32
330
17
100
AcDbEntity
  8
NUMBERS
100
AcDbText
 10
45185.29117276222
 20
16560.29149257892
 30
0.0
 40
30.0
  1
A主人卫生间-01
 72
     1
 11
45295.29117276222
 21
16575.29149257892
 31
0.0
100
AcDbText
 73
     2
  0
LWPOLYLINE
  5
33
330
17
100
AcDbEntity
  8
OUTER
100
AcDbPolyline
 90
        5
 70
     0
 43
0.0
 10
48924.65709804471
 20
16524.49149257893
 10
49870.80709804471
 20
16524.49149257893
 10
49870.80709804471
 20
16626.09149257891
 10
48924.65709804471
 20
16626.09149257891
 10
48924.65709804471
 20
16524.49149257893
  0
TEXT
  5
34
330
17
100
AcDbEntity
  8
NUMBERS
100
AcDbText
 10
49282.73209804472
 20
16560.29149257892
 30
0.0
 40
30.0
  1
A主人卫生间-02
 72
     1
 11
49397.73209804472
 21
16575.29149257892
 31
0.0
100
AcDbText
 73
     2
  0
LWPOLYLINE
  5
35
330
17
100
AcDbEntity
  8
OUTER
100
AcDbPolyline
 90
        5
 70
     0
 43
0.0
 10
44822.21617276223
 20
15635.1804028204
 10
45768.36617276222
 20
15635.1804028204
 10
45768.36617276222
 20
16224.1429028204
 10
44822.21617276223
 20
16224.1429028204
 10
44822.21617276223
 20
15635.1804028204
  0
TEXT
  5
36
330
17
100
AcDbEntity
  8
NUMBERS
100
AcDbText
 10
44988.62450609557
 20
15889.6616528204
 30
0.0
 40
80.0
  1
A主人卫生间-03
 72
     1
 11
45295.29117276223
 21
15929.6616528204
 31
0.0
100
AcDbText
 73
     2
  0
LWPOLYLINE
  5
37
330
17
100
AcDbEntity
  8
OUTER
100
AcDbPolyline
 90
        5
 70
     0
 43
0.0
 10
46112.55358232337
 20
15635.74827816622
 10
46214.15358232336
 20
15635.74827816622
 10
46214.15358232336
 20
16224.71077816622
 10
46112.55358232337
 20
16224.71077816622
 10
46112.55358232337
 20
15635.74827816622
  0
TEXT
  5
38
330
17
100
AcDbEntity
  8
NUMBERS
100
AcDbText
 10
46103.25070166493
 20
15922.39002199337
 30
0.0
 40
15.67901234567879
  1
A主人卫生间-04
 72
     1
 11
46163.35358232337
 21
15930.22952816621
 31
0.0
100
AcDbText
 73
     2
  0
LWPOLYLINE
  5
39
330
17
100
AcDbEntity
  8
OUTER
100
AcDbPolyline
 90
        5
 70
     0
 43
0.0
 10
48924.65709804471
 20
15635.1804028204
 10
49870.80709804471
 20
15635.1804028204
 10
49870.80709804471
 20
16224.1429028204
 10
48924.65709804471
 20
16224.1429028204
 10
48924.65709804471
 20
15635.1804028204
  0
TEXT
  5
3A
330
17
100
AcDbEntity
  8
NUMBERS
100
AcDbText
 10
49091.06543137804
 20
15889.6616528204
 30
0.0
 40
80.0
  1
A主人卫生间-05
 72
     1
 11
49397.7320980447
 21
15929.6616528204
 31
0.0
100
AcDbText
 73
     2
  0
LWPOLYLINE
  5
3B
330
17
100
AcDbEntity
  8
OUTER
100
AcDbPolyline
 90
        5
 70
     0
 43
0.0
 10
50214.99450760585
 20
15635.74827816622
 10
50316.59450760585
 20
15635.74827816622
 10
50316.59450760585
 20
16224.71077816622
 10
50214.99450760585
 20
16224.71077816622
 10
50214.99450760585
 20
15635.74827816622
  0
TEXT
  5
3C
330
17
100
AcDbEntity
  8
NUMBERS
100
AcDbText
 10
50205.69162694743
 20
15922.39002199338
 30
0.0
 40
15.67901234567991
  1
A主人卫生间-06
 72
     1
 11
50265.79450760586
 21
15930.22952816622
 31
0.0
100
AcDbText
 73
     2
  0
LWPOLYLINE
  5
3D
330
17
100
AcDbEntity
  8
OUTER
100
AcDbPolyline
 90
        5
 70
     0
 43
0.0
 10
44732.77802936551
 20
14312.15727070797
 10
45189.97802936552
 20
14312.15727070797
 10
45189.97802936552
 20
14956.68227070797
 10
44732.77802936551
 20
14956.68227070797
 10
44732.77802936551
 20
14312.15727070797
  0
TEXT
  5
3E
330
17
100
AcDbEntity
  8
NUMBERS
100
AcDbText
 10
44768.04469603219
 20
14594.41977070797
 30
0.0
 40
80.0
  1
A厨房-01
 72
     1
 11
44961.37802936552
 21
14634.41977070797
 31
0.0
100
AcDbText
 73
     2
  0
LWPOLYLINE
  5
3F
330
17
100
AcDbEntity
  8
OUTER
100
AcDbPolyline
 90
        5
 70
     0
 43
0.0
 10
45895.13478087924
 20
14312.15727070797
 10
47654.08478087923
 20
14312.15727070797
 10
47654.08478087923
 20
14956.68227070797
 10
45895.13478087924
 20
14956.68227070797
 10
45895.13478087924
 20
14312.15727070797
  0
TEXT
  5
40
330
17
100
AcDbEntity
  8
NUMBERS
100
AcDbText
 10
46567.94311421258
 20
14594.41977070797
 30
0.0
 40
80.0
  1
A厨房-02
 72
     1
 11
46774.60978087925
 21
14634.41977070797
 31
0.0
100
AcDbText
 73
     2
  0
LWPOLYLINE
  5
41
330
17
100
AcDbEntity
  8
OUTER
100
AcDbPolyline
 90
        5
 70
     0
 43
0.0
 10
48835.218954648
 20
14312.15727070797
 10
49292.418954648
 20
14312.15727070797
 10
49292.418954648
 20
14956.68227070797
 10
48835.218954648
 20
14956.68227070797
 10
48835.218954648
 20
14312.15727070797
  0
TEXT
  5
42
330
17
100
AcDbEntity
  8
NUMBERS
100
AcDbText
 10
48857.15228798133
 20
14594.41977070797
 30
0.0
 40
80.0
  1
A厨房-03
 72
     1
 11
49063.81895464799
 21
14634.41977070797
 31
0.0
100
AcDbText
 73
     2
  0
LWPOLYLINE
  5
43
330
17
100
AcDbEntity
  8
OUTER
100
AcDbPolyline
 90
        5
 70
     0
 43
0.0
 10
49997.57570616172
 20
14312.15727070797
 10
51756.52570616173
 20
14312.15727070797
 10
51756.52570616173
 20
14956.68227070797
 10
49997.57570616172
 20
14956.68227070797
 10
49997.57570616172
 20
14312.15727070797
  0
TEXT
  5
44
330
17
100
AcDbEntity
  8
NUMBERS
100
AcDbText
 10
50670.38403949506
 20
14594.41977070797
 30
0.0
 40
80.0
  1
A厨房-04
 72
     1
 11
50877.05070616173
 21
14634.41977070797
 31
0.0
100
AcDbText
 73
     2
  0
LWPOLYLINE
  5
45
330
17
100
AcDbEntity
  8
OUTER
100
AcDbPolyline
 90
        5
 70
     0
 43
0.0
 10
44707.92721206549
 20
9440.243081210942
 10
45654.0772120655
 20
9440.243081210942
 10
45654.0772120655
 20
10029.20558121093
 10
44707.92721206549
 20
10029.20558121093
 10
44707.92721206549
 20
9440.243081210942
  0
TEXT
  5
46
330
17
100
AcDbEntity
  8
NUMBERS
100
AcDbText
 10
44807.66887873216
 20
9694.724331210936
 30
0.0
 40
80.0
  1
B-a主人卫生间-01
 72
     1
 11
45181.0022120655
 21
9734.724331210937
 31
0.0
100
AcDbText
 73
     2
  0
LWPOLYLINE
  5
47
330
17
100
AcDbEntity
  8
OUTER
100
AcDbPolyline
 90
        5
 70
     0
 43
0.0
 10
45998.26462162664
 20
9440.810956556758
 10
46099.86462162664
 20
9440.810956556758
 10
46099.86462162664
 20
10029.77345655675
 10
45998.26462162664
 20
10029.77345655675
 10
45998.26462162664
 20
9440.810956556758
  0
TEXT
  5
48
330
17
100
AcDbEntity
  8
NUMBERS
100
AcDbText
 10
45987.06125462325
 20
9728.878065142616
 30
0.0
 40
12.82828282828356
  1
B-a主人卫生间-02
 72
     1
 11
46049.06462162663
 21
9735.292206556756
 31
0.0
100
AcDbText
 73
     2
  0
LWPOLYLINE
  5
49
330
17
100
AcDbEntity
  8
OUTER
100
AcDbPolyline
 90
        5
 70
     0
 43
0.0
 10
48838.41098533009
 20
9440.243081210942
 10
49784.56098533009
 20
9440.243081210942
 10
49784.56098533009
 20
10029.20558121093
 10
48838.41098533009
 20
10029.20558121093
 10
48838.41098533009
 20
9440.243081210942
  0
TEXT
  5
4A
330
17
100
AcDbEntity
  8
NUMBERS
100
AcDbText
 10
48924.81931866343
 20
9694.724331210936
 30
0.0
 40
80.0
  1
B-a主人卫生间-03
 72
     1
 11
49311.4859853301
 21
9734.724331210937
 31
0.0
100
AcDbText
 73
     2
  0
LWPOLYLINE
  5
4B
330
17
100
AcDbEntity
  8
OUTER
100
AcDbPolyline
 90
        5
 70
     0
 43
0.0
 10
50128.74839489126
 20
9440.810956556758
 10
50230.34839489125
 20
9440.810956556758
 10
50230.34839489125
 20
10029.77345655675
 10
50128.74839489126
 20
10029.77345655675
 10
50128.74839489126
 20
9440.810956556758
  0
TEXT
  5
4C
330
17
100
AcDbEntity
  8
NUMBERS
100
AcDbText
 10
50117.54502788789
 20
9728.878065142616
 30
0.0
 40
12.82828282828081
  1
B-a主人卫生间-04
 72
     1
 11
50179.54839489125
 21
9735.292206556756
 31
0.0
100
AcDbText
 73
     2
  0
LWPOLYLINE
  5
4D
330
17
100
AcDbEntity
  8
OUTER
100
AcDbPolyline
 90
        5
 70
     0
 43
0.0
 10
52510.06436295881
 20
9419.021639019979
 10
53456.21436295881
 20
9419.021639019979
 10
53456.21436295881
 20
10007.98413901997
 10
52510.06436295881
 20
10007.98413901997
 10
52510.06436295881
 20
9419.021639019979
  0
TEXT
  5
4E
330
17
100
AcDbEntity
  8
NUMBERS
100
AcDbText
 10
52596.47269629214
 20
9673.502889019976
 30
0.0
 40
80.0
  1
B-a主人卫生间-05
 72
     1
 11
52983.13936295881
 21
9713.502889019977
 31
0.0
100
AcDbText
 73
     2
  0
LWPOLYLINE
  5
4F
330
17
100
AcDbEntity
  8
OUTER
100
AcDbPolyline
 90
        5
 70
     0
 43
0.0
 10
53800.40177251997
 20
9419.589514365798
 10
53902.00177251997
 20
9419.589514365798
 10
53902.00177251997
 20
10008.55201436579
 10
53800.40177251997
 20
10008.55201436579
 10
53800.40177251997
 20
9419.589514365798
  0
TEXT
  5
50
330
17
100
AcDbEntity
  8
NUMBERS
100
AcDbText
 10
53789.1984055166
 20
9707.656622951654
 30
0.0
 40
12.82828282828356
  1
B-a主人卫生间-06
 72
     1
 11
53851.20177251998
 21
9714.070764365795
 31
0.0
100
AcDbText
 73
     2
  0
LWPOLYLINE
  5
51
330
17
100
AcDbEntity
  8
OUTER
100
AcDbPolyline
 90
        5
 70
     0
 43
0.0
 10
56282.78142347499
 20
9419.021639019979
 10
57228.931423475
 20
9419.021639019979
 10
57228.931423475
 20
10007.98413901997
 10
56282.78142347499
 20
10007.98413901997
 10
56282.78142347499
 20
9419.021639019979
  0
TEXT
  5
52
330
17
100
AcDbEntity
  8
NUMBERS
100
AcDbText
 10
56369.18975680833
 20
9673.502889019976
 30
0.0
 40
80.0
  1
B-a主人卫生间-07
 72
     1
 11
56755.85642347499
 21
9713.502889019977
 31
0.0
100
AcDbText
 73
     2
  0
LWPOLYLINE
  5
53
330
17
100
AcDbEntity
  8
OUTER
100
AcDbPolyline
 90
        5
 70
     0
 43
0.0
 10
57573.11883303613
 20
9419.589514365798
 10
57674.71883303613
 20
9419.589514365798
 10
57674.71883303613
 20
10008.55201436579
 10
57573.11883303613
 20
10008.55201436579
 10
57573.11883303613
 20
9419.589514365798
  0
TEXT
  5
54
330
17
100
AcDbEntity
  8
NUMBERS
100
AcDbText
 10
57561.91546603277
 20
9707.656622951654
 30
0.0
 40
12.82828282828264
  1
B-a主人卫生间-08
 72
     1
 11
57623.91883303614
 21
9714.070764365795
 31
0.0
100
AcDbText
 73
     2
  0
LWPOLYLINE
  5
55
330
17
100
AcDbEntity
  8
OUTER
100
AcDbPolyline
 90
        5
 70
     0
 43
0.0
 10
60356.74229276889
 20
9419.021639019979
 10
61302.89229276888
 20
9419.021639019979
 10
61302.89229276888
 20
10007.98413901997
 10
60356.74229276889
 20
10007.98413901997
 10
60356.74229276889
 20
9419.021639019979
  0
TEXT
  5
56
330
17
100
AcDbEntity
  8
NUMBERS
100
AcDbText
 10
60443.15062610222
 20
9673.502889019976
 30
0.0
 40
80.0
  1
B-a主人卫生间-09
 72
     1
 11
60829.81729276889
 21
9713.502889019977
 31
0.0
100
AcDbText
 73
     2
  0
LWPOLYLINE
  5
57
330
17
100
AcDbEntity
  8
OUTER
100
AcDbPolyline
 90
        5
 70
     0
 43
0.0
 10
61647.07970233004
 20
9419.589514365798
 10
61748.67970233004
 20
9419.589514365798
 10
61748.67970233004
 20
10008.55201436579
 10
61647.07970233004
 20
10008.55201436579
 10
61647.07970233004
 20
9419.589514365798
  0
TEXT
  5
58
330
17
100
AcDbEntity
  8
NUMBERS
100
AcDbText
 10
61638.01438246472
 20
9707.656622951654
 30
0.0
 40
12.82828282828264
  1
B-a主人卫生间-10
 72
     1
 11
61697.87970233003
 21
9714.070764365795
 31
0.0
100
AcDbText
 73
     2
  0
LWPOLYLINE
  5
59
330
17
100
AcDbEntity
  8
OUTER
100
AcDbPolyline
 90
        5
 70
     0
 43
0.0
 10
64425.11469758312
 20
9401.08600129775
 10
65371.26469758312
 20
9401.08600129775
 10
65371.26469758312
 20
9990.048501297744
 10
64425.11469758312
 20
9990.048501297744
 10
64425.11469758312
 20
9401.08600129775
  0
TEXT
  5
5A
330
17
100
AcDbEntity
  8
NUMBERS
100
AcDbText
 10
64531.52303091646
 20
9655.567251297748
 30
0.0
 40
80.0
  1
B-a主人卫生间-11
 72
     1
 11
64898.18969758313
 21
9695.567251297747
 31
0.0
100
AcDbText
 73
     2
  0
LWPOLYLINE
  5
5B
330
17
100
AcDbEntity
  8
OUTER
100
AcDbPolyline
 90
        5
 70
     0
 43
0.0
 10
65715.45210714427
 20
9401.653876643569
 10
65817.05210714428
 20
9401.653876643569
 10
65817.05210714428
 20
9990.616376643565
 10
65715.45210714427
 20
9990.616376643565
 10
65715.45210714427
 20
9401.653876643569
  0
TEXT
  5
5C
330
17
100
AcDbEntity
  8
NUMBERS
100
AcDbText
 10
65705.31776370993
 20
9689.720985229428
 30
0.0
 40
12.82828282828356
  1
B-a主人卫生间-12
 72
     1
 11
65766.25210714428
 21
9696.135126643568
 31
0.0
100
AcDbText
 73
     2
  0
LWPOLYLINE
  5
5D
330
17
100
AcDbEntity
  8
OUTER
100
AcDbPolyline
 90
        5
 70
     0
 43
0.0
 10
68958.82737855377
 20
9401.08600129775
 10
69904.97737855378
 20
9401.08600129775
 10
69904.97737855378
 20
9990.048501297744
 10
68958.82737855377
 20
9990.048501297744
 10
68958.82737855377
 20
9401.08600129775
  0
TEXT
  5
5E
330
17
100
AcDbEntity
  8
NUMBERS
100
AcDbText
 10
69051.90237855379
 20
9655.567251297748
 30
0.0
 40
80.0
  1
B-a主人卫生间-13
 72
     1
 11
69431.90237855379
 21
9695.567251297747
 31
0.0
100
AcDbText
 73
     2
  0
LWPOLYLINE
  5
5F
330
17
100
AcDbEntity
  8
OUTER
100
AcDbPolyline
 90
        5
 70
     0
 43
0.0
 10
70249.16478811494
 20
9401.653876643569
 10
70350.76478811494
 20
9401.653876643569
 10
70350.76478811494
 20
9990.616376643565
 10
70249.16478811494
 20
9990.616376643565
 10
70249.16478811494
 20
9401.653876643569
  0
TEXT
  5
60
330
17
100
AcDbEntity
  8
NUMBERS
100
AcDbText
 10
70239.0304446806
 20
9689.720985229428
 30
0.0
 40
12.82828282828356
  1
B-a主人卫生间-14
 72
     1
 11
70299.96478811495
 21
9696.135126643568
 31
0.0
100
AcDbText
 73
     2
  0
LWPOLYLINE
  5
61
330
17
100
AcDbEntity
  8
OUTER
100
AcDbPolyline
 90
        5
 70
     0
 43
0.0
 10
73308.42949485191
 20
9401.08600129775
 10
74254.57949485188
 20
9401.08600129775
 10
74254.57949485188
 20
9990.048501297744
 10
73308.42949485191
 20
9990.048501297744
 10
73308.42949485191
 20
9401.08600129775
  0
TEXT
  5
62
330
17
100
AcDbEntity
  8
NUMBERS
100
AcDbText
 10
73401.50449485189
 20
9655.567251297748
 30
0.0
 40
80.0
  1
B-a主人卫生间-15
 72
     1
 11
73781.50449485189
 21
9695.567251297747
 31
0.0
100
AcDbText
 73
     2
  0
LWPOLYLINE
  5
63
330
17
100
AcDbEntity
  8
OUTER
100
AcDbPolyline
 90
        5
 70
     0
 43
0.0
 10
74598.76690441304
 20
9401.653876643569
 10
74700.36690441305
 20
9401.653876643569
 10
74700.36690441305
 20
9990.616376643565
 10
74598.76690441304
 20
9990.616376643565
 10
74598.76690441304
 20
9401.653876643569
  0
TEXT
  5
64
330
17
100
AcDbEntity
  8
NUMBERS
100
AcDbText
 10
74588.6325609787
 20
9689.720985229428
 30
0.0
 40
12.82828282828356
  1
B-a主人卫生间-16
 72
     1
 11
74649.56690441304
 21
9696.135126643568
 31
0.0
100
AcDbText
 73
     2
  0
LWPOLYLINE
  5
65
330
17
100
AcDbEntity
  8
OUTER
100
AcDbPolyline
 90
        5
 70
     0
 43
0.0
 10
77828.82158109178
 20
9438.993081210938
 10
78774.97158109179
 20
9438.993081210938
 10
78774.97158109179
 20
10027.95558121093
 10
77828.82158109178
 20
10027.95558121093
 10
77828.82158109178
 20
9438.993081210938
  0
TEXT
  5
66
330
17
100
AcDbEntity
  8
NUMBERS
100
AcDbText
 10
77921.89658109179
 20
9693.474331210937
 30
0.0
 40
80.0
  1
B-a主人卫生间-17
 72
     1
 11
78301.89658109179
 21
9733.474331210937
 31
0.0
100
AcDbText
 73
     2
  0
LWPOLYLINE
  5
67
330
17
100
AcDbEntity
  8
OUTER
100
AcDbPolyline
 90
        5
 70
     0
 43
0.0
 10
79119.15899065295
 20
9439.560956556759
 10
79220.75899065296
 20
9439.560956556759
 10
79220.75899065296
 20
10028.52345655675
 10
79119.15899065295
 20
10028.52345655675
 10
79119.15899065295
 20
9439.560956556759
  0
TEXT
  5
68
330
17
100
AcDbEntity
  8
NUMBERS
100
AcDbText
 10
79109.02464721861
 20
9727.628065142615
 30
0.0
 40
12.82828282828356
  1
B-a主人卫生间-18
 72
     1
 11
79169.95899065295
 21
9734.042206556758
 31
0.0
100
AcDbText
 73
     2
  0
LWPOLYLINE
  5
69
330
17
100
AcDbEntity
  8
OUTER
100
AcDbPolyline
 90
        5
 70
     0
 43
0.0
 10
81959.30535435643
 20
9438.993081210938
 10
82905.45535435642
 20
9438.993081210938
 10
82905.45535435642
 20
10027.95558121093
 10
81959.30535435643
 20
10027.95558121093
 10
81959.30535435643
 20
9438.993081210938
  0
TEXT
  5
6A
330
17
100
AcDbEntity
  8
NUMBERS
100
AcDbText
 10
82052.38035435643
 20
9693.474331210937
 30
0.0
 40
80.0
  1
B-a主人卫生间-19
 72
     1
 11
82432.38035435643
 21
9733.474331210937
 31
0.0
100
AcDbText
 73
     2
  0
LWPOLYLINE
  5
6B
330
17
100
AcDbEntity
  8
OUTER
100
AcDbPolyline
 90
        5
 70
     0
 43
0.0
 10
83249.64276391758
 20
9439.560956556759
 10
83351.24276391756
 20
9439.560956556759
 10
83351.24276391756
 20
10028.52345655675
 10
83249.64276391758
 20
10028.52345655675
 10
83249.64276391758
 20
9439.560956556759
  0
TEXT
  5
6C
330
17
100
AcDbEntity
  8
NUMBERS
100
AcDbText
 10
83238.43939691423
 20
9727.628065142615
 30
0.0
 40
12.82828282828172
  1
B-a主人卫生间-20
 72
     1
 11
83300.44276391758
 21
9734.042206556758
 31
0.0
100
AcDbText
 73
     2
  0
LWPOLYLINE
  5
6D
330
17
100
AcDbEntity
  8
OUTER
100
AcDbPolyline
 90
        5
 70
     0
 43
0.0
 10
85630.95873198513
 20
9417.77163901998
 10
86577.10873198514
 20
9417.77163901998
 10
86577.10873198514
 20
10006.73413901997
 10
85630.95873198513
 20
10006.73413901997
 10
85630.95873198513
 20
9417.77163901998
  0
TEXT
  5
6E
330
17
100
AcDbEntity
  8
NUMBERS
100
AcDbText
 10
85724.03373198513
 20
9672.252889019976
 30
0.0
 40
80.0
  1
B-a主人卫生间-21
 72
     1
 11
86104.03373198513
 21
9712.252889019977
 31
0.0
100
AcDbText
 73
     2
  0
LWPOLYLINE
  5
6F
330
17
100
AcDbEntity
  8
OUTER
100
AcDbPolyline
 90
        5
 70
     0
 43
0.0
 10
86921.29614154628
 20
9418.339514365799
 10
87022.89614154627
 20
9418.339514365799
 10
87022.89614154627
 20
10007.30201436579
 10
86921.29614154628
 20
10007.30201436579
 10
86921.29614154628
 20
9418.339514365799
  0
TEXT
  5
70
330
17
100
AcDbEntity
  8
NUMBERS
100
AcDbText
 10
86909.02375097389
 20
9706.406622951654
 30
0.0
 40
12.82828282828172
  1
B-a主人卫生间-22
 72
     1
 11
86972.09614154628
 21
9712.820764365796
 31
0.0
100
AcDbText
 73
     2
  0
LWPOLYLINE
  5
71
330
17
100
AcDbEntity
  8
OUTER
100
AcDbPolyline
 90
        5
 70
     0
 43
0.0
 10
89403.6757925013
 20
9417.77163901998
 10
90349.82579250133
 20
9417.77163901998
 10
90349.82579250133
 20
10006.73413901997
 10
89403.6757925013
 20
10006.73413901997
 10
89403.6757925013
 20
9417.77163901998
  0
TEXT
  5
72
330
17
100
AcDbEntity
  8
NUMBERS
100
AcDbText
 10
89483.41745916797
 20
9672.252889019976
 30
0.0
 40
80.0
  1
B-a主人卫生间-23
 72
     1
 11
89876.75079250131
 21
9712.252889019977
 31
0.0
100
AcDbText
 73
     2
  0
LWPOLYLINE
  5
73
330
17
100
AcDbEntity
  8
OUTER
100
AcDbPolyline
 90
        5
 70
     0
 43
0.0
 10
90694.01320206246
 20
9418.339514365799
 10
90795.61320206243
 20
9418.339514365799
 10
90795.61320206243
 20
10007.30201436579
 10
90694.01320206246
 20
10007.30201436579
 10
90694.01320206246
 20
9418.339514365799
  0
TEXT
  5
74
330
17
100
AcDbEntity
  8
NUMBERS
100
AcDbText
 10
90681.74081149006
 20
9706.406622951654
 30
0.0
 40
12.82828282828172
  1
B-a主人卫生间-24
 72
     1
 11
90744.81320206245
 21
9712.820764365796
 31
0.0
100
AcDbText
 73
     2
  0
LWPOLYLINE
  5
75
330
17
100
AcDbEntity
  8
OUTER
100
AcDbPolyline
 90
        5
 70
     0
 43
0.0
 10
93477.6366617952
 20
9417.77163901998
 10
94423.7866617952
 20
9417.77163901998
 10
94423.7866617952
 20
10006.73413901997
 10
93477.6366617952
 20
10006.73413901997
 10
93477.6366617952
 20
9417.77163901998
  0
TEXT
  5
76
330
17
100
AcDbEntity
  8
NUMBERS
100
AcDbText
 10
93557.37832846187
 20
9672.252889019976
 30
0.0
 40
80.0
  1
B-a主人卫生间-25
 72
     1
 11
93950.71166179519
 21
9712.252889019977
 31
0.0
100
AcDbText
 73
     2
  0
LWPOLYLINE
  5
77
330
17
100
AcDbEntity
  8
OUTER
100
AcDbPolyline
 90
        5
 70
     0
 43
0.0
 10
94767.97407135633
 20
9418.339514365799
 10
94869.57407135633
 20
9418.339514365799
 10
94869.57407135633
 20
10007.30201436579
 10
94767.97407135633
 20
10007.30201436579
 10
94767.97407135633
 20
9418.339514365799
  0
TEXT
  5
78
330
17
100
AcDbEntity
  8
NUMBERS
100
AcDbText
 10
94755.70168078398
 20
9706.406622951654
 30
0.0
 40
12.82828282828172
  1
B-a主人卫生间-26
 72
     1
 11
94818.77407135637
 21
9712.820764365796
 31
0.0
100
AcDbText
 73
     2
  0
LWPOLYLINE
  5
79
330
17
100
AcDbEntity
  8
OUTER
100
AcDbPolyline
 90
        5
 70
     0
 43
0.0
 10
97546.00906660943
 20
9399.836001297748
 10
98492.15906660942
 20
9399.836001297748
 10
98492.15906660942
 20
9988.798501297743
 10
97546.00906660943
 20
9988.798501297743
 10
97546.00906660943
 20
9399.836001297748
  0
TEXT
  5
7A
330
17
100
AcDbEntity
  8
NUMBERS
100
AcDbText
 10
97625.7507332761
 20
9654.317251297744
 30
0.0
 40
80.0
  1
B-a主人卫生间-27
 72
     1
 11
98019.08406660944
 21
9694.317251297745
 31
0.0
100
AcDbText
 73
     2
  0
LWPOLYLINE
  5
7B
330
17
100
AcDbEntity
  8
OUTER
100
AcDbPolyline
 90
        5
 70
     0
 43
0.0
 10
98836.34647617057
 20
9400.40387664357
 10
98937.94647617056
 20
9400.40387664357
 10
98937.94647617056
 20
9989.366376643564
 10
98836.34647617057
 20
9989.366376643564
 10
98836.34647617057
 20
9400.40387664357
  0
TEXT
  5
7C
330
17
100
AcDbEntity
  8
NUMBERS
100
AcDbText
 10
98824.07408559819
 20
9688.470985229429
 30
0.0
 40
12.82828282828172
  1
B-a主人卫生间-28
 72
     1
 11
98887.14647617057
 21
9694.885126643569
 31
0.0
100
AcDbText
 73
     2
  0
LWPOLYLINE
  5
7D
330
17
100
AcDbEntity
  8
OUTER
100
AcDbPolyline
 90
        5
 70
     0
 43
0.0
 10
102079.7217475801
 20
9399.836001297748
 10
103025.8717475801
 20
9399.836001297748
 10
103025.8717475801
 20
9988.798501297743
 10
102079.7217475801
 20
9988.798501297743
 10
102079.7217475801
 20
9399.836001297748
  0
TEXT
  5
7E
330
17
100
AcDbEntity
  8
NUMBERS
100
AcDbText
 10
102159.4634142467
 20
9654.317251297744
 30
0.0
 40
80.0
  1
B-a主人卫生间-29
 72
     1
 11
102552.7967475801
 21
9694.317251297745
 31
0.0
100
AcDbText
 73
     2
  0
LWPOLYLINE
  5
7F
330
17
100
AcDbEntity
  8
OUTER
100
AcDbPolyline
 90
        5
 70
     0
 43
0.0
 10
103370.0591571412
 20
9400.40387664357
 10
103471.6591571412
 20
9400.40387664357
 10
103471.6591571412
 20
9989.366376643564
 10
103370.0591571412
 20
9989.366376643564
 10
103370.0591571412
 20
9400.40387664357
  0
TEXT
  5
80
330
17
100
AcDbEntity
  8
NUMBERS
100
AcDbText
 10
103358.8557901378
 20
9688.470985229429
 30
0.0
 40
12.82828282828356
  1
B-a主人卫生间-30
 72
     1
 11
103420.8591571412
 21
9694.885126643569
 31
0.0
100
AcDbText
 73
     2
  0
LWPOLYLINE
  5
81
330
17
100
AcDbEntity
  8
OUTER
100
AcDbPolyline
 90
        5
 70
     0
 43
0.0
 10
106429.3238638782
 20
9399.836001297748
 10
107375.4738638782
 20
9399.836001297748
 10
107375.4738638782
 20
9988.798501297743
 10
106429.3238638782
 20
9988.798501297743
 10
106429.3238638782
 20
9399.836001297748
  0
TEXT
  5
82
330
17
100
AcDbEntity
  8
NUMBERS
100
AcDbText
 10
106522.3988638782
 20
9654.317251297744
 30
0.0
 40
80.0
  1
B-a主人卫生间-31
 72
     1
 11
106902.3988638782
 21
9694.317251297745
 31
0.0
100
AcDbText
 73
     2
  0
LWPOLYLINE
  5
83
330
17
100
AcDbEntity
  8
OUTER
100
AcDbPolyline
 90
        5
 70
     0
 43
0.0
 10
107719.6612734393
 20
9400.40387664357
 10
107821.2612734393
 20
9400.40387664357
 10
107821.2612734393
 20
9989.366376643564
 10
107719.6612734393
 20
9989.366376643564
 10
107719.6612734393
 20
9400.40387664357
  0
TEXT
  5
84
330
17
100
AcDbEntity
  8
NUMBERS
100
AcDbText
 10
107707.3888828669
 20
9688.470985229429
 30
0.0
 40
12.82828282828356
  1
B-a主人卫生间-32
 72
     1
 11
107770.4612734393
 21
9694.885126643569
 31
0.0
100
AcDbText
 73
     2
  0
LWPOLYLINE
  5
85
330
17
100
AcDbEntity
  8
OUTER
100
AcDbPolyline
 90
        5
 70
     0
 43
0.0
 10
44475.61402710961
 20
11139.36621951041
 10
46310.76402710961
 20
11139.36621951041
 10
46310.76402710961
 20
11783.8912195104
 10
44475.61402710961
 20
11783.8912195104
 10
44475.61402710961
 20
11139.36621951041
  0
TEXT
  5
86
330
17
100
AcDbEntity
  8
NUMBERS
100
AcDbText
 10
45119.85569377628
 20
11421.6287195104
 30
0.0
 40
80.0
  1
B-a厨房-01
 72
     1
 11
45393.18902710962
 21
11461.6287195104
 31
0.0
100
AcDbText
 73
     2
  0
LWPOLYLINE
  5
87
330
17
100
AcDbEntity
  8
OUTER
100
AcDbPolyline
 90
        5
 70
     0
 43
0.0
 10
46927.32529515533
 20
11136.20628667049
 10
47384.52529515533
 20
11136.20628667049
 10
47384.52529515533
 20
11780.73128667049
 10
46927.32529515533
 20
11780.73128667049
 10
46927.32529515533
 20
11136.20628667049
  0
TEXT
  5
88
330
17
100
AcDbEntity
  8
NUMBERS
100
AcDbText
 10
46871.49821182201
 20
11418.78128667049
 30
0.0
 40
79.3749999999995
  1
B-a厨房-02
 72
     1
 11
47155.92529515533
 21
11458.46878667049
 31
0.0
100
AcDbText
 73
     2
  0
LWPOLYLINE
  5
89
330
17
100
AcDbEntity
  8
OUTER
100
AcDbPolyline
 90
        5
 70
     0
 43
0.0
 10
48606.09780037423
 20
11139.36621951041
 10
50441.24780037424
 20
11139.36621951041
 10
50441.24780037424
 20
11783.8912195104
 10
48606.09780037423
 20
11783.8912195104
 10
48606.09780037423
 20
11139.36621951041
  0
TEXT
  5
8A
330
17
100
AcDbEntity
  8
NUMBERS
100
AcDbText
 10
49237.00613370757
 20
11421.6287195104
 30
0.0
 40
80.0
  1
B-a厨房-03
 72
     1
 11
49523.67280037423
 21
11461.6287195104
 31
0.0
100
AcDbText
 73
     2
  0
LWPOLYLINE
  5
8B
330
17
100
AcDbEntity
  8
OUTER
100
AcDbPolyline
 90
        5
 70
     0
 43
0.0
 10
51057.80906841994
 20
11136.20628667049
 10
51515.00906841993
 20
11136.20628667049
 10
51515.00906841993
 20
11780.73128667049
 10
51057.80906841994
 20
11780.73128667049
 10
51057.80906841994
 20
11136.20628667049
  0
TEXT
  5
8C
330
17
100
AcDbEntity
  8
NUMBERS
100
AcDbText
 10
51001.9819850866
 20
11418.78128667049
 30
0.0
 40
79.37499999999824
  1
B-a厨房-04
 72
     1
 11
51286.40906841993
 21
11458.46878667049
 31
0.0
100
AcDbText
 73
     2
  0
LWPOLYLINE
  5
8D
330
17
100
AcDbEntity
  8
OUTER
100
AcDbPolyline
 90
        5
 70
     0
 43
0.0
 10
52277.75117800295
 20
11118.14477731945
 10
54112.90117800295
 20
11118.14477731945
 10
54112.90117800295
 20
11762.66977731947
 10
52277.75117800295
 20
11762.66977731947
 10
52277.75117800295
 20
11118.14477731945
  0
TEXT
  5
8E
330
17
100
AcDbEntity
  8
NUMBERS
100
AcDbText
 10
52908.65951133628
 20
11400.40727731946
 30
0.0
 40
80.0
  1
B-a厨房-05
 72
     1
 11
53195.32617800294
 21
11440.40727731946
 31
0.0
100
AcDbText
 73
     2
  0
LWPOLYLINE
  5
8F
330
17
100
AcDbEntity
  8
OUTER
100
AcDbPolyline
 90
        5
 70
     0
 43
0.0
 10
54729.46244604865
 20
11114.98484447952
 10
55186.66244604863
 20
11114.98484447952
 10
55186.66244604863
 20
11759.50984447956
 10
54729.46244604865
 20
11759.50984447956
 10
54729.46244604865
 20
11114.98484447952
  0
TEXT
  5
90
330
17
100
AcDbEntity
  8
NUMBERS
100
AcDbText
 10
54673.6353627153
 20
11397.55984447955
 30
0.0
 40
79.37499999999824
  1
B-a厨房-06
 72
     1
 11
54958.06244604863
 21
11437.24734447955
 31
0.0
100
AcDbText
 73
     2
  0
LWPOLYLINE
  5
91
330
17
100
AcDbEntity
  8
OUTER
100
AcDbPolyline
 90
        5
 70
     0
 43
0.0
 10
56050.46823851911
 20
11118.14477731945
 10
57885.61823851912
 20
11118.14477731945
 10
57885.61823851912
 20
11762.66977731947
 10
56050.46823851911
 20
11762.66977731947
 10
56050.46823851911
 20
11118.14477731945
  0
TEXT
  5
92
330
17
100
AcDbEntity
  8
NUMBERS
100
AcDbText
 10
56681.37657185246
 20
11400.40727731946
 30
0.0
 40
80.0
  1
B-a厨房-07
 72
     1
 11
56968.04323851912
 21
11440.40727731946
 31
0.0
100
AcDbText
 73
     2
  0
LWPOLYLINE
  5
93
330
17
100
AcDbEntity
  8
OUTER
100
AcDbPolyline
 90
        5
 70
     0
 43
0.0
 10
58502.17950656483
 20
11114.98484447952
 10
58959.37950656482
 20
11114.98484447952
 10
58959.37950656482
 20
11759.50984447956
 10
58502.17950656483
 20
11759.50984447956
 10
58502.17950656483
 20
11114.98484447952
  0
TEXT
  5
94
330
17
100
AcDbEntity
  8
NUMBERS
100
AcDbText
 10
58446.35242323149
 20
11397.55984447955
 30
0.0
 40
79.3749999999995
  1
B-a厨房-08
 72
     1
 11
58730.77950656481
 21
11437.24734447955
 31
0.0
100
AcDbText
 73
     2
  0
LWPOLYLINE
  5
95
330
17
100
AcDbEntity
  8
OUTER
100
AcDbPolyline
 90
        5
 70
     0
 43
0.0
 10
60124.42910781301
 20
11118.14477731945
 10
61959.57910781302
 20
11118.14477731945
 10
61959.57910781302
 20
11762.66977731947
 10
60124.42910781301
 20
11762.66977731947
 10
60124.42910781301
 20
11118.14477731945
  0
TEXT
  5
96
330
17
100
AcDbEntity
  8
NUMBERS
100
AcDbText
 10
60755.33744114636
 20
11400.40727731946
 30
0.0
 40
80.0
  1
B-a厨房-09
 72
     1
 11
61042.00410781303
 21
11440.40727731946
 31
0.0
100
AcDbText
 73
     2
  0
LWPOLYLINE
  5
97
330
17
100
AcDbEntity
  8
OUTER
100
AcDbPolyline
 90
        5
 70
     0
 43
0.0
 10
62576.14037585872
 20
11114.98484447952
 10
63033.34037585872
 20
11114.98484447952
 10
63033.34037585872
 20
11759.50984447956
 10
62576.14037585872
 20
11759.50984447956
 10
62576.14037585872
 20
11114.98484447952
  0
TEXT
  5
98
330
17
100
AcDbEntity
  8
NUMBERS
100
AcDbText
 10
62533.54245919206
 20
11397.55984447955
 30
0.0
 40
79.37499999999824
  1
B-a厨房-10
 72
     1
 11
62804.74037585872
 21
11437.24734447955
 31
0.0
100
AcDbText
 73
     2
  0
LWPOLYLINE
  5
99
330
17
100
AcDbEntity
  8
OUTER
100
AcDbPolyline
 90
        5
 70
     0
 43
0.0
 10
64192.80151262724
 20
11100.20913959722
 10
66027.95151262726
 20
11100.20913959722
 10
66027.95151262726
 20
11744.73413959722
 10
64192.80151262724
 20
11744.73413959722
 10
64192.80151262724
 20
11100.20913959722
  0
TEXT
  5
9A
330
17
100
AcDbEntity
  8
NUMBERS
100
AcDbText
 10
64843.70984596057
 20
11382.47163959722
 30
0.0
 40
80.0
  1
B-a厨房-11
 72
     1
 11
65110.37651262723
 21
11422.47163959722
 31
0.0
100
AcDbText
 73
     2
  0
LWPOLYLINE
  5
9B
330
17
100
AcDbEntity
  8
OUTER
100
AcDbPolyline
 90
        5
 70
     0
 43
0.0
 10
66644.51278067295
 20
11097.04920675731
 10
67101.71278067296
 20
11097.04920675731
 10
67101.71278067296
 20
11741.5742067573
 10
66644.51278067295
 20
11741.5742067573
 10
66644.51278067295
 20
11097.04920675731
  0
TEXT
  5
9C
330
17
100
AcDbEntity
  8
NUMBERS
100
AcDbText
 10
66595.30028067297
 20
11379.6242067573
 30
0.0
 40
79.37500000000202
  1
B-a厨房-12
 72
     1
 11
66873.11278067296
 21
11419.31170675731
 31
0.0
100
AcDbText
 73
     2
  0
LWPOLYLINE
  5
9D
330
17
100
AcDbEntity
  8
OUTER
100
AcDbPolyline
 90
        5
 70
     0
 43
0.0
 10
68726.51419359793
 20
11100.20913959722
 10
70561.66419359793
 20
11100.20913959722
 10
70561.66419359793
 20
11744.73413959722
 10
68726.51419359793
 20
11744.73413959722
 10
68726.51419359793
 20
11100.20913959722
  0
TEXT
  5
9E
330
17
100
AcDbEntity
  8
NUMBERS
100
AcDbText
 10
69364.08919359793
 20
11382.47163959722
 30
0.0
 40
80.0
  1
B-a厨房-13
 72
     1
 11
69644.08919359793
 21
11422.47163959722
 31
0.0
100
AcDbText
 73
     2
  0
LWPOLYLINE
  5
9F
330
17
100
AcDbEntity
  8
OUTER
100
AcDbPolyline
 90
        5
 70
     0
 43
0.0
 10
71178.22546164362
 20
11097.04920675731
 10
71635.42546164362
 20
11097.04920675731
 10
71635.42546164362
 20
11741.5742067573
 10
71178.22546164362
 20
11741.5742067573
 10
71178.22546164362
 20
11097.04920675731
  0
TEXT
  5
A0
330
17
100
AcDbEntity
  8
NUMBERS
100
AcDbText
 10
71129.01296164362
 20
11379.6242067573
 30
0.0
 40
79.3749999999995
  1
B-a厨房-14
 72
     1
 11
71406.82546164361
 21
11419.3117067573
 31
0.0
100
AcDbText
 73
     2
  0
LWPOLYLINE
  5
A1
330
17
100
AcDbEntity
  8
OUTER
100
AcDbPolyline
 90
        5
 70
     0
 43
0.0
 10
73076.11630989602
 20
11100.20913959722
 10
74911.26630989602
 20
11100.20913959722
 10
74911.26630989602
 20
11744.73413959722
 10
73076.11630989602
 20
11744.73413959722
 10
73076.11630989602
 20
11100.20913959722
  0
TEXT
  5
A2
330
17
100
AcDbEntity
  8
NUMBERS
100
AcDbText
 10
73713.69130989602
 20
11382.47163959722
 30
0.0
 40
80.0
  1
B-a厨房-15
 72
     1
 11
73993.69130989602
 21
11422.47163959722
 31
0.0
100
AcDbText
 73
     2
  0
LWPOLYLINE
  5
A3
330
17
100
AcDbEntity
  8
OUTER
100
AcDbPolyline
 90
        5
 70
     0
 43
0.0
 10
75527.82757794173
 20
11097.04920675731
 10
75985.02757794173
 20
11097.04920675731
 10
75985.02757794173
 20
11741.5742067573
 10
75527.82757794173
 20
11741.5742067573
 10
75527.82757794173
 20
11097.04920675731
  0
TEXT
  5
A4
330
17
100
AcDbEntity
  8
NUMBERS
100
AcDbText
 10
75478.61507794173
 20
11379.6242067573
 30
0.0
 40
79.3749999999995
  1
B-a厨房-16
 72
     1
 11
75756.42757794174
 21
11419.3117067573
 31
0.0
100
AcDbText
 73
     2
  0
LWPOLYLINE
  5
A5
330
17
100
AcDbEntity
  8
OUTER
100
AcDbPolyline
 90
        5
 70
     0
 43
0.0
 10
77596.50839613593
 20
11138.11621951041
 10
79431.65839613594
 20
11138.11621951041
 10
79431.65839613594
 20
11782.6412195104
 10
77596.50839613593
 20
11782.6412195104
 10
77596.50839613593
 20
11138.11621951041
  0
TEXT
  5
A6
330
17
100
AcDbEntity
  8
NUMBERS
100
AcDbText
 10
78234.08339613593
 20
11420.3787195104
 30
0.0
 40
80.0
  1
B-a厨房-17
 72
     1
 11
78514.08339613593
 21
11460.3787195104
 31
0.0
100
AcDbText
 73
     2
  0
LWPOLYLINE
  5
A7
330
17
100
AcDbEntity
  8
OUTER
100
AcDbPolyline
 90
        5
 70
     0
 43
0.0
 10
80048.21966418164
 20
11134.95628667049
 10
80505.41966418164
 20
11134.95628667049
 10
80505.41966418164
 20
11779.48128667049
 10
80048.21966418164
 20
11779.48128667049
 10
80048.21966418164
 20
11134.95628667049
  0
TEXT
  5
A8
330
17
100
AcDbEntity
  8
NUMBERS
100
AcDbText
 10
79999.00716418165
 20
11417.53128667049
 30
0.0
 40
79.3749999999995
  1
B-a厨房-18
 72
     1
 11
80276.81966418164
 21
11457.21878667049
 31
0.0
100
AcDbText
 73
     2
  0
LWPOLYLINE
  5
A9
330
17
100
AcDbEntity
  8
OUTER
100
AcDbPolyline
 90
        5
 70
     0
 43
0.0
 10
81726.99216940054
 20
11138.11621951041
 10
83562.14216940054
 20
11138.11621951041
 10
83562.14216940054
 20
11782.6412195104
 10
81726.99216940054
 20
11782.6412195104
 10
81726.99216940054
 20
11138.11621951041
  0
TEXT
  5
AA
330
17
100
AcDbEntity
  8
NUMBERS
100
AcDbText
 10
82364.56716940052
 20
11420.3787195104
 30
0.0
 40
80.0
  1
B-a厨房-19
 72
     1
 11
82644.56716940053
 21
11460.3787195104
 31
0.0
100
AcDbText
 73
     2
  0
LWPOLYLINE
  5
AB
330
17
100
AcDbEntity
  8
OUTER
100
AcDbPolyline
 90
        5
 70
     0
 43
0.0
 10
84178.70343744626
 20
11134.95628667049
 10
84635.90343744625
 20
11134.95628667049
 10
84635.90343744625
 20
11779.48128667049
 10
84178.70343744626
 20
11779.48128667049
 10
84178.70343744626
 20
11134.95628667049
  0
TEXT
  5
AC
330
17
100
AcDbEntity
  8
NUMBERS
100
AcDbText
 10
84122.87635411292
 20
11417.53128667049
 30
0.0
 40
79.3749999999995
  1
B-a厨房-20
 72
     1
 11
84407.30343744624
 21
11457.21878667049
 31
0.0
100
AcDbText
 73
     2
  0
LWPOLYLINE
  5
AD
330
17
100
AcDbEntity
  8
OUTER
100
AcDbPolyline
 90
        5
 70
     0
 43
0.0
 10
85398.64554702926
 20
11116.89477731945
 10
87233.79554702924
 20
11116.89477731945
 10
87233.79554702924
 20
11761.41977731947
 10
85398.64554702926
 20
11761.41977731947
 10
85398.64554702926
 20
11116.89477731945
  0
TEXT
  5
AE
330
17
100
AcDbEntity
  8
NUMBERS
100
AcDbText
 10
86036.22054702926
 20
11399.15727731946
 30
0.0
 40
80.0
  1
B-a厨房-21
 72
     1
 11
86316.22054702924
 21
11439.15727731946
 31
0.0
100
AcDbText
 73
     2
  0
LWPOLYLINE
  5
AF
330
17
100
AcDbEntity
  8
OUTER
100
AcDbPolyline
 90
        5
 70
     0
 43
0.0
 10
87850.35681507496
 20
11113.73484447953
 10
88307.55681507495
 20
11113.73484447953
 10
88307.55681507495
 20
11758.25984447956
 10
87850.35681507496
 20
11758.25984447956
 10
87850.35681507496
 20
11113.73484447953
  0
TEXT
  5
B0
330
17
100
AcDbEntity
  8
NUMBERS
100
AcDbText
 10
87787.91514840829
 20
11396.30984447955
 30
0.0
 40
79.37499999999698
  1
B-a厨房-22
 72
     1
 11
88078.95681507494
 21
11435.99734447955
 31
0.0
100
AcDbText
 73
     2
  0
LWPOLYLINE
  5
B1
330
17
100
AcDbEntity
  8
OUTER
100
AcDbPolyline
 90
        5
 70
     0
 43
0.0
 10
89171.36260754542
 20
11116.89477731945
 10
91006.51260754544
 20
11116.89477731945
 10
91006.51260754544
 20
11761.41977731947
 10
89171.36260754542
 20
11761.41977731947
 10
89171.36260754542
 20
11116.89477731945
  0
TEXT
  5
B2
330
17
100
AcDbEntity
  8
NUMBERS
100
AcDbText
 10
89795.6042742121
 20
11399.15727731946
 30
0.0
 40
80.0
  1
B-a厨房-23
 72
     1
 11
90088.93760754544
 21
11439.15727731946
 31
0.0
100
AcDbText
 73
     2
  0
LWPOLYLINE
  5
B3
330
17
100
AcDbEntity
  8
OUTER
100
AcDbPolyline
 90
        5
 70
     0
 43
0.0
 10
91623.07387559113
 20
11113.73484447953
 10
92080.27387559113
 20
11113.73484447953
 10
92080.27387559113
 20
11758.25984447956
 10
91623.07387559113
 20
11758.25984447956
 10
91623.07387559113
 20
11113.73484447953
  0
TEXT
  5
B4
330
17
100
AcDbEntity
  8
NUMBERS
100
AcDbText
 10
91560.6322089245
 20
11396.30984447955
 30
0.0
 40
79.3749999999995
  1
B-a厨房-24
 72
     1
 11
91851.67387559117
 21
11435.99734447955
 31
0.0
100
AcDbText
 73
     2
  0
LWPOLYLINE
  5
B5
330
17
100
AcDbEntity
  8
OUTER
100
AcDbPolyline
 90
        5
 70
     0
 43
0.0
 10
93245.32347683932
 20
11116.89477731945
 10
95080.4734768393
 20
11116.89477731945
 10
95080.4734768393
 20
11761.41977731947
 10
93245.32347683932
 20
11761.41977731947
 10
93245.32347683932
 20
11116.89477731945
  0
TEXT
  5
B6
330
17
100
AcDbEntity
  8
NUMBERS
100
AcDbText
 10
93869.56514350599
 20
11399.15727731946
 30
0.0
 40
80.0
  1
B-a厨房-25
 72
     1
 11
94162.8984768393
 21
11439.15727731946
 31
0.0
100
AcDbText
 73
     2
  0
LWPOLYLINE
  5
B7
330
17
100
AcDbEntity
  8
OUTER
100
AcDbPolyline
 90
        5
 70
     0
 43
0.0
 10
95697.03474488504
 20
11113.73484447953
 10
96154.23474488503
 20
11113.73484447953
 10
96154.23474488503
 20
11758.25984447956
 10
95697.03474488504
 20
11758.25984447956
 10
95697.03474488504
 20
11113.73484447953
  0
TEXT
  5
B8
330
17
100
AcDbEntity
  8
NUMBERS
100
AcDbText
 10
95634.59307821837
 20
11396.30984447955
 30
0.0
 40
79.3749999999995
  1
B-a厨房-26
 72
     1
 11
95925.63474488505
 21
11435.99734447955
 31
0.0
100
AcDbText
 73
     2
  0
LWPOLYLINE
  5
B9
330
17
100
AcDbEntity
  8
OUTER
100
AcDbPolyline
 90
        5
 70
     0
 43
0.0
 10
97313.69588165359
 20
11098.95913959722
 10
99148.84588165355
 20
11098.95913959722
 10
99148.84588165355
 20
11743.48413959722
 10
97313.69588165359
 20
11743.48413959722
 10
97313.69588165359
 20
11098.95913959722
  0
TEXT
  5
BA
330
17
100
AcDbEntity
  8
NUMBERS
100
AcDbText
 10
97937.93754832023
 20
11381.22163959722
 30
0.0
 40
80.0
  1
B-a厨房-27
 72
     1
 11
98231.27088165357
 21
11421.22163959722
 31
0.0
100
AcDbText
 73
     2
  0
LWPOLYLINE
  5
BB
330
17
100
AcDbEntity
  8
OUTER
100
AcDbPolyline
 90
        5
 70
     0
 43
0.0
 10
99765.40714969925
 20
11095.7992067573
 10
100222.6071496993
 20
11095.7992067573
 10
100222.6071496993
 20
11740.3242067573
 10
99765.40714969925
 20
11740.3242067573
 10
99765.40714969925
 20
11095.7992067573
  0
TEXT
  5
BC
330
17
100
AcDbEntity
  8
NUMBERS
100
AcDbText
 10
99702.96548303259
 20
11378.3742067573
 30
0.0
 40
79.37500000000707
  1
B-a厨房-28
 72
     1
 11
99994.00714969928
 21
11418.0617067573
 31
0.0
100
AcDbText
 73
     2
  0
LWPOLYLINE
  5
BD
330
17
100
AcDbEntity
  8
OUTER
100
AcDbPolyline
 90
        5
 70
     0
 43
0.0
 10
101847.4085626242
 20
11098.95913959722
 10
103682.5585626242
 20
11098.95913959722
 10
103682.5585626242
 20
11743.48413959722
 10
101847.4085626242
 20
11743.48413959722
 10
101847.4085626242
 20
11098.95913959722
  0
TEXT
  5
BE
330
17
100
AcDbEntity
  8
NUMBERS
100
AcDbText
 10
102471.6502292909
 20
11381.22163959722
 30
0.0
 40
80.0
  1
B-a厨房-29
 72
     1
 11
102764.9835626242
 21
11421.22163959722
 31
0.0
100
AcDbText
 73
     2
  0
LWPOLYLINE
  5
BF
330
17
100
AcDbEntity
  8
OUTER
100
AcDbPolyline
 90
        5
 70
     0
 43
0.0
 10
104299.1198306699
 20
11095.7992067573
 10
104756.3198306699
 20
11095.7992067573
 10
104756.3198306699
 20
11740.3242067573
 10
104299.1198306699
 20
11740.3242067573
 10
104299.1198306699
 20
11095.7992067573
  0
TEXT
  5
C0
330
17
100
AcDbEntity
  8
NUMBERS
100
AcDbText
 10
104243.2927473365
 20
11378.37420675729
 30
0.0
 40
79.37500000000202
  1
B-a厨房-30
 72
     1
 11
104527.7198306699
 21
11418.06170675729
 31
0.0
100
AcDbText
 73
     2
  0
LWPOLYLINE
  5
C1
330
17
100
AcDbEntity
  8
OUTER
100
AcDbPolyline
 90
        5
 70
     0
 43
0.0
 10
106197.0106789223
 20
11098.95913959722
 10
108032.1606789223
 20
11098.95913959722
 10
108032.1606789223
 20
11743.48413959722
 10
106197.0106789223
 20
11743.48413959722
 10
106197.0106789223
 20
11098.95913959722
  0
TEXT
  5
C2
330
17
100
AcDbEntity
  8
NUMBERS
100
AcDbText
 10
106834.5856789223
 20
11381.22163959722
 30
0.0
 40
80.0
  1
B-a厨房-31
 72
     1
 11
107114.5856789222
 21
11421.22163959722
 31
0.0
100
AcDbText
 73
     2
  0
LWPOLYLINE
  5
C3
330
17
100
AcDbEntity
  8
OUTER
100
AcDbPolyline
 90
        5
 70
     0
 43
0.0
 10
108648.721946968
 20
11095.7992067573
 10
109105.921946968
 20
11095.7992067573
 10
109105.921946968
 20
11740.3242067573
 10
108648.721946968
 20
11740.3242067573
 10
108648.721946968
 20
11095.7992067573
  0
TEXT
  5
C4
330
17
100
AcDbEntity
  8
NUMBERS
100
AcDbText
 10
108586.2802803013
 20
11378.3742067573
 30
0.0
 40
79.3749999999995
  1
B-a厨房-32
 72
     1
 11
108877.321946968
 21
11418.0617067573
 31
0.0
100
AcDbText
 73
     2
  0
LWPOLYLINE
  5
C5
330
17
100
AcDbEntity
  8
OUTER
100
AcDbPolyline
 90
        5
 70
     0
 43
0.0
 10
44707.92721206549
 20
10329.55417096946
 10
45654.0772120655
 20
10329.55417096946
 10
45654.0772120655
 20
10431.15417096947
 10
44707.92721206549
 20
10431.15417096947
 10
44707.92721206549
 20
10329.55417096946
  0
TEXT
  5
C6
330
17
100
AcDbEntity
  8
NUMBERS
100
AcDbText
 10
45071.0022120655
 20
10365.35417096946
 30
0.0
 40
30.0
  1
B-a厨房-33
 72
     1
 11
45181.0022120655
 21
10380.35417096946
 31
0.0
100
AcDbText
 73
     2
  0
LWPOLYLINE
  5
C7
330
17
100
AcDbEntity
  8
OUTER
100
AcDbPolyline
 90
        5
 70
     0
 43
0.0
 10
48838.41098533009
 20
10329.55417096946
 10
49784.56098533009
 20
10329.55417096946
 10
49784.56098533009
 20
10431.15417096947
 10
48838.41098533009
 20
10431.15417096947
 10
48838.41098533009
 20
10329.55417096946
  0
TEXT
  5
C8
330
17
100
AcDbEntity
  8
NUMBERS
100
AcDbText
 10
49201.4859853301
 20
10365.35417096946
 30
0.0
 40
30.0
  1
B-a厨房-34
 72
     1
 11
49311.4859853301
 21
10380.35417096946
 31
0.0
100
AcDbText
 73
     2
  0
LWPOLYLINE
  5
C9
330
17
100
AcDbEntity
  8
OUTER
100
AcDbPolyline
 90
        5
 70
     0
 43
0.0
 10
52510.06436295881
 20
10308.3327287785
 10
53456.21436295881
 20
10308.3327287785
 10
53456.21436295881
 20
10409.93272877851
 10
52510.06436295881
 20
10409.93272877851
 10
52510.06436295881
 20
10308.3327287785
  0
TEXT
  5
CA
330
17
100
AcDbEntity
  8
NUMBERS
100
AcDbText
 10
52873.1393629588
 20
10344.1327287785
 30
0.0
 40
30.0
  1
B-a厨房-35
 72
     1
 11
52983.13936295881
 21
10359.1327287785
 31
0.0
100
AcDbText
 73
     2
  0
LWPOLYLINE
  5
CB
330
17
100
AcDbEntity
  8
OUTER
100
AcDbPolyline
 90
        5
 70
     0
 43
0.0
 10
56282.78142347499
 20
10308.3327287785
 10
57228.931423475
 20
10308.3327287785
 10
57228.931423475
 20
10409.93272877851
 10
56282.78142347499
 20
10409.93272877851
 10
56282.78142347499
 20
10308.3327287785
  0
TEXT
  5
CC
330
17
100
AcDbEntity
  8
NUMBERS
100
AcDbText
 10
56645.85642347499
 20
10344.1327287785
 30
0.0
 40
30.0
  1
B-a厨房-36
 72
     1
 11
56755.85642347499
 21
10359.1327287785
 31
0.0
100
AcDbText
 73
     2
  0
LWPOLYLINE
  5
CD
330
17
100
AcDbEntity
  8
OUTER
100
AcDbPolyline
 90
        5
 70
     0
 43
0.0
 10
60356.74229276889
 20
10308.3327287785
 10
61302.89229276888
 20
10308.3327287785
 10
61302.89229276888
 20
10409.93272877851
 10
60356.74229276889
 20
10409.93272877851
 10
60356.74229276889
 20
10308.3327287785
  0
TEXT
  5
CE
330
17
100
AcDbEntity
  8
NUMBERS
100
AcDbText
 10
60719.81729276888
 20
10344.1327287785
 30
0.0
 40
30.0
  1
B-a厨房-37
 72
     1
 11
60829.81729276888
 21
10359.1327287785
 31
0.0
100
AcDbText
 73
     2
  0
LWPOLYLINE
  5
CF
330
17
100
AcDbEntity
  8
OUTER
100
AcDbPolyline
 90
        5
 70
     0
 43
0.0
 10
64425.11469758312
 20
10290.39709105628
 10
65371.26469758312
 20
10290.39709105628
 10
65371.26469758312
 20
10391.99709105628
 10
64425.11469758312
 20
10391.99709105628
 10
64425.11469758312
 20
10290.39709105628
  0
TEXT
  5
D0
330
17
100
AcDbEntity
  8
NUMBERS
100
AcDbText
 10
64788.18969758313
 20
10326.19709105628
 30
0.0
 40
30.0
  1
B-a厨房-38
 72
     1
 11
64898.18969758313
 21
10341.19709105628
 31
0.0
100
AcDbText
 73
     2
  0
LWPOLYLINE
  5
D1
330
17
100
AcDbEntity
  8
OUTER
100
AcDbPolyline
 90
        5
 70
     0
 43
0.0
 10
68958.82737855377
 20
10290.39709105628
 10
69904.97737855378
 20
10290.39709105628
 10
69904.97737855378
 20
10391.99709105628
 10
68958.82737855377
 20
10391.99709105628
 10
68958.82737855377
 20
10290.39709105628
  0
TEXT
  5
D2
330
17
100
AcDbEntity
  8
NUMBERS
100
AcDbText
 10
69321.90237855379
 20
10326.19709105628
 30
0.0
 40
30.0
  1
B-a厨房-39
 72
     1
 11
69431.90237855379
 21
10341.19709105628
 31
0.0
100
AcDbText
 73
     2
  0
LWPOLYLINE
  5
D3
330
17
100
AcDbEntity
  8
OUTER
100
AcDbPolyline
 90
        5
 70
     0
 43
0.0
 10
73308.42949485191
 20
10290.39709105628
 10
74254.57949485188
 20
10290.39709105628
 10
74254.57949485188
 20
10391.99709105628
 10
73308.42949485191
 20
10391.99709105628
 10
73308.42949485191
 20
10290.39709105628
  0
TEXT
  5
D4
330
17
100
AcDbEntity
  8
NUMBERS
100
AcDbText
 10
73674.00449485191
 20
10326.19709105628
 30
0.0
 40
30.0
  1
B-a厨房-40
 72
     1
 11
73781.50449485191
 21
10341.19709105628
 31
0.0
100
AcDbText
 73
     2
  0
LWPOLYLINE
  5
D5
330
17
100
AcDbEntity
  8
OUTER
100
AcDbPolyline
 90
        5
 70
     0
 43
0.0
 10
77828.82158109178
 20
10328.30417096946
 10
78774.97158109179
 20
10328.30417096946
 10
78774.97158109179
 20
10429.90417096947
 10
77828.82158109178
 20
10429.90417096947
 10
77828.82158109178
 20
10328.30417096946
  0
TEXT
  5
D6
330
17
100
AcDbEntity
  8
NUMBERS
100
AcDbText
 10
78196.89658109179
 20
10364.10417096946
 30
0.0
 40
30.0
  1
B-a厨房-41
 72
     1
 11
78301.89658109179
 21
10379.10417096946
 31
0.0
100
AcDbText
 73
     2
  0
LWPOLYLINE
  5
D7
330
17
100
AcDbEntity
  8
OUTER
100
AcDbPolyline
 90
        5
 70
     0
 43
0.0
 10
81959.30535435643
 20
10328.30417096946
 10
82905.45535435642
 20
10328.30417096946
 10
82905.45535435642
 20
10429.90417096947
 10
81959.30535435643
 20
10429.90417096947
 10
81959.30535435643
 20
10328.30417096946
  0
TEXT
  5
D8
330
17
100
AcDbEntity
  8
NUMBERS
100
AcDbText
 10
82322.38035435642
 20
10364.10417096946
 30
0.0
 40
30.0
  1
B-a厨房-42
 72
     1
 11
82432.38035435641
 21
10379.10417096946
 31
0.0
100
AcDbText
 73
     2
  0
LWPOLYLINE
  5
D9
330
17
100
AcDbEntity
  8
OUTER
100
AcDbPolyline
 90
        5
 70
     0
 43
0.0
 10
85630.95873198513
 20
10307.0827287785
 10
86577.10873198514
 20
10307.0827287785
 10
86577.10873198514
 20
10408.68272877851
 10
85630.95873198513
 20
10408.68272877851
 10
85630.95873198513
 20
10307.0827287785
  0
TEXT
  5
DA
330
17
100
AcDbEntity
  8
NUMBERS
100
AcDbText
 10
85994.03373198514
 20
10342.8827287785
 30
0.0
 40
30.0
  1
B-a厨房-43
 72
     1
 11
86104.03373198513
 21
10357.8827287785
 31
0.0
100
AcDbText
 73
     2
  0
LWPOLYLINE
  5
DB
330
17
100
AcDbEntity
  8
OUTER
100
AcDbPolyline
 90
        5
 70
     0
 43
0.0
 10
89403.6757925013
 20
10307.0827287785
 10
90349.82579250133
 20
10307.0827287785
 10
90349.82579250133
 20
10408.68272877851
 10
89403.6757925013
 20
10408.68272877851
 10
89403.6757925013
 20
10307.0827287785
  0
TEXT
  5
DC
330
17
100
AcDbEntity
  8
NUMBERS
100
AcDbText
 10
89766.7507925013
 20
10342.8827287785
 30
0.0
 40
30.0
  1
B-a厨房-44
 72
     1
 11
89876.75079250131
 21
10357.8827287785
 31
0.0
100
AcDbText
 73
     2
  0
LWPOLYLINE
  5
DD
330
17
100
AcDbEntity
  8
OUTER
100
AcDbPolyline
 90
        5
 70
     0
 43
0.0
 10
93477.6366617952
 20
10307.0827287785
 10
94423.7866617952
 20
10307.0827287785
 10
94423.7866617952
 20
10408.68272877851
 10
93477.6366617952
 20
10408.68272877851
 10
93477.6366617952
 20
10307.0827287785
  0
TEXT
  5
DE
330
17
100
AcDbEntity
  8
NUMBERS
100
AcDbText
 10
93840.7116617952
 20
10342.8827287785
 30
0.0
 40
30.0
  1
B-a厨房-45
 72
     1
 11
93950.71166179519
 21
10357.8827287785
 31
0.0
100
AcDbText
 73
     2
  0
LWPOLYLINE
  5
DF
330
17
100
AcDbEntity
  8
OUTER
100
AcDbPolyline
 90
        5
 70
     0
 43
0.0
 10
97546.00906660943
 20
10289.14709105628
 10
98492.15906660942
 20
10289.14709105628
 10
98492.15906660942
 20
10390.74709105628
 10
97546.00906660943
 20
10390.74709105628
 10
97546.00906660943
 20
10289.14709105628
  0
TEXT
  5
E0
330
17
100
AcDbEntity
  8
NUMBERS
100
AcDbText
 10
97909.08406660943
 20
10324.94709105628
 30
0.0
 40
30.0
  1
B-a厨房-46
 72
     1
 11
98019.08406660944
 21
10339.94709105628
 31
0.0
100
AcDbText
 73
     2
  0
LWPOLYLINE
  5
E1
330
17
100
AcDbEntity
  8
OUTER
100
AcDbPolyline
 90
        5
 70
     0
 43
0.0
 10
102079.7217475801
 20
10289.14709105628
 10
103025.8717475801
 20
10289.14709105628
 10
103025.8717475801
 20
10390.74709105628
 10
102079.7217475801
 20
10390.74709105628
 10
102079.7217475801
 20
10289.14709105628
  0
TEXT
  5
E2
330
17
100
AcDbEntity
  8
NUMBERS
100
AcDbText
 10
102442.7967475801
 20
10324.94709105628
 30
0.0
 40
30.0
  1
B-a厨房-47
 72
     1
 11
102552.7967475801
 21
10339.94709105628
 31
0.0
100
AcDbText
 73
     2
  0
LWPOLYLINE
  5
E3
330
17
100
AcDbEntity
  8
OUTER
100
AcDbPolyline
 90
        5
 70
     0
 43
0.0
 10
106429.3238638782
 20
10289.14709105628
 10
107375.4738638782
 20
10289.14709105628
 10
107375.4738638782
 20
10390.74709105628
 10
106429.3238638782
 20
10390.74709105628
 10
106429.3238638782
 20
10289.14709105628
  0
TEXT
  5
E4
330
17
100
AcDbEntity
  8
NUMBERS
100
AcDbText
 10
106792.3988638782
 20
10324.94709105628
 30
0.0
 40
30.0
  1
B-a厨房-48
 72
     1
 11
106902.3988638782
 21
10339.94709105628
 31
0.0
100
AcDbText
 73
     2
  0
LWPOLYLINE
  5
E5
330
17
100
AcDbEntity
  8
OUTER
100
AcDbPolyline
 90
        5
 70
     0
 43
0.0
 10
44803.86856801058
 20
4762.354151216874
 10
45750.01856801058
 20
4762.354151216874
 10
45750.01856801058
 20
5351.316651216883
 10
44803.86856801058
 20
5351.316651216883
 10
44803.86856801058
 20
4762.354151216874
  0
TEXT
  5
E6
330
17
100
AcDbEntity
  8
NUMBERS
100
AcDbText
 10
44956.94356801059
 20
5016.835401216878
 30
0.0
 40
80.0
  1
B1主人卫生间-01
 72
     1
 11
45276.94356801059
 21
5056.835401216878
 31
0.0
100
AcDbText
 73
     2
  0
LWPOLYLINE
  5
E7
330
17
100
AcDbEntity
  8
OUTER
100
AcDbPolyline
 90
        5
 70
     0
 43
0.0
 10
46094.20597757172
 20
4762.922026562693
 10
46195.80597757172
 20
4762.922026562693
 10
46195.80597757172
 20
5351.884526562702
 10
46094.20597757172
 20
5351.884526562702
 10
46094.20597757172
 20
4762.922026562693
  0
TEXT
  5
E8
330
17
100
AcDbEntity
  8
NUMBERS
100
AcDbText
 10
46086.20968127542
 20
5050.347721007142
 30
0.0
 40
14.11111111111091
  1
B1主人卫生间-02
 72
     1
 11
46145.00597757172
 21
5057.403276562697
 31
0.0
100
AcDbText
 73
     2
  0
LWPOLYLINE
  5
E9
330
17
100
AcDbEntity
  8
OUTER
100
AcDbPolyline
 90
        5
 70
     0
 43
0.0
 10
49320.82640929786
 20
4762.354151216874
 10
50266.97640929786
 20
4762.354151216874
 10
50266.97640929786
 20
5351.316651216883
 10
49320.82640929786
 20
5351.316651216883
 10
49320.82640929786
 20
4762.354151216874
  0
TEXT
  5
EA
330
17
100
AcDbEntity
  8
NUMBERS
100
AcDbText
 10
49460.56807596452
 20
5016.835401216878
 30
0.0
 40
80.0
  1
B1主人卫生间-03
 72
     1
 11
49793.90140929785
 21
5056.835401216878
 31
0.0
100
AcDbText
 73
     2
  0
LWPOLYLINE
  5
EB
330
17
100
AcDbEntity
  8
OUTER
100
AcDbPolyline
 90
        5
 70
     0
 43
0.0
 10
50611.16381885901
 20
4762.922026562693
 10
50712.76381885901
 20
4762.922026562693
 10
50712.76381885901
 20
5351.884526562702
 10
50611.16381885901
 20
5351.884526562702
 10
50611.16381885901
 20
4762.922026562693
  0
TEXT
  5
EC
330
17
100
AcDbEntity
  8
NUMBERS
100
AcDbText
 10
50603.16752256271
 20
5050.347721007142
 30
0.0
 40
14.11111111111192
  1
B1主人卫生间-04
 72
     1
 11
50661.96381885901
 21
5057.403276562698
 31
0.0
100
AcDbText
 73
     2
  0
LWPOLYLINE
  5
ED
330
17
100
AcDbEntity
  8
OUTER
100
AcDbPolyline
 90
        5
 70
     0
 43
0.0
 10
53542.92668754082
 20
4762.354151216874
 10
54489.07668754082
 20
4762.354151216874
 10
54489.07668754082
 20
5351.316651216883
 10
53542.92668754082
 20
5351.316651216883
 10
53542.92668754082
 20
4762.354151216874
  0
TEXT
  5
EE
330
17
100
AcDbEntity
  8
NUMBERS
100
AcDbText
 10
53682.66835420748
 20
5016.835401216878
 30
0.0
 40
80.0
  1
B1主人卫生间-05
 72
     1
 11
54016.00168754081
 21
5056.835401216878
 31
0.0
100
AcDbText
 73
     2
  0
LWPOLYLINE
  5
EF
330
17
100
AcDbEntity
  8
OUTER
100
AcDbPolyline
 90
        5
 70
     0
 43
0.0
 10
54833.26409710197
 20
4762.922026562693
 10
54934.86409710197
 20
4762.922026562693
 10
54934.86409710197
 20
5351.884526562702
 10
54833.26409710197
 20
5351.884526562702
 10
54833.26409710197
 20
4762.922026562693
  0
TEXT
  5
F0
330
17
100
AcDbEntity
  8
NUMBERS
100
AcDbText
 10
54825.26780080569
 20
5050.347721007142
 30
0.0
 40
14.11111111111091
  1
B1主人卫生间-06
 72
     1
 11
54884.06409710198
 21
5057.403276562697
 31
0.0
100
AcDbText
 73
     2
  0
LWPOLYLINE
  5
F1
330
17
100
AcDbEntity
  8
OUTER
100
AcDbPolyline
 90
        5
 70
     0
 43
0.0
 10
58319.29945679531
 20
4762.354151216874
 10
59265.44945679531
 20
4762.354151216874
 10
59265.44945679531
 20
5351.316651216883
 10
58319.29945679531
 20
5351.316651216883
 10
58319.29945679531
 20
4762.354151216874
  0
TEXT
  5
F2
330
17
100
AcDbEntity
  8
NUMBERS
100
AcDbText
 10
58459.04112346198
 20
5016.835401216878
 30
0.0
 40
80.0
  1
B1主人卫生间-07
 72
     1
 11
58792.37445679531
 21
5056.835401216878
 31
0.0
100
AcDbText
 73
     2
  0
LWPOLYLINE
  5
F3
330
17
100
AcDbEntity
  8
OUTER
100
AcDbPolyline
 90
        5
 70
     0
 43
0.0
 10
59609.63686635646
 20
4762.922026562693
 10
59711.23686635646
 20
4762.922026562693
 10
59711.23686635646
 20
5351.884526562702
 10
59609.63686635646
 20
5351.884526562702
 10
59609.63686635646
 20
4762.922026562693
  0
TEXT
  5
F4
330
17
100
AcDbEntity
  8
NUMBERS
100
AcDbText
 10
59601.64057006017
 20
5050.347721007142
 30
0.0
 40
14.11111111111192
  1
B1主人卫生间-08
 72
     1
 11
59660.43686635647
 21
5057.403276562698
 31
0.0
100
AcDbText
 73
     2
  0
LWPOLYLINE
  5
F5
330
17
100
AcDbEntity
  8
OUTER
100
AcDbPolyline
 90
        5
 70
     0
 43
0.0
 10
62999.90856437069
 20
4762.354151216874
 10
63946.0585643707
 20
4762.354151216874
 10
63946.0585643707
 20
5351.316651216883
 10
62999.90856437069
 20
5351.316651216883
 10
62999.90856437069
 20
4762.354151216874
  0
TEXT
  5
F6
330
17
100
AcDbEntity
  8
NUMBERS
100
AcDbText
 10
63139.65023103735
 20
5016.835401216878
 30
0.0
 40
80.0
  1
B1主人卫生间-09
 72
     1
 11
63472.98356437068
 21
5056.835401216878
 31
0.0
100
AcDbText
 73
     2
  0
LWPOLYLINE
  5
F7
330
17
100
AcDbEntity
  8
OUTER
100
AcDbPolyline
 90
        5
 70
     0
 43
0.0
 10
64290.24597393183
 20
4762.922026562693
 10
64391.84597393183
 20
4762.922026562693
 10
64391.84597393183
 20
5351.884526562702
 10
64290.24597393183
 20
5351.884526562702
 10
64290.24597393183
 20
4762.922026562693
  0
TEXT
  5
F8
330
17
100
AcDbEntity
  8
NUMBERS
100
AcDbText
 10
64284.60152948739
 20
5050.347721007142
 30
0.0
 40
14.11111111111192
  1
B1主人卫生间-10
 72
     1
 11
64341.04597393184
 21
5057.403276562698
 31
0.0
100
AcDbText
 73
     2
  0
LWPOLYLINE
  5
F9
330
17
100
AcDbEntity
  8
OUTER
100
AcDbPolyline
 90
        5
 70
     0
 43
0.0
 10
68299.44110428872
 20
4762.354151216874
 10
69245.59110428871
 20
4762.354151216874
 10
69245.59110428871
 20
5351.316651216883
 10
68299.44110428872
 20
5351.316651216883
 10
68299.44110428872
 20
4762.354151216874
  0
TEXT
  5
FA
330
17
100
AcDbEntity
  8
NUMBERS
100
AcDbText
 10
68459.18277095539
 20
5016.835401216878
 30
0.0
 40
80.0
  1
B1主人卫生间-11
 72
     1
 11
68772.51610428872
 21
5056.835401216878
 31
0.0
100
AcDbText
 73
     2
  0
LWPOLYLINE
  5
FB
330
17
100
AcDbEntity
  8
OUTER
100
AcDbPolyline
 90
        5
 70
     0
 43
0.0
 10
69589.77851384987
 20
4762.922026562693
 10
69691.37851384988
 20
4762.922026562693
 10
69691.37851384988
 20
5351.884526562702
 10
69589.77851384987
 20
5351.884526562702
 10
69589.77851384987
 20
4762.922026562693
  0
TEXT
  5
FC
330
17
100
AcDbEntity
  8
NUMBERS
100
AcDbText
 10
69582.95814347949
 20
5050.347721007142
 30
0.0
 40
14.11111111111192
  1
B1主人卫生间-12
 72
     1
 11
69640.57851384987
 21
5057.403276562698
 31
0.0
100
AcDbText
 73
     2
  0
LWPOLYLINE
  5
FD
330
17
100
AcDbEntity
  8
OUTER
100
AcDbPolyline
 90
        5
 70
     0
 43
0.0
 10
56429.63794516612
 20
2427.775452820061
 10
56886.83794516611
 20
2427.775452820061
 10
56886.83794516611
 20
3072.300452820055
 10
56429.63794516612
 20
3072.300452820055
 10
56429.63794516612
 20
2427.775452820061
  0
TEXT
  5
FE
330
17
100
AcDbEntity
  8
NUMBERS
100
AcDbText
 10
56398.94627849946
 20
2718.28795282006
 30
0.0
 40
63.4999999999986
  1
B1主人卫生间-13
 72
     1
 11
56658.23794516612
 21
2750.037952820059
 31
0.0
100
AcDbText
 73
     2
  0
LWPOLYLINE
  5
FF
330
17
100
AcDbEntity
  8
OUTER
100
AcDbPolyline
 90
        5
 70
     0
 43
0.0
 10
61400.37035078651
 20
2427.775452820061
 10
61857.57035078651
 20
2427.775452820061
 10
61857.57035078651
 20
3072.300452820055
 10
61400.37035078651
 20
3072.300452820055
 10
61400.37035078651
 20
2427.775452820061
  0
TEXT
  5
100
330
17
100
AcDbEntity
  8
NUMBERS
100
AcDbText
 10
61369.67868411984
 20
2718.287952820058
 30
0.0
 40
63.50000000000061
  1
B1主人卫生间-14
 72
     1
 11
61628.97035078651
 21
2750.037952820058
 31
0.0
100
AcDbText
 73
     2
  0
LWPOLYLINE
  5
101
330
17
100
AcDbEntity
  8
OUTER
100
AcDbPolyline
 90
        5
 70
     0
 43
0.0
 10
66315.12492436779
 20
2427.775452820061
 10
66772.32492436778
 20
2427.775452820061
 10
66772.32492436778
 20
3072.300452820055
 10
66315.12492436779
 20
3072.300452820055
 10
66315.12492436779
 20
2427.775452820061
  0
TEXT
  5
102
330
17
100
AcDbEntity
  8
NUMBERS
100
AcDbText
 10
66284.43325770113
 20
2718.287952820057
 30
0.0
 40
63.4999999999996
  1
B1主人卫生间-15
 72
     1
 11
66543.72492436781
 21
2750.037952820057
 31
0.0
100
AcDbText
 73
     2
  0
LWPOLYLINE
  5
103
330
17
100
AcDbEntity
  8
OUTER
100
AcDbPolyline
 90
        5
 70
     0
 43
0.0
 10
44571.55538305471
 20
6461.477289516364
 10
46406.70538305471
 20
6461.477289516364
 10
46406.70538305471
 20
7106.002289516357
 10
44571.55538305471
 20
7106.002289516357
 10
44571.55538305471
 20
6461.477289516364
  0
TEXT
  5
104
330
17
100
AcDbEntity
  8
NUMBERS
100
AcDbText
 10
45269.13038305472
 20
6743.73978951636
 30
0.0
 40
80.0
  1
B1厨房-01
 72
     1
 11
45489.13038305472
 21
6783.739789516359
 31
0.0
100
AcDbText
 73
     2
  0
LWPOLYLINE
  5
105
330
17
100
AcDbEntity
  8
OUTER
100
AcDbPolyline
 90
        5
 70
     0
 43
0.0
 10
47023.26665110041
 20
6458.317356676445
 10
47480.46665110042
 20
6458.317356676445
 10
47480.46665110042
 20
7102.84235667644
 10
47023.26665110041
 20
7102.84235667644
 10
47023.26665110041
 20
6458.317356676445
  0
TEXT
  5
106
330
17
100
AcDbEntity
  8
NUMBERS
100
AcDbText
 10
47018.53331776708
 20
6740.579856676442
 30
0.0
 40
80.0
  1
B1厨房-02
 72
     1
 11
47251.86665110041
 21
6780.579856676443
 31
0.0
100
AcDbText
 73
     2
  0
LWPOLYLINE
  5
107
330
17
100
AcDbEntity
  8
OUTER
100
AcDbPolyline
 90
        5
 70
     0
 43
0.0
 10
49088.51322434199
 20
6461.477289516364
 10
50923.66322434199
 20
6461.477289516364
 10
50923.66322434199
 20
7106.002289516357
 10
49088.51322434199
 20
7106.002289516357
 10
49088.51322434199
 20
6461.477289516364
  0
TEXT
  5
108
330
17
100
AcDbEntity
  8
NUMBERS
100
AcDbText
 10
49772.75489100866
 20
6743.73978951636
 30
0.0
 40
80.0
  1
B1厨房-03
 72
     1
 11
50006.08822434199
 21
6783.739789516359
 31
0.0
100
AcDbText
 73
     2
  0
LWPOLYLINE
  5
109
330
17
100
AcDbEntity
  8
OUTER
100
AcDbPolyline
 90
        5
 70
     0
 43
0.0
 10
51540.22449238769
 20
6458.317356676445
 10
51997.4244923877
 20
6458.317356676445
 10
51997.4244923877
 20
7102.84235667644
 10
51540.22449238769
 20
7102.84235667644
 10
51540.22449238769
 20
6458.317356676445
  0
TEXT
  5
10A
330
17
100
AcDbEntity
  8
NUMBERS
100
AcDbText
 10
51535.49115905435
 20
6740.579856676442
 30
0.0
 40
80.0
  1
B1厨房-04
 72
     1
 11
51768.82449238768
 21
6780.579856676443
 31
0.0
100
AcDbText
 73
     2
  0
LWPOLYLINE
  5
10B
330
17
100
AcDbEntity
  8
OUTER
100
AcDbPolyline
 90
        5
 70
     0
 43
0.0
 10
53310.61350258495
 20
6461.477289516364
 10
55145.76350258495
 20
6461.477289516364
 10
55145.76350258495
 20
7106.002289516357
 10
53310.61350258495
 20
7106.002289516357
 10
53310.61350258495
 20
6461.477289516364
  0
TEXT
  5
10C
330
17
100
AcDbEntity
  8
NUMBERS
100
AcDbText
 10
53994.8551692516
 20
6743.73978951636
 30
0.0
 40
80.0
  1
B1厨房-05
 72
     1
 11
54228.18850258494
 21
6783.739789516359
 31
0.0
100
AcDbText
 73
     2
  0
LWPOLYLINE
  5
10D
330
17
100
AcDbEntity
  8
OUTER
100
AcDbPolyline
 90
        5
 70
     0
 43
0.0
 10
55762.32477063065
 20
6458.317356676445
 10
56219.52477063065
 20
6458.317356676445
 10
56219.52477063065
 20
7102.84235667644
 10
55762.32477063065
 20
7102.84235667644
 10
55762.32477063065
 20
6458.317356676445
  0
TEXT
  5
10E
330
17
100
AcDbEntity
  8
NUMBERS
100
AcDbText
 10
55757.59143729732
 20
6740.579856676442
 30
0.0
 40
80.0
  1
B1厨房-06
 72
     1
 11
55990.92477063066
 21
6780.579856676443
 31
0.0
100
AcDbText
 73
     2
  0
LWPOLYLINE
  5
10F
330
17
100
AcDbEntity
  8
OUTER
100
AcDbPolyline
 90
        5
 70
     0
 43
0.0
 10
58086.98627183943
 20
6461.477289516364
 10
59922.13627183943
 20
6461.477289516364
 10
59922.13627183943
 20
7106.002289516357
 10
58086.98627183943
 20
7106.002289516357
 10
58086.98627183943
 20
6461.477289516364
  0
TEXT
  5
110
330
17
100
AcDbEntity
  8
NUMBERS
100
AcDbText
 10
58771.2279385061
 20
6743.73978951636
 30
0.0
 40
80.0
  1
B1厨房-07
 72
     1
 11
59004.56127183943
 21
6783.739789516359
 31
0.0
100
AcDbText
 73
     2
  0
LWPOLYLINE
  5
111
330
17
100
AcDbEntity
  8
OUTER
100
AcDbPolyline
 90
        5
 70
     0
 43
0.0
 10
60538.69753988514
 20
6458.317356676445
 10
60995.89753988515
 20
6458.317356676445
 10
60995.89753988515
 20
7102.84235667644
 10
60538.69753988514
 20
7102.84235667644
 10
60538.69753988514
 20
6458.317356676445
  0
TEXT
  5
112
330
17
100
AcDbEntity
  8
NUMBERS
100
AcDbText
 10
60533.9642065518
 20
6740.579856676442
 30
0.0
 40
80.0
  1
B1厨房-08
 72
     1
 11
60767.29753988513
 21
6780.579856676443
 31
0.0
100
AcDbText
 73
     2
  0
LWPOLYLINE
  5
113
330
17
100
AcDbEntity
  8
OUTER
100
AcDbPolyline
 90
        5
 70
     0
 43
0.0
 10
62767.59537941482
 20
6461.477289516364
 10
64602.74537941482
 20
6461.477289516364
 10
64602.74537941482
 20
7106.002289516357
 10
62767.59537941482
 20
7106.002289516357
 10
62767.59537941482
 20
6461.477289516364
  0
TEXT
  5
114
330
17
100
AcDbEntity
  8
NUMBERS
100
AcDbText
 10
63451.83704608149
 20
6743.73978951636
 30
0.0
 40
80.0
  1
B1厨房-09
 72
     1
 11
63685.17037941482
 21
6783.739789516359
 31
0.0
100
AcDbText
 73
     2
  0
LWPOLYLINE
  5
115
330
17
100
AcDbEntity
  8
OUTER
100
AcDbPolyline
 90
        5
 70
     0
 43
0.0
 10
65219.30664746053
 20
6458.317356676445
 10
65676.50664746053
 20
6458.317356676445
 10
65676.50664746053
 20
7102.84235667644
 10
65219.30664746053
 20
7102.84235667644
 10
65219.30664746053
 20
6458.317356676445
  0
TEXT
  5
116
330
17
100
AcDbEntity
  8
NUMBERS
100
AcDbText
 10
65227.90664746053
 20
6740.579856676442
 30
0.0
 40
80.0
  1
B1厨房-10
 72
     1
 11
65447.90664746052
 21
6780.579856676443
 31
0.0
100
AcDbText
 73
     2
  0
LWPOLYLINE
  5
117
330
17
100
AcDbEntity
  8
OUTER
100
AcDbPolyline
 90
        5
 70
     0
 43
0.0
 10
68067.12791933285
 20
6461.477289516364
 10
69902.27791933286
 20
6461.477289516364
 10
69902.27791933286
 20
7106.002289516357
 10
68067.12791933285
 20
7106.002289516357
 10
68067.12791933285
 20
6461.477289516364
  0
TEXT
  5
118
330
17
100
AcDbEntity
  8
NUMBERS
100
AcDbText
 10
68771.36958599952
 20
6743.739789516358
 30
0.0
 40
80.0
  1
B1厨房-11
 72
     1
 11
68984.70291933285
 21
6783.739789516359
 31
0.0
100
AcDbText
 73
     2
  0
LWPOLYLINE
  5
119
330
17
100
AcDbEntity
  8
OUTER
100
AcDbPolyline
 90
        5
 70
     0
 43
0.0
 10
70518.83918737856
 20
6458.317356676445
 10
70976.03918737857
 20
6458.317356676445
 10
70976.03918737857
 20
7102.84235667644
 10
70518.83918737856
 20
7102.84235667644
 10
70518.83918737856
 20
6458.317356676445
  0
TEXT
  5
11A
330
17
100
AcDbEntity
  8
NUMBERS
100
AcDbText
 10
70520.77252071189
 20
6740.579856676442
 30
0.0
 40
80.0
  1
B1厨房-12
 72
     1
 11
70747.43918737857
 21
6780.579856676443
 31
0.0
100
AcDbText
 73
     2
  0
LWPOLYLINE
  5
11B
330
17
100
AcDbEntity
  8
OUTER
100
AcDbPolyline
 90
        5
 70
     0
 43
0.0
 10
44803.86856801058
 20
5651.665240975401
 10
45750.01856801058
 20
5651.665240975401
 10
45750.01856801058
 20
5753.265240975409
 10
44803.86856801058
 20
5753.265240975409
 10
44803.86856801058
 20
5651.665240975401
  0
TEXT
  5
11C
330
17
100
AcDbEntity
  8
NUMBERS
100
AcDbText
 10
45191.94356801057
 20
5687.465240975406
 30
0.0
 40
30.0
  1
B1厨房-13
 72
     1
 11
45276.94356801057
 21
5702.465240975406
 31
0.0
100
AcDbText
 73
     2
  0
LWPOLYLINE
  5
11D
330
17
100
AcDbEntity
  8
OUTER
100
AcDbPolyline
 90
        5
 70
     0
 43
0.0
 10
49320.82640929786
 20
5651.665240975401
 10
50266.97640929786
 20
5651.665240975401
 10
50266.97640929786
 20
5753.265240975409
 10
49320.82640929786
 20
5753.265240975409
 10
49320.82640929786
 20
5651.665240975401
  0
TEXT
  5
11E
330
17
100
AcDbEntity
  8
NUMBERS
100
AcDbText
 10
49708.90140929785
 20
5687.465240975406
 30
0.0
 40
30.0
  1
B1厨房-14
 72
     1
 11
49793.90140929785
 21
5702.465240975406
 31
0.0
100
AcDbText
 73
     2
  0
LWPOLYLINE
  5
11F
330
17
100
AcDbEntity
  8
OUTER
100
AcDbPolyline
 90
        5
 70
     0
 43
0.0
 10
53542.92668754082
 20
5651.665240975401
 10
54489.07668754082
 20
5651.665240975401
 10
54489.07668754082
 20
5753.265240975409
 10
53542.92668754082
 20
5753.265240975409
 10
53542.92668754082
 20
5651.665240975401
  0
TEXT
  5
120
330
17
100
AcDbEntity
  8
NUMBERS
100
AcDbText
 10
53931.00168754082
 20
5687.465240975406
 30
0.0
 40
30.0
  1
B1厨房-15
 72
     1
 11
54016.00168754081
 21
5702.465240975406
 31
0.0
100
AcDbText
 73
     2
  0
LWPOLYLINE
  5
121
330
17
100
AcDbEntity
  8
OUTER
100
AcDbPolyline
 90
        5
 70
     0
 43
0.0
 10
58319.29945679531
 20
5651.665240975401
 10
59265.44945679531
 20
5651.665240975401
 10
59265.44945679531
 20
5753.265240975409
 10
58319.29945679531
 20
5753.265240975409
 10
58319.29945679531
 20
5651.665240975401
  0
TEXT
  5
122
330
17
100
AcDbEntity
  8
NUMBERS
100
AcDbText
 10
58707.3744567953
 20
5687.465240975406
 30
0.0
 40
30.0
  1
B1厨房-16
 72
     1
 11
58792.3744567953
 21
5702.465240975406
 31
0.0
100
AcDbText
 73
     2
  0
LWPOLYLINE
  5
123
330
17
100
AcDbEntity
  8
OUTER
100
AcDbPolyline
 90
        5
 70
     0
 43
0.0
 10
62999.90856437069
 20
5651.665240975401
 10
63946.0585643707
 20
5651.665240975401
 10
63946.0585643707
 20
5753.265240975409
 10
62999.90856437069
 20
5753.265240975409
 10
62999.90856437069
 20
5651.665240975401
  0
TEXT
  5
124
330
17
100
AcDbEntity
  8
NUMBERS
100
AcDbText
 10
63387.98356437071
 20
5687.465240975406
 30
0.0
 40
30.0
  1
B1厨房-17
 72
     1
 11
63472.98356437071
 21
5702.465240975405
 31
0.0
100
AcDbText
 73
     2
  0
LWPOLYLINE
  5
125
330
17
100
AcDbEntity
  8
OUTER
100
AcDbPolyline
 90
        5
 70
     0
 43
0.0
 10
68299.44110428872
 20
5651.665240975401
 10
69245.59110428871
 20
5651.665240975401
 10
69245.59110428871
 20
5753.265240975409
 10
68299.44110428872
 20
5753.265240975409
 10
68299.44110428872
 20
5651.665240975401
  0
TEXT
  5
126
330
17
100
AcDbEntity
  8
NUMBERS
100
AcDbText
 10
68687.51610428872
 20
5687.465240975406
 30
0.0
 40
30.0
  1
B1厨房-18
 72
     1
 11
68772.51610428872
 21
5702.465240975405
 31
0.0
100
AcDbText
 73
     2
  0
LWPOLYLINE
  5
127
330
17
100
AcDbEntity
  8
OUTER
100
AcDbPolyline
 90
        5
 70
     0
 43
0.0
 10
44689.11020951217
 20
743.3898628009337
 10
45635.26020951218
 20
743.3898628009337
 10
45635.26020951218
 20
1332.352362800942
 10
44689.11020951217
 20
1332.352362800942
 10
44689.11020951217
 20
743.3898628009337
  0
TEXT
  5
128
330
17
100
AcDbEntity
  8
NUMBERS
100
AcDbText
 10
44828.85187617884
 20
997.8711128009379
 30
0.0
 40
80.0
  1
B2主人卫生间-01
 72
     1
 11
45162.18520951218
 21
1037.871112800938
 31
0.0
100
AcDbText
 73
     2
  0
LWPOLYLINE
  5
129
330
17
100
AcDbEntity
  8
OUTER
100
AcDbPolyline
 90
        5
 70
     0
 43
0.0
 10
45979.44761907334
 20
743.9577381467533
 10
46081.04761907334
 20
743.9577381467533
 10
46081.04761907334
 20
1332.920238146762
 10
45979.44761907334
 20
1332.920238146762
 10
45979.44761907334
 20
743.9577381467533
  0
TEXT
  5
12A
330
17
100
AcDbEntity
  8
NUMBERS
100
AcDbText
 10
45969.0994709252
 20
1031.383432591202
 30
0.0
 40
14.11111111111091
  1
B2主人卫生间-02
 72
     1
 11
46030.24761907334
 21
1038.438988146758
 31
0.0
100
AcDbText
 73
     2
  0
LWPOLYLINE
  5
12B
330
17
100
AcDbEntity
  8
OUTER
100
AcDbPolyline
 90
        5
 70
     0
 43
0.0
 10
49720.90831354556
 20
731.8122473604891
 10
50667.05831354556
 20
731.8122473604891
 10
50667.05831354556
 20
1320.774747360498
 10
49720.90831354556
 20
1320.774747360498
 10
49720.90831354556
 20
731.8122473604891
  0
TEXT
  5
12C
330
17
100
AcDbEntity
  8
NUMBERS
100
AcDbText
 10
49847.3166468789
 20
986.2934973604934
 30
0.0
 40
80.0
  1
B2主人卫生间-03
 72
     1
 11
50193.98331354556
 21
1026.293497360493
 31
0.0
100
AcDbText
 73
     2
  0
LWPOLYLINE
  5
12D
330
17
100
AcDbEntity
  8
OUTER
100
AcDbPolyline
 90
        5
 70
     0
 43
0.0
 10
51011.24572310671
 20
732.3801227063086
 10
51112.84572310671
 20
732.3801227063086
 10
51112.84572310671
 20
1321.342622706317
 10
51011.24572310671
 20
1321.342622706317
 10
51011.24572310671
 20
732.3801227063086
  0
TEXT
  5
12E
330
17
100
AcDbEntity
  8
NUMBERS
100
AcDbText
 10
51000.89757495856
 20
1019.805817150757
 30
0.0
 40
14.11111111111091
  1
B2主人卫生间-04
 72
     1
 11
51062.04572310671
 21
1026.861372706313
 31
0.0
100
AcDbText
 73
     2
  0
LWPOLYLINE
  5
12F
330
17
100
AcDbEntity
  8
OUTER
100
AcDbPolyline
 90
        5
 70
     0
 43
0.0
 10
54210.23986207627
 20
731.8122473604891
 10
55156.38986207627
 20
731.8122473604891
 10
55156.38986207627
 20
1320.774747360498
 10
54210.23986207627
 20
1320.774747360498
 10
54210.23986207627
 20
731.8122473604891
  0
TEXT
  5
130
330
17
100
AcDbEntity
  8
NUMBERS
100
AcDbText
 10
54336.64819540962
 20
986.2934973604934
 30
0.0
 40
80.0
  1
B2主人卫生间-05
 72
     1
 11
54683.31486207628
 21
1026.293497360493
 31
0.0
100
AcDbText
 73
     2
  0
LWPOLYLINE
  5
131
330
17
100
AcDbEntity
  8
OUTER
100
AcDbPolyline
 90
        5
 70
     0
 43
0.0
 10
55500.57727163743
 20
732.3801227063086
 10
55602.17727163743
 20
732.3801227063086
 10
55602.17727163743
 20
1321.342622706317
 10
55500.57727163743
 20
1321.342622706317
 10
55500.57727163743
 20
732.3801227063086
  0
TEXT
  5
132
330
17
100
AcDbEntity
  8
NUMBERS
100
AcDbText
 10
55490.22912348929
 20
1019.805817150756
 30
0.0
 40
14.11111111111192
  1
B2主人卫生间-06
 72
     1
 11
55551.37727163744
 21
1026.861372706313
 31
0.0
100
AcDbText
 73
     2
  0
LWPOLYLINE
  5
133
330
17
100
AcDbEntity
  8
OUTER
100
AcDbPolyline
 90
        5
 70
     0
 43
0.0
 10
59180.97226769668
 20
731.8122473604891
 10
60127.12226769668
 20
731.8122473604891
 10
60127.12226769668
 20
1320.774747360498
 10
59180.97226769668
 20
1320.774747360498
 10
59180.97226769668
 20
731.8122473604891
  0
TEXT
  5
134
330
17
100
AcDbEntity
  8
NUMBERS
100
AcDbText
 10
59307.38060103002
 20
986.2934973604934
 30
0.0
 40
80.0
  1
B2主人卫生间-07
 72
     1
 11
59654.04726769668
 21
1026.293497360493
 31
0.0
100
AcDbText
 73
     2
  0
LWPOLYLINE
  5
135
330
17
100
AcDbEntity
  8
OUTER
100
AcDbPolyline
 90
        5
 70
     0
 43
0.0
 10
60471.30967725782
 20
732.3801227063086
 10
60572.90967725782
 20
732.3801227063086
 10
60572.90967725782
 20
1321.342622706317
 10
60471.30967725782
 20
1321.342622706317
 10
60471.30967725782
 20
732.3801227063086
  0
TEXT
  5
136
330
17
100
AcDbEntity
  8
NUMBERS
100
AcDbText
 10
60460.96152910967
 20
1019.805817150757
 30
0.0
 40
14.11111111111091
  1
B2主人卫生间-08
 72
     1
 11
60522.10967725782
 21
1026.861372706313
 31
0.0
100
AcDbText
 73
     2
  0
LWPOLYLINE
  5
137
330
17
100
AcDbEntity
  8
OUTER
100
AcDbPolyline
 90
        5
 70
     0
 43
0.0
 10
64095.72684127795
 20
731.8122473604891
 10
65041.87684127795
 20
731.8122473604891
 10
65041.87684127795
 20
1320.774747360498
 10
64095.72684127795
 20
1320.774747360498
 10
64095.72684127795
 20
731.8122473604891
  0
TEXT
  5
138
330
17
100
AcDbEntity
  8
NUMBERS
100
AcDbText
 10
64222.13517461129
 20
986.2934973604934
 30
0.0
 40
80.0
  1
B2主人卫生间-09
 72
     1
 11
64568.80184127795
 21
1026.293497360493
 31
0.0
100
AcDbText
 73
     2
  0
LWPOLYLINE
  5
139
330
17
100
AcDbEntity
  8
OUTER
100
AcDbPolyline
 90
        5
 70
     0
 43
0.0
 10
65386.0642508391
 20
732.3801227063086
 10
65487.6642508391
 20
732.3801227063086
 10
65487.6642508391
 20
1321.342622706317
 10
65386.0642508391
 20
1321.342622706317
 10
65386.0642508391
 20
732.3801227063086
  0
TEXT
  5
13A
330
17
100
AcDbEntity
  8
NUMBERS
100
AcDbText
 10
65378.0679545428
 20
1019.805817150757
 30
0.0
 40
14.11111111111091
  1
B2主人卫生间-10
 72
     1
 11
65436.8642508391
 21
1026.861372706313
 31
0.0
100
AcDbText
 73
     2
  0
LWPOLYLINE
  5
13B
330
17
100
AcDbEntity
  8
OUTER
100
AcDbPolyline
 90
        5
 70
     0
 43
0.0
 10
70078.12396922103
 20
734.3122473604888
 10
71024.27396922106
 20
734.3122473604888
 10
71024.27396922106
 20
1323.274747360497
 10
70078.12396922103
 20
1323.274747360497
 10
70078.12396922103
 20
734.3122473604888
  0
TEXT
  5
13C
330
17
100
AcDbEntity
  8
NUMBERS
100
AcDbText
 10
70224.53230255434
 20
988.7934973604931
 30
0.0
 40
80.0
  1
B2主人卫生间-11
 72
     1
 11
70551.19896922102
 21
1028.793497360493
 31
0.0
100
AcDbText
 73
     2
  0
LWPOLYLINE
  5
13D
330
17
100
AcDbEntity
  8
OUTER
100
AcDbPolyline
 90
        5
 70
     0
 43
0.0
 10
71368.46137878219
 20
734.8801227063086
 10
71470.06137878219
 20
734.8801227063086
 10
71470.06137878219
 20
1323.842622706317
 10
71368.46137878219
 20
1323.842622706317
 10
71368.46137878219
 20
734.8801227063086
  0
TEXT
  5
13E
330
17
100
AcDbEntity
  8
NUMBERS
100
AcDbText
 10
71359.28915655997
 20
1022.305817150757
 30
0.0
 40
14.11111111111192
  1
B2主人卫生间-12
 72
     1
 11
71419.26137878219
 21
1029.361372706313
 31
0.0
100
AcDbText
 73
     2
  0
LWPOLYLINE
  5
13F
330
17
100
AcDbEntity
  8
OUTER
100
AcDbPolyline
 90
        5
 70
     0
 43
0.0
 10
44456.79702455632
 20
2442.513001100422
 10
46291.94702455632
 20
2442.513001100422
 10
46291.94702455632
 20
3087.038001100416
 10
44456.79702455632
 20
3087.038001100416
 10
44456.79702455632
 20
2442.513001100422
  0
TEXT
  5
140
330
17
100
AcDbEntity
  8
NUMBERS
100
AcDbText
 10
45141.03869122298
 20
2724.775501100419
 30
0.0
 40
80.0
  1
B2厨房-01
 72
     1
 11
45374.37202455631
 21
2764.775501100419
 31
0.0
100
AcDbText
 73
     2
  0
LWPOLYLINE
  5
141
330
17
100
AcDbEntity
  8
OUTER
100
AcDbPolyline
 90
        5
 70
     0
 43
0.0
 10
46908.50829260202
 20
2439.353068260505
 10
47365.70829260202
 20
2439.353068260505
 10
47365.70829260202
 20
3083.8780682605
 10
46908.50829260202
 20
3083.8780682605
 10
46908.50829260202
 20
2439.353068260505
  0
TEXT
  5
142
330
17
100
AcDbEntity
  8
NUMBERS
100
AcDbText
 10
46890.44162593535
 20
2721.615568260502
 30
0.0
 40
80.0
  1
B2厨房-02
 72
     1
 11
47137.10829260202
 21
2761.615568260503
 31
0.0
100
AcDbText
 73
     2
  0
LWPOLYLINE
  5
143
330
17
100
AcDbEntity
  8
OUTER
100
AcDbPolyline
 90
        5
 70
     0
 43
0.0
 10
49488.59512858969
 20
2430.935385659978
 10
51323.74512858969
 20
2430.935385659978
 10
51323.74512858969
 20
3075.460385659972
 10
49488.59512858969
 20
3075.460385659972
 10
49488.59512858969
 20
2430.935385659978
  0
TEXT
  5
144
330
17
100
AcDbEntity
  8
NUMBERS
100
AcDbText
 10
50159.50346192302
 20
2713.197885659975
 30
0.0
 40
80.0
  1
B2厨房-03
 72
     1
 11
50406.17012858969
 21
2753.197885659975
 31
0.0
100
AcDbText
 73
     2
  0
LWPOLYLINE
  5
145
330
17
100
AcDbEntity
  8
OUTER
100
AcDbPolyline
 90
        5
 70
     0
 43
0.0
 10
51940.30639663538
 20
2427.775452820061
 10
52397.50639663539
 20
2427.775452820061
 10
52397.50639663539
 20
3072.300452820055
 10
51940.30639663538
 20
3072.300452820055
 10
51940.30639663538
 20
2427.775452820061
  0
TEXT
  5
146
330
17
100
AcDbEntity
  8
NUMBERS
100
AcDbText
 10
51922.23972996871
 20
2710.037952820058
 30
0.0
 40
80.0
  1
B2厨房-04
 72
     1
 11
52168.90639663538
 21
2750.037952820058
 31
0.0
100
AcDbText
 73
     2
  0
LWPOLYLINE
  5
147
330
17
100
AcDbEntity
  8
OUTER
100
AcDbPolyline
 90
        5
 70
     0
 43
0.0
 10
53977.92667712041
 20
2430.935385659978
 10
55813.07667712041
 20
2430.935385659978
 10
55813.07667712041
 20
3075.460385659972
 10
53977.92667712041
 20
3075.460385659972
 10
53977.92667712041
 20
2430.935385659978
  0
TEXT
  5
148
330
17
100
AcDbEntity
  8
NUMBERS
100
AcDbText
 10
54648.83501045374
 20
2713.197885659975
 30
0.0
 40
80.0
  1
B2厨房-05
 72
     1
 11
54895.50167712041
 21
2753.197885659975
 31
0.0
100
AcDbText
 73
     2
  0
LWPOLYLINE
  5
149
330
17
100
AcDbEntity
  8
OUTER
100
AcDbPolyline
 90
        5
 70
     0
 43
0.0
 10
58948.65908274081
 20
2430.935385659978
 10
60783.8090827408
 20
2430.935385659978
 10
60783.8090827408
 20
3075.460385659972
 10
58948.65908274081
 20
3075.460385659972
 10
58948.65908274081
 20
2430.935385659978
  0
TEXT
  5
14A
330
17
100
AcDbEntity
  8
NUMBERS
100
AcDbText
 10
59619.56741607415
 20
2713.197885659975
 30
0.0
 40
80.0
  1
B2厨房-06
 72
     1
 11
59866.23408274081
 21
2753.197885659975
 31
0.0
100
AcDbText
 73
     2
  0
LWPOLYLINE
  5
14B
330
17
100
AcDbEntity
  8
OUTER
100
AcDbPolyline
 90
        5
 70
     0
 43
0.0
 10
63863.41365632207
 20
2430.935385659978
 10
65698.56365632209
 20
2430.935385659978
 10
65698.56365632209
 20
3075.460385659972
 10
63863.41365632207
 20
3075.460385659972
 10
63863.41365632207
 20
2430.935385659978
  0
TEXT
  5
14C
330
17
100
AcDbEntity
  8
NUMBERS
100
AcDbText
 10
64534.32198965542
 20
2713.197885659975
 30
0.0
 40
80.0
  1
B2厨房-07
 72
     1
 11
64780.98865632209
 21
2753.197885659975
 31
0.0
100
AcDbText
 73
     2
  0
LWPOLYLINE
  5
14D
330
17
100
AcDbEntity
  8
OUTER
100
AcDbPolyline
 90
        5
 70
     0
 43
0.0
 10
69845.81078426518
 20
2433.435385659977
 10
71680.96078426517
 20
2433.435385659977
 10
71680.96078426517
 20
3077.960385659972
 10
69845.81078426518
 20
3077.960385659972
 10
69845.81078426518
 20
2433.435385659977
  0
TEXT
  5
14E
330
17
100
AcDbEntity
  8
NUMBERS
100
AcDbText
 10
70516.7191175985
 20
2715.697885659975
 30
0.0
 40
80.0
  1
B2厨房-08
 72
     1
 11
70763.38578426518
 21
2755.697885659975
 31
0.0
100
AcDbText
 73
     2
  0
LWPOLYLINE
  5
14F
330
17
100
AcDbEntity
  8
OUTER
100
AcDbPolyline
 90
        5
 70
     0
 43
0.0
 10
72297.52205231089
 20
2430.27545282006
 10
72754.72205231086
 20
2430.27545282006
 10
72754.72205231086
 20
3074.800452820055
 10
72297.52205231089
 20
3074.800452820055
 10
72297.52205231089
 20
2430.27545282006
  0
TEXT
  5
150
330
17
100
AcDbEntity
  8
NUMBERS
100
AcDbText
 10
72279.4553856442
 20
2712.537952820057
 30
0.0
 40
80.0
  1
B2厨房-09
 72
     1
 11
72526.12205231088
 21
2752.537952820057
 31
0.0
100
AcDbText
 73
     2
  0
LWPOLYLINE
  5
151
330
17
100
AcDbEntity
  8
OUTER
100
AcDbPolyline
 90
        5
 70
     0
 43
0.0
 10
44689.11020951217
 20
1632.700952559462
 10
45635.26020951218
 20
1632.700952559462
 10
45635.26020951218
 20
1734.300952559468
 10
44689.11020951217
 20
1734.300952559468
 10
44689.11020951217
 20
1632.700952559462
  0
TEXT
  5
152
330
17
100
AcDbEntity
  8
NUMBERS
100
AcDbText
 10
45074.68520951218
 20
1668.500952559465
 30
0.0
 40
30.0
  1
B2厨房-10
 72
     1
 11
45162.18520951218
 21
1683.500952559465
 31
0.0
100
AcDbText
 73
     2
  0
LWPOLYLINE
  5
153
330
17
100
AcDbEntity
  8
OUTER
100
AcDbPolyline
 90
        5
 70
     0
 43
0.0
 10
49720.90831354556
 20
1621.123337119017
 10
50667.05831354556
 20
1621.123337119017
 10
50667.05831354556
 20
1722.723337119023
 10
49720.90831354556
 20
1722.723337119023
 10
49720.90831354556
 20
1621.123337119017
  0
TEXT
  5
154
330
17
100
AcDbEntity
  8
NUMBERS
100
AcDbText
 10
50108.98331354555
 20
1656.923337119019
 30
0.0
 40
30.0
  1
B2厨房-11
 72
     1
 11
50193.98331354556
 21
1671.92333711902
 31
0.0
100
AcDbText
 73
     2
  0
LWPOLYLINE
  5
155
330
17
100
AcDbEntity
  8
OUTER
100
AcDbPolyline
 90
        5
 70
     0
 43
0.0
 10
54210.23986207627
 20
1621.123337119017
 10
55156.38986207627
 20
1621.123337119017
 10
55156.38986207627
 20
1722.723337119023
 10
54210.23986207627
 20
1722.723337119023
 10
54210.23986207627
 20
1621.123337119017
  0
TEXT
  5
156
330
17
100
AcDbEntity
  8
NUMBERS
100
AcDbText
 10
54593.31486207628
 20
1656.923337119019
 30
0.0
 40
30.0
  1
B2厨房-12
 72
     1
 11
54683.31486207627
 21
1671.92333711902
 31
0.0
100
AcDbText
 73
     2
  0
LWPOLYLINE
  5
157
330
17
100
AcDbEntity
  8
OUTER
100
AcDbPolyline
 90
        5
 70
     0
 43
0.0
 10
59180.97226769668
 20
1621.123337119017
 10
60127.12226769668
 20
1621.123337119017
 10
60127.12226769668
 20
1722.723337119023
 10
59180.97226769668
 20
1722.723337119023
 10
59180.97226769668
 20
1621.123337119017
  0
TEXT
  5
158
330
17
100
AcDbEntity
  8
NUMBERS
100
AcDbText
 10
59564.04726769668
 20
1656.923337119019
 30
0.0
 40
30.0
  1
B2厨房-13
 72
     1
 11
59654.04726769668
 21
1671.92333711902
 31
0.0
100
AcDbText
 73
     2
  0
LWPOLYLINE
  5
159
330
17
100
AcDbEntity
  8
OUTER
100
AcDbPolyline
 90
        5
 70
     0
 43
0.0
 10
64095.72684127795
 20
1621.123337119017
 10
65041.87684127795
 20
1621.123337119017
 10
65041.87684127795
 20
1722.723337119023
 10
64095.72684127795
 20
1722.723337119023
 10
64095.72684127795
 20
1621.123337119017
  0
TEXT
  5
15A
330
17
100
AcDbEntity
  8
NUMBERS
100
AcDbText
 10
64478.80184127796
 20
1656.923337119019
 30
0.0
 40
30.0
  1
B2厨房-14
 72
     1
 11
64568.80184127795
 21
1671.92333711902
 31
0.0
100
AcDbText
 73
     2
  0
LWPOLYLINE
  5
15B
330
17
100
AcDbEntity
  8
OUTER
100
AcDbPolyline
 90
        5
 70
     0
 43
0.0
 10
70078.12396922103
 20
1623.623337119017
 10
71024.27396922106
 20
1623.623337119017
 10
71024.27396922106
 20
1725.223337119023
 10
70078.12396922103
 20
1725.223337119023
 10
70078.12396922103
 20
1623.623337119017
  0
TEXT
  5
15C
330
17
100
AcDbEntity
  8
NUMBERS
100
AcDbText
 10
70461.19896922101
 20
1659.42333711902
 30
0.0
 40
30.0
  1
B2厨房-15
 72
     1
 11
70551.19896922102
 21
1674.423337119019
 31
0.0
100
AcDbText
 73
     2
  0
LWPOLYLINE
  5
15D
330
17
100
AcDbEntity
  8
OUTER
100
AcDbPolyline
 90
        5
 70
     0
 43
0.0
 10
55977.77808603837
 20
14254.05069190866
 10
56771.52808603838
 20
14254.05069190866
 10
56771.52808603838
 20
14843.01319190865
 10
55977.77808603837
 20
14843.01319190865
 10
55977.77808603837
 20
14254.05069190866
  0
TEXT
  5
15E
330
17
100
AcDbEntity
  8
NUMBERS
100
AcDbText
 10
56041.31975270504
 20
14508.53194190865
 30
0.0
 40
80.0
  1
B3主人卫生间-01
 72
     1
 11
56374.65308603838
 21
14548.53194190865
 31
0.0
100
AcDbText
 73
     2
  0
LWPOLYLINE
  5
15F
330
17
100
AcDbEntity
  8
OUTER
100
AcDbPolyline
 90
        5
 70
     0
 43
0.0
 10
57271.04101498362
 20
14254.05069190866
 10
57372.64101498362
 20
14254.05069190866
 10
57372.64101498362
 20
14843.01319190865
 10
57271.04101498362
 20
14843.01319190865
 10
57271.04101498362
 20
14254.05069190866
  0
TEXT
  5
160
330
17
100
AcDbEntity
  8
NUMBERS
100
AcDbText
 10
57260.69286683546
 20
14541.4763863531
 30
0.0
 40
14.11111111111192
  1
B3主人卫生间-02
 72
     1
 11
57321.84101498361
 21
14548.53194190865
 31
0.0
100
AcDbText
 73
     2
  0
LWPOLYLINE
  5
161
330
17
100
AcDbEntity
  8
OUTER
100
AcDbPolyline
 90
        5
 70
     0
 43
0.0
 10
60865.7827875965
 20
14254.05069190866
 10
61659.5327875965
 20
14254.05069190866
 10
61659.5327875965
 20
14843.01319190865
 10
60865.7827875965
 20
14843.01319190865
 10
60865.7827875965
 20
14254.05069190866
  0
TEXT
  5
162
330
17
100
AcDbEntity
  8
NUMBERS
100
AcDbText
 10
60915.99112092983
 20
14508.53194190865
 30
0.0
 40
80.0
  1
B3主人卫生间-03
 72
     1
 11
61262.65778759649
 21
14548.53194190865
 31
0.0
100
AcDbText
 73
     2
  0
LWPOLYLINE
  5
163
330
17
100
AcDbEntity
  8
OUTER
100
AcDbPolyline
 90
        5
 70
     0
 43
0.0
 10
62159.04571654173
 20
14254.05069190866
 10
62260.64571654173
 20
14254.05069190866
 10
62260.64571654173
 20
14843.01319190865
 10
62159.04571654173
 20
14843.01319190865
 10
62159.04571654173
 20
14254.05069190866
  0
TEXT
  5
164
330
17
100
AcDbEntity
  8
NUMBERS
100
AcDbText
 10
62148.69756839359
 20
14541.4763863531
 30
0.0
 40
14.11111111111091
  1
B3主人卫生间-04
 72
     1
 11
62209.84571654173
 21
14548.53194190865
 31
0.0
100
AcDbText
 73
     2
  0
LWPOLYLINE
  5
165
330
17
100
AcDbEntity
  8
OUTER
100
AcDbPolyline
 90
        5
 70
     0
 43
0.0
 10
55955.04011362454
 20
16006.59217854903
 10
57790.19011362452
 20
16006.59217854903
 10
57790.19011362452
 20
16651.11717854906
 10
55955.04011362454
 20
16651.11717854906
 10
55955.04011362454
 20
16006.59217854903
  0
TEXT
  5
166
330
17
100
AcDbEntity
  8
NUMBERS
100
AcDbText
 10
56639.2817802912
 20
16288.85467854904
 30
0.0
 40
80.0
  1
B3厨房-01
 72
     1
 11
56872.61511362454
 21
16328.85467854904
 31
0.0
100
AcDbText
 73
     2
  0
LWPOLYLINE
  5
167
330
17
100
AcDbEntity
  8
OUTER
100
AcDbPolyline
 90
        5
 70
     0
 43
0.0
 10
58406.75138167023
 20
16003.43224570915
 10
58863.95138167022
 20
16003.43224570915
 10
58863.95138167022
 20
16647.95724570914
 10
58406.75138167023
 20
16647.95724570914
 10
58406.75138167023
 20
16003.43224570915
  0
TEXT
  5
168
330
17
100
AcDbEntity
  8
NUMBERS
100
AcDbText
 10
58388.68471500356
 20
16285.69474570914
 30
0.0
 40
80.0
  1
B3厨房-02
 72
     1
 11
58635.35138167023
 21
16325.69474570914
 31
0.0
100
AcDbText
 73
     2
  0
LWPOLYLINE
  5
169
330
17
100
AcDbEntity
  8
OUTER
100
AcDbPolyline
 90
        5
 70
     0
 43
0.0
 10
60843.04481518265
 20
16006.59217854903
 10
62678.19481518267
 20
16006.59217854903
 10
62678.19481518267
 20
16651.11717854906
 10
60843.04481518265
 20
16651.11717854906
 10
60843.04481518265
 20
16006.59217854903
  0
TEXT
  5
16A
330
17
100
AcDbEntity
  8
NUMBERS
100
AcDbText
 10
61513.95314851598
 20
16288.85467854904
 30
0.0
 40
80.0
  1
B3厨房-03
 72
     1
 11
61760.61981518264
 21
16328.85467854904
 31
0.0
100
AcDbText
 73
     2
  0
LWPOLYLINE
  5
16B
330
17
100
AcDbEntity
  8
OUTER
100
AcDbPolyline
 90
        5
 70
     0
 43
0.0
 10
63294.75608322836
 20
16003.43224570915
 10
63751.95608322836
 20
16003.43224570915
 10
63751.95608322836
 20
16647.95724570914
 10
63294.75608322836
 20
16647.95724570914
 10
63294.75608322836
 20
16003.43224570915
  0
TEXT
  5
16C
330
17
100
AcDbEntity
  8
NUMBERS
100
AcDbText
 10
63276.68941656169
 20
16285.69474570914
 30
0.0
 40
80.0
  1
B3厨房-04
 72
     1
 11
63523.35608322836
 21
16325.69474570914
 31
0.0
100
AcDbText
 73
     2
  0
LWPOLYLINE
  5
16D
330
17
100
AcDbEntity
  8
OUTER
100
AcDbPolyline
 90
        5
 70
     0
 43
0.0
 10
55977.77808603837
 20
15094.21448405276
 10
56771.52808603838
 20
15094.21448405276
 10
56771.52808603838
 20
15195.81448405276
 10
55977.77808603837
 20
15195.81448405276
 10
55977.77808603837
 20
15094.21448405276
  0
TEXT
  5
16E
330
17
100
AcDbEntity
  8
NUMBERS
100
AcDbText
 10
56282.15308603839
 20
15130.01448405276
 30
0.0
 40
30.0
  1
B3厨房-05
 72
     1
 11
56374.65308603839
 21
15145.01448405276
 31
0.0
100
AcDbText
 73
     2
  0
LWPOLYLINE
  5
16F
330
17
100
AcDbEntity
  8
OUTER
100
AcDbPolyline
 90
        5
 70
     0
 43
0.0
 10
60865.7827875965
 20
15094.21448405276
 10
61659.5327875965
 20
15094.21448405276
 10
61659.5327875965
 20
15195.81448405276
 10
60865.7827875965
 20
15195.81448405276
 10
60865.7827875965
 20
15094.21448405276
  0
TEXT
  5
170
330
17
100
AcDbEntity
  8
NUMBERS
100
AcDbText
 10
61170.1577875965
 20
15130.01448405276
 30
0.0
 40
30.0
  1
B3厨房-06
 72
     1
 11
61262.6577875965
 21
15145.01448405276
 31
0.0
100
AcDbText
 73
     2
  0
LWPOLYLINE
  5
171
330
17
100
AcDbEntity
  8
OUTER
100
AcDbPolyline
 90
        5
 70
     0
 43
0.0
 10
44689.11020951217
 20
-2945.486886786326
 10
45635.26020951218
 20
-2945.486886786326
 10
45635.26020951218
 20
-2356.524386786332
 10
44689.11020951217
 20
-2356.524386786332
 10
44689.11020951217
 20
-2945.486886786326
  0
TEXT
  5
172
330
17
100
AcDbEntity
  8
NUMBERS
100
AcDbText
 10
44828.85187617884
 20
-2691.005636786329
 30
0.0
 40
80.0
  1
B4主人卫生间-01
 72
     1
 11
45162.18520951218
 21
-2651.005636786329
 31
0.0
100
AcDbText
 73
     2
  0
LWPOLYLINE
  5
173
330
17
100
AcDbEntity
  8
OUTER
100
AcDbPolyline
 90
        5
 70
     0
 43
0.0
 10
45979.44761907334
 20
-2944.919011440508
 10
46081.04761907334
 20
-2944.919011440508
 10
46081.04761907334
 20
-2355.956511440512
 10
45979.44761907334
 20
-2355.956511440512
 10
45979.44761907334
 20
-2944.919011440508
  0
TEXT
  5
174
330
17
100
AcDbEntity
  8
NUMBERS
100
AcDbText
 10
45969.0994709252
 20
-2657.493316996065
 30
0.0
 40
14.11111111111091
  1
B4主人卫生间-02
 72
     1
 11
46030.24761907334
 21
-2650.437761440509
 31
0.0
100
AcDbText
 73
     2
  0
LWPOLYLINE
  5
175
330
17
100
AcDbEntity
  8
OUTER
100
AcDbPolyline
 90
        5
 70
     0
 43
0.0
 10
49720.90831354556
 20
-2957.064502226771
 10
50667.05831354556
 20
-2957.064502226771
 10
50667.05831354556
 20
-2368.102002226777
 10
49720.90831354556
 20
-2368.102002226777
 10
49720.90831354556
 20
-2957.064502226771
  0
TEXT
  5
176
330
17
100
AcDbEntity
  8
NUMBERS
100
AcDbText
 10
49847.31664687889
 20
-2702.583252226773
 30
0.0
 40
80.0
  1
B4主人卫生间-03
 72
     1
 11
50193.98331354556
 21
-2662.583252226773
 31
0.0
100
AcDbText
 73
     2
  0
LWPOLYLINE
  5
177
330
17
100
AcDbEntity
  8
OUTER
100
AcDbPolyline
 90
        5
 70
     0
 43
0.0
 10
51011.24572310671
 20
-2956.496626880952
 10
51112.84572310671
 20
-2956.496626880952
 10
51112.84572310671
 20
-2367.534126880957
 10
51011.24572310671
 20
-2367.534126880957
 10
51011.24572310671
 20
-2956.496626880952
  0
TEXT
  5
178
330
17
100
AcDbEntity
  8
NUMBERS
100
AcDbText
 10
51000.89757495856
 20
-2669.07093243651
 30
0.0
 40
14.11111111111091
  1
B4主人卫生间-04
 72
     1
 11
51062.04572310671
 21
-2662.015376880955
 31
0.0
100
AcDbText
 73
     2
  0
LWPOLYLINE
  5
179
330
17
100
AcDbEntity
  8
OUTER
100
AcDbPolyline
 90
        5
 70
     0
 43
0.0
 10
54210.23986207627
 20
-2957.064502226771
 10
55156.38986207627
 20
-2957.064502226771
 10
55156.38986207627
 20
-2368.102002226777
 10
54210.23986207627
 20
-2368.102002226777
 10
54210.23986207627
 20
-2957.064502226771
  0
TEXT
  5
17A
330
17
100
AcDbEntity
  8
NUMBERS
100
AcDbText
 10
54336.64819540961
 20
-2702.583252226773
 30
0.0
 40
80.0
  1
B4主人卫生间-05
 72
     1
 11
54683.31486207627
 21
-2662.583252226773
 31
0.0
100
AcDbText
 73
     2
  0
LWPOLYLINE
  5
17B
330
17
100
AcDbEntity
  8
OUTER
100
AcDbPolyline
 90
        5
 70
     0
 43
0.0
 10
55500.57727163743
 20
-2956.496626880952
 10
55602.17727163743
 20
-2956.496626880952
 10
55602.17727163743
 20
-2367.534126880957
 10
55500.57727163743
 20
-2367.534126880957
 10
55500.57727163743
 20
-2956.496626880952
  0
TEXT
  5
17C
330
17
100
AcDbEntity
  8
NUMBERS
100
AcDbText
 10
55490.22912348929
 20
-2669.07093243651
 30
0.0
 40
14.11111111111192
  1
B4主人卫生间-06
 72
     1
 11
55551.37727163744
 21
-2662.015376880954
 31
0.0
100
AcDbText
 73
     2
  0
LWPOLYLINE
  5
17D
330
17
100
AcDbEntity
  8
OUTER
100
AcDbPolyline
 90
        5
 70
     0
 43
0.0
 10
59180.97226769668
 20
-2957.064502226771
 10
60127.12226769668
 20
-2957.064502226771
 10
60127.12226769668
 20
-2368.102002226777
 10
59180.97226769668
 20
-2368.102002226777
 10
59180.97226769668
 20
-2957.064502226771
  0
TEXT
  5
17E
330
17
100
AcDbEntity
  8
NUMBERS
100
AcDbText
 10
59307.38060103002
 20
-2702.583252226773
 30
0.0
 40
80.0
  1
B4主人卫生间-07
 72
     1
 11
59654.04726769668
 21
-2662.583252226773
 31
0.0
100
AcDbText
 73
     2
  0
LWPOLYLINE
  5
17F
330
17
100
AcDbEntity
  8
OUTER
100
AcDbPolyline
 90
        5
 70
     0
 43
0.0
 10
60471.30967725782
 20
-2956.496626880952
 10
60572.90967725782
 20
-2956.496626880952
 10
60572.90967725782
 20
-2367.534126880957
 10
60471.30967725782
 20
-2367.534126880957
 10
60471.30967725782
 20
-2956.496626880952
  0
TEXT
  5
180
330
17
100
AcDbEntity
  8
NUMBERS
100
AcDbText
 10
60460.96152910967
 20
-2669.07093243651
 30
0.0
 40
14.11111111111091
  1
B4主人卫生间-08
 72
     1
 11
60522.10967725782
 21
-2662.015376880955
 31
0.0
100
AcDbText
 73
     2
  0
LWPOLYLINE
  5
181
330
17
100
AcDbEntity
  8
OUTER
100
AcDbPolyline
 90
        5
 70
     0
 43
0.0
 10
64095.72684127795
 20
-2957.064502226771
 10
65041.87684127795
 20
-2957.064502226771
 10
65041.87684127795
 20
-2368.102002226777
 10
64095.72684127795
 20
-2368.102002226777
 10
64095.72684127795
 20
-2957.064502226771
  0
TEXT
  5
182
330
17
100
AcDbEntity
  8
NUMBERS
100
AcDbText
 10
64222.13517461128
 20
-2702.583252226773
 30
0.0
 40
80.0
  1
B4主人卫生间-09
 72
     1
 11
64568.80184127794
 21
-2662.583252226773
 31
0.0
100
AcDbText
 73
     2
  0
LWPOLYLINE
  5
183
330
17
100
AcDbEntity
  8
OUTER
100
AcDbPolyline
 90
        5
 70
     0
 43
0.0
 10
65386.0642508391
 20
-2956.496626880952
 10
65487.6642508391
 20
-2956.496626880952
 10
65487.6642508391
 20
-2367.534126880957
 10
65386.0642508391
 20
-2367.534126880957
 10
65386.0642508391
 20
-2956.496626880952
  0
TEXT
  5
184
330
17
100
AcDbEntity
  8
NUMBERS
100
AcDbText
 10
65378.0679545428
 20
-2669.07093243651
 30
0.0
 40
14.11111111111091
  1
B4主人卫生间-10
 72
     1
 11
65436.8642508391
 21
-2662.015376880955
 31
0.0
100
AcDbText
 73
     2
  0
LWPOLYLINE
  5
185
330
17
100
AcDbEntity
  8
OUTER
100
AcDbPolyline
 90
        5
 70
     0
 43
0.0
 10
70078.12396922103
 20
-2954.564502226772
 10
71024.27396922106
 20
-2954.564502226772
 10
71024.27396922106
 20
-2365.602002226777
 10
70078.12396922103
 20
-2365.602002226777
 10
70078.12396922103
 20
-2954.564502226772
  0
TEXT
  5
186
330
17
100
AcDbEntity
  8
NUMBERS
100
AcDbText
 10
70224.53230255434
 20
-2700.083252226774
 30
0.0
 40
80.0
  1
B4主人卫生间-11
 72
     1
 11
70551.19896922102
 21
-2660.083252226774
 31
0.0
100
AcDbText
 73
     2
  0
LWPOLYLINE
  5
187
330
17
100
AcDbEntity
  8
OUTER
100
AcDbPolyline
 90
        5
 70
     0
 43
0.0
 10
71368.46137878219
 20
-2953.996626880951
 10
71470.06137878219
 20
-2953.996626880951
 10
71470.06137878219
 20
-2365.034126880957
 10
71368.46137878219
 20
-2365.034126880957
 10
71368.46137878219
 20
-2953.996626880951
  0
TEXT
  5
188
330
17
100
AcDbEntity
  8
NUMBERS
100
AcDbText
 10
71359.28915655997
 20
-2666.57093243651
 30
0.0
 40
14.11111111111192
  1
B4主人卫生间-12
 72
     1
 11
71419.26137878219
 21
-2659.515376880954
 31
0.0
100
AcDbText
 73
     2
  0
LWPOLYLINE
  5
189
330
17
100
AcDbEntity
  8
OUTER
100
AcDbPolyline
 90
        5
 70
     0
 43
0.0
 10
44456.79702455632
 20
-1246.363748486852
 10
46291.94702455632
 20
-1246.363748486852
 10
46291.94702455632
 20
-601.8387484868581
 10
44456.79702455632
 20
-601.8387484868581
 10
44456.79702455632
 20
-1246.363748486852
  0
TEXT
  5
18A
330
17
100
AcDbEntity
  8
NUMBERS
100
AcDbText
 10
45141.03869122298
 20
-964.1012484868552
 30
0.0
 40
80.0
  1
B4厨房-01
 72
     1
 11
45374.37202455631
 21
-924.1012484868553
 31
0.0
100
AcDbText
 73
     2
  0
LWPOLYLINE
  5
18B
330
17
100
AcDbEntity
  8
OUTER
100
AcDbPolyline
 90
        5
 70
     0
 43
0.0
 10
46908.50829260202
 20
-1249.523681326769
 10
47365.70829260202
 20
-1249.523681326769
 10
47365.70829260202
 20
-604.9986813267751
 10
46908.50829260202
 20
-604.9986813267751
 10
46908.50829260202
 20
-1249.523681326769
  0
TEXT
  5
18C
330
17
100
AcDbEntity
  8
NUMBERS
100
AcDbText
 10
46890.44162593535
 20
-967.2611813267723
 30
0.0
 40
80.0
  1
B4厨房-02
 72
     1
 11
47137.10829260202
 21
-927.2611813267722
 31
0.0
100
AcDbText
 73
     2
  0
LWPOLYLINE
  5
18D
330
17
100
AcDbEntity
  8
OUTER
100
AcDbPolyline
 90
        5
 70
     0
 43
0.0
 10
49488.59512858969
 20
-1257.941363927297
 10
51323.74512858969
 20
-1257.941363927297
 10
51323.74512858969
 20
-613.4163639273029
 10
49488.59512858969
 20
-613.4163639273029
 10
49488.59512858969
 20
-1257.941363927297
  0
TEXT
  5
18E
330
17
100
AcDbEntity
  8
NUMBERS
100
AcDbText
 10
50159.50346192302
 20
-975.6788639272999
 30
0.0
 40
80.0
  1
B4厨房-03
 72
     1
 11
50406.17012858969
 21
-935.6788639273
 31
0.0
100
AcDbText
 73
     2
  0
LWPOLYLINE
  5
18F
330
17
100
AcDbEntity
  8
OUTER
100
AcDbPolyline
 90
        5
 70
     0
 43
0.0
 10
51940.30639663538
 20
-1261.101296767214
 10
52397.50639663539
 20
-1261.101296767214
 10
52397.50639663539
 20
-616.5762967672199
 10
51940.30639663538
 20
-616.5762967672199
 10
51940.30639663538
 20
-1261.101296767214
  0
TEXT
  5
190
330
17
100
AcDbEntity
  8
NUMBERS
100
AcDbText
 10
51922.23972996873
 20
-978.8387967672171
 30
0.0
 40
80.0
  1
B4厨房-04
 72
     1
 11
52168.90639663539
 21
-938.8387967672171
 31
0.0
100
AcDbText
 73
     2
  0
LWPOLYLINE
  5
191
330
17
100
AcDbEntity
  8
OUTER
100
AcDbPolyline
 90
        5
 70
     0
 43
0.0
 10
53977.92667712041
 20
-1257.941363927297
 10
55813.07667712041
 20
-1257.941363927297
 10
55813.07667712041
 20
-613.4163639273029
 10
53977.92667712041
 20
-613.4163639273029
 10
53977.92667712041
 20
-1257.941363927297
  0
TEXT
  5
192
330
17
100
AcDbEntity
  8
NUMBERS
100
AcDbText
 10
54648.83501045374
 20
-975.6788639272999
 30
0.0
 40
80.0
  1
B4厨房-05
 72
     1
 11
54895.50167712041
 21
-935.6788639273
 31
0.0
100
AcDbText
 73
     2
  0
LWPOLYLINE
  5
193
330
17
100
AcDbEntity
  8
OUTER
100
AcDbPolyline
 90
        5
 70
     0
 43
0.0
 10
56429.63794516612
 20
-1261.101296767214
 10
56886.83794516611
 20
-1261.101296767214
 10
56886.83794516611
 20
-616.5762967672199
 10
56429.63794516612
 20
-616.5762967672199
 10
56429.63794516612
 20
-1261.101296767214
  0
TEXT
  5
194
330
17
100
AcDbEntity
  8
NUMBERS
100
AcDbText
 10
56411.57127849944
 20
-978.8387967672171
 30
0.0
 40
80.0
  1
B4厨房-06
 72
     1
 11
56658.23794516611
 21
-938.8387967672171
 31
0.0
100
AcDbText
 73
     2
  0
LWPOLYLINE
  5
195
330
17
100
AcDbEntity
  8
OUTER
100
AcDbPolyline
 90
        5
 70
     0
 43
0.0
 10
58948.65908274081
 20
-1257.941363927297
 10
60783.8090827408
 20
-1257.941363927297
 10
60783.8090827408
 20
-613.4163639273029
 10
58948.65908274081
 20
-613.4163639273029
 10
58948.65908274081
 20
-1257.941363927297
  0
TEXT
  5
196
330
17
100
AcDbEntity
  8
NUMBERS
100
AcDbText
 10
59619.56741607415
 20
-975.6788639272999
 30
0.0
 40
80.0
  1
B4厨房-07
 72
     1
 11
59866.23408274081
 21
-935.6788639273
 31
0.0
100
AcDbText
 73
     2
  0
LWPOLYLINE
  5
197
330
17
100
AcDbEntity
  8
OUTER
100
AcDbPolyline
 90
        5
 70
     0
 43
0.0
 10
61400.37035078651
 20
-1261.101296767214
 10
61857.57035078651
 20
-1261.101296767214
 10
61857.57035078651
 20
-616.5762967672199
 10
61400.37035078651
 20
-616.5762967672199
 10
61400.37035078651
 20
-1261.101296767214
  0
TEXT
  5
198
330
17
100
AcDbEntity
  8
NUMBERS
100
AcDbText
 10
61382.30368411984
 20
-978.8387967672171
 30
0.0
 40
80.0
  1
B4厨房-08
 72
     1
 11
61628.97035078651
 21
-938.8387967672171
 31
0.0
100
AcDbText
 73
     2
  0
LWPOLYLINE
  5
199
330
17
100
AcDbEntity
  8
OUTER
100
AcDbPolyline
 90
        5
 70
     0
 43
0.0
 10
63863.41365632207
 20
-1257.941363927297
 10
65698.56365632209
 20
-1257.941363927297
 10
65698.56365632209
 20
-613.4163639273029
 10
63863.41365632207
 20
-613.4163639273029
 10
63863.41365632207
 20
-1257.941363927297
  0
TEXT
  5
19A
330
17
100
AcDbEntity
  8
NUMBERS
100
AcDbText
 10
64534.32198965542
 20
-975.6788639272999
 30
0.0
 40
80.0
  1
B4厨房-09
 72
     1
 11
64780.98865632209
 21
-935.6788639273
 31
0.0
100
AcDbText
 73
     2
  0
LWPOLYLINE
  5
19B
330
17
100
AcDbEntity
  8
OUTER
100
AcDbPolyline
 90
        5
 70
     0
 43
0.0
 10
66315.12492436779
 20
-1261.101296767214
 10
66772.32492436778
 20
-1261.101296767214
 10
66772.32492436778
 20
-616.5762967672199
 10
66315.12492436779
 20
-616.5762967672199
 10
66315.12492436779
 20
-1261.101296767214
  0
TEXT
  5
19C
330
17
100
AcDbEntity
  8
NUMBERS
100
AcDbText
 10
66310.39159103448
 20
-978.838796767217
 30
0.0
 40
80.0
  1
B4厨房-10
 72
     1
 11
66543.72492436781
 21
-938.8387967672169
 31
0.0
100
AcDbText
 73
     2
  0
LWPOLYLINE
  5
19D
330
17
100
AcDbEntity
  8
OUTER
100
AcDbPolyline
 90
        5
 70
     0
 43
0.0
 10
69845.81078426518
 20
-1255.441363927297
 10
71680.96078426517
 20
-1255.441363927297
 10
71680.96078426517
 20
-610.9163639273027
 10
69845.81078426518
 20
-610.9163639273027
 10
69845.81078426518
 20
-1255.441363927297
  0
TEXT
  5
19E
330
17
100
AcDbEntity
  8
NUMBERS
100
AcDbText
 10
70536.71911759851
 20
-973.1788639273
 30
0.0
 40
80.0
  1
B4厨房-11
 72
     1
 11
70763.38578426518
 21
-933.1788639273
 31
0.0
100
AcDbText
 73
     2
  0
LWPOLYLINE
  5
19F
330
17
100
AcDbEntity
  8
OUTER
100
AcDbPolyline
 90
        5
 70
     0
 43
0.0
 10
72297.52205231089
 20
-1258.601296767214
 10
72754.72205231086
 20
-1258.601296767214
 10
72754.72205231086
 20
-614.0762967672197
 10
72297.52205231089
 20
-614.0762967672197
 10
72297.52205231089
 20
-1258.601296767214
  0
TEXT
  5
1A0
330
17
100
AcDbEntity
  8
NUMBERS
100
AcDbText
 10
72286.12205231088
 20
-976.3387967672171
 30
0.0
 40
80.0
  1
B4厨房-12
 72
     1
 11
72526.12205231088
 21
-936.3387967672172
 31
0.0
100
AcDbText
 73
     2
  0
LWPOLYLINE
  5
1A1
330
17
100
AcDbEntity
  8
OUTER
100
AcDbPolyline
 90
        5
 70
     0
 43
0.0
 10
44689.11020951217
 20
-2056.175797027798
 10
45635.26020951218
 20
-2056.175797027798
 10
45635.26020951218
 20
-1954.575797027792
 10
44689.11020951217
 20
-1954.575797027792
 10
44689.11020951217
 20
-2056.175797027798
  0
TEXT
  5
1A2
330
17
100
AcDbEntity
  8
NUMBERS
100
AcDbText
 10
45072.18520951218
 20
-2020.375797027795
 30
0.0
 40
30.0
  1
B4厨房-13
 72
     1
 11
45162.18520951218
 21
-2005.375797027795
 31
0.0
100
AcDbText
 73
     2
  0
LWPOLYLINE
  5
1A3
330
17
100
AcDbEntity
  8
OUTER
100
AcDbPolyline
 90
        5
 70
     0
 43
0.0
 10
49720.90831354556
 20
-2067.753412468242
 10
50667.05831354556
 20
-2067.753412468242
 10
50667.05831354556
 20
-1966.153412468236
 10
49720.90831354556
 20
-1966.153412468236
 10
49720.90831354556
 20
-2067.753412468242
  0
TEXT
  5
1A4
330
17
100
AcDbEntity
  8
NUMBERS
100
AcDbText
 10
50103.98331354555
 20
-2031.953412468239
 30
0.0
 40
30.0
  1
B4厨房-14
 72
     1
 11
50193.98331354556
 21
-2016.95341246824
 31
0.0
100
AcDbText
 73
     2
  0
LWPOLYLINE
  5
1A5
330
17
100
AcDbEntity
  8
OUTER
100
AcDbPolyline
 90
        5
 70
     0
 43
0.0
 10
54210.23986207627
 20
-2067.753412468242
 10
55156.38986207627
 20
-2067.753412468242
 10
55156.38986207627
 20
-1966.153412468236
 10
54210.23986207627
 20
-1966.153412468236
 10
54210.23986207627
 20
-2067.753412468242
  0
TEXT
  5
1A6
330
17
100
AcDbEntity
  8
NUMBERS
100
AcDbText
 10
54593.31486207628
 20
-2031.953412468239
 30
0.0
 40
30.0
  1
B4厨房-15
 72
     1
 11
54683.31486207627
 21
-2016.953412468239
 31
0.0
100
AcDbText
 73
     2
  0
LWPOLYLINE
  5
1A7
330
17
100
AcDbEntity
  8
OUTER
100
AcDbPolyline
 90
        5
 70
     0
 43
0.0
 10
59180.97226769668
 20
-2067.753412468242
 10
60127.12226769668
 20
-2067.753412468242
 10
60127.12226769668
 20
-1966.153412468236
 10
59180.97226769668
 20
-1966.153412468236
 10
59180.97226769668
 20
-2067.753412468242
  0
TEXT
  5
1A8
330
17
100
AcDbEntity
  8
NUMBERS
100
AcDbText
 10
59564.04726769668
 20
-2031.953412468239
 30
0.0
 40
30.0
  1
B4厨房-16
 72
     1
 11
59654.04726769668
 21
-2016.95341246824
 31
0.0
100
AcDbText
 73
     2
  0
LWPOLYLINE
  5
1A9
330
17
100
AcDbEntity
  8
OUTER
100
AcDbPolyline
 90
        5
 70
     0
 43
0.0
 10
64095.72684127795
 20
-2067.753412468242
 10
65041.87684127795
 20
-2067.753412468242
 10
65041.87684127795
 20
-1966.153412468236
 10
64095.72684127795
 20
-1966.153412468236
 10
64095.72684127795
 20
-2067.753412468242
  0
TEXT
  5
1AA
330
17
100
AcDbEntity
  8
NUMBERS
100
AcDbText
 10
64478.80184127796
 20
-2031.953412468239
 30
0.0
 40
30.0
  1
B4厨房-17
 72
     1
 11
64568.80184127795
 21
-2016.953412468239
 31
0.0
100
AcDbText
 73
     2
  0
LWPOLYLINE
  5
1AB
330
17
100
AcDbEntity
  8
OUTER
100
AcDbPolyline
 90
        5
 70
     0
 43
0.0
 10
70078.12396922103
 20
-2065.253412468242
 10
71024.27396922106
 20
-2065.253412468242
 10
71024.27396922106
 20
-1963.653412468237
 10
70078.12396922103
 20
-1963.653412468237
 10
70078.12396922103
 20
-2065.253412468242
  0
TEXT
  5
1AC
330
17
100
AcDbEntity
  8
NUMBERS
100
AcDbText
 10
70461.19896922105
 20
-2029.45341246824
 30
0.0
 40
30.0
  1
B4厨房-18
 72
     1
 11
70551.19896922104
 21
-2014.45341246824
 31
0.0
100
AcDbText
 73
     2
  0
LWPOLYLINE
  5
1AD
330
17
100
AcDbEntity
  8
OUTER
100
AcDbPolyline
 90
        5
 70
     0
 43
0.0
 10
44805.60425259011
 20
-7497.007627912812
 10
45751.75425259011
 20
-7497.007627912812
 10
45751.75425259011
 20
-6908.045127912803
 10
44805.60425259011
 20
-6908.045127912803
 10
44805.60425259011
 20
-7497.007627912812
  0
TEXT
  5
1AE
330
17
100
AcDbEntity
  8
NUMBERS
100
AcDbText
 10
44945.34591925678
 20
-7242.526377912806
 30
0.0
 40
80.0
  1
B5主人卫生间-01
 72
     1
 11
45278.67925259012
 21
-7202.526377912807
 31
0.0
100
AcDbText
 73
     2
  0
LWPOLYLINE
  5
1AF
330
17
100
AcDbEntity
  8
OUTER
100
AcDbPolyline
 90
        5
 70
     0
 43
0.0
 10
46095.94166215125
 20
-7496.439752566992
 10
46197.54166215126
 20
-7496.439752566992
 10
46197.54166215126
 20
-6907.477252566983
 10
46095.94166215125
 20
-6907.477252566983
 10
46095.94166215125
 20
-7496.439752566992
  0
TEXT
  5
1B0
330
17
100
AcDbEntity
  8
NUMBERS
100
AcDbText
 10
46085.59351400311
 20
-7209.014058122544
 30
0.0
 40
14.11111111111192
  1
B5主人卫生间-02
 72
     1
 11
46146.74166215126
 21
-7201.958502566988
 31
0.0
100
AcDbText
 73
     2
  0
LWPOLYLINE
  5
1B1
330
17
100
AcDbEntity
  8
OUTER
100
AcDbPolyline
 90
        5
 70
     0
 43
0.0
 10
48392.6670777025
 20
-7497.007627912812
 10
49338.8170777025
 20
-7497.007627912812
 10
49338.8170777025
 20
-6908.045127912803
 10
48392.6670777025
 20
-6908.045127912803
 10
48392.6670777025
 20
-7497.007627912812
  0
TEXT
  5
1B2
330
17
100
AcDbEntity
  8
NUMBERS
100
AcDbText
 10
48519.07541103583
 20
-7242.526377912806
 30
0.0
 40
80.0
  1
B5主人卫生间-03
 72
     1
 11
48865.7420777025
 21
-7202.526377912807
 31
0.0
100
AcDbText
 73
     2
  0
LWPOLYLINE
  5
1B3
330
17
100
AcDbEntity
  8
OUTER
100
AcDbPolyline
 90
        5
 70
     0
 43
0.0
 10
49683.00448726366
 20
-7496.439752566992
 10
49784.60448726366
 20
-7496.439752566992
 10
49784.60448726366
 20
-6907.477252566983
 10
49683.00448726366
 20
-6907.477252566983
 10
49683.00448726366
 20
-7496.439752566992
  0
TEXT
  5
1B4
330
17
100
AcDbEntity
  8
NUMBERS
100
AcDbText
 10
49672.65633911552
 20
-7209.014058122544
 30
0.0
 40
14.11111111111192
  1
B5主人卫生间-04
 72
     1
 11
49733.80448726368
 21
-7201.958502566988
 31
0.0
100
AcDbText
 73
     2
  0
LWPOLYLINE
  5
1B5
330
17
100
AcDbEntity
  8
OUTER
100
AcDbPolyline
 90
        5
 70
     0
 43
0.0
 10
51927.53990153565
 20
-7497.007627912812
 10
52873.68990153565
 20
-7497.007627912812
 10
52873.68990153565
 20
-6908.045127912803
 10
51927.53990153565
 20
-6908.045127912803
 10
51927.53990153565
 20
-7497.007627912812
  0
TEXT
  5
1B6
330
17
100
AcDbEntity
  8
NUMBERS
100
AcDbText
 10
52053.94823486897
 20
-7242.526377912806
 30
0.0
 40
80.0
  1
B5主人卫生间-05
 72
     1
 11
52400.61490153563
 21
-7202.526377912807
 31
0.0
100
AcDbText
 73
     2
  0
LWPOLYLINE
  5
1B7
330
17
100
AcDbEntity
  8
OUTER
100
AcDbPolyline
 90
        5
 70
     0
 43
0.0
 10
53217.87731109679
 20
-7496.439752566992
 10
53319.47731109679
 20
-7496.439752566992
 10
53319.47731109679
 20
-6907.477252566983
 10
53217.87731109679
 20
-6907.477252566983
 10
53217.87731109679
 20
-7496.439752566992
  0
TEXT
  5
1B8
330
17
100
AcDbEntity
  8
NUMBERS
100
AcDbText
 10
53207.52916294865
 20
-7209.014058122544
 30
0.0
 40
14.11111111111091
  1
B5主人卫生间-06
 72
     1
 11
53268.6773110968
 21
-7201.958502566988
 31
0.0
100
AcDbText
 73
     2
  0
LWPOLYLINE
  5
1B9
330
17
100
AcDbEntity
  8
OUTER
100
AcDbPolyline
 90
        5
 70
     0
 43
0.0
 10
55805.22460860158
 20
-7513.881566087714
 10
56751.37460860157
 20
-7513.881566087714
 10
56751.37460860157
 20
-6924.919066087722
 10
55805.22460860158
 20
-6924.919066087722
 10
55805.22460860158
 20
-7513.881566087714
  0
TEXT
  5
1BA
330
17
100
AcDbEntity
  8
NUMBERS
100
AcDbText
 10
55931.63294193493
 20
-7259.400316087718
 30
0.0
 40
80.0
  1
B5主人卫生间-07
 72
     1
 11
56278.29960860159
 21
-7219.400316087718
 31
0.0
100
AcDbText
 73
     2
  0
LWPOLYLINE
  5
1BB
330
17
100
AcDbEntity
  8
OUTER
100
AcDbPolyline
 90
        5
 70
     0
 43
0.0
 10
57095.56201816272
 20
-7513.313690741894
 10
57197.16201816272
 20
-7513.313690741894
 10
57197.16201816272
 20
-6924.351190741901
 10
57095.56201816272
 20
-6924.351190741901
 10
57095.56201816272
 20
-7513.313690741894
  0
TEXT
  5
1BC
330
17
100
AcDbEntity
  8
NUMBERS
100
AcDbText
 10
57085.21387001459
 20
-7225.887996297455
 30
0.0
 40
14.11111111111091
  1
B5主人卫生间-08
 72
     1
 11
57146.36201816273
 21
-7218.832440741898
 31
0.0
100
AcDbText
 73
     2
  0
LWPOLYLINE
  5
1BD
330
17
100
AcDbEntity
  8
OUTER
100
AcDbPolyline
 90
        5
 70
     0
 43
0.0
 10
59557.66394300111
 20
-7513.881566087714
 10
60503.81394300111
 20
-7513.881566087714
 10
60503.81394300111
 20
-6924.919066087722
 10
59557.66394300111
 20
-6924.919066087722
 10
59557.66394300111
 20
-7513.881566087714
  0
TEXT
  5
1BE
330
17
100
AcDbEntity
  8
NUMBERS
100
AcDbText
 10
59684.07227633446
 20
-7259.400316087718
 30
0.0
 40
80.0
  1
B5主人卫生间-09
 72
     1
 11
60030.73894300112
 21
-7219.400316087718
 31
0.0
100
AcDbText
 73
     2
  0
LWPOLYLINE
  5
1BF
330
17
100
AcDbEntity
  8
OUTER
100
AcDbPolyline
 90
        5
 70
     0
 43
0.0
 10
60848.00135256226
 20
-7513.313690741894
 10
60949.60135256226
 20
-7513.313690741894
 10
60949.60135256226
 20
-6924.351190741901
 10
60848.00135256226
 20
-6924.351190741901
 10
60848.00135256226
 20
-7513.313690741894
  0
TEXT
  5
1C0
330
17
100
AcDbEntity
  8
NUMBERS
100
AcDbText
 10
60840.00505626598
 20
-7225.887996297455
 30
0.0
 40
14.11111111111091
  1
B5主人卫生间-10
 72
     1
 11
60898.80135256227
 21
-7218.832440741898
 31
0.0
100
AcDbText
 73
     2
  0
LWPOLYLINE
  5
1C1
330
17
100
AcDbEntity
  8
OUTER
100
AcDbPolyline
 90
        5
 70
     0
 43
0.0
 10
63016.2383143255
 20
-7513.881566087714
 10
63962.3883143255
 20
-7513.881566087714
 10
63962.3883143255
 20
-6924.919066087722
 10
63016.2383143255
 20
-6924.919066087722
 10
63016.2383143255
 20
-7513.881566087714
  0
TEXT
  5
1C2
330
17
100
AcDbEntity
  8
NUMBERS
100
AcDbText
 10
63162.64664765885
 20
-7259.400316087718
 30
0.0
 40
80.0
  1
B5主人卫生间-11
 72
     1
 11
63489.31331432551
 21
-7219.400316087718
 31
0.0
100
AcDbText
 73
     2
  0
LWPOLYLINE
  5
1C3
330
17
100
AcDbEntity
  8
OUTER
100
AcDbPolyline
 90
        5
 70
     0
 43
0.0
 10
64306.57572388665
 20
-7513.313690741894
 10
64408.17572388665
 20
-7513.313690741894
 10
64408.17572388665
 20
-6924.351190741901
 10
64306.57572388665
 20
-6924.351190741901
 10
64306.57572388665
 20
-7513.313690741894
  0
TEXT
  5
1C4
330
17
100
AcDbEntity
  8
NUMBERS
100
AcDbText
 10
64297.40350166444
 20
-7225.887996297455
 30
0.0
 40
14.11111111111091
  1
B5主人卫生间-12
 72
     1
 11
64357.37572388665
 21
-7218.832440741898
 31
0.0
100
AcDbText
 73
     2
  0
LWPOLYLINE
  5
1C5
330
17
100
AcDbEntity
  8
OUTER
100
AcDbPolyline
 90
        5
 70
     0
 43
0.0
 10
66968.66150022207
 20
-7503.549534126957
 10
67914.81150022206
 20
-7503.549534126957
 10
67914.81150022206
 20
-6914.587034126947
 10
66968.66150022207
 20
-6914.587034126947
 10
66968.66150022207
 20
-7503.549534126957
  0
TEXT
  5
1C6
330
17
100
AcDbEntity
  8
NUMBERS
100
AcDbText
 10
67101.73650022206
 20
-7249.06828412695
 30
0.0
 40
80.0
  1
B5主人卫生间-13
 72
     1
 11
67441.73650022206
 21
-7209.068284126951
 31
0.0
100
AcDbText
 73
     2
  0
LWPOLYLINE
  5
1C7
330
17
100
AcDbEntity
  8
OUTER
100
AcDbPolyline
 90
        5
 70
     0
 43
0.0
 10
68258.99890978321
 20
-7502.981658781137
 10
68360.59890978322
 20
-7502.981658781137
 10
68360.59890978322
 20
-6914.019158781127
 10
68258.99890978321
 20
-6914.019158781127
 10
68258.99890978321
 20
-7502.981658781137
  0
TEXT
  5
1C8
330
17
100
AcDbEntity
  8
NUMBERS
100
AcDbText
 10
68249.826687561
 20
-7215.555964336687
 30
0.0
 40
14.11111111111192
  1
B5主人卫生间-14
 72
     1
 11
68309.79890978322
 21
-7208.500408781131
 31
0.0
100
AcDbText
 73
     2
  0
LWPOLYLINE
  5
1C9
330
17
100
AcDbEntity
  8
OUTER
100
AcDbPolyline
 90
        5
 70
     0
 43
0.0
 10
70555.72432533447
 20
-7503.549534126957
 10
71501.87432533446
 20
-7503.549534126957
 10
71501.87432533446
 20
-6914.587034126947
 10
70555.72432533447
 20
-6914.587034126947
 10
70555.72432533447
 20
-7503.549534126957
  0
TEXT
  5
1CA
330
17
100
AcDbEntity
  8
NUMBERS
100
AcDbText
 10
70688.79932533446
 20
-7249.06828412695
 30
0.0
 40
80.0
  1
B5主人卫生间-15
 72
     1
 11
71028.79932533446
 21
-7209.068284126951
 31
0.0
100
AcDbText
 73
     2
  0
LWPOLYLINE
  5
1CB
330
17
100
AcDbEntity
  8
OUTER
100
AcDbPolyline
 90
        5
 70
     0
 43
0.0
 10
71846.06173489561
 20
-7502.981658781137
 10
71947.66173489562
 20
-7502.981658781137
 10
71947.66173489562
 20
-6914.019158781127
 10
71846.06173489561
 20
-6914.019158781127
 10
71846.06173489561
 20
-7502.981658781137
  0
TEXT
  5
1CC
330
17
100
AcDbEntity
  8
NUMBERS
100
AcDbText
 10
71836.88951267341
 20
-7215.555964336687
 30
0.0
 40
14.11111111111192
  1
B5主人卫生间-16
 72
     1
 11
71896.86173489563
 21
-7208.500408781131
 31
0.0
100
AcDbText
 73
     2
  0
LWPOLYLINE
  5
1CD
330
17
100
AcDbEntity
  8
OUTER
100
AcDbPolyline
 90
        5
 70
     0
 43
0.0
 10
74090.5971491676
 20
-7503.549534126957
 10
75036.74714916759
 20
-7503.549534126957
 10
75036.74714916759
 20
-6914.587034126947
 10
74090.5971491676
 20
-6914.587034126947
 10
74090.5971491676
 20
-7503.549534126957
  0
TEXT
  5
1CE
330
17
100
AcDbEntity
  8
NUMBERS
100
AcDbText
 10
74223.67214916758
 20
-7249.06828412695
 30
0.0
 40
80.0
  1
B5主人卫生间-17
 72
     1
 11
74563.67214916759
 21
-7209.068284126951
 31
0.0
100
AcDbText
 73
     2
  0
LWPOLYLINE
  5
1CF
330
17
100
AcDbEntity
  8
OUTER
100
AcDbPolyline
 90
        5
 70
     0
 43
0.0
 10
75380.93455872875
 20
-7502.981658781137
 10
75482.53455872876
 20
-7502.981658781137
 10
75482.53455872876
 20
-6914.019158781127
 10
75380.93455872875
 20
-6914.019158781127
 10
75380.93455872875
 20
-7502.981658781137
  0
TEXT
  5
1D0
330
17
100
AcDbEntity
  8
NUMBERS
100
AcDbText
 10
75371.76233650654
 20
-7215.555964336687
 30
0.0
 40
14.11111111111192
  1
B5主人卫生间-18
 72
     1
 11
75431.73455872875
 21
-7208.500408781131
 31
0.0
100
AcDbText
 73
     2
  0
LWPOLYLINE
  5
1D1
330
17
100
AcDbEntity
  8
OUTER
100
AcDbPolyline
 90
        5
 70
     0
 43
0.0
 10
77968.28185623353
 20
-7520.423472301859
 10
78914.43185623352
 20
-7520.423472301859
 10
78914.43185623352
 20
-6931.460972301866
 10
77968.28185623353
 20
-6931.460972301866
 10
77968.28185623353
 20
-7520.423472301859
  0
TEXT
  5
1D2
330
17
100
AcDbEntity
  8
NUMBERS
100
AcDbText
 10
78101.35685623353
 20
-7265.942222301863
 30
0.0
 40
80.0
  1
B5主人卫生间-19
 72
     1
 11
78441.35685623353
 21
-7225.942222301863
 31
0.0
100
AcDbText
 73
     2
  0
LWPOLYLINE
  5
1D3
330
17
100
AcDbEntity
  8
OUTER
100
AcDbPolyline
 90
        5
 70
     0
 43
0.0
 10
79258.61926579468
 20
-7519.85559695604
 10
79360.21926579469
 20
-7519.85559695604
 10
79360.21926579469
 20
-6930.893096956046
 10
79258.61926579468
 20
-6930.893096956046
 10
79258.61926579468
 20
-7519.85559695604
  0
TEXT
  5
1D4
330
17
100
AcDbEntity
  8
NUMBERS
100
AcDbText
 10
79248.27111764654
 20
-7232.429902511597
 30
0.0
 40
14.11111111111192
  1
B5主人卫生间-20
 72
     1
 11
79309.41926579468
 21
-7225.374346956042
 31
0.0
100
AcDbText
 73
     2
  0
LWPOLYLINE
  5
1D5
330
17
100
AcDbEntity
  8
OUTER
100
AcDbPolyline
 90
        5
 70
     0
 43
0.0
 10
81720.72119063306
 20
-7520.423472301859
 10
82666.87119063307
 20
-7520.423472301859
 10
82666.87119063307
 20
-6931.460972301866
 10
81720.72119063306
 20
-6931.460972301866
 10
81720.72119063306
 20
-7520.423472301859
  0
TEXT
  5
1D6
330
17
100
AcDbEntity
  8
NUMBERS
100
AcDbText
 10
81853.79619063306
 20
-7265.942222301863
 30
0.0
 40
80.0
  1
B5主人卫生间-21
 72
     1
 11
82193.79619063307
 21
-7225.942222301863
 31
0.0
100
AcDbText
 73
     2
  0
LWPOLYLINE
  5
1D7
330
17
100
AcDbEntity
  8
OUTER
100
AcDbPolyline
 90
        5
 70
     0
 43
0.0
 10
83011.05860019422
 20
-7519.85559695604
 10
83112.65860019421
 20
-7519.85559695604
 10
83112.65860019421
 20
-6930.893096956046
 10
83011.05860019422
 20
-6930.893096956046
 10
83011.05860019422
 20
-7519.85559695604
  0
TEXT
  5
1D8
330
17
100
AcDbEntity
  8
NUMBERS
100
AcDbText
 10
82999.53452612015
 20
-7232.429902511597
 30
0.0
 40
14.1111111111099
  1
B5主人卫生间-22
 72
     1
 11
83061.85860019423
 21
-7225.374346956042
 31
0.0
100
AcDbText
 73
     2
  0
LWPOLYLINE
  5
1D9
330
17
100
AcDbEntity
  8
OUTER
100
AcDbPolyline
 90
        5
 70
     0
 43
0.0
 10
85179.29556195745
 20
-7520.423472301859
 10
86125.44556195745
 20
-7520.423472301859
 10
86125.44556195745
 20
-6931.460972301866
 10
85179.29556195745
 20
-6931.460972301866
 10
85179.29556195745
 20
-7520.423472301859
  0
TEXT
  5
1DA
330
17
100
AcDbEntity
  8
NUMBERS
100
AcDbText
 10
85299.03722862412
 20
-7265.942222301863
 30
0.0
 40
80.0
  1
B5主人卫生间-23
 72
     1
 11
85652.37056195744
 21
-7225.942222301863
 31
0.0
100
AcDbText
 73
     2
  0
LWPOLYLINE
  5
1DB
330
17
100
AcDbEntity
  8
OUTER
100
AcDbPolyline
 90
        5
 70
     0
 43
0.0
 10
86469.63297151858
 20
-7519.85559695604
 10
86571.2329715186
 20
-7519.85559695604
 10
86571.2329715186
 20
-6930.893096956046
 10
86469.63297151858
 20
-6930.893096956046
 10
86469.63297151858
 20
-7519.85559695604
  0
TEXT
  5
1DC
330
17
100
AcDbEntity
  8
NUMBERS
100
AcDbText
 10
86458.10889744451
 20
-7232.429902511599
 30
0.0
 40
14.11111111111394
  1
B5主人卫生间-24
 72
     1
 11
86520.43297151861
 21
-7225.374346956042
 31
0.0
100
AcDbText
 73
     2
  0
LWPOLYLINE
  5
1DD
330
17
100
AcDbEntity
  8
OUTER
100
AcDbPolyline
 90
        5
 70
     0
 43
0.0
 10
84595.30201073809
 20
-9659.634335443628
 10
85052.50201073806
 20
-9659.634335443628
 10
85052.50201073806
 20
-9015.109335443629
 10
84595.30201073809
 20
-9015.109335443629
 10
84595.30201073809
 20
-9659.634335443628
  0
TEXT
  5
1DE
330
17
100
AcDbEntity
  8
NUMBERS
100
AcDbText
 10
84543.44367740477
 20
-9369.121835443626
 30
0.0
 40
63.4999999999996
  1
B5主人卫生间-25
 72
     1
 11
84823.9020107381
 21
-9337.371835443628
 31
0.0
100
AcDbText
 73
     2
  0
LWPOLYLINE
  5
1DF
330
17
100
AcDbEntity
  8
OUTER
100
AcDbPolyline
 90
        5
 70
     0
 43
0.0
 10
44942.06343223761
 20
-11338.72360272829
 10
45888.21343223761
 20
-11338.72360272829
 10
45888.21343223761
 20
-10749.76110272828
 10
44942.06343223761
 20
-10749.76110272828
 10
44942.06343223761
 20
-11338.72360272829
  0
TEXT
  5
1E0
330
17
100
AcDbEntity
  8
NUMBERS
100
AcDbText
 10
45061.80509890428
 20
-11084.24235272828
 30
0.0
 40
80.0
  1
B5主人卫生间-26
 72
     1
 11
45415.13843223762
 21
-11044.24235272828
 31
0.0
100
AcDbText
 73
     2
  0
LWPOLYLINE
  5
1E1
330
17
100
AcDbEntity
  8
OUTER
100
AcDbPolyline
 90
        5
 70
     0
 43
0.0
 10
46232.40084179875
 20
-11338.15572738247
 10
46334.00084179876
 20
-11338.15572738247
 10
46334.00084179876
 20
-10749.19322738246
 10
46232.40084179875
 20
-10749.19322738246
 10
46232.40084179875
 20
-11338.15572738247
  0
TEXT
  5
1E2
330
17
100
AcDbEntity
  8
NUMBERS
100
AcDbText
 10
46220.87676772467
 20
-11050.73003293802
 30
0.0
 40
14.11111111111192
  1
B5主人卫生间-27
 72
     1
 11
46283.20084179875
 21
-11043.67447738246
 31
0.0
100
AcDbText
 73
     2
  0
LWPOLYLINE
  5
1E3
330
17
100
AcDbEntity
  8
OUTER
100
AcDbPolyline
 90
        5
 70
     0
 43
0.0
 10
48529.12625735
 20
-11338.72360272829
 10
49475.27625735
 20
-11338.72360272829
 10
49475.27625735
 20
-10749.76110272828
 10
48529.12625735
 20
-10749.76110272828
 10
48529.12625735
 20
-11338.72360272829
  0
TEXT
  5
1E4
330
17
100
AcDbEntity
  8
NUMBERS
100
AcDbText
 10
48648.86792401668
 20
-11084.24235272828
 30
0.0
 40
80.0
  1
B5主人卫生间-28
 72
     1
 11
49002.20125735001
 21
-11044.24235272828
 31
0.0
100
AcDbText
 73
     2
  0
LWPOLYLINE
  5
1E5
330
17
100
AcDbEntity
  8
OUTER
100
AcDbPolyline
 90
        5
 70
     0
 43
0.0
 10
49819.46366691116
 20
-11338.15572738247
 10
49921.06366691116
 20
-11338.15572738247
 10
49921.06366691116
 20
-10749.19322738246
 10
49819.46366691116
 20
-10749.19322738246
 10
49819.46366691116
 20
-11338.15572738247
  0
TEXT
  5
1E6
330
17
100
AcDbEntity
  8
NUMBERS
100
AcDbText
 10
49807.93959283707
 20
-11050.73003293802
 30
0.0
 40
14.11111111111192
  1
B5主人卫生间-29
 72
     1
 11
49870.26366691115
 21
-11043.67447738246
 31
0.0
100
AcDbText
 73
     2
  0
LWPOLYLINE
  5
1E7
330
17
100
AcDbEntity
  8
OUTER
100
AcDbPolyline
 90
        5
 70
     0
 43
0.0
 10
52063.99908118315
 20
-11338.72360272829
 10
53010.14908118315
 20
-11338.72360272829
 10
53010.14908118315
 20
-10749.76110272828
 10
52063.99908118315
 20
-10749.76110272828
 10
52063.99908118315
 20
-11338.72360272829
  0
TEXT
  5
1E8
330
17
100
AcDbEntity
  8
NUMBERS
100
AcDbText
 10
52190.40741451649
 20
-11084.24235272828
 30
0.0
 40
80.0
  1
B5主人卫生间-30
 72
     1
 11
52537.07408118315
 21
-11044.24235272828
 31
0.0
100
AcDbText
 73
     2
  0
LWPOLYLINE
  5
1E9
330
17
100
AcDbEntity
  8
OUTER
100
AcDbPolyline
 90
        5
 70
     0
 43
0.0
 10
53354.33649074429
 20
-11338.15572738247
 10
53455.93649074429
 20
-11338.15572738247
 10
53455.93649074429
 20
-10749.19322738246
 10
53354.33649074429
 20
-10749.19322738246
 10
53354.33649074429
 20
-11338.15572738247
  0
TEXT
  5
1EA
330
17
100
AcDbEntity
  8
NUMBERS
100
AcDbText
 10
53345.16426852209
 20
-11050.73003293802
 30
0.0
 40
14.11111111111091
  1
B5主人卫生间-31
 72
     1
 11
53405.13649074431
 21
-11043.67447738246
 31
0.0
100
AcDbText
 73
     2
  0
LWPOLYLINE
  5
1EB
330
17
100
AcDbEntity
  8
OUTER
100
AcDbPolyline
 90
        5
 70
     0
 43
0.0
 10
55941.68378824908
 20
-11355.59754090319
 10
56887.83378824907
 20
-11355.59754090319
 10
56887.83378824907
 20
-10766.6350409032
 10
55941.68378824908
 20
-10766.6350409032
 10
55941.68378824908
 20
-11355.59754090319
  0
TEXT
  5
1EC
330
17
100
AcDbEntity
  8
NUMBERS
100
AcDbText
 10
56061.42545491573
 20
-11101.11629090319
 30
0.0
 40
80.0
  1
B5主人卫生间-32
 72
     1
 11
56414.75878824906
 21
-11061.11629090319
 31
0.0
100
AcDbText
 73
     2
  0
LWPOLYLINE
  5
1ED
330
17
100
AcDbEntity
  8
OUTER
100
AcDbPolyline
 90
        5
 70
     0
 43
0.0
 10
57232.02119781023
 20
-11355.02966555737
 10
57333.62119781022
 20
-11355.02966555737
 10
57333.62119781022
 20
-10766.06716555738
 10
57232.02119781023
 20
-10766.06716555738
 10
57232.02119781023
 20
-11355.02966555737
  0
TEXT
  5
1EE
330
17
100
AcDbEntity
  8
NUMBERS
100
AcDbText
 10
57220.49712373616
 20
-11067.60397111293
 30
0.0
 40
14.1111111111099
  1
B5主人卫生间-33
 72
     1
 11
57282.82119781022
 21
-11060.54841555737
 31
0.0
100
AcDbText
 73
     2
  0
LWPOLYLINE
  5
1EF
330
17
100
AcDbEntity
  8
OUTER
100
AcDbPolyline
 90
        5
 70
     0
 43
0.0
 10
59694.12312264861
 20
-11355.59754090319
 10
60640.27312264861
 20
-11355.59754090319
 10
60640.27312264861
 20
-10766.6350409032
 10
59694.12312264861
 20
-10766.6350409032
 10
59694.12312264861
 20
-11355.59754090319
  0
TEXT
  5
1F0
330
17
100
AcDbEntity
  8
NUMBERS
100
AcDbText
 10
59813.86478931528
 20
-11101.11629090319
 30
0.0
 40
80.0
  1
B5主人卫生间-34
 72
     1
 11
60167.19812264861
 21
-11061.11629090319
 31
0.0
100
AcDbText
 73
     2
  0
LWPOLYLINE
  5
1F1
330
17
100
AcDbEntity
  8
OUTER
100
AcDbPolyline
 90
        5
 70
     0
 43
0.0
 10
60984.46053220976
 20
-11355.02966555737
 10
61086.06053220976
 20
-11355.02966555737
 10
61086.06053220976
 20
-10766.06716555738
 10
60984.46053220976
 20
-10766.06716555738
 10
60984.46053220976
 20
-11355.02966555737
  0
TEXT
  5
1F2
330
17
100
AcDbEntity
  8
NUMBERS
100
AcDbText
 10
60972.93645813569
 20
-11067.60397111293
 30
0.0
 40
14.11111111111091
  1
B5主人卫生间-35
 72
     1
 11
61035.26053220976
 21
-11060.54841555737
 31
0.0
100
AcDbText
 73
     2
  0
LWPOLYLINE
  5
1F3
330
17
100
AcDbEntity
  8
OUTER
100
AcDbPolyline
 90
        5
 70
     0
 43
0.0
 10
63152.697493973
 20
-11355.59754090319
 10
64098.847493973
 20
-11355.59754090319
 10
64098.847493973
 20
-10766.6350409032
 10
63152.697493973
 20
-10766.6350409032
 10
63152.697493973
 20
-11355.59754090319
  0
TEXT
  5
1F4
330
17
100
AcDbEntity
  8
NUMBERS
100
AcDbText
 10
63272.43916063965
 20
-11101.11629090319
 30
0.0
 40
80.0
  1
B5主人卫生间-36
 72
     1
 11
63625.77249397299
 21
-11061.11629090319
 31
0.0
100
AcDbText
 73
     2
  0
LWPOLYLINE
  5
1F5
330
17
100
AcDbEntity
  8
OUTER
100
AcDbPolyline
 90
        5
 70
     0
 43
0.0
 10
64443.03490353415
 20
-11355.02966555737
 10
64544.63490353415
 20
-11355.02966555737
 10
64544.63490353415
 20
-10766.06716555738
 10
64443.03490353415
 20
-10766.06716555738
 10
64443.03490353415
 20
-11355.02966555737
  0
TEXT
  5
1F6
330
17
100
AcDbEntity
  8
NUMBERS
100
AcDbText
 10
64431.51082946008
 20
-11067.60397111293
 30
0.0
 40
14.11111111111091
  1
B5主人卫生间-37
 72
     1
 11
64493.83490353416
 21
-11060.54841555737
 31
0.0
100
AcDbText
 73
     2
  0
LWPOLYLINE
  5
1F7
330
17
100
AcDbEntity
  8
OUTER
100
AcDbPolyline
 90
        5
 70
     0
 43
0.0
 10
67623.84423723725
 20
-11338.72360272829
 10
68569.99423723724
 20
-11338.72360272829
 10
68569.99423723724
 20
-10749.76110272828
 10
67623.84423723725
 20
-10749.76110272828
 10
67623.84423723725
 20
-11338.72360272829
  0
TEXT
  5
1F8
330
17
100
AcDbEntity
  8
NUMBERS
100
AcDbText
 10
67743.58590390392
 20
-11084.24235272828
 30
0.0
 40
80.0
  1
B5主人卫生间-38
 72
     1
 11
68096.91923723725
 21
-11044.24235272828
 31
0.0
100
AcDbText
 73
     2
  0
LWPOLYLINE
  5
1F9
330
17
100
AcDbEntity
  8
OUTER
100
AcDbPolyline
 90
        5
 70
     0
 43
0.0
 10
68914.1816467984
 20
-11338.15572738247
 10
69015.78164679841
 20
-11338.15572738247
 10
69015.78164679841
 20
-10749.19322738246
 10
68914.1816467984
 20
-10749.19322738246
 10
68914.1816467984
 20
-11338.15572738247
  0
TEXT
  5
1FA
330
17
100
AcDbEntity
  8
NUMBERS
100
AcDbText
 10
68902.65757272433
 20
-11050.73003293802
 30
0.0
 40
14.11111111111192
  1
B5主人卫生间-39
 72
     1
 11
68964.9816467984
 21
-11043.67447738246
 31
0.0
100
AcDbText
 73
     2
  0
LWPOLYLINE
  5
1FB
330
17
100
AcDbEntity
  8
OUTER
100
AcDbPolyline
 90
        5
 70
     0
 43
0.0
 10
71210.90706234965
 20
-11338.72360272829
 10
72157.05706234964
 20
-11338.72360272829
 10
72157.05706234964
 20
-10749.76110272828
 10
71210.90706234965
 20
-10749.76110272828
 10
71210.90706234965
 20
-11338.72360272829
  0
TEXT
  5
1FC
330
17
100
AcDbEntity
  8
NUMBERS
100
AcDbText
 10
71337.31539568297
 20
-11084.24235272828
 30
0.0
 40
80.0
  1
B5主人卫生间-40
 72
     1
 11
71683.98206234964
 21
-11044.24235272828
 31
0.0
100
AcDbText
 73
     2
  0
LWPOLYLINE
  5
1FD
330
17
100
AcDbEntity
  8
OUTER
100
AcDbPolyline
 90
        5
 70
     0
 43
0.0
 10
72501.2444719108
 20
-11338.15572738247
 10
72602.84447191081
 20
-11338.15572738247
 10
72602.84447191081
 20
-10749.19322738246
 10
72501.2444719108
 20
-10749.19322738246
 10
72501.2444719108
 20
-11338.15572738247
  0
TEXT
  5
1FE
330
17
100
AcDbEntity
  8
NUMBERS
100
AcDbText
 10
72492.07224968858
 20
-11050.73003293802
 30
0.0
 40
14.11111111111192
  1
B5主人卫生间-41
 72
     1
 11
72552.0444719108
 21
-11043.67447738246
 31
0.0
100
AcDbText
 73
     2
  0
LWPOLYLINE
  5
1FF
330
17
100
AcDbEntity
  8
OUTER
100
AcDbPolyline
 90
        5
 70
     0
 43
0.0
 10
74745.77988618277
 20
-11338.72360272829
 10
75691.92988618277
 20
-11338.72360272829
 10
75691.92988618277
 20
-10749.76110272828
 10
74745.77988618277
 20
-10749.76110272828
 10
74745.77988618277
 20
-11338.72360272829
  0
TEXT
  5
200
330
17
100
AcDbEntity
  8
NUMBERS
100
AcDbText
 10
74865.52155284946
 20
-11084.24235272828
 30
0.0
 40
80.0
  1
B5主人卫生间-42
 72
     1
 11
75218.85488618279
 21
-11044.24235272828
 31
0.0
100
AcDbText
 73
     2
  0
LWPOLYLINE
  5
201
330
17
100
AcDbEntity
  8
OUTER
100
AcDbPolyline
 90
        5
 70
     0
 43
0.0
 10
76036.11729574394
 20
-11338.15572738247
 10
76137.71729574395
 20
-11338.15572738247
 10
76137.71729574395
 20
-10749.19322738246
 10
76036.11729574394
 20
-10749.19322738246
 10
76036.11729574394
 20
-11338.15572738247
  0
TEXT
  5
202
330
17
100
AcDbEntity
  8
NUMBERS
100
AcDbText
 10
76024.59322166986
 20
-11050.73003293802
 30
0.0
 40
14.11111111111192
  1
B5主人卫生间-43
 72
     1
 11
76086.91729574393
 21
-11043.67447738246
 31
0.0
100
AcDbText
 73
     2
  0
LWPOLYLINE
  5
203
330
17
100
AcDbEntity
  8
OUTER
100
AcDbPolyline
 90
        5
 70
     0
 43
0.0
 10
78623.46459324871
 20
-11355.59754090319
 10
79569.61459324871
 20
-11355.59754090319
 10
79569.61459324871
 20
-10766.6350409032
 10
78623.46459324871
 20
-10766.6350409032
 10
78623.46459324871
 20
-11355.59754090319
  0
TEXT
  5
204
330
17
100
AcDbEntity
  8
NUMBERS
100
AcDbText
 10
78743.20625991539
 20
-11101.11629090319
 30
0.0
 40
80.0
  1
B5主人卫生间-44
 72
     1
 11
79096.53959324871
 21
-11061.11629090319
 31
0.0
100
AcDbText
 73
     2
  0
LWPOLYLINE
  5
205
330
17
100
AcDbEntity
  8
OUTER
100
AcDbPolyline
 90
        5
 70
     0
 43
0.0
 10
79913.80200280987
 20
-11355.02966555737
 10
80015.40200280988
 20
-11355.02966555737
 10
80015.40200280988
 20
-10766.06716555738
 10
79913.80200280987
 20
-10766.06716555738
 10
79913.80200280987
 20
-11355.02966555737
  0
TEXT
  5
206
330
17
100
AcDbEntity
  8
NUMBERS
100
AcDbText
 10
79902.2779287358
 20
-11067.60397111293
 30
0.0
 40
14.11111111111192
  1
B5主人卫生间-45
 72
     1
 11
79964.60200280987
 21
-11060.54841555737
 31
0.0
100
AcDbText
 73
     2
  0
LWPOLYLINE
  5
207
330
17
100
AcDbEntity
  8
OUTER
100
AcDbPolyline
 90
        5
 70
     0
 43
0.0
 10
82375.90392764825
 20
-11355.59754090319
 10
83322.05392764825
 20
-11355.59754090319
 10
83322.05392764825
 20
-10766.6350409032
 10
82375.90392764825
 20
-10766.6350409032
 10
82375.90392764825
 20
-11355.59754090319
  0
TEXT
  5
208
330
17
100
AcDbEntity
  8
NUMBERS
100
AcDbText
 10
82495.64559431494
 20
-11101.11629090319
 30
0.0
 40
80.0
  1
B5主人卫生间-46
 72
     1
 11
82848.97892764826
 21
-11061.11629090319
 31
0.0
100
AcDbText
 73
     2
  0
LWPOLYLINE
  5
209
330
17
100
AcDbEntity
  8
OUTER
100
AcDbPolyline
 90
        5
 70
     0
 43
0.0
 10
83666.24133720939
 20
-11355.02966555737
 10
83767.8413372094
 20
-11355.02966555737
 10
83767.8413372094
 20
-10766.06716555738
 10
83666.24133720939
 20
-10766.06716555738
 10
83666.24133720939
 20
-11355.02966555737
  0
TEXT
  5
20A
330
17
100
AcDbEntity
  8
NUMBERS
100
AcDbText
 10
83654.71726313531
 20
-11067.60397111293
 30
0.0
 40
14.11111111111192
  1
B5主人卫生间-47
 72
     1
 11
83717.04133720939
 21
-11060.54841555737
 31
0.0
100
AcDbText
 73
     2
  0
LWPOLYLINE
  5
20B
330
17
100
AcDbEntity
  8
OUTER
100
AcDbPolyline
 90
        5
 70
     0
 43
0.0
 10
44573.29106763423
 20
-5797.884489613323
 10
46408.44106763424
 20
-5797.884489613323
 10
46408.44106763424
 20
-5153.359489613329
 10
44573.29106763423
 20
-5153.359489613329
 10
44573.29106763423
 20
-5797.884489613323
  0
TEXT
  5
20C
330
17
100
AcDbEntity
  8
NUMBERS
100
AcDbText
 10
45257.5327343009
 20
-5515.621989613326
 30
0.0
 40
80.0
  1
B5厨房-01
 72
     1
 11
45490.86606763424
 21
-5475.621989613326
 31
0.0
100
AcDbText
 73
     2
  0
LWPOLYLINE
  5
20D
330
17
100
AcDbEntity
  8
OUTER
100
AcDbPolyline
 90
        5
 70
     0
 43
0.0
 10
47025.00233567994
 20
-5801.044422453241
 10
47482.20233567995
 20
-5801.044422453241
 10
47482.20233567995
 20
-5156.519422453246
 10
47025.00233567994
 20
-5156.519422453246
 10
47025.00233567994
 20
-5801.044422453241
  0
TEXT
  5
20E
330
17
100
AcDbEntity
  8
NUMBERS
100
AcDbText
 10
47006.93566901327
 20
-5518.781922453243
 30
0.0
 40
80.0
  1
B5厨房-02
 72
     1
 11
47253.60233567994
 21
-5478.781922453243
 31
0.0
100
AcDbText
 73
     2
  0
LWPOLYLINE
  5
20F
330
17
100
AcDbEntity
  8
OUTER
100
AcDbPolyline
 90
        5
 70
     0
 43
0.0
 10
48160.35389274664
 20
-5797.884489613323
 10
49995.50389274665
 20
-5797.884489613323
 10
49995.50389274665
 20
-5153.359489613329
 10
48160.35389274664
 20
-5153.359489613329
 10
48160.35389274664
 20
-5797.884489613323
  0
TEXT
  5
210
330
17
100
AcDbEntity
  8
NUMBERS
100
AcDbText
 10
48831.26222607997
 20
-5515.621989613326
 30
0.0
 40
80.0
  1
B5厨房-03
 72
     1
 11
49077.92889274664
 21
-5475.621989613326
 31
0.0
100
AcDbText
 73
     2
  0
LWPOLYLINE
  5
211
330
17
100
AcDbEntity
  8
OUTER
100
AcDbPolyline
 90
        5
 70
     0
 43
0.0
 10
50612.06516079235
 20
-5801.044422453241
 10
51069.26516079233
 20
-5801.044422453241
 10
51069.26516079233
 20
-5156.519422453246
 10
50612.06516079235
 20
-5156.519422453246
 10
50612.06516079235
 20
-5801.044422453241
  0
TEXT
  5
212
330
17
100
AcDbEntity
  8
NUMBERS
100
AcDbText
 10
50593.99849412566
 20
-5518.781922453243
 30
0.0
 40
80.0
  1
B5厨房-04
 72
     1
 11
50840.66516079233
 21
-5478.781922453244
 31
0.0
100
AcDbText
 73
     2
  0
LWPOLYLINE
  5
213
330
17
100
AcDbEntity
  8
OUTER
100
AcDbPolyline
 90
        5
 70
     0
 43
0.0
 10
51695.22671657978
 20
-5797.884489613323
 10
53530.37671657978
 20
-5797.884489613323
 10
53530.37671657978
 20
-5153.359489613329
 10
51695.22671657978
 20
-5153.359489613329
 10
51695.22671657978
 20
-5797.884489613323
  0
TEXT
  5
214
330
17
100
AcDbEntity
  8
NUMBERS
100
AcDbText
 10
52366.13504991312
 20
-5515.621989613325
 30
0.0
 40
80.0
  1
B5厨房-05
 72
     1
 11
52612.80171657978
 21
-5475.621989613325
 31
0.0
100
AcDbText
 73
     2
  0
LWPOLYLINE
  5
215
330
17
100
AcDbEntity
  8
OUTER
100
AcDbPolyline
 90
        5
 70
     0
 43
0.0
 10
54146.93798462549
 20
-5801.044422453241
 10
54604.13798462548
 20
-5801.044422453241
 10
54604.13798462548
 20
-5156.519422453246
 10
54146.93798462549
 20
-5156.519422453246
 10
54146.93798462549
 20
-5801.044422453241
  0
TEXT
  5
216
330
17
100
AcDbEntity
  8
NUMBERS
100
AcDbText
 10
54128.87131795882
 20
-5518.781922453243
 30
0.0
 40
80.0
  1
B5厨房-06
 72
     1
 11
54375.53798462548
 21
-5478.781922453244
 31
0.0
100
AcDbText
 73
     2
  0
LWPOLYLINE
  5
217
330
17
100
AcDbEntity
  8
OUTER
100
AcDbPolyline
 90
        5
 70
     0
 43
0.0
 10
55572.91142364571
 20
-5814.758427788241
 10
57408.06142364571
 20
-5814.758427788241
 10
57408.06142364571
 20
-5170.233427788232
 10
55572.91142364571
 20
-5170.233427788232
 10
55572.91142364571
 20
-5814.758427788241
  0
TEXT
  5
218
330
17
100
AcDbEntity
  8
NUMBERS
100
AcDbText
 10
56243.81975697905
 20
-5532.495927788236
 30
0.0
 40
80.0
  1
B5厨房-07
 72
     1
 11
56490.48642364571
 21
-5492.495927788237
 31
0.0
100
AcDbText
 73
     2
  0
LWPOLYLINE
  5
219
330
17
100
AcDbEntity
  8
OUTER
100
AcDbPolyline
 90
        5
 70
     0
 43
0.0
 10
58024.62269169142
 20
-5817.918360628144
 10
58481.82269169141
 20
-5817.918360628144
 10
58481.82269169141
 20
-5173.39336062815
 10
58024.62269169142
 20
-5173.39336062815
 10
58024.62269169142
 20
-5817.918360628144
  0
TEXT
  5
21A
330
17
100
AcDbEntity
  8
NUMBERS
100
AcDbText
 10
58006.55602502473
 20
-5535.655860628146
 30
0.0
 40
80.0
  1
B5厨房-08
 72
     1
 11
58253.22269169139
 21
-5495.655860628146
 31
0.0
100
AcDbText
 73
     2
  0
LWPOLYLINE
  5
21B
330
17
100
AcDbEntity
  8
OUTER
100
AcDbPolyline
 90
        5
 70
     0
 43
0.0
 10
59325.35075804524
 20
-5814.758427788241
 10
61160.50075804523
 20
-5814.758427788241
 10
61160.50075804523
 20
-5170.233427788232
 10
59325.35075804524
 20
-5170.233427788232
 10
59325.35075804524
 20
-5814.758427788241
  0
TEXT
  5
21C
330
17
100
AcDbEntity
  8
NUMBERS
100
AcDbText
 10
59996.25909137856
 20
-5532.495927788236
 30
0.0
 40
80.0
  1
B5厨房-09
 72
     1
 11
60242.92575804523
 21
-5492.495927788237
 31
0.0
100
AcDbText
 73
     2
  0
LWPOLYLINE
  5
21D
330
17
100
AcDbEntity
  8
OUTER
100
AcDbPolyline
 90
        5
 70
     0
 43
0.0
 10
61777.06202609095
 20
-5817.918360628144
 10
62234.26202609093
 20
-5817.918360628144
 10
62234.26202609093
 20
-5173.39336062815
 10
61777.06202609095
 20
-5173.39336062815
 10
61777.06202609095
 20
-5817.918360628144
  0
TEXT
  5
21E
330
17
100
AcDbEntity
  8
NUMBERS
100
AcDbText
 10
61772.32869275758
 20
-5535.655860628146
 30
0.0
 40
80.0
  1
B5厨房-10
 72
     1
 11
62005.66202609093
 21
-5495.655860628146
 31
0.0
100
AcDbText
 73
     2
  0
LWPOLYLINE
  5
21F
330
17
100
AcDbEntity
  8
OUTER
100
AcDbPolyline
 90
        5
 70
     0
 43
0.0
 10
62783.92512936963
 20
-5814.758427788241
 10
64619.07512936963
 20
-5814.758427788241
 10
64619.07512936963
 20
-5170.233427788232
 10
62783.92512936963
 20
-5170.233427788232
 10
62783.92512936963
 20
-5814.758427788241
  0
TEXT
  5
220
330
17
100
AcDbEntity
  8
NUMBERS
100
AcDbText
 10
63474.83346270296
 20
-5532.495927788236
 30
0.0
 40
80.0
  1
B5厨房-11
 72
     1
 11
63701.50012936963
 21
-5492.495927788237
 31
0.0
100
AcDbText
 73
     2
  0
LWPOLYLINE
  5
221
330
17
100
AcDbEntity
  8
OUTER
100
AcDbPolyline
 90
        5
 70
     0
 43
0.0
 10
65235.63639741531
 20
-5817.918360628144
 10
65692.83639741532
 20
-5817.918360628144
 10
65692.83639741532
 20
-5173.39336062815
 10
65235.63639741531
 20
-5173.39336062815
 10
65235.63639741531
 20
-5817.918360628144
  0
TEXT
  5
222
330
17
100
AcDbEntity
  8
NUMBERS
100
AcDbText
 10
65224.23639741533
 20
-5535.655860628146
 30
0.0
 40
80.0
  1
B5厨房-12
 72
     1
 11
65464.23639741533
 21
-5495.655860628146
 31
0.0
100
AcDbText
 73
     2
  0
LWPOLYLINE
  5
223
330
17
100
AcDbEntity
  8
OUTER
100
AcDbPolyline
 90
        5
 70
     0
 43
0.0
 10
66736.3483152662
 20
-5804.426395827467
 10
68571.4983152662
 20
-5804.426395827467
 10
68571.4983152662
 20
-5159.901395827474
 10
66736.3483152662
 20
-5159.901395827474
 10
66736.3483152662
 20
-5804.426395827467
  0
TEXT
  5
224
330
17
100
AcDbEntity
  8
NUMBERS
100
AcDbText
 10
67413.9233152662
 20
-5522.163895827469
 30
0.0
 40
80.0
  1
B5厨房-13
 72
     1
 11
67653.9233152662
 21
-5482.163895827469
 31
0.0
100
AcDbText
 73
     2
  0
LWPOLYLINE
  5
225
330
17
100
AcDbEntity
  8
OUTER
100
AcDbPolyline
 90
        5
 70
     0
 43
0.0
 10
69188.0595833119
 20
-5807.586328667385
 10
69645.2595833119
 20
-5807.586328667385
 10
69645.2595833119
 20
-5163.06132866739
 10
69188.0595833119
 20
-5163.06132866739
 10
69188.0595833119
 20
-5807.586328667385
  0
TEXT
  5
226
330
17
100
AcDbEntity
  8
NUMBERS
100
AcDbText
 10
69176.6595833119
 20
-5525.323828667388
 30
0.0
 40
80.0
  1
B5厨房-14
 72
     1
 11
69416.6595833119
 21
-5485.323828667388
 31
0.0
100
AcDbText
 73
     2
  0
LWPOLYLINE
  5
227
330
17
100
AcDbEntity
  8
OUTER
100
AcDbPolyline
 90
        5
 70
     0
 43
0.0
 10
70323.41114037861
 20
-5804.426395827467
 10
72158.5611403786
 20
-5804.426395827467
 10
72158.5611403786
 20
-5159.901395827474
 10
70323.41114037861
 20
-5159.901395827474
 10
70323.41114037861
 20
-5804.426395827467
  0
TEXT
  5
228
330
17
100
AcDbEntity
  8
NUMBERS
100
AcDbText
 10
71000.9861403786
 20
-5522.163895827469
 30
0.0
 40
80.0
  1
B5厨房-15
 72
     1
 11
71240.9861403786
 21
-5482.163895827469
 31
0.0
100
AcDbText
 73
     2
  0
LWPOLYLINE
  5
229
330
17
100
AcDbEntity
  8
OUTER
100
AcDbPolyline
 90
        5
 70
     0
 43
0.0
 10
72775.1224084243
 20
-5807.586328667385
 10
73232.3224084243
 20
-5807.586328667385
 10
73232.3224084243
 20
-5163.06132866739
 10
72775.1224084243
 20
-5163.06132866739
 10
72775.1224084243
 20
-5807.586328667385
  0
TEXT
  5
22A
330
17
100
AcDbEntity
  8
NUMBERS
100
AcDbText
 10
72763.72240842429
 20
-5525.323828667388
 30
0.0
 40
80.0
  1
B5厨房-16
 72
     1
 11
73003.72240842429
 21
-5485.323828667388
 31
0.0
100
AcDbText
 73
     2
  0
LWPOLYLINE
  5
22B
330
17
100
AcDbEntity
  8
OUTER
100
AcDbPolyline
 90
        5
 70
     0
 43
0.0
 10
73858.28396421173
 20
-5804.426395827467
 10
75693.43396421174
 20
-5804.426395827467
 10
75693.43396421174
 20
-5159.901395827474
 10
73858.28396421173
 20
-5159.901395827474
 10
73858.28396421173
 20
-5804.426395827467
  0
TEXT
  5
22C
330
17
100
AcDbEntity
  8
NUMBERS
100
AcDbText
 10
74535.85896421173
 20
-5522.163895827469
 30
0.0
 40
80.0
  1
B5厨房-17
 72
     1
 11
74775.85896421173
 21
-5482.163895827469
 31
0.0
100
AcDbText
 73
     2
  0
LWPOLYLINE
  5
22D
330
17
100
AcDbEntity
  8
OUTER
100
AcDbPolyline
 90
        5
 70
     0
 43
0.0
 10
76309.99523225744
 20
-5807.586328667385
 10
76767.19523225743
 20
-5807.586328667385
 10
76767.19523225743
 20
-5163.06132866739
 10
76309.99523225744
 20
-5163.06132866739
 10
76309.99523225744
 20
-5807.586328667385
  0
TEXT
  5
22E
330
17
100
AcDbEntity
  8
NUMBERS
100
AcDbText
 10
76298.59523225745
 20
-5525.323828667388
 30
0.0
 40
80.0
  1
B5厨房-18
 72
     1
 11
76538.59523225745
 21
-5485.323828667388
 31
0.0
100
AcDbText
 73
     2
  0
LWPOLYLINE
  5
22F
330
17
100
AcDbEntity
  8
OUTER
100
AcDbPolyline
 90
        5
 70
     0
 43
0.0
 10
77735.96867127766
 20
-5821.300334002386
 10
79571.11867127767
 20
-5821.300334002386
 10
79571.11867127767
 20
-5176.775334002376
 10
77735.96867127766
 20
-5176.775334002376
 10
77735.96867127766
 20
-5821.300334002386
  0
TEXT
  5
230
330
17
100
AcDbEntity
  8
NUMBERS
100
AcDbText
 10
78413.54367127767
 20
-5539.037834002382
 30
0.0
 40
80.0
  1
B5厨房-19
 72
     1
 11
78653.54367127767
 21
-5499.037834002382
 31
0.0
100
AcDbText
 73
     2
  0
LWPOLYLINE
  5
231
330
17
100
AcDbEntity
  8
OUTER
100
AcDbPolyline
 90
        5
 70
     0
 43
0.0
 10
80187.67993932337
 20
-5824.460266842288
 10
80644.87993932337
 20
-5824.460266842288
 10
80644.87993932337
 20
-5179.935266842296
 10
80187.67993932337
 20
-5179.935266842296
 10
80187.67993932337
 20
-5824.460266842288
  0
TEXT
  5
232
330
17
100
AcDbEntity
  8
NUMBERS
100
AcDbText
 10
80169.6132726567
 20
-5542.197766842292
 30
0.0
 40
80.0
  1
B5厨房-20
 72
     1
 11
80416.27993932337
 21
-5502.197766842293
 31
0.0
100
AcDbText
 73
     2
  0
LWPOLYLINE
  5
233
330
17
100
AcDbEntity
  8
OUTER
100
AcDbPolyline
 90
        5
 70
     0
 43
0.0
 10
81488.4080056772
 20
-5821.300334002386
 10
83323.5580056772
 20
-5821.300334002386
 10
83323.5580056772
 20
-5176.775334002376
 10
81488.4080056772
 20
-5176.775334002376
 10
81488.4080056772
 20
-5821.300334002386
  0
TEXT
  5
234
330
17
100
AcDbEntity
  8
NUMBERS
100
AcDbText
 10
82165.98300567723
 20
-5539.037834002382
 30
0.0
 40
80.0
  1
B5厨房-21
 72
     1
 11
82405.98300567723
 21
-5499.037834002382
 31
0.0
100
AcDbText
 73
     2
  0
LWPOLYLINE
  5
235
330
17
100
AcDbEntity
  8
OUTER
100
AcDbPolyline
 90
        5
 70
     0
 43
0.0
 10
83940.11927372288
 20
-5824.460266842288
 10
84397.31927372289
 20
-5824.460266842288
 10
84397.31927372289
 20
-5179.935266842296
 10
83940.11927372288
 20
-5179.935266842296
 10
83940.11927372288
 20
-5824.460266842288
  0
TEXT
  5
236
330
17
100
AcDbEntity
  8
NUMBERS
100
AcDbText
 10
83915.38594038957
 20
-5542.197766842292
 30
0.0
 40
80.0
  1
B5厨房-22
 72
     1
 11
84168.71927372291
 21
-5502.197766842293
 31
0.0
100
AcDbText
 73
     2
  0
LWPOLYLINE
  5
237
330
17
100
AcDbEntity
  8
OUTER
100
AcDbPolyline
 90
        5
 70
     0
 43
0.0
 10
84946.98237700156
 20
-5821.300334002386
 10
86782.13237700159
 20
-5821.300334002386
 10
86782.13237700159
 20
-5176.775334002376
 10
84946.98237700156
 20
-5176.775334002376
 10
84946.98237700156
 20
-5821.300334002386
  0
TEXT
  5
238
330
17
100
AcDbEntity
  8
NUMBERS
100
AcDbText
 10
85611.22404366827
 20
-5539.037834002382
 30
0.0
 40
80.0
  1
B5厨房-23
 72
     1
 11
85864.55737700159
 21
-5499.037834002382
 31
0.0
100
AcDbText
 73
     2
  0
LWPOLYLINE
  5
239
330
17
100
AcDbEntity
  8
OUTER
100
AcDbPolyline
 90
        5
 70
     0
 43
0.0
 10
87398.69364504729
 20
-5824.460266842288
 10
87855.89364504726
 20
-5824.460266842288
 10
87855.89364504726
 20
-5179.935266842296
 10
87398.69364504729
 20
-5179.935266842296
 10
87398.69364504729
 20
-5824.460266842288
  0
TEXT
  5
23A
330
17
100
AcDbEntity
  8
NUMBERS
100
AcDbText
 10
87373.96031171396
 20
-5542.197766842292
 30
0.0
 40
80.0
  1
B5厨房-24
 72
     1
 11
87627.29364504728
 21
-5502.197766842293
 31
0.0
100
AcDbText
 73
     2
  0
LWPOLYLINE
  5
23B
330
17
100
AcDbEntity
  8
OUTER
100
AcDbPolyline
 90
        5
 70
     0
 43
0.0
 10
44805.60425259011
 20
-6607.696538154283
 10
45751.75425259011
 20
-6607.696538154283
 10
45751.75425259011
 20
-6506.096538154277
 10
44805.60425259011
 20
-6506.096538154277
 10
44805.60425259011
 20
-6607.696538154283
  0
TEXT
  5
23C
330
17
100
AcDbEntity
  8
NUMBERS
100
AcDbText
 10
45183.67925259012
 20
-6571.896538154279
 30
0.0
 40
30.0
  1
B5厨房-25
 72
     1
 11
45278.67925259012
 21
-6556.896538154278
 31
0.0
100
AcDbText
 73
     2
  0
LWPOLYLINE
  5
23D
330
17
100
AcDbEntity
  8
OUTER
100
AcDbPolyline
 90
        5
 70
     0
 43
0.0
 10
48392.6670777025
 20
-6607.696538154283
 10
49338.8170777025
 20
-6607.696538154283
 10
49338.8170777025
 20
-6506.096538154277
 10
48392.6670777025
 20
-6506.096538154277
 10
48392.6670777025
 20
-6607.696538154283
  0
TEXT
  5
23E
330
17
100
AcDbEntity
  8
NUMBERS
100
AcDbText
 10
48770.7420777025
 20
-6571.896538154279
 30
0.0
 40
30.0
  1
B5厨房-26
 72
     1
 11
48865.7420777025
 21
-6556.896538154278
 31
0.0
100
AcDbText
 73
     2
  0
LWPOLYLINE
  5
23F
330
17
100
AcDbEntity
  8
OUTER
100
AcDbPolyline
 90
        5
 70
     0
 43
0.0
 10
51927.53990153565
 20
-6607.696538154283
 10
52873.68990153565
 20
-6607.696538154283
 10
52873.68990153565
 20
-6506.096538154277
 10
51927.53990153565
 20
-6506.096538154277
 10
51927.53990153565
 20
-6607.696538154283
  0
TEXT
  5
240
330
17
100
AcDbEntity
  8
NUMBERS
100
AcDbText
 10
52305.61490153565
 20
-6571.896538154281
 30
0.0
 40
30.0
  1
B5厨房-27
 72
     1
 11
52400.61490153565
 21
-6556.896538154281
 31
0.0
100
AcDbText
 73
     2
  0
LWPOLYLINE
  5
241
330
17
100
AcDbEntity
  8
OUTER
100
AcDbPolyline
 90
        5
 70
     0
 43
0.0
 10
55805.22460860158
 20
-6624.570476329187
 10
56751.37460860157
 20
-6624.570476329187
 10
56751.37460860157
 20
-6522.970476329181
 10
55805.22460860158
 20
-6522.970476329181
 10
55805.22460860158
 20
-6624.570476329187
  0
TEXT
  5
242
330
17
100
AcDbEntity
  8
NUMBERS
100
AcDbText
 10
56183.29960860159
 20
-6588.770476329185
 30
0.0
 40
30.0
  1
B5厨房-28
 72
     1
 11
56278.29960860159
 21
-6573.770476329184
 31
0.0
100
AcDbText
 73
     2
  0
LWPOLYLINE
  5
243
330
17
100
AcDbEntity
  8
OUTER
100
AcDbPolyline
 90
        5
 70
     0
 43
0.0
 10
59557.66394300111
 20
-6624.570476329187
 10
60503.81394300111
 20
-6624.570476329187
 10
60503.81394300111
 20
-6522.970476329181
 10
59557.66394300111
 20
-6522.970476329181
 10
59557.66394300111
 20
-6624.570476329187
  0
TEXT
  5
244
330
17
100
AcDbEntity
  8
NUMBERS
100
AcDbText
 10
59935.7389430011
 20
-6588.770476329185
 30
0.0
 40
30.0
  1
B5厨房-29
 72
     1
 11
60030.7389430011
 21
-6573.770476329184
 31
0.0
100
AcDbText
 73
     2
  0
LWPOLYLINE
  5
245
330
17
100
AcDbEntity
  8
OUTER
100
AcDbPolyline
 90
        5
 70
     0
 43
0.0
 10
63016.2383143255
 20
-6624.570476329187
 10
63962.3883143255
 20
-6624.570476329187
 10
63962.3883143255
 20
-6522.970476329181
 10
63016.2383143255
 20
-6522.970476329181
 10
63016.2383143255
 20
-6624.570476329187
  0
TEXT
  5
246
330
17
100
AcDbEntity
  8
NUMBERS
100
AcDbText
 10
63396.81331432549
 20
-6588.770476329185
 30
0.0
 40
30.0
  1
B5厨房-30
 72
     1
 11
63489.3133143255
 21
-6573.770476329184
 31
0.0
100
AcDbText
 73
     2
  0
LWPOLYLINE
  5
247
330
17
100
AcDbEntity
  8
OUTER
100
AcDbPolyline
 90
        5
 70
     0
 43
0.0
 10
66968.66150022207
 20
-6614.238444368428
 10
67914.81150022206
 20
-6614.238444368428
 10
67914.81150022206
 20
-6512.63844436842
 10
66968.66150022207
 20
-6512.63844436842
 10
66968.66150022207
 20
-6614.238444368428
  0
TEXT
  5
248
330
17
100
AcDbEntity
  8
NUMBERS
100
AcDbText
 10
67351.73650022208
 20
-6578.438444368426
 30
0.0
 40
30.0
  1
B5厨房-31
 72
     1
 11
67441.73650022207
 21
-6563.438444368426
 31
0.0
100
AcDbText
 73
     2
  0
LWPOLYLINE
  5
249
330
17
100
AcDbEntity
  8
OUTER
100
AcDbPolyline
 90
        5
 70
     0
 43
0.0
 10
70555.72432533447
 20
-6614.238444368428
 10
71501.87432533446
 20
-6614.238444368428
 10
71501.87432533446
 20
-6512.63844436842
 10
70555.72432533447
 20
-6512.63844436842
 10
70555.72432533447
 20
-6614.238444368428
  0
TEXT
  5
24A
330
17
100
AcDbEntity
  8
NUMBERS
100
AcDbText
 10
70933.79932533446
 20
-6578.438444368426
 30
0.0
 40
30.0
  1
B5厨房-32
 72
     1
 11
71028.79932533446
 21
-6563.438444368426
 31
0.0
100
AcDbText
 73
     2
  0
LWPOLYLINE
  5
24B
330
17
100
AcDbEntity
  8
OUTER
100
AcDbPolyline
 90
        5
 70
     0
 43
0.0
 10
74090.5971491676
 20
-6614.238444368428
 10
75036.74714916759
 20
-6614.238444368428
 10
75036.74714916759
 20
-6512.63844436842
 10
74090.5971491676
 20
-6512.63844436842
 10
74090.5971491676
 20
-6614.238444368428
  0
TEXT
  5
24C
330
17
100
AcDbEntity
  8
NUMBERS
100
AcDbText
 10
74468.6721491676
 20
-6578.438444368426
 30
0.0
 40
30.0
  1
B5厨房-33
 72
     1
 11
74563.6721491676
 21
-6563.438444368426
 31
0.0
100
AcDbText
 73
     2
  0
LWPOLYLINE
  5
24D
330
17
100
AcDbEntity
  8
OUTER
100
AcDbPolyline
 90
        5
 70
     0
 43
0.0
 10
77968.28185623353
 20
-6631.112382543332
 10
78914.43185623352
 20
-6631.112382543332
 10
78914.43185623352
 20
-6529.512382543325
 10
77968.28185623353
 20
-6529.512382543325
 10
77968.28185623353
 20
-6631.112382543332
  0
TEXT
  5
24E
330
17
100
AcDbEntity
  8
NUMBERS
100
AcDbText
 10
78346.35685623353
 20
-6595.312382543331
 30
0.0
 40
30.0
  1
B5厨房-34
 72
     1
 11
78441.35685623353
 21
-6580.31238254333
 31
0.0
100
AcDbText
 73
     2
  0
LWPOLYLINE
  5
24F
330
17
100
AcDbEntity
  8
OUTER
100
AcDbPolyline
 90
        5
 70
     0
 43
0.0
 10
81720.72119063306
 20
-6631.112382543332
 10
82666.87119063307
 20
-6631.112382543332
 10
82666.87119063307
 20
-6529.512382543325
 10
81720.72119063306
 20
-6529.512382543325
 10
81720.72119063306
 20
-6631.112382543332
  0
TEXT
  5
250
330
17
100
AcDbEntity
  8
NUMBERS
100
AcDbText
 10
82098.79619063306
 20
-6595.312382543331
 30
0.0
 40
30.0
  1
B5厨房-35
 72
     1
 11
82193.79619063307
 21
-6580.31238254333
 31
0.0
100
AcDbText
 73
     2
  0
LWPOLYLINE
  5
251
330
17
100
AcDbEntity
  8
OUTER
100
AcDbPolyline
 90
        5
 70
     0
 43
0.0
 10
85179.29556195745
 20
-6631.112382543332
 10
86125.44556195745
 20
-6631.112382543332
 10
86125.44556195745
 20
-6529.512382543325
 10
85179.29556195745
 20
-6529.512382543325
 10
85179.29556195745
 20
-6631.112382543332
  0
TEXT
  5
252
330
17
100
AcDbEntity
  8
NUMBERS
100
AcDbText
 10
85557.37056195745
 20
-6595.312382543331
 30
0.0
 40
30.0
  1
B5厨房-36
 72
     1
 11
85652.37056195744
 21
-6580.31238254333
 31
0.0
100
AcDbText
 73
     2
  0
LWPOLYLINE
  5
253
330
17
100
AcDbEntity
  8
OUTER
100
AcDbPolyline
 90
        5
 70
     0
 43
0.0
 10
44709.75024728173
 20
-9639.600464428804
 10
46544.90024728175
 20
-9639.600464428804
 10
46544.90024728175
 20
-8995.07546442881
 10
44709.75024728173
 20
-8995.07546442881
 10
44709.75024728173
 20
-9639.600464428804
  0
TEXT
  5
254
330
17
100
AcDbEntity
  8
NUMBERS
100
AcDbText
 10
45373.99191394841
 20
-9357.337964428809
 30
0.0
 40
80.0
  1
B5厨房-37
 72
     1
 11
45627.32524728175
 21
-9317.337964428809
 31
0.0
100
AcDbText
 73
     2
  0
LWPOLYLINE
  5
255
330
17
100
AcDbEntity
  8
OUTER
100
AcDbPolyline
 90
        5
 70
     0
 43
0.0
 10
47161.46151532745
 20
-9642.76039726872
 10
47618.66151532744
 20
-9642.76039726872
 10
47618.66151532744
 20
-8998.235397268727
 10
47161.46151532745
 20
-8998.235397268727
 10
47161.46151532745
 20
-9642.76039726872
  0
TEXT
  5
256
330
17
100
AcDbEntity
  8
NUMBERS
100
AcDbText
 10
47136.72818199411
 20
-9360.497897268725
 30
0.0
 40
80.0
  1
B5厨房-38
 72
     1
 11
47390.06151532744
 21
-9320.497897268724
 31
0.0
100
AcDbText
 73
     2
  0
LWPOLYLINE
  5
257
330
17
100
AcDbEntity
  8
OUTER
100
AcDbPolyline
 90
        5
 70
     0
 43
0.0
 10
48296.81307239414
 20
-9639.600464428804
 10
50131.96307239415
 20
-9639.600464428804
 10
50131.96307239415
 20
-8995.07546442881
 10
48296.81307239414
 20
-8995.07546442881
 10
48296.81307239414
 20
-9639.600464428804
  0
TEXT
  5
258
330
17
100
AcDbEntity
  8
NUMBERS
100
AcDbText
 10
48961.0547390608
 20
-9357.337964428809
 30
0.0
 40
80.0
  1
B5厨房-39
 72
     1
 11
49214.38807239415
 21
-9317.337964428809
 31
0.0
100
AcDbText
 73
     2
  0
LWPOLYLINE
  5
259
330
17
100
AcDbEntity
  8
OUTER
100
AcDbPolyline
 90
        5
 70
     0
 43
0.0
 10
50748.52434043985
 20
-9642.76039726872
 10
51205.72434043983
 20
-9642.76039726872
 10
51205.72434043983
 20
-8998.235397268727
 10
50748.52434043985
 20
-8998.235397268727
 10
50748.52434043985
 20
-9642.76039726872
  0
TEXT
  5
25A
330
17
100
AcDbEntity
  8
NUMBERS
100
AcDbText
 10
50730.45767377316
 20
-9360.497897268725
 30
0.0
 40
80.0
  1
B5厨房-40
 72
     1
 11
50977.12434043983
 21
-9320.497897268724
 31
0.0
100
AcDbText
 73
     2
  0
LWPOLYLINE
  5
25B
330
17
100
AcDbEntity
  8
OUTER
100
AcDbPolyline
 90
        5
 70
     0
 43
0.0
 10
51831.68589622728
 20
-9639.600464428804
 10
53666.83589622728
 20
-9639.600464428804
 10
53666.83589622728
 20
-8995.07546442881
 10
51831.68589622728
 20
-8995.07546442881
 10
51831.68589622728
 20
-9639.600464428804
  0
TEXT
  5
25C
330
17
100
AcDbEntity
  8
NUMBERS
100
AcDbText
 10
52509.26089622728
 20
-9357.337964428809
 30
0.0
 40
80.0
  1
B5厨房-41
 72
     1
 11
52749.26089622728
 21
-9317.337964428809
 31
0.0
100
AcDbText
 73
     2
  0
LWPOLYLINE
  5
25D
330
17
100
AcDbEntity
  8
OUTER
100
AcDbPolyline
 90
        5
 70
     0
 43
0.0
 10
54283.39716427299
 20
-9642.76039726872
 10
54740.59716427298
 20
-9642.76039726872
 10
54740.59716427298
 20
-8998.235397268727
 10
54283.39716427299
 20
-8998.235397268727
 10
54283.39716427299
 20
-9642.76039726872
  0
TEXT
  5
25E
330
17
100
AcDbEntity
  8
NUMBERS
100
AcDbText
 10
54258.66383093964
 20
-9360.497897268725
 30
0.0
 40
80.0
  1
B5厨房-42
 72
     1
 11
54511.99716427297
 21
-9320.497897268724
 31
0.0
100
AcDbText
 73
     2
  0
LWPOLYLINE
  5
25F
330
17
100
AcDbEntity
  8
OUTER
100
AcDbPolyline
 90
        5
 70
     0
 43
0.0
 10
55709.3706032932
 20
-9656.474402603723
 10
57544.52060329321
 20
-9656.474402603723
 10
57544.52060329321
 20
-9011.949402603717
 10
55709.3706032932
 20
-9011.949402603717
 10
55709.3706032932
 20
-9656.474402603723
  0
TEXT
  5
260
330
17
100
AcDbEntity
  8
NUMBERS
100
AcDbText
 10
56373.61226995988
 20
-9374.211902603718
 30
0.0
 40
80.0
  1
B5厨房-43
 72
     1
 11
56626.94560329321
 21
-9334.211902603717
 31
0.0
100
AcDbText
 73
     2
  0
LWPOLYLINE
  5
261
330
17
100
AcDbEntity
  8
OUTER
100
AcDbPolyline
 90
        5
 70
     0
 43
0.0
 10
58161.08187133892
 20
-9659.634335443628
 10
58618.28187133891
 20
-9659.634335443628
 10
58618.28187133891
 20
-9015.109335443629
 10
58161.08187133892
 20
-9015.109335443629
 10
58161.08187133892
 20
-9659.634335443628
  0
TEXT
  5
262
330
17
100
AcDbEntity
  8
NUMBERS
100
AcDbText
 10
58136.34853800557
 20
-9377.37183544363
 30
0.0
 40
80.0
  1
B5厨房-44
 72
     1
 11
58389.68187133891
 21
-9337.371835443629
 31
0.0
100
AcDbText
 73
     2
  0
LWPOLYLINE
  5
263
330
17
100
AcDbEntity
  8
OUTER
100
AcDbPolyline
 90
        5
 70
     0
 43
0.0
 10
59461.80993769274
 20
-9656.474402603723
 10
61296.95993769273
 20
-9656.474402603723
 10
61296.95993769273
 20
-9011.949402603717
 10
59461.80993769274
 20
-9011.949402603717
 10
59461.80993769274
 20
-9656.474402603723
  0
TEXT
  5
264
330
17
100
AcDbEntity
  8
NUMBERS
100
AcDbText
 10
60126.05160435939
 20
-9374.211902603718
 30
0.0
 40
80.0
  1
B5厨房-45
 72
     1
 11
60379.38493769273
 21
-9334.211902603717
 31
0.0
100
AcDbText
 73
     2
  0
LWPOLYLINE
  5
265
330
17
100
AcDbEntity
  8
OUTER
100
AcDbPolyline
 90
        5
 70
     0
 43
0.0
 10
61913.52120573845
 20
-9659.634335443628
 10
62370.72120573843
 20
-9659.634335443628
 10
62370.72120573843
 20
-9015.109335443629
 10
61913.52120573845
 20
-9015.109335443629
 10
61913.52120573845
 20
-9659.634335443628
  0
TEXT
  5
266
330
17
100
AcDbEntity
  8
NUMBERS
100
AcDbText
 10
61888.78787240511
 20
-9377.37183544363
 30
0.0
 40
80.0
  1
B5厨房-46
 72
     1
 11
62142.12120573844
 21
-9337.371835443629
 31
0.0
100
AcDbText
 73
     2
  0
LWPOLYLINE
  5
267
330
17
100
AcDbEntity
  8
OUTER
100
AcDbPolyline
 90
        5
 70
     0
 43
0.0
 10
62920.38430901713
 20
-9656.474402603723
 10
64755.53430901713
 20
-9656.474402603723
 10
64755.53430901713
 20
-9011.949402603717
 10
62920.38430901713
 20
-9011.949402603717
 10
62920.38430901713
 20
-9656.474402603723
  0
TEXT
  5
268
330
17
100
AcDbEntity
  8
NUMBERS
100
AcDbText
 10
63584.62597568379
 20
-9374.211902603718
 30
0.0
 40
80.0
  1
B5厨房-47
 72
     1
 11
63837.95930901713
 21
-9334.211902603717
 31
0.0
100
AcDbText
 73
     2
  0
LWPOLYLINE
  5
269
330
17
100
AcDbEntity
  8
OUTER
100
AcDbPolyline
 90
        5
 70
     0
 43
0.0
 10
65372.09557706282
 20
-9659.634335443628
 10
65829.29557706282
 20
-9659.634335443628
 10
65829.29557706282
 20
-9015.109335443629
 10
65372.09557706282
 20
-9015.109335443629
 10
65372.09557706282
 20
-9659.634335443628
  0
TEXT
  5
26A
330
17
100
AcDbEntity
  8
NUMBERS
100
AcDbText
 10
65347.36224372949
 20
-9377.371835443629
 30
0.0
 40
80.0
  1
B5厨房-48
 72
     1
 11
65600.69557706283
 21
-9337.371835443628
 31
0.0
100
AcDbText
 73
     2
  0
LWPOLYLINE
  5
26B
330
17
100
AcDbEntity
  8
OUTER
100
AcDbPolyline
 90
        5
 70
     0
 43
0.0
 10
67391.53105228138
 20
-9639.600464428804
 10
69226.68105228139
 20
-9639.600464428804
 10
69226.68105228139
 20
-8995.07546442881
 10
67391.53105228138
 20
-8995.07546442881
 10
67391.53105228138
 20
-9639.600464428804
  0
TEXT
  5
26C
330
17
100
AcDbEntity
  8
NUMBERS
100
AcDbText
 10
68055.77271894805
 20
-9357.337964428809
 30
0.0
 40
80.0
  1
B5厨房-49
 72
     1
 11
68309.10605228138
 21
-9317.337964428809
 31
0.0
100
AcDbText
 73
     2
  0
LWPOLYLINE
  5
26D
330
17
100
AcDbEntity
  8
OUTER
100
AcDbPolyline
 90
        5
 70
     0
 43
0.0
 10
69843.24232032709
 20
-9642.76039726872
 10
70300.44232032708
 20
-9642.76039726872
 10
70300.44232032708
 20
-8998.235397268727
 10
69843.24232032709
 20
-8998.235397268727
 10
69843.24232032709
 20
-9642.76039726872
  0
TEXT
  5
26E
330
17
100
AcDbEntity
  8
NUMBERS
100
AcDbText
 10
69825.17565366042
 20
-9360.497897268725
 30
0.0
 40
80.0
  1
B5厨房-50
 72
     1
 11
70071.8423203271
 21
-9320.497897268724
 31
0.0
100
AcDbText
 73
     2
  0
LWPOLYLINE
  5
26F
330
17
100
AcDbEntity
  8
OUTER
100
AcDbPolyline
 90
        5
 70
     0
 43
0.0
 10
70978.59387739378
 20
-9639.600464428804
 10
72813.74387739379
 20
-9639.600464428804
 10
72813.74387739379
 20
-8995.07546442881
 10
70978.59387739378
 20
-8995.07546442881
 10
70978.59387739378
 20
-9639.600464428804
  0
TEXT
  5
270
330
17
100
AcDbEntity
  8
NUMBERS
100
AcDbText
 10
71656.16887739379
 20
-9357.337964428809
 30
0.0
 40
80.0
  1
B5厨房-51
 72
     1
 11
71896.16887739379
 21
-9317.337964428809
 31
0.0
100
AcDbText
 73
     2
  0
LWPOLYLINE
  5
271
330
17
100
AcDbEntity
  8
OUTER
100
AcDbPolyline
 90
        5
 70
     0
 43
0.0
 10
73430.30514543949
 20
-9642.76039726872
 10
73887.50514543948
 20
-9642.76039726872
 10
73887.50514543948
 20
-8998.235397268727
 10
73430.30514543949
 20
-8998.235397268727
 10
73430.30514543949
 20
-9642.76039726872
  0
TEXT
  5
272
330
17
100
AcDbEntity
  8
NUMBERS
100
AcDbText
 10
73405.57181210618
 20
-9360.497897268725
 30
0.0
 40
80.0
  1
B5厨房-52
 72
     1
 11
73658.9051454395
 21
-9320.497897268724
 31
0.0
100
AcDbText
 73
     2
  0
LWPOLYLINE
  5
273
330
17
100
AcDbEntity
  8
OUTER
100
AcDbPolyline
 90
        5
 70
     0
 43
0.0
 10
74513.46670122692
 20
-9639.600464428804
 10
76348.61670122693
 20
-9639.600464428804
 10
76348.61670122693
 20
-8995.07546442881
 10
74513.46670122692
 20
-8995.07546442881
 10
74513.46670122692
 20
-9639.600464428804
  0
TEXT
  5
274
330
17
100
AcDbEntity
  8
NUMBERS
100
AcDbText
 10
75177.70836789359
 20
-9357.337964428809
 30
0.0
 40
80.0
  1
B5厨房-53
 72
     1
 11
75431.04170122692
 21
-9317.337964428809
 31
0.0
100
AcDbText
 73
     2
  0
LWPOLYLINE
  5
275
330
17
100
AcDbEntity
  8
OUTER
100
AcDbPolyline
 90
        5
 70
     0
 43
0.0
 10
76965.17796927262
 20
-9642.76039726872
 10
77422.37796927263
 20
-9642.76039726872
 10
77422.37796927263
 20
-8998.235397268727
 10
76965.17796927262
 20
-8998.235397268727
 10
76965.17796927262
 20
-9642.76039726872
  0
TEXT
  5
276
330
17
100
AcDbEntity
  8
NUMBERS
100
AcDbText
 10
76940.44463593931
 20
-9360.497897268725
 30
0.0
 40
80.0
  1
B5厨房-54
 72
     1
 11
77193.77796927263
 21
-9320.497897268724
 31
0.0
100
AcDbText
 73
     2
  0
LWPOLYLINE
  5
277
330
17
100
AcDbEntity
  8
OUTER
100
AcDbPolyline
 90
        5
 70
     0
 43
0.0
 10
78391.15140829282
 20
-9656.474402603723
 10
80226.30140829285
 20
-9656.474402603723
 10
80226.30140829285
 20
-9011.949402603717
 10
78391.15140829282
 20
-9011.949402603717
 10
78391.15140829282
 20
-9656.474402603723
  0
TEXT
  5
278
330
17
100
AcDbEntity
  8
NUMBERS
100
AcDbText
 10
79055.39307495953
 20
-9374.211902603718
 30
0.0
 40
80.0
  1
B5厨房-55
 72
     1
 11
79308.72640829286
 21
-9334.211902603717
 31
0.0
100
AcDbText
 73
     2
  0
LWPOLYLINE
  5
279
330
17
100
AcDbEntity
  8
OUTER
100
AcDbPolyline
 90
        5
 70
     0
 43
0.0
 10
80842.86267633855
 20
-9659.634335443628
 10
81300.06267633858
 20
-9659.634335443628
 10
81300.06267633858
 20
-9015.109335443629
 10
80842.86267633855
 20
-9015.109335443629
 10
80842.86267633855
 20
-9659.634335443628
  0
TEXT
  5
27A
330
17
100
AcDbEntity
  8
NUMBERS
100
AcDbText
 10
80818.12934300524
 20
-9377.37183544363
 30
0.0
 40
80.0
  1
B5厨房-56
 72
     1
 11
81071.46267633858
 21
-9337.371835443629
 31
0.0
100
AcDbText
 73
     2
  0
LWPOLYLINE
  5
27B
330
17
100
AcDbEntity
  8
OUTER
100
AcDbPolyline
 90
        5
 70
     0
 43
0.0
 10
82143.59074269237
 20
-9656.474402603723
 10
83978.74074269239
 20
-9656.474402603723
 10
83978.74074269239
 20
-9011.949402603717
 10
82143.59074269237
 20
-9011.949402603717
 10
82143.59074269237
 20
-9656.474402603723
  0
TEXT
  5
27C
330
17
100
AcDbEntity
  8
NUMBERS
100
AcDbText
 10
82807.83240935905
 20
-9374.211902603718
 30
0.0
 40
80.0
  1
B5厨房-57
 72
     1
 11
83061.16574269237
 21
-9334.211902603717
 31
0.0
100
AcDbText
 73
     2
  0
LWPOLYLINE
  5
27D
330
17
100
AcDbEntity
  8
OUTER
100
AcDbPolyline
 90
        5
 70
     0
 43
0.0
 10
44942.06343223761
 20
-10449.41251296976
 10
45888.21343223761
 20
-10449.41251296976
 10
45888.21343223761
 20
-10347.81251296976
 10
44942.06343223761
 20
-10347.81251296976
 10
44942.06343223761
 20
-10449.41251296976
  0
TEXT
  5
27E
330
17
100
AcDbEntity
  8
NUMBERS
100
AcDbText
 10
45320.13843223761
 20
-10413.61251296976
 30
0.0
 40
30.0
  1
B5厨房-58
 72
     1
 11
45415.13843223762
 21
-10398.61251296976
 31
0.0
100
AcDbText
 73
     2
  0
LWPOLYLINE
  5
27F
330
17
100
AcDbEntity
  8
OUTER
100
AcDbPolyline
 90
        5
 70
     0
 43
0.0
 10
48529.12625735
 20
-10449.41251296976
 10
49475.27625735
 20
-10449.41251296976
 10
49475.27625735
 20
-10347.81251296976
 10
48529.12625735
 20
-10347.81251296976
 10
48529.12625735
 20
-10449.41251296976
  0
TEXT
  5
280
330
17
100
AcDbEntity
  8
NUMBERS
100
AcDbText
 10
48907.20125735001
 20
-10413.61251296976
 30
0.0
 40
30.0
  1
B5厨房-59
 72
     1
 11
49002.20125735001
 21
-10398.61251296976
 31
0.0
100
AcDbText
 73
     2
  0
LWPOLYLINE
  5
281
330
17
100
AcDbEntity
  8
OUTER
100
AcDbPolyline
 90
        5
 70
     0
 43
0.0
 10
52063.99908118315
 20
-10449.41251296976
 10
53010.14908118315
 20
-10449.41251296976
 10
53010.14908118315
 20
-10347.81251296976
 10
52063.99908118315
 20
-10347.81251296976
 10
52063.99908118315
 20
-10449.41251296976
  0
TEXT
  5
282
330
17
100
AcDbEntity
  8
NUMBERS
100
AcDbText
 10
52444.57408118316
 20
-10413.61251296976
 30
0.0
 40
30.0
  1
B5厨房-60
 72
     1
 11
52537.07408118316
 21
-10398.61251296976
 31
0.0
100
AcDbText
 73
     2
  0
LWPOLYLINE
  5
283
330
17
100
AcDbEntity
  8
OUTER
100
AcDbPolyline
 90
        5
 70
     0
 43
0.0
 10
55941.68378824908
 20
-10466.28645114467
 10
56887.83378824907
 20
-10466.28645114467
 10
56887.83378824907
 20
-10364.68645114466
 10
55941.68378824908
 20
-10364.68645114466
 10
55941.68378824908
 20
-10466.28645114467
  0
TEXT
  5
284
330
17
100
AcDbEntity
  8
NUMBERS
100
AcDbText
 10
56324.75878824909
 20
-10430.48645114466
 30
0.0
 40
30.0
  1
B5厨房-61
 72
     1
 11
56414.75878824909
 21
-10415.48645114466
 31
0.0
100
AcDbText
 73
     2
  0
LWPOLYLINE
  5
285
330
17
100
AcDbEntity
  8
OUTER
100
AcDbPolyline
 90
        5
 70
     0
 43
0.0
 10
59694.12312264861
 20
-10466.28645114467
 10
60640.27312264861
 20
-10466.28645114467
 10
60640.27312264861
 20
-10364.68645114466
 10
59694.12312264861
 20
-10364.68645114466
 10
59694.12312264861
 20
-10466.28645114467
  0
TEXT
  5
286
330
17
100
AcDbEntity
  8
NUMBERS
100
AcDbText
 10
60072.19812264861
 20
-10430.48645114466
 30
0.0
 40
30.0
  1
B5厨房-62
 72
     1
 11
60167.19812264861
 21
-10415.48645114466
 31
0.0
100
AcDbText
 73
     2
  0
LWPOLYLINE
  5
287
330
17
100
AcDbEntity
  8
OUTER
100
AcDbPolyline
 90
        5
 70
     0
 43
0.0
 10
63152.697493973
 20
-10466.28645114467
 10
64098.847493973
 20
-10466.28645114467
 10
64098.847493973
 20
-10364.68645114466
 10
63152.697493973
 20
-10364.68645114466
 10
63152.697493973
 20
-10466.28645114467
  0
TEXT
  5
288
330
17
100
AcDbEntity
  8
NUMBERS
100
AcDbText
 10
63530.772493973
 20
-10430.48645114466
 30
0.0
 40
30.0
  1
B5厨房-63
 72
     1
 11
63625.772493973
 21
-10415.48645114466
 31
0.0
100
AcDbText
 73
     2
  0
LWPOLYLINE
  5
289
330
17
100
AcDbEntity
  8
OUTER
100
AcDbPolyline
 90
        5
 70
     0
 43
0.0
 10
67623.84423723725
 20
-10449.41251296976
 10
68569.99423723724
 20
-10449.41251296976
 10
68569.99423723724
 20
-10347.81251296976
 10
67623.84423723725
 20
-10347.81251296976
 10
67623.84423723725
 20
-10449.41251296976
  0
TEXT
  5
28A
330
17
100
AcDbEntity
  8
NUMBERS
100
AcDbText
 10
68001.91923723724
 20
-10413.61251296976
 30
0.0
 40
30.0
  1
B5厨房-64
 72
     1
 11
68096.91923723725
 21
-10398.61251296976
 31
0.0
100
AcDbText
 73
     2
  0
LWPOLYLINE
  5
28B
330
17
100
AcDbEntity
  8
OUTER
100
AcDbPolyline
 90
        5
 70
     0
 43
0.0
 10
71210.90706234965
 20
-10449.41251296976
 10
72157.05706234964
 20
-10449.41251296976
 10
72157.05706234964
 20
-10347.81251296976
 10
71210.90706234965
 20
-10347.81251296976
 10
71210.90706234965
 20
-10449.41251296976
  0
TEXT
  5
28C
330
17
100
AcDbEntity
  8
NUMBERS
100
AcDbText
 10
71588.98206234964
 20
-10413.61251296976
 30
0.0
 40
30.0
  1
B5厨房-65
 72
     1
 11
71683.98206234964
 21
-10398.61251296976
 31
0.0
100
AcDbText
 73
     2
  0
LWPOLYLINE
  5
28D
330
17
100
AcDbEntity
  8
OUTER
100
AcDbPolyline
 90
        5
 70
     0
 43
0.0
 10
74745.77988618277
 20
-10449.41251296976
 10
75691.92988618277
 20
-10449.41251296976
 10
75691.92988618277
 20
-10347.81251296976
 10
74745.77988618277
 20
-10347.81251296976
 10
74745.77988618277
 20
-10449.41251296976
  0
TEXT
  5
28E
330
17
100
AcDbEntity
  8
NUMBERS
100
AcDbText
 10
75123.85488618277
 20
-10413.61251296976
 30
0.0
 40
30.0
  1
B5厨房-66
 72
     1
 11
75218.85488618277
 21
-10398.61251296976
 31
0.0
100
AcDbText
 73
     2
  0
LWPOLYLINE
  5
28F
330
17
100
AcDbEntity
  8
OUTER
100
AcDbPolyline
 90
        5
 70
     0
 43
0.0
 10
78623.46459324871
 20
-10466.28645114467
 10
79569.61459324871
 20
-10466.28645114467
 10
79569.61459324871
 20
-10364.68645114466
 10
78623.46459324871
 20
-10364.68645114466
 10
78623.46459324871
 20
-10466.28645114467
  0
TEXT
  5
290
330
17
100
AcDbEntity
  8
NUMBERS
100
AcDbText
 10
79001.53959324871
 20
-10430.48645114466
 30
0.0
 40
30.0
  1
B5厨房-67
 72
     1
 11
79096.53959324871
 21
-10415.48645114466
 31
0.0
100
AcDbText
 73
     2
  0
LWPOLYLINE
  5
291
330
17
100
AcDbEntity
  8
OUTER
100
AcDbPolyline
 90
        5
 70
     0
 43
0.0
 10
82375.90392764825
 20
-10466.28645114467
 10
83322.05392764825
 20
-10466.28645114467
 10
83322.05392764825
 20
-10364.68645114466
 10
82375.90392764825
 20
-10364.68645114466
 10
82375.90392764825
 20
-10466.28645114467
  0
TEXT
  5
292
330
17
100
AcDbEntity
  8
NUMBERS
100
AcDbText
 10
82753.97892764825
 20
-10430.48645114466
 30
0.0
 40
30.0
  1
B5厨房-68
 72
     1
 11
82848.97892764824
 21
-10415.48645114466
 31
0.0
100
AcDbText
 73
     2
  0
LWPOLYLINE
  5
293
330
17
100
AcDbEntity
  8
OUTER
100
AcDbPolyline
 90
        5
 70
     0
 43
0.0
 10
44532.71075022283
 20
-58044.23900424165
 10
45478.86075022283
 20
-58044.23900424165
 10
45478.86075022283
 20
-57455.27650424166
 10
44532.71075022283
 20
-57455.27650424166
 10
44532.71075022283
 20
-58044.23900424165
  0
TEXT
  5
294
330
17
100
AcDbEntity
  8
NUMBERS
100
AcDbText
 10
44672.4524168895
 20
-57789.75775424166
 30
0.0
 40
80.0
  1
B6主人卫生间-01
 72
     1
 11
45005.78575022284
 21
-57749.75775424166
 31
0.0
100
AcDbText
 73
     2
  0
LWPOLYLINE
  5
295
330
17
100
AcDbEntity
  8
OUTER
100
AcDbPolyline
 90
        5
 70
     0
 43
0.0
 10
45823.04815978398
 20
-58043.67112889582
 10
45924.64815978398
 20
-58043.67112889582
 10
45924.64815978398
 20
-57454.70862889582
 10
45823.04815978398
 20
-57454.70862889582
 10
45823.04815978398
 20
-58043.67112889582
  0
TEXT
  5
296
330
17
100
AcDbEntity
  8
NUMBERS
100
AcDbText
 10
45812.70001163583
 20
-57756.24543445137
 30
0.0
 40
14.11111111111091
  1
B6主人卫生间-02
 72
     1
 11
45873.84815978398
 21
-57749.18987889582
 31
0.0
100
AcDbText
 73
     2
  0
LWPOLYLINE
  5
297
330
17
100
AcDbEntity
  8
OUTER
100
AcDbPolyline
 90
        5
 70
     0
 43
0.0
 10
48692.376279
 20
-58008.37341896332
 10
49638.526279
 20
-58008.37341896332
 10
49638.526279
 20
-57419.41091896333
 10
48692.376279
 20
-57419.41091896333
 10
48692.376279
 20
-58008.37341896332
  0
TEXT
  5
298
330
17
100
AcDbEntity
  8
NUMBERS
100
AcDbText
 10
48818.78461233333
 20
-57753.89216896334
 30
0.0
 40
80.0
  1
B6主人卫生间-03
 72
     1
 11
49165.451279
 21
-57713.89216896334
 31
0.0
100
AcDbText
 73
     2
  0
LWPOLYLINE
  5
299
330
17
100
AcDbEntity
  8
OUTER
100
AcDbPolyline
 90
        5
 70
     0
 43
0.0
 10
49982.71368856115
 20
-58007.80554361753
 10
50084.31368856115
 20
-58007.80554361753
 10
50084.31368856115
 20
-57418.84304361752
 10
49982.71368856115
 20
-57418.84304361752
 10
49982.71368856115
 20
-58007.80554361753
  0
TEXT
  5
29A
330
17
100
AcDbEntity
  8
NUMBERS
100
AcDbText
 10
49972.36554041299
 20
-57720.37984917308
 30
0.0
 40
14.11111111111192
  1
B6主人卫生间-04
 72
     1
 11
50033.51368856114
 21
-57713.32429361753
 31
0.0
100
AcDbText
 73
     2
  0
LWPOLYLINE
  5
29B
330
17
100
AcDbEntity
  8
OUTER
100
AcDbPolyline
 90
        5
 70
     0
 43
0.0
 10
52944.25391011026
 20
-58008.37341896332
 10
53890.40391011026
 20
-58008.37341896332
 10
53890.40391011026
 20
-57419.41091896333
 10
52944.25391011026
 20
-57419.41091896333
 10
52944.25391011026
 20
-58008.37341896332
  0
TEXT
  5
29C
330
17
100
AcDbEntity
  8
NUMBERS
100
AcDbText
 10
53070.66224344359
 20
-57753.89216896334
 30
0.0
 40
80.0
  1
B6主人卫生间-05
 72
     1
 11
53417.32891011026
 21
-57713.89216896334
 31
0.0
100
AcDbText
 73
     2
  0
LWPOLYLINE
  5
29D
330
17
100
AcDbEntity
  8
OUTER
100
AcDbPolyline
 90
        5
 70
     0
 43
0.0
 10
54234.59131967142
 20
-58007.80554361753
 10
54336.19131967141
 20
-58007.80554361753
 10
54336.19131967141
 20
-57418.84304361752
 10
54234.59131967142
 20
-57418.84304361752
 10
54234.59131967142
 20
-58007.80554361753
  0
TEXT
  5
29E
330
17
100
AcDbEntity
  8
NUMBERS
100
AcDbText
 10
54224.24317152326
 20
-57720.37984917308
 30
0.0
 40
14.11111111111091
  1
B6主人卫生间-06
 72
     1
 11
54285.39131967141
 21
-57713.32429361753
 31
0.0
100
AcDbText
 73
     2
  0
LWPOLYLINE
  5
29F
330
17
100
AcDbEntity
  8
OUTER
100
AcDbPolyline
 90
        5
 70
     0
 43
0.0
 10
57368.97548257704
 20
-57895.72297635086
 10
58315.12548257704
 20
-57895.72297635086
 10
58315.12548257704
 20
-57306.76047635087
 10
57368.97548257704
 20
-57306.76047635087
 10
57368.97548257704
 20
-57895.72297635086
  0
TEXT
  5
2A0
330
17
100
AcDbEntity
  8
NUMBERS
100
AcDbText
 10
57495.38381591038
 20
-57641.24172635086
 30
0.0
 40
80.0
  1
B6主人卫生间-07
 72
     1
 11
57842.05048257704
 21
-57601.24172635086
 31
0.0
100
AcDbText
 73
     2
  0
LWPOLYLINE
  5
2A1
330
17
100
AcDbEntity
  8
OUTER
100
AcDbPolyline
 90
        5
 70
     0
 43
0.0
 10
58659.31289213817
 20
-57895.15510100503
 10
58760.91289213817
 20
-57895.15510100503
 10
58760.91289213817
 20
-57306.19260100505
 10
58659.31289213817
 20
-57306.19260100505
 10
58659.31289213817
 20
-57895.15510100503
  0
TEXT
  5
2A2
330
17
100
AcDbEntity
  8
NUMBERS
100
AcDbText
 10
58648.96474399003
 20
-57607.72940656059
 30
0.0
 40
14.11111111111091
  1
B6主人卫生间-08
 72
     1
 11
58710.11289213817
 21
-57600.67385100504
 31
0.0
100
AcDbText
 73
     2
  0
LWPOLYLINE
  5
2A3
330
17
100
AcDbEntity
  8
OUTER
100
AcDbPolyline
 90
        5
 70
     0
 43
0.0
 10
44479.17047270798
 20
-56412.57992700698
 10
46085.72047270799
 20
-56412.57992700698
 10
46085.72047270799
 20
-55768.054927007
 10
44479.17047270798
 20
-55768.054927007
 10
44479.17047270798
 20
-56412.57992700698
  0
TEXT
  5
2A4
330
17
100
AcDbEntity
  8
NUMBERS
100
AcDbText
 10
45049.11213937466
 20
-56130.31742700699
 30
0.0
 40
80.0
  1
B6厨房-01
 72
     1
 11
45282.445472708
 21
-56090.31742700699
 31
0.0
100
AcDbText
 73
     2
  0
LWPOLYLINE
  5
2A5
330
17
100
AcDbEntity
  8
OUTER
100
AcDbPolyline
 90
        5
 70
     0
 43
0.0
 10
46787.26962767949
 20
-56412.57992700698
 10
47244.46962767948
 20
-56412.57992700698
 10
47244.46962767948
 20
-55768.054927007
 10
46787.26962767949
 20
-55768.054927007
 10
46787.26962767949
 20
-56412.57992700698
  0
TEXT
  5
2A6
330
17
100
AcDbEntity
  8
NUMBERS
100
AcDbText
 10
46769.20296101281
 20
-56130.31742700699
 30
0.0
 40
80.0
  1
B6厨房-02
 72
     1
 11
47015.86962767947
 21
-56090.31742700699
 31
0.0
100
AcDbText
 73
     2
  0
LWPOLYLINE
  5
2A7
330
17
100
AcDbEntity
  8
OUTER
100
AcDbPolyline
 90
        5
 70
     0
 43
0.0
 10
48638.83600148517
 20
-56376.71434172869
 10
50245.38600148517
 20
-56376.71434172869
 10
50245.38600148517
 20
-55732.18934172869
 10
48638.83600148517
 20
-55732.18934172869
 10
48638.83600148517
 20
-56376.71434172869
  0
TEXT
  5
2A8
330
17
100
AcDbEntity
  8
NUMBERS
100
AcDbText
 10
49195.4443348185
 20
-56094.45184172868
 30
0.0
 40
80.0
  1
B6厨房-03
 72
     1
 11
49442.11100148517
 21
-56054.45184172869
 31
0.0
100
AcDbText
 73
     2
  0
LWPOLYLINE
  5
2A9
330
17
100
AcDbEntity
  8
OUTER
100
AcDbPolyline
 90
        5
 70
     0
 43
0.0
 10
50946.93515645666
 20
-56376.71434172869
 10
51404.13515645666
 20
-56376.71434172869
 10
51404.13515645666
 20
-55732.18934172869
 10
50946.93515645666
 20
-55732.18934172869
 10
50946.93515645666
 20
-56376.71434172869
  0
TEXT
  5
2AA
330
17
100
AcDbEntity
  8
NUMBERS
100
AcDbText
 10
50928.86848978999
 20
-56094.45184172868
 30
0.0
 40
80.0
  1
B6厨房-04
 72
     1
 11
51175.53515645665
 21
-56054.45184172869
 31
0.0
100
AcDbText
 73
     2
  0
LWPOLYLINE
  5
2AB
330
17
100
AcDbEntity
  8
OUTER
100
AcDbPolyline
 90
        5
 70
     0
 43
0.0
 10
52890.71363259542
 20
-56376.71434172869
 10
54497.26363259542
 20
-56376.71434172869
 10
54497.26363259542
 20
-55732.18934172869
 10
52890.71363259542
 20
-55732.18934172869
 10
52890.71363259542
 20
-56376.71434172869
  0
TEXT
  5
2AC
330
17
100
AcDbEntity
  8
NUMBERS
100
AcDbText
 10
53447.32196592874
 20
-56094.45184172868
 30
0.0
 40
80.0
  1
B6厨房-05
 72
     1
 11
53693.9886325954
 21
-56054.45184172869
 31
0.0
100
AcDbText
 73
     2
  0
LWPOLYLINE
  5
2AD
330
17
100
AcDbEntity
  8
OUTER
100
AcDbPolyline
 90
        5
 70
     0
 43
0.0
 10
55198.81278756692
 20
-56376.71434172869
 10
55656.01278756691
 20
-56376.71434172869
 10
55656.01278756691
 20
-55732.18934172869
 10
55198.81278756692
 20
-55732.18934172869
 10
55198.81278756692
 20
-56376.71434172869
  0
TEXT
  5
2AE
330
17
100
AcDbEntity
  8
NUMBERS
100
AcDbText
 10
55180.74612090026
 20
-56094.45184172868
 30
0.0
 40
80.0
  1
B6厨房-06
 72
     1
 11
55427.41278756692
 21
-56054.45184172869
 31
0.0
100
AcDbText
 73
     2
  0
LWPOLYLINE
  5
2AF
330
17
100
AcDbEntity
  8
OUTER
100
AcDbPolyline
 90
        5
 70
     0
 43
0.0
 10
57315.43520506218
 20
-56264.06389911621
 10
58921.98520506219
 20
-56264.06389911621
 10
58921.98520506219
 20
-55619.53889911621
 10
57315.43520506218
 20
-55619.53889911621
 10
57315.43520506218
 20
-56264.06389911621
  0
TEXT
  5
2B0
330
17
100
AcDbEntity
  8
NUMBERS
100
AcDbText
 10
57872.04353839553
 20
-55981.80139911622
 30
0.0
 40
80.0
  1
B6厨房-07
 72
     1
 11
58118.71020506219
 21
-55941.80139911622
 31
0.0
100
AcDbText
 73
     2
  0
LWPOLYLINE
  5
2B1
330
17
100
AcDbEntity
  8
OUTER
100
AcDbPolyline
 90
        5
 70
     0
 43
0.0
 10
59623.53436003369
 20
-56264.06389911621
 10
60080.73436003368
 20
-56264.06389911621
 10
60080.73436003368
 20
-55619.53889911621
 10
59623.53436003369
 20
-55619.53889911621
 10
59623.53436003369
 20
-56264.06389911621
  0
TEXT
  5
2B2
330
17
100
AcDbEntity
  8
NUMBERS
100
AcDbText
 10
59605.46769336702
 20
-55981.80139911622
 30
0.0
 40
80.0
  1
B6厨房-08
 72
     1
 11
59852.13436003369
 21
-55941.80139911622
 31
0.0
100
AcDbText
 73
     2
  0
LWPOLYLINE
  5
2B3
330
17
100
AcDbEntity
  8
OUTER
100
AcDbPolyline
 90
        5
 70
     0
 43
0.0
 10
44532.71075022283
 20
-57154.92791448312
 10
45478.86075022283
 20
-57154.92791448312
 10
45478.86075022283
 20
-57053.32791448312
 10
44532.71075022283
 20
-57053.32791448312
 10
44532.71075022283
 20
-57154.92791448312
  0
TEXT
  5
2B4
330
17
100
AcDbEntity
  8
NUMBERS
100
AcDbText
 10
44913.28575022283
 20
-57119.12791448313
 30
0.0
 40
30.0
  1
B6厨房-09
 72
     1
 11
45005.78575022283
 21
-57104.12791448313
 31
0.0
100
AcDbText
 73
     2
  0
LWPOLYLINE
  5
2B5
330
17
100
AcDbEntity
  8
OUTER
100
AcDbPolyline
 90
        5
 70
     0
 43
0.0
 10
48692.376279
 20
-57119.06232920481
 10
49638.526279
 20
-57119.06232920481
 10
49638.526279
 20
-57017.46232920481
 10
48692.376279
 20
-57017.46232920481
 10
48692.376279
 20
-57119.06232920481
  0
TEXT
  5
2B6
330
17
100
AcDbEntity
  8
NUMBERS
100
AcDbText
 10
49077.95127899999
 20
-57083.26232920481
 30
0.0
 40
30.0
  1
B6厨房-10
 72
     1
 11
49165.45127899999
 21
-57068.26232920481
 31
0.0
100
AcDbText
 73
     2
  0
LWPOLYLINE
  5
2B7
330
17
100
AcDbEntity
  8
OUTER
100
AcDbPolyline
 90
        5
 70
     0
 43
0.0
 10
52944.25391011026
 20
-57119.06232920481
 10
53890.40391011026
 20
-57119.06232920481
 10
53890.40391011026
 20
-57017.46232920481
 10
52944.25391011026
 20
-57017.46232920481
 10
52944.25391011026
 20
-57119.06232920481
  0
TEXT
  5
2B8
330
17
100
AcDbEntity
  8
NUMBERS
100
AcDbText
 10
53332.32891011026
 20
-57083.26232920481
 30
0.0
 40
30.0
  1
B6厨房-11
 72
     1
 11
53417.32891011026
 21
-57068.26232920481
 31
0.0
100
AcDbText
 73
     2
  0
LWPOLYLINE
  5
2B9
330
17
100
AcDbEntity
  8
OUTER
100
AcDbPolyline
 90
        5
 70
     0
 43
0.0
 10
57368.97548257704
 20
-57006.41188659234
 10
58315.12548257704
 20
-57006.41188659234
 10
58315.12548257704
 20
-56904.81188659235
 10
57368.97548257704
 20
-56904.81188659235
 10
57368.97548257704
 20
-57006.41188659234
  0
TEXT
  5
2BA
330
17
100
AcDbEntity
  8
NUMBERS
100
AcDbText
 10
57752.05048257702
 20
-56970.61188659235
 30
0.0
 40
30.0
  1
B6厨房-12
 72
     1
 11
57842.05048257701
 21
-56955.61188659236
 31
0.0
100
AcDbText
 73
     2
  0
LWPOLYLINE
  5
2BB
330
17
100
AcDbEntity
  8
OUTER
100
AcDbPolyline
 90
        5
 70
     0
 43
0.0
 10
48634.53811576547
 20
-16527.33951860881
 10
49428.28811576546
 20
-16527.33951860881
 10
49428.28811576546
 20
-15938.37701860882
 10
48634.53811576547
 20
-15938.37701860882
 10
48634.53811576547
 20
-16527.33951860881
  0
TEXT
  5
2BC
330
17
100
AcDbEntity
  8
NUMBERS
100
AcDbText
 10
48618.07978243212
 20
-16272.85826860881
 30
0.0
 40
80.0
  1
B7-a主人卫生间-01
 72
     1
 11
49031.41311576545
 21
-16232.85826860881
 31
0.0
100
AcDbText
 73
     2
  0
LWPOLYLINE
  5
2BD
330
17
100
AcDbEntity
  8
OUTER
100
AcDbPolyline
 90
        5
 70
     0
 43
0.0
 10
49927.80104471072
 20
-16527.33951860881
 10
50029.40104471072
 20
-16527.33951860881
 10
50029.40104471072
 20
-15938.37701860882
 10
49927.80104471072
 20
-15938.37701860882
 10
49927.80104471072
 20
-16527.33951860881
  0
TEXT
  5
2BE
330
17
100
AcDbEntity
  8
NUMBERS
100
AcDbText
 10
49915.88499532801
 20
-16238.73789823844
 30
0.0
 40
11.75925925925909
  1
B7-a主人卫生间-02
 72
     1
 11
49978.60104471073
 21
-16232.85826860881
 31
0.0
100
AcDbText
 73
     2
  0
LWPOLYLINE
  5
2BF
330
17
100
AcDbEntity
  8
OUTER
100
AcDbPolyline
 90
        5
 70
     0
 43
0.0
 10
52419.39799637409
 20
-16527.33951860881
 10
53213.1479963741
 20
-16527.33951860881
 10
53213.1479963741
 20
-15938.37701860882
 10
52419.39799637409
 20
-15938.37701860882
 10
52419.39799637409
 20
-16527.33951860881
  0
TEXT
  5
2C0
330
17
100
AcDbEntity
  8
NUMBERS
100
AcDbText
 10
52389.60632970743
 20
-16272.85826860882
 30
0.0
 40
80.0
  1
B7-a主人卫生间-03
 72
     1
 11
52816.2729963741
 21
-16232.85826860882
 31
0.0
100
AcDbText
 73
     2
  0
LWPOLYLINE
  5
2C1
330
17
100
AcDbEntity
  8
OUTER
100
AcDbPolyline
 90
        5
 70
     0
 43
0.0
 10
53712.66092531934
 20
-16527.33951860881
 10
53814.26092531934
 20
-16527.33951860881
 10
53814.26092531934
 20
-15938.37701860882
 10
53712.66092531934
 20
-15938.37701860882
 10
53712.66092531934
 20
-16527.33951860881
  0
TEXT
  5
2C2
330
17
100
AcDbEntity
  8
NUMBERS
100
AcDbText
 10
53700.74487593662
 20
-16238.73789823844
 30
0.0
 40
11.75925925925909
  1
B7-a主人卫生间-04
 72
     1
 11
53763.46092531933
 21
-16232.85826860881
 31
0.0
100
AcDbText
 73
     2
  0
LWPOLYLINE
  5
2C3
330
17
100
AcDbEntity
  8
OUTER
100
AcDbPolyline
 90
        5
 70
     0
 43
0.0
 10
56451.09532567933
 20
-16527.33951860881
 10
57244.84532567933
 20
-16527.33951860881
 10
57244.84532567933
 20
-15938.37701860882
 10
56451.09532567933
 20
-15938.37701860882
 10
56451.09532567933
 20
-16527.33951860881
  0
TEXT
  5
2C4
330
17
100
AcDbEntity
  8
NUMBERS
100
AcDbText
 10
56421.30365901266
 20
-16272.85826860881
 30
0.0
 40
80.0
  1
B7-a主人卫生间-05
 72
     1
 11
56847.97032567932
 21
-16232.85826860881
 31
0.0
100
AcDbText
 73
     2
  0
LWPOLYLINE
  5
2C5
330
17
100
AcDbEntity
  8
OUTER
100
AcDbPolyline
 90
        5
 70
     0
 43
0.0
 10
57744.35825462457
 20
-16527.33951860881
 10
57845.95825462457
 20
-16527.33951860881
 10
57845.95825462457
 20
-15938.37701860882
 10
57744.35825462457
 20
-15938.37701860882
 10
57744.35825462457
 20
-16527.33951860881
  0
TEXT
  5
2C6
330
17
100
AcDbEntity
  8
NUMBERS
100
AcDbText
 10
57732.44220524185
 20
-16238.73789823844
 30
0.0
 40
11.75925925925993
  1
B7-a主人卫生间-06
 72
     1
 11
57795.15825462457
 21
-16232.85826860881
 31
0.0
100
AcDbText
 73
     2
  0
LWPOLYLINE
  5
2C7
330
17
100
AcDbEntity
  8
OUTER
100
AcDbPolyline
 90
        5
 70
     0
 43
0.0
 10
64636.22867039296
 20
-16527.33951860881
 10
65429.97867039296
 20
-16527.33951860881
 10
65429.97867039296
 20
-15938.37701860882
 10
64636.22867039296
 20
-15938.37701860882
 10
64636.22867039296
 20
-16527.33951860881
  0
TEXT
  5
2C8
330
17
100
AcDbEntity
  8
NUMBERS
100
AcDbText
 10
64606.43700372629
 20
-16272.85826860881
 30
0.0
 40
80.0
  1
B7-a主人卫生间-07
 72
     1
 11
65033.10367039295
 21
-16232.85826860881
 31
0.0
100
AcDbText
 73
     2
  0
LWPOLYLINE
  5
2C9
330
17
100
AcDbEntity
  8
OUTER
100
AcDbPolyline
 90
        5
 70
     0
 43
0.0
 10
65929.4915993382
 20
-16527.33951860881
 10
66031.0915993382
 20
-16527.33951860881
 10
66031.0915993382
 20
-15938.37701860882
 10
65929.4915993382
 20
-15938.37701860882
 10
65929.4915993382
 20
-16527.33951860881
  0
TEXT
  5
2CA
330
17
100
AcDbEntity
  8
NUMBERS
100
AcDbText
 10
65917.57554995549
 20
-16238.73789823844
 30
0.0
 40
11.75925925925825
  1
B7-a主人卫生间-08
 72
     1
 11
65980.29159933821
 21
-16232.85826860881
 31
0.0
100
AcDbText
 73
     2
  0
LWPOLYLINE
  5
2CB
330
17
100
AcDbEntity
  8
OUTER
100
AcDbPolyline
 90
        5
 70
     0
 43
0.0
 10
68421.08855100156
 20
-16527.33951860881
 10
69214.83855100157
 20
-16527.33951860881
 10
69214.83855100157
 20
-15938.37701860882
 10
68421.08855100156
 20
-15938.37701860882
 10
68421.08855100156
 20
-16527.33951860881
  0
TEXT
  5
2CC
330
17
100
AcDbEntity
  8
NUMBERS
100
AcDbText
 10
68391.29688433489
 20
-16272.85826860881
 30
0.0
 40
80.0
  1
B7-a主人卫生间-09
 72
     1
 11
68817.96355100156
 21
-16232.85826860881
 31
0.0
100
AcDbText
 73
     2
  0
LWPOLYLINE
  5
2CD
330
17
100
AcDbEntity
  8
OUTER
100
AcDbPolyline
 90
        5
 70
     0
 43
0.0
 10
69714.35147994682
 20
-16527.33951860881
 10
69815.95147994683
 20
-16527.33951860881
 10
69815.95147994683
 20
-15938.37701860882
 10
69714.35147994682
 20
-15938.37701860882
 10
69714.35147994682
 20
-16527.33951860881
  0
TEXT
  5
2CE
330
17
100
AcDbEntity
  8
NUMBERS
100
AcDbText
 10
69704.39530710732
 20
-16238.73789823844
 30
0.0
 40
11.75925925925993
  1
B7-a主人卫生间-10
 72
     1
 11
69765.15147994683
 21
-16232.85826860881
 31
0.0
100
AcDbText
 73
     2
  0
LWPOLYLINE
  5
2CF
330
17
100
AcDbEntity
  8
OUTER
100
AcDbPolyline
 90
        5
 70
     0
 43
0.0
 10
72452.7858803068
 20
-16527.33951860881
 10
73246.53588030682
 20
-16527.33951860881
 10
73246.53588030682
 20
-15938.37701860882
 10
72452.7858803068
 20
-15938.37701860882
 10
72452.7858803068
 20
-16527.33951860881
  0
TEXT
  5
2D0
330
17
100
AcDbEntity
  8
NUMBERS
100
AcDbText
 10
72442.99421364012
 20
-16272.85826860881
 30
0.0
 40
80.0
  1
B7-a主人卫生间-11
 72
     1
 11
72849.66088030679
 21
-16232.85826860881
 31
0.0
100
AcDbText
 73
     2
  0
LWPOLYLINE
  5
2D1
330
17
100
AcDbEntity
  8
OUTER
100
AcDbPolyline
 90
        5
 70
     0
 43
0.0
 10
73746.04880925205
 20
-16527.33951860881
 10
73847.64880925206
 20
-16527.33951860881
 10
73847.64880925206
 20
-15938.37701860882
 10
73746.04880925205
 20
-15938.37701860882
 10
73746.04880925205
 20
-16527.33951860881
  0
TEXT
  5
2D2
330
17
100
AcDbEntity
  8
NUMBERS
100
AcDbText
 10
73735.11269814095
 20
-16238.73789823844
 30
0.0
 40
11.75925925925993
  1
B7-a主人卫生间-12
 72
     1
 11
73796.84880925205
 21
-16232.85826860881
 31
0.0
100
AcDbText
 73
     2
  0
LWPOLYLINE
  5
2D3
330
17
100
AcDbEntity
  8
OUTER
100
AcDbPolyline
 90
        5
 70
     0
 43
0.0
 10
76269.16727340342
 20
-16491.64709032012
 10
77062.91727340342
 20
-16491.64709032012
 10
77062.91727340342
 20
-15902.68459032013
 10
76269.16727340342
 20
-15902.68459032013
 10
76269.16727340342
 20
-16491.64709032012
  0
TEXT
  5
2D4
330
17
100
AcDbEntity
  8
NUMBERS
100
AcDbText
 10
76246.0422734034
 20
-16237.16584032013
 30
0.0
 40
80.0
  1
B7-a主人卫生间-13
 72
     1
 11
76666.0422734034
 21
-16197.16584032013
 31
0.0
100
AcDbText
 73
     2
  0
LWPOLYLINE
  5
2D5
330
17
100
AcDbEntity
  8
OUTER
100
AcDbPolyline
 90
        5
 70
     0
 43
0.0
 10
77562.43020234866
 20
-16491.64709032012
 10
77664.03020234867
 20
-16491.64709032012
 10
77664.03020234867
 20
-15902.68459032013
 10
77562.43020234866
 20
-15902.68459032013
 10
77562.43020234866
 20
-16491.64709032012
  0
TEXT
  5
2D6
330
17
100
AcDbEntity
  8
NUMBERS
100
AcDbText
 10
77551.49409123754
 20
-16203.04546994975
 30
0.0
 40
11.75925925925993
  1
B7-a主人卫生间-14
 72
     1
 11
77613.23020234866
 21
-16197.16584032012
 31
0.0
100
AcDbText
 73
     2
  0
LWPOLYLINE
  5
2D7
330
17
100
AcDbEntity
  8
OUTER
100
AcDbPolyline
 90
        5
 70
     0
 43
0.0
 10
80134.62401980772
 20
-16442.99649308115
 10
80928.37401980773
 20
-16442.99649308115
 10
80928.37401980773
 20
-15854.03399308114
 10
80134.62401980772
 20
-15854.03399308114
 10
80134.62401980772
 20
-16442.99649308115
  0
TEXT
  5
2D8
330
17
100
AcDbEntity
  8
NUMBERS
100
AcDbText
 10
80111.49901980775
 20
-16188.51524308114
 30
0.0
 40
80.0
  1
B7-a主人卫生间-15
 72
     1
 11
80531.49901980775
 21
-16148.51524308114
 31
0.0
100
AcDbText
 73
     2
  0
LWPOLYLINE
  5
2D9
330
17
100
AcDbEntity
  8
OUTER
100
AcDbPolyline
 90
        5
 70
     0
 43
0.0
 10
81427.88694875299
 20
-16442.99649308115
 10
81529.48694875298
 20
-16442.99649308115
 10
81529.48694875298
 20
-15854.03399308114
 10
81427.88694875299
 20
-15854.03399308114
 10
81427.88694875299
 20
-16442.99649308115
  0
TEXT
  5
2DA
330
17
100
AcDbEntity
  8
NUMBERS
100
AcDbText
 10
81416.95083764188
 20
-16154.39487271077
 30
0.0
 40
11.75925925925825
  1
B7-a主人卫生间-16
 72
     1
 11
81478.68694875299
 21
-16148.51524308114
 31
0.0
100
AcDbText
 73
     2
  0
LWPOLYLINE
  5
2DB
330
17
100
AcDbEntity
  8
OUTER
100
AcDbPolyline
 90
        5
 70
     0
 43
0.0
 10
83919.48390041639
 20
-16442.99649308115
 10
84713.23390041638
 20
-16442.99649308115
 10
84713.23390041638
 20
-15854.03399308114
 10
83919.48390041639
 20
-15854.03399308114
 10
83919.48390041639
 20
-16442.99649308115
  0
TEXT
  5
2DC
330
17
100
AcDbEntity
  8
NUMBERS
100
AcDbText
 10
83896.35890041638
 20
-16188.51524308114
 30
0.0
 40
80.0
  1
B7-a主人卫生间-17
 72
     1
 11
84316.35890041638
 21
-16148.51524308114
 31
0.0
100
AcDbText
 73
     2
  0
LWPOLYLINE
  5
2DD
330
17
100
AcDbEntity
  8
OUTER
100
AcDbPolyline
 90
        5
 70
     0
 43
0.0
 10
85212.74682936159
 20
-16442.99649308115
 10
85314.34682936161
 20
-16442.99649308115
 10
85314.34682936161
 20
-15854.03399308114
 10
85212.74682936159
 20
-15854.03399308114
 10
85212.74682936159
 20
-16442.99649308115
  0
TEXT
  5
2DE
330
17
100
AcDbEntity
  8
NUMBERS
100
AcDbText
 10
85201.81071825048
 20
-16154.39487271078
 30
0.0
 40
11.75925925926161
  1
B7-a主人卫生间-18
 72
     1
 11
85263.5468293616
 21
-16148.51524308114
 31
0.0
100
AcDbText
 73
     2
  0
LWPOLYLINE
  5
2DF
330
17
100
AcDbEntity
  8
OUTER
100
AcDbPolyline
 90
        5
 70
     0
 43
0.0
 10
87951.18122972159
 20
-16442.99649308115
 10
88744.93122972159
 20
-16442.99649308115
 10
88744.93122972159
 20
-15854.03399308114
 10
87951.18122972159
 20
-15854.03399308114
 10
87951.18122972159
 20
-16442.99649308115
  0
TEXT
  5
2E0
330
17
100
AcDbEntity
  8
NUMBERS
100
AcDbText
 10
87928.05622972162
 20
-16188.51524308114
 30
0.0
 40
80.0
  1
B7-a主人卫生间-19
 72
     1
 11
88348.05622972162
 21
-16148.51524308114
 31
0.0
100
AcDbText
 73
     2
  0
LWPOLYLINE
  5
2E1
330
17
100
AcDbEntity
  8
OUTER
100
AcDbPolyline
 90
        5
 70
     0
 43
0.0
 10
89244.44415866684
 20
-16442.99649308115
 10
89346.04415866687
 20
-16442.99649308115
 10
89346.04415866687
 20
-15854.03399308114
 10
89244.44415866684
 20
-15854.03399308114
 10
89244.44415866684
 20
-16442.99649308115
  0
TEXT
  5
2E2
330
17
100
AcDbEntity
  8
NUMBERS
100
AcDbText
 10
89232.52810928412
 20
-16154.39487271078
 30
0.0
 40
11.75925925925993
  1
B7-a主人卫生间-20
 72
     1
 11
89295.24415866683
 21
-16148.51524308114
 31
0.0
100
AcDbText
 73
     2
  0
LWPOLYLINE
  5
2E3
330
17
100
AcDbEntity
  8
OUTER
100
AcDbPolyline
 90
        5
 70
     0
 43
0.0
 10
44769.08136936114
 20
-16575.99011584779
 10
45562.83136936115
 20
-16575.99011584779
 10
45562.83136936115
 20
-15987.02761584779
 10
44769.08136936114
 20
-15987.02761584779
 10
44769.08136936114
 20
-16575.99011584779
  0
TEXT
  5
2E4
330
17
100
AcDbEntity
  8
NUMBERS
100
AcDbText
 10
44745.95636936115
 20
-16321.50886584779
 30
0.0
 40
80.0
  1
B7-a主人卫生间-21
 72
     1
 11
45165.95636936115
 21
-16281.50886584779
 31
0.0
100
AcDbText
 73
     2
  0
LWPOLYLINE
  5
2E5
330
17
100
AcDbEntity
  8
OUTER
100
AcDbPolyline
 90
        5
 70
     0
 43
0.0
 10
46062.34429830639
 20
-16575.99011584779
 10
46163.9442983064
 20
-16575.99011584779
 10
46163.9442983064
 20
-15987.02761584779
 10
46062.34429830639
 20
-15987.02761584779
 10
46062.34429830639
 20
-16575.99011584779
  0
TEXT
  5
2E6
330
17
100
AcDbEntity
  8
NUMBERS
100
AcDbText
 10
46049.44831065208
 20
-16287.38849547742
 30
0.0
 40
11.75925925925909
  1
B7-a主人卫生间-22
 72
     1
 11
46113.14429830639
 21
-16281.50886584779
 31
0.0
100
AcDbText
 73
     2
  0
LWPOLYLINE
  5
2E7
330
17
100
AcDbEntity
  8
OUTER
100
AcDbPolyline
 90
        5
 70
     0
 43
0.0
 10
60770.77192398864
 20
-16575.99011584779
 10
61564.52192398861
 20
-16575.99011584779
 10
61564.52192398861
 20
-15987.02761584779
 10
60770.77192398864
 20
-15987.02761584779
 10
60770.77192398864
 20
-16575.99011584779
  0
TEXT
  5
2E8
330
17
100
AcDbEntity
  8
NUMBERS
100
AcDbText
 10
60734.31359065531
 20
-16321.50886584779
 30
0.0
 40
80.0
  1
B7-a主人卫生间-23
 72
     1
 11
61167.64692398864
 21
-16281.50886584779
 31
0.0
100
AcDbText
 73
     2
  0
LWPOLYLINE
  5
2E9
330
17
100
AcDbEntity
  8
OUTER
100
AcDbPolyline
 90
        5
 70
     0
 43
0.0
 10
62064.03485293387
 20
-16575.99011584779
 10
62165.63485293388
 20
-16575.99011584779
 10
62165.63485293388
 20
-15987.02761584779
 10
62064.03485293387
 20
-15987.02761584779
 10
62064.03485293387
 20
-16575.99011584779
  0
TEXT
  5
2EA
330
17
100
AcDbEntity
  8
NUMBERS
100
AcDbText
 10
62051.13886527956
 20
-16287.38849547742
 30
0.0
 40
11.75925925925909
  1
B7-a主人卫生间-24
 72
     1
 11
62114.83485293388
 21
-16281.50886584779
 31
0.0
100
AcDbText
 73
     2
  0
LWPOLYLINE
  5
2EB
330
17
100
AcDbEntity
  8
OUTER
100
AcDbPolyline
 90
        5
 70
     0
 43
0.0
 10
63672.38434585793
 20
-18834.44879151557
 10
64129.58434585791
 20
-18834.44879151557
 10
64129.58434585791
 20
-18189.92379151558
 10
63672.38434585793
 20
-18189.92379151558
 10
63672.38434585793
 20
-18834.44879151557
  0
TEXT
  5
2EC
330
17
100
AcDbEntity
  8
NUMBERS
100
AcDbText
 10
63614.35240141349
 20
-18538.64462484891
 30
0.0
 40
52.9166666666655
  1
B7-a主人卫生间-25
 72
     1
 11
63900.98434585793
 21
-18512.18629151557
 31
0.0
100
AcDbText
 73
     2
  0
LWPOLYLINE
  5
2ED
330
17
100
AcDbEntity
  8
OUTER
100
AcDbPolyline
 90
        5
 70
     0
 43
0.0
 10
68297.00601911245
 20
-18834.44879151557
 10
68754.20601911245
 20
-18834.44879151557
 10
68754.20601911245
 20
-18189.92379151558
 10
68297.00601911245
 20
-18189.92379151558
 10
68297.00601911245
 20
-18834.44879151557
  0
TEXT
  5
2EE
330
17
100
AcDbEntity
  8
NUMBERS
100
AcDbText
 10
68238.97407466802
 20
-18538.64462484891
 30
0.0
 40
52.91666666666632
  1
B7-a主人卫生间-26
 72
     1
 11
68525.60601911245
 21
-18512.18629151557
 31
0.0
100
AcDbText
 73
     2
  0
LWPOLYLINE
  5
2EF
330
17
100
AcDbEntity
  8
OUTER
100
AcDbPolyline
 90
        5
 70
     0
 43
0.0
 10
72697.47592028909
 20
-18798.87093322663
 10
73154.67592028906
 20
-18798.87093322663
 10
73154.67592028906
 20
-18154.34593322663
 10
72697.47592028909
 20
-18154.34593322663
 10
72697.47592028909
 20
-18798.87093322663
  0
TEXT
  5
2F0
330
17
100
AcDbEntity
  8
NUMBERS
100
AcDbText
 10
72639.44397584465
 20
-18503.06676655996
 30
0.0
 40
52.91666666666632
  1
B7-a主人卫生间-27
 72
     1
 11
72926.07592028909
 21
-18476.60843322663
 31
0.0
100
AcDbText
 73
     2
  0
LWPOLYLINE
  5
2F1
330
17
100
AcDbEntity
  8
OUTER
100
AcDbPolyline
 90
        5
 70
     0
 43
0.0
 10
44752.38966011175
 20
-14828.8871455499
 10
46587.53966011174
 20
-14828.8871455499
 10
46587.53966011174
 20
-14184.36214554991
 10
44752.38966011175
 20
-14184.36214554991
 10
44752.38966011175
 20
-14828.8871455499
  0
TEXT
  5
2F2
330
17
100
AcDbEntity
  8
NUMBERS
100
AcDbText
 10
45356.63132677839
 20
-14546.6246455499
 30
0.0
 40
80.0
  1
B7-a厨房-01
 72
     1
 11
45669.96466011173
 21
-14506.6246455499
 31
0.0
100
AcDbText
 73
     2
  0
LWPOLYLINE
  5
2F3
330
17
100
AcDbEntity
  8
OUTER
100
AcDbPolyline
 90
        5
 70
     0
 43
0.0
 10
47204.10092815745
 20
-14832.04707838982
 10
47661.30092815743
 20
-14832.04707838982
 10
47661.30092815743
 20
-14187.52207838982
 10
47204.10092815745
 20
-14187.52207838982
 10
47204.10092815745
 20
-14832.04707838982
  0
TEXT
  5
2F4
330
17
100
AcDbEntity
  8
NUMBERS
100
AcDbText
 10
47144.59907630559
 20
-14545.06235616759
 30
0.0
 40
70.55555555555399
  1
B7-a厨房-02
 72
     1
 11
47432.70092815744
 21
-14509.78457838981
 31
0.0
100
AcDbText
 73
     2
  0
LWPOLYLINE
  5
2F5
330
17
100
AcDbEntity
  8
OUTER
100
AcDbPolyline
 90
        5
 70
     0
 43
0.0
 10
48617.84640651606
 20
-14780.23654831093
 10
50452.99640651607
 20
-14780.23654831093
 10
50452.99640651607
 20
-14135.71154831094
 10
48617.84640651606
 20
-14135.71154831094
 10
48617.84640651606
 20
-14780.23654831093
  0
TEXT
  5
2F6
330
17
100
AcDbEntity
  8
NUMBERS
100
AcDbText
 10
49208.75473984939
 20
-14497.97404831093
 30
0.0
 40
80.0
  1
B7-a厨房-03
 72
     1
 11
49535.42140651606
 21
-14457.97404831093
 31
0.0
100
AcDbText
 73
     2
  0
LWPOLYLINE
  5
2F7
330
17
100
AcDbEntity
  8
OUTER
100
AcDbPolyline
 90
        5
 70
     0
 43
0.0
 10
51069.55767456176
 20
-14783.39648115085
 10
51526.75767456177
 20
-14783.39648115085
 10
51526.75767456177
 20
-14138.87148115085
 10
51069.55767456176
 20
-14138.87148115085
 10
51069.55767456176
 20
-14783.39648115085
  0
TEXT
  5
2F8
330
17
100
AcDbEntity
  8
NUMBERS
100
AcDbText
 10
51010.05582270991
 20
-14496.41175892863
 30
0.0
 40
70.55555555555513
  1
B7-a厨房-04
 72
     1
 11
51298.15767456175
 21
-14461.13398115085
 31
0.0
100
AcDbText
 73
     2
  0
LWPOLYLINE
  5
2F9
330
17
100
AcDbEntity
  8
OUTER
100
AcDbPolyline
 90
        5
 70
     0
 43
0.0
 10
52402.70628712469
 20
-14780.23654831093
 10
54237.85628712469
 20
-14780.23654831093
 10
54237.85628712469
 20
-14135.71154831094
 10
52402.70628712469
 20
-14135.71154831094
 10
52402.70628712469
 20
-14780.23654831093
  0
TEXT
  5
2FA
330
17
100
AcDbEntity
  8
NUMBERS
100
AcDbText
 10
52993.61462045802
 20
-14497.97404831093
 30
0.0
 40
80.0
  1
B7-a厨房-05
 72
     1
 11
53320.28128712468
 21
-14457.97404831093
 31
0.0
100
AcDbText
 73
     2
  0
LWPOLYLINE
  5
2FB
330
17
100
AcDbEntity
  8
OUTER
100
AcDbPolyline
 90
        5
 70
     0
 43
0.0
 10
54854.41755517038
 20
-14783.39648115085
 10
55311.61755517039
 20
-14783.39648115085
 10
55311.61755517039
 20
-14138.87148115085
 10
54854.41755517038
 20
-14138.87148115085
 10
54854.41755517038
 20
-14783.39648115085
  0
TEXT
  5
2FC
330
17
100
AcDbEntity
  8
NUMBERS
100
AcDbText
 10
54794.91570331854
 20
-14496.41175892863
 30
0.0
 40
70.55555555555622
  1
B7-a厨房-06
 72
     1
 11
55083.01755517039
 21
-14461.13398115085
 31
0.0
100
AcDbText
 73
     2
  0
LWPOLYLINE
  5
2FD
330
17
100
AcDbEntity
  8
OUTER
100
AcDbPolyline
 90
        5
 70
     0
 43
0.0
 10
56434.40361642992
 20
-14780.23654831093
 10
58269.55361642991
 20
-14780.23654831093
 10
58269.55361642991
 20
-14135.71154831094
 10
56434.40361642992
 20
-14135.71154831094
 10
56434.40361642992
 20
-14780.23654831093
  0
TEXT
  5
2FE
330
17
100
AcDbEntity
  8
NUMBERS
100
AcDbText
 10
57025.31194976326
 20
-14497.97404831093
 30
0.0
 40
80.0
  1
B7-a厨房-07
 72
     1
 11
57351.97861642992
 21
-14457.97404831093
 31
0.0
100
AcDbText
 73
     2
  0
LWPOLYLINE
  5
2FF
330
17
100
AcDbEntity
  8
OUTER
100
AcDbPolyline
 90
        5
 70
     0
 43
0.0
 10
58886.11488447562
 20
-14783.39648115085
 10
59343.31488447562
 20
-14783.39648115085
 10
59343.31488447562
 20
-14138.87148115085
 10
58886.11488447562
 20
-14138.87148115085
 10
58886.11488447562
 20
-14783.39648115085
  0
TEXT
  5
300
330
17
100
AcDbEntity
  8
NUMBERS
100
AcDbText
 10
58826.61303262376
 20
-14496.41175892863
 30
0.0
 40
70.55555555555622
  1
B7-a厨房-08
 72
     1
 11
59114.71488447562
 21
-14461.13398115085
 31
0.0
100
AcDbText
 73
     2
  0
LWPOLYLINE
  5
301
330
17
100
AcDbEntity
  8
OUTER
100
AcDbPolyline
 90
        5
 70
     0
 43
0.0
 10
60754.08021473923
 20
-14828.8871455499
 10
62589.23021473922
 20
-14828.8871455499
 10
62589.23021473922
 20
-14184.36214554991
 10
60754.08021473923
 20
-14184.36214554991
 10
60754.08021473923
 20
-14828.8871455499
  0
TEXT
  5
302
330
17
100
AcDbEntity
  8
NUMBERS
100
AcDbText
 10
61344.98854807256
 20
-14546.6246455499
 30
0.0
 40
80.0
  1
B7-a厨房-09
 72
     1
 11
61671.65521473923
 21
-14506.6246455499
 31
0.0
100
AcDbText
 73
     2
  0
LWPOLYLINE
  5
303
330
17
100
AcDbEntity
  8
OUTER
100
AcDbPolyline
 90
        5
 70
     0
 43
0.0
 10
63205.79148278492
 20
-14832.04707838982
 10
63662.99148278492
 20
-14832.04707838982
 10
63662.99148278492
 20
-14187.52207838982
 10
63205.79148278492
 20
-14187.52207838982
 10
63205.79148278492
 20
-14832.04707838982
  0
TEXT
  5
304
330
17
100
AcDbEntity
  8
NUMBERS
100
AcDbText
 10
63158.04889019235
 20
-14545.0623561676
 30
0.0
 40
70.55555555555622
  1
B7-a厨房-10
 72
     1
 11
63434.39148278494
 21
-14509.78457838982
 31
0.0
100
AcDbText
 73
     2
  0
LWPOLYLINE
  5
305
330
17
100
AcDbEntity
  8
OUTER
100
AcDbPolyline
 90
        5
 70
     0
 43
0.0
 10
64619.53696114353
 20
-14780.23654831093
 10
66454.68696114355
 20
-14780.23654831093
 10
66454.68696114355
 20
-14135.71154831094
 10
64619.53696114353
 20
-14135.71154831094
 10
64619.53696114353
 20
-14780.23654831093
  0
TEXT
  5
306
330
17
100
AcDbEntity
  8
NUMBERS
100
AcDbText
 10
65230.44529447687
 20
-14497.97404831093
 30
0.0
 40
80.0
  1
B7-a厨房-11
 72
     1
 11
65537.11196114354
 21
-14457.97404831093
 31
0.0
100
AcDbText
 73
     2
  0
LWPOLYLINE
  5
307
330
17
100
AcDbEntity
  8
OUTER
100
AcDbPolyline
 90
        5
 70
     0
 43
0.0
 10
67071.24822918925
 20
-14783.39648115085
 10
67528.44822918925
 20
-14783.39648115085
 10
67528.44822918925
 20
-14138.87148115085
 10
67071.24822918925
 20
-14138.87148115085
 10
67071.24822918925
 20
-14783.39648115085
  0
TEXT
  5
308
330
17
100
AcDbEntity
  8
NUMBERS
100
AcDbText
 10
67017.62600696704
 20
-14496.41175892863
 30
0.0
 40
70.55555555555513
  1
B7-a厨房-12
 72
     1
 11
67299.84822918925
 21
-14461.13398115085
 31
0.0
100
AcDbText
 73
     2
  0
LWPOLYLINE
  5
309
330
17
100
AcDbEntity
  8
OUTER
100
AcDbPolyline
 90
        5
 70
     0
 43
0.0
 10
68404.39684175215
 20
-14780.23654831093
 10
70239.54684175217
 20
-14780.23654831093
 10
70239.54684175217
 20
-14135.71154831094
 10
68404.39684175215
 20
-14135.71154831094
 10
68404.39684175215
 20
-14780.23654831093
  0
TEXT
  5
30A
330
17
100
AcDbEntity
  8
NUMBERS
100
AcDbText
 10
69001.97184175214
 20
-14497.97404831093
 30
0.0
 40
80.0
  1
B7-a厨房-13
 72
     1
 11
69321.97184175215
 21
-14457.97404831093
 31
0.0
100
AcDbText
 73
     2
  0
LWPOLYLINE
  5
30B
330
17
100
AcDbEntity
  8
OUTER
100
AcDbPolyline
 90
        5
 70
     0
 43
0.0
 10
70856.10810979788
 20
-14783.39648115085
 10
71313.30810979787
 20
-14783.39648115085
 10
71313.30810979787
 20
-14138.87148115085
 10
70856.10810979788
 20
-14138.87148115085
 10
70856.10810979788
 20
-14783.39648115085
  0
TEXT
  5
30C
330
17
100
AcDbEntity
  8
NUMBERS
100
AcDbText
 10
70802.48588757565
 20
-14496.41175892863
 30
0.0
 40
70.55555555555513
  1
B7-a厨房-14
 72
     1
 11
71084.70810979786
 21
-14461.13398115085
 31
0.0
100
AcDbText
 73
     2
  0
LWPOLYLINE
  5
30D
330
17
100
AcDbEntity
  8
OUTER
100
AcDbPolyline
 90
        5
 70
     0
 43
0.0
 10
72436.0941710574
 20
-14780.23654831093
 10
74271.24417105741
 20
-14780.23654831093
 10
74271.24417105741
 20
-14135.71154831094
 10
72436.0941710574
 20
-14135.71154831094
 10
72436.0941710574
 20
-14780.23654831093
  0
TEXT
  5
30E
330
17
100
AcDbEntity
  8
NUMBERS
100
AcDbText
 10
73033.66917105741
 20
-14497.97404831093
 30
0.0
 40
80.0
  1
B7-a厨房-15
 72
     1
 11
73353.66917105741
 21
-14457.97404831093
 31
0.0
100
AcDbText
 73
     2
  0
LWPOLYLINE
  5
30F
330
17
100
AcDbEntity
  8
OUTER
100
AcDbPolyline
 90
        5
 70
     0
 43
0.0
 10
74887.80543910309
 20
-14783.39648115085
 10
75345.0054391031
 20
-14783.39648115085
 10
75345.0054391031
 20
-14138.87148115085
 10
74887.80543910309
 20
-14138.87148115085
 10
74887.80543910309
 20
-14783.39648115085
  0
TEXT
  5
310
330
17
100
AcDbEntity
  8
NUMBERS
100
AcDbText
 10
74834.18321688089
 20
-14496.41175892863
 30
0.0
 40
70.55555555555513
  1
B7-a厨房-16
 72
     1
 11
75116.40543910311
 21
-14461.13398115085
 31
0.0
100
AcDbText
 73
     2
  0
LWPOLYLINE
  5
311
330
17
100
AcDbEntity
  8
OUTER
100
AcDbPolyline
 90
        5
 70
     0
 43
0.0
 10
76252.47556415401
 20
-14744.54412002224
 10
78087.62556415402
 20
-14744.54412002224
 10
78087.62556415402
 20
-14100.01912002224
 10
76252.47556415401
 20
-14100.01912002224
 10
76252.47556415401
 20
-14744.54412002224
  0
TEXT
  5
312
330
17
100
AcDbEntity
  8
NUMBERS
100
AcDbText
 10
76850.05056415402
 20
-14462.28162002224
 30
0.0
 40
80.0
  1
B7-a厨房-17
 72
     1
 11
77170.05056415402
 21
-14422.28162002224
 31
0.0
100
AcDbText
 73
     2
  0
LWPOLYLINE
  5
313
330
17
100
AcDbEntity
  8
OUTER
100
AcDbPolyline
 90
        5
 70
     0
 43
0.0
 10
78704.18683219973
 20
-14747.70405286216
 10
79161.38683219971
 20
-14747.70405286216
 10
79161.38683219971
 20
-14103.17905286216
 10
78704.18683219973
 20
-14103.17905286216
 10
78704.18683219973
 20
-14747.70405286216
  0
TEXT
  5
314
330
17
100
AcDbEntity
  8
NUMBERS
100
AcDbText
 10
78650.56460997751
 20
-14460.71933063994
 30
0.0
 40
70.55555555555513
  1
B7-a厨房-18
 72
     1
 11
78932.78683219972
 21
-14425.44155286216
 31
0.0
100
AcDbText
 73
     2
  0
LWPOLYLINE
  5
315
330
17
100
AcDbEntity
  8
OUTER
100
AcDbPolyline
 90
        5
 70
     0
 43
0.0
 10
80117.93231055831
 20
-14695.89352278327
 10
81953.08231055834
 20
-14695.89352278327
 10
81953.08231055834
 20
-14051.36852278326
 10
80117.93231055831
 20
-14051.36852278326
 10
80117.93231055831
 20
-14695.89352278327
  0
TEXT
  5
316
330
17
100
AcDbEntity
  8
NUMBERS
100
AcDbText
 10
80715.50731055834
 20
-14413.63102278326
 30
0.0
 40
80.0
  1
B7-a厨房-19
 72
     1
 11
81035.50731055834
 21
-14373.63102278326
 31
0.0
100
AcDbText
 73
     2
  0
LWPOLYLINE
  5
317
330
17
100
AcDbEntity
  8
OUTER
100
AcDbPolyline
 90
        5
 70
     0
 43
0.0
 10
82569.64357860404
 20
-14699.05345562317
 10
83026.84357860403
 20
-14699.05345562317
 10
83026.84357860403
 20
-14054.52845562318
 10
82569.64357860404
 20
-14054.52845562318
 10
82569.64357860404
 20
-14699.05345562317
  0
TEXT
  5
318
330
17
100
AcDbEntity
  8
NUMBERS
100
AcDbText
 10
82510.14172675217
 20
-14412.06873340095
 30
0.0
 40
70.55555555555513
  1
B7-a厨房-20
 72
     1
 11
82798.24357860404
 21
-14376.79095562318
 31
0.0
100
AcDbText
 73
     2
  0
LWPOLYLINE
  5
319
330
17
100
AcDbEntity
  8
OUTER
100
AcDbPolyline
 90
        5
 70
     0
 43
0.0
 10
83902.79219116695
 20
-14695.89352278327
 10
85737.94219116697
 20
-14695.89352278327
 10
85737.94219116697
 20
-14051.36852278326
 10
83902.79219116695
 20
-14051.36852278326
 10
83902.79219116695
 20
-14695.89352278327
  0
TEXT
  5
31A
330
17
100
AcDbEntity
  8
NUMBERS
100
AcDbText
 10
84500.36719116697
 20
-14413.63102278326
 30
0.0
 40
80.0
  1
B7-a厨房-21
 72
     1
 11
84820.36719116697
 21
-14373.63102278326
 31
0.0
100
AcDbText
 73
     2
  0
LWPOLYLINE
  5
31B
330
17
100
AcDbEntity
  8
OUTER
100
AcDbPolyline
 90
        5
 70
     0
 43
0.0
 10
86354.50345921267
 20
-14699.05345562317
 10
86811.70345921268
 20
-14699.05345562317
 10
86811.70345921268
 20
-14054.52845562318
 10
86354.50345921267
 20
-14054.52845562318
 10
86354.50345921267
 20
-14699.05345562317
  0
TEXT
  5
31C
330
17
100
AcDbEntity
  8
NUMBERS
100
AcDbText
 10
86289.1219777312
 20
-14412.06873340095
 30
0.0
 40
70.55555555555287
  1
B7-a厨房-22
 72
     1
 11
86583.10345921268
 21
-14376.79095562318
 31
0.0
100
AcDbText
 73
     2
  0
LWPOLYLINE
  5
31D
330
17
100
AcDbEntity
  8
OUTER
100
AcDbPolyline
 90
        5
 70
     0
 43
0.0
 10
87934.48952047219
 20
-14695.89352278327
 10
89769.63952047219
 20
-14695.89352278327
 10
89769.63952047219
 20
-14051.36852278326
 10
87934.48952047219
 20
-14051.36852278326
 10
87934.48952047219
 20
-14695.89352278327
  0
TEXT
  5
31E
330
17
100
AcDbEntity
  8
NUMBERS
100
AcDbText
 10
88518.73118713887
 20
-14413.63102278326
 30
0.0
 40
80.0
  1
B7-a厨房-23
 72
     1
 11
88852.06452047221
 21
-14373.63102278326
 31
0.0
100
AcDbText
 73
     2
  0
LWPOLYLINE
  5
31F
330
17
100
AcDbEntity
  8
OUTER
100
AcDbPolyline
 90
        5
 70
     0
 43
0.0
 10
90386.20078851787
 20
-14699.05345562317
 10
90843.40078851788
 20
-14699.05345562317
 10
90843.40078851788
 20
-14054.52845562318
 10
90386.20078851787
 20
-14054.52845562318
 10
90386.20078851787
 20
-14699.05345562317
  0
TEXT
  5
320
330
17
100
AcDbEntity
  8
NUMBERS
100
AcDbText
 10
90320.81930703638
 20
-14412.06873340096
 30
0.0
 40
70.55555555555736
  1
B7-a厨房-24
 72
     1
 11
90614.80078851786
 21
-14376.79095562318
 31
0.0
100
AcDbText
 73
     2
  0
LWPOLYLINE
  5
321
330
17
100
AcDbEntity
  8
OUTER
100
AcDbPolyline
 90
        5
 70
     0
 43
0.0
 10
44769.08136936114
 20
-15735.82632370369
 10
45562.83136936115
 20
-15735.82632370369
 10
45562.83136936115
 20
-15634.22632370369
 10
44769.08136936114
 20
-15634.22632370369
 10
44769.08136936114
 20
-15735.82632370369
  0
TEXT
  5
322
330
17
100
AcDbEntity
  8
NUMBERS
100
AcDbText
 10
45040.95636936114
 20
-15700.02632370369
 30
0.0
 40
30.0
  1
B7-a厨房-25
 72
     1
 11
45165.95636936115
 21
-15685.02632370369
 31
0.0
100
AcDbText
 73
     2
  0
LWPOLYLINE
  5
323
330
17
100
AcDbEntity
  8
OUTER
100
AcDbPolyline
 90
        5
 70
     0
 43
0.0
 10
48634.53811576547
 20
-15687.17572646471
 10
49428.28811576546
 20
-15687.17572646471
 10
49428.28811576546
 20
-15585.57572646471
 10
48634.53811576547
 20
-15585.57572646471
 10
48634.53811576547
 20
-15687.17572646471
  0
TEXT
  5
324
330
17
100
AcDbEntity
  8
NUMBERS
100
AcDbText
 10
48906.41311576548
 20
-15651.37572646471
 30
0.0
 40
30.0
  1
B7-a厨房-26
 72
     1
 11
49031.41311576548
 21
-15636.37572646471
 31
0.0
100
AcDbText
 73
     2
  0
LWPOLYLINE
  5
325
330
17
100
AcDbEntity
  8
OUTER
100
AcDbPolyline
 90
        5
 70
     0
 43
0.0
 10
52419.39799637409
 20
-15687.17572646471
 10
53213.1479963741
 20
-15687.17572646471
 10
53213.1479963741
 20
-15585.57572646471
 10
52419.39799637409
 20
-15585.57572646471
 10
52419.39799637409
 20
-15687.17572646471
  0
TEXT
  5
326
330
17
100
AcDbEntity
  8
NUMBERS
100
AcDbText
 10
52691.2729963741
 20
-15651.3757264647
 30
0.0
 40
30.0
  1
B7-a厨房-27
 72
     1
 11
52816.2729963741
 21
-15636.3757264647
 31
0.0
100
AcDbText
 73
     2
  0
LWPOLYLINE
  5
327
330
17
100
AcDbEntity
  8
OUTER
100
AcDbPolyline
 90
        5
 70
     0
 43
0.0
 10
56451.09532567933
 20
-15687.17572646471
 10
57244.84532567933
 20
-15687.17572646471
 10
57244.84532567933
 20
-15585.57572646471
 10
56451.09532567933
 20
-15585.57572646471
 10
56451.09532567933
 20
-15687.17572646471
  0
TEXT
  5
328
330
17
100
AcDbEntity
  8
NUMBERS
100
AcDbText
 10
56722.97032567933
 20
-15651.37572646471
 30
0.0
 40
30.0
  1
B7-a厨房-28
 72
     1
 11
56847.97032567932
 21
-15636.37572646471
 31
0.0
100
AcDbText
 73
     2
  0
LWPOLYLINE
  5
329
330
17
100
AcDbEntity
  8
OUTER
100
AcDbPolyline
 90
        5
 70
     0
 43
0.0
 10
60770.77192398864
 20
-15735.82632370369
 10
61564.52192398861
 20
-15735.82632370369
 10
61564.52192398861
 20
-15634.22632370369
 10
60770.77192398864
 20
-15634.22632370369
 10
60770.77192398864
 20
-15735.82632370369
  0
TEXT
  5
32A
330
17
100
AcDbEntity
  8
NUMBERS
100
AcDbText
 10
61042.64692398864
 20
-15700.02632370369
 30
0.0
 40
30.0
  1
B7-a厨房-29
 72
     1
 11
61167.64692398863
 21
-15685.02632370369
 31
0.0
100
AcDbText
 73
     2
  0
LWPOLYLINE
  5
32B
330
17
100
AcDbEntity
  8
OUTER
100
AcDbPolyline
 90
        5
 70
     0
 43
0.0
 10
64636.22867039296
 20
-15687.17572646471
 10
65429.97867039296
 20
-15687.17572646471
 10
65429.97867039296
 20
-15585.57572646471
 10
64636.22867039296
 20
-15585.57572646471
 10
64636.22867039296
 20
-15687.17572646471
  0
TEXT
  5
32C
330
17
100
AcDbEntity
  8
NUMBERS
100
AcDbText
 10
64910.60367039295
 20
-15651.37572646471
 30
0.0
 40
30.0
  1
B7-a厨房-30
 72
     1
 11
65033.10367039295
 21
-15636.37572646471
 31
0.0
100
AcDbText
 73
     2
  0
LWPOLYLINE
  5
32D
330
17
100
AcDbEntity
  8
OUTER
100
AcDbPolyline
 90
        5
 70
     0
 43
0.0
 10
68421.08855100156
 20
-15687.17572646471
 10
69214.83855100157
 20
-15687.17572646471
 10
69214.83855100157
 20
-15585.57572646471
 10
68421.08855100156
 20
-15585.57572646471
 10
68421.08855100156
 20
-15687.17572646471
  0
TEXT
  5
32E
330
17
100
AcDbEntity
  8
NUMBERS
100
AcDbText
 10
68697.96355100156
 20
-15651.37572646471
 30
0.0
 40
30.0
  1
B7-a厨房-31
 72
     1
 11
68817.96355100156
 21
-15636.37572646471
 31
0.0
100
AcDbText
 73
     2
  0
LWPOLYLINE
  5
32F
330
17
100
AcDbEntity
  8
OUTER
100
AcDbPolyline
 90
        5
 70
     0
 43
0.0
 10
72452.7858803068
 20
-15687.17572646471
 10
73246.53588030682
 20
-15687.17572646471
 10
73246.53588030682
 20
-15585.57572646471
 10
72452.7858803068
 20
-15585.57572646471
 10
72452.7858803068
 20
-15687.17572646471
  0
TEXT
  5
330
330
17
100
AcDbEntity
  8
NUMBERS
100
AcDbText
 10
72724.6608803068
 20
-15651.37572646471
 30
0.0
 40
30.0
  1
B7-a厨房-32
 72
     1
 11
72849.66088030679
 21
-15636.37572646471
 31
0.0
100
AcDbText
 73
     2
  0
LWPOLYLINE
  5
331
330
17
100
AcDbEntity
  8
OUTER
100
AcDbPolyline
 90
        5
 70
     0
 43
0.0
 10
76269.16727340342
 20
-15651.48329817603
 10
77062.91727340342
 20
-15651.48329817603
 10
77062.91727340342
 20
-15549.88329817602
 10
76269.16727340342
 20
-15549.88329817602
 10
76269.16727340342
 20
-15651.48329817603
  0
TEXT
  5
332
330
17
100
AcDbEntity
  8
NUMBERS
100
AcDbText
 10
76541.04227340342
 20
-15615.68329817602
 30
0.0
 40
30.0
  1
B7-a厨房-33
 72
     1
 11
76666.04227340342
 21
-15600.68329817602
 31
0.0
100
AcDbText
 73
     2
  0
LWPOLYLINE
  5
333
330
17
100
AcDbEntity
  8
OUTER
100
AcDbPolyline
 90
        5
 70
     0
 43
0.0
 10
80134.62401980772
 20
-15602.83270093705
 10
80928.37401980773
 20
-15602.83270093705
 10
80928.37401980773
 20
-15501.23270093705
 10
80134.62401980772
 20
-15501.23270093705
 10
80134.62401980772
 20
-15602.83270093705
  0
TEXT
  5
334
330
17
100
AcDbEntity
  8
NUMBERS
100
AcDbText
 10
80406.49901980772
 20
-15567.03270093705
 30
0.0
 40
30.0
  1
B7-a厨房-34
 72
     1
 11
80531.49901980773
 21
-15552.03270093705
 31
0.0
100
AcDbText
 73
     2
  0
LWPOLYLINE
  5
335
330
17
100
AcDbEntity
  8
OUTER
100
AcDbPolyline
 90
        5
 70
     0
 43
0.0
 10
83919.48390041639
 20
-15602.83270093705
 10
84713.23390041638
 20
-15602.83270093705
 10
84713.23390041638
 20
-15501.23270093705
 10
83919.48390041639
 20
-15501.23270093705
 10
83919.48390041639
 20
-15602.83270093705
  0
TEXT
  5
336
330
17
100
AcDbEntity
  8
NUMBERS
100
AcDbText
 10
84191.35890041639
 20
-15567.03270093705
 30
0.0
 40
30.0
  1
B7-a厨房-35
 72
     1
 11
84316.35890041638
 21
-15552.03270093705
 31
0.0
100
AcDbText
 73
     2
  0
LWPOLYLINE
  5
337
330
17
100
AcDbEntity
  8
OUTER
100
AcDbPolyline
 90
        5
 70
     0
 43
0.0
 10
87951.18122972159
 20
-15602.83270093705
 10
88744.93122972159
 20
-15602.83270093705
 10
88744.93122972159
 20
-15501.23270093705
 10
87951.18122972159
 20
-15501.23270093705
 10
87951.18122972159
 20
-15602.83270093705
  0
TEXT
  5
338
330
17
100
AcDbEntity
  8
NUMBERS
100
AcDbText
 10
88223.05622972159
 20
-15567.03270093705
 30
0.0
 40
30.0
  1
B7-a厨房-36
 72
     1
 11
88348.0562297216
 21
-15552.03270093705
 31
0.0
100
AcDbText
 73
     2
  0
LWPOLYLINE
  5
339
330
17
100
AcDbEntity
  8
OUTER
100
AcDbPolyline
 90
        5
 70
     0
 43
0.0
 10
44655.32466777299
 20
-25150.56128804074
 10
45449.07466777299
 20
-25150.56128804074
 10
45449.07466777299
 20
-24561.59878804075
 10
44655.32466777299
 20
-24561.59878804075
 10
44655.32466777299
 20
-25150.56128804074
  0
TEXT
  5
33A
330
17
100
AcDbEntity
  8
NUMBERS
100
AcDbText
 10
44732.19966777299
 20
-24896.08003804074
 30
0.0
 40
80.0
  1
C1主人卫生间-01
 72
     1
 11
45052.19966777299
 21
-24856.08003804074
 31
0.0
100
AcDbText
 73
     2
  0
LWPOLYLINE
  5
33B
330
17
100
AcDbEntity
  8
OUTER
100
AcDbPolyline
 90
        5
 70
     0
 43
0.0
 10
45948.58759671823
 20
-25150.56128804074
 10
46050.18759671823
 20
-25150.56128804074
 10
46050.18759671823
 20
-24561.59878804075
 10
45948.58759671823
 20
-24561.59878804075
 10
45948.58759671823
 20
-25150.56128804074
  0
TEXT
  5
33C
330
17
100
AcDbEntity
  8
NUMBERS
100
AcDbText
 10
45940.59130042194
 20
-24863.1355935963
 30
0.0
 40
14.11111111111091
  1
C1主人卫生间-02
 72
     1
 11
45999.38759671823
 21
-24856.08003804074
 31
0.0
100
AcDbText
 73
     2
  0
LWPOLYLINE
  5
33D
330
17
100
AcDbEntity
  8
OUTER
100
AcDbPolyline
 90
        5
 70
     0
 43
0.0
 10
49734.35217617784
 20
-25150.56128804074
 10
50528.10217617784
 20
-25150.56128804074
 10
50528.10217617784
 20
-24561.59878804075
 10
49734.35217617784
 20
-24561.59878804075
 10
49734.35217617784
 20
-25150.56128804074
  0
TEXT
  5
33E
330
17
100
AcDbEntity
  8
NUMBERS
100
AcDbText
 10
49797.8938428445
 20
-24896.08003804074
 30
0.0
 40
80.0
  1
C1主人卫生间-03
 72
     1
 11
50131.22717617783
 21
-24856.08003804074
 31
0.0
100
AcDbText
 73
     2
  0
LWPOLYLINE
  5
33F
330
17
100
AcDbEntity
  8
OUTER
100
AcDbPolyline
 90
        5
 70
     0
 43
0.0
 10
51027.61510512308
 20
-25150.56128804074
 10
51129.21510512308
 20
-25150.56128804074
 10
51129.21510512308
 20
-24561.59878804075
 10
51027.61510512308
 20
-24561.59878804075
 10
51027.61510512308
 20
-25150.56128804074
  0
TEXT
  5
340
330
17
100
AcDbEntity
  8
NUMBERS
100
AcDbText
 10
51019.61880882678
 20
-24863.13559359631
 30
0.0
 40
14.11111111111192
  1
C1主人卫生间-04
 72
     1
 11
51078.41510512309
 21
-24856.08003804075
 31
0.0
100
AcDbText
 73
     2
  0
LWPOLYLINE
  5
341
330
17
100
AcDbEntity
  8
OUTER
100
AcDbPolyline
 90
        5
 70
     0
 43
0.0
 10
54398.2615569224
 20
-25150.56128804074
 10
55192.0115569224
 20
-25150.56128804074
 10
55192.0115569224
 20
-24561.59878804075
 10
54398.2615569224
 20
-24561.59878804075
 10
54398.2615569224
 20
-25150.56128804074
  0
TEXT
  5
342
330
17
100
AcDbEntity
  8
NUMBERS
100
AcDbText
 10
54461.80322358906
 20
-24896.08003804074
 30
0.0
 40
80.0
  1
C1主人卫生间-05
 72
     1
 11
54795.13655692239
 21
-24856.08003804074
 31
0.0
100
AcDbText
 73
     2
  0
LWPOLYLINE
  5
343
330
17
100
AcDbEntity
  8
OUTER
100
AcDbPolyline
 90
        5
 70
     0
 43
0.0
 10
55691.52448586764
 20
-25150.56128804074
 10
55793.12448586764
 20
-25150.56128804074
 10
55793.12448586764
 20
-24561.59878804075
 10
55691.52448586764
 20
-24561.59878804075
 10
55691.52448586764
 20
-25150.56128804074
  0
TEXT
  5
344
330
17
100
AcDbEntity
  8
NUMBERS
100
AcDbText
 10
55683.52818957134
 20
-24863.1355935963
 30
0.0
 40
14.11111111111091
  1
C1主人卫生间-06
 72
     1
 11
55742.32448586762
 21
-24856.08003804074
 31
0.0
100
AcDbText
 73
     2
  0
LWPOLYLINE
  5
345
330
17
100
AcDbEntity
  8
OUTER
100
AcDbPolyline
 90
        5
 70
     0
 43
0.0
 10
58491.15420577352
 20
-25150.56128804074
 10
59284.90420577353
 20
-25150.56128804074
 10
59284.90420577353
 20
-24561.59878804075
 10
58491.15420577352
 20
-24561.59878804075
 10
58491.15420577352
 20
-25150.56128804074
  0
TEXT
  5
346
330
17
100
AcDbEntity
  8
NUMBERS
100
AcDbText
 10
58554.69587244019
 20
-24896.08003804074
 30
0.0
 40
80.0
  1
C1主人卫生间-07
 72
     1
 11
58888.02920577353
 21
-24856.08003804074
 31
0.0
100
AcDbText
 73
     2
  0
LWPOLYLINE
  5
347
330
17
100
AcDbEntity
  8
OUTER
100
AcDbPolyline
 90
        5
 70
     0
 43
0.0
 10
59784.41713471878
 20
-25150.56128804074
 10
59886.01713471878
 20
-25150.56128804074
 10
59886.01713471878
 20
-24561.59878804075
 10
59784.41713471878
 20
-24561.59878804075
 10
59784.41713471878
 20
-25150.56128804074
  0
TEXT
  5
348
330
17
100
AcDbEntity
  8
NUMBERS
100
AcDbText
 10
59776.42083842249
 20
-24863.1355935963
 30
0.0
 40
14.11111111111091
  1
C1主人卫生间-08
 72
     1
 11
59835.21713471877
 21
-24856.08003804074
 31
0.0
100
AcDbText
 73
     2
  0
LWPOLYLINE
  5
349
330
17
100
AcDbEntity
  8
OUTER
100
AcDbPolyline
 90
        5
 70
     0
 43
0.0
 10
63570.18171417838
 20
-25150.56128804074
 10
64363.93171417837
 20
-25150.56128804074
 10
64363.93171417837
 20
-24561.59878804075
 10
63570.18171417838
 20
-24561.59878804075
 10
63570.18171417838
 20
-25150.56128804074
  0
TEXT
  5
34A
330
17
100
AcDbEntity
  8
NUMBERS
100
AcDbText
 10
63633.72338084506
 20
-24896.08003804074
 30
0.0
 40
80.0
  1
C1主人卫生间-09
 72
     1
 11
63967.05671417839
 21
-24856.08003804074
 31
0.0
100
AcDbText
 73
     2
  0
LWPOLYLINE
  5
34B
330
17
100
AcDbEntity
  8
OUTER
100
AcDbPolyline
 90
        5
 70
     0
 43
0.0
 10
64863.44464312362
 20
-25150.56128804074
 10
64965.04464312362
 20
-25150.56128804074
 10
64965.04464312362
 20
-24561.59878804075
 10
64863.44464312362
 20
-24561.59878804075
 10
64863.44464312362
 20
-25150.56128804074
  0
TEXT
  5
34C
330
17
100
AcDbEntity
  8
NUMBERS
100
AcDbText
 10
64857.80019867918
 20
-24863.1355935963
 30
0.0
 40
14.1111111111099
  1
C1主人卫生间-10
 72
     1
 11
64914.24464312363
 21
-24856.08003804074
 31
0.0
100
AcDbText
 73
     2
  0
LWPOLYLINE
  5
34D
330
17
100
AcDbEntity
  8
OUTER
100
AcDbPolyline
 90
        5
 70
     0
 43
0.0
 10
68234.09109492295
 20
-25150.56128804074
 10
69027.84109492294
 20
-25150.56128804074
 10
69027.84109492294
 20
-24561.59878804075
 10
68234.09109492295
 20
-24561.59878804075
 10
68234.09109492295
 20
-25150.56128804074
  0
TEXT
  5
34E
330
17
100
AcDbEntity
  8
NUMBERS
100
AcDbText
 10
68317.63276158961
 20
-24896.08003804074
 30
0.0
 40
80.0
  1
C1主人卫生间-11
 72
     1
 11
68630.96609492294
 21
-24856.08003804074
 31
0.0
100
AcDbText
 73
     2
  0
LWPOLYLINE
  5
34F
330
17
100
AcDbEntity
  8
OUTER
100
AcDbPolyline
 90
        5
 70
     0
 43
0.0
 10
69527.35402386819
 20
-25150.56128804074
 10
69628.95402386818
 20
-25150.56128804074
 10
69628.95402386818
 20
-24561.59878804075
 10
69527.35402386819
 20
-24561.59878804075
 10
69527.35402386819
 20
-25150.56128804074
  0
TEXT
  5
350
330
17
100
AcDbEntity
  8
NUMBERS
100
AcDbText
 10
69520.53365349781
 20
-24863.1355935963
 30
0.0
 40
14.1111111111099
  1
C1主人卫生间-12
 72
     1
 11
69578.15402386818
 21
-24856.08003804074
 31
0.0
100
AcDbText
 73
     2
  0
LWPOLYLINE
  5
351
330
17
100
AcDbEntity
  8
OUTER
100
AcDbPolyline
 90
        5
 70
     0
 43
0.0
 10
72910.38852943787
 20
-25150.56128804074
 10
73704.13852943787
 20
-25150.56128804074
 10
73704.13852943787
 20
-24561.59878804075
 10
72910.38852943787
 20
-24561.59878804075
 10
72910.38852943787
 20
-25150.56128804074
  0
TEXT
  5
352
330
17
100
AcDbEntity
  8
NUMBERS
100
AcDbText
 10
72980.59686277119
 20
-24896.08003804074
 30
0.0
 40
80.0
  1
C1主人卫生间-13
 72
     1
 11
73307.26352943787
 21
-24856.08003804074
 31
0.0
100
AcDbText
 73
     2
  0
LWPOLYLINE
  5
353
330
17
100
AcDbEntity
  8
OUTER
100
AcDbPolyline
 90
        5
 70
     0
 43
0.0
 10
74203.65145838313
 20
-25150.56128804074
 10
74305.25145838312
 20
-25150.56128804074
 10
74305.25145838312
 20
-24561.59878804075
 10
74203.65145838313
 20
-24561.59878804075
 10
74203.65145838313
 20
-25150.56128804074
  0
TEXT
  5
354
330
17
100
AcDbEntity
  8
NUMBERS
100
AcDbText
 10
74196.83108801274
 20
-24863.13559359631
 30
0.0
 40
14.11111111111192
  1
C1主人卫生间-14
 72
     1
 11
74254.45145838311
 21
-24856.08003804075
 31
0.0
100
AcDbText
 73
     2
  0
LWPOLYLINE
  5
355
330
17
100
AcDbEntity
  8
OUTER
100
AcDbPolyline
 90
        5
 70
     0
 43
0.0
 10
77989.41603784272
 20
-25150.56128804074
 10
78783.16603784272
 20
-25150.56128804074
 10
78783.16603784272
 20
-24561.59878804075
 10
77989.41603784272
 20
-24561.59878804075
 10
77989.41603784272
 20
-25150.56128804074
  0
TEXT
  5
356
330
17
100
AcDbEntity
  8
NUMBERS
100
AcDbText
 10
78059.62437117605
 20
-24896.08003804074
 30
0.0
 40
80.0
  1
C1主人卫生间-15
 72
     1
 11
78386.29103784271
 21
-24856.08003804074
 31
0.0
100
AcDbText
 73
     2
  0
LWPOLYLINE
  5
357
330
17
100
AcDbEntity
  8
OUTER
100
AcDbPolyline
 90
        5
 70
     0
 43
0.0
 10
79282.67896678796
 20
-25150.56128804074
 10
79384.27896678796
 20
-25150.56128804074
 10
79384.27896678796
 20
-24561.59878804075
 10
79282.67896678796
 20
-24561.59878804075
 10
79282.67896678796
 20
-25150.56128804074
  0
TEXT
  5
358
330
17
100
AcDbEntity
  8
NUMBERS
100
AcDbText
 10
79275.85859641759
 20
-24863.1355935963
 30
0.0
 40
14.1111111111099
  1
C1主人卫生间-16
 72
     1
 11
79333.47896678795
 21
-24856.08003804074
 31
0.0
100
AcDbText
 73
     2
  0
LWPOLYLINE
  5
359
330
17
100
AcDbEntity
  8
OUTER
100
AcDbPolyline
 90
        5
 70
     0
 43
0.0
 10
82653.32541858727
 20
-25150.56128804074
 10
83447.07541858728
 20
-25150.56128804074
 10
83447.07541858728
 20
-24561.59878804075
 10
82653.32541858727
 20
-24561.59878804075
 10
82653.32541858727
 20
-25150.56128804074
  0
TEXT
  5
35A
330
17
100
AcDbEntity
  8
NUMBERS
100
AcDbText
 10
82723.53375192061
 20
-24896.08003804074
 30
0.0
 40
80.0
  1
C1主人卫生间-17
 72
     1
 11
83050.20041858728
 21
-24856.08003804074
 31
0.0
100
AcDbText
 73
     2
  0
LWPOLYLINE
  5
35B
330
17
100
AcDbEntity
  8
OUTER
100
AcDbPolyline
 90
        5
 70
     0
 43
0.0
 10
83946.58834753252
 20
-25150.56128804074
 10
84048.18834753253
 20
-25150.56128804074
 10
84048.18834753253
 20
-24561.59878804075
 10
83946.58834753252
 20
-24561.59878804075
 10
83946.58834753252
 20
-25150.56128804074
  0
TEXT
  5
35C
330
17
100
AcDbEntity
  8
NUMBERS
100
AcDbText
 10
83939.76797716215
 20
-24863.1355935963
 30
0.0
 40
14.1111111111099
  1
C1主人卫生间-18
 72
     1
 11
83997.38834753252
 21
-24856.08003804074
 31
0.0
100
AcDbText
 73
     2
  0
LWPOLYLINE
  5
35D
330
17
100
AcDbEntity
  8
OUTER
100
AcDbPolyline
 90
        5
 70
     0
 43
0.0
 10
44472.18025348625
 20
-23406.48860890701
 10
46307.33025348626
 20
-23406.48860890701
 10
46307.33025348626
 20
-22761.96360890701
 10
44472.18025348625
 20
-22761.96360890701
 10
44472.18025348625
 20
-23406.48860890701
  0
TEXT
  5
35E
330
17
100
AcDbEntity
  8
NUMBERS
100
AcDbText
 10
45169.75525348626
 20
-23124.22610890701
 30
0.0
 40
80.0
  1
C1厨房-01
 72
     1
 11
45389.75525348626
 21
-23084.22610890701
 31
0.0
100
AcDbText
 73
     2
  0
LWPOLYLINE
  5
35F
330
17
100
AcDbEntity
  8
OUTER
100
AcDbPolyline
 90
        5
 70
     0
 43
0.0
 10
46923.89152153197
 20
-23409.64854174692
 10
47381.09152153197
 20
-23409.64854174692
 10
47381.09152153197
 20
-22765.12354174693
 10
46923.89152153197
 20
-22765.12354174693
 10
46923.89152153197
 20
-23409.64854174692
  0
TEXT
  5
360
330
17
100
AcDbEntity
  8
NUMBERS
100
AcDbText
 10
46919.15818819863
 20
-23127.38604174693
 30
0.0
 40
80.0
  1
C1厨房-02
 72
     1
 11
47152.49152153197
 21
-23087.38604174693
 31
0.0
100
AcDbText
 73
     2
  0
LWPOLYLINE
  5
361
330
17
100
AcDbEntity
  8
OUTER
100
AcDbPolyline
 90
        5
 70
     0
 43
0.0
 10
49551.20776189111
 20
-23406.48860890701
 10
51386.35776189111
 20
-23406.48860890701
 10
51386.35776189111
 20
-22761.96360890701
 10
49551.20776189111
 20
-22761.96360890701
 10
49551.20776189111
 20
-23406.48860890701
  0
TEXT
  5
362
330
17
100
AcDbEntity
  8
NUMBERS
100
AcDbText
 10
50235.44942855777
 20
-23124.226108907
 30
0.0
 40
80.0
  1
C1厨房-03
 72
     1
 11
50468.78276189111
 21
-23084.226108907
 31
0.0
100
AcDbText
 73
     2
  0
LWPOLYLINE
  5
363
330
17
100
AcDbEntity
  8
OUTER
100
AcDbPolyline
 90
        5
 70
     0
 43
0.0
 10
52002.91902993681
 20
-23409.64854174692
 10
52460.11902993681
 20
-23409.64854174692
 10
52460.11902993681
 20
-22765.12354174693
 10
52002.91902993681
 20
-22765.12354174693
 10
52002.91902993681
 20
-23409.64854174692
  0
TEXT
  5
364
330
17
100
AcDbEntity
  8
NUMBERS
100
AcDbText
 10
51998.18569660348
 20
-23127.38604174692
 30
0.0
 40
80.0
  1
C1厨房-04
 72
     1
 11
52231.51902993682
 21
-23087.38604174692
 31
0.0
100
AcDbText
 73
     2
  0
LWPOLYLINE
  5
365
330
17
100
AcDbEntity
  8
OUTER
100
AcDbPolyline
 90
        5
 70
     0
 43
0.0
 10
54215.11714263568
 20
-23406.48860890701
 10
56050.26714263566
 20
-23406.48860890701
 10
56050.26714263566
 20
-22761.96360890701
 10
54215.11714263568
 20
-22761.96360890701
 10
54215.11714263568
 20
-23406.48860890701
  0
TEXT
  5
366
330
17
100
AcDbEntity
  8
NUMBERS
100
AcDbText
 10
54899.35880930235
 20
-23124.22610890701
 30
0.0
 40
80.0
  1
C1厨房-05
 72
     1
 11
55132.69214263568
 21
-23084.22610890701
 31
0.0
100
AcDbText
 73
     2
  0
LWPOLYLINE
  5
367
330
17
100
AcDbEntity
  8
OUTER
100
AcDbPolyline
 90
        5
 70
     0
 43
0.0
 10
56666.82841068137
 20
-23409.64854174692
 10
57124.02841068137
 20
-23409.64854174692
 10
57124.02841068137
 20
-22765.12354174693
 10
56666.82841068137
 20
-22765.12354174693
 10
56666.82841068137
 20
-23409.64854174692
  0
TEXT
  5
368
330
17
100
AcDbEntity
  8
NUMBERS
100
AcDbText
 10
56662.09507734804
 20
-23127.38604174692
 30
0.0
 40
80.0
  1
C1厨房-06
 72
     1
 11
56895.42841068138
 21
-23087.38604174692
 31
0.0
100
AcDbText
 73
     2
  0
LWPOLYLINE
  5
369
330
17
100
AcDbEntity
  8
OUTER
100
AcDbPolyline
 90
        5
 70
     0
 43
0.0
 10
58308.00979148682
 20
-23406.48860890701
 10
60143.15979148681
 20
-23406.48860890701
 10
60143.15979148681
 20
-22761.96360890701
 10
58308.00979148682
 20
-22761.96360890701
 10
58308.00979148682
 20
-23406.48860890701
  0
TEXT
  5
36A
330
17
100
AcDbEntity
  8
NUMBERS
100
AcDbText
 10
58992.25145815346
 20
-23124.22610890701
 30
0.0
 40
80.0
  1
C1厨房-07
 72
     1
 11
59225.5847914868
 21
-23084.22610890701
 31
0.0
100
AcDbText
 73
     2
  0
LWPOLYLINE
  5
36B
330
17
100
AcDbEntity
  8
OUTER
100
AcDbPolyline
 90
        5
 70
     0
 43
0.0
 10
63387.03729989164
 20
-23406.48860890701
 10
65222.18729989165
 20
-23406.48860890701
 10
65222.18729989165
 20
-22761.96360890701
 10
63387.03729989164
 20
-22761.96360890701
 10
63387.03729989164
 20
-23406.48860890701
  0
TEXT
  5
36C
330
17
100
AcDbEntity
  8
NUMBERS
100
AcDbText
 10
64071.27896655831
 20
-23124.22610890701
 30
0.0
 40
80.0
  1
C1厨房-08
 72
     1
 11
64304.61229989164
 21
-23084.22610890701
 31
0.0
100
AcDbText
 73
     2
  0
LWPOLYLINE
  5
36D
330
17
100
AcDbEntity
  8
OUTER
100
AcDbPolyline
 90
        5
 70
     0
 43
0.0
 10
65838.74856793737
 20
-23409.64854174692
 10
66295.94856793736
 20
-23409.64854174692
 10
66295.94856793736
 20
-22765.12354174693
 10
65838.74856793737
 20
-22765.12354174693
 10
65838.74856793737
 20
-23409.64854174692
  0
TEXT
  5
36E
330
17
100
AcDbEntity
  8
NUMBERS
100
AcDbText
 10
65834.01523460404
 20
-23127.38604174693
 30
0.0
 40
80.0
  1
C1厨房-09
 72
     1
 11
66067.34856793737
 21
-23087.38604174693
 31
0.0
100
AcDbText
 73
     2
  0
LWPOLYLINE
  5
36F
330
17
100
AcDbEntity
  8
OUTER
100
AcDbPolyline
 90
        5
 70
     0
 43
0.0
 10
68050.9466806362
 20
-23406.48860890701
 10
69886.09668063621
 20
-23406.48860890701
 10
69886.09668063621
 20
-22761.96360890701
 10
68050.9466806362
 20
-22761.96360890701
 10
68050.9466806362
 20
-23406.48860890701
  0
TEXT
  5
370
330
17
100
AcDbEntity
  8
NUMBERS
100
AcDbText
 10
68748.52168063621
 20
-23124.22610890701
 30
0.0
 40
80.0
  1
C1厨房-10
 72
     1
 11
68968.52168063621
 21
-23084.22610890701
 31
0.0
100
AcDbText
 73
     2
  0
LWPOLYLINE
  5
371
330
17
100
AcDbEntity
  8
OUTER
100
AcDbPolyline
 90
        5
 70
     0
 43
0.0
 10
70502.65794868193
 20
-23409.64854174692
 10
70959.85794868192
 20
-23409.64854174692
 10
70959.85794868192
 20
-22765.12354174693
 10
70502.65794868193
 20
-22765.12354174693
 10
70502.65794868193
 20
-23409.64854174692
  0
TEXT
  5
372
330
17
100
AcDbEntity
  8
NUMBERS
100
AcDbText
 10
70517.9246153486
 20
-23127.38604174693
 30
0.0
 40
80.0
  1
C1厨房-11
 72
     1
 11
70731.25794868193
 21
-23087.38604174693
 31
0.0
100
AcDbText
 73
     2
  0
LWPOLYLINE
  5
373
330
17
100
AcDbEntity
  8
OUTER
100
AcDbPolyline
 90
        5
 70
     0
 43
0.0
 10
72727.24411515113
 20
-23406.48860890701
 10
74562.39411515115
 20
-23406.48860890701
 10
74562.39411515115
 20
-22761.96360890701
 10
72727.24411515113
 20
-22761.96360890701
 10
72727.24411515113
 20
-23406.48860890701
  0
TEXT
  5
374
330
17
100
AcDbEntity
  8
NUMBERS
100
AcDbText
 10
73418.15244848445
 20
-23124.22610890701
 30
0.0
 40
80.0
  1
C1厨房-12
 72
     1
 11
73644.81911515112
 21
-23084.22610890701
 31
0.0
100
AcDbText
 73
     2
  0
LWPOLYLINE
  5
375
330
17
100
AcDbEntity
  8
OUTER
100
AcDbPolyline
 90
        5
 70
     0
 43
0.0
 10
77806.271623556
 20
-23406.48860890701
 10
79641.42162355599
 20
-23406.48860890701
 10
79641.42162355599
 20
-22761.96360890701
 10
77806.271623556
 20
-22761.96360890701
 10
77806.271623556
 20
-23406.48860890701
  0
TEXT
  5
376
330
17
100
AcDbEntity
  8
NUMBERS
100
AcDbText
 10
78497.17995688932
 20
-23124.226108907
 30
0.0
 40
80.0
  1
C1厨房-13
 72
     1
 11
78723.84662355599
 21
-23084.226108907
 31
0.0
100
AcDbText
 73
     2
  0
LWPOLYLINE
  5
377
330
17
100
AcDbEntity
  8
OUTER
100
AcDbPolyline
 90
        5
 70
     0
 43
0.0
 10
80257.98289160169
 20
-23409.64854174692
 10
80715.1828916017
 20
-23409.64854174692
 10
80715.1828916017
 20
-22765.12354174693
 10
80257.98289160169
 20
-22765.12354174693
 10
80257.98289160169
 20
-23409.64854174692
  0
TEXT
  5
378
330
17
100
AcDbEntity
  8
NUMBERS
100
AcDbText
 10
80259.91622493501
 20
-23127.38604174693
 30
0.0
 40
80.0
  1
C1厨房-14
 72
     1
 11
80486.58289160169
 21
-23087.38604174693
 31
0.0
100
AcDbText
 73
     2
  0
LWPOLYLINE
  5
379
330
17
100
AcDbEntity
  8
OUTER
100
AcDbPolyline
 90
        5
 70
     0
 43
0.0
 10
82470.18100430056
 20
-23406.48860890701
 10
84305.33100430055
 20
-23406.48860890701
 10
84305.33100430055
 20
-22761.96360890701
 10
82470.18100430056
 20
-22761.96360890701
 10
82470.18100430056
 20
-23406.48860890701
  0
TEXT
  5
37A
330
17
100
AcDbEntity
  8
NUMBERS
100
AcDbText
 10
83161.08933763391
 20
-23124.226108907
 30
0.0
 40
80.0
  1
C1厨房-15
 72
     1
 11
83387.75600430057
 21
-23084.226108907
 31
0.0
100
AcDbText
 73
     2
  0
LWPOLYLINE
  5
37B
330
17
100
AcDbEntity
  8
OUTER
100
AcDbPolyline
 90
        5
 70
     0
 43
0.0
 10
84921.89227234625
 20
-23409.64854174692
 10
85379.09227234626
 20
-23409.64854174692
 10
85379.09227234626
 20
-22765.12354174693
 10
84921.89227234625
 20
-22765.12354174693
 10
84921.89227234625
 20
-23409.64854174692
  0
TEXT
  5
37C
330
17
100
AcDbEntity
  8
NUMBERS
100
AcDbText
 10
84923.82560567959
 20
-23127.38604174693
 30
0.0
 40
80.0
  1
C1厨房-16
 72
     1
 11
85150.49227234625
 21
-23087.38604174693
 31
0.0
100
AcDbText
 73
     2
  0
LWPOLYLINE
  5
37D
330
17
100
AcDbEntity
  8
OUTER
100
AcDbPolyline
 90
        5
 70
     0
 43
0.0
 10
44655.32466777299
 20
-24310.39749589664
 10
45449.07466777299
 20
-24310.39749589664
 10
45449.07466777299
 20
-24208.79749589665
 10
44655.32466777299
 20
-24208.79749589665
 10
44655.32466777299
 20
-24310.39749589664
  0
TEXT
  5
37E
330
17
100
AcDbEntity
  8
NUMBERS
100
AcDbText
 10
44967.19966777299
 20
-24274.59749589665
 30
0.0
 40
30.0
  1
C1厨房-17
 72
     1
 11
45052.199667773
 21
-24259.59749589665
 31
0.0
100
AcDbText
 73
     2
  0
LWPOLYLINE
  5
37F
330
17
100
AcDbEntity
  8
OUTER
100
AcDbPolyline
 90
        5
 70
     0
 43
0.0
 10
49734.35217617784
 20
-24310.39749589664
 10
50528.10217617784
 20
-24310.39749589664
 10
50528.10217617784
 20
-24208.79749589665
 10
49734.35217617784
 20
-24208.79749589665
 10
49734.35217617784
 20
-24310.39749589664
  0
TEXT
  5
380
330
17
100
AcDbEntity
  8
NUMBERS
100
AcDbText
 10
50046.22717617784
 20
-24274.59749589665
 30
0.0
 40
30.0
  1
C1厨房-18
 72
     1
 11
50131.22717617783
 21
-24259.59749589665
 31
0.0
100
AcDbText
 73
     2
  0
LWPOLYLINE
  5
381
330
17
100
AcDbEntity
  8
OUTER
100
AcDbPolyline
 90
        5
 70
     0
 43
0.0
 10
54398.2615569224
 20
-24310.39749589664
 10
55192.0115569224
 20
-24310.39749589664
 10
55192.0115569224
 20
-24208.79749589665
 10
54398.2615569224
 20
-24208.79749589665
 10
54398.2615569224
 20
-24310.39749589664
  0
TEXT
  5
382
330
17
100
AcDbEntity
  8
NUMBERS
100
AcDbText
 10
54710.13655692238
 20
-24274.59749589665
 30
0.0
 40
30.0
  1
C1厨房-19
 72
     1
 11
54795.13655692239
 21
-24259.59749589665
 31
0.0
100
AcDbText
 73
     2
  0
LWPOLYLINE
  5
383
330
17
100
AcDbEntity
  8
OUTER
100
AcDbPolyline
 90
        5
 70
     0
 43
0.0
 10
58491.15420577352
 20
-24310.39749589664
 10
59284.90420577353
 20
-24310.39749589664
 10
59284.90420577353
 20
-24208.79749589665
 10
58491.15420577352
 20
-24208.79749589665
 10
58491.15420577352
 20
-24310.39749589664
  0
TEXT
  5
384
330
17
100
AcDbEntity
  8
NUMBERS
100
AcDbText
 10
58800.52920577353
 20
-24274.59749589665
 30
0.0
 40
30.0
  1
C1厨房-20
 72
     1
 11
58888.02920577353
 21
-24259.59749589665
 31
0.0
100
AcDbText
 73
     2
  0
LWPOLYLINE
  5
385
330
17
100
AcDbEntity
  8
OUTER
100
AcDbPolyline
 90
        5
 70
     0
 43
0.0
 10
63570.18171417838
 20
-24310.39749589664
 10
64363.93171417837
 20
-24310.39749589664
 10
64363.93171417837
 20
-24208.79749589665
 10
63570.18171417838
 20
-24208.79749589665
 10
63570.18171417838
 20
-24310.39749589664
  0
TEXT
  5
386
330
17
100
AcDbEntity
  8
NUMBERS
100
AcDbText
 10
63882.05671417839
 20
-24274.59749589665
 30
0.0
 40
30.0
  1
C1厨房-21
 72
     1
 11
63967.05671417839
 21
-24259.59749589665
 31
0.0
100
AcDbText
 73
     2
  0
LWPOLYLINE
  5
387
330
17
100
AcDbEntity
  8
OUTER
100
AcDbPolyline
 90
        5
 70
     0
 43
0.0
 10
68234.09109492295
 20
-24310.39749589664
 10
69027.84109492294
 20
-24310.39749589664
 10
69027.84109492294
 20
-24208.79749589665
 10
68234.09109492295
 20
-24208.79749589665
 10
68234.09109492295
 20
-24310.39749589664
  0
TEXT
  5
388
330
17
100
AcDbEntity
  8
NUMBERS
100
AcDbText
 10
68540.96609492295
 20
-24274.59749589665
 30
0.0
 40
30.0
  1
C1厨房-22
 72
     1
 11
68630.96609492294
 21
-24259.59749589665
 31
0.0
100
AcDbText
 73
     2
  0
LWPOLYLINE
  5
389
330
17
100
AcDbEntity
  8
OUTER
100
AcDbPolyline
 90
        5
 70
     0
 43
0.0
 10
72910.38852943787
 20
-24310.39749589664
 10
73704.13852943787
 20
-24310.39749589664
 10
73704.13852943787
 20
-24208.79749589665
 10
72910.38852943787
 20
-24208.79749589665
 10
72910.38852943787
 20
-24310.39749589664
  0
TEXT
  5
38A
330
17
100
AcDbEntity
  8
NUMBERS
100
AcDbText
 10
73217.26352943786
 20
-24274.59749589665
 30
0.0
 40
30.0
  1
C1厨房-23
 72
     1
 11
73307.26352943785
 21
-24259.59749589665
 31
0.0
100
AcDbText
 73
     2
  0
LWPOLYLINE
  5
38B
330
17
100
AcDbEntity
  8
OUTER
100
AcDbPolyline
 90
        5
 70
     0
 43
0.0
 10
77989.41603784272
 20
-24310.39749589664
 10
78783.16603784272
 20
-24310.39749589664
 10
78783.16603784272
 20
-24208.79749589665
 10
77989.41603784272
 20
-24208.79749589665
 10
77989.41603784272
 20
-24310.39749589664
  0
TEXT
  5
38C
330
17
100
AcDbEntity
  8
NUMBERS
100
AcDbText
 10
78296.29103784272
 20
-24274.59749589665
 30
0.0
 40
30.0
  1
C1厨房-24
 72
     1
 11
78386.29103784271
 21
-24259.59749589665
 31
0.0
100
AcDbText
 73
     2
  0
LWPOLYLINE
  5
38D
330
17
100
AcDbEntity
  8
OUTER
100
AcDbPolyline
 90
        5
 70
     0
 43
0.0
 10
82653.32541858727
 20
-24310.39749589664
 10
83447.07541858728
 20
-24310.39749589664
 10
83447.07541858728
 20
-24208.79749589665
 10
82653.32541858727
 20
-24208.79749589665
 10
82653.32541858727
 20
-24310.39749589664
  0
TEXT
  5
38E
330
17
100
AcDbEntity
  8
NUMBERS
100
AcDbText
 10
82960.20041858728
 20
-24274.59749589665
 30
0.0
 40
30.0
  1
C1厨房-25
 72
     1
 11
83050.20041858728
 21
-24259.59749589665
 31
0.0
100
AcDbText
 73
     2
  0
LWPOLYLINE
  5
38F
330
17
100
AcDbEntity
  8
OUTER
100
AcDbPolyline
 90
        5
 70
     0
 43
0.0
 10
44747.77158714108
 20
-53754.02018653113
 10
45617.72158714108
 20
-53754.02018653113
 10
45617.72158714108
 20
-53165.05768653112
 10
44747.77158714108
 20
-53165.05768653112
 10
44747.77158714108
 20
-53754.02018653113
  0
TEXT
  5
390
330
17
100
AcDbEntity
  8
NUMBERS
100
AcDbText
 10
44849.41325380774
 20
-53499.53893653113
 30
0.0
 40
80.0
  1
C2主人卫生间-01
 72
     1
 11
45182.74658714108
 21
-53459.53893653113
 31
0.0
100
AcDbText
 73
     2
  0
LWPOLYLINE
  5
391
330
17
100
AcDbEntity
  8
OUTER
100
AcDbPolyline
 90
        5
 70
     0
 43
0.0
 10
45890.27032770298
 20
-53754.02018653113
 10
45991.87032770298
 20
-53754.02018653113
 10
45991.87032770298
 20
-53165.05768653112
 10
45890.27032770298
 20
-53165.05768653112
 10
45890.27032770298
 20
-53754.02018653113
  0
TEXT
  5
392
330
17
100
AcDbEntity
  8
NUMBERS
100
AcDbText
 10
45879.92217955482
 20
-53466.59449208667
 30
0.0
 40
14.11111111111091
  1
C2主人卫生间-02
 72
     1
 11
45941.07032770297
 21
-53459.53893653112
 31
0.0
100
AcDbText
 73
     2
  0
LWPOLYLINE
  5
393
330
17
100
AcDbEntity
  8
OUTER
100
AcDbPolyline
 90
        5
 70
     0
 43
0.0
 10
51352.16070900804
 20
-53754.02018653113
 10
52222.11070900803
 20
-53754.02018653113
 10
52222.11070900803
 20
-53165.05768653112
 10
51352.16070900804
 20
-53165.05768653112
 10
51352.16070900804
 20
-53754.02018653113
  0
TEXT
  5
394
330
17
100
AcDbEntity
  8
NUMBERS
100
AcDbText
 10
51440.46904234137
 20
-53499.53893653113
 30
0.0
 40
80.0
  1
C2主人卫生间-03
 72
     1
 11
51787.13570900804
 21
-53459.53893653113
 31
0.0
100
AcDbText
 73
     2
  0
LWPOLYLINE
  5
395
330
17
100
AcDbEntity
  8
OUTER
100
AcDbPolyline
 90
        5
 70
     0
 43
0.0
 10
52494.65944956992
 20
-53754.02018653113
 10
52596.25944956992
 20
-53754.02018653113
 10
52596.25944956992
 20
-53165.05768653112
 10
52494.65944956992
 20
-53165.05768653112
 10
52494.65944956992
 20
-53754.02018653113
  0
TEXT
  5
396
330
17
100
AcDbEntity
  8
NUMBERS
100
AcDbText
 10
52484.31130142177
 20
-53466.59449208669
 30
0.0
 40
14.11111111111192
  1
C2主人卫生间-04
 72
     1
 11
52545.45944956993
 21
-53459.53893653113
 31
0.0
100
AcDbText
 73
     2
  0
LWPOLYLINE
  5
397
330
17
100
AcDbEntity
  8
OUTER
100
AcDbPolyline
 90
        5
 70
     0
 43
0.0
 10
58029.76926866782
 20
-53754.02018653113
 10
58899.71926866782
 20
-53754.02018653113
 10
58899.71926866782
 20
-53165.05768653112
 10
58029.76926866782
 20
-53165.05768653112
 10
58029.76926866782
 20
-53754.02018653113
  0
TEXT
  5
398
330
17
100
AcDbEntity
  8
NUMBERS
100
AcDbText
 10
58118.07760200116
 20
-53499.53893653113
 30
0.0
 40
80.0
  1
C2主人卫生间-05
 72
     1
 11
58464.74426866782
 21
-53459.53893653113
 31
0.0
100
AcDbText
 73
     2
  0
LWPOLYLINE
  5
399
330
17
100
AcDbEntity
  8
OUTER
100
AcDbPolyline
 90
        5
 70
     0
 43
0.0
 10
59172.26800922972
 20
-53754.02018653113
 10
59273.86800922973
 20
-53754.02018653113
 10
59273.86800922973
 20
-53165.05768653112
 10
59172.26800922972
 20
-53165.05768653112
 10
59172.26800922972
 20
-53754.02018653113
  0
TEXT
  5
39A
330
17
100
AcDbEntity
  8
NUMBERS
100
AcDbText
 10
59161.91986108158
 20
-53466.59449208667
 30
0.0
 40
14.11111111111091
  1
C2主人卫生间-06
 72
     1
 11
59223.06800922973
 21
-53459.53893653112
 31
0.0
100
AcDbText
 73
     2
  0
LWPOLYLINE
  5
39B
330
17
100
AcDbEntity
  8
OUTER
100
AcDbPolyline
 90
        5
 70
     0
 43
0.0
 10
65226.07547578988
 20
-53754.02018653113
 10
66096.02547578988
 20
-53754.02018653113
 10
66096.02547578988
 20
-53165.05768653112
 10
65226.07547578988
 20
-53165.05768653112
 10
65226.07547578988
 20
-53754.02018653113
  0
TEXT
  5
39C
330
17
100
AcDbEntity
  8
NUMBERS
100
AcDbText
 10
65314.38380912321
 20
-53499.53893653113
 30
0.0
 40
80.0
  1
C2主人卫生间-07
 72
     1
 11
65661.05047578988
 21
-53459.53893653113
 31
0.0
100
AcDbText
 73
     2
  0
LWPOLYLINE
  5
39D
330
17
100
AcDbEntity
  8
OUTER
100
AcDbPolyline
 90
        5
 70
     0
 43
0.0
 10
66368.57421635177
 20
-53754.02018653113
 10
66470.17421635178
 20
-53754.02018653113
 10
66470.17421635178
 20
-53165.05768653112
 10
66368.57421635177
 20
-53165.05768653112
 10
66368.57421635177
 20
-53754.02018653113
  0
TEXT
  5
39E
330
17
100
AcDbEntity
  8
NUMBERS
100
AcDbText
 10
66358.22606820362
 20
-53466.59449208669
 30
0.0
 40
14.11111111111192
  1
C2主人卫生间-08
 72
     1
 11
66419.37421635177
 21
-53459.53893653113
 31
0.0
100
AcDbText
 73
     2
  0
LWPOLYLINE
  5
39F
330
17
100
AcDbEntity
  8
OUTER
100
AcDbPolyline
 90
        5
 70
     0
 43
0.0
 10
72654.52096057267
 20
-53754.02018653113
 10
73524.47096057268
 20
-53754.02018653113
 10
73524.47096057268
 20
-53165.05768653112
 10
72654.52096057267
 20
-53165.05768653112
 10
72654.52096057267
 20
-53754.02018653113
  0
TEXT
  5
3A0
330
17
100
AcDbEntity
  8
NUMBERS
100
AcDbText
 10
72742.82929390602
 20
-53499.53893653113
 30
0.0
 40
80.0
  1
C2主人卫生间-09
 72
     1
 11
73089.49596057269
 21
-53459.53893653113
 31
0.0
100
AcDbText
 73
     2
  0
LWPOLYLINE
  5
3A1
330
17
100
AcDbEntity
  8
OUTER
100
AcDbPolyline
 90
        5
 70
     0
 43
0.0
 10
73797.01970113457
 20
-53754.02018653113
 10
73898.61970113456
 20
-53754.02018653113
 10
73898.61970113456
 20
-53165.05768653112
 10
73797.01970113457
 20
-53165.05768653112
 10
73797.01970113457
 20
-53754.02018653113
  0
TEXT
  5
3A2
330
17
100
AcDbEntity
  8
NUMBERS
100
AcDbText
 10
73789.02340483826
 20
-53466.59449208669
 30
0.0
 40
14.11111111111192
  1
C2主人卫生间-10
 72
     1
 11
73847.81970113458
 21
-53459.53893653113
 31
0.0
100
AcDbText
 73
     2
  0
LWPOLYLINE
  5
3A3
330
17
100
AcDbEntity
  8
OUTER
100
AcDbPolyline
 90
        5
 70
     0
 43
0.0
 10
80500.81652330705
 20
-53754.02018653113
 10
81370.76652330705
 20
-53754.02018653113
 10
81370.76652330705
 20
-53165.05768653112
 10
80500.81652330705
 20
-53165.05768653112
 10
80500.81652330705
 20
-53754.02018653113
  0
TEXT
  5
3A4
330
17
100
AcDbEntity
  8
NUMBERS
100
AcDbText
 10
80609.12485664038
 20
-53499.53893653113
 30
0.0
 40
80.0
  1
C2主人卫生间-11
 72
     1
 11
80935.79152330706
 21
-53459.53893653113
 31
0.0
100
AcDbText
 73
     2
  0
LWPOLYLINE
  5
3A5
330
17
100
AcDbEntity
  8
OUTER
100
AcDbPolyline
 90
        5
 70
     0
 43
0.0
 10
81643.31526386893
 20
-53754.02018653113
 10
81744.91526386894
 20
-53754.02018653113
 10
81744.91526386894
 20
-53165.05768653112
 10
81643.31526386893
 20
-53165.05768653112
 10
81643.31526386893
 20
-53754.02018653113
  0
TEXT
  5
3A6
330
17
100
AcDbEntity
  8
NUMBERS
100
AcDbText
 10
81634.14304164671
 20
-53466.59449208669
 30
0.0
 40
14.11111111111192
  1
C2主人卫生间-12
 72
     1
 11
81694.11526386893
 21
-53459.53893653113
 31
0.0
100
AcDbText
 73
     2
  0
LWPOLYLINE
  5
3A7
330
17
100
AcDbEntity
  8
OUTER
100
AcDbPolyline
 90
        5
 70
     0
 43
0.0
 10
44533.80806919994
 20
-51968.52568997386
 10
46368.95806919995
 20
-51968.52568997386
 10
46368.95806919995
 20
-51324.00068997386
 10
44533.80806919994
 20
-51324.00068997386
 10
44533.80806919994
 20
-51968.52568997386
  0
TEXT
  5
3A8
330
17
100
AcDbEntity
  8
NUMBERS
100
AcDbText
 10
45218.0497358666
 20
-51686.26318997387
 30
0.0
 40
80.0
  1
C2厨房-01
 72
     1
 11
45451.38306919993
 21
-51646.26318997386
 31
0.0
100
AcDbText
 73
     2
  0
LWPOLYLINE
  5
3A9
330
17
100
AcDbEntity
  8
OUTER
100
AcDbPolyline
 90
        5
 70
     0
 43
0.0
 10
51138.1971910669
 20
-51968.52568997386
 10
52973.34719106688
 20
-51968.52568997386
 10
52973.34719106688
 20
-51324.00068997386
 10
51138.1971910669
 20
-51324.00068997386
 10
51138.1971910669
 20
-51968.52568997386
  0
TEXT
  5
3AA
330
17
100
AcDbEntity
  8
NUMBERS
100
AcDbText
 10
51809.10552440022
 20
-51686.26318997387
 30
0.0
 40
80.0
  1
C2厨房-02
 72
     1
 11
52055.77219106688
 21
-51646.26318997386
 31
0.0
100
AcDbText
 73
     2
  0
LWPOLYLINE
  5
3AB
330
17
100
AcDbEntity
  8
OUTER
100
AcDbPolyline
 90
        5
 70
     0
 43
0.0
 10
57815.80575072669
 20
-51968.52568997386
 10
59650.95575072669
 20
-51968.52568997386
 10
59650.95575072669
 20
-51324.00068997386
 10
57815.80575072669
 20
-51324.00068997386
 10
57815.80575072669
 20
-51968.52568997386
  0
TEXT
  5
3AC
330
17
100
AcDbEntity
  8
NUMBERS
100
AcDbText
 10
58486.71408406002
 20
-51686.26318997387
 30
0.0
 40
80.0
  1
C2厨房-03
 72
     1
 11
58733.38075072669
 21
-51646.26318997386
 31
0.0
100
AcDbText
 73
     2
  0
LWPOLYLINE
  5
3AD
330
17
100
AcDbEntity
  8
OUTER
100
AcDbPolyline
 90
        5
 70
     0
 43
0.0
 10
65012.11195784874
 20
-51968.52568997386
 10
66847.26195784874
 20
-51968.52568997386
 10
66847.26195784874
 20
-51324.00068997386
 10
65012.11195784874
 20
-51324.00068997386
 10
65012.11195784874
 20
-51968.52568997386
  0
TEXT
  5
3AE
330
17
100
AcDbEntity
  8
NUMBERS
100
AcDbText
 10
65683.02029118206
 20
-51686.26318997387
 30
0.0
 40
80.0
  1
C2厨房-04
 72
     1
 11
65929.68695784874
 21
-51646.26318997386
 31
0.0
100
AcDbText
 73
     2
  0
LWPOLYLINE
  5
3AF
330
17
100
AcDbEntity
  8
OUTER
100
AcDbPolyline
 90
        5
 70
     0
 43
0.0
 10
72440.55744263152
 20
-51968.52568997386
 10
74275.70744263155
 20
-51968.52568997386
 10
74275.70744263155
 20
-51324.00068997386
 10
72440.55744263152
 20
-51324.00068997386
 10
72440.55744263152
 20
-51968.52568997386
  0
TEXT
  5
3B0
330
17
100
AcDbEntity
  8
NUMBERS
100
AcDbText
 10
73111.46577596487
 20
-51686.26318997387
 30
0.0
 40
80.0
  1
C2厨房-05
 72
     1
 11
73358.13244263154
 21
-51646.26318997386
 31
0.0
100
AcDbText
 73
     2
  0
LWPOLYLINE
  5
3B1
330
17
100
AcDbEntity
  8
OUTER
100
AcDbPolyline
 90
        5
 70
     0
 43
0.0
 10
80286.8530053659
 20
-51968.52568997386
 10
82122.00300536592
 20
-51968.52568997386
 10
82122.00300536592
 20
-51324.00068997386
 10
80286.8530053659
 20
-51324.00068997386
 10
80286.8530053659
 20
-51968.52568997386
  0
TEXT
  5
3B2
330
17
100
AcDbEntity
  8
NUMBERS
100
AcDbText
 10
80957.76133869925
 20
-51686.26318997387
 30
0.0
 40
80.0
  1
C2厨房-06
 72
     1
 11
81204.42800536594
 21
-51646.26318997386
 31
0.0
100
AcDbText
 73
     2
  0
LWPOLYLINE
  5
3B3
330
17
100
AcDbEntity
  8
OUTER
100
AcDbPolyline
 90
        5
 70
     0
 43
0.0
 10
44747.77158714108
 20
-52969.17229052646
 10
45617.72158714108
 20
-52969.17229052646
 10
45617.72158714108
 20
-52867.57229052646
 10
44747.77158714108
 20
-52867.57229052646
 10
44747.77158714108
 20
-52969.17229052646
  0
TEXT
  5
3B4
330
17
100
AcDbEntity
  8
NUMBERS
100
AcDbText
 10
45090.24658714108
 20
-52933.37229052647
 30
0.0
 40
30.0
  1
C2厨房-07
 72
     1
 11
45182.74658714108
 21
-52918.37229052647
 31
0.0
100
AcDbText
 73
     2
  0
LWPOLYLINE
  5
3B5
330
17
100
AcDbEntity
  8
OUTER
100
AcDbPolyline
 90
        5
 70
     0
 43
0.0
 10
51352.16070900804
 20
-52969.17229052646
 10
52222.11070900803
 20
-52969.17229052646
 10
52222.11070900803
 20
-52867.57229052646
 10
51352.16070900804
 20
-52867.57229052646
 10
51352.16070900804
 20
-52969.17229052646
  0
TEXT
  5
3B6
330
17
100
AcDbEntity
  8
NUMBERS
100
AcDbText
 10
51694.63570900803
 20
-52933.37229052647
 30
0.0
 40
30.0
  1
C2厨房-08
 72
     1
 11
51787.13570900804
 21
-52918.37229052647
 31
0.0
100
AcDbText
 73
     2
  0
LWPOLYLINE
  5
3B7
330
17
100
AcDbEntity
  8
OUTER
100
AcDbPolyline
 90
        5
 70
     0
 43
0.0
 10
58029.76926866782
 20
-52969.17229052646
 10
58899.71926866782
 20
-52969.17229052646
 10
58899.71926866782
 20
-52867.57229052646
 10
58029.76926866782
 20
-52867.57229052646
 10
58029.76926866782
 20
-52969.17229052646
  0
TEXT
  5
3B8
330
17
100
AcDbEntity
  8
NUMBERS
100
AcDbText
 10
58372.24426866781
 20
-52933.37229052647
 30
0.0
 40
30.0
  1
C2厨房-09
 72
     1
 11
58464.74426866782
 21
-52918.37229052647
 31
0.0
100
AcDbText
 73
     2
  0
LWPOLYLINE
  5
3B9
330
17
100
AcDbEntity
  8
OUTER
100
AcDbPolyline
 90
        5
 70
     0
 43
0.0
 10
65226.07547578988
 20
-52969.17229052646
 10
66096.02547578988
 20
-52969.17229052646
 10
66096.02547578988
 20
-52867.57229052646
 10
65226.07547578988
 20
-52867.57229052646
 10
65226.07547578988
 20
-52969.17229052646
  0
TEXT
  5
3BA
330
17
100
AcDbEntity
  8
NUMBERS
100
AcDbText
 10
65573.55047578989
 20
-52933.37229052647
 30
0.0
 40
30.0
  1
C2厨房-10
 72
     1
 11
65661.05047578989
 21
-52918.37229052647
 31
0.0
100
AcDbText
 73
     2
  0
LWPOLYLINE
  5
3BB
330
17
100
AcDbEntity
  8
OUTER
100
AcDbPolyline
 90
        5
 70
     0
 43
0.0
 10
72654.52096057267
 20
-52969.17229052646
 10
73524.47096057268
 20
-52969.17229052646
 10
73524.47096057268
 20
-52867.57229052646
 10
72654.52096057267
 20
-52867.57229052646
 10
72654.52096057267
 20
-52969.17229052646
  0
TEXT
  5
3BC
330
17
100
AcDbEntity
  8
NUMBERS
100
AcDbText
 10
73004.49596057269
 20
-52933.37229052647
 30
0.0
 40
30.0
  1
C2厨房-11
 72
     1
 11
73089.49596057269
 21
-52918.37229052647
 31
0.0
100
AcDbText
 73
     2
  0
LWPOLYLINE
  5
3BD
330
17
100
AcDbEntity
  8
OUTER
100
AcDbPolyline
 90
        5
 70
     0
 43
0.0
 10
80500.81652330705
 20
-52969.17229052646
 10
81370.76652330705
 20
-52969.17229052646
 10
81370.76652330705
 20
-52867.57229052646
 10
80500.81652330705
 20
-52867.57229052646
 10
80500.81652330705
 20
-52969.17229052646
  0
TEXT
  5
3BE
330
17
100
AcDbEntity
  8
NUMBERS
100
AcDbText
 10
80845.79152330706
 20
-52933.37229052647
 30
0.0
 40
30.0
  1
C2厨房-12
 72
     1
 11
80935.79152330706
 21
-52918.37229052647
 31
0.0
100
AcDbText
 73
     2
  0
LWPOLYLINE
  5
3BF
330
17
100
AcDbEntity
  8
OUTER
100
AcDbPolyline
 90
        5
 70
     0
 43
0.0
 10
75483.95101323611
 20
-20381.39077755741
 10
76353.90101323611
 20
-20381.39077755741
 10
76353.90101323611
 20
-19792.42827755739
 10
75483.95101323611
 20
-19792.42827755739
 10
75483.95101323611
 20
-20381.39077755741
  0
TEXT
  5
3C0
330
17
100
AcDbEntity
  8
NUMBERS
100
AcDbText
 10
75625.59267990278
 20
-20126.9095275574
 30
0.0
 40
80.0
  1
C主人卫生间-01
 72
     1
 11
75918.9260132361
 21
-20086.9095275574
 31
0.0
100
AcDbText
 73
     2
  0
LWPOLYLINE
  5
3C1
330
17
100
AcDbEntity
  8
OUTER
100
AcDbPolyline
 90
        5
 70
     0
 43
0.0
 10
76626.44975379799
 20
-20381.39077755741
 10
76728.04975379801
 20
-20381.39077755741
 10
76728.04975379801
 20
-19792.42827755739
 10
76626.44975379799
 20
-19792.42827755739
 10
76626.44975379799
 20
-20381.39077755741
  0
TEXT
  5
3C2
330
17
100
AcDbEntity
  8
NUMBERS
100
AcDbText
 10
76617.14687313959
 20
-20094.74903373024
 30
0.0
 40
15.67901234567991
  1
C主人卫生间-02
 72
     1
 11
76677.24975379802
 21
-20086.9095275574
 31
0.0
100
AcDbText
 73
     2
  0
LWPOLYLINE
  5
3C3
330
17
100
AcDbEntity
  8
OUTER
100
AcDbPolyline
 90
        5
 70
     0
 43
0.0
 10
79486.33335259912
 20
-20340.9384843646
 10
80356.28335259911
 20
-20340.9384843646
 10
80356.28335259911
 20
-19751.9759843646
 10
79486.33335259912
 20
-19751.9759843646
 10
79486.33335259912
 20
-20340.9384843646
  0
TEXT
  5
3C4
330
17
100
AcDbEntity
  8
NUMBERS
100
AcDbText
 10
79614.64168593245
 20
-20086.4572343646
 30
0.0
 40
80.0
  1
C主人卫生间-03
 72
     1
 11
79921.30835259913
 21
-20046.4572343646
 31
0.0
100
AcDbText
 73
     2
  0
LWPOLYLINE
  5
3C5
330
17
100
AcDbEntity
  8
OUTER
100
AcDbPolyline
 90
        5
 70
     0
 43
0.0
 10
80628.83209316103
 20
-20340.9384843646
 10
80730.43209316102
 20
-20340.9384843646
 10
80730.43209316102
 20
-19751.9759843646
 10
80628.83209316103
 20
-19751.9759843646
 10
80628.83209316103
 20
-20340.9384843646
  0
TEXT
  5
3C6
330
17
100
AcDbEntity
  8
NUMBERS
100
AcDbText
 10
80619.52921250259
 20
-20054.29674053744
 30
0.0
 40
15.67901234567542
  1
C主人卫生间-04
 72
     1
 11
80679.63209316102
 21
-20046.4572343646
 31
0.0
100
AcDbText
 73
     2
  0
LWPOLYLINE
  5
3C7
330
17
100
AcDbEntity
  8
OUTER
100
AcDbPolyline
 90
        5
 70
     0
 43
0.0
 10
83518.40585733189
 20
-20340.9384843646
 10
84388.35585733189
 20
-20340.9384843646
 10
84388.35585733189
 20
-19751.9759843646
 10
83518.40585733189
 20
-19751.9759843646
 10
83518.40585733189
 20
-20340.9384843646
  0
TEXT
  5
3C8
330
17
100
AcDbEntity
  8
NUMBERS
100
AcDbText
 10
83646.71419066521
 20
-20086.4572343646
 30
0.0
 40
80.0
  1
C主人卫生间-05
 72
     1
 11
83953.38085733188
 21
-20046.4572343646
 31
0.0
100
AcDbText
 73
     2
  0
LWPOLYLINE
  5
3C9
330
17
100
AcDbEntity
  8
OUTER
100
AcDbPolyline
 90
        5
 70
     0
 43
0.0
 10
84660.90459789377
 20
-20340.9384843646
 10
84762.50459789378
 20
-20340.9384843646
 10
84762.50459789378
 20
-19751.9759843646
 10
84660.90459789377
 20
-19751.9759843646
 10
84660.90459789377
 20
-20340.9384843646
  0
TEXT
  5
3CA
330
17
100
AcDbEntity
  8
NUMBERS
100
AcDbText
 10
84651.60171723535
 20
-20054.29674053744
 30
0.0
 40
15.67901234568215
  1
C主人卫生间-06
 72
     1
 11
84711.7045978938
 21
-20046.4572343646
 31
0.0
100
AcDbText
 73
     2
  0
LWPOLYLINE
  5
3CB
330
17
100
AcDbEntity
  8
OUTER
100
AcDbPolyline
 90
        5
 70
     0
 43
0.0
 10
87634.30105105062
 20
-20316.94402000174
 10
88504.25105105061
 20
-20316.94402000174
 10
88504.25105105061
 20
-19727.98152000175
 10
87634.30105105062
 20
-19727.98152000175
 10
87634.30105105062
 20
-20316.94402000174
  0
TEXT
  5
3CC
330
17
100
AcDbEntity
  8
NUMBERS
100
AcDbText
 10
87762.60938438394
 20
-20062.46277000174
 30
0.0
 40
80.0
  1
C主人卫生间-07
 72
     1
 11
88069.27605105061
 21
-20022.46277000175
 31
0.0
100
AcDbText
 73
     2
  0
LWPOLYLINE
  5
3CD
330
17
100
AcDbEntity
  8
OUTER
100
AcDbPolyline
 90
        5
 70
     0
 43
0.0
 10
88776.7997916125
 20
-20316.94402000174
 10
88878.39979161253
 20
-20316.94402000174
 10
88878.39979161253
 20
-19727.98152000175
 10
88776.7997916125
 20
-19727.98152000175
 10
88776.7997916125
 20
-20316.94402000174
  0
TEXT
  5
3CE
330
17
100
AcDbEntity
  8
NUMBERS
100
AcDbText
 10
88767.49691095406
 20
-20030.30227617458
 30
0.0
 40
15.67901234567991
  1
C主人卫生间-08
 72
     1
 11
88827.59979161251
 21
-20022.46277000175
 31
0.0
100
AcDbText
 73
     2
  0
LWPOLYLINE
  5
3CF
330
17
100
AcDbEntity
  8
OUTER
100
AcDbPolyline
 90
        5
 70
     0
 43
0.0
 10
91913.15607548082
 20
-20316.94402000174
 10
92783.1060754808
 20
-20316.94402000174
 10
92783.1060754808
 20
-19727.98152000175
 10
91913.15607548082
 20
-19727.98152000175
 10
91913.15607548082
 20
-20316.94402000174
  0
TEXT
  5
3D0
330
17
100
AcDbEntity
  8
NUMBERS
100
AcDbText
 10
92041.46440881414
 20
-20062.46277000174
 30
0.0
 40
80.0
  1
C主人卫生间-09
 72
     1
 11
92348.13107548081
 21
-20022.46277000175
 31
0.0
100
AcDbText
 73
     2
  0
LWPOLYLINE
  5
3D1
330
17
100
AcDbEntity
  8
OUTER
100
AcDbPolyline
 90
        5
 70
     0
 43
0.0
 10
93055.65481604268
 20
-20316.94402000174
 10
93157.25481604275
 20
-20316.94402000174
 10
93157.25481604275
 20
-19727.98152000175
 10
93055.65481604268
 20
-19727.98152000175
 10
93055.65481604268
 20
-20316.94402000174
  0
TEXT
  5
3D2
330
17
100
AcDbEntity
  8
NUMBERS
100
AcDbText
 10
93048.96510410857
 20
-20030.30227617458
 30
0.0
 40
15.67901234567991
  1
C主人卫生间-10
 72
     1
 11
93106.45481604273
 21
-20022.46277000175
 31
0.0
100
AcDbText
 73
     2
  0
LWPOLYLINE
  5
3D3
330
17
100
AcDbEntity
  8
OUTER
100
AcDbPolyline
 90
        5
 70
     0
 43
0.0
 10
96537.77774873537
 20
-20316.94402000174
 10
97407.72774873533
 20
-20316.94402000174
 10
97407.72774873533
 20
-19727.98152000175
 10
96537.77774873537
 20
-19727.98152000175
 10
96537.77774873537
 20
-20316.94402000174
  0
TEXT
  5
3D4
330
17
100
AcDbEntity
  8
NUMBERS
100
AcDbText
 10
96686.0860820687
 20
-20062.46277000174
 30
0.0
 40
80.0
  1
C主人卫生间-11
 72
     1
 11
96972.75274873536
 21
-20022.46277000175
 31
0.0
100
AcDbText
 73
     2
  0
LWPOLYLINE
  5
3D5
330
17
100
AcDbEntity
  8
OUTER
100
AcDbPolyline
 90
        5
 70
     0
 43
0.0
 10
97680.27648929725
 20
-20316.94402000174
 10
97781.87648929725
 20
-20316.94402000174
 10
97781.87648929725
 20
-19727.98152000175
 10
97680.27648929725
 20
-19727.98152000175
 10
97680.27648929725
 20
-20316.94402000174
  0
TEXT
  5
3D6
330
17
100
AcDbEntity
  8
NUMBERS
100
AcDbText
 10
97672.28019300095
 20
-20030.30227617458
 30
0.0
 40
15.67901234568215
  1
C主人卫生间-12
 72
     1
 11
97731.07648929725
 21
-20022.46277000175
 31
0.0
100
AcDbText
 73
     2
  0
LWPOLYLINE
  5
3D7
330
17
100
AcDbEntity
  8
OUTER
100
AcDbPolyline
 90
        5
 70
     0
 43
0.0
 10
100938.247649912
 20
-20281.3661617128
 10
101808.197649912
 20
-20281.3661617128
 10
101808.197649912
 20
-19692.4036617128
 10
100938.247649912
 20
-19692.4036617128
 10
100938.247649912
 20
-20281.3661617128
  0
TEXT
  5
3D8
330
17
100
AcDbEntity
  8
NUMBERS
100
AcDbText
 10
101073.222649912
 20
-20026.8849117128
 30
0.0
 40
80.0
  1
C主人卫生间-13
 72
     1
 11
101373.222649912
 21
-19986.8849117128
 31
0.0
100
AcDbText
 73
     2
  0
LWPOLYLINE
  5
3D9
330
17
100
AcDbEntity
  8
OUTER
100
AcDbPolyline
 90
        5
 70
     0
 43
0.0
 10
102080.7463904739
 20
-20281.3661617128
 10
102182.3463904738
 20
-20281.3661617128
 10
102182.3463904738
 20
-19692.4036617128
 10
102080.7463904739
 20
-19692.4036617128
 10
102080.7463904739
 20
-20281.3661617128
  0
TEXT
  5
3DA
330
17
100
AcDbEntity
  8
NUMBERS
100
AcDbText
 10
102072.7500941776
 20
-19994.72441788563
 30
0.0
 40
15.67901234566419
  1
C主人卫生间-14
 72
     1
 11
102131.5463904738
 21
-19986.8849117128
 31
0.0
100
AcDbText
 73
     2
  0
LWPOLYLINE
  5
3DB
330
17
100
AcDbEntity
  8
OUTER
100
AcDbPolyline
 90
        5
 70
     0
 43
0.0
 10
44882.16252470587
 20
-20675.8720275574
 10
45752.11252470587
 20
-20675.8720275574
 10
45752.11252470587
 20
-20086.90952755741
 10
44882.16252470587
 20
-20086.90952755741
 10
44882.16252470587
 20
-20675.8720275574
  0
TEXT
  5
3DC
330
17
100
AcDbEntity
  8
NUMBERS
100
AcDbText
 10
45017.13752470588
 20
-20421.39077755741
 30
0.0
 40
80.0
  1
C主人卫生间-15
 72
     1
 11
45317.13752470588
 21
-20381.39077755741
 31
0.0
100
AcDbText
 73
     2
  0
LWPOLYLINE
  5
3DD
330
17
100
AcDbEntity
  8
OUTER
100
AcDbPolyline
 90
        5
 70
     0
 43
0.0
 10
46024.66126526777
 20
-20675.8720275574
 10
46126.26126526777
 20
-20675.8720275574
 10
46126.26126526777
 20
-20086.90952755741
 10
46024.66126526777
 20
-20086.90952755741
 10
46024.66126526777
 20
-20675.8720275574
  0
TEXT
  5
3DE
330
17
100
AcDbEntity
  8
NUMBERS
100
AcDbText
 10
46016.66496897148
 20
-20389.23028373024
 30
0.0
 40
15.67901234567879
  1
C主人卫生间-16
 72
     1
 11
46075.46126526777
 21
-20381.39077755741
 31
0.0
100
AcDbText
 73
     2
  0
LWPOLYLINE
  5
3DF
330
17
100
AcDbEntity
  8
OUTER
100
AcDbPolyline
 90
        5
 70
     0
 43
0.0
 10
48884.5448640689
 20
-20635.41973436461
 10
49754.4948640689
 20
-20635.41973436461
 10
49754.4948640689
 20
-20046.45723436461
 10
48884.5448640689
 20
-20046.45723436461
 10
48884.5448640689
 20
-20635.41973436461
  0
TEXT
  5
3E0
330
17
100
AcDbEntity
  8
NUMBERS
100
AcDbText
 10
49019.5198640689
 20
-20380.93848436461
 30
0.0
 40
80.0
  1
C主人卫生间-17
 72
     1
 11
49319.51986406891
 21
-20340.93848436461
 31
0.0
100
AcDbText
 73
     2
  0
LWPOLYLINE
  5
3E1
330
17
100
AcDbEntity
  8
OUTER
100
AcDbPolyline
 90
        5
 70
     0
 43
0.0
 10
50027.04360463079
 20
-20635.41973436461
 10
50128.64360463078
 20
-20635.41973436461
 10
50128.64360463078
 20
-20046.45723436461
 10
50027.04360463079
 20
-20046.45723436461
 10
50027.04360463079
 20
-20635.41973436461
  0
TEXT
  5
3E2
330
17
100
AcDbEntity
  8
NUMBERS
100
AcDbText
 10
50019.0473083345
 20
-20348.77799053745
 30
0.0
 40
15.67901234567766
  1
C主人卫生间-18
 72
     1
 11
50077.84360463078
 21
-20340.93848436461
 31
0.0
100
AcDbText
 73
     2
  0
LWPOLYLINE
  5
3E3
330
17
100
AcDbEntity
  8
OUTER
100
AcDbPolyline
 90
        5
 70
     0
 43
0.0
 10
52916.61736880166
 20
-20635.41973436461
 10
53786.56736880166
 20
-20635.41973436461
 10
53786.56736880166
 20
-20046.45723436461
 10
52916.61736880166
 20
-20046.45723436461
 10
52916.61736880166
 20
-20635.41973436461
  0
TEXT
  5
3E4
330
17
100
AcDbEntity
  8
NUMBERS
100
AcDbText
 10
53051.59236880166
 20
-20380.93848436461
 30
0.0
 40
80.0
  1
C主人卫生间-19
 72
     1
 11
53351.59236880166
 21
-20340.93848436461
 31
0.0
100
AcDbText
 73
     2
  0
LWPOLYLINE
  5
3E5
330
17
100
AcDbEntity
  8
OUTER
100
AcDbPolyline
 90
        5
 70
     0
 43
0.0
 10
54059.11610936354
 20
-20635.41973436461
 10
54160.71610936353
 20
-20635.41973436461
 10
54160.71610936353
 20
-20046.45723436461
 10
54059.11610936354
 20
-20046.45723436461
 10
54059.11610936354
 20
-20635.41973436461
  0
TEXT
  5
3E6
330
17
100
AcDbEntity
  8
NUMBERS
100
AcDbText
 10
54049.8132287051
 20
-20348.77799053745
 30
0.0
 40
15.67901234567879
  1
C主人卫生间-20
 72
     1
 11
54109.91610936354
 21
-20340.93848436461
 31
0.0
100
AcDbText
 73
     2
  0
LWPOLYLINE
  5
3E7
330
17
100
AcDbEntity
  8
OUTER
100
AcDbPolyline
 90
        5
 70
     0
 43
0.0
 10
57032.51256252037
 20
-20611.42527000175
 10
57902.46256252037
 20
-20611.42527000175
 10
57902.46256252037
 20
-20022.46277000176
 10
57032.51256252037
 20
-20022.46277000176
 10
57032.51256252037
 20
-20611.42527000175
  0
TEXT
  5
3E8
330
17
100
AcDbEntity
  8
NUMBERS
100
AcDbText
 10
57167.48756252039
 20
-20356.94402000176
 30
0.0
 40
80.0
  1
C主人卫生间-21
 72
     1
 11
57467.48756252039
 21
-20316.94402000176
 31
0.0
100
AcDbText
 73
     2
  0
LWPOLYLINE
  5
3E9
330
17
100
AcDbEntity
  8
OUTER
100
AcDbPolyline
 90
        5
 70
     0
 43
0.0
 10
58175.01130308228
 20
-20611.42527000175
 10
58276.61130308227
 20
-20611.42527000175
 10
58276.61130308227
 20
-20022.46277000176
 10
58175.01130308228
 20
-20022.46277000176
 10
58175.01130308228
 20
-20611.42527000175
  0
TEXT
  5
3EA
330
17
100
AcDbEntity
  8
NUMBERS
100
AcDbText
 10
58164.40183806171
 20
-20324.7835261746
 30
0.0
 40
15.67901234567879
  1
C主人卫生间-22
 72
     1
 11
58225.81130308227
 21
-20316.94402000176
 31
0.0
100
AcDbText
 73
     2
  0
LWPOLYLINE
  5
3EB
330
17
100
AcDbEntity
  8
OUTER
100
AcDbPolyline
 90
        5
 70
     0
 43
0.0
 10
61311.36758695057
 20
-20611.42527000175
 10
62181.31758695058
 20
-20611.42527000175
 10
62181.31758695058
 20
-20022.46277000176
 10
61311.36758695057
 20
-20022.46277000176
 10
61311.36758695057
 20
-20611.42527000175
  0
TEXT
  5
3EC
330
17
100
AcDbEntity
  8
NUMBERS
100
AcDbText
 10
61433.00925361725
 20
-20356.94402000176
 30
0.0
 40
80.0
  1
C主人卫生间-23
 72
     1
 11
61746.34258695059
 21
-20316.94402000176
 31
0.0
100
AcDbText
 73
     2
  0
LWPOLYLINE
  5
3ED
330
17
100
AcDbEntity
  8
OUTER
100
AcDbPolyline
 90
        5
 70
     0
 43
0.0
 10
62453.86632751247
 20
-20611.42527000175
 10
62555.46632751247
 20
-20611.42527000175
 10
62555.46632751247
 20
-20022.46277000176
 10
62453.86632751247
 20
-20022.46277000176
 10
62453.86632751247
 20
-20611.42527000175
  0
TEXT
  5
3EE
330
17
100
AcDbEntity
  8
NUMBERS
100
AcDbText
 10
62443.2568624919
 20
-20324.7835261746
 30
0.0
 40
15.67901234567879
  1
C主人卫生间-24
 72
     1
 11
62504.66632751248
 21
-20316.94402000176
 31
0.0
100
AcDbText
 73
     2
  0
LWPOLYLINE
  5
3EF
330
17
100
AcDbEntity
  8
OUTER
100
AcDbPolyline
 90
        5
 70
     0
 43
0.0
 10
65935.98926020511
 20
-20611.42527000175
 10
66805.9392602051
 20
-20611.42527000175
 10
66805.9392602051
 20
-20022.46277000176
 10
65935.98926020511
 20
-20022.46277000176
 10
65935.98926020511
 20
-20611.42527000175
  0
TEXT
  5
3F0
330
17
100
AcDbEntity
  8
NUMBERS
100
AcDbText
 10
66057.63092687177
 20
-20356.94402000176
 30
0.0
 40
80.0
  1
C主人卫生间-25
 72
     1
 11
66370.9642602051
 21
-20316.94402000176
 31
0.0
100
AcDbText
 73
     2
  0
LWPOLYLINE
  5
3F1
330
17
100
AcDbEntity
  8
OUTER
100
AcDbPolyline
 90
        5
 70
     0
 43
0.0
 10
67078.488000767
 20
-20611.42527000175
 10
67180.08800076701
 20
-20611.42527000175
 10
67180.08800076701
 20
-20022.46277000176
 10
67078.488000767
 20
-20022.46277000176
 10
67078.488000767
 20
-20611.42527000175
  0
TEXT
  5
3F2
330
17
100
AcDbEntity
  8
NUMBERS
100
AcDbText
 10
67067.87853574642
 20
-20324.7835261746
 30
0.0
 40
15.67901234567991
  1
C主人卫生间-26
 72
     1
 11
67129.288000767
 21
-20316.94402000176
 31
0.0
100
AcDbText
 73
     2
  0
LWPOLYLINE
  5
3F3
330
17
100
AcDbEntity
  8
OUTER
100
AcDbPolyline
 90
        5
 70
     0
 43
0.0
 10
70336.45916138175
 20
-20575.84741171281
 10
71206.40916138174
 20
-20575.84741171281
 10
71206.40916138174
 20
-19986.88491171281
 10
70336.45916138175
 20
-19986.88491171281
 10
70336.45916138175
 20
-20575.84741171281
  0
TEXT
  5
3F4
330
17
100
AcDbEntity
  8
NUMBERS
100
AcDbText
 10
70458.10082804841
 20
-20321.36616171281
 30
0.0
 40
80.0
  1
C主人卫生间-27
 72
     1
 11
70771.43416138174
 21
-20281.36616171281
 31
0.0
100
AcDbText
 73
     2
  0
LWPOLYLINE
  5
3F5
330
17
100
AcDbEntity
  8
OUTER
100
AcDbPolyline
 90
        5
 70
     0
 43
0.0
 10
71478.95790194364
 20
-20575.84741171281
 10
71580.55790194363
 20
-20575.84741171281
 10
71580.55790194363
 20
-19986.88491171281
 10
71478.95790194364
 20
-19986.88491171281
 10
71478.95790194364
 20
-20575.84741171281
  0
TEXT
  5
3F6
330
17
100
AcDbEntity
  8
NUMBERS
100
AcDbText
 10
71468.34843692306
 20
-20289.20566788565
 30
0.0
 40
15.67901234567991
  1
C主人卫生间-28
 72
     1
 11
71529.75790194363
 21
-20281.36616171281
 31
0.0
100
AcDbText
 73
     2
  0
LWPOLYLINE
  5
3F7
330
17
100
AcDbEntity
  8
OUTER
100
AcDbPolyline
 90
        5
 70
     0
 43
0.0
 10
60759.7210595325
 20
-23409.64854174692
 10
61216.92105953251
 20
-23409.64854174692
 10
61216.92105953251
 20
-22765.12354174693
 10
60759.7210595325
 20
-22765.12354174693
 10
60759.7210595325
 20
-23409.64854174692
  0
TEXT
  5
3F8
330
17
100
AcDbEntity
  8
NUMBERS
100
AcDbText
 10
60711.97846693991
 20
-23122.6638195247
 30
0.0
 40
70.55555555555622
  1
C主人卫生间-29
 72
     1
 11
60988.32105953251
 21
-23087.38604174692
 31
0.0
100
AcDbText
 73
     2
  0
LWPOLYLINE
  5
3F9
330
17
100
AcDbEntity
  8
OUTER
100
AcDbPolyline
 90
        5
 70
     0
 43
0.0
 10
75178.95538319685
 20
-23409.64854174692
 10
75636.15538319685
 20
-23409.64854174692
 10
75636.15538319685
 20
-22765.12354174693
 10
75178.95538319685
 20
-22765.12354174693
 10
75178.95538319685
 20
-23409.64854174692
  0
TEXT
  5
3FA
330
17
100
AcDbEntity
  8
NUMBERS
100
AcDbText
 10
75137.09242023391
 20
-23122.66381952471
 30
0.0
 40
70.55555555555513
  1
C主人卫生间-30
 72
     1
 11
75407.55538319687
 21
-23087.38604174693
 31
0.0
100
AcDbText
 73
     2
  0
LWPOLYLINE
  5
3FB
330
17
100
AcDbEntity
  8
OUTER
100
AcDbPolyline
 90
        5
 70
     0
 43
0.0
 10
79395.63884346076
 20
-18560.8020730385
 10
81230.78884346078
 20
-18560.8020730385
 10
81230.78884346078
 20
-17916.27707303851
 10
79395.63884346076
 20
-17916.27707303851
 10
79395.63884346076
 20
-18560.8020730385
  0
TEXT
  5
3FC
330
17
100
AcDbEntity
  8
NUMBERS
100
AcDbText
 10
80119.88051012744
 20
-18278.5395730385
 30
0.0
 40
80.0
  1
C厨房-01
 72
     1
 11
80313.21384346078
 21
-18238.5395730385
 31
0.0
100
AcDbText
 73
     2
  0
LWPOLYLINE
  5
3FD
330
17
100
AcDbEntity
  8
OUTER
100
AcDbPolyline
 90
        5
 70
     0
 43
0.0
 10
81847.35011150648
 20
-18563.96200587841
 10
82304.55011150647
 20
-18563.96200587841
 10
82304.55011150647
 20
-17919.43700587842
 10
81847.35011150648
 20
-17919.43700587842
 10
81847.35011150648
 20
-18563.96200587841
  0
TEXT
  5
3FE
330
17
100
AcDbEntity
  8
NUMBERS
100
AcDbText
 10
81869.2834448398
 20
-18281.69950587842
 30
0.0
 40
80.0
  1
C厨房-02
 72
     1
 11
82075.95011150647
 21
-18241.69950587842
 31
0.0
100
AcDbText
 73
     2
  0
LWPOLYLINE
  5
3FF
330
17
100
AcDbEntity
  8
OUTER
100
AcDbPolyline
 90
        5
 70
     0
 43
0.0
 10
83427.71134819352
 20
-18560.8020730385
 10
85262.86134819352
 20
-18560.8020730385
 10
85262.86134819352
 20
-17916.27707303851
 10
83427.71134819352
 20
-17916.27707303851
 10
83427.71134819352
 20
-18560.8020730385
  0
TEXT
  5
400
330
17
100
AcDbEntity
  8
NUMBERS
100
AcDbText
 10
84138.61968152682
 20
-18278.5395730385
 30
0.0
 40
80.0
  1
C厨房-03
 72
     1
 11
84345.28634819349
 21
-18238.5395730385
 31
0.0
100
AcDbText
 73
     2
  0
LWPOLYLINE
  5
401
330
17
100
AcDbEntity
  8
OUTER
100
AcDbPolyline
 90
        5
 70
     0
 43
0.0
 10
85879.42261623924
 20
-18563.96200587841
 10
86336.62261623923
 20
-18563.96200587841
 10
86336.62261623923
 20
-17919.43700587842
 10
85879.42261623924
 20
-17919.43700587842
 10
85879.42261623924
 20
-18563.96200587841
  0
TEXT
  5
402
330
17
100
AcDbEntity
  8
NUMBERS
100
AcDbText
 10
85901.35594957256
 20
-18281.69950587842
 30
0.0
 40
80.0
  1
C厨房-04
 72
     1
 11
86108.02261623923
 21
-18241.69950587842
 31
0.0
100
AcDbText
 73
     2
  0
LWPOLYLINE
  5
403
330
17
100
AcDbEntity
  8
OUTER
100
AcDbPolyline
 90
        5
 70
     0
 43
0.0
 10
87543.60654191225
 20
-18536.80760867565
 10
89378.75654191223
 20
-18536.80760867565
 10
89378.75654191223
 20
-17892.28260867565
 10
87543.60654191225
 20
-17892.28260867565
 10
87543.60654191225
 20
-18536.80760867565
  0
TEXT
  5
404
330
17
100
AcDbEntity
  8
NUMBERS
100
AcDbText
 10
88254.51487524556
 20
-18254.54510867565
 30
0.0
 40
80.0
  1
C厨房-05
 72
     1
 11
88461.18154191223
 21
-18214.54510867565
 31
0.0
100
AcDbText
 73
     2
  0
LWPOLYLINE
  5
405
330
17
100
AcDbEntity
  8
OUTER
100
AcDbPolyline
 90
        5
 70
     0
 43
0.0
 10
89995.31780995795
 20
-18539.96754151556
 10
90452.51780995794
 20
-18539.96754151556
 10
90452.51780995794
 20
-17895.44254151557
 10
89995.31780995795
 20
-17895.44254151557
 10
89995.31780995795
 20
-18539.96754151556
  0
TEXT
  5
406
330
17
100
AcDbEntity
  8
NUMBERS
100
AcDbText
 10
90017.25114329126
 20
-18257.70504151557
 30
0.0
 40
80.0
  1
C厨房-06
 72
     1
 11
90223.91780995793
 21
-18217.70504151557
 31
0.0
100
AcDbText
 73
     2
  0
LWPOLYLINE
  5
407
330
17
100
AcDbEntity
  8
OUTER
100
AcDbPolyline
 90
        5
 70
     0
 43
0.0
 10
91822.46156634246
 20
-18536.80760867565
 10
93657.61156634246
 20
-18536.80760867565
 10
93657.61156634246
 20
-17892.28260867565
 10
91822.46156634246
 20
-17892.28260867565
 10
91822.46156634246
 20
-18536.80760867565
  0
TEXT
  5
408
330
17
100
AcDbEntity
  8
NUMBERS
100
AcDbText
 10
92533.3698996758
 20
-18254.54510867565
 30
0.0
 40
80.0
  1
C厨房-07
 72
     1
 11
92740.03656634247
 21
-18214.54510867565
 31
0.0
100
AcDbText
 73
     2
  0
LWPOLYLINE
  5
409
330
17
100
AcDbEntity
  8
OUTER
100
AcDbPolyline
 90
        5
 70
     0
 43
0.0
 10
94274.17283438817
 20
-18539.96754151556
 10
94731.37283438816
 20
-18539.96754151556
 10
94731.37283438816
 20
-17895.44254151557
 10
94274.17283438817
 20
-17895.44254151557
 10
94274.17283438817
 20
-18539.96754151556
  0
TEXT
  5
40A
330
17
100
AcDbEntity
  8
NUMBERS
100
AcDbText
 10
94296.1061677215
 20
-18257.70504151557
 30
0.0
 40
80.0
  1
C厨房-08
 72
     1
 11
94502.77283438817
 21
-18217.70504151557
 31
0.0
100
AcDbText
 73
     2
  0
LWPOLYLINE
  5
40B
330
17
100
AcDbEntity
  8
OUTER
100
AcDbPolyline
 90
        5
 70
     0
 43
0.0
 10
96447.08323959696
 20
-18536.80760867565
 10
98282.23323959699
 20
-18536.80760867565
 10
98282.23323959699
 20
-17892.28260867565
 10
96447.08323959696
 20
-17892.28260867565
 10
96447.08323959696
 20
-18536.80760867565
  0
TEXT
  5
40C
330
17
100
AcDbEntity
  8
NUMBERS
100
AcDbText
 10
97157.99157293028
 20
-18254.54510867565
 30
0.0
 40
80.0
  1
C厨房-09
 72
     1
 11
97364.65823959695
 21
-18214.54510867565
 31
0.0
100
AcDbText
 73
     2
  0
LWPOLYLINE
  5
40D
330
17
100
AcDbEntity
  8
OUTER
100
AcDbPolyline
 90
        5
 70
     0
 43
0.0
 10
98898.79450764267
 20
-18539.96754151556
 10
99355.99450764268
 20
-18539.96754151556
 10
99355.99450764268
 20
-17895.44254151557
 10
98898.79450764267
 20
-17895.44254151557
 10
98898.79450764267
 20
-18539.96754151556
  0
TEXT
  5
40E
330
17
100
AcDbEntity
  8
NUMBERS
100
AcDbText
 10
98934.06117430934
 20
-18257.70504151557
 30
0.0
 40
80.0
  1
C厨房-10
 72
     1
 11
99127.39450764268
 21
-18217.70504151557
 31
0.0
100
AcDbText
 73
     2
  0
LWPOLYLINE
  5
40F
330
17
100
AcDbEntity
  8
OUTER
100
AcDbPolyline
 90
        5
 70
     0
 43
0.0
 10
100847.5531407736
 20
-18501.2297503867
 10
102682.7031407736
 20
-18501.2297503867
 10
102682.7031407736
 20
-17856.7047503867
 10
100847.5531407736
 20
-17856.7047503867
 10
100847.5531407736
 20
-18501.2297503867
  0
TEXT
  5
410
330
17
100
AcDbEntity
  8
NUMBERS
100
AcDbText
 10
101578.4614741069
 20
-18218.9672503867
 30
0.0
 40
80.0
  1
C厨房-11
 72
     1
 11
101765.1281407736
 21
-18178.9672503867
 31
0.0
100
AcDbText
 73
     2
  0
LWPOLYLINE
  5
411
330
17
100
AcDbEntity
  8
OUTER
100
AcDbPolyline
 90
        5
 70
     0
 43
0.0
 10
103299.2644088193
 20
-18504.3896832266
 10
103756.4644088193
 20
-18504.3896832266
 10
103756.4644088193
 20
-17859.86468322662
 10
103299.2644088193
 20
-17859.86468322662
 10
103299.2644088193
 20
-18504.3896832266
  0
TEXT
  5
412
330
17
100
AcDbEntity
  8
NUMBERS
100
AcDbText
 10
103327.8644088193
 20
-18222.12718322662
 30
0.0
 40
80.0
  1
C厨房-12
 72
     1
 11
103527.8644088193
 21
-18182.12718322661
 31
0.0
100
AcDbText
 73
     2
  0
LWPOLYLINE
  5
413
330
17
100
AcDbEntity
  8
OUTER
100
AcDbPolyline
 90
        5
 70
     0
 43
0.0
 10
44791.4680155675
 20
-18895.73561623129
 10
46626.61801556751
 20
-18895.73561623129
 10
46626.61801556751
 20
-18251.21061623131
 10
44791.4680155675
 20
-18251.21061623131
 10
44791.4680155675
 20
-18895.73561623129
  0
TEXT
  5
414
330
17
100
AcDbEntity
  8
NUMBERS
100
AcDbText
 10
45509.04301556752
 20
-18613.4731162313
 30
0.0
 40
80.0
  1
C厨房-13
 72
     1
 11
45709.04301556752
 21
-18573.4731162313
 31
0.0
100
AcDbText
 73
     2
  0
LWPOLYLINE
  5
415
330
17
100
AcDbEntity
  8
OUTER
100
AcDbPolyline
 90
        5
 70
     0
 43
0.0
 10
47243.17928361322
 20
-18898.89554907122
 10
47700.37928361322
 20
-18898.89554907122
 10
47700.37928361322
 20
-18254.37054907123
 10
47243.17928361322
 20
-18254.37054907123
 10
47243.17928361322
 20
-18898.89554907122
  0
TEXT
  5
416
330
17
100
AcDbEntity
  8
NUMBERS
100
AcDbText
 10
47271.77928361323
 20
-18616.63304907122
 30
0.0
 40
80.0
  1
C厨房-14
 72
     1
 11
47471.77928361323
 21
-18576.63304907122
 31
0.0
100
AcDbText
 73
     2
  0
LWPOLYLINE
  5
417
330
17
100
AcDbEntity
  8
OUTER
100
AcDbPolyline
 90
        5
 70
     0
 43
0.0
 10
48793.85035493053
 20
-18855.2833230385
 10
50629.00035493052
 20
-18855.2833230385
 10
50629.00035493052
 20
-18210.75832303852
 10
48793.85035493053
 20
-18210.75832303852
 10
48793.85035493053
 20
-18855.2833230385
  0
TEXT
  5
418
330
17
100
AcDbEntity
  8
NUMBERS
100
AcDbText
 10
49511.42535493053
 20
-18573.02082303851
 30
0.0
 40
80.0
  1
C厨房-15
 72
     1
 11
49711.42535493052
 21
-18533.02082303851
 31
0.0
100
AcDbText
 73
     2
  0
LWPOLYLINE
  5
419
330
17
100
AcDbEntity
  8
OUTER
100
AcDbPolyline
 90
        5
 70
     0
 43
0.0
 10
51245.56162297624
 20
-18858.44325587843
 10
51702.76162297622
 20
-18858.44325587843
 10
51702.76162297622
 20
-18213.91825587843
 10
51245.56162297624
 20
-18213.91825587843
 10
51245.56162297624
 20
-18858.44325587843
  0
TEXT
  5
41A
330
17
100
AcDbEntity
  8
NUMBERS
100
AcDbText
 10
51274.16162297623
 20
-18576.18075587843
 30
0.0
 40
80.0
  1
C厨房-16
 72
     1
 11
51474.16162297623
 21
-18536.18075587843
 31
0.0
100
AcDbText
 73
     2
  0
LWPOLYLINE
  5
41B
330
17
100
AcDbEntity
  8
OUTER
100
AcDbPolyline
 90
        5
 70
     0
 43
0.0
 10
52825.92285966329
 20
-18855.2833230385
 10
54661.07285966329
 20
-18855.2833230385
 10
54661.07285966329
 20
-18210.75832303852
 10
52825.92285966329
 20
-18210.75832303852
 10
52825.92285966329
 20
-18855.2833230385
  0
TEXT
  5
41C
330
17
100
AcDbEntity
  8
NUMBERS
100
AcDbText
 10
53543.49785966329
 20
-18573.02082303851
 30
0.0
 40
80.0
  1
C厨房-17
 72
     1
 11
53743.49785966329
 21
-18533.02082303851
 31
0.0
100
AcDbText
 73
     2
  0
LWPOLYLINE
  5
41D
330
17
100
AcDbEntity
  8
OUTER
100
AcDbPolyline
 90
        5
 70
     0
 43
0.0
 10
55277.63412770898
 20
-18858.44325587843
 10
55734.83412770898
 20
-18858.44325587843
 10
55734.83412770898
 20
-18213.91825587843
 10
55277.63412770898
 20
-18213.91825587843
 10
55277.63412770898
 20
-18858.44325587843
  0
TEXT
  5
41E
330
17
100
AcDbEntity
  8
NUMBERS
100
AcDbText
 10
55306.23412770898
 20
-18576.18075587843
 30
0.0
 40
80.0
  1
C厨房-18
 72
     1
 11
55506.23412770899
 21
-18536.18075587842
 31
0.0
100
AcDbText
 73
     2
  0
LWPOLYLINE
  5
41F
330
17
100
AcDbEntity
  8
OUTER
100
AcDbPolyline
 90
        5
 70
     0
 43
0.0
 10
56941.81805338201
 20
-18831.28885867566
 10
58776.96805338201
 20
-18831.28885867566
 10
58776.96805338201
 20
-18186.76385867567
 10
56941.81805338201
 20
-18186.76385867567
 10
56941.81805338201
 20
-18831.28885867566
  0
TEXT
  5
420
330
17
100
AcDbEntity
  8
NUMBERS
100
AcDbText
 10
57659.393053382
 20
-18549.02635867566
 30
0.0
 40
80.0
  1
C厨房-19
 72
     1
 11
57859.393053382
 21
-18509.02635867566
 31
0.0
100
AcDbText
 73
     2
  0
LWPOLYLINE
  5
421
330
17
100
AcDbEntity
  8
OUTER
100
AcDbPolyline
 90
        5
 70
     0
 43
0.0
 10
59393.52932142773
 20
-18834.44879151557
 10
59850.72932142771
 20
-18834.44879151557
 10
59850.72932142771
 20
-18189.92379151558
 10
59393.52932142773
 20
-18189.92379151558
 10
59393.52932142773
 20
-18834.44879151557
  0
TEXT
  5
422
330
17
100
AcDbEntity
  8
NUMBERS
100
AcDbText
 10
59415.46265476105
 20
-18552.18629151558
 30
0.0
 40
80.0
  1
C厨房-20
 72
     1
 11
59622.12932142771
 21
-18512.18629151557
 31
0.0
100
AcDbText
 73
     2
  0
LWPOLYLINE
  5
423
330
17
100
AcDbEntity
  8
OUTER
100
AcDbPolyline
 90
        5
 70
     0
 43
0.0
 10
61220.67307781221
 20
-18831.28885867566
 10
63055.82307781222
 20
-18831.28885867566
 10
63055.82307781222
 20
-18186.76385867567
 10
61220.67307781221
 20
-18186.76385867567
 10
61220.67307781221
 20
-18831.28885867566
  0
TEXT
  5
424
330
17
100
AcDbEntity
  8
NUMBERS
100
AcDbText
 10
61938.24807781222
 20
-18549.02635867566
 30
0.0
 40
80.0
  1
C厨房-21
 72
     1
 11
62138.24807781222
 21
-18509.02635867566
 31
0.0
100
AcDbText
 73
     2
  0
LWPOLYLINE
  5
425
330
17
100
AcDbEntity
  8
OUTER
100
AcDbPolyline
 90
        5
 70
     0
 43
0.0
 10
65845.29475106674
 20
-18831.28885867566
 10
67680.44475106675
 20
-18831.28885867566
 10
67680.44475106675
 20
-18186.76385867567
 10
65845.29475106674
 20
-18186.76385867567
 10
65845.29475106674
 20
-18831.28885867566
  0
TEXT
  5
426
330
17
100
AcDbEntity
  8
NUMBERS
100
AcDbText
 10
66549.53641773342
 20
-18549.02635867566
 30
0.0
 40
80.0
  1
C厨房-22
 72
     1
 11
66762.86975106675
 21
-18509.02635867566
 31
0.0
100
AcDbText
 73
     2
  0
LWPOLYLINE
  5
427
330
17
100
AcDbEntity
  8
OUTER
100
AcDbPolyline
 90
        5
 70
     0
 43
0.0
 10
70245.76465224336
 20
-18795.71100038671
 10
72080.91465224339
 20
-18795.71100038671
 10
72080.91465224339
 20
-18151.18600038672
 10
70245.76465224336
 20
-18151.18600038672
 10
70245.76465224336
 20
-18795.71100038671
  0
TEXT
  5
428
330
17
100
AcDbEntity
  8
NUMBERS
100
AcDbText
 10
70950.00631891005
 20
-18513.44850038672
 30
0.0
 40
80.0
  1
C厨房-23
 72
     1
 11
71163.33965224337
 21
-18473.44850038672
 31
0.0
100
AcDbText
 73
     2
  0
LWPOLYLINE
  5
429
330
17
100
AcDbEntity
  8
OUTER
100
AcDbPolyline
 90
        5
 70
     0
 43
0.0
 10
75393.25650409775
 20
-18601.2543662313
 10
77228.40650409776
 20
-18601.2543662313
 10
77228.40650409776
 20
-17956.7293662313
 10
75393.25650409775
 20
-17956.7293662313
 10
75393.25650409775
 20
-18601.2543662313
  0
TEXT
  5
42A
330
17
100
AcDbEntity
  8
NUMBERS
100
AcDbText
 10
76097.49817076441
 20
-18318.99186623131
 30
0.0
 40
80.0
  1
C厨房-24
 72
     1
 11
76310.83150409774
 21
-18278.99186623131
 31
0.0
100
AcDbText
 73
     2
  0
LWPOLYLINE
  5
42B
330
17
100
AcDbEntity
  8
OUTER
100
AcDbPolyline
 90
        5
 70
     0
 43
0.0
 10
77844.96777214347
 20
-18604.41429907121
 10
78302.16777214345
 20
-18604.41429907121
 10
78302.16777214345
 20
-17959.88929907122
 10
77844.96777214347
 20
-17959.88929907122
 10
77844.96777214347
 20
-18604.41429907121
  0
TEXT
  5
42C
330
17
100
AcDbEntity
  8
NUMBERS
100
AcDbText
 10
77860.23443881013
 20
-18322.15179907121
 30
0.0
 40
80.0
  1
C厨房-25
 72
     1
 11
78073.56777214346
 21
-18282.15179907121
 31
0.0
100
AcDbText
 73
     2
  0
LWPOLYLINE
  5
42D
330
17
100
AcDbEntity
  8
OUTER
100
AcDbPolyline
 90
        5
 70
     0
 43
0.0
 10
70336.45916138175
 20
-19790.99951570816
 10
71206.40916138174
 20
-19790.99951570816
 10
71206.40916138174
 20
-19689.39951570814
 10
70336.45916138175
 20
-19689.39951570814
 10
70336.45916138175
 20
-19790.99951570816
  0
TEXT
  5
42E
330
17
100
AcDbEntity
  8
NUMBERS
100
AcDbText
 10
70691.43416138174
 20
-19755.19951570816
 30
0.0
 40
30.0
  1
C厨房-26
 72
     1
 11
70771.43416138174
 21
-19740.19951570816
 31
0.0
100
AcDbText
 73
     2
  0
LWPOLYLINE
  5
42F
330
17
100
AcDbEntity
  8
OUTER
100
AcDbPolyline
 90
        5
 70
     0
 43
0.0
 10
75483.95101323611
 20
-19596.54288155275
 10
76353.90101323611
 20
-19596.54288155275
 10
76353.90101323611
 20
-19494.94288155275
 10
75483.95101323611
 20
-19494.94288155275
 10
75483.95101323611
 20
-19596.54288155275
  0
TEXT
  5
430
330
17
100
AcDbEntity
  8
NUMBERS
100
AcDbText
 10
75838.92601323612
 20
-19560.74288155276
 30
0.0
 40
30.0
  1
C厨房-27
 72
     1
 11
75918.92601323612
 21
-19545.74288155276
 31
0.0
100
AcDbText
 73
     2
  0
LWPOLYLINE
  5
431
330
17
100
AcDbEntity
  8
OUTER
100
AcDbPolyline
 90
        5
 70
     0
 43
0.0
 10
79486.33335259912
 20
-19556.09058835995
 10
80356.28335259911
 20
-19556.09058835995
 10
80356.28335259911
 20
-19454.49058835995
 10
79486.33335259912
 20
-19454.49058835995
 10
79486.33335259912
 20
-19556.09058835995
  0
TEXT
  5
432
330
17
100
AcDbEntity
  8
NUMBERS
100
AcDbText
 10
79841.30835259914
 20
-19520.29058835995
 30
0.0
 40
30.0
  1
C厨房-28
 72
     1
 11
79921.30835259914
 21
-19505.29058835995
 31
0.0
100
AcDbText
 73
     2
  0
LWPOLYLINE
  5
433
330
17
100
AcDbEntity
  8
OUTER
100
AcDbPolyline
 90
        5
 70
     0
 43
0.0
 10
83518.40585733189
 20
-19556.09058835995
 10
84388.35585733189
 20
-19556.09058835995
 10
84388.35585733189
 20
-19454.49058835995
 10
83518.40585733189
 20
-19454.49058835995
 10
83518.40585733189
 20
-19556.09058835995
  0
TEXT
  5
434
330
17
100
AcDbEntity
  8
NUMBERS
100
AcDbText
 10
83873.38085733189
 20
-19520.29058835995
 30
0.0
 40
30.0
  1
C厨房-29
 72
     1
 11
83953.38085733188
 21
-19505.29058835995
 31
0.0
100
AcDbText
 73
     2
  0
LWPOLYLINE
  5
435
330
17
100
AcDbEntity
  8
OUTER
100
AcDbPolyline
 90
        5
 70
     0
 43
0.0
 10
87634.30105105062
 20
-19532.09612399709
 10
88504.25105105061
 20
-19532.09612399709
 10
88504.25105105061
 20
-19430.4961239971
 10
87634.30105105062
 20
-19430.4961239971
 10
87634.30105105062
 20
-19532.09612399709
  0
TEXT
  5
436
330
17
100
AcDbEntity
  8
NUMBERS
100
AcDbText
 10
87991.77605105059
 20
-19496.29612399709
 30
0.0
 40
30.0
  1
C厨房-30
 72
     1
 11
88069.27605105059
 21
-19481.29612399709
 31
0.0
100
AcDbText
 73
     2
  0
LWPOLYLINE
  5
437
330
17
100
AcDbEntity
  8
OUTER
100
AcDbPolyline
 90
        5
 70
     0
 43
0.0
 10
91913.15607548082
 20
-19532.09612399709
 10
92783.1060754808
 20
-19532.09612399709
 10
92783.1060754808
 20
-19430.4961239971
 10
91913.15607548082
 20
-19430.4961239971
 10
91913.15607548082
 20
-19532.09612399709
  0
TEXT
  5
438
330
17
100
AcDbEntity
  8
NUMBERS
100
AcDbText
 10
92273.13107548081
 20
-19496.29612399709
 30
0.0
 40
30.0
  1
C厨房-31
 72
     1
 11
92348.13107548081
 21
-19481.29612399709
 31
0.0
100
AcDbText
 73
     2
  0
LWPOLYLINE
  5
439
330
17
100
AcDbEntity
  8
OUTER
100
AcDbPolyline
 90
        5
 70
     0
 43
0.0
 10
96537.77774873537
 20
-19532.09612399709
 10
97407.72774873533
 20
-19532.09612399709
 10
97407.72774873533
 20
-19430.4961239971
 10
96537.77774873537
 20
-19430.4961239971
 10
96537.77774873537
 20
-19532.09612399709
  0
TEXT
  5
43A
330
17
100
AcDbEntity
  8
NUMBERS
100
AcDbText
 10
96892.75274873534
 20
-19496.2961239971
 30
0.0
 40
30.0
  1
C厨房-32
 72
     1
 11
96972.75274873534
 21
-19481.2961239971
 31
0.0
100
AcDbText
 73
     2
  0
LWPOLYLINE
  5
43B
330
17
100
AcDbEntity
  8
OUTER
100
AcDbPolyline
 90
        5
 70
     0
 43
0.0
 10
100938.247649912
 20
-19496.51826570814
 10
101808.197649912
 20
-19496.51826570814
 10
101808.197649912
 20
-19394.91826570815
 10
100938.247649912
 20
-19394.91826570815
 10
100938.247649912
 20
-19496.51826570814
  0
TEXT
  5
43C
330
17
100
AcDbEntity
  8
NUMBERS
100
AcDbText
 10
101293.222649912
 20
-19460.71826570815
 30
0.0
 40
30.0
  1
C厨房-33
 72
     1
 11
101373.222649912
 21
-19445.71826570814
 31
0.0
100
AcDbText
 73
     2
  0
LWPOLYLINE
  5
43D
330
17
100
AcDbEntity
  8
OUTER
100
AcDbPolyline
 90
        5
 70
     0
 43
0.0
 10
44882.16252470587
 20
-19891.02413155275
 10
45752.11252470587
 20
-19891.02413155275
 10
45752.11252470587
 20
-19789.42413155276
 10
44882.16252470587
 20
-19789.42413155276
 10
44882.16252470587
 20
-19891.02413155275
  0
TEXT
  5
43E
330
17
100
AcDbEntity
  8
NUMBERS
100
AcDbText
 10
45237.13752470588
 20
-19855.22413155275
 30
0.0
 40
30.0
  1
C厨房-34
 72
     1
 11
45317.13752470588
 21
-19840.22413155275
 31
0.0
100
AcDbText
 73
     2
  0
LWPOLYLINE
  5
43F
330
17
100
AcDbEntity
  8
OUTER
100
AcDbPolyline
 90
        5
 70
     0
 43
0.0
 10
48884.5448640689
 20
-19850.57183835996
 10
49754.4948640689
 20
-19850.57183835996
 10
49754.4948640689
 20
-19748.97183835995
 10
48884.5448640689
 20
-19748.97183835995
 10
48884.5448640689
 20
-19850.57183835996
  0
TEXT
  5
440
330
17
100
AcDbEntity
  8
NUMBERS
100
AcDbText
 10
49239.5198640689
 20
-19814.77183835995
 30
0.0
 40
30.0
  1
C厨房-35
 72
     1
 11
49319.5198640689
 21
-19799.77183835996
 31
0.0
100
AcDbText
 73
     2
  0
LWPOLYLINE
  5
441
330
17
100
AcDbEntity
  8
OUTER
100
AcDbPolyline
 90
        5
 70
     0
 43
0.0
 10
52916.61736880166
 20
-19850.57183835996
 10
53786.56736880166
 20
-19850.57183835996
 10
53786.56736880166
 20
-19748.97183835995
 10
52916.61736880166
 20
-19748.97183835995
 10
52916.61736880166
 20
-19850.57183835996
  0
TEXT
  5
442
330
17
100
AcDbEntity
  8
NUMBERS
100
AcDbText
 10
53271.59236880166
 20
-19814.77183835995
 30
0.0
 40
30.0
  1
C厨房-36
 72
     1
 11
53351.59236880166
 21
-19799.77183835996
 31
0.0
100
AcDbText
 73
     2
  0
LWPOLYLINE
  5
443
330
17
100
AcDbEntity
  8
OUTER
100
AcDbPolyline
 90
        5
 70
     0
 43
0.0
 10
57032.51256252037
 20
-19826.5773739971
 10
57902.46256252037
 20
-19826.5773739971
 10
57902.46256252037
 20
-19724.9773739971
 10
57032.51256252037
 20
-19724.9773739971
 10
57032.51256252037
 20
-19826.5773739971
  0
TEXT
  5
444
330
17
100
AcDbEntity
  8
NUMBERS
100
AcDbText
 10
57387.48756252039
 20
-19790.7773739971
 30
0.0
 40
30.0
  1
C厨房-37
 72
     1
 11
57467.48756252039
 21
-19775.7773739971
 31
0.0
100
AcDbText
 73
     2
  0
LWPOLYLINE
  5
445
330
17
100
AcDbEntity
  8
OUTER
100
AcDbPolyline
 90
        5
 70
     0
 43
0.0
 10
61311.36758695057
 20
-19826.5773739971
 10
62181.31758695058
 20
-19826.5773739971
 10
62181.31758695058
 20
-19724.9773739971
 10
61311.36758695057
 20
-19724.9773739971
 10
61311.36758695057
 20
-19826.5773739971
  0
TEXT
  5
446
330
17
100
AcDbEntity
  8
NUMBERS
100
AcDbText
 10
61666.34258695057
 20
-19790.7773739971
 30
0.0
 40
30.0
  1
C厨房-38
 72
     1
 11
61746.34258695057
 21
-19775.7773739971
 31
0.0
100
AcDbText
 73
     2
  0
LWPOLYLINE
  5
447
330
17
100
AcDbEntity
  8
OUTER
100
AcDbPolyline
 90
        5
 70
     0
 43
0.0
 10
65935.98926020511
 20
-19826.5773739971
 10
66805.9392602051
 20
-19826.5773739971
 10
66805.9392602051
 20
-19724.9773739971
 10
65935.98926020511
 20
-19724.9773739971
 10
65935.98926020511
 20
-19826.5773739971
  0
TEXT
  5
448
330
17
100
AcDbEntity
  8
NUMBERS
100
AcDbText
 10
66290.96426020509
 20
-19790.7773739971
 30
0.0
 40
30.0
  1
C厨房-39
 72
     1
 11
66370.96426020509
 21
-19775.7773739971
 31
0.0
100
AcDbText
 73
     2
  0
LWPOLYLINE
  5
449
330
17
100
AcDbEntity
  8
OUTER
100
AcDbPolyline
 90
        5
 70
     0
 43
0.0
 10
44377.47277813374
 20
21790.24528592912
 10
45399.82277813374
 20
21790.24528592912
 10
45399.82277813374
 20
21891.8452859291
 10
44377.47277813374
 20
21891.8452859291
 10
44377.47277813374
 20
21790.24528592912
  0
TEXT
  5
44A
330
17
100
AcDbEntity
  8
NUMBERS
100
AcDbText
 10
44793.64777813375
 20
21826.04528592911
 30
0.0
 40
30.0
  1
D1卫生间-01
 72
     1
 11
44888.64777813375
 21
21841.04528592911
 31
0.0
100
AcDbText
 73
     2
  0
LWPOLYLINE
  5
44B
330
17
100
AcDbEntity
  8
OUTER
100
AcDbPolyline
 90
        5
 70
     0
 43
0.0
 10
44375.13141540248
 20
21002.52246840519
 10
45397.48141540249
 20
21002.52246840519
 10
45397.48141540249
 20
21591.48496840522
 10
44375.13141540248
 20
21591.48496840522
 10
44375.13141540248
 20
21002.52246840519
  0
TEXT
  5
44C
330
17
100
AcDbEntity
  8
NUMBERS
100
AcDbText
 10
44619.63974873582
 20
21257.00371840521
 30
0.0
 40
80.0
  1
D1卫生间-02
 72
     1
 11
44886.30641540249
 21
21297.00371840521
 31
0.0
100
AcDbText
 73
     2
  0
LWPOLYLINE
  5
44D
330
17
100
AcDbEntity
  8
OUTER
100
AcDbPolyline
 90
        5
 70
     0
 43
0.0
 10
45602.47976297738
 20
21004.73122206452
 10
45704.07976297738
 20
21004.73122206452
 10
45704.07976297738
 20
21593.69372206455
 10
45602.47976297738
 20
21593.69372206455
 10
45602.47976297738
 20
21004.73122206452
  0
TEXT
  5
44E
330
17
100
AcDbEntity
  8
NUMBERS
100
AcDbText
 10
45594.48346668109
 20
21290.39302762009
 30
0.0
 40
17.63888888888863
  1
D1卫生间-03
 72
     1
 11
45653.27976297738
 21
21299.21247206454
 31
0.0
100
AcDbText
 73
     2
  0
LWPOLYLINE
  5
44F
330
17
100
AcDbEntity
  8
OUTER
100
AcDbPolyline
 90
        5
 70
     0
 43
0.0
 10
44524.56537917709
 20
20454.55753196368
 10
45318.31537917708
 20
20454.55753196368
 10
45318.31537917708
 20
20556.15753196369
 10
44524.56537917709
 20
20556.15753196369
 10
44524.56537917709
 20
20454.55753196368
  0
TEXT
  5
450
330
17
100
AcDbEntity
  8
NUMBERS
100
AcDbText
 10
44821.44037917707
 20
20490.35753196369
 30
0.0
 40
30.0
  1
D1卫生间-04
 72
     1
 11
44921.44037917708
 21
20505.35753196369
 31
0.0
100
AcDbText
 73
     2
  0
LWPOLYLINE
  5
451
330
17
100
AcDbEntity
  8
OUTER
100
AcDbPolyline
 90
        5
 70
     0
 43
0.0
 10
44524.56537917709
 20
19718.59174220179
 10
45318.31537917708
 20
19718.59174220179
 10
45318.31537917708
 20
20307.55424220179
 10
44524.56537917709
 20
20307.55424220179
 10
44524.56537917709
 20
19718.59174220179
  0
TEXT
  5
452
330
17
100
AcDbEntity
  8
NUMBERS
100
AcDbText
 10
44654.77371251042
 20
19973.07299220179
 30
0.0
 40
80.0
  1
D1卫生间-05
 72
     1
 11
44921.44037917708
 21
20013.07299220179
 31
0.0
100
AcDbText
 73
     2
  0
LWPOLYLINE
  5
453
330
17
100
AcDbEntity
  8
OUTER
100
AcDbPolyline
 90
        5
 70
     0
 43
0.0
 10
45572.21933770724
 20
19686.60187116603
 10
45673.81933770724
 20
19686.60187116603
 10
45673.81933770724
 20
20275.56437116605
 10
45572.21933770724
 20
20275.56437116605
 10
45572.21933770724
 20
19686.60187116603
  0
TEXT
  5
454
330
17
100
AcDbEntity
  8
NUMBERS
100
AcDbText
 10
45564.22304141094
 20
19972.26367672159
 30
0.0
 40
17.6388888888899
  1
D1卫生间-06
 72
     1
 11
45623.01933770724
 21
19981.08312116604
 31
0.0
100
AcDbText
 73
     2
  0
LWPOLYLINE
  5
455
330
17
100
AcDbEntity
  8
OUTER
100
AcDbPolyline
 90
        9
 70
     0
 43
0.0
 10
47119.71682075799
 20
18520.32641164309
 10
47119.71682075799
 20
21593.72641164309
 10
47119.71682075801
 20
21615.9514116431
 10
46475.19182075799
 20
21615.9514116431
 10
46475.19182075799
 20
21593.72641164309
 10
46475.19182075799
 20
19164.85141164309
 10
45873.52932075799
 20
19164.85141164309
 10
45873.52932075799
 20
18520.32641164309
 10
47119.71682075799
 20
18520.32641164309
  0
TEXT
  5
456
330
17
100
AcDbEntity
  8
NUMBERS
100
AcDbText
 10
46429.39111856104
 20
19828.70419717337
 30
0.0
 40
80.0
  1
D1卫生间-07
 72
     1
 11
46696.05778522771
 21
19868.70419717337
 31
0.0
100
AcDbText
 73
     2
  0
LWPOLYLINE
  5
457
330
17
100
AcDbEntity
  8
OUTER
100
AcDbPolyline
 90
        5
 70
     0
 43
0.0
 10
44843.45909123883
 20
18516.23856662591
 10
45300.65909123883
 20
18516.23856662591
 10
45300.65909123883
 20
19160.76356662591
 10
44843.45909123883
 20
19160.76356662591
 10
44843.45909123883
 20
18516.23856662591
  0
TEXT
  5
458
330
17
100
AcDbEntity
  8
NUMBERS
100
AcDbText
 10
44852.05909123883
 20
18798.50106662592
 30
0.0
 40
80.0
  1
D1厨房-01
 72
     1
 11
45072.05909123882
 21
18838.50106662592
 31
0.0
100
AcDbText
 73
     2
  0
LWPOLYLINE
  5
459
330
17
100
AcDbEntity
  8
OUTER
100
AcDbPolyline
 90
        5
 70
     0
 43
0.0
 10
55074.30466454112
 20
-61001.87696344043
 10
55531.5046645411
 20
-61001.87696344043
 10
55531.5046645411
 20
-60357.35196344043
 10
55074.30466454112
 20
-60357.35196344043
 10
55074.30466454112
 20
-61001.87696344043
  0
TEXT
  5
45A
330
17
100
AcDbEntity
  8
NUMBERS
100
AcDbText
 10
55076.23799787443
 20
-60719.61446344042
 30
0.0
 40
80.0
  1
D卫生间-01
 72
     1
 11
55302.90466454109
 21
-60679.61446344042
 31
0.0
100
AcDbText
 73
     2
  0
LWPOLYLINE
  5
45B
330
17
100
AcDbEntity
  8
OUTER
100
AcDbPolyline
 90
        5
 70
     0
 43
0.0
 10
59844.29956123682
 20
-61001.87696344043
 10
60301.49956123683
 20
-61001.87696344043
 10
60301.49956123683
 20
-60357.35196344043
 10
59844.29956123682
 20
-60357.35196344043
 10
59844.29956123682
 20
-61001.87696344043
  0
TEXT
  5
45C
330
17
100
AcDbEntity
  8
NUMBERS
100
AcDbText
 10
59832.89956123681
 20
-60719.61446344042
 30
0.0
 40
80.0
  1
D卫生间-02
 72
     1
 11
60072.89956123681
 21
-60679.61446344042
 31
0.0
100
AcDbText
 73
     2
  0
LWPOLYLINE
  5
45D
330
17
100
AcDbEntity
  8
OUTER
100
AcDbPolyline
 90
        5
 70
     0
 43
0.0
 10
64690.61467476173
 20
-61001.87696344043
 10
65147.81467476173
 20
-61001.87696344043
 10
65147.81467476173
 20
-60357.35196344043
 10
64690.61467476173
 20
-60357.35196344043
 10
64690.61467476173
 20
-61001.87696344043
  0
TEXT
  5
45E
330
17
100
AcDbEntity
  8
NUMBERS
100
AcDbText
 10
64679.21467476172
 20
-60719.61446344044
 30
0.0
 40
80.0
  1
D卫生间-03
 72
     1
 11
64919.21467476172
 21
-60679.61446344044
 31
0.0
100
AcDbText
 73
     2
  0
LWPOLYLINE
  5
45F
330
17
100
AcDbEntity
  8
OUTER
100
AcDbPolyline
 90
        5
 70
     0
 43
0.0
 10
45867.8107865434
 20
-61635.4482251419
 10
46661.56078654339
 20
-61635.4482251419
 10
46661.56078654339
 20
-61533.8482251419
 10
45867.8107865434
 20
-61533.8482251419
 10
45867.8107865434
 20
-61635.4482251419
  0
TEXT
  5
460
330
17
100
AcDbEntity
  8
NUMBERS
100
AcDbText
 10
46174.68578654339
 20
-61599.64822514188
 30
0.0
 40
30.0
  1
D卫生间-04
 72
     1
 11
46264.68578654339
 21
-61584.64822514188
 31
0.0
100
AcDbText
 73
     2
  0
LWPOLYLINE
  5
461
330
17
100
AcDbEntity
  8
OUTER
100
AcDbPolyline
 90
        5
 70
     0
 43
0.0
 10
49959.29010787542
 20
-61627.87640132084
 10
50753.04010787542
 20
-61627.87640132084
 10
50753.04010787542
 20
-61526.27640132085
 10
49959.29010787542
 20
-61526.27640132085
 10
49959.29010787542
 20
-61627.87640132084
  0
TEXT
  5
462
330
17
100
AcDbEntity
  8
NUMBERS
100
AcDbText
 10
50266.16510787543
 20
-61592.07640132084
 30
0.0
 40
30.0
  1
D卫生间-05
 72
     1
 11
50356.16510787543
 21
-61577.07640132084
 31
0.0
100
AcDbText
 73
     2
  0
LWPOLYLINE
  5
463
330
17
100
AcDbEntity
  8
OUTER
100
AcDbPolyline
 90
        5
 70
     0
 43
0.0
 10
54296.80515773378
 20
-61627.87640132084
 10
55090.55515773379
 20
-61627.87640132084
 10
55090.55515773379
 20
-61526.27640132085
 10
54296.80515773378
 20
-61526.27640132085
 10
54296.80515773378
 20
-61627.87640132084
  0
TEXT
  5
464
330
17
100
AcDbEntity
  8
NUMBERS
100
AcDbText
 10
54603.68015773379
 20
-61592.07640132084
 30
0.0
 40
30.0
  1
D卫生间-06
 72
     1
 11
54693.6801577338
 21
-61577.07640132084
 31
0.0
100
AcDbText
 73
     2
  0
LWPOLYLINE
  5
465
330
17
100
AcDbEntity
  8
OUTER
100
AcDbPolyline
 90
        5
 70
     0
 43
0.0
 10
59066.80005442949
 20
-61627.87640132084
 10
59860.55005442951
 20
-61627.87640132084
 10
59860.55005442951
 20
-61526.27640132085
 10
59066.80005442949
 20
-61526.27640132085
 10
59066.80005442949
 20
-61627.87640132084
  0
TEXT
  5
466
330
17
100
AcDbEntity
  8
NUMBERS
100
AcDbText
 10
59373.67505442951
 20
-61592.07640132084
 30
0.0
 40
30.0
  1
D卫生间-07
 72
     1
 11
59463.67505442951
 21
-61577.07640132084
 31
0.0
100
AcDbText
 73
     2
  0
LWPOLYLINE
  5
467
330
17
100
AcDbEntity
  8
OUTER
100
AcDbPolyline
 90
        5
 70
     0
 43
0.0
 10
63913.11516795441
 20
-61627.87640132084
 10
64706.86516795441
 20
-61627.87640132084
 10
64706.86516795441
 20
-61526.27640132085
 10
63913.11516795441
 20
-61526.27640132085
 10
63913.11516795441
 20
-61627.87640132084
  0
TEXT
  5
468
330
17
100
AcDbEntity
  8
NUMBERS
100
AcDbText
 10
64219.99016795441
 20
-61592.07640132084
 30
0.0
 40
30.0
  1
D卫生间-08
 72
     1
 11
64309.99016795441
 21
-61577.07640132084
 31
0.0
100
AcDbText
 73
     2
  0
LWPOLYLINE
  5
469
330
17
100
AcDbEntity
  8
OUTER
100
AcDbPolyline
 90
        5
 70
     0
 43
0.0
 10
45160.27314435066
 20
-62469.3585948541
 10
45261.87314435066
 20
-62469.3585948541
 10
45261.87314435066
 20
-61880.39609485411
 10
45160.27314435066
 20
-61880.39609485411
 10
45160.27314435066
 20
-62469.3585948541
  0
TEXT
  5
46A
330
17
100
AcDbEntity
  8
NUMBERS
100
AcDbText
 10
45150.59695387448
 20
-62184.95670993345
 30
0.0
 40
20.15873015873132
  1
D卫生间-09
 72
     1
 11
45211.07314435067
 21
-62174.87734485409
 31
0.0
100
AcDbText
 73
     2
  0
LWPOLYLINE
  5
46B
330
17
100
AcDbEntity
  8
OUTER
100
AcDbPolyline
 90
        5
 70
     0
 43
0.0
 10
45867.8107865434
 20
-62475.612017286
 10
46661.56078654339
 20
-62475.612017286
 10
46661.56078654339
 20
-61886.64951728599
 10
45867.8107865434
 20
-61886.64951728599
 10
45867.8107865434
 20
-62475.612017286
  0
TEXT
  5
46C
330
17
100
AcDbEntity
  8
NUMBERS
100
AcDbText
 10
46038.01911987672
 20
-62221.13076728599
 30
0.0
 40
80.0
  1
D卫生间-10
 72
     1
 11
46264.68578654339
 21
-62181.130767286
 31
0.0
100
AcDbText
 73
     2
  0
LWPOLYLINE
  5
46D
330
17
100
AcDbEntity
  8
OUTER
100
AcDbPolyline
 90
        5
 70
     0
 43
0.0
 10
47161.07371548862
 20
-62475.612017286
 10
47262.67371548863
 20
-62475.612017286
 10
47262.67371548863
 20
-61886.64951728599
 10
47161.07371548862
 20
-61886.64951728599
 10
47161.07371548862
 20
-62475.612017286
  0
TEXT
  5
46E
330
17
100
AcDbEntity
  8
NUMBERS
100
AcDbText
 10
47156.43720755214
 20
-62191.21013236537
 30
0.0
 40
20.15873015873132
  1
D卫生间-11
 72
     1
 11
47211.87371548865
 21
-62181.13076728601
 31
0.0
100
AcDbText
 73
     2
  0
LWPOLYLINE
  5
46F
330
17
100
AcDbEntity
  8
OUTER
100
AcDbPolyline
 90
        5
 70
     0
 43
0.0
 10
49251.75246568269
 20
-62461.78677103307
 10
49353.35246568269
 20
-62461.78677103307
 10
49353.35246568269
 20
-61872.82427103308
 10
49251.75246568269
 20
-61872.82427103308
 10
49251.75246568269
 20
-62461.78677103307
  0
TEXT
  5
470
330
17
100
AcDbEntity
  8
NUMBERS
100
AcDbText
 10
49243.75616938641
 20
-62177.38488611242
 30
0.0
 40
20.15873015872987
  1
D卫生间-12
 72
     1
 11
49302.55246568269
 21
-62167.30552103306
 31
0.0
100
AcDbText
 73
     2
  0
LWPOLYLINE
  5
471
330
17
100
AcDbEntity
  8
OUTER
100
AcDbPolyline
 90
        5
 70
     0
 43
0.0
 10
49959.29010787542
 20
-62468.04019346495
 10
50753.04010787542
 20
-62468.04019346495
 10
50753.04010787542
 20
-61879.07769346495
 10
49959.29010787542
 20
-61879.07769346495
 10
49959.29010787542
 20
-62468.04019346495
  0
TEXT
  5
472
330
17
100
AcDbEntity
  8
NUMBERS
100
AcDbText
 10
50122.83177454208
 20
-62213.55894346495
 30
0.0
 40
80.0
  1
D卫生间-13
 72
     1
 11
50356.16510787542
 21
-62173.55894346495
 31
0.0
100
AcDbText
 73
     2
  0
LWPOLYLINE
  5
473
330
17
100
AcDbEntity
  8
OUTER
100
AcDbPolyline
 90
        5
 70
     0
 43
0.0
 10
51252.55303682067
 20
-62468.04019346495
 10
51354.15303682067
 20
-62468.04019346495
 10
51354.15303682067
 20
-61879.07769346495
 10
51252.55303682067
 20
-61879.07769346495
 10
51252.55303682067
 20
-62468.04019346495
  0
TEXT
  5
474
330
17
100
AcDbEntity
  8
NUMBERS
100
AcDbText
 10
51244.55674052436
 20
-62183.63830854431
 30
0.0
 40
20.15873015873132
  1
D卫生间-14
 72
     1
 11
51303.35303682066
 21
-62173.55894346495
 31
0.0
100
AcDbText
 73
     2
  0
LWPOLYLINE
  5
475
330
17
100
AcDbEntity
  8
OUTER
100
AcDbPolyline
 90
        5
 70
     0
 43
0.0
 10
53589.26751554105
 20
-62461.78677103307
 10
53690.86751554105
 20
-62461.78677103307
 10
53690.86751554105
 20
-61872.82427103308
 10
53589.26751554105
 20
-61872.82427103308
 10
53589.26751554105
 20
-62461.78677103307
  0
TEXT
  5
476
330
17
100
AcDbEntity
  8
NUMBERS
100
AcDbText
 10
53581.27121924473
 20
-62177.38488611242
 30
0.0
 40
20.15873015873132
  1
D卫生间-15
 72
     1
 11
53640.06751554104
 21
-62167.30552103306
 31
0.0
100
AcDbText
 73
     2
  0
LWPOLYLINE
  5
477
330
17
100
AcDbEntity
  8
OUTER
100
AcDbPolyline
 90
        5
 70
     0
 43
0.0
 10
54296.80515773378
 20
-62468.04019346495
 10
55090.55515773379
 20
-62468.04019346495
 10
55090.55515773379
 20
-61879.07769346495
 10
54296.80515773378
 20
-61879.07769346495
 10
54296.80515773378
 20
-62468.04019346495
  0
TEXT
  5
478
330
17
100
AcDbEntity
  8
NUMBERS
100
AcDbText
 10
54460.34682440044
 20
-62213.55894346495
 30
0.0
 40
80.0
  1
D卫生间-16
 72
     1
 11
54693.68015773378
 21
-62173.55894346495
 31
0.0
100
AcDbText
 73
     2
  0
LWPOLYLINE
  5
479
330
17
100
AcDbEntity
  8
OUTER
100
AcDbPolyline
 90
        5
 70
     0
 43
0.0
 10
55590.06808667903
 20
-62468.04019346495
 10
55691.66808667903
 20
-62468.04019346495
 10
55691.66808667903
 20
-61879.07769346495
 10
55590.06808667903
 20
-61879.07769346495
 10
55590.06808667903
 20
-62468.04019346495
  0
TEXT
  5
47A
330
17
100
AcDbEntity
  8
NUMBERS
100
AcDbText
 10
55582.07179038273
 20
-62183.63830854431
 30
0.0
 40
20.15873015872987
  1
D卫生间-17
 72
     1
 11
55640.86808667902
 21
-62173.55894346495
 31
0.0
100
AcDbText
 73
     2
  0
LWPOLYLINE
  5
47B
330
17
100
AcDbEntity
  8
OUTER
100
AcDbPolyline
 90
        5
 70
     0
 43
0.0
 10
58359.26241223678
 20
-62461.78677103307
 10
58460.86241223678
 20
-62461.78677103307
 10
58460.86241223678
 20
-61872.82427103308
 10
58359.26241223678
 20
-61872.82427103308
 10
58359.26241223678
 20
-62461.78677103307
  0
TEXT
  5
47C
330
17
100
AcDbEntity
  8
NUMBERS
100
AcDbText
 10
58351.26611594048
 20
-62177.38488611242
 30
0.0
 40
20.15873015872987
  1
D卫生间-18
 72
     1
 11
58410.06241223678
 21
-62167.30552103306
 31
0.0
100
AcDbText
 73
     2
  0
LWPOLYLINE
  5
47D
330
17
100
AcDbEntity
  8
OUTER
100
AcDbPolyline
 90
        5
 70
     0
 43
0.0
 10
59066.80005442949
 20
-62468.04019346495
 10
59860.55005442951
 20
-62468.04019346495
 10
59860.55005442951
 20
-61879.07769346495
 10
59066.80005442949
 20
-61879.07769346495
 10
59066.80005442949
 20
-62468.04019346495
  0
TEXT
  5
47E
330
17
100
AcDbEntity
  8
NUMBERS
100
AcDbText
 10
59230.34172109616
 20
-62213.55894346495
 30
0.0
 40
80.0
  1
D卫生间-19
 72
     1
 11
59463.6750544295
 21
-62173.55894346495
 31
0.0
100
AcDbText
 73
     2
  0
LWPOLYLINE
  5
47F
330
17
100
AcDbEntity
  8
OUTER
100
AcDbPolyline
 90
        5
 70
     0
 43
0.0
 10
60360.06298337475
 20
-62468.04019346495
 10
60461.66298337474
 20
-62468.04019346495
 10
60461.66298337474
 20
-61879.07769346495
 10
60360.06298337475
 20
-61879.07769346495
 10
60360.06298337475
 20
-62468.04019346495
  0
TEXT
  5
480
330
17
100
AcDbEntity
  8
NUMBERS
100
AcDbText
 10
60350.38679289856
 20
-62183.63830854431
 30
0.0
 40
20.15873015872987
  1
D卫生间-20
 72
     1
 11
60410.86298337475
 21
-62173.55894346495
 31
0.0
100
AcDbText
 73
     2
  0
LWPOLYLINE
  5
481
330
17
100
AcDbEntity
  8
OUTER
100
AcDbPolyline
 90
        5
 70
     0
 43
0.0
 10
63205.57752576167
 20
-62461.78677103307
 10
63307.17752576168
 20
-62461.78677103307
 10
63307.17752576168
 20
-61872.82427103308
 10
63205.57752576167
 20
-61872.82427103308
 10
63205.57752576167
 20
-62461.78677103307
  0
TEXT
  5
482
330
17
100
AcDbEntity
  8
NUMBERS
100
AcDbText
 10
63197.58122946539
 20
-62177.38488611242
 30
0.0
 40
20.15873015872987
  1
D卫生间-21
 72
     1
 11
63256.37752576168
 21
-62167.30552103306
 31
0.0
100
AcDbText
 73
     2
  0
LWPOLYLINE
  5
483
330
17
100
AcDbEntity
  8
OUTER
100
AcDbPolyline
 90
        5
 70
     0
 43
0.0
 10
63913.11516795441
 20
-62468.04019346495
 10
64706.86516795441
 20
-62468.04019346495
 10
64706.86516795441
 20
-61879.07769346495
 10
63913.11516795441
 20
-61879.07769346495
 10
63913.11516795441
 20
-62468.04019346495
  0
TEXT
  5
484
330
17
100
AcDbEntity
  8
NUMBERS
100
AcDbText
 10
64063.32350128776
 20
-62213.55894346495
 30
0.0
 40
80.0
  1
D卫生间-22
 72
     1
 11
64309.99016795443
 21
-62173.55894346495
 31
0.0
100
AcDbText
 73
     2
  0
LWPOLYLINE
  5
485
330
17
100
AcDbEntity
  8
OUTER
100
AcDbPolyline
 90
        5
 70
     0
 43
0.0
 10
65206.37809689966
 20
-62468.04019346495
 10
65307.97809689965
 20
-62468.04019346495
 10
65307.97809689965
 20
-61879.07769346495
 10
65206.37809689966
 20
-61879.07769346495
 10
65206.37809689966
 20
-62468.04019346495
  0
TEXT
  5
486
330
17
100
AcDbEntity
  8
NUMBERS
100
AcDbText
 10
65195.02201224358
 20
-62183.63830854431
 30
0.0
 40
20.15873015872843
  1
D卫生间-23
 72
     1
 11
65257.17809689966
 21
-62173.55894346495
 31
0.0
100
AcDbText
 73
     2
  0
LWPOLYLINE
  5
487
330
17
100
AcDbEntity
  8
OUTER
100
AcDbPolyline
 90
        5
 70
     0
 43
0.0
 10
45775.36282565277
 20
-64753.04188260729
 10
47026.31282565277
 20
-64753.04188260729
 10
47026.31282565277
 20
-64651.44188260727
 10
45775.36282565277
 20
-64651.44188260727
 10
45775.36282565277
 20
-64753.04188260729
  0
TEXT
  5
488
330
17
100
AcDbEntity
  8
NUMBERS
100
AcDbText
 10
46308.33782565279
 20
-64717.24188260728
 30
0.0
 40
30.0
  1
D卫生间-24
 72
     1
 11
46400.83782565278
 21
-64702.24188260728
 31
0.0
100
AcDbText
 73
     2
  0
LWPOLYLINE
  5
489
330
17
100
AcDbEntity
  8
OUTER
100
AcDbPolyline
 90
        5
 70
     0
 43
0.0
 10
50031.26449964926
 20
-64753.04188260729
 10
51282.21449964926
 20
-64753.04188260729
 10
51282.21449964926
 20
-64651.44188260727
 10
50031.26449964926
 20
-64651.44188260727
 10
50031.26449964926
 20
-64753.04188260729
  0
TEXT
  5
48A
330
17
100
AcDbEntity
  8
NUMBERS
100
AcDbText
 10
50564.23949964926
 20
-64717.2418826073
 30
0.0
 40
30.0
  1
D卫生间-25
 72
     1
 11
50656.73949964926
 21
-64702.2418826073
 31
0.0
100
AcDbText
 73
     2
  0
LWPOLYLINE
  5
48B
330
17
100
AcDbEntity
  8
OUTER
100
AcDbPolyline
 90
        5
 70
     0
 43
0.0
 10
59683.86703231602
 20
-64720.95878713012
 10
60934.81703231602
 20
-64720.95878713012
 10
60934.81703231602
 20
-64619.35878713013
 10
59683.86703231602
 20
-64619.35878713013
 10
59683.86703231602
 20
-64720.95878713012
  0
TEXT
  5
48C
330
17
100
AcDbEntity
  8
NUMBERS
100
AcDbText
 10
60216.84203231602
 20
-64685.15878713012
 30
0.0
 40
30.0
  1
D卫生间-26
 72
     1
 11
60309.34203231602
 21
-64670.15878713012
 31
0.0
100
AcDbText
 73
     2
  0
LWPOLYLINE
  5
48D
330
17
100
AcDbEntity
  8
OUTER
100
AcDbPolyline
 90
        5
 70
     0
 43
0.0
 10
44325.66103587583
 20
-61005.19981772952
 10
46217.96103587582
 20
-61005.19981772952
 10
46217.96103587582
 20
-60360.67481772954
 10
44325.66103587583
 20
-60360.67481772954
 10
44325.66103587583
 20
-61005.19981772952
  0
TEXT
  5
48E
330
17
100
AcDbEntity
  8
NUMBERS
100
AcDbText
 10
45078.47770254249
 20
-60722.93731772952
 30
0.0
 40
80.0
  1
D厨房-01
 72
     1
 11
45271.81103587582
 21
-60682.93731772952
 31
0.0
100
AcDbText
 73
     2
  0
LWPOLYLINE
  5
48F
330
17
100
AcDbEntity
  8
OUTER
100
AcDbPolyline
 90
        5
 70
     0
 43
0.0
 10
46645.31029335072
 20
-61009.44878726147
 10
47102.51029335071
 20
-61009.44878726147
 10
47102.51029335071
 20
-60364.92378726148
 10
46645.31029335072
 20
-60364.92378726148
 10
46645.31029335072
 20
-61009.44878726147
  0
TEXT
  5
490
330
17
100
AcDbEntity
  8
NUMBERS
100
AcDbText
 10
46667.24362668405
 20
-60727.18628726146
 30
0.0
 40
80.0
  1
D厨房-02
 72
     1
 11
46873.91029335072
 21
-60687.18628726147
 31
0.0
100
AcDbText
 73
     2
  0
LWPOLYLINE
  5
491
330
17
100
AcDbEntity
  8
OUTER
100
AcDbPolyline
 90
        5
 70
     0
 43
0.0
 10
48417.14035720785
 20
-60997.62799390848
 10
50309.44035720786
 20
-60997.62799390848
 10
50309.44035720786
 20
-60353.10299390848
 10
48417.14035720785
 20
-60353.10299390848
 10
48417.14035720785
 20
-60997.62799390848
  0
TEXT
  5
492
330
17
100
AcDbEntity
  8
NUMBERS
100
AcDbText
 10
49156.62369054119
 20
-60715.3654939085
 30
0.0
 40
80.0
  1
D厨房-03
 72
     1
 11
49363.29035720785
 21
-60675.36549390849
 31
0.0
100
AcDbText
 73
     2
  0
LWPOLYLINE
  5
493
330
17
100
AcDbEntity
  8
OUTER
100
AcDbPolyline
 90
        5
 70
     0
 43
0.0
 10
50736.78961468274
 20
-61001.87696344043
 10
51193.98961468274
 20
-61001.87696344043
 10
51193.98961468274
 20
-60357.35196344043
 10
50736.78961468274
 20
-60357.35196344043
 10
50736.78961468274
 20
-61001.87696344043
  0
TEXT
  5
494
330
17
100
AcDbEntity
  8
NUMBERS
100
AcDbText
 10
50758.72294801606
 20
-60719.61446344044
 30
0.0
 40
80.0
  1
D厨房-04
 72
     1
 11
50965.38961468273
 21
-60679.61446344044
 31
0.0
100
AcDbText
 73
     2
  0
LWPOLYLINE
  5
495
330
17
100
AcDbEntity
  8
OUTER
100
AcDbPolyline
 90
        5
 70
     0
 43
0.0
 10
52754.65540706623
 20
-60997.62799390848
 10
54646.95540706623
 20
-60997.62799390848
 10
54646.95540706623
 20
-60353.10299390848
 10
52754.65540706623
 20
-60353.10299390848
 10
52754.65540706623
 20
-60997.62799390848
  0
TEXT
  5
496
330
17
100
AcDbEntity
  8
NUMBERS
100
AcDbText
 10
53494.13874039957
 20
-60715.3654939085
 30
0.0
 40
80.0
  1
D厨房-05
 72
     1
 11
53700.80540706623
 21
-60675.36549390849
 31
0.0
100
AcDbText
 73
     2
  0
LWPOLYLINE
  5
497
330
17
100
AcDbEntity
  8
OUTER
100
AcDbPolyline
 90
        5
 70
     0
 43
0.0
 10
57524.65030376193
 20
-60997.62799390848
 10
59416.95030376195
 20
-60997.62799390848
 10
59416.95030376195
 20
-60353.10299390848
 10
57524.65030376193
 20
-60353.10299390848
 10
57524.65030376193
 20
-60997.62799390848
  0
TEXT
  5
498
330
17
100
AcDbEntity
  8
NUMBERS
100
AcDbText
 10
58264.13363709527
 20
-60715.36549390849
 30
0.0
 40
80.0
  1
D厨房-06
 72
     1
 11
58470.80030376194
 21
-60675.36549390848
 31
0.0
100
AcDbText
 73
     2
  0
LWPOLYLINE
  5
499
330
17
100
AcDbEntity
  8
OUTER
100
AcDbPolyline
 90
        5
 70
     0
 43
0.0
 10
62370.96541728685
 20
-60997.62799390848
 10
64263.26541728684
 20
-60997.62799390848
 10
64263.26541728684
 20
-60353.10299390848
 10
62370.96541728685
 20
-60353.10299390848
 10
62370.96541728685
 20
-60997.62799390848
  0
TEXT
  5
49A
330
17
100
AcDbEntity
  8
NUMBERS
100
AcDbText
 10
63110.44875062018
 20
-60715.36549390849
 30
0.0
 40
80.0
  1
D厨房-07
 72
     1
 11
63317.11541728685
 21
-60675.36549390848
 31
0.0
100
AcDbText
 73
     2
  0
LWPOLYLINE
  5
49B
330
17
100
AcDbEntity
  8
OUTER
100
AcDbPolyline
 90
        5
 70
     0
 43
0.0
 10
44145.42569733046
 20
-61664.0194616319
 10
44939.17569733047
 20
-61664.0194616319
 10
44939.17569733047
 20
-61562.41946163191
 10
44145.42569733046
 20
-61562.41946163191
 10
44145.42569733046
 20
-61664.0194616319
  0
TEXT
  5
49C
330
17
100
AcDbEntity
  8
NUMBERS
100
AcDbText
 10
44464.80069733047
 20
-61628.21946163192
 30
0.0
 40
30.0
  1
D厨房-08
 72
     1
 11
44542.30069733046
 21
-61613.21946163192
 31
0.0
100
AcDbText
 73
     2
  0
LWPOLYLINE
  5
49D
330
17
100
AcDbEntity
  8
OUTER
100
AcDbPolyline
 90
        5
 70
     0
 43
0.0
 10
48236.90501866249
 20
-61656.44763781085
 10
49030.65501866248
 20
-61656.44763781085
 10
49030.65501866248
 20
-61554.84763781087
 10
48236.90501866249
 20
-61554.84763781087
 10
48236.90501866249
 20
-61656.44763781085
  0
TEXT
  5
49E
330
17
100
AcDbEntity
  8
NUMBERS
100
AcDbText
 10
48556.28001866248
 20
-61620.64763781086
 30
0.0
 40
30.0
  1
D厨房-09
 72
     1
 11
48633.78001866249
 21
-61605.64763781086
 31
0.0
100
AcDbText
 73
     2
  0
LWPOLYLINE
  5
49F
330
17
100
AcDbEntity
  8
OUTER
100
AcDbPolyline
 90
        5
 70
     0
 43
0.0
 10
52574.42006852086
 20
-61656.44763781085
 10
53368.17006852085
 20
-61656.44763781085
 10
53368.17006852085
 20
-61554.84763781087
 10
52574.42006852086
 20
-61554.84763781087
 10
52574.42006852086
 20
-61656.44763781085
  0
TEXT
  5
4A0
330
17
100
AcDbEntity
  8
NUMBERS
100
AcDbText
 10
52898.79506852085
 20
-61620.64763781086
 30
0.0
 40
30.0
  1
D厨房-10
 72
     1
 11
52971.29506852085
 21
-61605.64763781086
 31
0.0
100
AcDbText
 73
     2
  0
LWPOLYLINE
  5
4A1
330
17
100
AcDbEntity
  8
OUTER
100
AcDbPolyline
 90
        5
 70
     0
 43
0.0
 10
57344.41496521657
 20
-61656.44763781085
 10
58138.16496521657
 20
-61656.44763781085
 10
58138.16496521657
 20
-61554.84763781087
 10
57344.41496521657
 20
-61554.84763781087
 10
57344.41496521657
 20
-61656.44763781085
  0
TEXT
  5
4A2
330
17
100
AcDbEntity
  8
NUMBERS
100
AcDbText
 10
57671.28996521657
 20
-61620.64763781088
 30
0.0
 40
30.0
  1
D厨房-11
 72
     1
 11
57741.28996521657
 21
-61605.64763781088
 31
0.0
100
AcDbText
 73
     2
  0
LWPOLYLINE
  5
4A3
330
17
100
AcDbEntity
  8
OUTER
100
AcDbPolyline
 90
        5
 70
     0
 43
0.0
 10
62190.73007874149
 20
-61656.44763781085
 10
62984.48007874147
 20
-61656.44763781085
 10
62984.48007874147
 20
-61554.84763781087
 10
62190.73007874149
 20
-61554.84763781087
 10
62190.73007874149
 20
-61656.44763781085
  0
TEXT
  5
4A4
330
17
100
AcDbEntity
  8
NUMBERS
100
AcDbText
 10
62512.60507874149
 20
-61620.64763781086
 30
0.0
 40
30.0
  1
D厨房-12
 72
     1
 11
62587.60507874148
 21
-61605.64763781086
 31
0.0
100
AcDbText
 73
     2
  0
LWPOLYLINE
  5
4A5
330
17
100
AcDbEntity
  8
OUTER
100
AcDbPolyline
 90
        5
 70
     0
 43
0.0
 10
44145.42569733046
 20
-62472.60896390005
 10
44939.17569733047
 20
-62472.60896390005
 10
44939.17569733047
 20
-61883.64646390005
 10
44145.42569733046
 20
-61883.64646390005
 10
44145.42569733046
 20
-62472.60896390005
  0
TEXT
  5
4A6
330
17
100
AcDbEntity
  8
NUMBERS
100
AcDbText
 10
44342.30069733046
 20
-62218.12771390005
 30
0.0
 40
80.0
  1
D厨房-13
 72
     1
 11
44542.30069733046
 21
-62178.12771390005
 31
0.0
100
AcDbText
 73
     2
  0
LWPOLYLINE
  5
4A7
330
17
100
AcDbEntity
  8
OUTER
100
AcDbPolyline
 90
        5
 70
     0
 43
0.0
 10
48236.90501866249
 20
-62465.03714007903
 10
49030.65501866248
 20
-62465.03714007903
 10
49030.65501866248
 20
-61876.07464007902
 10
48236.90501866249
 20
-61876.07464007902
 10
48236.90501866249
 20
-62465.03714007903
  0
TEXT
  5
4A8
330
17
100
AcDbEntity
  8
NUMBERS
100
AcDbText
 10
48433.7800186625
 20
-62210.55589007901
 30
0.0
 40
80.0
  1
D厨房-14
 72
     1
 11
48633.7800186625
 21
-62170.55589007901
 31
0.0
100
AcDbText
 73
     2
  0
LWPOLYLINE
  5
4A9
330
17
100
AcDbEntity
  8
OUTER
100
AcDbPolyline
 90
        5
 70
     0
 43
0.0
 10
52574.42006852086
 20
-62465.03714007903
 10
53368.17006852085
 20
-62465.03714007903
 10
53368.17006852085
 20
-61876.07464007902
 10
52574.42006852086
 20
-61876.07464007902
 10
52574.42006852086
 20
-62465.03714007903
  0
TEXT
  5
4AA
330
17
100
AcDbEntity
  8
NUMBERS
100
AcDbText
 10
52771.29506852086
 20
-62210.55589007901
 30
0.0
 40
80.0
  1
D厨房-15
 72
     1
 11
52971.29506852085
 21
-62170.55589007901
 31
0.0
100
AcDbText
 73
     2
  0
LWPOLYLINE
  5
4AB
330
17
100
AcDbEntity
  8
OUTER
100
AcDbPolyline
 90
        5
 70
     0
 43
0.0
 10
57344.41496521657
 20
-62465.03714007903
 10
58138.16496521657
 20
-62465.03714007903
 10
58138.16496521657
 20
-61876.07464007902
 10
57344.41496521657
 20
-61876.07464007902
 10
57344.41496521657
 20
-62465.03714007903
  0
TEXT
  5
4AC
330
17
100
AcDbEntity
  8
NUMBERS
100
AcDbText
 10
57541.28996521657
 20
-62210.555890079
 30
0.0
 40
80.0
  1
D厨房-16
 72
     1
 11
57741.28996521657
 21
-62170.555890079
 31
0.0
100
AcDbText
 73
     2
  0
LWPOLYLINE
  5
4AD
330
17
100
AcDbEntity
  8
OUTER
100
AcDbPolyline
 90
        5
 70
     0
 43
0.0
 10
62190.73007874149
 20
-62465.03714007903
 10
62984.48007874147
 20
-62465.03714007903
 10
62984.48007874147
 20
-61876.07464007902
 10
62190.73007874149
 20
-61876.07464007902
 10
62190.73007874149
 20
-62465.03714007903
  0
TEXT
  5
4AE
330
17
100
AcDbEntity
  8
NUMBERS
100
AcDbText
 10
62387.60507874149
 20
-62210.555890079
 30
0.0
 40
80.0
  1
D厨房-17
 72
     1
 11
62587.60507874148
 21
-62170.555890079
 31
0.0
100
AcDbText
 73
     2
  0
LWPOLYLINE
  5
4AF
330
17
100
AcDbEntity
  8
OUTER
100
AcDbPolyline
 90
        5
 70
     0
 43
0.0
 10
60416.5322801834
 20
-47157.76017523846
 10
61667.48228018339
 20
-47157.76017523846
 10
61667.48228018339
 20
-47056.16017523847
 10
60416.5322801834
 20
-47056.16017523847
 10
60416.5322801834
 20
-47157.76017523846
  0
TEXT
  5
4B0
330
17
100
AcDbEntity
  8
NUMBERS
100
AcDbText
 10
60947.00728018339
 20
-47121.96017523846
 30
0.0
 40
30.0
  1
E1卫生间-01
 72
     1
 11
61042.00728018339
 21
-47106.96017523846
 31
0.0
100
AcDbText
 73
     2
  0
LWPOLYLINE
  5
4B1
330
17
100
AcDbEntity
  8
OUTER
100
AcDbPolyline
 90
        5
 70
     0
 43
0.0
 10
47038.0410757405
 20
-47402.63443702406
 10
48288.9910757405
 20
-47402.63443702406
 10
48288.9910757405
 20
-47991.59693702403
 10
47038.0410757405
 20
-47991.59693702403
 10
47038.0410757405
 20
-47402.63443702406
  0
TEXT
  5
4B2
330
17
100
AcDbEntity
  8
NUMBERS
100
AcDbText
 10
47396.84940907384
 20
-47737.11568702405
 30
0.0
 40
80.0
  1
E1卫生间-02
 72
     1
 11
47663.5160757405
 21
-47697.11568702405
 31
0.0
100
AcDbText
 73
     2
  0
LWPOLYLINE
  5
4B3
330
17
100
AcDbEntity
  8
OUTER
100
AcDbPolyline
 90
        5
 70
     0
 43
0.0
 10
48508.29072498946
 20
-47991.59693702403
 10
48609.89072498946
 20
-47991.59693702403
 10
48609.89072498946
 20
-47402.63443702406
 10
48508.29072498946
 20
-47402.63443702406
 10
48508.29072498946
 20
-47991.59693702403
  0
TEXT
  5
4B4
330
17
100
AcDbEntity
  8
NUMBERS
100
AcDbText
 10
48500.29442869317
 20
-47705.9351314685
 30
0.0
 40
17.63888888888863
  1
E1卫生间-03
 72
     1
 11
48559.09072498946
 21
-47697.11568702405
 31
0.0
100
AcDbText
 73
     2
  0
LWPOLYLINE
  5
4B5
330
17
100
AcDbEntity
  8
OUTER
100
AcDbPolyline
 90
        5
 70
     0
 43
0.0
 10
53611.09161270436
 20
-47357.02863130373
 10
54862.04161270436
 20
-47357.02863130373
 10
54862.04161270436
 20
-47945.99113130372
 10
53611.09161270436
 20
-47945.99113130372
 10
53611.09161270436
 20
-47357.02863130373
  0
TEXT
  5
4B6
330
17
100
AcDbEntity
  8
NUMBERS
100
AcDbText
 10
53969.8999460377
 20
-47691.50988130373
 30
0.0
 40
80.0
  1
E1卫生间-04
 72
     1
 11
54236.56661270436
 21
-47651.50988130373
 31
0.0
100
AcDbText
 73
     2
  0
LWPOLYLINE
  5
4B7
330
17
100
AcDbEntity
  8
OUTER
100
AcDbPolyline
 90
        5
 70
     0
 43
0.0
 10
55081.34126195332
 20
-47945.99113130372
 10
55182.94126195332
 20
-47945.99113130372
 10
55182.94126195332
 20
-47357.02863130373
 10
55081.34126195332
 20
-47357.02863130373
 10
55081.34126195332
 20
-47945.99113130372
  0
TEXT
  5
4B8
330
17
100
AcDbEntity
  8
NUMBERS
100
AcDbText
 10
55073.34496565704
 20
-47660.32932574818
 30
0.0
 40
17.63888888888863
  1
E1卫生间-05
 72
     1
 11
55132.14126195332
 21
-47651.50988130373
 31
0.0
100
AcDbText
 73
     2
  0
LWPOLYLINE
  5
4B9
330
17
100
AcDbEntity
  8
OUTER
100
AcDbPolyline
 90
        5
 70
     0
 43
0.0
 10
60416.90389204378
 20
-47371.29515501255
 10
61667.85389204378
 20
-47371.29515501255
 10
61667.85389204378
 20
-47960.25765501253
 10
60416.90389204378
 20
-47960.25765501253
 10
60416.90389204378
 20
-47371.29515501255
  0
TEXT
  5
4BA
330
17
100
AcDbEntity
  8
NUMBERS
100
AcDbText
 10
60775.71222537711
 20
-47705.77640501254
 30
0.0
 40
80.0
  1
E1卫生间-06
 72
     1
 11
61042.37889204378
 21
-47665.77640501255
 31
0.0
100
AcDbText
 73
     2
  0
LWPOLYLINE
  5
4BB
330
17
100
AcDbEntity
  8
OUTER
100
AcDbPolyline
 90
        5
 70
     0
 43
0.0
 10
61887.15354129272
 20
-47960.25765501253
 10
61988.75354129272
 20
-47960.25765501253
 10
61988.75354129272
 20
-47371.29515501255
 10
61887.15354129272
 20
-47371.29515501255
 10
61887.15354129272
 20
-47960.25765501253
  0
TEXT
  5
4BC
330
17
100
AcDbEntity
  8
NUMBERS
100
AcDbText
 10
61879.15724499643
 20
-47674.59584945698
 30
0.0
 40
17.63888888888863
  1
E1卫生间-07
 72
     1
 11
61937.95354129272
 21
-47665.77640501254
 31
0.0
100
AcDbText
 73
     2
  0
LWPOLYLINE
  5
4BD
330
17
100
AcDbEntity
  8
OUTER
100
AcDbPolyline
 90
        5
 70
     0
 43
0.0
 10
67566.63761258223
 20
-47373.06934706018
 10
68817.58761258223
 20
-47373.06934706018
 10
68817.58761258223
 20
-47962.03184706016
 10
67566.63761258223
 20
-47962.03184706016
 10
67566.63761258223
 20
-47373.06934706018
  0
TEXT
  5
4BE
330
17
100
AcDbEntity
  8
NUMBERS
100
AcDbText
 10
67925.44594591555
 20
-47707.55059706016
 30
0.0
 40
80.0
  1
E1卫生间-08
 72
     1
 11
68192.11261258222
 21
-47667.55059706016
 31
0.0
100
AcDbText
 73
     2
  0
LWPOLYLINE
  5
4BF
330
17
100
AcDbEntity
  8
OUTER
100
AcDbPolyline
 90
        5
 70
     0
 43
0.0
 10
69036.88726183117
 20
-47962.03184706016
 10
69138.48726183116
 20
-47962.03184706016
 10
69138.48726183116
 20
-47373.06934706018
 10
69036.88726183117
 20
-47373.06934706018
 10
69036.88726183117
 20
-47962.03184706016
  0
TEXT
  5
4C0
330
17
100
AcDbEntity
  8
NUMBERS
100
AcDbText
 10
69028.89096553487
 20
-47676.37004150463
 30
0.0
 40
17.63888888888737
  1
E1卫生间-09
 72
     1
 11
69087.68726183116
 21
-47667.55059706018
 31
0.0
100
AcDbText
 73
     2
  0
LWPOLYLINE
  5
4C1
330
17
100
AcDbEntity
  8
OUTER
100
AcDbPolyline
 90
        5
 70
     0
 43
0.0
 10
75203.03595779719
 20
-47266.59026914719
 10
76453.98595779718
 20
-47266.59026914719
 10
76453.98595779718
 20
-47855.55276914718
 10
75203.03595779719
 20
-47855.55276914718
 10
75203.03595779719
 20
-47266.59026914719
  0
TEXT
  5
4C2
330
17
100
AcDbEntity
  8
NUMBERS
100
AcDbText
 10
75575.17762446384
 20
-47601.07151914717
 30
0.0
 40
80.0
  1
E1卫生间-10
 72
     1
 11
75828.51095779718
 21
-47561.07151914717
 31
0.0
100
AcDbText
 73
     2
  0
LWPOLYLINE
  5
4C3
330
17
100
AcDbEntity
  8
OUTER
100
AcDbPolyline
 90
        5
 70
     0
 43
0.0
 10
76673.28560704611
 20
-47855.55276914718
 10
76774.88560704611
 20
-47855.55276914718
 10
76774.88560704611
 20
-47266.59026914719
 10
76673.28560704611
 20
-47266.59026914719
 10
76673.28560704611
 20
-47855.55276914718
  0
TEXT
  5
4C4
330
17
100
AcDbEntity
  8
NUMBERS
100
AcDbText
 10
76669.69903297204
 20
-47569.89096359164
 30
0.0
 40
17.63888888888737
  1
E1卫生间-11
 72
     1
 11
76724.08560704611
 21
-47561.07151914719
 31
0.0
100
AcDbText
 73
     2
  0
LWPOLYLINE
  5
4C5
330
17
100
AcDbEntity
  8
OUTER
100
AcDbPolyline
 90
        5
 70
     0
 43
0.0
 10
82931.67514096763
 20
-47384.75845304693
 10
84182.62514096763
 20
-47384.75845304693
 10
84182.62514096763
 20
-47973.72095304693
 10
82931.67514096763
 20
-47973.72095304693
 10
82931.67514096763
 20
-47384.75845304693
  0
TEXT
  5
4C6
330
17
100
AcDbEntity
  8
NUMBERS
100
AcDbText
 10
83297.15014096763
 20
-47719.23970304694
 30
0.0
 40
80.0
  1
E1卫生间-12
 72
     1
 11
83557.15014096762
 21
-47679.23970304694
 31
0.0
100
AcDbText
 73
     2
  0
LWPOLYLINE
  5
4C7
330
17
100
AcDbEntity
  8
OUTER
100
AcDbPolyline
 90
        5
 70
     0
 43
0.0
 10
84401.92479021657
 20
-47973.72095304693
 10
84503.52479021658
 20
-47973.72095304693
 10
84503.52479021658
 20
-47384.75845304693
 10
84401.92479021657
 20
-47384.75845304693
 10
84401.92479021657
 20
-47973.72095304693
  0
TEXT
  5
4C8
330
17
100
AcDbEntity
  8
NUMBERS
100
AcDbText
 10
84395.39840132766
 20
-47688.05914749139
 30
0.0
 40
17.63888888889242
  1
E1卫生间-13
 72
     1
 11
84452.72479021657
 21
-47679.23970304694
 31
0.0
100
AcDbText
 73
     2
  0
LWPOLYLINE
  5
4C9
330
17
100
AcDbEntity
  8
OUTER
100
AcDbPolyline
 90
        5
 70
     0
 43
0.0
 10
47089.2895256467
 20
-48596.95079579066
 10
47883.03952564671
 20
-48596.95079579066
 10
47883.03952564671
 20
-48495.35079579066
 10
47089.2895256467
 20
-48495.35079579066
 10
47089.2895256467
 20
-48596.95079579066
  0
TEXT
  5
4CA
330
17
100
AcDbEntity
  8
NUMBERS
100
AcDbText
 10
47388.66452564669
 20
-48561.15079579066
 30
0.0
 40
30.0
  1
E1卫生间-14
 72
     1
 11
47486.1645256467
 21
-48546.15079579066
 31
0.0
100
AcDbText
 73
     2
  0
LWPOLYLINE
  5
4CB
330
17
100
AcDbEntity
  8
OUTER
100
AcDbPolyline
 90
        5
 70
     0
 43
0.0
 10
53662.34006261056
 20
-48551.34499007035
 10
54456.09006261056
 20
-48551.34499007035
 10
54456.09006261056
 20
-48449.74499007034
 10
53662.34006261056
 20
-48449.74499007034
 10
53662.34006261056
 20
-48551.34499007035
  0
TEXT
  5
4CC
330
17
100
AcDbEntity
  8
NUMBERS
100
AcDbText
 10
53961.71506261056
 20
-48515.54499007034
 30
0.0
 40
30.0
  1
E1卫生间-15
 72
     1
 11
54059.21506261056
 21
-48500.54499007034
 31
0.0
100
AcDbText
 73
     2
  0
LWPOLYLINE
  5
4CD
330
17
100
AcDbEntity
  8
OUTER
100
AcDbPolyline
 90
        5
 70
     0
 43
0.0
 10
60468.15234194999
 20
-48565.61151377917
 10
61261.90234194997
 20
-48565.61151377917
 10
61261.90234194997
 20
-48464.01151377915
 10
60468.15234194999
 20
-48464.01151377915
 10
60468.15234194999
 20
-48565.61151377917
  0
TEXT
  5
4CE
330
17
100
AcDbEntity
  8
NUMBERS
100
AcDbText
 10
60767.52734194999
 20
-48529.81151377916
 30
0.0
 40
30.0
  1
E1卫生间-16
 72
     1
 11
60865.02734194999
 21
-48514.81151377916
 31
0.0
100
AcDbText
 73
     2
  0
LWPOLYLINE
  5
4CF
330
17
100
AcDbEntity
  8
OUTER
100
AcDbPolyline
 90
        5
 70
     0
 43
0.0
 10
67617.88606248843
 20
-48567.38570582679
 10
68411.63606248843
 20
-48567.38570582679
 10
68411.63606248843
 20
-48465.78570582678
 10
67617.88606248843
 20
-48465.78570582678
 10
67617.88606248843
 20
-48567.38570582679
  0
TEXT
  5
4D0
330
17
100
AcDbEntity
  8
NUMBERS
100
AcDbText
 10
67917.26106248843
 20
-48531.58570582679
 30
0.0
 40
30.0
  1
E1卫生间-17
 72
     1
 11
68014.76106248842
 21
-48516.58570582679
 31
0.0
100
AcDbText
 73
     2
  0
LWPOLYLINE
  5
4D1
330
17
100
AcDbEntity
  8
OUTER
100
AcDbPolyline
 90
        5
 70
     0
 43
0.0
 10
75254.28440770338
 20
-48460.90662791381
 10
76048.03440770337
 20
-48460.90662791381
 10
76048.03440770337
 20
-48359.3066279138
 10
75254.28440770338
 20
-48359.3066279138
 10
75254.28440770338
 20
-48460.90662791381
  0
TEXT
  5
4D2
330
17
100
AcDbEntity
  8
NUMBERS
100
AcDbText
 10
75553.65940770335
 20
-48425.10662791379
 30
0.0
 40
30.0
  1
E1卫生间-18
 72
     1
 11
75651.15940770335
 21
-48410.10662791379
 31
0.0
100
AcDbText
 73
     2
  0
LWPOLYLINE
  5
4D3
330
17
100
AcDbEntity
  8
OUTER
100
AcDbPolyline
 90
        5
 70
     0
 43
0.0
 10
82982.92359087383
 20
-48579.07481181356
 10
83776.67359087384
 20
-48579.07481181356
 10
83776.67359087384
 20
-48477.47481181355
 10
82982.92359087383
 20
-48477.47481181355
 10
82982.92359087383
 20
-48579.07481181356
  0
TEXT
  5
4D4
330
17
100
AcDbEntity
  8
NUMBERS
100
AcDbText
 10
83282.29859087382
 20
-48543.27481181356
 30
0.0
 40
30.0
  1
E1卫生间-19
 72
     1
 11
83379.79859087383
 21
-48528.27481181356
 31
0.0
100
AcDbText
 73
     2
  0
LWPOLYLINE
  5
4D5
330
17
100
AcDbEntity
  8
OUTER
100
AcDbPolyline
 90
        5
 70
     0
 43
0.0
 10
46164.16018626941
 20
-49523.52392479889
 10
46621.36018626941
 20
-49523.52392479889
 10
46621.36018626941
 20
-48878.99892479891
 10
46164.16018626941
 20
-48878.99892479891
 10
46164.16018626941
 20
-49523.52392479889
  0
TEXT
  5
4D6
330
17
100
AcDbEntity
  8
NUMBERS
100
AcDbText
 10
46128.17685293609
 20
-49240.9489247989
 30
0.0
 40
79.3749999999995
  1
E1卫生间-20
 72
     1
 11
46392.76018626941
 21
-49201.26142479889
 31
0.0
100
AcDbText
 73
     2
  0
LWPOLYLINE
  5
4D7
330
17
100
AcDbEntity
  8
OUTER
100
AcDbPolyline
 90
        5
 70
     0
 43
0.0
 10
47089.2895256467
 20
-49317.58386547119
 10
47883.03952564671
 20
-49317.58386547119
 10
47883.03952564671
 20
-48728.62136547121
 10
47089.2895256467
 20
-48728.62136547121
 10
47089.2895256467
 20
-49317.58386547119
  0
TEXT
  5
4D8
330
17
100
AcDbEntity
  8
NUMBERS
100
AcDbText
 10
47226.1645256467
 20
-49063.1026154712
 30
0.0
 40
80.0
  1
E1卫生间-21
 72
     1
 11
47486.1645256467
 21
-49023.1026154712
 31
0.0
100
AcDbText
 73
     2
  0
LWPOLYLINE
  5
4D9
330
17
100
AcDbEntity
  8
OUTER
100
AcDbPolyline
 90
        5
 70
     0
 43
0.0
 10
48036.80204777526
 20
-49317.58386547119
 10
48138.40204777525
 20
-49317.58386547119
 10
48138.40204777525
 20
-48728.62136547121
 10
48036.80204777526
 20
-48728.62136547121
 10
48036.80204777526
 20
-49317.58386547119
  0
TEXT
  5
4DA
330
17
100
AcDbEntity
  8
NUMBERS
100
AcDbText
 10
48027.33584407155
 20
-49031.92205991564
 30
0.0
 40
17.63888888888737
  1
E1卫生间-22
 72
     1
 11
48087.60204777525
 21
-49023.1026154712
 31
0.0
100
AcDbText
 73
     2
  0
LWPOLYLINE
  5
4DB
330
17
100
AcDbEntity
  8
OUTER
100
AcDbPolyline
 90
        5
 70
     0
 43
0.0
 10
52768.54930813636
 20
-49523.52392479889
 10
53225.74930813636
 20
-49523.52392479889
 10
53225.74930813636
 20
-48878.99892479891
 10
52768.54930813636
 20
-48878.99892479891
 10
52768.54930813636
 20
-49523.52392479889
  0
TEXT
  5
4DC
330
17
100
AcDbEntity
  8
NUMBERS
100
AcDbText
 10
52725.9513914697
 20
-49240.9489247989
 30
0.0
 40
79.3749999999995
  1
E1卫生间-23
 72
     1
 11
52997.14930813636
 21
-49201.26142479889
 31
0.0
100
AcDbText
 73
     2
  0
LWPOLYLINE
  5
4DD
330
17
100
AcDbEntity
  8
OUTER
100
AcDbPolyline
 90
        5
 70
     0
 43
0.0
 10
53662.34006261056
 20
-49271.97805975088
 10
54456.09006261056
 20
-49271.97805975088
 10
54456.09006261056
 20
-48683.01555975088
 10
53662.34006261056
 20
-48683.01555975088
 10
53662.34006261056
 20
-49271.97805975088
  0
TEXT
  5
4DE
330
17
100
AcDbEntity
  8
NUMBERS
100
AcDbText
 10
53785.88172927723
 20
-49017.49680975087
 30
0.0
 40
80.0
  1
E1卫生间-24
 72
     1
 11
54059.21506261056
 21
-48977.49680975088
 31
0.0
100
AcDbText
 73
     2
  0
LWPOLYLINE
  5
4DF
330
17
100
AcDbEntity
  8
OUTER
100
AcDbPolyline
 90
        5
 70
     0
 43
0.0
 10
54609.85258473911
 20
-49271.97805975088
 10
54711.45258473911
 20
-49271.97805975088
 10
54711.45258473911
 20
-48683.01555975088
 10
54609.85258473911
 20
-48683.01555975088
 10
54609.85258473911
 20
-49271.97805975088
  0
TEXT
  5
4E0
330
17
100
AcDbEntity
  8
NUMBERS
100
AcDbText
 10
54600.3863810354
 20
-48986.31625419532
 30
0.0
 40
17.6388888888899
  1
E1卫生间-25
 72
     1
 11
54660.65258473911
 21
-48977.49680975088
 31
0.0
100
AcDbText
 73
     2
  0
LWPOLYLINE
  5
4E1
330
17
100
AcDbEntity
  8
OUTER
100
AcDbPolyline
 90
        5
 70
     0
 43
0.0
 10
59446.15786779617
 20
-49523.52392479889
 10
59903.35786779616
 20
-49523.52392479889
 10
59903.35786779616
 20
-48878.99892479891
 10
59446.15786779617
 20
-48878.99892479891
 10
59446.15786779617
 20
-49523.52392479889
  0
TEXT
  5
4E2
330
17
100
AcDbEntity
  8
NUMBERS
100
AcDbText
 10
59403.5599511295
 20
-49240.9489247989
 30
0.0
 40
79.37499999999824
  1
E1卫生间-26
 72
     1
 11
59674.75786779616
 21
-49201.26142479889
 31
0.0
100
AcDbText
 73
     2
  0
LWPOLYLINE
  5
4E3
330
17
100
AcDbEntity
  8
OUTER
100
AcDbPolyline
 90
        5
 70
     0
 43
0.0
 10
60468.15234194999
 20
-49286.24458345971
 10
61261.90234194997
 20
-49286.24458345971
 10
61261.90234194997
 20
-48697.28208345971
 10
60468.15234194999
 20
-48697.28208345971
 10
60468.15234194999
 20
-49286.24458345971
  0
TEXT
  5
4E4
330
17
100
AcDbEntity
  8
NUMBERS
100
AcDbText
 10
60591.69400861666
 20
-49031.7633334597
 30
0.0
 40
80.0
  1
E1卫生间-27
 72
     1
 11
60865.02734194999
 21
-48991.76333345971
 31
0.0
100
AcDbText
 73
     2
  0
LWPOLYLINE
  5
4E5
330
17
100
AcDbEntity
  8
OUTER
100
AcDbPolyline
 90
        5
 70
     0
 43
0.0
 10
61415.66486407852
 20
-49286.24458345971
 10
61517.26486407852
 20
-49286.24458345971
 10
61517.26486407852
 20
-48697.28208345971
 10
61415.66486407852
 20
-48697.28208345971
 10
61415.66486407852
 20
-49286.24458345971
  0
TEXT
  5
4E6
330
17
100
AcDbEntity
  8
NUMBERS
100
AcDbText
 10
61406.19866037481
 20
-49000.58277790416
 30
0.0
 40
17.63888888888863
  1
E1卫生间-28
 72
     1
 11
61466.46486407852
 21
-48991.76333345971
 31
0.0
100
AcDbText
 73
     2
  0
LWPOLYLINE
  5
4E7
330
17
100
AcDbEntity
  8
OUTER
100
AcDbPolyline
 90
        5
 70
     0
 43
0.0
 10
66642.46407491821
 20
-49523.52392479889
 10
67099.66407491821
 20
-49523.52392479889
 10
67099.66407491821
 20
-48878.99892479891
 10
66642.46407491821
 20
-48878.99892479891
 10
66642.46407491821
 20
-49523.52392479889
  0
TEXT
  5
4E8
330
17
100
AcDbEntity
  8
NUMBERS
100
AcDbText
 10
66599.86615825155
 20
-49240.9489247989
 30
0.0
 40
79.3749999999995
  1
E1卫生间-29
 72
     1
 11
66871.06407491822
 21
-49201.26142479889
 31
0.0
100
AcDbText
 73
     2
  0
LWPOLYLINE
  5
4E9
330
17
100
AcDbEntity
  8
OUTER
100
AcDbPolyline
 90
        5
 70
     0
 43
0.0
 10
67617.88606248843
 20
-49288.01877550733
 10
68411.63606248843
 20
-49288.01877550733
 10
68411.63606248843
 20
-48699.05627550735
 10
67617.88606248843
 20
-48699.05627550735
 10
67617.88606248843
 20
-49288.01877550733
  0
TEXT
  5
4EA
330
17
100
AcDbEntity
  8
NUMBERS
100
AcDbText
 10
67748.09439582175
 20
-49033.53752550735
 30
0.0
 40
80.0
  1
E1卫生间-30
 72
     1
 11
68014.76106248842
 21
-48993.53752550735
 31
0.0
100
AcDbText
 73
     2
  0
LWPOLYLINE
  5
4EB
330
17
100
AcDbEntity
  8
OUTER
100
AcDbPolyline
 90
        5
 70
     0
 43
0.0
 10
68565.39858461697
 20
-49288.01877550733
 10
68666.99858461697
 20
-49288.01877550733
 10
68666.99858461697
 20
-48699.05627550735
 10
68565.39858461697
 20
-48699.05627550735
 10
68565.39858461697
 20
-49288.01877550733
  0
TEXT
  5
4EC
330
17
100
AcDbEntity
  8
NUMBERS
100
AcDbText
 10
68558.87219572808
 20
-49002.3569699518
 30
0.0
 40
17.6388888888899
  1
E1卫生间-31
 72
     1
 11
68616.19858461697
 21
-48993.53752550735
 31
0.0
100
AcDbText
 73
     2
  0
LWPOLYLINE
  5
4ED
330
17
100
AcDbEntity
  8
OUTER
100
AcDbPolyline
 90
        5
 70
     0
 43
0.0
 10
74070.90955970103
 20
-49523.52392479889
 10
74528.10955970101
 20
-49523.52392479889
 10
74528.10955970101
 20
-48878.99892479891
 10
74070.90955970103
 20
-48878.99892479891
 10
74070.90955970103
 20
-49523.52392479889
  0
TEXT
  5
4EE
330
17
100
AcDbEntity
  8
NUMBERS
100
AcDbText
 10
74028.31164303435
 20
-49240.9489247989
 30
0.0
 40
79.3749999999995
  1
E1卫生间-32
 72
     1
 11
74299.50955970102
 21
-49201.26142479889
 31
0.0
100
AcDbText
 73
     2
  0
LWPOLYLINE
  5
4EF
330
17
100
AcDbEntity
  8
OUTER
100
AcDbPolyline
 90
        5
 70
     0
 43
0.0
 10
75254.28440770338
 20
-49181.53969759433
 10
76048.03440770337
 20
-49181.53969759433
 10
76048.03440770337
 20
-48592.57719759434
 10
75254.28440770338
 20
-48592.57719759434
 10
75254.28440770338
 20
-49181.53969759433
  0
TEXT
  5
4F0
330
17
100
AcDbEntity
  8
NUMBERS
100
AcDbText
 10
75377.82607437005
 20
-48927.05844759433
 30
0.0
 40
80.0
  1
E1卫生间-33
 72
     1
 11
75651.15940770338
 21
-48887.05844759433
 31
0.0
100
AcDbText
 73
     2
  0
LWPOLYLINE
  5
4F1
330
17
100
AcDbEntity
  8
OUTER
100
AcDbPolyline
 90
        5
 70
     0
 43
0.0
 10
76201.79692983191
 20
-49181.53969759433
 10
76303.39692983191
 20
-49181.53969759433
 10
76303.39692983191
 20
-48592.57719759434
 10
76201.79692983191
 20
-48592.57719759434
 10
76201.79692983191
 20
-49181.53969759433
  0
TEXT
  5
4F2
330
17
100
AcDbEntity
  8
NUMBERS
100
AcDbText
 10
76192.33072612821
 20
-48895.87789203879
 30
0.0
 40
17.6388888888899
  1
E1卫生间-34
 72
     1
 11
76252.59692983191
 21
-48887.05844759434
 31
0.0
100
AcDbText
 73
     2
  0
LWPOLYLINE
  5
4F3
330
17
100
AcDbEntity
  8
OUTER
100
AcDbPolyline
 90
        5
 70
     0
 43
0.0
 10
81917.20512243538
 20
-49523.52392479889
 10
82374.40512243537
 20
-49523.52392479889
 10
82374.40512243537
 20
-48878.99892479891
 10
81917.20512243538
 20
-48878.99892479891
 10
81917.20512243538
 20
-49523.52392479889
  0
TEXT
  5
4F4
330
17
100
AcDbEntity
  8
NUMBERS
100
AcDbText
 10
81874.6072057687
 20
-49240.9489247989
 30
0.0
 40
79.3749999999995
  1
E1卫生间-35
 72
     1
 11
82145.80512243538
 21
-49201.26142479889
 31
0.0
100
AcDbText
 73
     2
  0
LWPOLYLINE
  5
4F5
330
17
100
AcDbEntity
  8
OUTER
100
AcDbPolyline
 90
        5
 70
     0
 43
0.0
 10
82982.92359087383
 20
-49299.70788149409
 10
83776.67359087384
 20
-49299.70788149409
 10
83776.67359087384
 20
-48710.7453814941
 10
82982.92359087383
 20
-48710.7453814941
 10
82982.92359087383
 20
-49299.70788149409
  0
TEXT
  5
4F6
330
17
100
AcDbEntity
  8
NUMBERS
100
AcDbText
 10
83106.4652575405
 20
-49045.22663149409
 30
0.0
 40
80.0
  1
E1卫生间-36
 72
     1
 11
83379.79859087383
 21
-49005.22663149409
 31
0.0
100
AcDbText
 73
     2
  0
LWPOLYLINE
  5
4F7
330
17
100
AcDbEntity
  8
OUTER
100
AcDbPolyline
 90
        5
 70
     0
 43
0.0
 10
83930.43611300237
 20
-49299.70788149409
 10
84032.03611300236
 20
-49299.70788149409
 10
84032.03611300236
 20
-48710.7453814941
 10
83930.43611300237
 20
-48710.7453814941
 10
83930.43611300237
 20
-49299.70788149409
  0
TEXT
  5
4F8
330
17
100
AcDbEntity
  8
NUMBERS
100
AcDbText
 10
83920.96990929866
 20
-49014.04607593853
 30
0.0
 40
17.6388888888899
  1
E1卫生间-37
 72
     1
 11
83981.23611300238
 21
-49005.22663149409
 31
0.0
100
AcDbText
 73
     2
  0
LWPOLYLINE
  5
4F9
330
17
100
AcDbEntity
  8
OUTER
100
AcDbPolyline
 90
        5
 70
     0
 43
0.0
 10
46985.51933724566
 20
-51971.68562281378
 10
47442.71933724565
 20
-51971.68562281378
 10
47442.71933724565
 20
-51327.16062281378
 10
46985.51933724566
 20
-51327.16062281378
 10
46985.51933724566
 20
-51971.68562281378
  0
TEXT
  5
4FA
330
17
100
AcDbEntity
  8
NUMBERS
100
AcDbText
 10
46942.92142057899
 20
-51689.11062281377
 30
0.0
 40
79.37499999999824
  1
E1卫生间-38
 72
     1
 11
47214.11933724566
 21
-51649.42312281378
 31
0.0
100
AcDbText
 73
     2
  0
LWPOLYLINE
  5
4FB
330
17
100
AcDbEntity
  8
OUTER
100
AcDbPolyline
 90
        5
 70
     0
 43
0.0
 10
53589.9084591126
 20
-51971.68562281378
 10
54047.10845911258
 20
-51971.68562281378
 10
54047.10845911258
 20
-51327.16062281378
 10
53589.9084591126
 20
-51327.16062281378
 10
53589.9084591126
 20
-51971.68562281378
  0
TEXT
  5
4FC
330
17
100
AcDbEntity
  8
NUMBERS
100
AcDbText
 10
53547.31054244592
 20
-51689.11062281377
 30
0.0
 40
79.37499999999824
  1
E1卫生间-39
 72
     1
 11
53818.50845911258
 21
-51649.42312281378
 31
0.0
100
AcDbText
 73
     2
  0
LWPOLYLINE
  5
4FD
330
17
100
AcDbEntity
  8
OUTER
100
AcDbPolyline
 90
        5
 70
     0
 43
0.0
 10
60267.51701877238
 20
-51971.68562281378
 10
60724.7170187724
 20
-51971.68562281378
 10
60724.7170187724
 20
-51327.16062281378
 10
60267.51701877238
 20
-51327.16062281378
 10
60267.51701877238
 20
-51971.68562281378
  0
TEXT
  5
4FE
330
17
100
AcDbEntity
  8
NUMBERS
100
AcDbText
 10
60231.53368543907
 20
-51689.11062281377
 30
0.0
 40
79.37500000000077
  1
E1卫生间-40
 72
     1
 11
60496.11701877241
 21
-51649.42312281378
 31
0.0
100
AcDbText
 73
     2
  0
LWPOLYLINE
  5
4FF
330
17
100
AcDbEntity
  8
OUTER
100
AcDbPolyline
 90
        5
 70
     0
 43
0.0
 10
67463.82322589445
 20
-51971.68562281378
 10
67921.02322589446
 20
-51971.68562281378
 10
67921.02322589446
 20
-51327.16062281378
 10
67463.82322589445
 20
-51327.16062281378
 10
67463.82322589445
 20
-51971.68562281378
  0
TEXT
  5
500
330
17
100
AcDbEntity
  8
NUMBERS
100
AcDbText
 10
67434.45447589445
 20
-51689.11062281377
 30
0.0
 40
79.3749999999995
  1
E1卫生间-41
 72
     1
 11
67692.42322589446
 21
-51649.42312281378
 31
0.0
100
AcDbText
 73
     2
  0
LWPOLYLINE
  5
501
330
17
100
AcDbEntity
  8
OUTER
100
AcDbPolyline
 90
        5
 70
     0
 43
0.0
 10
74892.26871067724
 20
-51971.68562281378
 10
75349.46871067725
 20
-51971.68562281378
 10
75349.46871067725
 20
-51327.16062281378
 10
74892.26871067724
 20
-51327.16062281378
 10
74892.26871067724
 20
-51971.68562281378
  0
TEXT
  5
502
330
17
100
AcDbEntity
  8
NUMBERS
100
AcDbText
 10
74849.67079401057
 20
-51689.11062281377
 30
0.0
 40
79.37500000000202
  1
E1卫生间-42
 72
     1
 11
75120.86871067724
 21
-51649.42312281378
 31
0.0
100
AcDbText
 73
     2
  0
LWPOLYLINE
  5
503
330
17
100
AcDbEntity
  8
OUTER
100
AcDbPolyline
 90
        5
 70
     0
 43
0.0
 10
82738.56427341161
 20
-51971.68562281378
 10
83195.76427341161
 20
-51971.68562281378
 10
83195.76427341161
 20
-51327.16062281378
 10
82738.56427341161
 20
-51327.16062281378
 10
82738.56427341161
 20
-51971.68562281378
  0
TEXT
  5
504
330
17
100
AcDbEntity
  8
NUMBERS
100
AcDbText
 10
82695.96635674494
 20
-51689.11062281377
 30
0.0
 40
79.3749999999995
  1
E1卫生间-43
 72
     1
 11
82967.16427341161
 21
-51649.42312281378
 31
0.0
100
AcDbText
 73
     2
  0
LWPOLYLINE
  5
505
330
17
100
AcDbEntity
  8
OUTER
100
AcDbPolyline
 90
        7
 70
     0
 43
0.0
 10
44517.82071141361
 20
-49522.27424030472
 10
45427.45821141361
 20
-49522.27424030472
 10
45427.45821141361
 20
-48877.74924030471
 10
45162.34571141361
 20
-48877.74924030471
 10
45162.34571141361
 20
-46677.47424030473
 10
44517.82071141361
 20
-46677.47424030473
 10
44517.82071141361
 20
-49522.27424030472
  0
TEXT
  5
506
330
17
100
AcDbEntity
  8
NUMBERS
100
AcDbText
 10
44658.85540704913
 20
-48233.65829466919
 30
0.0
 40
80.0
  1
E1厨房-01
 72
     1
 11
44878.85540704914
 21
-48193.6582946692
 31
0.0
100
AcDbText
 73
     2
  0
LWPOLYLINE
  5
507
330
17
100
AcDbEntity
  8
OUTER
100
AcDbPolyline
 90
        7
 70
     0
 43
0.0
 10
51122.20983328056
 20
-49522.27424030472
 10
52031.84733328057
 20
-49522.27424030472
 10
52031.84733328057
 20
-48877.74924030471
 10
51766.73483328056
 20
-48877.74924030471
 10
51766.73483328056
 20
-46677.47424030473
 10
51122.20983328056
 20
-46677.47424030473
 10
51122.20983328056
 20
-49522.27424030472
  0
TEXT
  5
508
330
17
100
AcDbEntity
  8
NUMBERS
100
AcDbText
 10
51249.91119558274
 20
-48233.65829466919
 30
0.0
 40
80.0
  1
E1厨房-02
 72
     1
 11
51483.24452891608
 21
-48193.6582946692
 31
0.0
100
AcDbText
 73
     2
  0
LWPOLYLINE
  5
509
330
17
100
AcDbEntity
  8
OUTER
100
AcDbPolyline
 90
        7
 70
     0
 43
0.0
 10
57799.81839294036
 20
-49522.27424030472
 10
58709.45589294035
 20
-49522.27424030472
 10
58709.45589294035
 20
-48877.74924030471
 10
58444.34339294036
 20
-48877.74924030471
 10
58444.34339294036
 20
-46677.47424030473
 10
57799.81839294036
 20
-46677.47424030473
 10
57799.81839294036
 20
-49522.27424030472
  0
TEXT
  5
50A
330
17
100
AcDbEntity
  8
NUMBERS
100
AcDbText
 10
57927.51975524255
 20
-48233.65829466919
 30
0.0
 40
80.0
  1
E1厨房-03
 72
     1
 11
58160.85308857589
 21
-48193.65829466919
 31
0.0
100
AcDbText
 73
     2
  0
LWPOLYLINE
  5
50B
330
17
100
AcDbEntity
  8
OUTER
100
AcDbPolyline
 90
        7
 70
     0
 43
0.0
 10
64996.12460006241
 20
-49522.27424030472
 10
65905.76210006241
 20
-49522.27424030472
 10
65905.76210006241
 20
-48877.74924030471
 10
65640.6496000624
 20
-48877.74924030471
 10
65640.6496000624
 20
-46677.47424030473
 10
64996.12460006241
 20
-46677.47424030473
 10
64996.12460006241
 20
-49522.27424030472
  0
TEXT
  5
50C
330
17
100
AcDbEntity
  8
NUMBERS
100
AcDbText
 10
65123.8259623646
 20
-48233.6582946692
 30
0.0
 40
80.0
  1
E1厨房-04
 72
     1
 11
65357.15929569794
 21
-48193.65829466921
 31
0.0
100
AcDbText
 73
     2
  0
LWPOLYLINE
  5
50D
330
17
100
AcDbEntity
  8
OUTER
100
AcDbPolyline
 90
        7
 70
     0
 43
0.0
 10
72424.57008484521
 20
-49522.27424030472
 10
73334.20758484519
 20
-49522.27424030472
 10
73334.20758484519
 20
-48877.74924030471
 10
73069.09508484522
 20
-48877.74924030471
 10
73069.09508484522
 20
-46677.47424030473
 10
72424.57008484521
 20
-46677.47424030473
 10
72424.57008484521
 20
-49522.27424030472
  0
TEXT
  5
50E
330
17
100
AcDbEntity
  8
NUMBERS
100
AcDbText
 10
72552.27144714742
 20
-48233.65829466919
 30
0.0
 40
80.0
  1
E1厨房-05
 72
     1
 11
72785.60478048074
 21
-48193.65829466919
 31
0.0
100
AcDbText
 73
     2
  0
LWPOLYLINE
  5
50F
330
17
100
AcDbEntity
  8
OUTER
100
AcDbPolyline
 90
        7
 70
     0
 43
0.0
 10
80270.86564757958
 20
-49522.27424030472
 10
81180.50314757955
 20
-49522.27424030472
 10
81180.50314757955
 20
-48877.74924030471
 10
80915.39064757956
 20
-48877.74924030471
 10
80915.39064757956
 20
-46677.47424030473
 10
80270.86564757958
 20
-46677.47424030473
 10
80270.86564757958
 20
-49522.27424030472
  0
TEXT
  5
510
330
17
100
AcDbEntity
  8
NUMBERS
100
AcDbText
 10
80398.56700988179
 20
-48233.65829466919
 30
0.0
 40
80.0
  1
E1厨房-06
 72
     1
 11
80631.90034321513
 21
-48193.6582946692
 31
0.0
100
AcDbText
 73
     2
  0
LWPOLYLINE
  5
511
330
17
100
AcDbEntity
  8
OUTER
100
AcDbPolyline
 90
        5
 70
     0
 43
0.0
 10
46976.29121318954
 20
-33112.97281425603
 10
48074.84121318953
 20
-33112.97281425603
 10
48074.84121318953
 20
-33011.37281425604
 10
46976.29121318954
 20
-33011.37281425604
 10
46976.29121318954
 20
-33112.97281425603
  0
TEXT
  5
512
330
17
100
AcDbEntity
  8
NUMBERS
100
AcDbText
 10
47410.56621318954
 20
-33077.17281425604
 30
0.0
 40
30.0
  1
E2A卫生间-01
 72
     1
 11
47525.56621318954
 21
-33062.17281425604
 31
0.0
100
AcDbText
 73
     2
  0
LWPOLYLINE
  5
513
330
17
100
AcDbEntity
  8
OUTER
100
AcDbPolyline
 90
        5
 70
     0
 43
0.0
 10
53634.86070888495
 20
-33219.05252611689
 10
54733.41070888495
 20
-33219.05252611689
 10
54733.41070888495
 20
-33117.4525261169
 10
53634.86070888495
 20
-33117.4525261169
 10
53634.86070888495
 20
-33219.05252611689
  0
TEXT
  5
514
330
17
100
AcDbEntity
  8
NUMBERS
100
AcDbText
 10
54064.13570888495
 20
-33183.25252611689
 30
0.0
 40
30.0
  1
E2A卫生间-02
 72
     1
 11
54184.13570888495
 21
-33168.25252611689
 31
0.0
100
AcDbText
 73
     2
  0
LWPOLYLINE
  5
515
330
17
100
AcDbEntity
  8
OUTER
100
AcDbPolyline
 90
        5
 70
     0
 43
0.0
 10
60236.91271610842
 20
-33188.89561476598
 10
61335.46271610843
 20
-33188.89561476598
 10
61335.46271610843
 20
-33087.29561476599
 10
60236.91271610842
 20
-33087.29561476599
 10
60236.91271610842
 20
-33188.89561476598
  0
TEXT
  5
516
330
17
100
AcDbEntity
  8
NUMBERS
100
AcDbText
 10
60666.18771610842
 20
-33153.09561476598
 30
0.0
 40
30.0
  1
E2A卫生间-03
 72
     1
 11
60786.18771610843
 21
-33138.09561476598
 31
0.0
100
AcDbText
 73
     2
  0
LWPOLYLINE
  5
517
330
17
100
AcDbEntity
  8
OUTER
100
AcDbPolyline
 90
        5
 70
     0
 43
0.0
 10
67400.65309249803
 20
-33158.19778990134
 10
68499.20309249802
 20
-33158.19778990134
 10
68499.20309249802
 20
-33056.59778990134
 10
67400.65309249803
 20
-33056.59778990134
 10
67400.65309249803
 20
-33158.19778990134
  0
TEXT
  5
518
330
17
100
AcDbEntity
  8
NUMBERS
100
AcDbText
 10
67829.92809249801
 20
-33122.39778990134
 30
0.0
 40
30.0
  1
E2A卫生间-04
 72
     1
 11
67949.92809249801
 21
-33107.39778990134
 31
0.0
100
AcDbText
 73
     2
  0
LWPOLYLINE
  5
519
330
17
100
AcDbEntity
  8
OUTER
100
AcDbPolyline
 90
        5
 70
     0
 43
0.0
 10
74928.72206743601
 20
-33187.59641128004
 10
76027.27206743603
 20
-33187.59641128004
 10
76027.27206743603
 20
-33085.99641128004
 10
74928.72206743601
 20
-33085.99641128004
 10
74928.72206743601
 20
-33187.59641128004
  0
TEXT
  5
51A
330
17
100
AcDbEntity
  8
NUMBERS
100
AcDbText
 10
75357.99706743601
 20
-33151.79641128004
 30
0.0
 40
30.0
  1
E2A卫生间-05
 72
     1
 11
75477.997067436
 21
-33136.79641128004
 31
0.0
100
AcDbText
 73
     2
  0
LWPOLYLINE
  5
51B
330
17
100
AcDbEntity
  8
OUTER
100
AcDbPolyline
 90
        5
 70
     0
 43
0.0
 10
82709.69399670121
 20
-33202.75041510462
 10
83808.24399670121
 20
-33202.75041510462
 10
83808.24399670121
 20
-33101.15041510462
 10
82709.69399670121
 20
-33101.15041510462
 10
82709.69399670121
 20
-33202.75041510462
  0
TEXT
  5
51C
330
17
100
AcDbEntity
  8
NUMBERS
100
AcDbText
 10
83138.96899670121
 20
-33166.95041510461
 30
0.0
 40
30.0
  1
E2A卫生间-06
 72
     1
 11
83258.96899670121
 21
-33151.95041510461
 31
0.0
100
AcDbText
 73
     2
  0
LWPOLYLINE
  5
51D
330
17
100
AcDbEntity
  8
OUTER
100
AcDbPolyline
 90
        5
 70
     0
 43
0.0
 10
46984.57440311886
 20
-33942.55582676231
 10
48083.12440311887
 20
-33942.55582676231
 10
48083.12440311887
 20
-33353.59332676231
 10
46984.57440311886
 20
-33353.59332676231
 10
46984.57440311886
 20
-33942.55582676231
  0
TEXT
  5
51E
330
17
100
AcDbEntity
  8
NUMBERS
100
AcDbText
 10
47213.84940311886
 20
-33688.07457676232
 30
0.0
 40
80.0
  1
E2A卫生间-07
 72
     1
 11
47533.84940311886
 21
-33648.07457676232
 31
0.0
100
AcDbText
 73
     2
  0
LWPOLYLINE
  5
51F
330
17
100
AcDbEntity
  8
OUTER
100
AcDbPolyline
 90
        5
 70
     0
 43
0.0
 10
48210.32539163902
 20
-33943.17286411276
 10
48311.92539163902
 20
-33943.17286411276
 10
48311.92539163902
 20
-33354.21036411277
 10
48210.32539163902
 20
-33354.21036411277
 10
48210.32539163902
 20
-33943.17286411276
  0
TEXT
  5
520
330
17
100
AcDbEntity
  8
NUMBERS
100
AcDbText
 10
48198.40934225631
 20
-33656.53112028561
 30
0.0
 40
15.67901234567991
  1
E2A卫生间-08
 72
     1
 11
48261.12539163903
 21
-33648.69161411277
 31
0.0
100
AcDbText
 73
     2
  0
LWPOLYLINE
  5
521
330
17
100
AcDbEntity
  8
OUTER
100
AcDbPolyline
 90
        5
 70
     0
 43
0.0
 10
60245.19590603776
 20
-34018.47862727227
 10
61343.74590603775
 20
-34018.47862727227
 10
61343.74590603775
 20
-33429.51612727227
 10
60245.19590603776
 20
-33429.51612727227
 10
60245.19590603776
 20
-34018.47862727227
  0
TEXT
  5
522
330
17
100
AcDbEntity
  8
NUMBERS
100
AcDbText
 10
60474.47090603776
 20
-33763.99737727227
 30
0.0
 40
80.0
  1
E2A卫生间-09
 72
     1
 11
60794.47090603776
 21
-33723.99737727227
 31
0.0
100
AcDbText
 73
     2
  0
LWPOLYLINE
  5
523
330
17
100
AcDbEntity
  8
OUTER
100
AcDbPolyline
 90
        5
 70
     0
 43
0.0
 10
61470.94689455792
 20
-34019.09566462272
 10
61572.54689455791
 20
-34019.09566462272
 10
61572.54689455791
 20
-33430.13316462273
 10
61470.94689455792
 20
-33430.13316462273
 10
61470.94689455792
 20
-34019.09566462272
  0
TEXT
  5
524
330
17
100
AcDbEntity
  8
NUMBERS
100
AcDbText
 10
61461.6440138995
 20
-33732.45392079557
 30
0.0
 40
15.67901234567766
  1
E2A卫生间-10
 72
     1
 11
61521.74689455793
 21
-33724.61441462273
 31
0.0
100
AcDbText
 73
     2
  0
LWPOLYLINE
  5
525
330
17
100
AcDbEntity
  8
OUTER
100
AcDbPolyline
 90
        5
 70
     0
 43
0.0
 10
67408.93628242734
 20
-33987.78080240762
 10
68507.48628242733
 20
-33987.78080240762
 10
68507.48628242733
 20
-33398.81830240762
 10
67408.93628242734
 20
-33398.81830240762
 10
67408.93628242734
 20
-33987.78080240762
  0
TEXT
  5
526
330
17
100
AcDbEntity
  8
NUMBERS
100
AcDbText
 10
67658.21128242733
 20
-33733.29955240762
 30
0.0
 40
80.0
  1
E2A卫生间-11
 72
     1
 11
67958.21128242733
 21
-33693.29955240762
 31
0.0
100
AcDbText
 73
     2
  0
LWPOLYLINE
  5
527
330
17
100
AcDbEntity
  8
OUTER
100
AcDbPolyline
 90
        5
 70
     0
 43
0.0
 10
68634.68727094747
 20
-33988.39783975807
 10
68736.28727094749
 20
-33988.39783975807
 10
68736.28727094749
 20
-33399.43533975808
 10
68634.68727094747
 20
-33399.43533975808
 10
68634.68727094747
 20
-33988.39783975807
  0
TEXT
  5
528
330
17
100
AcDbEntity
  8
NUMBERS
100
AcDbText
 10
68624.07780592691
 20
-33701.75609593091
 30
0.0
 40
15.67901234567991
  1
E2A卫生间-12
 72
     1
 11
68685.48727094749
 21
-33693.91658975807
 31
0.0
100
AcDbText
 73
     2
  0
LWPOLYLINE
  5
529
330
17
100
AcDbEntity
  8
OUTER
100
AcDbPolyline
 90
        5
 70
     0
 43
0.0
 10
74937.00525736535
 20
-34017.17942378632
 10
76035.55525736536
 20
-34017.17942378632
 10
76035.55525736536
 20
-33428.21692378632
 10
74937.00525736535
 20
-33428.21692378632
 10
74937.00525736535
 20
-34017.17942378632
  0
TEXT
  5
52A
330
17
100
AcDbEntity
  8
NUMBERS
100
AcDbText
 10
75172.94692403202
 20
-33762.69817378633
 30
0.0
 40
80.0
  1
E2A卫生间-13
 72
     1
 11
75486.28025736534
 21
-33722.69817378633
 31
0.0
100
AcDbText
 73
     2
  0
LWPOLYLINE
  5
52B
330
17
100
AcDbEntity
  8
OUTER
100
AcDbPolyline
 90
        5
 70
     0
 43
0.0
 10
76162.75624588551
 20
-34017.79646113677
 10
76264.3562458855
 20
-34017.79646113677
 10
76264.3562458855
 20
-33428.83396113679
 10
76162.75624588551
 20
-33428.83396113679
 10
76162.75624588551
 20
-34017.79646113677
  0
TEXT
  5
52C
330
17
100
AcDbEntity
  8
NUMBERS
100
AcDbText
 10
76152.14678086495
 20
-33731.1547173096
 30
0.0
 40
15.67901234567766
  1
E2A卫生间-14
 72
     1
 11
76213.55624588551
 21
-33723.31521113677
 31
0.0
100
AcDbText
 73
     2
  0
LWPOLYLINE
  5
52D
330
17
100
AcDbEntity
  8
OUTER
100
AcDbPolyline
 90
        5
 70
     0
 43
0.0
 10
82717.97718663052
 20
-34032.33342761089
 10
83816.52718663056
 20
-34032.33342761089
 10
83816.52718663056
 20
-33443.37092761089
 10
82717.97718663052
 20
-33443.37092761089
 10
82717.97718663052
 20
-34032.33342761089
  0
TEXT
  5
52E
330
17
100
AcDbEntity
  8
NUMBERS
100
AcDbText
 10
82953.91885329721
 20
-33777.85217761089
 30
0.0
 40
80.0
  1
E2A卫生间-15
 72
     1
 11
83267.25218663053
 21
-33737.85217761089
 31
0.0
100
AcDbText
 73
     2
  0
LWPOLYLINE
  5
52F
330
17
100
AcDbEntity
  8
OUTER
100
AcDbPolyline
 90
        5
 70
     0
 43
0.0
 10
83943.72817515069
 20
-34032.95046496134
 10
84045.32817515066
 20
-34032.95046496134
 10
84045.32817515066
 20
-33443.98796496135
 10
83943.72817515069
 20
-33443.98796496135
 10
83943.72817515069
 20
-34032.95046496134
  0
TEXT
  5
530
330
17
100
AcDbEntity
  8
NUMBERS
100
AcDbText
 10
83933.11871013009
 20
-33746.30872113419
 30
0.0
 40
15.67901234567542
  1
E2A卫生间-16
 72
     1
 11
83994.52817515067
 21
-33738.46921496135
 31
0.0
100
AcDbText
 73
     2
  0
LWPOLYLINE
  5
531
330
17
100
AcDbEntity
  8
OUTER
100
AcDbPolyline
 90
        5
 70
     0
 43
0.0
 10
53643.14389881426
 20
-34048.63553862317
 10
54741.69389881428
 20
-34048.63553862317
 10
54741.69389881428
 20
-33459.67303862317
 10
53643.14389881426
 20
-33459.67303862317
 10
53643.14389881426
 20
-34048.63553862317
  0
TEXT
  5
532
330
17
100
AcDbEntity
  8
NUMBERS
100
AcDbText
 10
53879.08556548093
 20
-33794.15428862318
 30
0.0
 40
80.0
  1
E2A卫生间-17
 72
     1
 11
54192.41889881427
 21
-33754.15428862318
 31
0.0
100
AcDbText
 73
     2
  0
LWPOLYLINE
  5
533
330
17
100
AcDbEntity
  8
OUTER
100
AcDbPolyline
 90
        5
 70
     0
 43
0.0
 10
54868.89488733443
 20
-34049.25257597362
 10
54970.49488733443
 20
-34049.25257597362
 10
54970.49488733443
 20
-33460.29007597363
 10
54868.89488733443
 20
-33460.29007597363
 10
54868.89488733443
 20
-34049.25257597362
  0
TEXT
  5
534
330
17
100
AcDbEntity
  8
NUMBERS
100
AcDbText
 10
54858.28542231383
 20
-33762.61083214647
 30
0.0
 40
15.67901234567991
  1
E2A卫生间-18
 72
     1
 11
54919.69488733441
 21
-33754.77132597363
 31
0.0
100
AcDbText
 73
     2
  0
LWPOLYLINE
  5
535
330
17
100
AcDbEntity
  8
OUTER
100
AcDbPolyline
 90
        5
 70
     0
 43
0.0
 10
47056.10736164427
 20
-34605.61873167024
 10
47926.05736164427
 20
-34605.61873167024
 10
47926.05736164427
 20
-34504.01873167023
 10
47056.10736164427
 20
-34504.01873167023
 10
47056.10736164427
 20
-34605.61873167024
  0
TEXT
  5
536
330
17
100
AcDbEntity
  8
NUMBERS
100
AcDbText
 10
47373.58236164427
 20
-34569.81873167024
 30
0.0
 40
30.0
  1
E2A卫生间-19
 72
     1
 11
47491.08236164426
 21
-34554.81873167024
 31
0.0
100
AcDbText
 73
     2
  0
LWPOLYLINE
  5
537
330
17
100
AcDbEntity
  8
OUTER
100
AcDbPolyline
 90
        5
 70
     0
 43
0.0
 10
53714.67685733968
 20
-34711.6984435311
 10
54584.62685733968
 20
-34711.6984435311
 10
54584.62685733968
 20
-34610.09844353109
 10
53714.67685733968
 20
-34610.09844353109
 10
53714.67685733968
 20
-34711.6984435311
  0
TEXT
  5
538
330
17
100
AcDbEntity
  8
NUMBERS
100
AcDbText
 10
54029.65185733967
 20
-34675.89844353109
 30
0.0
 40
30.0
  1
E2A卫生间-20
 72
     1
 11
54149.65185733967
 21
-34660.89844353109
 31
0.0
100
AcDbText
 73
     2
  0
LWPOLYLINE
  5
539
330
17
100
AcDbEntity
  8
OUTER
100
AcDbPolyline
 90
        5
 70
     0
 43
0.0
 10
60316.72886456316
 20
-34681.54153218018
 10
61186.67886456316
 20
-34681.54153218018
 10
61186.67886456316
 20
-34579.94153218019
 10
60316.72886456316
 20
-34579.94153218019
 10
60316.72886456316
 20
-34681.54153218018
  0
TEXT
  5
53A
330
17
100
AcDbEntity
  8
NUMBERS
100
AcDbText
 10
60634.20386456318
 20
-34645.7415321802
 30
0.0
 40
30.0
  1
E2A卫生间-21
 72
     1
 11
60751.70386456317
 21
-34630.74153218021
 31
0.0
100
AcDbText
 73
     2
  0
LWPOLYLINE
  5
53B
330
17
100
AcDbEntity
  8
OUTER
100
AcDbPolyline
 90
        5
 70
     0
 43
0.0
 10
67480.46924095275
 20
-34650.84370731554
 10
68350.41924095276
 20
-34650.84370731554
 10
68350.41924095276
 20
-34549.24370731554
 10
67480.46924095275
 20
-34549.24370731554
 10
67480.46924095275
 20
-34650.84370731554
  0
TEXT
  5
53C
330
17
100
AcDbEntity
  8
NUMBERS
100
AcDbText
 10
67792.94424095275
 20
-34615.04370731554
 30
0.0
 40
30.0
  1
E2A卫生间-22
 72
     1
 11
67915.44424095275
 21
-34600.04370731553
 31
0.0
100
AcDbText
 73
     2
  0
LWPOLYLINE
  5
53D
330
17
100
AcDbEntity
  8
OUTER
100
AcDbPolyline
 90
        5
 70
     0
 43
0.0
 10
75008.53821589076
 20
-34680.24232869424
 10
75878.48821589076
 20
-34680.24232869424
 10
75878.48821589076
 20
-34578.64232869424
 10
75008.53821589076
 20
-34578.64232869424
 10
75008.53821589076
 20
-34680.24232869424
  0
TEXT
  5
53E
330
17
100
AcDbEntity
  8
NUMBERS
100
AcDbText
 10
75321.01321589077
 20
-34644.44232869425
 30
0.0
 40
30.0
  1
E2A卫生间-23
 72
     1
 11
75443.51321589076
 21
-34629.44232869425
 31
0.0
100
AcDbText
 73
     2
  0
LWPOLYLINE
  5
53F
330
17
100
AcDbEntity
  8
OUTER
100
AcDbPolyline
 90
        5
 70
     0
 43
0.0
 10
82789.51014515595
 20
-34695.39633251882
 10
83659.46014515595
 20
-34695.39633251882
 10
83659.46014515595
 20
-34593.79633251881
 10
82789.51014515595
 20
-34593.79633251881
 10
82789.51014515595
 20
-34695.39633251882
  0
TEXT
  5
540
330
17
100
AcDbEntity
  8
NUMBERS
100
AcDbText
 10
83101.98514515596
 20
-34659.59633251882
 30
0.0
 40
30.0
  1
E2A卫生间-24
 72
     1
 11
83224.48514515595
 21
-34644.59633251882
 31
0.0
100
AcDbText
 73
     2
  0
LWPOLYLINE
  5
541
330
17
100
AcDbEntity
  8
OUTER
100
AcDbPolyline
 90
        5
 70
     0
 43
0.0
 10
47056.10736164427
 20
-35390.46662767488
 10
47926.05736164427
 20
-35390.46662767488
 10
47926.05736164427
 20
-34801.50412767489
 10
47056.10736164427
 20
-34801.50412767489
 10
47056.10736164427
 20
-35390.46662767488
  0
TEXT
  5
542
330
17
100
AcDbEntity
  8
NUMBERS
100
AcDbText
 10
47164.4156949776
 20
-35135.98537767489
 30
0.0
 40
80.0
  1
E2A卫生间-25
 72
     1
 11
47491.08236164426
 21
-35095.98537767489
 31
0.0
100
AcDbText
 73
     2
  0
LWPOLYLINE
  5
543
330
17
100
AcDbEntity
  8
OUTER
100
AcDbPolyline
 90
        5
 70
     0
 43
0.0
 10
48198.60610220616
 20
-35390.46662767488
 10
48300.20610220616
 20
-35390.46662767488
 10
48300.20610220616
 20
-34801.50412767489
 10
48198.60610220616
 20
-34801.50412767489
 10
48198.60610220616
 20
-35390.46662767488
  0
TEXT
  5
544
330
17
100
AcDbEntity
  8
NUMBERS
100
AcDbText
 10
48185.38346846131
 20
-35103.82488384772
 30
0.0
 40
15.67901234567879
  1
E2A卫生间-26
 72
     1
 11
48249.40610220617
 21
-35095.98537767489
 31
0.0
100
AcDbText
 73
     2
  0
LWPOLYLINE
  5
545
330
17
100
AcDbEntity
  8
OUTER
100
AcDbPolyline
 90
        5
 70
     0
 43
0.0
 10
53714.67685733968
 20
-35496.54633953574
 10
54584.62685733968
 20
-35496.54633953574
 10
54584.62685733968
 20
-34907.58383953575
 10
53714.67685733968
 20
-34907.58383953575
 10
53714.67685733968
 20
-35496.54633953574
  0
TEXT
  5
546
330
17
100
AcDbEntity
  8
NUMBERS
100
AcDbText
 10
53822.98519067301
 20
-35242.06508953573
 30
0.0
 40
80.0
  1
E2A卫生间-27
 72
     1
 11
54149.65185733967
 21
-35202.06508953573
 31
0.0
100
AcDbText
 73
     2
  0
LWPOLYLINE
  5
547
330
17
100
AcDbEntity
  8
OUTER
100
AcDbPolyline
 90
        5
 70
     0
 43
0.0
 10
54857.17559790157
 20
-35496.54633953574
 10
54958.77559790157
 20
-35496.54633953574
 10
54958.77559790157
 20
-34907.58383953575
 10
54857.17559790157
 20
-34907.58383953575
 10
54857.17559790157
 20
-35496.54633953574
  0
TEXT
  5
548
330
17
100
AcDbEntity
  8
NUMBERS
100
AcDbText
 10
54843.95296415672
 20
-35209.90459570858
 30
0.0
 40
15.67901234567879
  1
E2A卫生间-28
 72
     1
 11
54907.97559790157
 21
-35202.06508953574
 31
0.0
100
AcDbText
 73
     2
  0
LWPOLYLINE
  5
549
330
17
100
AcDbEntity
  8
OUTER
100
AcDbPolyline
 90
        5
 70
     0
 43
0.0
 10
60316.72886456316
 20
-35466.38942818484
 10
61186.67886456316
 20
-35466.38942818484
 10
61186.67886456316
 20
-34877.42692818485
 10
60316.72886456316
 20
-34877.42692818485
 10
60316.72886456316
 20
-35466.38942818484
  0
TEXT
  5
54A
330
17
100
AcDbEntity
  8
NUMBERS
100
AcDbText
 10
60425.03719789651
 20
-35211.90817818485
 30
0.0
 40
80.0
  1
E2A卫生间-29
 72
     1
 11
60751.70386456317
 21
-35171.90817818485
 31
0.0
100
AcDbText
 73
     2
  0
LWPOLYLINE
  5
54B
330
17
100
AcDbEntity
  8
OUTER
100
AcDbPolyline
 90
        5
 70
     0
 43
0.0
 10
61459.22760512505
 20
-35466.38942818484
 10
61560.82760512505
 20
-35466.38942818484
 10
61560.82760512505
 20
-34877.42692818485
 10
61459.22760512505
 20
-34877.42692818485
 10
61459.22760512505
 20
-35466.38942818484
  0
TEXT
  5
54C
330
17
100
AcDbEntity
  8
NUMBERS
100
AcDbText
 10
61447.31155574234
 20
-35179.74768435768
 30
0.0
 40
15.67901234567879
  1
E2A卫生间-30
 72
     1
 11
61510.02760512506
 21
-35171.90817818484
 31
0.0
100
AcDbText
 73
     2
  0
LWPOLYLINE
  5
54D
330
17
100
AcDbEntity
  8
OUTER
100
AcDbPolyline
 90
        5
 70
     0
 43
0.0
 10
67480.46924095275
 20
-35435.69160332018
 10
68350.41924095276
 20
-35435.69160332018
 10
68350.41924095276
 20
-34846.7291033202
 10
67480.46924095275
 20
-34846.7291033202
 10
67480.46924095275
 20
-35435.69160332018
  0
TEXT
  5
54E
330
17
100
AcDbEntity
  8
NUMBERS
100
AcDbText
 10
67602.11090761942
 20
-35181.2103533202
 30
0.0
 40
80.0
  1
E2A卫生间-31
 72
     1
 11
67915.44424095275
 21
-35141.2103533202
 31
0.0
100
AcDbText
 73
     2
  0
LWPOLYLINE
  5
54F
330
17
100
AcDbEntity
  8
OUTER
100
AcDbPolyline
 90
        5
 70
     0
 43
0.0
 10
68622.96798151462
 20
-35435.69160332018
 10
68724.56798151461
 20
-35435.69160332018
 10
68724.56798151461
 20
-34846.7291033202
 10
68622.96798151462
 20
-34846.7291033202
 10
68622.96798151462
 20
-35435.69160332018
  0
TEXT
  5
550
330
17
100
AcDbEntity
  8
NUMBERS
100
AcDbText
 10
68609.74534776977
 20
-35149.04985949304
 30
0.0
 40
15.67901234567766
  1
E2A卫生间-32
 72
     1
 11
68673.76798151463
 21
-35141.2103533202
 31
0.0
100
AcDbText
 73
     2
  0
LWPOLYLINE
  5
551
330
17
100
AcDbEntity
  8
OUTER
100
AcDbPolyline
 90
        5
 70
     0
 43
0.0
 10
75008.53821589076
 20
-35465.09022469888
 10
75878.48821589076
 20
-35465.09022469888
 10
75878.48821589076
 20
-34876.12772469891
 10
75008.53821589076
 20
-34876.12772469891
 10
75008.53821589076
 20
-35465.09022469888
  0
TEXT
  5
552
330
17
100
AcDbEntity
  8
NUMBERS
100
AcDbText
 10
75116.84654922409
 20
-35210.6089746989
 30
0.0
 40
80.0
  1
E2A卫生间-33
 72
     1
 11
75443.51321589076
 21
-35170.6089746989
 31
0.0
100
AcDbText
 73
     2
  0
LWPOLYLINE
  5
553
330
17
100
AcDbEntity
  8
OUTER
100
AcDbPolyline
 90
        5
 70
     0
 43
0.0
 10
76151.03695645265
 20
-35465.09022469888
 10
76252.63695645264
 20
-35465.09022469888
 10
76252.63695645264
 20
-34876.12772469891
 10
76151.03695645265
 20
-34876.12772469891
 10
76151.03695645265
 20
-35465.09022469888
  0
TEXT
  5
554
330
17
100
AcDbEntity
  8
NUMBERS
100
AcDbText
 10
76137.81432270778
 20
-35178.44848087174
 30
0.0
 40
15.67901234567766
  1
E2A卫生间-34
 72
     1
 11
76201.83695645263
 21
-35170.6089746989
 31
0.0
100
AcDbText
 73
     2
  0
LWPOLYLINE
  5
555
330
17
100
AcDbEntity
  8
OUTER
100
AcDbPolyline
 90
        5
 70
     0
 43
0.0
 10
82789.51014515595
 20
-35480.24422852347
 10
83659.46014515595
 20
-35480.24422852347
 10
83659.46014515595
 20
-34891.28172852347
 10
82789.51014515595
 20
-34891.28172852347
 10
82789.51014515595
 20
-35480.24422852347
  0
TEXT
  5
556
330
17
100
AcDbEntity
  8
NUMBERS
100
AcDbText
 10
82897.81847848928
 20
-35225.76297852347
 30
0.0
 40
80.0
  1
E2A卫生间-35
 72
     1
 11
83224.48514515595
 21
-35185.76297852347
 31
0.0
100
AcDbText
 73
     2
  0
LWPOLYLINE
  5
557
330
17
100
AcDbEntity
  8
OUTER
100
AcDbPolyline
 90
        5
 70
     0
 43
0.0
 10
83932.00888571781
 20
-35480.24422852347
 10
84033.60888571782
 20
-35480.24422852347
 10
84033.60888571782
 20
-34891.28172852347
 10
83932.00888571781
 20
-34891.28172852347
 10
83932.00888571781
 20
-35480.24422852347
  0
TEXT
  5
558
330
17
100
AcDbEntity
  8
NUMBERS
100
AcDbText
 10
83918.78625197296
 20
-35193.6024846963
 30
0.0
 40
15.67901234567766
  1
E2A卫生间-36
 72
     1
 11
83982.80888571783
 21
-35185.76297852347
 31
0.0
100
AcDbText
 73
     2
  0
LWPOLYLINE
  5
559
330
17
100
AcDbEntity
  8
OUTER
100
AcDbPolyline
 90
        5
 70
     0
 43
0.0
 10
46046.32135552359
 20
-35711.53706251706
 10
46503.52135552358
 20
-35711.53706251706
 10
46503.52135552358
 20
-35067.01206251707
 10
46046.32135552359
 20
-35067.01206251707
 10
46046.32135552359
 20
-35711.53706251706
  0
TEXT
  5
55A
330
17
100
AcDbEntity
  8
NUMBERS
100
AcDbText
 10
45986.81950367174
 20
-35424.55234029484
 30
0.0
 40
70.55555555555399
  1
E2A卫生间-37
 72
     1
 11
46274.92135552358
 21
-35389.27456251707
 31
0.0
100
AcDbText
 73
     2
  0
LWPOLYLINE
  5
55B
330
17
100
AcDbEntity
  8
OUTER
100
AcDbPolyline
 90
        5
 70
     0
 43
0.0
 10
52650.71047739053
 20
-35711.53706251706
 10
53107.91047739051
 20
-35711.53706251706
 10
53107.91047739051
 20
-35067.01206251707
 10
52650.71047739053
 20
-35067.01206251707
 10
52650.71047739053
 20
-35711.53706251706
  0
TEXT
  5
55C
330
17
100
AcDbEntity
  8
NUMBERS
100
AcDbText
 10
52591.20862553866
 20
-35424.55234029484
 30
0.0
 40
70.55555555555399
  1
E2A卫生间-38
 72
     1
 11
52879.31047739051
 21
-35389.27456251707
 31
0.0
100
AcDbText
 73
     2
  0
LWPOLYLINE
  5
55D
330
17
100
AcDbEntity
  8
OUTER
100
AcDbPolyline
 90
        5
 70
     0
 43
0.0
 10
59328.31903705032
 20
-35711.53706251706
 10
59785.51903705032
 20
-35711.53706251706
 10
59785.51903705032
 20
-35067.01206251707
 10
59328.31903705032
 20
-35067.01206251707
 10
59328.31903705032
 20
-35711.53706251706
  0
TEXT
  5
55E
330
17
100
AcDbEntity
  8
NUMBERS
100
AcDbText
 10
59268.81718519847
 20
-35424.55234029485
 30
0.0
 40
70.55555555555513
  1
E2A卫生间-39
 72
     1
 11
59556.91903705031
 21
-35389.27456251707
 31
0.0
100
AcDbText
 73
     2
  0
LWPOLYLINE
  5
55F
330
17
100
AcDbEntity
  8
OUTER
100
AcDbPolyline
 90
        5
 70
     0
 43
0.0
 10
66524.62524417238
 20
-35711.53706251706
 10
66981.82524417237
 20
-35711.53706251706
 10
66981.82524417237
 20
-35067.01206251707
 10
66524.62524417238
 20
-35067.01206251707
 10
66524.62524417238
 20
-35711.53706251706
  0
TEXT
  5
560
330
17
100
AcDbEntity
  8
NUMBERS
100
AcDbText
 10
66471.00302195015
 20
-35424.55234029485
 30
0.0
 40
70.55555555555513
  1
E2A卫生间-40
 72
     1
 11
66753.22524417237
 21
-35389.27456251707
 31
0.0
100
AcDbText
 73
     2
  0
LWPOLYLINE
  5
561
330
17
100
AcDbEntity
  8
OUTER
100
AcDbPolyline
 90
        5
 70
     0
 43
0.0
 10
73953.07072895517
 20
-35711.53706251706
 10
74410.27072895518
 20
-35711.53706251706
 10
74410.27072895518
 20
-35067.01206251707
 10
73953.07072895517
 20
-35067.01206251707
 10
73953.07072895517
 20
-35711.53706251706
  0
TEXT
  5
562
330
17
100
AcDbEntity
  8
NUMBERS
100
AcDbText
 10
73905.32813636259
 20
-35424.55234029485
 30
0.0
 40
70.55555555555736
  1
E2A卫生间-41
 72
     1
 11
74181.67072895518
 21
-35389.27456251707
 31
0.0
100
AcDbText
 73
     2
  0
LWPOLYLINE
  5
563
330
17
100
AcDbEntity
  8
OUTER
100
AcDbPolyline
 90
        5
 70
     0
 43
0.0
 10
81799.36629168954
 20
-35711.53706251706
 10
82256.56629168954
 20
-35711.53706251706
 10
82256.56629168954
 20
-35067.01206251707
 10
81799.36629168954
 20
-35067.01206251707
 10
81799.36629168954
 20
-35711.53706251706
  0
TEXT
  5
564
330
17
100
AcDbEntity
  8
NUMBERS
100
AcDbText
 10
81739.86443983769
 20
-35424.55234029485
 30
0.0
 40
70.55555555555513
  1
E2A卫生间-42
 72
     1
 11
82027.96629168954
 21
-35389.27456251707
 31
0.0
100
AcDbText
 73
     2
  0
LWPOLYLINE
  5
565
330
17
100
AcDbEntity
  8
OUTER
100
AcDbPolyline
 90
        5
 70
     0
 43
0.0
 10
46815.2800081212
 20
-37760.94512577032
 10
47913.83000812119
 20
-37760.94512577032
 10
47913.83000812119
 20
-37659.34512577034
 10
46815.2800081212
 20
-37659.34512577034
 10
46815.2800081212
 20
-37760.94512577032
  0
TEXT
  5
566
330
17
100
AcDbEntity
  8
NUMBERS
100
AcDbText
 10
47242.05500812121
 20
-37725.14512577032
 30
0.0
 40
30.0
  1
E2A卫生间-43
 72
     1
 11
47364.55500812121
 21
-37710.14512577032
 31
0.0
100
AcDbText
 73
     2
  0
LWPOLYLINE
  5
567
330
17
100
AcDbEntity
  8
OUTER
100
AcDbPolyline
 90
        5
 70
     0
 43
0.0
 10
67473.51967747626
 20
-37722.5613841087
 10
68572.06967747626
 20
-37722.5613841087
 10
68572.06967747626
 20
-37620.96138410871
 10
67473.51967747626
 20
-37620.96138410871
 10
67473.51967747626
 20
-37722.5613841087
  0
TEXT
  5
568
330
17
100
AcDbEntity
  8
NUMBERS
100
AcDbText
 10
67900.29467747626
 20
-37686.76138410871
 30
0.0
 40
30.0
  1
E2A卫生间-44
 72
     1
 11
68022.79467747625
 21
-37671.76138410871
 31
0.0
100
AcDbText
 73
     2
  0
LWPOLYLINE
  5
569
330
17
100
AcDbEntity
  8
OUTER
100
AcDbPolyline
 90
        5
 70
     0
 43
0.0
 10
82851.62238346297
 20
-37737.72437507366
 10
83950.17238346298
 20
-37737.72437507366
 10
83950.17238346298
 20
-37636.12437507366
 10
82851.62238346297
 20
-37636.12437507366
 10
82851.62238346297
 20
-37737.72437507366
  0
TEXT
  5
56A
330
17
100
AcDbEntity
  8
NUMBERS
100
AcDbText
 10
83278.39738346296
 20
-37701.92437507366
 30
0.0
 40
30.0
  1
E2A卫生间-45
 72
     1
 11
83400.89738346296
 21
-37686.92437507366
 31
0.0
100
AcDbText
 73
     2
  0
LWPOLYLINE
  5
56B
330
17
100
AcDbEntity
  8
OUTER
100
AcDbPolyline
 90
        5
 70
     0
 43
0.0
 10
53548.98816044816
 20
-37838.38055505214
 10
54647.53816044815
 20
-37838.38055505214
 10
54647.53816044815
 20
-37736.78055505214
 10
53548.98816044816
 20
-37736.78055505214
 10
53548.98816044816
 20
-37838.38055505214
  0
TEXT
  5
56C
330
17
100
AcDbEntity
  8
NUMBERS
100
AcDbText
 10
53975.76316044816
 20
-37802.58055505214
 30
0.0
 40
30.0
  1
E2A卫生间-46
 72
     1
 11
54098.26316044816
 21
-37787.58055505214
 31
0.0
100
AcDbText
 73
     2
  0
LWPOLYLINE
  5
56D
330
17
100
AcDbEntity
  8
OUTER
100
AcDbPolyline
 90
        5
 70
     0
 43
0.0
 10
60289.99522261019
 20
-37884.21553285298
 10
61388.54522261018
 20
-37884.21553285298
 10
61388.54522261018
 20
-37782.61553285299
 10
60289.99522261019
 20
-37782.61553285299
 10
60289.99522261019
 20
-37884.21553285298
  0
TEXT
  5
56E
330
17
100
AcDbEntity
  8
NUMBERS
100
AcDbText
 10
60716.77022261018
 20
-37848.41553285299
 30
0.0
 40
30.0
  1
E2A卫生间-47
 72
     1
 11
60839.27022261018
 21
-37833.41553285299
 31
0.0
100
AcDbText
 73
     2
  0
LWPOLYLINE
  5
56F
330
17
100
AcDbEntity
  8
OUTER
100
AcDbPolyline
 90
        5
 70
     0
 43
0.0
 10
74793.02381901676
 20
-37944.8236844035
 10
75891.57381901676
 20
-37944.8236844035
 10
75891.57381901676
 20
-37843.22368440351
 10
74793.02381901676
 20
-37843.22368440351
 10
74793.02381901676
 20
-37944.8236844035
  0
TEXT
  5
570
330
17
100
AcDbEntity
  8
NUMBERS
100
AcDbText
 10
75219.79881901675
 20
-37909.0236844035
 30
0.0
 40
30.0
  1
E2A卫生间-48
 72
     1
 11
75342.29881901675
 21
-37894.02368440351
 31
0.0
100
AcDbText
 73
     2
  0
LWPOLYLINE
  5
571
330
17
100
AcDbEntity
  8
OUTER
100
AcDbPolyline
 90
        7
 70
     0
 43
0.0
 10
44399.98188066779
 20
-35710.28737802289
 10
45309.61938066777
 20
-35710.28737802289
 10
45309.61938066777
 20
-35065.76237802288
 10
45044.50688066778
 20
-35065.76237802288
 10
45044.50688066778
 20
-32865.48737802288
 10
44399.98188066779
 20
-32865.48737802288
 10
44399.98188066779
 20
-35710.28737802289
  0
TEXT
  5
572
330
17
100
AcDbEntity
  8
NUMBERS
100
AcDbText
 10
44487.68324296997
 20
-34421.67143238735
 30
0.0
 40
80.0
  1
E2a厨房-01
 72
     1
 11
44761.0165763033
 21
-34381.67143238735
 31
0.0
100
AcDbText
 73
     2
  0
LWPOLYLINE
  5
573
330
17
100
AcDbEntity
  8
OUTER
100
AcDbPolyline
 90
        7
 70
     0
 43
0.0
 10
51004.37100253471
 20
-35710.28737802289
 10
51914.00850253471
 20
-35710.28737802289
 10
51914.00850253471
 20
-35065.76237802288
 10
51648.89600253473
 20
-35065.76237802288
 10
51648.89600253473
 20
-32865.48737802288
 10
51004.37100253471
 20
-32865.48737802288
 10
51004.37100253471
 20
-35710.28737802289
  0
TEXT
  5
574
330
17
100
AcDbEntity
  8
NUMBERS
100
AcDbText
 10
51078.73903150359
 20
-34421.67143238735
 30
0.0
 40
80.0
  1
E2a厨房-02
 72
     1
 11
51365.40569817025
 21
-34381.67143238735
 31
0.0
100
AcDbText
 73
     2
  0
LWPOLYLINE
  5
575
330
17
100
AcDbEntity
  8
OUTER
100
AcDbPolyline
 90
        7
 70
     0
 43
0.0
 10
57681.97956219452
 20
-35710.28737802289
 10
58591.61706219452
 20
-35710.28737802289
 10
58591.61706219452
 20
-35065.76237802288
 10
58326.50456219452
 20
-35065.76237802288
 10
58326.50456219452
 20
-32865.48737802288
 10
57681.97956219452
 20
-32865.48737802288
 10
57681.97956219452
 20
-35710.28737802289
  0
TEXT
  5
576
330
17
100
AcDbEntity
  8
NUMBERS
100
AcDbText
 10
57756.34759116339
 20
-34421.67143238737
 30
0.0
 40
80.0
  1
E2a厨房-03
 72
     1
 11
58043.01425783005
 21
-34381.67143238737
 31
0.0
100
AcDbText
 73
     2
  0
LWPOLYLINE
  5
577
330
17
100
AcDbEntity
  8
OUTER
100
AcDbPolyline
 90
        7
 70
     0
 43
0.0
 10
64878.28576931657
 20
-35710.28737802289
 10
65787.92326931655
 20
-35710.28737802289
 10
65787.92326931655
 20
-35065.76237802288
 10
65522.81076931657
 20
-35065.76237802288
 10
65522.81076931657
 20
-32865.48737802288
 10
64878.28576931657
 20
-32865.48737802288
 10
64878.28576931657
 20
-35710.28737802289
  0
TEXT
  5
578
330
17
100
AcDbEntity
  8
NUMBERS
100
AcDbText
 10
64952.65379828543
 20
-34421.67143238735
 30
0.0
 40
80.0
  1
E2a厨房-04
 72
     1
 11
65239.3204649521
 21
-34381.67143238735
 31
0.0
100
AcDbText
 73
     2
  0
LWPOLYLINE
  5
579
330
17
100
AcDbEntity
  8
OUTER
100
AcDbPolyline
 90
        7
 70
     0
 43
0.0
 10
72306.73125409937
 20
-35710.28737802289
 10
73216.36875409937
 20
-35710.28737802289
 10
73216.36875409937
 20
-35065.76237802288
 10
72951.25625409938
 20
-35065.76237802288
 10
72951.25625409938
 20
-32865.48737802288
 10
72306.73125409937
 20
-32865.48737802288
 10
72306.73125409937
 20
-35710.28737802289
  0
TEXT
  5
57A
330
17
100
AcDbEntity
  8
NUMBERS
100
AcDbText
 10
72381.09928306823
 20
-34421.67143238735
 30
0.0
 40
80.0
  1
E2a厨房-05
 72
     1
 11
72667.76594973491
 21
-34381.67143238735
 31
0.0
100
AcDbText
 73
     2
  0
LWPOLYLINE
  5
57B
330
17
100
AcDbEntity
  8
OUTER
100
AcDbPolyline
 90
        7
 70
     0
 43
0.0
 10
80153.02681683374
 20
-35710.28737802289
 10
81062.66431683371
 20
-35710.28737802289
 10
81062.66431683371
 20
-35065.76237802288
 10
80797.55181683374
 20
-35065.76237802288
 10
80797.55181683374
 20
-32865.48737802288
 10
80153.02681683374
 20
-32865.48737802288
 10
80153.02681683374
 20
-35710.28737802289
  0
TEXT
  5
57C
330
17
100
AcDbEntity
  8
NUMBERS
100
AcDbText
 10
80227.39484580258
 20
-34421.67143238735
 30
0.0
 40
80.0
  1
E2a厨房-06
 72
     1
 11
80514.06151246926
 21
-34381.67143238735
 31
0.0
100
AcDbText
 73
     2
  0
LWPOLYLINE
  5
57D
330
17
100
AcDbEntity
  8
OUTER
100
AcDbPolyline
 90
        5
 70
     0
 43
0.0
 10
46823.56319805053
 20
-38590.52813827661
 10
47922.11319805053
 20
-38590.52813827661
 10
47922.11319805053
 20
-38001.5656382766
 10
46823.56319805053
 20
-38001.5656382766
 10
46823.56319805053
 20
-38590.52813827661
  0
TEXT
  5
57E
330
17
100
AcDbEntity
  8
NUMBERS
100
AcDbText
 10
47066.17153138386
 20
-38336.0468882766
 30
0.0
 40
80.0
  1
E3A卫生间-01
 72
     1
 11
47372.83819805052
 21
-38296.0468882766
 31
0.0
100
AcDbText
 73
     2
  0
LWPOLYLINE
  5
57F
330
17
100
AcDbEntity
  8
OUTER
100
AcDbPolyline
 90
        5
 70
     0
 43
0.0
 10
48049.31418657068
 20
-38591.14517562705
 10
48150.91418657068
 20
-38591.14517562705
 10
48150.91418657068
 20
-38002.18267562706
 10
48049.31418657068
 20
-38002.18267562706
 10
48049.31418657068
 20
-38591.14517562705
  0
TEXT
  5
580
330
17
100
AcDbEntity
  8
NUMBERS
100
AcDbText
 10
48037.39813718795
 20
-38304.5034317999
 30
0.0
 40
15.67901234567879
  1
E3A卫生间-02
 72
     1
 11
48100.11418657067
 21
-38296.66392562706
 31
0.0
100
AcDbText
 73
     2
  0
LWPOLYLINE
  5
581
330
17
100
AcDbEntity
  8
OUTER
100
AcDbPolyline
 90
        5
 70
     0
 43
0.0
 10
53557.27135037747
 20
-38667.96356755842
 10
54655.82135037746
 20
-38667.96356755842
 10
54655.82135037746
 20
-38079.00106755842
 10
53557.27135037747
 20
-38079.00106755842
 10
53557.27135037747
 20
-38667.96356755842
  0
TEXT
  5
582
330
17
100
AcDbEntity
  8
NUMBERS
100
AcDbText
 10
53786.54635037745
 20
-38413.48231755842
 30
0.0
 40
80.0
  1
E3A卫生间-03
 72
     1
 11
54106.54635037746
 21
-38373.48231755842
 31
0.0
100
AcDbText
 73
     2
  0
LWPOLYLINE
  5
583
330
17
100
AcDbEntity
  8
OUTER
100
AcDbPolyline
 90
        5
 70
     0
 43
0.0
 10
54783.02233889762
 20
-38668.58060490887
 10
54884.62233889761
 20
-38668.58060490887
 10
54884.62233889761
 20
-38079.61810490889
 10
54783.02233889762
 20
-38079.61810490889
 10
54783.02233889762
 20
-38668.58060490887
  0
TEXT
  5
584
330
17
100
AcDbEntity
  8
NUMBERS
100
AcDbText
 10
54771.1062895149
 20
-38381.93886108172
 30
0.0
 40
15.67901234567879
  1
E3A卫生间-04
 72
     1
 11
54833.82233889762
 21
-38374.09935490888
 31
0.0
100
AcDbText
 73
     2
  0
LWPOLYLINE
  5
585
330
17
100
AcDbEntity
  8
OUTER
100
AcDbPolyline
 90
        5
 70
     0
 43
0.0
 10
60298.27841253951
 20
-38713.79854535927
 10
61396.82841253951
 20
-38713.79854535927
 10
61396.82841253951
 20
-38124.83604535927
 10
60298.27841253951
 20
-38124.83604535927
 10
60298.27841253951
 20
-38713.79854535927
  0
TEXT
  5
586
330
17
100
AcDbEntity
  8
NUMBERS
100
AcDbText
 10
60527.55341253951
 20
-38459.31729535926
 30
0.0
 40
80.0
  1
E3A卫生间-05
 72
     1
 11
60847.55341253951
 21
-38419.31729535927
 31
0.0
100
AcDbText
 73
     2
  0
LWPOLYLINE
  5
587
330
17
100
AcDbEntity
  8
OUTER
100
AcDbPolyline
 90
        5
 70
     0
 43
0.0
 10
61524.02940105967
 20
-38714.41558270971
 10
61625.62940105966
 20
-38714.41558270971
 10
61625.62940105966
 20
-38125.45308270972
 10
61524.02940105967
 20
-38125.45308270972
 10
61524.02940105967
 20
-38714.41558270971
  0
TEXT
  5
588
330
17
100
AcDbEntity
  8
NUMBERS
100
AcDbText
 10
61512.11335167695
 20
-38427.77383888255
 30
0.0
 40
15.67901234567766
  1
E3A卫生间-06
 72
     1
 11
61574.82940105967
 21
-38419.93433270971
 31
0.0
100
AcDbText
 73
     2
  0
LWPOLYLINE
  5
589
330
17
100
AcDbEntity
  8
OUTER
100
AcDbPolyline
 90
        5
 70
     0
 43
0.0
 10
67481.80286740558
 20
-38552.14439661498
 10
68580.35286740558
 20
-38552.14439661498
 10
68580.35286740558
 20
-37963.18189661498
 10
67481.80286740558
 20
-37963.18189661498
 10
67481.80286740558
 20
-38552.14439661498
  0
TEXT
  5
58A
330
17
100
AcDbEntity
  8
NUMBERS
100
AcDbText
 10
67711.07786740557
 20
-38297.66314661499
 30
0.0
 40
80.0
  1
E3A卫生间-07
 72
     1
 11
68031.07786740557
 21
-38257.66314661499
 31
0.0
100
AcDbText
 73
     2
  0
LWPOLYLINE
  5
58B
330
17
100
AcDbEntity
  8
OUTER
100
AcDbPolyline
 90
        5
 70
     0
 43
0.0
 10
68707.55385592574
 20
-38552.76143396543
 10
68809.15385592571
 20
-38552.76143396543
 10
68809.15385592571
 20
-37963.79893396544
 10
68707.55385592574
 20
-37963.79893396544
 10
68707.55385592574
 20
-38552.76143396543
  0
TEXT
  5
58C
330
17
100
AcDbEntity
  8
NUMBERS
100
AcDbText
 10
68695.63780654302
 20
-38266.11969013828
 30
0.0
 40
15.67901234567766
  1
E3A卫生间-08
 72
     1
 11
68758.35385592573
 21
-38258.28018396544
 31
0.0
100
AcDbText
 73
     2
  0
LWPOLYLINE
  5
58D
330
17
100
AcDbEntity
  8
OUTER
100
AcDbPolyline
 90
        5
 70
     0
 43
0.0
 10
74801.30700894607
 20
-38774.40669690978
 10
75899.85700894607
 20
-38774.40669690978
 10
75899.85700894607
 20
-38185.44419690979
 10
74801.30700894607
 20
-38185.44419690979
 10
74801.30700894607
 20
-38774.40669690978
  0
TEXT
  5
58E
330
17
100
AcDbEntity
  8
NUMBERS
100
AcDbText
 10
75030.58200894606
 20
-38519.92544690979
 30
0.0
 40
80.0
  1
E3A卫生间-09
 72
     1
 11
75350.58200894606
 21
-38479.92544690979
 31
0.0
100
AcDbText
 73
     2
  0
LWPOLYLINE
  5
58F
330
17
100
AcDbEntity
  8
OUTER
100
AcDbPolyline
 90
        5
 70
     0
 43
0.0
 10
76027.05799746624
 20
-38775.02373426024
 10
76128.65799746622
 20
-38775.02373426024
 10
76128.65799746622
 20
-38186.06123426024
 10
76027.05799746624
 20
-38186.06123426024
 10
76027.05799746624
 20
-38775.02373426024
  0
TEXT
  5
590
330
17
100
AcDbEntity
  8
NUMBERS
100
AcDbText
 10
76017.75511680779
 20
-38488.38199043307
 30
0.0
 40
15.67901234567766
  1
E3A卫生间-10
 72
     1
 11
76077.85799746623
 21
-38480.54248426024
 31
0.0
100
AcDbText
 73
     2
  0
LWPOLYLINE
  5
591
330
17
100
AcDbEntity
  8
OUTER
100
AcDbPolyline
 90
        5
 70
     0
 43
0.0
 10
82859.90557339228
 20
-38567.30738757993
 10
83958.45557339228
 20
-38567.30738757993
 10
83958.45557339228
 20
-37978.34488757993
 10
82859.90557339228
 20
-37978.34488757993
 10
82859.90557339228
 20
-38567.30738757993
  0
TEXT
  5
592
330
17
100
AcDbEntity
  8
NUMBERS
100
AcDbText
 10
83109.18057339229
 20
-38312.82613757993
 30
0.0
 40
80.0
  1
E3A卫生间-11
 72
     1
 11
83409.18057339228
 21
-38272.82613757994
 31
0.0
100
AcDbText
 73
     2
  0
LWPOLYLINE
  5
593
330
17
100
AcDbEntity
  8
OUTER
100
AcDbPolyline
 90
        5
 70
     0
 43
0.0
 10
84085.65656191244
 20
-38567.92442493038
 10
84187.25656191243
 20
-38567.92442493038
 10
84187.25656191243
 20
-37978.96192493039
 10
84085.65656191244
 20
-37978.96192493039
 10
84085.65656191244
 20
-38567.92442493038
  0
TEXT
  5
594
330
17
100
AcDbEntity
  8
NUMBERS
100
AcDbText
 10
84075.04709689185
 20
-38281.28268110322
 30
0.0
 40
15.67901234567766
  1
E3A卫生间-12
 72
     1
 11
84136.45656191242
 21
-38273.44317493039
 31
0.0
100
AcDbText
 73
     2
  0
LWPOLYLINE
  5
595
330
17
100
AcDbEntity
  8
OUTER
100
AcDbPolyline
 90
        5
 70
     0
 43
0.0
 10
46837.93340012156
 20
-39267.65041043132
 10
47631.68340012156
 20
-39267.65041043132
 10
47631.68340012156
 20
-39166.0504104313
 10
46837.93340012156
 20
-39166.0504104313
 10
46837.93340012156
 20
-39267.65041043132
  0
TEXT
  5
596
330
17
100
AcDbEntity
  8
NUMBERS
100
AcDbText
 10
47117.30840012156
 20
-39231.8504104313
 30
0.0
 40
30.0
  1
E3A卫生间-13
 72
     1
 11
47234.80840012155
 21
-39216.8504104313
 31
0.0
100
AcDbText
 73
     2
  0
LWPOLYLINE
  5
597
330
17
100
AcDbEntity
  8
OUTER
100
AcDbPolyline
 90
        5
 70
     0
 43
0.0
 10
67496.17306947661
 20
-39229.26666876969
 10
68289.92306947661
 20
-39229.26666876969
 10
68289.92306947661
 20
-39127.66666876969
 10
67496.17306947661
 20
-39127.66666876969
 10
67496.17306947661
 20
-39229.26666876969
  0
TEXT
  5
598
330
17
100
AcDbEntity
  8
NUMBERS
100
AcDbText
 10
67775.54806947661
 20
-39193.46666876968
 30
0.0
 40
30.0
  1
E3A卫生间-14
 72
     1
 11
67893.04806947662
 21
-39178.46666876968
 31
0.0
100
AcDbText
 73
     2
  0
LWPOLYLINE
  5
599
330
17
100
AcDbEntity
  8
OUTER
100
AcDbPolyline
 90
        5
 70
     0
 43
0.0
 10
82874.27577546331
 20
-39244.42965973462
 10
83668.02577546332
 20
-39244.42965973462
 10
83668.02577546332
 20
-39142.82965973463
 10
82874.27577546331
 20
-39142.82965973463
 10
82874.27577546331
 20
-39244.42965973462
  0
TEXT
  5
59A
330
17
100
AcDbEntity
  8
NUMBERS
100
AcDbText
 10
83153.65077546331
 20
-39208.62965973463
 30
0.0
 40
30.0
  1
E3A卫生间-15
 72
     1
 11
83271.15077546332
 21
-39193.62965973463
 31
0.0
100
AcDbText
 73
     2
  0
LWPOLYLINE
  5
59B
330
17
100
AcDbEntity
  8
OUTER
100
AcDbPolyline
 90
        5
 70
     0
 43
0.0
 10
46837.93340012156
 20
-40027.14995103234
 10
47631.68340012156
 20
-40027.14995103234
 10
47631.68340012156
 20
-39438.18745103236
 10
46837.93340012156
 20
-39438.18745103236
 10
46837.93340012156
 20
-40027.14995103234
  0
TEXT
  5
59C
330
17
100
AcDbEntity
  8
NUMBERS
100
AcDbText
 10
46921.47506678822
 20
-39772.66870103235
 30
0.0
 40
80.0
  1
E3A卫生间-16
 72
     1
 11
47234.80840012156
 21
-39732.66870103235
 31
0.0
100
AcDbText
 73
     2
  0
LWPOLYLINE
  5
59D
330
17
100
AcDbEntity
  8
OUTER
100
AcDbPolyline
 90
        5
 70
     0
 43
0.0
 10
47836.88282232813
 20
-40027.14995103234
 10
47938.48282232813
 20
-40027.14995103234
 10
47938.48282232813
 20
-39438.18745103236
 10
47836.88282232813
 20
-39438.18745103236
 10
47836.88282232813
 20
-40027.14995103234
  0
TEXT
  5
59E
330
17
100
AcDbEntity
  8
NUMBERS
100
AcDbText
 10
47826.27335730755
 20
-39740.50820720519
 30
0.0
 40
15.67901234567879
  1
E3A卫生间-17
 72
     1
 11
47887.68282232813
 21
-39732.66870103235
 31
0.0
100
AcDbText
 73
     2
  0
LWPOLYLINE
  5
59F
330
17
100
AcDbEntity
  8
OUTER
100
AcDbPolyline
 90
        5
 70
     0
 43
0.0
 10
53571.64155244849
 20
-39345.08583971312
 10
54365.39155244849
 20
-39345.08583971312
 10
54365.39155244849
 20
-39243.48583971312
 10
53571.64155244849
 20
-39243.48583971312
 10
53571.64155244849
 20
-39345.08583971312
  0
TEXT
  5
5A0
330
17
100
AcDbEntity
  8
NUMBERS
100
AcDbText
 10
53851.01655244848
 20
-39309.28583971311
 30
0.0
 40
30.0
  1
E3A卫生间-18
 72
     1
 11
53968.51655244848
 21
-39294.28583971311
 31
0.0
100
AcDbText
 73
     2
  0
LWPOLYLINE
  5
5A1
330
17
100
AcDbEntity
  8
OUTER
100
AcDbPolyline
 90
        5
 70
     0
 43
0.0
 10
60312.64861461053
 20
-39390.92081751397
 10
61106.39861461054
 20
-39390.92081751397
 10
61106.39861461054
 20
-39289.32081751397
 10
60312.64861461053
 20
-39289.32081751397
 10
60312.64861461053
 20
-39390.92081751397
  0
TEXT
  5
5A2
330
17
100
AcDbEntity
  8
NUMBERS
100
AcDbText
 10
60592.02361461053
 20
-39355.12081751397
 30
0.0
 40
30.0
  1
E3A卫生间-19
 72
     1
 11
60709.52361461053
 21
-39340.12081751397
 31
0.0
100
AcDbText
 73
     2
  0
LWPOLYLINE
  5
5A3
330
17
100
AcDbEntity
  8
OUTER
100
AcDbPolyline
 90
        5
 70
     0
 43
0.0
 10
67496.17306947661
 20
-39988.76620937073
 10
68289.92306947661
 20
-39988.76620937073
 10
68289.92306947661
 20
-39399.80370937073
 10
67496.17306947661
 20
-39399.80370937073
 10
67496.17306947661
 20
-39988.76620937073
  0
TEXT
  5
5A4
330
17
100
AcDbEntity
  8
NUMBERS
100
AcDbText
 10
67573.04806947662
 20
-39734.28495937074
 30
0.0
 40
80.0
  1
E3A卫生间-20
 72
     1
 11
67893.04806947662
 21
-39694.28495937074
 31
0.0
100
AcDbText
 73
     2
  0
LWPOLYLINE
  5
5A5
330
17
100
AcDbEntity
  8
OUTER
100
AcDbPolyline
 90
        5
 70
     0
 43
0.0
 10
68495.1224916832
 20
-39988.76620937073
 10
68596.72249168317
 20
-39988.76620937073
 10
68596.72249168317
 20
-39399.80370937073
 10
68495.1224916832
 20
-39399.80370937073
 10
68495.1224916832
 20
-39988.76620937073
  0
TEXT
  5
5A6
330
17
100
AcDbEntity
  8
NUMBERS
100
AcDbText
 10
68484.51302666262
 20
-39702.12446554358
 30
0.0
 40
15.67901234567766
  1
E3A卫生间-21
 72
     1
 11
68545.92249168319
 21
-39694.28495937074
 31
0.0
100
AcDbText
 73
     2
  0
LWPOLYLINE
  5
5A7
330
17
100
AcDbEntity
  8
OUTER
100
AcDbPolyline
 90
        5
 70
     0
 43
0.0
 10
74815.67721101713
 20
-39451.52896906449
 10
75609.42721101713
 20
-39451.52896906449
 10
75609.42721101713
 20
-39349.92896906448
 10
74815.67721101713
 20
-39349.92896906448
 10
74815.67721101713
 20
-39451.52896906449
  0
TEXT
  5
5A8
330
17
100
AcDbEntity
  8
NUMBERS
100
AcDbText
 10
75090.05221101713
 20
-39415.72896906448
 30
0.0
 40
30.0
  1
E3A卫生间-22
 72
     1
 11
75212.55221101712
 21
-39400.72896906448
 31
0.0
100
AcDbText
 73
     2
  0
LWPOLYLINE
  5
5A9
330
17
100
AcDbEntity
  8
OUTER
100
AcDbPolyline
 90
        5
 70
     0
 43
0.0
 10
82874.27577546331
 20
-40003.92920033567
 10
83668.02577546332
 20
-40003.92920033567
 10
83668.02577546332
 20
-39414.96670033568
 10
82874.27577546331
 20
-39414.96670033568
 10
82874.27577546331
 20
-40003.92920033567
  0
TEXT
  5
5AA
330
17
100
AcDbEntity
  8
NUMBERS
100
AcDbText
 10
82944.48410879665
 20
-39749.44795033567
 30
0.0
 40
80.0
  1
E3A卫生间-23
 72
     1
 11
83271.15077546332
 21
-39709.44795033567
 31
0.0
100
AcDbText
 73
     2
  0
LWPOLYLINE
  5
5AB
330
17
100
AcDbEntity
  8
OUTER
100
AcDbPolyline
 90
        5
 70
     0
 43
0.0
 10
83873.22519766991
 20
-40003.92920033567
 10
83974.8251976699
 20
-40003.92920033567
 10
83974.8251976699
 20
-39414.96670033568
 10
83873.22519766991
 20
-39414.96670033568
 10
83873.22519766991
 20
-40003.92920033567
  0
TEXT
  5
5AC
330
17
100
AcDbEntity
  8
NUMBERS
100
AcDbText
 10
83860.00256392506
 20
-39717.28745650852
 30
0.0
 40
15.67901234567766
  1
E3A卫生间-24
 72
     1
 11
83924.0251976699
 21
-39709.44795033569
 31
0.0
100
AcDbText
 73
     2
  0
LWPOLYLINE
  5
5AD
330
17
100
AcDbEntity
  8
OUTER
100
AcDbPolyline
 90
        5
 70
     0
 43
0.0
 10
45987.11963771141
 20
-40247.99094156237
 10
46444.31963771141
 20
-40247.99094156237
 10
46444.31963771141
 20
-39603.46594156236
 10
45987.11963771141
 20
-39603.46594156236
 10
45987.11963771141
 20
-40247.99094156237
  0
TEXT
  5
5AE
330
17
100
AcDbEntity
  8
NUMBERS
100
AcDbText
 10
45927.61778585956
 20
-39961.00621934014
 30
0.0
 40
70.55555555555399
  1
E3A卫生间-25
 72
     1
 11
46215.71963771141
 21
-39925.72844156237
 31
0.0
100
AcDbText
 73
     2
  0
LWPOLYLINE
  5
5AF
330
17
100
AcDbEntity
  8
OUTER
100
AcDbPolyline
 90
        5
 70
     0
 43
0.0
 10
52591.50875957836
 20
-40247.99094156237
 10
53048.70875957837
 20
-40247.99094156237
 10
53048.70875957837
 20
-39603.46594156236
 10
52591.50875957836
 20
-39603.46594156236
 10
52591.50875957836
 20
-40247.99094156237
  0
TEXT
  5
5B0
330
17
100
AcDbEntity
  8
NUMBERS
100
AcDbText
 10
52532.00690772652
 20
-39961.00621934015
 30
0.0
 40
70.55555555555622
  1
E3A卫生间-26
 72
     1
 11
52820.10875957837
 21
-39925.72844156237
 31
0.0
100
AcDbText
 73
     2
  0
LWPOLYLINE
  5
5B1
330
17
100
AcDbEntity
  8
OUTER
100
AcDbPolyline
 90
        5
 70
     0
 43
0.0
 10
53571.64155244849
 20
-40104.58538031415
 10
54365.39155244849
 20
-40104.58538031415
 10
54365.39155244849
 20
-39515.62288031417
 10
53571.64155244849
 20
-39515.62288031417
 10
53571.64155244849
 20
-40104.58538031415
  0
TEXT
  5
5B2
330
17
100
AcDbEntity
  8
NUMBERS
100
AcDbText
 10
53641.84988578181
 20
-39850.10413031416
 30
0.0
 40
80.0
  1
E3A卫生间-27
 72
     1
 11
53968.51655244848
 21
-39810.10413031416
 31
0.0
100
AcDbText
 73
     2
  0
LWPOLYLINE
  5
5B3
330
17
100
AcDbEntity
  8
OUTER
100
AcDbPolyline
 90
        5
 70
     0
 43
0.0
 10
54570.59097465509
 20
-40104.58538031415
 10
54672.19097465509
 20
-40104.58538031415
 10
54672.19097465509
 20
-39515.62288031417
 10
54570.59097465509
 20
-39515.62288031417
 10
54570.59097465509
 20
-40104.58538031415
  0
TEXT
  5
5B4
330
17
100
AcDbEntity
  8
NUMBERS
100
AcDbText
 10
54557.36834091023
 20
-39817.94363648701
 30
0.0
 40
15.67901234567879
  1
E3A卫生间-28
 72
     1
 11
54621.39097465509
 21
-39810.10413031417
 31
0.0
100
AcDbText
 73
     2
  0
LWPOLYLINE
  5
5B5
330
17
100
AcDbEntity
  8
OUTER
100
AcDbPolyline
 90
        5
 70
     0
 43
0.0
 10
59269.11731923818
 20
-40247.99094156237
 10
59726.31731923816
 20
-40247.99094156237
 10
59726.31731923816
 20
-39603.46594156236
 10
59269.11731923818
 20
-39603.46594156236
 10
59269.11731923818
 20
-40247.99094156237
  0
TEXT
  5
5B6
330
17
100
AcDbEntity
  8
NUMBERS
100
AcDbText
 10
59209.6154673863
 20
-39961.00621934014
 30
0.0
 40
70.55555555555399
  1
E3A卫生间-29
 72
     1
 11
59497.71731923815
 21
-39925.72844156237
 31
0.0
100
AcDbText
 73
     2
  0
LWPOLYLINE
  5
5B7
330
17
100
AcDbEntity
  8
OUTER
100
AcDbPolyline
 90
        5
 70
     0
 43
0.0
 10
60312.64861461053
 20
-40150.42035811499
 10
61106.39861461054
 20
-40150.42035811499
 10
61106.39861461054
 20
-39561.45785811501
 10
60312.64861461053
 20
-39561.45785811501
 10
60312.64861461053
 20
-40150.42035811499
  0
TEXT
  5
5B8
330
17
100
AcDbEntity
  8
NUMBERS
100
AcDbText
 10
60389.52361461053
 20
-39895.93910811502
 30
0.0
 40
80.0
  1
E3A卫生间-30
 72
     1
 11
60709.52361461053
 21
-39855.93910811502
 31
0.0
100
AcDbText
 73
     2
  0
LWPOLYLINE
  5
5B9
330
17
100
AcDbEntity
  8
OUTER
100
AcDbPolyline
 90
        5
 70
     0
 43
0.0
 10
61311.59803681713
 20
-40150.42035811499
 10
61413.19803681713
 20
-40150.42035811499
 10
61413.19803681713
 20
-39561.45785811501
 10
61311.59803681713
 20
-39561.45785811501
 10
61311.59803681713
 20
-40150.42035811499
  0
TEXT
  5
5BA
330
17
100
AcDbEntity
  8
NUMBERS
100
AcDbText
 10
61300.98857179656
 20
-39863.77861428786
 30
0.0
 40
15.67901234567879
  1
E3A卫生间-31
 72
     1
 11
61362.39803681713
 21
-39855.93910811502
 31
0.0
100
AcDbText
 73
     2
  0
LWPOLYLINE
  5
5BB
330
17
100
AcDbEntity
  8
OUTER
100
AcDbPolyline
 90
        5
 70
     0
 43
0.0
 10
66465.42352636023
 20
-40247.99094156237
 10
66922.62352636022
 20
-40247.99094156237
 10
66922.62352636022
 20
-39603.46594156236
 10
66465.42352636023
 20
-39603.46594156236
 10
66465.42352636023
 20
-40247.99094156237
  0
TEXT
  5
5BC
330
17
100
AcDbEntity
  8
NUMBERS
100
AcDbText
 10
66405.92167450836
 20
-39961.00621934015
 30
0.0
 40
70.55555555555513
  1
E3A卫生间-32
 72
     1
 11
66694.02352636021
 21
-39925.72844156237
 31
0.0
100
AcDbText
 73
     2
  0
LWPOLYLINE
  5
5BD
330
17
100
AcDbEntity
  8
OUTER
100
AcDbPolyline
 90
        5
 70
     0
 43
0.0
 10
73893.86901114304
 20
-40247.99094156237
 10
74351.06901114303
 20
-40247.99094156237
 10
74351.06901114303
 20
-39603.46594156236
 10
73893.86901114304
 20
-39603.46594156236
 10
73893.86901114304
 20
-40247.99094156237
  0
TEXT
  5
5BE
330
17
100
AcDbEntity
  8
NUMBERS
100
AcDbText
 10
73834.36715929117
 20
-39961.00621934015
 30
0.0
 40
70.55555555555513
  1
E3A卫生间-33
 72
     1
 11
74122.46901114302
 21
-39925.72844156237
 31
0.0
100
AcDbText
 73
     2
  0
LWPOLYLINE
  5
5BF
330
17
100
AcDbEntity
  8
OUTER
100
AcDbPolyline
 90
        5
 70
     0
 43
0.0
 10
74815.67721101713
 20
-40211.02850966554
 10
75609.42721101713
 20
-40211.02850966554
 10
75609.42721101713
 20
-39622.06600966553
 10
74815.67721101713
 20
-39622.06600966553
 10
74815.67721101713
 20
-40211.02850966554
  0
TEXT
  5
5C0
330
17
100
AcDbEntity
  8
NUMBERS
100
AcDbText
 10
74885.88554435043
 20
-39956.54725966552
 30
0.0
 40
80.0
  1
E3A卫生间-34
 72
     1
 11
75212.5522110171
 21
-39916.54725966552
 31
0.0
100
AcDbText
 73
     2
  0
LWPOLYLINE
  5
5C1
330
17
100
AcDbEntity
  8
OUTER
100
AcDbPolyline
 90
        5
 70
     0
 43
0.0
 10
75814.6266332237
 20
-40211.02850966554
 10
75916.22663322369
 20
-40211.02850966554
 10
75916.22663322369
 20
-39622.06600966553
 10
75814.6266332237
 20
-39622.06600966553
 10
75814.6266332237
 20
-40211.02850966554
  0
TEXT
  5
5C2
330
17
100
AcDbEntity
  8
NUMBERS
100
AcDbText
 10
75801.40399947883
 20
-39924.38676583837
 30
0.0
 40
15.67901234567766
  1
E3A卫生间-35
 72
     1
 11
75865.42663322369
 21
-39916.54725966553
 31
0.0
100
AcDbText
 73
     2
  0
LWPOLYLINE
  5
5C3
330
17
100
AcDbEntity
  8
OUTER
100
AcDbPolyline
 90
        5
 70
     0
 43
0.0
 10
81740.16457387736
 20
-40247.99094156237
 10
82197.36457387735
 20
-40247.99094156237
 10
82197.36457387735
 20
-39603.46594156236
 10
81740.16457387736
 20
-39603.46594156236
 10
81740.16457387736
 20
-40247.99094156237
  0
TEXT
  5
5C4
330
17
100
AcDbEntity
  8
NUMBERS
100
AcDbText
 10
81680.66272202553
 20
-39961.00621934014
 30
0.0
 40
70.55555555555287
  1
E3A卫生间-36
 72
     1
 11
81968.76457387737
 21
-39925.72844156237
 31
0.0
100
AcDbText
 73
     2
  0
LWPOLYLINE
  5
5C5
330
17
100
AcDbEntity
  8
OUTER
100
AcDbPolyline
 90
        5
 70
     0
 43
0.0
 10
47040.09018234465
 20
-42654.34674627869
 10
48291.04018234466
 20
-42654.34674627869
 10
48291.04018234466
 20
-42552.7467462787
 10
47040.09018234465
 20
-42552.7467462787
 10
47040.09018234465
 20
-42654.34674627869
  0
TEXT
  5
5C6
330
17
100
AcDbEntity
  8
NUMBERS
100
AcDbText
 10
47543.06518234466
 20
-42618.54674627871
 30
0.0
 40
30.0
  1
E3A卫生间-37
 72
     1
 11
47665.56518234467
 21
-42603.54674627871
 31
0.0
100
AcDbText
 73
     2
  0
LWPOLYLINE
  5
5C7
330
17
100
AcDbEntity
  8
OUTER
100
AcDbPolyline
 90
        5
 70
     0
 43
0.0
 10
53587.47765837422
 20
-42481.06068429668
 10
54838.42765837423
 20
-42481.06068429668
 10
54838.42765837423
 20
-42379.46068429668
 10
53587.47765837422
 20
-42379.46068429668
 10
53587.47765837422
 20
-42481.06068429668
  0
TEXT
  5
5C8
330
17
100
AcDbEntity
  8
NUMBERS
100
AcDbText
 10
54090.45265837423
 20
-42445.26068429666
 30
0.0
 40
30.0
  1
E3A卫生间-38
 72
     1
 11
54212.95265837422
 21
-42430.26068429667
 31
0.0
100
AcDbText
 73
     2
  0
LWPOLYLINE
  5
5C9
330
17
100
AcDbEntity
  8
OUTER
100
AcDbPolyline
 90
        5
 70
     0
 43
0.0
 10
60319.74722686038
 20
-42440.13697137456
 10
61570.69722686037
 20
-42440.13697137456
 10
61570.69722686037
 20
-42338.53697137455
 10
60319.74722686038
 20
-42338.53697137455
 10
60319.74722686038
 20
-42440.13697137456
  0
TEXT
  5
5CA
330
17
100
AcDbEntity
  8
NUMBERS
100
AcDbText
 10
60822.72222686037
 20
-42404.33697137456
 30
0.0
 40
30.0
  1
E3A卫生间-39
 72
     1
 11
60945.22222686037
 21
-42389.33697137456
 31
0.0
100
AcDbText
 73
     2
  0
LWPOLYLINE
  5
5CB
330
17
100
AcDbEntity
  8
OUTER
100
AcDbPolyline
 90
        5
 70
     0
 43
0.0
 10
67387.01915538125
 20
-42571.22697896804
 10
68637.96915538125
 20
-42571.22697896804
 10
68637.96915538125
 20
-42469.62697896804
 10
67387.01915538125
 20
-42469.62697896804
 10
67387.01915538125
 20
-42571.22697896804
  0
TEXT
  5
5CC
330
17
100
AcDbEntity
  8
NUMBERS
100
AcDbText
 10
67892.49415538125
 20
-42535.42697896805
 30
0.0
 40
30.0
  1
E3A卫生间-40
 72
     1
 11
68012.49415538126
 21
-42520.42697896805
 31
0.0
100
AcDbText
 73
     2
  0
LWPOLYLINE
  5
5CD
330
17
100
AcDbEntity
  8
OUTER
100
AcDbPolyline
 90
        5
 70
     0
 43
0.0
 10
74939.13685519506
 20
-42612.35579200298
 10
76190.08685519506
 20
-42612.35579200298
 10
76190.08685519506
 20
-42510.75579200298
 10
74939.13685519506
 20
-42510.75579200298
 10
74939.13685519506
 20
-42612.35579200298
  0
TEXT
  5
5CE
330
17
100
AcDbEntity
  8
NUMBERS
100
AcDbText
 10
75447.11185519505
 20
-42576.55579200298
 30
0.0
 40
30.0
  1
E3A卫生间-41
 72
     1
 11
75564.61185519505
 21
-42561.55579200298
 31
0.0
100
AcDbText
 73
     2
  0
LWPOLYLINE
  5
5CF
330
17
100
AcDbEntity
  8
OUTER
100
AcDbPolyline
 90
        5
 70
     0
 43
0.0
 10
82742.38667237884
 20
-42587.11451054785
 10
83993.33667237883
 20
-42587.11451054785
 10
83993.33667237883
 20
-42485.51451054783
 10
82742.38667237884
 20
-42485.51451054783
 10
82742.38667237884
 20
-42587.11451054785
  0
TEXT
  5
5D0
330
17
100
AcDbEntity
  8
NUMBERS
100
AcDbText
 10
83245.36167237884
 20
-42551.31451054784
 30
0.0
 40
30.0
  1
E3A卫生间-42
 72
     1
 11
83367.86167237884
 21
-42536.31451054784
 31
0.0
100
AcDbText
 73
     2
  0
LWPOLYLINE
  5
5D1
330
17
100
AcDbEntity
  8
OUTER
100
AcDbPolyline
 90
        7
 70
     0
 43
0.0
 10
44340.78016285561
 20
-40246.74125706817
 10
45250.41766285561
 20
-40246.74125706817
 10
45250.41766285561
 20
-39602.21625706818
 10
44985.30516285561
 20
-39602.21625706818
 10
44985.30516285561
 20
-37401.94125706818
 10
44340.78016285561
 20
-37401.94125706818
 10
44340.78016285561
 20
-40246.74125706817
  0
TEXT
  5
5D2
330
17
100
AcDbEntity
  8
NUMBERS
100
AcDbText
 10
44428.4815251578
 20
-38958.12531143264
 30
0.0
 40
80.0
  1
E3a厨房-01
 72
     1
 11
44701.81485849113
 21
-38918.12531143264
 31
0.0
100
AcDbText
 73
     2
  0
LWPOLYLINE
  5
5D3
330
17
100
AcDbEntity
  8
OUTER
100
AcDbPolyline
 90
        7
 70
     0
 43
0.0
 10
50945.16928472256
 20
-40246.74125706817
 10
51854.80678472256
 20
-40246.74125706817
 10
51854.80678472256
 20
-39602.21625706818
 10
51589.69428472255
 20
-39602.21625706818
 10
51589.69428472255
 20
-37401.94125706818
 10
50945.16928472256
 20
-37401.94125706818
 10
50945.16928472256
 20
-40246.74125706817
  0
TEXT
  5
5D4
330
17
100
AcDbEntity
  8
NUMBERS
100
AcDbText
 10
51019.53731369142
 20
-38958.12531143265
 30
0.0
 40
80.0
  1
E3a厨房-02
 72
     1
 11
51306.20398035808
 21
-38918.12531143266
 31
0.0
100
AcDbText
 73
     2
  0
LWPOLYLINE
  5
5D5
330
17
100
AcDbEntity
  8
OUTER
100
AcDbPolyline
 90
        7
 70
     0
 43
0.0
 10
57622.77784438236
 20
-40246.74125706817
 10
58532.41534438236
 20
-40246.74125706817
 10
58532.41534438236
 20
-39602.21625706818
 10
58267.30284438236
 20
-39602.21625706818
 10
58267.30284438236
 20
-37401.94125706818
 10
57622.77784438236
 20
-37401.94125706818
 10
57622.77784438236
 20
-40246.74125706817
  0
TEXT
  5
5D6
330
17
100
AcDbEntity
  8
NUMBERS
100
AcDbText
 10
57697.14587335123
 20
-38958.12531143265
 30
0.0
 40
80.0
  1
E3a厨房-03
 72
     1
 11
57983.8125400179
 21
-38918.12531143266
 31
0.0
100
AcDbText
 73
     2
  0
LWPOLYLINE
  5
5D7
330
17
100
AcDbEntity
  8
OUTER
100
AcDbPolyline
 90
        7
 70
     0
 43
0.0
 10
64819.0840515044
 20
-40246.74125706817
 10
65728.72155150441
 20
-40246.74125706817
 10
65728.72155150441
 20
-39602.21625706818
 10
65463.60905150443
 20
-39602.21625706818
 10
65463.60905150443
 20
-37401.94125706818
 10
64819.0840515044
 20
-37401.94125706818
 10
64819.0840515044
 20
-40246.74125706817
  0
TEXT
  5
5D8
330
17
100
AcDbEntity
  8
NUMBERS
100
AcDbText
 10
64893.45208047326
 20
-38958.12531143264
 30
0.0
 40
80.0
  1
E3a厨房-04
 72
     1
 11
65180.11874713992
 21
-38918.12531143264
 31
0.0
100
AcDbText
 73
     2
  0
LWPOLYLINE
  5
5D9
330
17
100
AcDbEntity
  8
OUTER
100
AcDbPolyline
 90
        7
 70
     0
 43
0.0
 10
72247.52953628721
 20
-40246.74125706817
 10
73157.16703628721
 20
-40246.74125706817
 10
73157.16703628721
 20
-39602.21625706818
 10
72892.05453628722
 20
-39602.21625706818
 10
72892.05453628722
 20
-37401.94125706818
 10
72247.52953628721
 20
-37401.94125706818
 10
72247.52953628721
 20
-40246.74125706817
  0
TEXT
  5
5DA
330
17
100
AcDbEntity
  8
NUMBERS
100
AcDbText
 10
72321.89756525608
 20
-38958.12531143264
 30
0.0
 40
80.0
  1
E3a厨房-05
 72
     1
 11
72608.56423192275
 21
-38918.12531143264
 31
0.0
100
AcDbText
 73
     2
  0
LWPOLYLINE
  5
5DB
330
17
100
AcDbEntity
  8
OUTER
100
AcDbPolyline
 90
        7
 70
     0
 43
0.0
 10
80093.82509902158
 20
-40246.74125706817
 10
81003.46259902156
 20
-40246.74125706817
 10
81003.46259902156
 20
-39602.21625706818
 10
80738.35009902158
 20
-39602.21625706818
 10
80738.35009902158
 20
-37401.94125706818
 10
80093.82509902158
 20
-37401.94125706818
 10
80093.82509902158
 20
-40246.74125706817
  0
TEXT
  5
5DC
330
17
100
AcDbEntity
  8
NUMBERS
100
AcDbText
 10
80168.19312799043
 20
-38958.12531143264
 30
0.0
 40
80.0
  1
E3a厨房-06
 72
     1
 11
80454.85979465709
 21
-38918.12531143264
 31
0.0
100
AcDbText
 73
     2
  0
LWPOLYLINE
  5
5DD
330
17
100
AcDbEntity
  8
OUTER
100
AcDbPolyline
 90
        5
 70
     0
 43
0.0
 10
47040.46179420505
 20
-42867.88172605279
 10
48291.41179420505
 20
-42867.88172605279
 10
48291.41179420505
 20
-43456.84422605278
 10
47040.46179420505
 20
-43456.84422605278
 10
47040.46179420505
 20
-42867.88172605279
  0
TEXT
  5
5DE
330
17
100
AcDbEntity
  8
NUMBERS
100
AcDbText
 10
47399.27012753838
 20
-43202.36297605278
 30
0.0
 40
80.0
  1
E4卫生间-01
 72
     1
 11
47665.93679420505
 21
-43162.36297605278
 31
0.0
100
AcDbText
 73
     2
  0
LWPOLYLINE
  5
5DF
330
17
100
AcDbEntity
  8
OUTER
100
AcDbPolyline
 90
        5
 70
     0
 43
0.0
 10
48510.71144345398
 20
-43456.84422605278
 10
48612.31144345398
 20
-43456.84422605278
 10
48612.31144345398
 20
-42867.88172605279
 10
48510.71144345398
 20
-42867.88172605279
 10
48510.71144345398
 20
-43456.84422605278
  0
TEXT
  5
5E0
330
17
100
AcDbEntity
  8
NUMBERS
100
AcDbText
 10
48499.77533234287
 20
-43171.18242049723
 30
0.0
 40
17.63888888888863
  1
E4卫生间-02
 72
     1
 11
48561.51144345399
 21
-43162.36297605278
 31
0.0
100
AcDbText
 73
     2
  0
LWPOLYLINE
  5
5E1
330
17
100
AcDbEntity
  8
OUTER
100
AcDbPolyline
 90
        5
 70
     0
 43
0.0
 10
53587.84927023463
 20
-42694.59566407076
 10
54838.79927023461
 20
-42694.59566407076
 10
54838.79927023461
 20
-43283.55816407075
 10
53587.84927023463
 20
-43283.55816407075
 10
53587.84927023463
 20
-42694.59566407076
  0
TEXT
  5
5E2
330
17
100
AcDbEntity
  8
NUMBERS
100
AcDbText
 10
53933.32427023463
 20
-43029.07691407076
 30
0.0
 40
80.0
  1
E4卫生间-03
 72
     1
 11
54213.32427023463
 21
-42989.07691407076
 31
0.0
100
AcDbText
 73
     2
  0
LWPOLYLINE
  5
5E3
330
17
100
AcDbEntity
  8
OUTER
100
AcDbPolyline
 90
        5
 70
     0
 43
0.0
 10
55058.09891948356
 20
-43283.55816407075
 10
55159.69891948356
 20
-43283.55816407075
 10
55159.69891948356
 20
-42694.59566407076
 10
55058.09891948356
 20
-42694.59566407076
 10
55058.09891948356
 20
-43283.55816407075
  0
TEXT
  5
5E4
330
17
100
AcDbEntity
  8
NUMBERS
100
AcDbText
 10
55047.16280837246
 20
-42997.89635851521
 30
0.0
 40
17.63888888888863
  1
E4卫生间-04
 72
     1
 11
55108.89891948356
 21
-42989.07691407076
 31
0.0
100
AcDbText
 73
     2
  0
LWPOLYLINE
  5
5E5
330
17
100
AcDbEntity
  8
OUTER
100
AcDbPolyline
 90
        5
 70
     0
 43
0.0
 10
60320.11883872075
 20
-42653.67195114864
 10
61571.06883872076
 20
-42653.67195114864
 10
61571.06883872076
 20
-43242.63445114863
 10
60320.11883872075
 20
-43242.63445114863
 10
60320.11883872075
 20
-42653.67195114864
  0
TEXT
  5
5E6
330
17
100
AcDbEntity
  8
NUMBERS
100
AcDbText
 10
60665.59383872077
 20
-42988.15320114863
 30
0.0
 40
80.0
  1
E4卫生间-05
 72
     1
 11
60945.59383872077
 21
-42948.15320114863
 31
0.0
100
AcDbText
 73
     2
  0
LWPOLYLINE
  5
5E7
330
17
100
AcDbEntity
  8
OUTER
100
AcDbPolyline
 90
        5
 70
     0
 43
0.0
 10
61790.36848796972
 20
-43242.63445114863
 10
61891.96848796972
 20
-43242.63445114863
 10
61891.96848796972
 20
-42653.67195114864
 10
61790.36848796972
 20
-42653.67195114864
 10
61790.36848796972
 20
-43242.63445114863
  0
TEXT
  5
5E8
330
17
100
AcDbEntity
  8
NUMBERS
100
AcDbText
 10
61779.4323768586
 20
-42956.97264559308
 30
0.0
 40
17.63888888888863
  1
E4卫生间-06
 72
     1
 11
61841.1684879697
 21
-42948.15320114863
 31
0.0
100
AcDbText
 73
     2
  0
LWPOLYLINE
  5
5E9
330
17
100
AcDbEntity
  8
OUTER
100
AcDbPolyline
 90
        5
 70
     0
 43
0.0
 10
67387.39076724164
 20
-42784.76195874212
 10
68638.34076724163
 20
-42784.76195874212
 10
68638.34076724163
 20
-43373.72445874211
 10
67387.39076724164
 20
-43373.72445874211
 10
67387.39076724164
 20
-42784.76195874212
  0
TEXT
  5
5EA
330
17
100
AcDbEntity
  8
NUMBERS
100
AcDbText
 10
67732.86576724161
 20
-43119.24320874211
 30
0.0
 40
80.0
  1
E4卫生间-07
 72
     1
 11
68012.86576724161
 21
-43079.24320874211
 31
0.0
100
AcDbText
 73
     2
  0
LWPOLYLINE
  5
5EB
330
17
100
AcDbEntity
  8
OUTER
100
AcDbPolyline
 90
        5
 70
     0
 43
0.0
 10
68857.64041649058
 20
-43373.72445874211
 10
68959.24041649057
 20
-43373.72445874211
 10
68959.24041649057
 20
-42784.76195874212
 10
68857.64041649058
 20
-42784.76195874212
 10
68857.64041649058
 20
-43373.72445874211
  0
TEXT
  5
5EC
330
17
100
AcDbEntity
  8
NUMBERS
100
AcDbText
 10
68846.70430537946
 20
-43088.06265318656
 30
0.0
 40
17.63888888888737
  1
E4卫生间-08
 72
     1
 11
68908.44041649057
 21
-43079.24320874212
 31
0.0
100
AcDbText
 73
     2
  0
LWPOLYLINE
  5
5ED
330
17
100
AcDbEntity
  8
OUTER
100
AcDbPolyline
 90
        5
 70
     0
 43
0.0
 10
74939.50846705545
 20
-42825.89077177706
 10
76190.45846705544
 20
-42825.89077177706
 10
76190.45846705544
 20
-43414.85327177704
 10
74939.50846705545
 20
-43414.85327177704
 10
74939.50846705545
 20
-42825.89077177706
  0
TEXT
  5
5EE
330
17
100
AcDbEntity
  8
NUMBERS
100
AcDbText
 10
75284.98346705545
 20
-43160.37202177705
 30
0.0
 40
80.0
  1
E4卫生间-09
 72
     1
 11
75564.98346705545
 21
-43120.37202177705
 31
0.0
100
AcDbText
 73
     2
  0
LWPOLYLINE
  5
5EF
330
17
100
AcDbEntity
  8
OUTER
100
AcDbPolyline
 90
        5
 70
     0
 43
0.0
 10
76409.75811630441
 20
-43414.85327177704
 10
76511.35811630439
 20
-43414.85327177704
 10
76511.35811630439
 20
-42825.89077177706
 10
76409.75811630441
 20
-42825.89077177706
 10
76409.75811630441
 20
-43414.85327177704
  0
TEXT
  5
5F0
330
17
100
AcDbEntity
  8
NUMBERS
100
AcDbText
 10
76401.76182000811
 20
-43129.1914662215
 30
0.0
 40
17.63888888888737
  1
E4卫生间-10
 72
     1
 11
76460.55811630439
 21
-43120.37202177706
 31
0.0
100
AcDbText
 73
     2
  0
LWPOLYLINE
  5
5F1
330
17
100
AcDbEntity
  8
OUTER
100
AcDbPolyline
 90
        5
 70
     0
 43
0.0
 10
82742.75828423924
 20
-42800.64949032192
 10
83993.70828423924
 20
-42800.64949032192
 10
83993.70828423924
 20
-43389.61199032192
 10
82742.75828423924
 20
-43389.61199032192
 10
82742.75828423924
 20
-42800.64949032192
  0
TEXT
  5
5F2
330
17
100
AcDbEntity
  8
NUMBERS
100
AcDbText
 10
83108.23328423925
 20
-43135.13074032192
 30
0.0
 40
80.0
  1
E4卫生间-11
 72
     1
 11
83368.23328423925
 21
-43095.13074032192
 31
0.0
100
AcDbText
 73
     2
  0
LWPOLYLINE
  5
5F3
330
17
100
AcDbEntity
  8
OUTER
100
AcDbPolyline
 90
        5
 70
     0
 43
0.0
 10
84213.00793348819
 20
-43389.61199032192
 10
84314.6079334882
 20
-43389.61199032192
 10
84314.6079334882
 20
-42800.64949032192
 10
84213.00793348819
 20
-42800.64949032192
 10
84213.00793348819
 20
-43389.61199032192
  0
TEXT
  5
5F4
330
17
100
AcDbEntity
  8
NUMBERS
100
AcDbText
 10
84203.54172978447
 20
-43103.95018476636
 30
0.0
 40
17.6388888888899
  1
E4卫生间-12
 72
     1
 11
84263.80793348817
 21
-43095.13074032192
 31
0.0
100
AcDbText
 73
     2
  0
LWPOLYLINE
  5
5F5
330
17
100
AcDbEntity
  8
OUTER
100
AcDbPolyline
 90
        5
 70
     0
 43
0.0
 10
47040.29829778638
 20
-44238.74263774618
 10
48215.04829778637
 20
-44238.74263774618
 10
48215.04829778637
 20
-44137.14263774619
 10
47040.29829778638
 20
-44137.14263774619
 10
47040.29829778638
 20
-44238.74263774618
  0
TEXT
  5
5F6
330
17
100
AcDbEntity
  8
NUMBERS
100
AcDbText
 10
47525.17329778638
 20
-44202.94263774618
 30
0.0
 40
30.0
  1
E4卫生间-13
 72
     1
 11
47627.67329778638
 21
-44187.94263774618
 31
0.0
100
AcDbText
 73
     2
  0
LWPOLYLINE
  5
5F7
330
17
100
AcDbEntity
  8
OUTER
100
AcDbPolyline
 90
        5
 70
     0
 43
0.0
 10
53587.68577381597
 20
-44065.45657576415
 10
54762.43577381596
 20
-44065.45657576415
 10
54762.43577381596
 20
-43963.85657576416
 10
53587.68577381597
 20
-43963.85657576416
 10
53587.68577381597
 20
-44065.45657576415
  0
TEXT
  5
5F8
330
17
100
AcDbEntity
  8
NUMBERS
100
AcDbText
 10
54072.56077381596
 20
-44029.65657576416
 30
0.0
 40
30.0
  1
E4卫生间-14
 72
     1
 11
54175.06077381596
 21
-44014.65657576416
 31
0.0
100
AcDbText
 73
     2
  0
LWPOLYLINE
  5
5F9
330
17
100
AcDbEntity
  8
OUTER
100
AcDbPolyline
 90
        5
 70
     0
 43
0.0
 10
60319.9553423021
 20
-44024.53286284203
 10
61494.7053423021
 20
-44024.53286284203
 10
61494.7053423021
 20
-43922.93286284203
 10
60319.9553423021
 20
-43922.93286284203
 10
60319.9553423021
 20
-44024.53286284203
  0
TEXT
  5
5FA
330
17
100
AcDbEntity
  8
NUMBERS
100
AcDbText
 10
60804.83034230209
 20
-43988.73286284203
 30
0.0
 40
30.0
  1
E4卫生间-15
 72
     1
 11
60907.33034230209
 21
-43973.73286284203
 31
0.0
100
AcDbText
 73
     2
  0
LWPOLYLINE
  5
5FB
330
17
100
AcDbEntity
  8
OUTER
100
AcDbPolyline
 90
        5
 70
     0
 43
0.0
 10
67387.22727082297
 20
-44155.62287043552
 10
68561.97727082297
 20
-44155.62287043552
 10
68561.97727082297
 20
-44054.02287043552
 10
67387.22727082297
 20
-44054.02287043552
 10
67387.22727082297
 20
-44155.62287043552
  0
TEXT
  5
5FC
330
17
100
AcDbEntity
  8
NUMBERS
100
AcDbText
 10
67872.10227082297
 20
-44119.82287043552
 30
0.0
 40
30.0
  1
E4卫生间-16
 72
     1
 11
67974.60227082297
 21
-44104.82287043552
 31
0.0
100
AcDbText
 73
     2
  0
LWPOLYLINE
  5
5FD
330
17
100
AcDbEntity
  8
OUTER
100
AcDbPolyline
 90
        5
 70
     0
 43
0.0
 10
74939.34497063678
 20
-44196.75168347046
 10
76114.09497063678
 20
-44196.75168347046
 10
76114.09497063678
 20
-44095.15168347047
 10
74939.34497063678
 20
-44095.15168347047
 10
74939.34497063678
 20
-44196.75168347046
  0
TEXT
  5
5FE
330
17
100
AcDbEntity
  8
NUMBERS
100
AcDbText
 10
75424.21997063678
 20
-44160.95168347045
 30
0.0
 40
30.0
  1
E4卫生间-17
 72
     1
 11
75526.71997063678
 21
-44145.95168347045
 31
0.0
100
AcDbText
 73
     2
  0
LWPOLYLINE
  5
5FF
330
17
100
AcDbEntity
  8
OUTER
100
AcDbPolyline
 90
        5
 70
     0
 43
0.0
 10
82742.59478782058
 20
-44171.51040201532
 10
83917.34478782058
 20
-44171.51040201532
 10
83917.34478782058
 20
-44069.91040201533
 10
82742.59478782058
 20
-44069.91040201533
 10
82742.59478782058
 20
-44171.51040201532
  0
TEXT
  5
600
330
17
100
AcDbEntity
  8
NUMBERS
100
AcDbText
 10
83227.46978782056
 20
-44135.71040201532
 30
0.0
 40
30.0
  1
E4卫生间-18
 72
     1
 11
83329.96978782055
 21
-44120.71040201531
 31
0.0
100
AcDbText
 73
     2
  0
LWPOLYLINE
  5
601
330
17
100
AcDbEntity
  8
OUTER
100
AcDbPolyline
 90
        5
 70
     0
 43
0.0
 10
47040.29829778638
 20
-45010.19498531555
 10
48215.04829778637
 20
-45010.19498531555
 10
48215.04829778637
 20
-44421.23248531554
 10
47040.29829778638
 20
-44421.23248531554
 10
47040.29829778638
 20
-45010.19498531555
  0
TEXT
  5
602
330
17
100
AcDbEntity
  8
NUMBERS
100
AcDbText
 10
47354.33996445304
 20
-44755.71373531555
 30
0.0
 40
80.0
  1
E4卫生间-19
 72
     1
 11
47627.67329778638
 21
-44715.71373531555
 31
0.0
100
AcDbText
 73
     2
  0
LWPOLYLINE
  5
603
330
17
100
AcDbEntity
  8
OUTER
100
AcDbPolyline
 90
        5
 70
     0
 43
0.0
 10
48480.94011619291
 20
-45010.19498531555
 10
48582.5401161929
 20
-45010.19498531555
 10
48582.5401161929
 20
-44421.23248531554
 10
48480.94011619291
 20
-44421.23248531554
 10
48480.94011619291
 20
-45010.19498531555
  0
TEXT
  5
604
330
17
100
AcDbEntity
  8
NUMBERS
100
AcDbText
 10
48470.0040050818
 20
-44724.53317975999
 30
0.0
 40
17.63888888888611
  1
E4卫生间-20
 72
     1
 11
48531.74011619291
 21
-44715.71373531555
 31
0.0
100
AcDbText
 73
     2
  0
LWPOLYLINE
  5
605
330
17
100
AcDbEntity
  8
OUTER
100
AcDbPolyline
 90
        5
 70
     0
 43
0.0
 10
53587.68577381597
 20
-44836.90892333353
 10
54762.43577381596
 20
-44836.90892333353
 10
54762.43577381596
 20
-44247.94642333353
 10
53587.68577381597
 20
-44247.94642333353
 10
53587.68577381597
 20
-44836.90892333353
  0
TEXT
  5
606
330
17
100
AcDbEntity
  8
NUMBERS
100
AcDbText
 10
53901.7274404826
 20
-44582.42767333353
 30
0.0
 40
80.0
  1
E4卫生间-21
 72
     1
 11
54175.06077381594
 21
-44542.42767333354
 31
0.0
100
AcDbText
 73
     2
  0
LWPOLYLINE
  5
607
330
17
100
AcDbEntity
  8
OUTER
100
AcDbPolyline
 90
        5
 70
     0
 43
0.0
 10
55028.32759222249
 20
-44836.90892333353
 10
55129.92759222248
 20
-44836.90892333353
 10
55129.92759222248
 20
-44247.94642333353
 10
55028.32759222249
 20
-44247.94642333353
 10
55028.32759222249
 20
-44836.90892333353
  0
TEXT
  5
608
330
17
100
AcDbEntity
  8
NUMBERS
100
AcDbText
 10
55015.92157370398
 20
-44551.24711777798
 30
0.0
 40
17.63888888888611
  1
E4卫生间-22
 72
     1
 11
55079.12759222248
 21
-44542.42767333354
 31
0.0
100
AcDbText
 73
     2
  0
LWPOLYLINE
  5
609
330
17
100
AcDbEntity
  8
OUTER
100
AcDbPolyline
 90
        5
 70
     0
 43
0.0
 10
60319.9553423021
 20
-44795.9852104114
 10
61494.7053423021
 20
-44795.9852104114
 10
61494.7053423021
 20
-44207.0227104114
 10
60319.9553423021
 20
-44207.0227104114
 10
60319.9553423021
 20
-44795.9852104114
  0
TEXT
  5
60A
330
17
100
AcDbEntity
  8
NUMBERS
100
AcDbText
 10
60620.66367563543
 20
-44541.50396041139
 30
0.0
 40
80.0
  1
E4卫生间-23
 72
     1
 11
60907.33034230209
 21
-44501.5039604114
 31
0.0
100
AcDbText
 73
     2
  0
LWPOLYLINE
  5
60B
330
17
100
AcDbEntity
  8
OUTER
100
AcDbPolyline
 90
        5
 70
     0
 43
0.0
 10
61760.59716070862
 20
-44795.9852104114
 10
61862.19716070862
 20
-44795.9852104114
 10
61862.19716070862
 20
-44207.0227104114
 10
61760.59716070862
 20
-44207.0227104114
 10
61760.59716070862
 20
-44795.9852104114
  0
TEXT
  5
60C
330
17
100
AcDbEntity
  8
NUMBERS
100
AcDbText
 10
61748.19114219009
 20
-44510.32340485585
 30
0.0
 40
17.6388888888899
  1
E4卫生间-24
 72
     1
 11
61811.39716070862
 21
-44501.50396041141
 31
0.0
100
AcDbText
 73
     2
  0
LWPOLYLINE
  5
60D
330
17
100
AcDbEntity
  8
OUTER
100
AcDbPolyline
 90
        5
 70
     0
 43
0.0
 10
67387.22727082297
 20
-44927.07521800488
 10
68561.97727082297
 20
-44927.07521800488
 10
68561.97727082297
 20
-44338.11271800489
 10
67387.22727082297
 20
-44338.11271800489
 10
67387.22727082297
 20
-44927.07521800488
  0
TEXT
  5
60E
330
17
100
AcDbEntity
  8
NUMBERS
100
AcDbText
 10
67687.93560415629
 20
-44672.5939680049
 30
0.0
 40
80.0
  1
E4卫生间-25
 72
     1
 11
67974.60227082297
 21
-44632.5939680049
 31
0.0
100
AcDbText
 73
     2
  0
LWPOLYLINE
  5
60F
330
17
100
AcDbEntity
  8
OUTER
100
AcDbPolyline
 90
        5
 70
     0
 43
0.0
 10
68827.8690892295
 20
-44927.07521800488
 10
68929.46908922949
 20
-44927.07521800488
 10
68929.46908922949
 20
-44338.11271800489
 10
68827.8690892295
 20
-44338.11271800489
 10
68827.8690892295
 20
-44927.07521800488
  0
TEXT
  5
610
330
17
100
AcDbEntity
  8
NUMBERS
100
AcDbText
 10
68815.46307071097
 20
-44641.41341244933
 30
0.0
 40
17.63888888888737
  1
E4卫生间-26
 72
     1
 11
68878.66908922949
 21
-44632.59396800488
 31
0.0
100
AcDbText
 73
     2
  0
LWPOLYLINE
  5
611
330
17
100
AcDbEntity
  8
OUTER
100
AcDbPolyline
 90
        5
 70
     0
 43
0.0
 10
74939.34497063678
 20
-44968.20403103983
 10
76114.09497063678
 20
-44968.20403103983
 10
76114.09497063678
 20
-44379.24153103983
 10
74939.34497063678
 20
-44379.24153103983
 10
74939.34497063678
 20
-44968.20403103983
  0
TEXT
  5
612
330
17
100
AcDbEntity
  8
NUMBERS
100
AcDbText
 10
75240.05330397011
 20
-44713.72278103983
 30
0.0
 40
80.0
  1
E4卫生间-27
 72
     1
 11
75526.71997063678
 21
-44673.72278103983
 31
0.0
100
AcDbText
 73
     2
  0
LWPOLYLINE
  5
613
330
17
100
AcDbEntity
  8
OUTER
100
AcDbPolyline
 90
        5
 70
     0
 43
0.0
 10
76379.98678904331
 20
-44968.20403103983
 10
76481.5867890433
 20
-44968.20403103983
 10
76481.5867890433
 20
-44379.24153103983
 10
76379.98678904331
 20
-44379.24153103983
 10
76379.98678904331
 20
-44968.20403103983
  0
TEXT
  5
614
330
17
100
AcDbEntity
  8
NUMBERS
100
AcDbText
 10
76367.5807705248
 20
-44682.54222548427
 30
0.0
 40
17.63888888888737
  1
E4卫生间-28
 72
     1
 11
76430.78678904331
 21
-44673.72278103983
 31
0.0
100
AcDbText
 73
     2
  0
LWPOLYLINE
  5
615
330
17
100
AcDbEntity
  8
OUTER
100
AcDbPolyline
 90
        5
 70
     0
 43
0.0
 10
82742.59478782058
 20
-44942.96274958468
 10
83917.34478782058
 20
-44942.96274958468
 10
83917.34478782058
 20
-44354.0002495847
 10
82742.59478782058
 20
-44354.0002495847
 10
82742.59478782058
 20
-44942.96274958468
  0
TEXT
  5
616
330
17
100
AcDbEntity
  8
NUMBERS
100
AcDbText
 10
83043.30312115389
 20
-44688.4814995847
 30
0.0
 40
80.0
  1
E4卫生间-29
 72
     1
 11
83329.96978782055
 21
-44648.48149958469
 31
0.0
100
AcDbText
 73
     2
  0
LWPOLYLINE
  5
617
330
17
100
AcDbEntity
  8
OUTER
100
AcDbPolyline
 90
        5
 70
     0
 43
0.0
 10
84183.23660622711
 20
-44942.96274958468
 10
84284.8366062271
 20
-44942.96274958468
 10
84284.8366062271
 20
-44354.0002495847
 10
84183.23660622711
 20
-44354.0002495847
 10
84183.23660622711
 20
-44942.96274958468
  0
TEXT
  5
618
330
17
100
AcDbEntity
  8
NUMBERS
100
AcDbText
 10
84172.300495116
 20
-44657.30094402914
 30
0.0
 40
17.63888888888737
  1
E4卫生间-30
 72
     1
 11
84234.0366062271
 21
-44648.48149958469
 31
0.0
100
AcDbText
 73
     2
  0
LWPOLYLINE
  5
619
330
17
100
AcDbEntity
  8
OUTER
100
AcDbPolyline
 90
        5
 70
     0
 43
0.0
 10
46089.29846850147
 20
-45104.05664852455
 10
46546.49846850146
 20
-45104.05664852455
 10
46546.49846850146
 20
-44459.53164852455
 10
46089.29846850147
 20
-44459.53164852455
 10
46089.29846850147
 20
-45104.05664852455
  0
TEXT
  5
61A
330
17
100
AcDbEntity
  8
NUMBERS
100
AcDbText
 10
46046.7005518348
 20
-44821.48164852455
 30
0.0
 40
79.37499999999824
  1
E4卫生间-31
 72
     1
 11
46317.89846850146
 21
-44781.79414852455
 31
0.0
100
AcDbText
 73
     2
  0
LWPOLYLINE
  5
61B
330
17
100
AcDbEntity
  8
OUTER
100
AcDbPolyline
 90
        5
 70
     0
 43
0.0
 10
52693.6875903684
 20
-45104.05664852455
 10
53150.8875903684
 20
-45104.05664852455
 10
53150.8875903684
 20
-44459.53164852455
 10
52693.6875903684
 20
-44459.53164852455
 10
52693.6875903684
 20
-45104.05664852455
  0
TEXT
  5
61C
330
17
100
AcDbEntity
  8
NUMBERS
100
AcDbText
 10
52637.86050703506
 20
-44821.48164852455
 30
0.0
 40
79.37499999999824
  1
E4卫生间-32
 72
     1
 11
52922.2875903684
 21
-44781.79414852455
 31
0.0
100
AcDbText
 73
     2
  0
LWPOLYLINE
  5
61D
330
17
100
AcDbEntity
  8
OUTER
100
AcDbPolyline
 90
        5
 70
     0
 43
0.0
 10
59371.29615002821
 20
-45104.05664852455
 10
59828.4961500282
 20
-45104.05664852455
 10
59828.4961500282
 20
-44459.53164852455
 10
59371.29615002821
 20
-44459.53164852455
 10
59371.29615002821
 20
-45104.05664852455
  0
TEXT
  5
61E
330
17
100
AcDbEntity
  8
NUMBERS
100
AcDbText
 10
59315.46906669488
 20
-44821.48164852455
 30
0.0
 40
79.37499999999824
  1
E4卫生间-33
 72
     1
 11
59599.89615002821
 21
-44781.79414852455
 31
0.0
100
AcDbText
 73
     2
  0
LWPOLYLINE
  5
61F
330
17
100
AcDbEntity
  8
OUTER
100
AcDbPolyline
 90
        5
 70
     0
 43
0.0
 10
66567.60235715026
 20
-45104.05664852455
 10
67024.80235715027
 20
-45104.05664852455
 10
67024.80235715027
 20
-44459.53164852455
 10
66567.60235715026
 20
-44459.53164852455
 10
66567.60235715026
 20
-45104.05664852455
  0
TEXT
  5
620
330
17
100
AcDbEntity
  8
NUMBERS
100
AcDbText
 10
66511.77527381695
 20
-44821.48164852456
 30
0.0
 40
79.3749999999995
  1
E4卫生间-34
 72
     1
 11
66796.20235715028
 21
-44781.79414852456
 31
0.0
100
AcDbText
 73
     2
  0
LWPOLYLINE
  5
621
330
17
100
AcDbEntity
  8
OUTER
100
AcDbPolyline
 90
        5
 70
     0
 43
0.0
 10
73996.04784193306
 20
-45104.05664852455
 10
74453.24784193307
 20
-45104.05664852455
 10
74453.24784193307
 20
-44459.53164852455
 10
73996.04784193306
 20
-44459.53164852455
 10
73996.04784193306
 20
-45104.05664852455
  0
TEXT
  5
622
330
17
100
AcDbEntity
  8
NUMBERS
100
AcDbText
 10
73940.22075859975
 20
-44821.48164852456
 30
0.0
 40
79.3749999999995
  1
E4卫生间-35
 72
     1
 11
74224.64784193308
 21
-44781.79414852456
 31
0.0
100
AcDbText
 73
     2
  0
LWPOLYLINE
  5
623
330
17
100
AcDbEntity
  8
OUTER
100
AcDbPolyline
 90
        5
 70
     0
 43
0.0
 10
81842.34340466742
 20
-45104.05664852455
 10
82299.54340466742
 20
-45104.05664852455
 10
82299.54340466742
 20
-44459.53164852455
 10
81842.34340466742
 20
-44459.53164852455
 10
81842.34340466742
 20
-45104.05664852455
  0
TEXT
  5
624
330
17
100
AcDbEntity
  8
NUMBERS
100
AcDbText
 10
81786.5163213341
 20
-44821.48164852456
 30
0.0
 40
79.3749999999995
  1
E4卫生间-36
 72
     1
 11
82070.94340466742
 21
-44781.79414852456
 31
0.0
100
AcDbText
 73
     2
  0
LWPOLYLINE
  5
625
330
17
100
AcDbEntity
  8
OUTER
100
AcDbPolyline
 90
        5
 70
     0
 43
0.0
 10
47037.66946388013
 20
-47189.09945724997
 10
48288.61946388012
 20
-47189.09945724997
 10
48288.61946388012
 20
-47087.49945724996
 10
47037.66946388013
 20
-47087.49945724996
 10
47037.66946388013
 20
-47189.09945724997
  0
TEXT
  5
626
330
17
100
AcDbEntity
  8
NUMBERS
100
AcDbText
 10
47555.64446388012
 20
-47153.29945724995
 30
0.0
 40
30.0
  1
E4卫生间-37
 72
     1
 11
47663.14446388012
 21
-47138.29945724996
 31
0.0
100
AcDbText
 73
     2
  0
LWPOLYLINE
  5
627
330
17
100
AcDbEntity
  8
OUTER
100
AcDbPolyline
 90
        5
 70
     0
 43
0.0
 10
53610.72000084398
 20
-47143.49365152965
 10
54861.67000084399
 20
-47143.49365152965
 10
54861.67000084399
 20
-47041.89365152964
 10
53610.72000084398
 20
-47041.89365152964
 10
53610.72000084398
 20
-47143.49365152965
  0
TEXT
  5
628
330
17
100
AcDbEntity
  8
NUMBERS
100
AcDbText
 10
54128.69500084398
 20
-47107.69365152963
 30
0.0
 40
30.0
  1
E4卫生间-38
 72
     1
 11
54236.19500084398
 21
-47092.69365152964
 31
0.0
100
AcDbText
 73
     2
  0
LWPOLYLINE
  5
629
330
17
100
AcDbEntity
  8
OUTER
100
AcDbPolyline
 90
        5
 70
     0
 43
0.0
 10
67566.26600072183
 20
-47159.5343672861
 10
68817.21600072181
 20
-47159.5343672861
 10
68817.21600072181
 20
-47057.9343672861
 10
67566.26600072183
 20
-47057.9343672861
 10
67566.26600072183
 20
-47159.5343672861
  0
TEXT
  5
62A
330
17
100
AcDbEntity
  8
NUMBERS
100
AcDbText
 10
68084.24100072187
 20
-47123.7343672861
 30
0.0
 40
30.0
  1
E4卫生间-39
 72
     1
 11
68191.74100072187
 21
-47108.7343672861
 31
0.0
100
AcDbText
 73
     2
  0
LWPOLYLINE
  5
62B
330
17
100
AcDbEntity
  8
OUTER
100
AcDbPolyline
 90
        5
 70
     0
 43
0.0
 10
75202.66434593677
 20
-47053.05528937309
 10
76453.61434593677
 20
-47053.05528937309
 10
76453.61434593677
 20
-46951.4552893731
 10
75202.66434593677
 20
-46951.4552893731
 10
75202.66434593677
 20
-47053.05528937309
  0
TEXT
  5
62C
330
17
100
AcDbEntity
  8
NUMBERS
100
AcDbText
 10
75723.13934593678
 20
-47017.25528937309
 30
0.0
 40
30.0
  1
E4卫生间-40
 72
     1
 11
75828.13934593678
 21
-47002.25528937309
 31
0.0
100
AcDbText
 73
     2
  0
LWPOLYLINE
  5
62D
330
17
100
AcDbEntity
  8
OUTER
100
AcDbPolyline
 90
        5
 70
     0
 43
0.0
 10
82931.30352910722
 20
-47171.22347327286
 10
84182.25352910724
 20
-47171.22347327286
 10
84182.25352910724
 20
-47069.62347327285
 10
82931.30352910722
 20
-47069.62347327285
 10
82931.30352910722
 20
-47171.22347327286
  0
TEXT
  5
62E
330
17
100
AcDbEntity
  8
NUMBERS
100
AcDbText
 10
83454.27852910725
 20
-47135.42347327285
 30
0.0
 40
30.0
  1
E4卫生间-41
 72
     1
 11
83556.77852910725
 21
-47120.42347327285
 31
0.0
100
AcDbText
 73
     2
  0
LWPOLYLINE
  5
62F
330
17
100
AcDbEntity
  8
OUTER
100
AcDbPolyline
 90
        7
 70
     0
 43
0.0
 10
44442.95899364566
 20
-45102.80696403037
 10
45352.59649364566
 20
-45102.80696403037
 10
45352.59649364566
 20
-44458.28196403036
 10
45087.48399364566
 20
-44458.28196403036
 10
45087.48399364566
 20
-42258.00696403037
 10
44442.95899364566
 20
-42258.00696403037
 10
44442.95899364566
 20
-45102.80696403037
  0
TEXT
  5
630
330
17
100
AcDbEntity
  8
NUMBERS
100
AcDbText
 10
44570.66035594785
 20
-43814.19101839485
 30
0.0
 40
80.0
  1
E4厨房-01
 72
     1
 11
44803.99368928119
 21
-43774.19101839485
 31
0.0
100
AcDbText
 73
     2
  0
LWPOLYLINE
  5
631
330
17
100
AcDbEntity
  8
OUTER
100
AcDbPolyline
 90
        7
 70
     0
 43
0.0
 10
51047.3481155126
 20
-45102.80696403037
 10
51956.98561551259
 20
-45102.80696403037
 10
51956.98561551259
 20
-44458.28196403036
 10
51691.87311551262
 20
-44458.28196403036
 10
51691.87311551262
 20
-42258.00696403037
 10
51047.3481155126
 20
-42258.00696403037
 10
51047.3481155126
 20
-45102.80696403037
  0
TEXT
  5
632
330
17
100
AcDbEntity
  8
NUMBERS
100
AcDbText
 10
51161.71614448146
 20
-43814.19101839484
 30
0.0
 40
80.0
  1
E4厨房-02
 72
     1
 11
51408.38281114812
 21
-43774.19101839484
 31
0.0
100
AcDbText
 73
     2
  0
LWPOLYLINE
  5
633
330
17
100
AcDbEntity
  8
OUTER
100
AcDbPolyline
 90
        7
 70
     0
 43
0.0
 10
57724.9566751724
 20
-45102.80696403037
 10
58634.5941751724
 20
-45102.80696403037
 10
58634.5941751724
 20
-44458.28196403036
 10
58369.4816751724
 20
-44458.28196403036
 10
58369.4816751724
 20
-42258.00696403037
 10
57724.9566751724
 20
-42258.00696403037
 10
57724.9566751724
 20
-45102.80696403037
  0
TEXT
  5
634
330
17
100
AcDbEntity
  8
NUMBERS
100
AcDbText
 10
57839.32470414127
 20
-43814.19101839485
 30
0.0
 40
80.0
  1
E4厨房-03
 72
     1
 11
58085.99137080793
 21
-43774.19101839485
 31
0.0
100
AcDbText
 73
     2
  0
LWPOLYLINE
  5
635
330
17
100
AcDbEntity
  8
OUTER
100
AcDbPolyline
 90
        7
 70
     0
 43
0.0
 10
64921.26288229445
 20
-45102.80696403037
 10
65830.90038229445
 20
-45102.80696403037
 10
65830.90038229445
 20
-44458.28196403036
 10
65565.78788229446
 20
-44458.28196403036
 10
65565.78788229446
 20
-42258.00696403037
 10
64921.26288229445
 20
-42258.00696403037
 10
64921.26288229445
 20
-45102.80696403037
  0
TEXT
  5
636
330
17
100
AcDbEntity
  8
NUMBERS
100
AcDbText
 10
65035.63091126331
 20
-43814.19101839484
 30
0.0
 40
80.0
  1
E4厨房-04
 72
     1
 11
65282.29757792997
 21
-43774.19101839484
 31
0.0
100
AcDbText
 73
     2
  0
LWPOLYLINE
  5
637
330
17
100
AcDbEntity
  8
OUTER
100
AcDbPolyline
 90
        7
 70
     0
 43
0.0
 10
72349.70836707727
 20
-45102.80696403037
 10
73259.34586707725
 20
-45102.80696403037
 10
73259.34586707725
 20
-44458.28196403036
 10
72994.23336707726
 20
-44458.28196403036
 10
72994.23336707726
 20
-42258.00696403037
 10
72349.70836707727
 20
-42258.00696403037
 10
72349.70836707727
 20
-45102.80696403037
  0
TEXT
  5
638
330
17
100
AcDbEntity
  8
NUMBERS
100
AcDbText
 10
72464.0763960461
 20
-43814.19101839484
 30
0.0
 40
80.0
  1
E4厨房-05
 72
     1
 11
72710.74306271278
 21
-43774.19101839484
 31
0.0
100
AcDbText
 73
     2
  0
LWPOLYLINE
  5
639
330
17
100
AcDbEntity
  8
OUTER
100
AcDbPolyline
 90
        7
 70
     0
 43
0.0
 10
80196.00392981162
 20
-45102.80696403037
 10
81105.64142981161
 20
-45102.80696403037
 10
81105.64142981161
 20
-44458.28196403036
 10
80840.52892981162
 20
-44458.28196403036
 10
80840.52892981162
 20
-42258.00696403037
 10
80196.00392981162
 20
-42258.00696403037
 10
80196.00392981162
 20
-45102.80696403037
  0
TEXT
  5
63A
330
17
100
AcDbEntity
  8
NUMBERS
100
AcDbText
 10
80310.37195878049
 20
-43814.19101839484
 30
0.0
 40
80.0
  1
E4厨房-06
 72
     1
 11
80557.03862544715
 21
-43774.19101839484
 31
0.0
100
AcDbText
 73
     2
  0
LWPOLYLINE
  5
63B
330
17
100
AcDbEntity
  8
OUTER
100
AcDbPolyline
 90
        5
 70
     0
 43
0.0
 10
55119.70767749705
 20
-64754.29156710146
 10
56370.65767749704
 20
-64754.29156710146
 10
56370.65767749704
 20
-64652.69156710147
 10
55119.70767749705
 20
-64652.69156710147
 10
55119.70767749705
 20
-64754.29156710146
  0
TEXT
  5
63C
330
17
100
AcDbEntity
  8
NUMBERS
100
AcDbText
 10
55660.18267749705
 20
-64718.49156710146
 30
0.0
 40
30.0
  1
E卫生间-01
 72
     1
 11
55745.18267749705
 21
-64703.49156710146
 31
0.0
100
AcDbText
 73
     2
  0
LWPOLYLINE
  5
63D
330
17
100
AcDbEntity
  8
OUTER
100
AcDbPolyline
 90
        5
 70
     0
 43
0.0
 10
64890.55369004256
 20
-64720.95878713012
 10
66141.50369004256
 20
-64720.95878713012
 10
66141.50369004256
 20
-64619.35878713013
 10
64890.55369004256
 20
-64619.35878713013
 10
64890.55369004256
 20
-64720.95878713012
  0
TEXT
  5
63E
330
17
100
AcDbEntity
  8
NUMBERS
100
AcDbText
 10
65426.02869004255
 20
-64685.15878713012
 30
0.0
 40
30.0
  1
E卫生间-02
 72
     1
 11
65516.02869004256
 21
-64670.15878713012
 31
0.0
100
AcDbText
 73
     2
  0
LWPOLYLINE
  5
63F
330
17
100
AcDbEntity
  8
OUTER
100
AcDbPolyline
 90
        5
 70
     0
 43
0.0
 10
70230.17681670234
 20
-64720.95878713012
 10
71481.12681670234
 20
-64720.95878713012
 10
71481.12681670234
 20
-64619.35878713013
 10
70230.17681670234
 20
-64619.35878713013
 10
70230.17681670234
 20
-64720.95878713012
  0
TEXT
  5
640
330
17
100
AcDbEntity
  8
NUMBERS
100
AcDbText
 10
70765.65181670236
 20
-64685.15878713012
 30
0.0
 40
30.0
  1
E卫生间-03
 72
     1
 11
70855.65181670236
 21
-64670.15878713012
 31
0.0
100
AcDbText
 73
     2
  0
LWPOLYLINE
  5
641
330
17
100
AcDbEntity
  8
OUTER
100
AcDbPolyline
 90
        5
 70
     0
 43
0.0
 10
76117.45139171483
 20
-64776.12199954199
 10
77368.40139171484
 20
-64776.12199954199
 10
77368.40139171484
 20
-64674.52199954199
 10
76117.45139171483
 20
-64674.52199954199
 10
76117.45139171483
 20
-64776.12199954199
  0
TEXT
  5
642
330
17
100
AcDbEntity
  8
NUMBERS
100
AcDbText
 10
76652.92639171485
 20
-64740.32199954199
 30
0.0
 40
30.0
  1
E卫生间-04
 72
     1
 11
76742.92639171484
 21
-64725.321999542
 31
0.0
100
AcDbText
 73
     2
  0
LWPOLYLINE
  5
643
330
17
100
AcDbEntity
  8
OUTER
100
AcDbPolyline
 90
        5
 70
     0
 43
0.0
 10
80373.35306571135
 20
-64776.12199954199
 10
81624.30306571136
 20
-64776.12199954199
 10
81624.30306571136
 20
-64674.52199954199
 10
80373.35306571135
 20
-64674.52199954199
 10
80373.35306571135
 20
-64776.12199954199
  0
TEXT
  5
644
330
17
100
AcDbEntity
  8
NUMBERS
100
AcDbText
 10
80908.82806571135
 20
-64740.32199954199
 30
0.0
 40
30.0
  1
E卫生间-05
 72
     1
 11
80998.82806571136
 21
-64725.321999542
 31
0.0
100
AcDbText
 73
     2
  0
LWPOLYLINE
  5
645
330
17
100
AcDbEntity
  8
OUTER
100
AcDbPolyline
 90
        5
 70
     0
 43
0.0
 10
85461.79624355911
 20
-64777.37168403617
 10
86712.74624355911
 20
-64777.37168403617
 10
86712.74624355911
 20
-64675.77168403616
 10
85461.79624355911
 20
-64675.77168403616
 10
85461.79624355911
 20
-64777.37168403617
  0
TEXT
  5
646
330
17
100
AcDbEntity
  8
NUMBERS
100
AcDbText
 10
85997.27124355911
 20
-64741.57168403616
 30
0.0
 40
30.0
  1
E卫生间-06
 72
     1
 11
86087.2712435591
 21
-64726.57168403616
 31
0.0
100
AcDbText
 73
     2
  0
LWPOLYLINE
  5
647
330
17
100
AcDbEntity
  8
OUTER
100
AcDbPolyline
 90
        5
 70
     0
 43
0.0
 10
90025.95559837811
 20
-64744.03890406485
 10
91276.90559837812
 20
-64744.03890406485
 10
91276.90559837812
 20
-64642.43890406483
 10
90025.95559837811
 20
-64642.43890406483
 10
90025.95559837811
 20
-64744.03890406485
  0
TEXT
  5
648
330
17
100
AcDbEntity
  8
NUMBERS
100
AcDbText
 10
90561.43059837813
 20
-64708.23890406483
 30
0.0
 40
30.0
  1
E卫生间-07
 72
     1
 11
90651.43059837813
 21
-64693.23890406483
 31
0.0
100
AcDbText
 73
     2
  0
LWPOLYLINE
  5
649
330
17
100
AcDbEntity
  8
OUTER
100
AcDbPolyline
 90
        5
 70
     0
 43
0.0
 10
95232.64225610464
 20
-64744.03890406485
 10
96483.59225610462
 20
-64744.03890406485
 10
96483.59225610462
 20
-64642.43890406483
 10
95232.64225610464
 20
-64642.43890406483
 10
95232.64225610464
 20
-64744.03890406485
  0
TEXT
  5
64A
330
17
100
AcDbEntity
  8
NUMBERS
100
AcDbText
 10
95768.11725610463
 20
-64708.23890406485
 30
0.0
 40
30.0
  1
E卫生间-08
 72
     1
 11
95858.11725610463
 21
-64693.23890406485
 31
0.0
100
AcDbText
 73
     2
  0
LWPOLYLINE
  5
64B
330
17
100
AcDbEntity
  8
OUTER
100
AcDbPolyline
 90
        5
 70
     0
 43
0.0
 10
100572.2653827644
 20
-64744.03890406485
 10
101823.2153827644
 20
-64744.03890406485
 10
101823.2153827644
 20
-64642.43890406483
 10
100572.2653827644
 20
-64642.43890406483
 10
100572.2653827644
 20
-64744.03890406485
  0
TEXT
  5
64C
330
17
100
AcDbEntity
  8
NUMBERS
100
AcDbText
 10
101107.7403827644
 20
-64708.23890406483
 30
0.0
 40
30.0
  1
E卫生间-09
 72
     1
 11
101197.7403827644
 21
-64693.23890406483
 31
0.0
100
AcDbText
 73
     2
  0
LWPOLYLINE
  5
64D
330
17
100
AcDbEntity
  8
OUTER
100
AcDbPolyline
 90
        5
 70
     0
 43
0.0
 10
106866.1734031518
 20
-64640.70556021534
 10
108117.1234031518
 20
-64640.70556021534
 10
108117.1234031518
 20
-64539.10556021534
 10
106866.1734031518
 20
-64539.10556021534
 10
106866.1734031518
 20
-64640.70556021534
  0
TEXT
  5
64E
330
17
100
AcDbEntity
  8
NUMBERS
100
AcDbText
 10
107406.6484031518
 20
-64604.90556021533
 30
0.0
 40
30.0
  1
E卫生间-10
 72
     1
 11
107491.6484031518
 21
-64589.90556021534
 31
0.0
100
AcDbText
 73
     2
  0
LWPOLYLINE
  5
64F
330
17
100
AcDbEntity
  8
OUTER
100
AcDbPolyline
 90
        5
 70
     0
 43
0.0
 10
111122.0750771483
 20
-64640.70556021534
 10
112373.0250771483
 20
-64640.70556021534
 10
112373.0250771483
 20
-64539.10556021534
 10
111122.0750771483
 20
-64539.10556021534
 10
111122.0750771483
 20
-64640.70556021534
  0
TEXT
  5
650
330
17
100
AcDbEntity
  8
NUMBERS
100
AcDbText
 10
111665.0500771483
 20
-64604.90556021533
 30
0.0
 40
30.0
  1
E卫生间-11
 72
     1
 11
111747.5500771483
 21
-64589.90556021534
 31
0.0
100
AcDbText
 73
     2
  0
LWPOLYLINE
  5
651
330
17
100
AcDbEntity
  8
OUTER
100
AcDbPolyline
 90
        5
 70
     0
 43
0.0
 10
116210.518254996
 20
-64641.95524470952
 10
117461.468254996
 20
-64641.95524470952
 10
117461.468254996
 20
-64540.35524470951
 10
116210.518254996
 20
-64540.35524470951
 10
116210.518254996
 20
-64641.95524470952
  0
TEXT
  5
652
330
17
100
AcDbEntity
  8
NUMBERS
100
AcDbText
 10
116748.493254996
 20
-64606.15524470952
 30
0.0
 40
30.0
  1
E卫生间-12
 72
     1
 11
116835.993254996
 21
-64591.15524470952
 31
0.0
100
AcDbText
 73
     2
  0
LWPOLYLINE
  5
653
330
17
100
AcDbEntity
  8
OUTER
100
AcDbPolyline
 90
        5
 70
     0
 43
0.0
 10
120774.677609815
 20
-64608.62246473818
 10
122025.627609815
 20
-64608.62246473818
 10
122025.627609815
 20
-64507.02246473817
 10
120774.677609815
 20
-64507.02246473817
 10
120774.677609815
 20
-64608.62246473818
  0
TEXT
  5
654
330
17
100
AcDbEntity
  8
NUMBERS
100
AcDbText
 10
121312.652609815
 20
-64572.82246473817
 30
0.0
 40
30.0
  1
E卫生间-13
 72
     1
 11
121400.152609815
 21
-64557.82246473817
 31
0.0
100
AcDbText
 73
     2
  0
LWPOLYLINE
  5
655
330
17
100
AcDbEntity
  8
OUTER
100
AcDbPolyline
 90
        5
 70
     0
 43
0.0
 10
125981.3642675416
 20
-64608.62246473818
 10
127232.3142675416
 20
-64608.62246473818
 10
127232.3142675416
 20
-64507.02246473817
 10
125981.3642675416
 20
-64507.02246473817
 10
125981.3642675416
 20
-64608.62246473818
  0
TEXT
  5
656
330
17
100
AcDbEntity
  8
NUMBERS
100
AcDbText
 10
126519.3392675416
 20
-64572.82246473817
 30
0.0
 40
30.0
  1
E卫生间-14
 72
     1
 11
126606.8392675416
 21
-64557.82246473817
 31
0.0
100
AcDbText
 73
     2
  0
LWPOLYLINE
  5
657
330
17
100
AcDbEntity
  8
OUTER
100
AcDbPolyline
 90
        5
 70
     0
 43
0.0
 10
131320.9873942013
 20
-64608.62246473818
 10
132571.9373942013
 20
-64608.62246473818
 10
132571.9373942013
 20
-64507.02246473817
 10
131320.9873942013
 20
-64507.02246473817
 10
131320.9873942013
 20
-64608.62246473818
  0
TEXT
  5
658
330
17
100
AcDbEntity
  8
NUMBERS
100
AcDbText
 10
131858.9623942013
 20
-64572.82246473819
 30
0.0
 40
30.0
  1
E卫生间-15
 72
     1
 11
131946.4623942013
 21
-64557.82246473819
 31
0.0
100
AcDbText
 73
     2
  0
LWPOLYLINE
  5
659
330
17
100
AcDbEntity
  8
OUTER
100
AcDbPolyline
 90
        5
 70
     0
 43
0.0
 10
59684.23864417642
 20
-64934.49376690421
 10
60935.18864417642
 20
-64934.49376690421
 10
60935.18864417642
 20
-65523.45626690421
 10
59684.23864417642
 20
-65523.45626690421
 10
59684.23864417642
 20
-64934.49376690421
  0
TEXT
  5
65A
330
17
100
AcDbEntity
  8
NUMBERS
100
AcDbText
 10
60076.38031084309
 20
-65268.97501690421
 30
0.0
 40
80.0
  1
E卫生间-16
 72
     1
 11
60309.71364417642
 21
-65228.97501690421
 31
0.0
100
AcDbText
 73
     2
  0
LWPOLYLINE
  5
65B
330
17
100
AcDbEntity
  8
OUTER
100
AcDbPolyline
 90
        5
 70
     0
 43
0.0
 10
61154.48829342537
 20
-65523.45626690421
 10
61256.08829342537
 20
-65523.45626690421
 10
61256.08829342537
 20
-64934.49376690421
 10
61154.48829342537
 20
-64934.49376690421
 10
61154.48829342537
 20
-65523.45626690421
  0
TEXT
  5
65C
330
17
100
AcDbEntity
  8
NUMBERS
100
AcDbText
 10
61146.49199712908
 20
-65239.05438198358
 30
0.0
 40
20.15873015872987
  1
E卫生间-17
 72
     1
 11
61205.28829342537
 21
-65228.97501690422
 31
0.0
100
AcDbText
 73
     2
  0
LWPOLYLINE
  5
65D
330
17
100
AcDbEntity
  8
OUTER
100
AcDbPolyline
 90
        5
 70
     0
 43
0.0
 10
64890.92530190295
 20
-64934.49376690421
 10
66141.87530190295
 20
-64934.49376690421
 10
66141.87530190295
 20
-65523.45626690421
 10
64890.92530190295
 20
-65523.45626690421
 10
64890.92530190295
 20
-64934.49376690421
  0
TEXT
  5
65E
330
17
100
AcDbEntity
  8
NUMBERS
100
AcDbText
 10
65283.06696856962
 20
-65268.97501690421
 30
0.0
 40
80.0
  1
E卫生间-18
 72
     1
 11
65516.40030190296
 21
-65228.97501690421
 31
0.0
100
AcDbText
 73
     2
  0
LWPOLYLINE
  5
65F
330
17
100
AcDbEntity
  8
OUTER
100
AcDbPolyline
 90
        5
 70
     0
 43
0.0
 10
66361.1749511519
 20
-65523.45626690421
 10
66462.77495115191
 20
-65523.45626690421
 10
66462.77495115191
 20
-64934.49376690421
 10
66361.1749511519
 20
-64934.49376690421
 10
66361.1749511519
 20
-65523.45626690421
  0
TEXT
  5
660
330
17
100
AcDbEntity
  8
NUMBERS
100
AcDbText
 10
66353.1786548556
 20
-65239.05438198358
 30
0.0
 40
20.15873015873132
  1
E卫生间-19
 72
     1
 11
66411.9749511519
 21
-65228.97501690422
 31
0.0
100
AcDbText
 73
     2
  0
LWPOLYLINE
  5
661
330
17
100
AcDbEntity
  8
OUTER
100
AcDbPolyline
 90
        5
 70
     0
 43
0.0
 10
70230.54842856273
 20
-64934.49376690421
 10
71481.49842856271
 20
-64934.49376690421
 10
71481.49842856271
 20
-65523.45626690421
 10
70230.54842856273
 20
-65523.45626690421
 10
70230.54842856273
 20
-64934.49376690421
  0
TEXT
  5
662
330
17
100
AcDbEntity
  8
NUMBERS
100
AcDbText
 10
70616.02342856272
 20
-65268.97501690421
 30
0.0
 40
80.0
  1
E卫生间-20
 72
     1
 11
70856.02342856272
 21
-65228.97501690421
 31
0.0
100
AcDbText
 73
     2
  0
LWPOLYLINE
  5
663
330
17
100
AcDbEntity
  8
OUTER
100
AcDbPolyline
 90
        5
 70
     0
 43
0.0
 10
71700.79807781167
 20
-65523.45626690421
 10
71802.39807781168
 20
-65523.45626690421
 10
71802.39807781168
 20
-64934.49376690421
 10
71700.79807781167
 20
-64934.49376690421
 10
71700.79807781167
 20
-65523.45626690421
  0
TEXT
  5
664
330
17
100
AcDbEntity
  8
NUMBERS
100
AcDbText
 10
71692.80178151537
 20
-65239.05438198358
 30
0.0
 40
20.15873015873132
  1
E卫生间-21
 72
     1
 11
71751.59807781168
 21
-65228.97501690422
 31
0.0
100
AcDbText
 73
     2
  0
LWPOLYLINE
  5
665
330
17
100
AcDbEntity
  8
OUTER
100
AcDbPolyline
 90
        5
 70
     0
 43
0.0
 10
106866.5450150122
 20
-64854.24053998943
 10
108117.4950150121
 20
-64854.24053998943
 10
108117.4950150121
 20
-65443.20303998941
 10
106866.5450150122
 20
-65443.20303998941
 10
106866.5450150122
 20
-64854.24053998943
  0
TEXT
  5
666
330
17
100
AcDbEntity
  8
NUMBERS
100
AcDbText
 10
107245.3533483454
 20
-65188.7217899894
 30
0.0
 40
80.0
  1
E卫生间-22
 72
     1
 11
107492.0200150121
 21
-65148.7217899894
 31
0.0
100
AcDbText
 73
     2
  0
LWPOLYLINE
  5
667
330
17
100
AcDbEntity
  8
OUTER
100
AcDbPolyline
 90
        5
 70
     0
 43
0.0
 10
108336.7946642611
 20
-65443.20303998941
 10
108438.3946642611
 20
-65443.20303998941
 10
108438.3946642611
 20
-64854.24053998943
 10
108336.7946642611
 20
-64854.24053998943
 10
108336.7946642611
 20
-65443.20303998941
  0
TEXT
  5
668
330
17
100
AcDbEntity
  8
NUMBERS
100
AcDbText
 10
108325.438579605
 20
-65158.80115506877
 30
0.0
 40
20.15873015872843
  1
E卫生间-23
 72
     1
 11
108387.5946642611
 21
-65148.72178998942
 31
0.0
100
AcDbText
 73
     2
  0
LWPOLYLINE
  5
669
330
17
100
AcDbEntity
  8
OUTER
100
AcDbPolyline
 90
        5
 70
     0
 43
0.0
 10
111122.4466890087
 20
-64854.24053998943
 10
112373.3966890086
 20
-64854.24053998943
 10
112373.3966890086
 20
-65443.20303998941
 10
111122.4466890087
 20
-65443.20303998941
 10
111122.4466890087
 20
-64854.24053998943
  0
TEXT
  5
66A
330
17
100
AcDbEntity
  8
NUMBERS
100
AcDbText
 10
111501.255022342
 20
-65188.7217899894
 30
0.0
 40
80.0
  1
E卫生间-24
 72
     1
 11
111747.9216890086
 21
-65148.7217899894
 31
0.0
100
AcDbText
 73
     2
  0
LWPOLYLINE
  5
66B
330
17
100
AcDbEntity
  8
OUTER
100
AcDbPolyline
 90
        5
 70
     0
 43
0.0
 10
112592.6963382576
 20
-65443.20303998941
 10
112694.2963382576
 20
-65443.20303998941
 10
112694.2963382576
 20
-64854.24053998943
 10
112592.6963382576
 20
-64854.24053998943
 10
112592.6963382576
 20
-65443.20303998941
  0
TEXT
  5
66C
330
17
100
AcDbEntity
  8
NUMBERS
100
AcDbText
 10
112581.3402536015
 20
-65158.80115506877
 30
0.0
 40
20.15873015872843
  1
E卫生间-25
 72
     1
 11
112643.4963382576
 21
-65148.72178998942
 31
0.0
100
AcDbText
 73
     2
  0
LWPOLYLINE
  5
66D
330
17
100
AcDbEntity
  8
OUTER
100
AcDbPolyline
 90
        5
 70
     0
 43
0.0
 10
116210.8898668564
 20
-64855.49022448361
 10
117461.8398668564
 20
-64855.49022448361
 10
117461.8398668564
 20
-65444.45272448358
 10
116210.8898668564
 20
-65444.45272448358
 10
116210.8898668564
 20
-64855.49022448361
  0
TEXT
  5
66E
330
17
100
AcDbEntity
  8
NUMBERS
100
AcDbText
 10
116589.6982001897
 20
-65189.9714744836
 30
0.0
 40
80.0
  1
E卫生间-26
 72
     1
 11
116836.3648668564
 21
-65149.9714744836
 31
0.0
100
AcDbText
 73
     2
  0
LWPOLYLINE
  5
66F
330
17
100
AcDbEntity
  8
OUTER
100
AcDbPolyline
 90
        5
 70
     0
 43
0.0
 10
117681.1395161054
 20
-65444.45272448358
 10
117782.7395161054
 20
-65444.45272448358
 10
117782.7395161054
 20
-64855.49022448361
 10
117681.1395161054
 20
-64855.49022448361
 10
117681.1395161054
 20
-65444.45272448358
  0
TEXT
  5
670
330
17
100
AcDbEntity
  8
NUMBERS
100
AcDbText
 10
117669.7834314493
 20
-65160.05083956296
 30
0.0
 40
20.15873015873132
  1
E卫生间-27
 72
     1
 11
117731.9395161054
 21
-65149.9714744836
 31
0.0
100
AcDbText
 73
     2
  0
LWPOLYLINE
  5
671
330
17
100
AcDbEntity
  8
OUTER
100
AcDbPolyline
 90
        5
 70
     0
 43
0.0
 10
120775.0492216754
 20
-64822.15744451226
 10
122025.9992216754
 20
-64822.15744451226
 10
122025.9992216754
 20
-65411.11994451226
 10
120775.0492216754
 20
-65411.11994451226
 10
120775.0492216754
 20
-64822.15744451226
  0
TEXT
  5
672
330
17
100
AcDbEntity
  8
NUMBERS
100
AcDbText
 10
121153.8575550087
 20
-65156.63869451226
 30
0.0
 40
80.0
  1
E卫生间-28
 72
     1
 11
121400.5242216754
 21
-65116.63869451226
 31
0.0
100
AcDbText
 73
     2
  0
LWPOLYLINE
  5
673
330
17
100
AcDbEntity
  8
OUTER
100
AcDbPolyline
 90
        5
 70
     0
 43
0.0
 10
122245.2988709244
 20
-65411.11994451226
 10
122346.8988709244
 20
-65411.11994451226
 10
122346.8988709244
 20
-64822.15744451226
 10
122245.2988709244
 20
-64822.15744451226
 10
122245.2988709244
 20
-65411.11994451226
  0
TEXT
  5
674
330
17
100
AcDbEntity
  8
NUMBERS
100
AcDbText
 10
122233.9427862683
 20
-65126.71805959163
 30
0.0
 40
20.15873015873132
  1
E卫生间-29
 72
     1
 11
122296.0988709244
 21
-65116.63869451226
 31
0.0
100
AcDbText
 73
     2
  0
LWPOLYLINE
  5
675
330
17
100
AcDbEntity
  8
OUTER
100
AcDbPolyline
 90
        5
 70
     0
 43
0.0
 10
125981.735879402
 20
-64822.15744451226
 10
127232.6858794019
 20
-64822.15744451226
 10
127232.6858794019
 20
-65411.11994451226
 10
125981.735879402
 20
-65411.11994451226
 10
125981.735879402
 20
-64822.15744451226
  0
TEXT
  5
676
330
17
100
AcDbEntity
  8
NUMBERS
100
AcDbText
 10
126367.2108794019
 20
-65156.63869451226
 30
0.0
 40
80.0
  1
E卫生间-30
 72
     1
 11
126607.2108794019
 21
-65116.63869451226
 31
0.0
100
AcDbText
 73
     2
  0
LWPOLYLINE
  5
677
330
17
100
AcDbEntity
  8
OUTER
100
AcDbPolyline
 90
        5
 70
     0
 43
0.0
 10
127451.9855286509
 20
-65411.11994451226
 10
127553.5855286509
 20
-65411.11994451226
 10
127553.5855286509
 20
-64822.15744451226
 10
127451.9855286509
 20
-64822.15744451226
 10
127451.9855286509
 20
-65411.11994451226
  0
TEXT
  5
678
330
17
100
AcDbEntity
  8
NUMBERS
100
AcDbText
 10
127443.9892323546
 20
-65126.71805959163
 30
0.0
 40
20.15873015873132
  1
E卫生间-31
 72
     1
 11
127502.7855286509
 21
-65116.63869451226
 31
0.0
100
AcDbText
 73
     2
  0
LWPOLYLINE
  5
679
330
17
100
AcDbEntity
  8
OUTER
100
AcDbPolyline
 90
        5
 70
     0
 43
0.0
 10
131321.3590060617
 20
-64822.15744451226
 10
132572.3090060617
 20
-64822.15744451226
 10
132572.3090060617
 20
-65411.11994451226
 10
131321.3590060617
 20
-65411.11994451226
 10
131321.3590060617
 20
-64822.15744451226
  0
TEXT
  5
67A
330
17
100
AcDbEntity
  8
NUMBERS
100
AcDbText
 10
131700.167339395
 20
-65156.63869451224
 30
0.0
 40
80.0
  1
E卫生间-32
 72
     1
 11
131946.8340060617
 21
-65116.63869451224
 31
0.0
100
AcDbText
 73
     2
  0
LWPOLYLINE
  5
67B
330
17
100
AcDbEntity
  8
OUTER
100
AcDbPolyline
 90
        5
 70
     0
 43
0.0
 10
132791.6086553107
 20
-65411.11994451226
 10
132893.2086553107
 20
-65411.11994451226
 10
132893.2086553107
 20
-64822.15744451226
 10
132791.6086553107
 20
-64822.15744451226
 10
132791.6086553107
 20
-65411.11994451226
  0
TEXT
  5
67C
330
17
100
AcDbEntity
  8
NUMBERS
100
AcDbText
 10
132780.2525706546
 20
-65126.71805959163
 30
0.0
 40
20.15873015873132
  1
E卫生间-33
 72
     1
 11
132842.4086553107
 21
-65116.63869451226
 31
0.0
100
AcDbText
 73
     2
  0
LWPOLYLINE
  5
67D
330
17
100
AcDbEntity
  8
OUTER
100
AcDbPolyline
 90
        5
 70
     0
 43
0.0
 10
45775.73443751316
 20
-64966.57686238136
 10
47026.68443751316
 20
-64966.57686238136
 10
47026.68443751316
 20
-65555.53936238137
 10
45775.73443751316
 20
-65555.53936238137
 10
45775.73443751316
 20
-64966.57686238136
  0
TEXT
  5
67E
330
17
100
AcDbEntity
  8
NUMBERS
100
AcDbText
 10
46154.5427708465
 20
-65301.05811238136
 30
0.0
 40
80.0
  1
E卫生间-34
 72
     1
 11
46401.20943751316
 21
-65261.05811238137
 31
0.0
100
AcDbText
 73
     2
  0
LWPOLYLINE
  5
67F
330
17
100
AcDbEntity
  8
OUTER
100
AcDbPolyline
 90
        5
 70
     0
 43
0.0
 10
47143.30117220664
 20
-65555.53936238137
 10
47244.90117220664
 20
-65555.53936238137
 10
47244.90117220664
 20
-64966.57686238136
 10
47143.30117220664
 20
-64966.57686238136
 10
47143.30117220664
 20
-65555.53936238137
  0
TEXT
  5
680
330
17
100
AcDbEntity
  8
NUMBERS
100
AcDbText
 10
47131.94508755054
 20
-65271.13747746071
 30
0.0
 40
20.15873015873132
  1
E卫生间-35
 72
     1
 11
47194.10117220663
 21
-65261.05811238134
 31
0.0
100
AcDbText
 73
     2
  0
LWPOLYLINE
  5
681
330
17
100
AcDbEntity
  8
OUTER
100
AcDbPolyline
 90
        5
 70
     0
 43
0.0
 10
50031.63611150966
 20
-64966.57686238136
 10
51282.58611150966
 20
-64966.57686238136
 10
51282.58611150966
 20
-65555.53936238137
 10
50031.63611150966
 20
-65555.53936238137
 10
50031.63611150966
 20
-64966.57686238136
  0
TEXT
  5
682
330
17
100
AcDbEntity
  8
NUMBERS
100
AcDbText
 10
50410.44444484299
 20
-65301.05811238136
 30
0.0
 40
80.0
  1
E卫生间-36
 72
     1
 11
50657.11111150966
 21
-65261.05811238137
 31
0.0
100
AcDbText
 73
     2
  0
LWPOLYLINE
  5
683
330
17
100
AcDbEntity
  8
OUTER
100
AcDbPolyline
 90
        5
 70
     0
 43
0.0
 10
51501.88576075861
 20
-65555.53936238137
 10
51603.4857607586
 20
-65555.53936238137
 10
51603.4857607586
 20
-64966.57686238136
 10
51501.88576075861
 20
-64966.57686238136
 10
51501.88576075861
 20
-65555.53936238137
  0
TEXT
  5
684
330
17
100
AcDbEntity
  8
NUMBERS
100
AcDbText
 10
51490.52967610252
 20
-65271.13747746071
 30
0.0
 40
20.15873015872843
  1
E卫生间-37
 72
     1
 11
51552.68576075861
 21
-65261.05811238134
 31
0.0
100
AcDbText
 73
     2
  0
LWPOLYLINE
  5
685
330
17
100
AcDbEntity
  8
OUTER
100
AcDbPolyline
 90
        5
 70
     0
 43
0.0
 10
55120.07928935743
 20
-64967.82654687553
 10
56371.02928935742
 20
-64967.82654687553
 10
56371.02928935742
 20
-65556.78904687553
 10
55120.07928935743
 20
-65556.78904687553
 10
55120.07928935743
 20
-64967.82654687553
  0
TEXT
  5
686
330
17
100
AcDbEntity
  8
NUMBERS
100
AcDbText
 10
55498.88762269077
 20
-65302.30779687553
 30
0.0
 40
80.0
  1
E卫生间-38
 72
     1
 11
55745.55428935743
 21
-65262.30779687552
 31
0.0
100
AcDbText
 73
     2
  0
LWPOLYLINE
  5
687
330
17
100
AcDbEntity
  8
OUTER
100
AcDbPolyline
 90
        5
 70
     0
 43
0.0
 10
56590.32893860637
 20
-65556.78904687553
 10
56691.92893860637
 20
-65556.78904687553
 10
56691.92893860637
 20
-64967.82654687553
 10
56590.32893860637
 20
-64967.82654687553
 10
56590.32893860637
 20
-65556.78904687553
  0
TEXT
  5
688
330
17
100
AcDbEntity
  8
NUMBERS
100
AcDbText
 10
56578.97285395029
 20
-65272.38716195491
 30
0.0
 40
20.15873015873132
  1
E卫生间-39
 72
     1
 11
56641.12893860638
 21
-65262.30779687554
 31
0.0
100
AcDbText
 73
     2
  0
LWPOLYLINE
  5
689
330
17
100
AcDbEntity
  8
OUTER
100
AcDbPolyline
 90
        5
 70
     0
 43
0.0
 10
76117.82300357522
 20
-64989.65697931607
 10
77368.77300357521
 20
-64989.65697931607
 10
77368.77300357521
 20
-65578.61947931606
 10
76117.82300357522
 20
-65578.61947931606
 10
76117.82300357522
 20
-64989.65697931607
  0
TEXT
  5
68A
330
17
100
AcDbEntity
  8
NUMBERS
100
AcDbText
 10
76503.29800357524
 20
-65324.13822931607
 30
0.0
 40
80.0
  1
E卫生间-40
 72
     1
 11
76743.29800357524
 21
-65284.13822931607
 31
0.0
100
AcDbText
 73
     2
  0
LWPOLYLINE
  5
68B
330
17
100
AcDbEntity
  8
OUTER
100
AcDbPolyline
 90
        5
 70
     0
 43
0.0
 10
77588.07265282418
 20
-65578.61947931606
 10
77689.67265282419
 20
-65578.61947931606
 10
77689.67265282419
 20
-64989.65697931607
 10
77588.07265282418
 20
-64989.65697931607
 10
77588.07265282418
 20
-65578.61947931606
  0
TEXT
  5
68C
330
17
100
AcDbEntity
  8
NUMBERS
100
AcDbText
 10
77580.07635652788
 20
-65294.21759439539
 30
0.0
 40
20.15873015873132
  1
E卫生间-41
 72
     1
 11
77638.87265282418
 21
-65284.13822931604
 31
0.0
100
AcDbText
 73
     2
  0
LWPOLYLINE
  5
68D
330
17
100
AcDbEntity
  8
OUTER
100
AcDbPolyline
 90
        5
 70
     0
 43
0.0
 10
80373.72467757174
 20
-64989.65697931607
 10
81624.67467757172
 20
-64989.65697931607
 10
81624.67467757172
 20
-65578.61947931606
 10
80373.72467757174
 20
-65578.61947931606
 10
80373.72467757174
 20
-64989.65697931607
  0
TEXT
  5
68E
330
17
100
AcDbEntity
  8
NUMBERS
100
AcDbText
 10
80752.53301090503
 20
-65324.13822931606
 30
0.0
 40
80.0
  1
E卫生间-42
 72
     1
 11
80999.19967757172
 21
-65284.13822931606
 31
0.0
100
AcDbText
 73
     2
  0
LWPOLYLINE
  5
68F
330
17
100
AcDbEntity
  8
OUTER
100
AcDbPolyline
 90
        5
 70
     0
 43
0.0
 10
81843.97432682068
 20
-65578.61947931606
 10
81945.57432682069
 20
-65578.61947931606
 10
81945.57432682069
 20
-64989.65697931607
 10
81843.97432682068
 20
-64989.65697931607
 10
81843.97432682068
 20
-65578.61947931606
  0
TEXT
  5
690
330
17
100
AcDbEntity
  8
NUMBERS
100
AcDbText
 10
81832.61824216458
 20
-65294.21759439539
 30
0.0
 40
20.15873015873132
  1
E卫生间-43
 72
     1
 11
81894.77432682068
 21
-65284.13822931604
 31
0.0
100
AcDbText
 73
     2
  0
LWPOLYLINE
  5
691
330
17
100
AcDbEntity
  8
OUTER
100
AcDbPolyline
 90
        5
 70
     0
 43
0.0
 10
85462.16785541949
 20
-64990.90666381025
 10
86713.1178554195
 20
-64990.90666381025
 10
86713.1178554195
 20
-65579.86916381026
 10
85462.16785541949
 20
-65579.86916381026
 10
85462.16785541949
 20
-64990.90666381025
  0
TEXT
  5
692
330
17
100
AcDbEntity
  8
NUMBERS
100
AcDbText
 10
85840.97618875285
 20
-65325.38791381026
 30
0.0
 40
80.0
  1
E卫生间-44
 72
     1
 11
86087.64285541951
 21
-65285.38791381025
 31
0.0
100
AcDbText
 73
     2
  0
LWPOLYLINE
  5
693
330
17
100
AcDbEntity
  8
OUTER
100
AcDbPolyline
 90
        5
 70
     0
 43
0.0
 10
86932.41750466846
 20
-65579.86916381026
 10
87034.01750466847
 20
-65579.86916381026
 10
87034.01750466847
 20
-64990.90666381025
 10
86932.41750466846
 20
-64990.90666381025
 10
86932.41750466846
 20
-65579.86916381026
  0
TEXT
  5
694
330
17
100
AcDbEntity
  8
NUMBERS
100
AcDbText
 10
86921.06142001236
 20
-65295.46727888962
 30
0.0
 40
20.1587301587342
  1
E卫生间-45
 72
     1
 11
86983.21750466847
 21
-65285.38791381025
 31
0.0
100
AcDbText
 73
     2
  0
LWPOLYLINE
  5
695
330
17
100
AcDbEntity
  8
OUTER
100
AcDbPolyline
 90
        5
 70
     0
 43
0.0
 10
90026.3272102385
 20
-64957.57388383892
 10
91277.27721023848
 20
-64957.57388383892
 10
91277.27721023848
 20
-65546.53638383893
 10
90026.3272102385
 20
-65546.53638383893
 10
90026.3272102385
 20
-64957.57388383892
  0
TEXT
  5
696
330
17
100
AcDbEntity
  8
NUMBERS
100
AcDbText
 10
90405.13554357183
 20
-65292.05513383892
 30
0.0
 40
80.0
  1
E卫生间-46
 72
     1
 11
90651.80221023849
 21
-65252.05513383893
 31
0.0
100
AcDbText
 73
     2
  0
LWPOLYLINE
  5
697
330
17
100
AcDbEntity
  8
OUTER
100
AcDbPolyline
 90
        5
 70
     0
 43
0.0
 10
91496.57685948744
 20
-65546.53638383893
 10
91598.17685948745
 20
-65546.53638383893
 10
91598.17685948745
 20
-64957.57388383892
 10
91496.57685948744
 20
-64957.57388383892
 10
91496.57685948744
 20
-65546.53638383893
  0
TEXT
  5
698
330
17
100
AcDbEntity
  8
NUMBERS
100
AcDbText
 10
91485.22077483136
 20
-65262.13449891829
 30
0.0
 40
20.15873015873132
  1
E卫生间-47
 72
     1
 11
91547.37685948743
 21
-65252.05513383893
 31
0.0
100
AcDbText
 73
     2
  0
LWPOLYLINE
  5
699
330
17
100
AcDbEntity
  8
OUTER
100
AcDbPolyline
 90
        5
 70
     0
 43
0.0
 10
95233.01386796504
 20
-64957.57388383892
 10
96483.96386796502
 20
-64957.57388383892
 10
96483.96386796502
 20
-65546.53638383893
 10
95233.01386796504
 20
-65546.53638383893
 10
95233.01386796504
 20
-64957.57388383892
  0
TEXT
  5
69A
330
17
100
AcDbEntity
  8
NUMBERS
100
AcDbText
 10
95611.82220129836
 20
-65292.05513383891
 30
0.0
 40
80.0
  1
E卫生间-48
 72
     1
 11
95858.48886796503
 21
-65252.05513383892
 31
0.0
100
AcDbText
 73
     2
  0
LWPOLYLINE
  5
69B
330
17
100
AcDbEntity
  8
OUTER
100
AcDbPolyline
 90
        5
 70
     0
 43
0.0
 10
96703.26351721397
 20
-65546.53638383893
 10
96804.86351721398
 20
-65546.53638383893
 10
96804.86351721398
 20
-64957.57388383892
 10
96703.26351721397
 20
-64957.57388383892
 10
96703.26351721397
 20
-65546.53638383893
  0
TEXT
  5
69C
330
17
100
AcDbEntity
  8
NUMBERS
100
AcDbText
 10
96691.90743255787
 20
-65262.13449891829
 30
0.0
 40
20.15873015873132
  1
E卫生间-49
 72
     1
 11
96754.06351721395
 21
-65252.05513383893
 31
0.0
100
AcDbText
 73
     2
  0
LWPOLYLINE
  5
69D
330
17
100
AcDbEntity
  8
OUTER
100
AcDbPolyline
 90
        5
 70
     0
 43
0.0
 10
100572.6369946248
 20
-64957.57388383892
 10
101823.5869946248
 20
-64957.57388383892
 10
101823.5869946248
 20
-65546.53638383893
 10
100572.6369946248
 20
-65546.53638383893
 10
100572.6369946248
 20
-64957.57388383892
  0
TEXT
  5
69E
330
17
100
AcDbEntity
  8
NUMBERS
100
AcDbText
 10
100958.1119946248
 20
-65292.05513383891
 30
0.0
 40
80.0
  1
E卫生间-50
 72
     1
 11
101198.1119946248
 21
-65252.05513383892
 31
0.0
100
AcDbText
 73
     2
  0
LWPOLYLINE
  5
69F
330
17
100
AcDbEntity
  8
OUTER
100
AcDbPolyline
 90
        5
 70
     0
 43
0.0
 10
102042.8866438737
 20
-65546.53638383893
 10
102144.4866438737
 20
-65546.53638383893
 10
102144.4866438737
 20
-64957.57388383892
 10
102042.8866438737
 20
-64957.57388383892
 10
102042.8866438737
 20
-65546.53638383893
  0
TEXT
  5
6A0
330
17
100
AcDbEntity
  8
NUMBERS
100
AcDbText
 10
102034.8903475774
 20
-65262.13449891829
 30
0.0
 40
20.15873015872843
  1
E卫生间-51
 72
     1
 11
102093.6866438737
 21
-65252.05513383893
 31
0.0
100
AcDbText
 73
     2
  0
LWPOLYLINE
  5
6A1
330
17
100
AcDbEntity
  8
OUTER
100
AcDbPolyline
 90
        5
 70
     0
 43
0.0
 10
45886.73817255902
 20
-66163.00169330645
 10
46680.48817255902
 20
-66163.00169330645
 10
46680.48817255902
 20
-66061.40169330644
 10
45886.73817255902
 20
-66061.40169330644
 10
45886.73817255902
 20
-66163.00169330645
  0
TEXT
  5
6A2
330
17
100
AcDbEntity
  8
NUMBERS
100
AcDbText
 10
46191.11317255902
 20
-66127.20169330643
 30
0.0
 40
30.0
  1
E卫生间-52
 72
     1
 11
46283.61317255902
 21
-66112.20169330643
 31
0.0
100
AcDbText
 73
     2
  0
LWPOLYLINE
  5
6A3
330
17
100
AcDbEntity
  8
OUTER
100
AcDbPolyline
 90
        5
 70
     0
 43
0.0
 10
50142.63984655552
 20
-66163.00169330645
 10
50936.38984655552
 20
-66163.00169330645
 10
50936.38984655552
 20
-66061.40169330644
 10
50142.63984655552
 20
-66061.40169330644
 10
50142.63984655552
 20
-66163.00169330645
  0
TEXT
  5
6A4
330
17
100
AcDbEntity
  8
NUMBERS
100
AcDbText
 10
50447.01484655552
 20
-66127.20169330643
 30
0.0
 40
30.0
  1
E卫生间-53
 72
     1
 11
50539.51484655551
 21
-66112.20169330643
 31
0.0
100
AcDbText
 73
     2
  0
LWPOLYLINE
  5
6A5
330
17
100
AcDbEntity
  8
OUTER
100
AcDbPolyline
 90
        5
 70
     0
 43
0.0
 10
55231.0830244033
 20
-66164.25137780062
 10
56024.83302440329
 20
-66164.25137780062
 10
56024.83302440329
 20
-66062.65137780062
 10
55231.0830244033
 20
-66062.65137780062
 10
55231.0830244033
 20
-66164.25137780062
  0
TEXT
  5
6A6
330
17
100
AcDbEntity
  8
NUMBERS
100
AcDbText
 10
55535.45802440329
 20
-66128.45137780062
 30
0.0
 40
30.0
  1
E卫生间-54
 72
     1
 11
55627.95802440329
 21
-66113.45137780062
 31
0.0
100
AcDbText
 73
     2
  0
LWPOLYLINE
  5
6A7
330
17
100
AcDbEntity
  8
OUTER
100
AcDbPolyline
 90
        5
 70
     0
 43
0.0
 10
59795.24237922228
 20
-66130.9185978293
 10
60588.99237922227
 20
-66130.9185978293
 10
60588.99237922227
 20
-66029.31859782929
 10
59795.24237922228
 20
-66029.31859782929
 10
59795.24237922228
 20
-66130.9185978293
  0
TEXT
  5
6A8
330
17
100
AcDbEntity
  8
NUMBERS
100
AcDbText
 10
60099.61737922227
 20
-66095.11859782929
 30
0.0
 40
30.0
  1
E卫生间-55
 72
     1
 11
60192.11737922227
 21
-66080.11859782929
 31
0.0
100
AcDbText
 73
     2
  0
LWPOLYLINE
  5
6A9
330
17
100
AcDbEntity
  8
OUTER
100
AcDbPolyline
 90
        5
 70
     0
 43
0.0
 10
65001.9290369488
 20
-66130.9185978293
 10
65795.67903694883
 20
-66130.9185978293
 10
65795.67903694883
 20
-66029.31859782929
 10
65001.9290369488
 20
-66029.31859782929
 10
65001.9290369488
 20
-66130.9185978293
  0
TEXT
  5
6AA
330
17
100
AcDbEntity
  8
NUMBERS
100
AcDbText
 10
65306.30403694881
 20
-66095.11859782929
 30
0.0
 40
30.0
  1
E卫生间-56
 72
     1
 11
65398.80403694882
 21
-66080.11859782929
 31
0.0
100
AcDbText
 73
     2
  0
LWPOLYLINE
  5
6AB
330
17
100
AcDbEntity
  8
OUTER
100
AcDbPolyline
 90
        5
 70
     0
 43
0.0
 10
70341.55216360859
 20
-66130.9185978293
 10
71135.30216360859
 20
-66130.9185978293
 10
71135.30216360859
 20
-66029.31859782929
 10
70341.55216360859
 20
-66029.31859782929
 10
70341.55216360859
 20
-66130.9185978293
  0
TEXT
  5
6AC
330
17
100
AcDbEntity
  8
NUMBERS
100
AcDbText
 10
70645.92716360859
 20
-66095.11859782929
 30
0.0
 40
30.0
  1
E卫生间-57
 72
     1
 11
70738.42716360859
 21
-66080.11859782929
 31
0.0
100
AcDbText
 73
     2
  0
LWPOLYLINE
  5
6AD
330
17
100
AcDbEntity
  8
OUTER
100
AcDbPolyline
 90
        5
 70
     0
 43
0.0
 10
76228.82673862111
 20
-66186.08181024113
 10
77022.57673862111
 20
-66186.08181024113
 10
77022.57673862111
 20
-66084.48181024115
 10
76228.82673862111
 20
-66084.48181024115
 10
76228.82673862111
 20
-66186.08181024113
  0
TEXT
  5
6AE
330
17
100
AcDbEntity
  8
NUMBERS
100
AcDbText
 10
76533.20173862108
 20
-66150.28181024112
 30
0.0
 40
30.0
  1
E卫生间-58
 72
     1
 11
76625.70173862108
 21
-66135.28181024112
 31
0.0
100
AcDbText
 73
     2
  0
LWPOLYLINE
  5
6AF
330
17
100
AcDbEntity
  8
OUTER
100
AcDbPolyline
 90
        5
 70
     0
 43
0.0
 10
80484.72841261759
 20
-66186.08181024113
 10
81278.47841261759
 20
-66186.08181024113
 10
81278.47841261759
 20
-66084.48181024115
 10
80484.72841261759
 20
-66084.48181024115
 10
80484.72841261759
 20
-66186.08181024113
  0
TEXT
  5
6B0
330
17
100
AcDbEntity
  8
NUMBERS
100
AcDbText
 10
80789.10341261762
 20
-66150.28181024112
 30
0.0
 40
30.0
  1
E卫生间-59
 72
     1
 11
80881.60341261762
 21
-66135.28181024112
 31
0.0
100
AcDbText
 73
     2
  0
LWPOLYLINE
  5
6B1
330
17
100
AcDbEntity
  8
OUTER
100
AcDbPolyline
 90
        5
 70
     0
 43
0.0
 10
85573.17159046537
 20
-66187.33149473533
 10
86366.92159046537
 20
-66187.33149473533
 10
86366.92159046537
 20
-66085.73149473532
 10
85573.17159046537
 20
-66085.73149473532
 10
85573.17159046537
 20
-66187.33149473533
  0
TEXT
  5
6B2
330
17
100
AcDbEntity
  8
NUMBERS
100
AcDbText
 10
85880.04659046537
 20
-66151.53149473532
 30
0.0
 40
30.0
  1
E卫生间-60
 72
     1
 11
85970.04659046536
 21
-66136.53149473532
 31
0.0
100
AcDbText
 73
     2
  0
LWPOLYLINE
  5
6B3
330
17
100
AcDbEntity
  8
OUTER
100
AcDbPolyline
 90
        5
 70
     0
 43
0.0
 10
90137.33094528435
 20
-66153.99871476401
 10
90931.08094528435
 20
-66153.99871476401
 10
90931.08094528435
 20
-66052.398714764
 10
90137.33094528435
 20
-66052.398714764
 10
90137.33094528435
 20
-66153.99871476401
  0
TEXT
  5
6B4
330
17
100
AcDbEntity
  8
NUMBERS
100
AcDbText
 10
90446.70594528435
 20
-66118.198714764
 30
0.0
 40
30.0
  1
E卫生间-61
 72
     1
 11
90534.20594528436
 21
-66103.198714764
 31
0.0
100
AcDbText
 73
     2
  0
LWPOLYLINE
  5
6B5
330
17
100
AcDbEntity
  8
OUTER
100
AcDbPolyline
 90
        5
 70
     0
 43
0.0
 10
95344.01760301088
 20
-66153.99871476401
 10
96137.76760301089
 20
-66153.99871476401
 10
96137.76760301089
 20
-66052.398714764
 10
95344.01760301088
 20
-66052.398714764
 10
95344.01760301088
 20
-66153.99871476401
  0
TEXT
  5
6B6
330
17
100
AcDbEntity
  8
NUMBERS
100
AcDbText
 10
95648.39260301088
 20
-66118.198714764
 30
0.0
 40
30.0
  1
E卫生间-62
 72
     1
 11
95740.89260301088
 21
-66103.198714764
 31
0.0
100
AcDbText
 73
     2
  0
LWPOLYLINE
  5
6B7
330
17
100
AcDbEntity
  8
OUTER
100
AcDbPolyline
 90
        5
 70
     0
 43
0.0
 10
100683.6407296706
 20
-66153.99871476401
 10
101477.3907296707
 20
-66153.99871476401
 10
101477.3907296707
 20
-66052.398714764
 10
100683.6407296706
 20
-66052.398714764
 10
100683.6407296706
 20
-66153.99871476401
  0
TEXT
  5
6B8
330
17
100
AcDbEntity
  8
NUMBERS
100
AcDbText
 10
100988.0157296706
 20
-66118.198714764
 30
0.0
 40
30.0
  1
E卫生间-63
 72
     1
 11
101080.5157296706
 21
-66103.198714764
 31
0.0
100
AcDbText
 73
     2
  0
LWPOLYLINE
  5
6B9
330
17
100
AcDbEntity
  8
OUTER
100
AcDbPolyline
 90
        5
 70
     0
 43
0.0
 10
106977.548750058
 20
-66050.6653709145
 10
107771.298750058
 20
-66050.6653709145
 10
107771.298750058
 20
-65949.0653709145
 10
106977.548750058
 20
-65949.0653709145
 10
106977.548750058
 20
-66050.6653709145
  0
TEXT
  5
6BA
330
17
100
AcDbEntity
  8
NUMBERS
100
AcDbText
 10
107281.923750058
 20
-66014.86537091449
 30
0.0
 40
30.0
  1
E卫生间-64
 72
     1
 11
107374.423750058
 21
-65999.86537091449
 31
0.0
100
AcDbText
 73
     2
  0
LWPOLYLINE
  5
6BB
330
17
100
AcDbEntity
  8
OUTER
100
AcDbPolyline
 90
        5
 70
     0
 43
0.0
 10
111233.4504240545
 20
-66050.6653709145
 10
112027.2004240545
 20
-66050.6653709145
 10
112027.2004240545
 20
-65949.0653709145
 10
111233.4504240545
 20
-65949.0653709145
 10
111233.4504240545
 20
-66050.6653709145
  0
TEXT
  5
6BC
330
17
100
AcDbEntity
  8
NUMBERS
100
AcDbText
 10
111537.8254240545
 20
-66014.86537091449
 30
0.0
 40
30.0
  1
E卫生间-65
 72
     1
 11
111630.3254240545
 21
-65999.86537091449
 31
0.0
100
AcDbText
 73
     2
  0
LWPOLYLINE
  5
6BD
330
17
100
AcDbEntity
  8
OUTER
100
AcDbPolyline
 90
        5
 70
     0
 43
0.0
 10
116321.8936019023
 20
-66051.91505540866
 10
117115.6436019023
 20
-66051.91505540866
 10
117115.6436019023
 20
-65950.31505540867
 10
116321.8936019023
 20
-65950.31505540867
 10
116321.8936019023
 20
-66051.91505540866
  0
TEXT
  5
6BE
330
17
100
AcDbEntity
  8
NUMBERS
100
AcDbText
 10
116626.2686019023
 20
-66016.11505540867
 30
0.0
 40
30.0
  1
E卫生间-66
 72
     1
 11
116718.7686019023
 21
-66001.11505540867
 31
0.0
100
AcDbText
 73
     2
  0
LWPOLYLINE
  5
6BF
330
17
100
AcDbEntity
  8
OUTER
100
AcDbPolyline
 90
        5
 70
     0
 43
0.0
 10
120886.0529567213
 20
-66018.58227543735
 10
121679.8029567213
 20
-66018.58227543735
 10
121679.8029567213
 20
-65916.98227543735
 10
120886.0529567213
 20
-65916.98227543735
 10
120886.0529567213
 20
-66018.58227543735
  0
TEXT
  5
6C0
330
17
100
AcDbEntity
  8
NUMBERS
100
AcDbText
 10
121190.4279567213
 20
-65982.78227543735
 30
0.0
 40
30.0
  1
E卫生间-67
 72
     1
 11
121282.9279567213
 21
-65967.78227543735
 31
0.0
100
AcDbText
 73
     2
  0
LWPOLYLINE
  5
6C1
330
17
100
AcDbEntity
  8
OUTER
100
AcDbPolyline
 90
        5
 70
     0
 43
0.0
 10
126092.7396144478
 20
-66018.58227543735
 10
126886.4896144478
 20
-66018.58227543735
 10
126886.4896144478
 20
-65916.98227543735
 10
126092.7396144478
 20
-65916.98227543735
 10
126092.7396144478
 20
-66018.58227543735
  0
TEXT
  5
6C2
330
17
100
AcDbEntity
  8
NUMBERS
100
AcDbText
 10
126397.1146144478
 20
-65982.78227543735
 30
0.0
 40
30.0
  1
E卫生间-68
 72
     1
 11
126489.6146144478
 21
-65967.78227543735
 31
0.0
100
AcDbText
 73
     2
  0
LWPOLYLINE
  5
6C3
330
17
100
AcDbEntity
  8
OUTER
100
AcDbPolyline
 90
        5
 70
     0
 43
0.0
 10
131432.3627411076
 20
-66018.58227543735
 10
132226.1127411076
 20
-66018.58227543735
 10
132226.1127411076
 20
-65916.98227543735
 10
131432.3627411076
 20
-65916.98227543735
 10
131432.3627411076
 20
-66018.58227543735
  0
TEXT
  5
6C4
330
17
100
AcDbEntity
  8
NUMBERS
100
AcDbText
 10
131736.7377411076
 20
-65982.78227543735
 30
0.0
 40
30.0
  1
E卫生间-69
 72
     1
 11
131829.2377411076
 21
-65967.78227543735
 31
0.0
100
AcDbText
 73
     2
  0
LWPOLYLINE
  5
6C5
330
17
100
AcDbEntity
  8
OUTER
100
AcDbPolyline
 90
        7
 70
     0
 43
0.0
 10
44384.79056245787
 20
-68063.51549792082
 10
45294.42806245788
 20
-68063.51549792082
 10
45294.42806245788
 20
-67418.99049792082
 10
45029.31556245789
 20
-67418.99049792082
 10
45029.31556245789
 20
-65218.71549792082
 10
44384.79056245787
 20
-65218.71549792082
 10
44384.79056245787
 20
-68063.51549792082
  0
TEXT
  5
6C6
330
17
100
AcDbEntity
  8
NUMBERS
100
AcDbText
 10
44505.8252580934
 20
-66774.89955228531
 30
0.0
 40
80.0
  1
E卫生间-70
 72
     1
 11
44745.8252580934
 21
-66734.8995522853
 31
0.0
100
AcDbText
 73
     2
  0
LWPOLYLINE
  5
6C7
330
17
100
AcDbEntity
  8
OUTER
100
AcDbPolyline
 90
        5
 70
     0
 43
0.0
 10
45832.38133667335
 20
-66924.3125033008
 10
46626.13133667335
 20
-66924.3125033008
 10
46626.13133667335
 20
-66335.3500033008
 10
45832.38133667335
 20
-66335.3500033008
 10
45832.38133667335
 20
-66924.3125033008
  0
TEXT
  5
6C8
330
17
100
AcDbEntity
  8
NUMBERS
100
AcDbText
 10
45995.92300334002
 20
-66669.8312533008
 30
0.0
 40
80.0
  1
E卫生间-71
 72
     1
 11
46229.25633667335
 21
-66629.8312533008
 31
0.0
100
AcDbText
 73
     2
  0
LWPOLYLINE
  5
6C9
330
17
100
AcDbEntity
  8
OUTER
100
AcDbPolyline
 90
        5
 70
     0
 43
0.0
 10
46786.17997360182
 20
-66924.3125033008
 10
46887.77997360181
 20
-66924.3125033008
 10
46887.77997360181
 20
-66335.3500033008
 10
46786.17997360182
 20
-66335.3500033008
 10
46786.17997360182
 20
-66924.3125033008
  0
TEXT
  5
6CA
330
17
100
AcDbEntity
  8
NUMBERS
100
AcDbText
 10
46774.82388894575
 20
-66639.91061838014
 30
0.0
 40
20.15873015872987
  1
E卫生间-72
 72
     1
 11
46836.97997360184
 21
-66629.83125330077
 31
0.0
100
AcDbText
 73
     2
  0
LWPOLYLINE
  5
6CB
330
17
100
AcDbEntity
  8
OUTER
100
AcDbPolyline
 90
        7
 70
     0
 43
0.0
 10
48640.69223645438
 20
-68063.51549792082
 10
49550.32973645438
 20
-68063.51549792082
 10
49550.32973645438
 20
-67418.99049792082
 10
49285.21723645438
 20
-67418.99049792082
 10
49285.21723645438
 20
-65218.71549792082
 10
48640.69223645438
 20
-65218.71549792082
 10
48640.69223645438
 20
-68063.51549792082
  0
TEXT
  5
6CC
330
17
100
AcDbEntity
  8
NUMBERS
100
AcDbText
 10
48755.06026542326
 20
-66774.89955228527
 30
0.0
 40
80.0
  1
E卫生间-73
 72
     1
 11
49001.72693208991
 21
-66734.89955228528
 31
0.0
100
AcDbText
 73
     2
  0
LWPOLYLINE
  5
6CD
330
17
100
AcDbEntity
  8
OUTER
100
AcDbPolyline
 90
        5
 70
     0
 43
0.0
 10
50088.28301066985
 20
-66924.3125033008
 10
50882.03301066985
 20
-66924.3125033008
 10
50882.03301066985
 20
-66335.3500033008
 10
50088.28301066985
 20
-66335.3500033008
 10
50088.28301066985
 20
-66924.3125033008
  0
TEXT
  5
6CE
330
17
100
AcDbEntity
  8
NUMBERS
100
AcDbText
 10
50238.49134400318
 20
-66669.8312533008
 30
0.0
 40
80.0
  1
E卫生间-74
 72
     1
 11
50485.15801066984
 21
-66629.8312533008
 31
0.0
100
AcDbText
 73
     2
  0
LWPOLYLINE
  5
6CF
330
17
100
AcDbEntity
  8
OUTER
100
AcDbPolyline
 90
        5
 70
     0
 43
0.0
 10
51107.95858021441
 20
-66924.3125033008
 10
51209.55858021441
 20
-66924.3125033008
 10
51209.55858021441
 20
-66335.3500033008
 10
51107.95858021441
 20
-66335.3500033008
 10
51107.95858021441
 20
-66924.3125033008
  0
TEXT
  5
6D0
330
17
100
AcDbEntity
  8
NUMBERS
100
AcDbText
 10
51096.60249555832
 20
-66639.91061838016
 30
0.0
 40
20.15873015873132
  1
E卫生间-75
 72
     1
 11
51158.75858021442
 21
-66629.8312533008
 31
0.0
100
AcDbText
 73
     2
  0
LWPOLYLINE
  5
6D1
330
17
100
AcDbEntity
  8
OUTER
100
AcDbPolyline
 90
        7
 70
     0
 43
0.0
 10
53729.13541430214
 20
-68064.76518241499
 10
54638.77291430216
 20
-68064.76518241499
 10
54638.77291430216
 20
-67420.240182415
 10
54373.66041430216
 20
-67420.240182415
 10
54373.66041430216
 20
-65219.96518241499
 10
53729.13541430214
 20
-65219.96518241499
 10
53729.13541430214
 20
-68064.76518241499
  0
TEXT
  5
6D2
330
17
100
AcDbEntity
  8
NUMBERS
100
AcDbText
 10
53843.50344327102
 20
-66776.14923677945
 30
0.0
 40
80.0
  1
E卫生间-76
 72
     1
 11
54090.17010993768
 21
-66736.14923677946
 31
0.0
100
AcDbText
 73
     2
  0
LWPOLYLINE
  5
6D3
330
17
100
AcDbEntity
  8
OUTER
100
AcDbPolyline
 90
        5
 70
     0
 43
0.0
 10
55176.72618851761
 20
-66925.56218779497
 10
55970.47618851762
 20
-66925.56218779497
 10
55970.47618851762
 20
-66336.59968779497
 10
55176.72618851761
 20
-66336.59968779497
 10
55176.72618851761
 20
-66925.56218779497
  0
TEXT
  5
6D4
330
17
100
AcDbEntity
  8
NUMBERS
100
AcDbText
 10
55326.93452185095
 20
-66671.08093779497
 30
0.0
 40
80.0
  1
E卫生间-77
 72
     1
 11
55573.60118851762
 21
-66631.08093779498
 31
0.0
100
AcDbText
 73
     2
  0
LWPOLYLINE
  5
6D5
330
17
100
AcDbEntity
  8
OUTER
100
AcDbPolyline
 90
        5
 70
     0
 43
0.0
 10
56196.40175806217
 20
-66925.56218779497
 10
56298.00175806217
 20
-66925.56218779497
 10
56298.00175806217
 20
-66336.59968779497
 10
56196.40175806217
 20
-66336.59968779497
 10
56196.40175806217
 20
-66925.56218779497
  0
TEXT
  5
6D6
330
17
100
AcDbEntity
  8
NUMBERS
100
AcDbText
 10
56185.04567340609
 20
-66641.16030287434
 30
0.0
 40
20.15873015872987
  1
E卫生间-78
 72
     1
 11
56247.20175806217
 21
-66631.08093779498
 31
0.0
100
AcDbText
 73
     2
  0
LWPOLYLINE
  5
6D7
330
17
100
AcDbEntity
  8
OUTER
100
AcDbPolyline
 90
        7
 70
     0
 43
0.0
 10
58293.29476912112
 20
-68031.43240244367
 10
59202.93226912114
 20
-68031.43240244367
 10
59202.93226912114
 20
-67386.90740244367
 10
58937.81976912113
 20
-67386.90740244367
 10
58937.81976912113
 20
-65186.63240244366
 10
58293.29476912112
 20
-65186.63240244366
 10
58293.29476912112
 20
-68031.43240244367
  0
TEXT
  5
6D8
330
17
100
AcDbEntity
  8
NUMBERS
100
AcDbText
 10
58407.66279808999
 20
-66742.81645680813
 30
0.0
 40
80.0
  1
E卫生间-79
 72
     1
 11
58654.32946475666
 21
-66702.81645680812
 31
0.0
100
AcDbText
 73
     2
  0
LWPOLYLINE
  5
6D9
330
17
100
AcDbEntity
  8
OUTER
100
AcDbPolyline
 90
        5
 70
     0
 43
0.0
 10
59740.88554333661
 20
-66892.22940782363
 10
60534.63554333661
 20
-66892.22940782363
 10
60534.63554333661
 20
-66303.26690782365
 10
59740.88554333661
 20
-66303.26690782365
 10
59740.88554333661
 20
-66892.22940782363
  0
TEXT
  5
6DA
330
17
100
AcDbEntity
  8
NUMBERS
100
AcDbText
 10
59897.76054333661
 20
-66637.74815782365
 30
0.0
 40
80.0
  1
E卫生间-80
 72
     1
 11
60137.76054333661
 21
-66597.74815782364
 31
0.0
100
AcDbText
 73
     2
  0
LWPOLYLINE
  5
6DB
330
17
100
AcDbEntity
  8
OUTER
100
AcDbPolyline
 90
        5
 70
     0
 43
0.0
 10
60760.56111288117
 20
-66892.22940782363
 10
60862.16111288117
 20
-66892.22940782363
 10
60862.16111288117
 20
-66303.26690782365
 10
60760.56111288117
 20
-66303.26690782365
 10
60760.56111288117
 20
-66892.22940782363
  0
TEXT
  5
6DC
330
17
100
AcDbEntity
  8
NUMBERS
100
AcDbText
 10
60752.56481658488
 20
-66607.82752290301
 30
0.0
 40
20.15873015872987
  1
E卫生间-81
 72
     1
 11
60811.36111288118
 21
-66597.74815782364
 31
0.0
100
AcDbText
 73
     2
  0
LWPOLYLINE
  5
6DD
330
17
100
AcDbEntity
  8
OUTER
100
AcDbPolyline
 90
        7
 70
     0
 43
0.0
 10
63499.98142684768
 20
-68031.43240244367
 10
64409.61892684767
 20
-68031.43240244367
 10
64409.61892684767
 20
-67386.90740244367
 10
64144.50642684768
 20
-67386.90740244367
 10
64144.50642684768
 20
-65186.63240244366
 10
63499.98142684768
 20
-65186.63240244366
 10
63499.98142684768
 20
-68031.43240244367
  0
TEXT
  5
6DE
330
17
100
AcDbEntity
  8
NUMBERS
100
AcDbText
 10
63614.34945581653
 20
-66742.81645680814
 30
0.0
 40
80.0
  1
E卫生间-82
 72
     1
 11
63861.0161224832
 21
-66702.81645680814
 31
0.0
100
AcDbText
 73
     2
  0
LWPOLYLINE
  5
6DF
330
17
100
AcDbEntity
  8
OUTER
100
AcDbPolyline
 90
        5
 70
     0
 43
0.0
 10
64947.57220106313
 20
-66892.22940782363
 10
65741.32220106313
 20
-66892.22940782363
 10
65741.32220106313
 20
-66303.26690782365
 10
64947.57220106313
 20
-66303.26690782365
 10
64947.57220106313
 20
-66892.22940782363
  0
TEXT
  5
6E0
330
17
100
AcDbEntity
  8
NUMBERS
100
AcDbText
 10
65097.78053439646
 20
-66637.74815782365
 30
0.0
 40
80.0
  1
E卫生间-83
 72
     1
 11
65344.44720106312
 21
-66597.74815782364
 31
0.0
100
AcDbText
 73
     2
  0
LWPOLYLINE
  5
6E1
330
17
100
AcDbEntity
  8
OUTER
100
AcDbPolyline
 90
        5
 70
     0
 43
0.0
 10
65967.24777060769
 20
-66892.22940782363
 10
66068.84777060769
 20
-66892.22940782363
 10
66068.84777060769
 20
-66303.26690782365
 10
65967.24777060769
 20
-66303.26690782365
 10
65967.24777060769
 20
-66892.22940782363
  0
TEXT
  5
6E2
330
17
100
AcDbEntity
  8
NUMBERS
100
AcDbText
 10
65955.89168595162
 20
-66607.82752290301
 30
0.0
 40
20.15873015872843
  1
E卫生间-84
 72
     1
 11
66018.04777060769
 21
-66597.74815782364
 31
0.0
100
AcDbText
 73
     2
  0
LWPOLYLINE
  5
6E3
330
17
100
AcDbEntity
  8
OUTER
100
AcDbPolyline
 90
        7
 70
     0
 43
0.0
 10
68839.60455350745
 20
-68031.43240244367
 10
69749.24205350742
 20
-68031.43240244367
 10
69749.24205350742
 20
-67386.90740244367
 10
69484.12955350744
 20
-67386.90740244367
 10
69484.12955350744
 20
-65186.63240244366
 10
68839.60455350745
 20
-65186.63240244366
 10
68839.60455350745
 20
-68031.43240244367
  0
TEXT
  5
6E4
330
17
100
AcDbEntity
  8
NUMBERS
100
AcDbText
 10
68953.9725824763
 20
-66742.81645680814
 30
0.0
 40
80.0
  1
E卫生间-85
 72
     1
 11
69200.63924914297
 21
-66702.81645680814
 31
0.0
100
AcDbText
 73
     2
  0
LWPOLYLINE
  5
6E5
330
17
100
AcDbEntity
  8
OUTER
100
AcDbPolyline
 90
        5
 70
     0
 43
0.0
 10
70287.1953277229
 20
-66892.22940782363
 10
71080.94532772293
 20
-66892.22940782363
 10
71080.94532772293
 20
-66303.26690782365
 10
70287.1953277229
 20
-66303.26690782365
 10
70287.1953277229
 20
-66892.22940782363
  0
TEXT
  5
6E6
330
17
100
AcDbEntity
  8
NUMBERS
100
AcDbText
 10
70437.40366105623
 20
-66637.74815782365
 30
0.0
 40
80.0
  1
E卫生间-86
 72
     1
 11
70684.0703277229
 21
-66597.74815782364
 31
0.0
100
AcDbText
 73
     2
  0
LWPOLYLINE
  5
6E7
330
17
100
AcDbEntity
  8
OUTER
100
AcDbPolyline
 90
        5
 70
     0
 43
0.0
 10
71306.87089726746
 20
-66892.22940782363
 10
71408.47089726747
 20
-66892.22940782363
 10
71408.47089726747
 20
-66303.26690782365
 10
71306.87089726746
 20
-66303.26690782365
 10
71306.87089726746
 20
-66892.22940782363
  0
TEXT
  5
6E8
330
17
100
AcDbEntity
  8
NUMBERS
100
AcDbText
 10
71295.51481261139
 20
-66607.82752290301
 30
0.0
 40
20.15873015872843
  1
E卫生间-87
 72
     1
 11
71357.67089726747
 21
-66597.74815782364
 31
0.0
100
AcDbText
 73
     2
  0
LWPOLYLINE
  5
6E9
330
17
100
AcDbEntity
  8
OUTER
100
AcDbPolyline
 90
        5
 70
     0
 43
0.0
 10
76174.46990273544
 20
-66947.39262023549
 10
76968.21990273543
 20
-66947.39262023549
 10
76968.21990273543
 20
-66358.43012023551
 10
76174.46990273544
 20
-66358.43012023551
 10
76174.46990273544
 20
-66947.39262023549
  0
TEXT
  5
6EA
330
17
100
AcDbEntity
  8
NUMBERS
100
AcDbText
 10
76324.67823606874
 20
-66692.91137023551
 30
0.0
 40
80.0
  1
E卫生间-88
 72
     1
 11
76571.3449027354
 21
-66652.91137023551
 31
0.0
100
AcDbText
 73
     2
  0
LWPOLYLINE
  5
6EB
330
17
100
AcDbEntity
  8
OUTER
100
AcDbPolyline
 90
        5
 70
     0
 43
0.0
 10
77194.14547227997
 20
-66947.39262023549
 10
77295.74547227997
 20
-66947.39262023549
 10
77295.74547227997
 20
-66358.43012023551
 10
77194.14547227997
 20
-66358.43012023551
 10
77194.14547227997
 20
-66947.39262023549
  0
TEXT
  5
6EC
330
17
100
AcDbEntity
  8
NUMBERS
100
AcDbText
 10
77182.7893876239
 20
-66662.99073531487
 30
0.0
 40
20.15873015872843
  1
E卫生间-89
 72
     1
 11
77244.94547227997
 21
-66652.91137023551
 31
0.0
100
AcDbText
 73
     2
  0
LWPOLYLINE
  5
6ED
330
17
100
AcDbEntity
  8
OUTER
100
AcDbPolyline
 90
        5
 70
     0
 43
0.0
 10
80430.37157673191
 20
-66947.39262023549
 10
81224.12157673192
 20
-66947.39262023549
 10
81224.12157673192
 20
-66358.43012023551
 10
80430.37157673191
 20
-66358.43012023551
 10
80430.37157673191
 20
-66947.39262023549
  0
TEXT
  5
6EE
330
17
100
AcDbEntity
  8
NUMBERS
100
AcDbText
 10
80587.2465767319
 20
-66692.91137023551
 30
0.0
 40
80.0
  1
E卫生间-90
 72
     1
 11
80827.24657673191
 21
-66652.91137023551
 31
0.0
100
AcDbText
 73
     2
  0
LWPOLYLINE
  5
6EF
330
17
100
AcDbEntity
  8
OUTER
100
AcDbPolyline
 90
        5
 70
     0
 43
0.0
 10
81450.04714627647
 20
-66947.39262023549
 10
81551.64714627648
 20
-66947.39262023549
 10
81551.64714627648
 20
-66358.43012023551
 10
81450.04714627647
 20
-66358.43012023551
 10
81450.04714627647
 20
-66947.39262023549
  0
TEXT
  5
6F0
330
17
100
AcDbEntity
  8
NUMBERS
100
AcDbText
 10
81442.05084998018
 20
-66662.99073531487
 30
0.0
 40
20.15873015873132
  1
E卫生间-91
 72
     1
 11
81500.84714627649
 21
-66652.91137023551
 31
0.0
100
AcDbText
 73
     2
  0
LWPOLYLINE
  5
6F1
330
17
100
AcDbEntity
  8
OUTER
100
AcDbPolyline
 90
        5
 70
     0
 43
0.0
 10
85518.81475457969
 20
-66948.64230472968
 10
86312.5647545797
 20
-66948.64230472968
 10
86312.5647545797
 20
-66359.67980472969
 10
85518.81475457969
 20
-66359.67980472969
 10
85518.81475457969
 20
-66948.64230472968
  0
TEXT
  5
6F2
330
17
100
AcDbEntity
  8
NUMBERS
100
AcDbText
 10
85669.02308791302
 20
-66694.16105472969
 30
0.0
 40
80.0
  1
E卫生间-92
 72
     1
 11
85915.6897545797
 21
-66654.16105472969
 31
0.0
100
AcDbText
 73
     2
  0
LWPOLYLINE
  5
6F3
330
17
100
AcDbEntity
  8
OUTER
100
AcDbPolyline
 90
        5
 70
     0
 43
0.0
 10
86538.49032412423
 20
-66948.64230472968
 10
86640.09032412423
 20
-66948.64230472968
 10
86640.09032412423
 20
-66359.67980472969
 10
86538.49032412423
 20
-66359.67980472969
 10
86538.49032412423
 20
-66948.64230472968
  0
TEXT
  5
6F4
330
17
100
AcDbEntity
  8
NUMBERS
100
AcDbText
 10
86527.13423946815
 20
-66664.24041980905
 30
0.0
 40
20.15873015872843
  1
E卫生间-93
 72
     1
 11
86589.29032412423
 21
-66654.16105472969
 31
0.0
100
AcDbText
 73
     2
  0
LWPOLYLINE
  5
6F5
330
17
100
AcDbEntity
  8
OUTER
100
AcDbPolyline
 90
        7
 70
     0
 43
0.0
 10
88635.3833351832
 20
-68054.51251937837
 10
89545.0208351832
 20
-68054.51251937837
 10
89545.0208351832
 20
-67409.98751937838
 10
89279.9083351832
 20
-67409.98751937838
 10
89279.9083351832
 20
-65209.71251937837
 10
88635.3833351832
 20
-65209.71251937837
 10
88635.3833351832
 20
-68054.51251937837
  0
TEXT
  5
6F6
330
17
100
AcDbEntity
  8
NUMBERS
100
AcDbText
 10
88749.75136415207
 20
-66765.89657374283
 30
0.0
 40
80.0
  1
E卫生间-94
 72
     1
 11
88996.41803081873
 21
-66725.89657374284
 31
0.0
100
AcDbText
 73
     2
  0
LWPOLYLINE
  5
6F7
330
17
100
AcDbEntity
  8
OUTER
100
AcDbPolyline
 90
        5
 70
     0
 43
0.0
 10
90082.97410939867
 20
-66915.30952475836
 10
90876.72410939866
 20
-66915.30952475836
 10
90876.72410939866
 20
-66326.34702475836
 10
90082.97410939867
 20
-66326.34702475836
 10
90082.97410939867
 20
-66915.30952475836
  0
TEXT
  5
6F8
330
17
100
AcDbEntity
  8
NUMBERS
100
AcDbText
 10
90233.182442732
 20
-66660.82827475837
 30
0.0
 40
80.0
  1
E卫生间-95
 72
     1
 11
90479.84910939867
 21
-66620.82827475837
 31
0.0
100
AcDbText
 73
     2
  0
LWPOLYLINE
  5
6F9
330
17
100
AcDbEntity
  8
OUTER
100
AcDbPolyline
 90
        5
 70
     0
 43
0.0
 10
91102.64967894325
 20
-66915.30952475836
 10
91204.24967894324
 20
-66915.30952475836
 10
91204.24967894324
 20
-66326.34702475836
 10
91102.64967894325
 20
-66326.34702475836
 10
91102.64967894325
 20
-66915.30952475836
  0
TEXT
  5
6FA
330
17
100
AcDbEntity
  8
NUMBERS
100
AcDbText
 10
91091.29359428717
 20
-66630.90763983772
 30
0.0
 40
20.15873015872554
  1
E卫生间-96
 72
     1
 11
91153.44967894325
 21
-66620.82827475836
 31
0.0
100
AcDbText
 73
     2
  0
LWPOLYLINE
  5
6FB
330
17
100
AcDbEntity
  8
OUTER
100
AcDbPolyline
 90
        7
 70
     0
 43
0.0
 10
93842.06999290976
 20
-68054.51251937837
 10
94751.70749290974
 20
-68054.51251937837
 10
94751.70749290974
 20
-67409.98751937838
 10
94486.59499290974
 20
-67409.98751937838
 10
94486.59499290974
 20
-65209.71251937837
 10
93842.06999290976
 20
-65209.71251937837
 10
93842.06999290976
 20
-68054.51251937837
  0
TEXT
  5
6FC
330
17
100
AcDbEntity
  8
NUMBERS
100
AcDbText
 10
93956.43802187857
 20
-66765.89657374283
 30
0.0
 40
80.0
  1
E卫生间-97
 72
     1
 11
94203.10468854523
 21
-66725.89657374284
 31
0.0
100
AcDbText
 73
     2
  0
LWPOLYLINE
  5
6FD
330
17
100
AcDbEntity
  8
OUTER
100
AcDbPolyline
 90
        5
 70
     0
 43
0.0
 10
95289.66076712519
 20
-66915.30952475836
 10
96083.4107671252
 20
-66915.30952475836
 10
96083.4107671252
 20
-66326.34702475836
 10
95289.66076712519
 20
-66326.34702475836
 10
95289.66076712519
 20
-66915.30952475836
  0
TEXT
  5
6FE
330
17
100
AcDbEntity
  8
NUMBERS
100
AcDbText
 10
95439.86910045852
 20
-66660.82827475835
 30
0.0
 40
80.0
  1
E卫生间-98
 72
     1
 11
95686.5357671252
 21
-66620.82827475836
 31
0.0
100
AcDbText
 73
     2
  0
LWPOLYLINE
  5
6FF
330
17
100
AcDbEntity
  8
OUTER
100
AcDbPolyline
 90
        5
 70
     0
 43
0.0
 10
96309.33633666975
 20
-66915.30952475836
 10
96410.93633666976
 20
-66915.30952475836
 10
96410.93633666976
 20
-66326.34702475836
 10
96309.33633666975
 20
-66326.34702475836
 10
96309.33633666975
 20
-66915.30952475836
  0
TEXT
  5
700
330
17
100
AcDbEntity
  8
NUMBERS
100
AcDbText
 10
96297.98025201369
 20
-66630.90763983772
 30
0.0
 40
20.15873015872843
  1
E卫生间-99
 72
     1
 11
96360.13633666976
 21
-66620.82827475836
 31
0.0
100
AcDbText
 73
     2
  0
LWPOLYLINE
  5
701
330
17
100
AcDbEntity
  8
OUTER
100
AcDbPolyline
 90
        7
 70
     0
 43
0.0
 10
99181.69311956953
 20
-68054.51251937837
 10
100091.3306195695
 20
-68054.51251937837
 10
100091.3306195695
 20
-67409.98751937838
 10
99826.21811956953
 20
-67409.98751937838
 10
99826.21811956953
 20
-65209.71251937837
 10
99181.69311956953
 20
-65209.71251937837
 10
99181.69311956953
 20
-68054.51251937837
  0
TEXT
  5
702
330
17
100
AcDbEntity
  8
NUMBERS
100
AcDbText
 10
99282.72781520506
 20
-66765.89657374285
 30
0.0
 40
80.0
  1
E卫生间-100
 72
     1
 11
99542.72781520506
 21
-66725.89657374285
 31
0.0
100
AcDbText
 73
     2
  0
LWPOLYLINE
  5
703
330
17
100
AcDbEntity
  8
OUTER
100
AcDbPolyline
 90
        5
 70
     0
 43
0.0
 10
100629.283893785
 20
-66915.30952475836
 10
101423.033893785
 20
-66915.30952475836
 10
101423.033893785
 20
-66326.34702475836
 10
100629.283893785
 20
-66326.34702475836
 10
100629.283893785
 20
-66915.30952475836
  0
TEXT
  5
704
330
17
100
AcDbEntity
  8
NUMBERS
100
AcDbText
 10
100772.8255604517
 20
-66660.82827475835
 30
0.0
 40
80.0
  1
E卫生间-101
 72
     1
 11
101026.158893785
 21
-66620.82827475836
 31
0.0
100
AcDbText
 73
     2
  0
LWPOLYLINE
  5
705
330
17
100
AcDbEntity
  8
OUTER
100
AcDbPolyline
 90
        5
 70
     0
 43
0.0
 10
101648.9594633295
 20
-66915.30952475836
 10
101750.5594633295
 20
-66915.30952475836
 10
101750.5594633295
 20
-66326.34702475836
 10
101648.9594633295
 20
-66326.34702475836
 10
101648.9594633295
 20
-66915.30952475836
  0
TEXT
  5
706
330
17
100
AcDbEntity
  8
NUMBERS
100
AcDbText
 10
101640.9631670332
 20
-66629.6477192028
 30
0.0
 40
17.63888888888737
  1
E卫生间-102
 72
     1
 11
101699.7594633295
 21
-66620.82827475836
 31
0.0
100
AcDbText
 73
     2
  0
LWPOLYLINE
  5
707
330
17
100
AcDbEntity
  8
OUTER
100
AcDbPolyline
 90
        7
 70
     0
 43
0.0
 10
105475.6011399569
 20
-67951.17917552887
 10
106385.2386399569
 20
-67951.17917552887
 10
106385.2386399569
 20
-67306.65417552888
 10
106120.1261399569
 20
-67306.65417552888
 10
106120.1261399569
 20
-65106.37917552887
 10
105475.6011399569
 20
-65106.37917552887
 10
105475.6011399569
 20
-67951.17917552887
  0
TEXT
  5
708
330
17
100
AcDbEntity
  8
NUMBERS
100
AcDbText
 10
105569.9691689257
 20
-66662.56322989335
 30
0.0
 40
80.0
  1
E卫生间-103
 72
     1
 11
105836.6358355924
 21
-66622.56322989335
 31
0.0
100
AcDbText
 73
     2
  0
LWPOLYLINE
  5
709
330
17
100
AcDbEntity
  8
OUTER
100
AcDbPolyline
 90
        5
 70
     0
 43
0.0
 10
106923.1919141723
 20
-66811.97618090885
 10
107716.9419141723
 20
-66811.97618090885
 10
107716.9419141723
 20
-66223.01368090885
 10
106923.1919141723
 20
-66223.01368090885
 10
106923.1919141723
 20
-66811.97618090885
  0
TEXT
  5
70A
330
17
100
AcDbEntity
  8
NUMBERS
100
AcDbText
 10
107053.4002475056
 20
-66557.49493090884
 30
0.0
 40
80.0
  1
E卫生间-104
 72
     1
 11
107320.0669141722
 21
-66517.49493090884
 31
0.0
100
AcDbText
 73
     2
  0
LWPOLYLINE
  5
70B
330
17
100
AcDbEntity
  8
OUTER
100
AcDbPolyline
 90
        5
 70
     0
 43
0.0
 10
107942.8674837169
 20
-66811.97618090885
 10
108044.4674837169
 20
-66811.97618090885
 10
108044.4674837169
 20
-66223.01368090885
 10
107942.8674837169
 20
-66223.01368090885
 10
107942.8674837169
 20
-66811.97618090885
  0
TEXT
  5
70C
330
17
100
AcDbEntity
  8
NUMBERS
100
AcDbText
 10
107934.8711874206
 20
-66526.31437535331
 30
0.0
 40
17.6388888888899
  1
E卫生间-105
 72
     1
 11
107993.6674837169
 21
-66517.49493090886
 31
0.0
100
AcDbText
 73
     2
  0
LWPOLYLINE
  5
70D
330
17
100
AcDbEntity
  8
OUTER
100
AcDbPolyline
 90
        7
 70
     0
 43
0.0
 10
109731.5028139534
 20
-67951.17917552887
 10
110641.1403139534
 20
-67951.17917552887
 10
110641.1403139534
 20
-67306.65417552888
 10
110376.0278139534
 20
-67306.65417552888
 10
110376.0278139534
 20
-65106.37917552887
 10
109731.5028139534
 20
-65106.37917552887
 10
109731.5028139534
 20
-67951.17917552887
  0
TEXT
  5
70E
330
17
100
AcDbEntity
  8
NUMBERS
100
AcDbText
 10
109825.8708429223
 20
-66662.56322989335
 30
0.0
 40
80.0
  1
E卫生间-106
 72
     1
 11
110092.5375095889
 21
-66622.56322989335
 31
0.0
100
AcDbText
 73
     2
  0
LWPOLYLINE
  5
70F
330
17
100
AcDbEntity
  8
OUTER
100
AcDbPolyline
 90
        5
 70
     0
 43
0.0
 10
111179.0935881688
 20
-66811.97618090885
 10
111972.8435881689
 20
-66811.97618090885
 10
111972.8435881689
 20
-66223.01368090885
 10
111179.0935881688
 20
-66223.01368090885
 10
111179.0935881688
 20
-66811.97618090885
  0
TEXT
  5
710
330
17
100
AcDbEntity
  8
NUMBERS
100
AcDbText
 10
111309.3019215021
 20
-66557.49493090882
 30
0.0
 40
80.0
  1
E卫生间-107
 72
     1
 11
111575.9685881688
 21
-66517.49493090882
 31
0.0
100
AcDbText
 73
     2
  0
LWPOLYLINE
  5
711
330
17
100
AcDbEntity
  8
OUTER
100
AcDbPolyline
 90
        5
 70
     0
 43
0.0
 10
112198.7691577134
 20
-66811.97618090885
 10
112300.3691577134
 20
-66811.97618090885
 10
112300.3691577134
 20
-66223.01368090885
 10
112198.7691577134
 20
-66223.01368090885
 10
112198.7691577134
 20
-66811.97618090885
  0
TEXT
  5
712
330
17
100
AcDbEntity
  8
NUMBERS
100
AcDbText
 10
112190.7728614171
 20
-66526.31437535331
 30
0.0
 40
17.6388888888899
  1
E卫生间-108
 72
     1
 11
112249.5691577134
 21
-66517.49493090886
 31
0.0
100
AcDbText
 73
     2
  0
LWPOLYLINE
  5
713
330
17
100
AcDbEntity
  8
OUTER
100
AcDbPolyline
 90
        7
 70
     0
 43
0.0
 10
114819.9459918012
 20
-67952.42886002305
 10
115729.5834918012
 20
-67952.42886002305
 10
115729.5834918012
 20
-67307.90386002307
 10
115464.4709918011
 20
-67307.90386002307
 10
115464.4709918011
 20
-65107.62886002305
 10
114819.9459918012
 20
-65107.62886002305
 10
114819.9459918012
 20
-67952.42886002305
  0
TEXT
  5
714
330
17
100
AcDbEntity
  8
NUMBERS
100
AcDbText
 10
114914.31402077
 20
-66663.81291438756
 30
0.0
 40
80.0
  1
E卫生间-109
 72
     1
 11
115180.9806874367
 21
-66623.81291438755
 31
0.0
100
AcDbText
 73
     2
  0
LWPOLYLINE
  5
715
330
17
100
AcDbEntity
  8
OUTER
100
AcDbPolyline
 90
        5
 70
     0
 43
0.0
 10
116267.5367660166
 20
-66813.22586540303
 10
117061.2867660166
 20
-66813.22586540303
 10
117061.2867660166
 20
-66224.26336540303
 10
116267.5367660166
 20
-66224.26336540303
 10
116267.5367660166
 20
-66813.22586540303
  0
TEXT
  5
716
330
17
100
AcDbEntity
  8
NUMBERS
100
AcDbText
 10
116411.0784326832
 20
-66558.74461540303
 30
0.0
 40
80.0
  1
E卫生间-110
 72
     1
 11
116664.4117660166
 21
-66518.74461540304
 31
0.0
100
AcDbText
 73
     2
  0
LWPOLYLINE
  5
717
330
17
100
AcDbEntity
  8
OUTER
100
AcDbPolyline
 90
        5
 70
     0
 43
0.0
 10
117287.2123355612
 20
-66813.22586540303
 10
117388.8123355612
 20
-66813.22586540303
 10
117388.8123355612
 20
-66224.26336540303
 10
117287.2123355612
 20
-66224.26336540303
 10
117287.2123355612
 20
-66813.22586540303
  0
TEXT
  5
718
330
17
100
AcDbEntity
  8
NUMBERS
100
AcDbText
 10
117283.6257614871
 20
-66527.56405984747
 30
0.0
 40
17.6388888888899
  1
E卫生间-111
 72
     1
 11
117338.0123355612
 21
-66518.74461540304
 31
0.0
100
AcDbText
 73
     2
  0
LWPOLYLINE
  5
719
330
17
100
AcDbEntity
  8
OUTER
100
AcDbPolyline
 90
        7
 70
     0
 43
0.0
 10
119384.1053466201
 20
-67919.09608005171
 10
120293.7428466201
 20
-67919.09608005171
 10
120293.7428466201
 20
-67274.57108005173
 10
120028.6303466201
 20
-67274.57108005173
 10
120028.6303466201
 20
-65074.29608005171
 10
119384.1053466201
 20
-65074.29608005171
 10
119384.1053466201
 20
-67919.09608005171
  0
TEXT
  5
71A
330
17
100
AcDbEntity
  8
NUMBERS
100
AcDbText
 10
119485.1400422556
 20
-66630.48013441617
 30
0.0
 40
80.0
  1
E卫生间-112
 72
     1
 11
119745.1400422556
 21
-66590.48013441617
 31
0.0
100
AcDbText
 73
     2
  0
LWPOLYLINE
  5
71B
330
17
100
AcDbEntity
  8
OUTER
100
AcDbPolyline
 90
        5
 70
     0
 43
0.0
 10
120831.6961208356
 20
-66779.8930854317
 10
121625.4461208356
 20
-66779.8930854317
 10
121625.4461208356
 20
-66190.9305854317
 10
120831.6961208356
 20
-66190.9305854317
 10
120831.6961208356
 20
-66779.8930854317
  0
TEXT
  5
71C
330
17
100
AcDbEntity
  8
NUMBERS
100
AcDbText
 10
120968.5711208356
 20
-66525.4118354317
 30
0.0
 40
80.0
  1
E卫生间-113
 72
     1
 11
121228.5711208356
 21
-66485.4118354317
 31
0.0
100
AcDbText
 73
     2
  0
LWPOLYLINE
  5
71D
330
17
100
AcDbEntity
  8
OUTER
100
AcDbPolyline
 90
        5
 70
     0
 43
0.0
 10
121851.3716903802
 20
-66779.8930854317
 10
121952.9716903801
 20
-66779.8930854317
 10
121952.9716903801
 20
-66190.9305854317
 10
121851.3716903802
 20
-66190.9305854317
 10
121851.3716903802
 20
-66779.8930854317
  0
TEXT
  5
71E
330
17
100
AcDbEntity
  8
NUMBERS
100
AcDbText
 10
121844.8453014913
 20
-66494.23127987614
 30
0.0
 40
17.63888888887221
  1
E卫生间-114
 72
     1
 11
121902.1716903802
 21
-66485.4118354317
 31
0.0
100
AcDbText
 73
     2
  0
LWPOLYLINE
  5
71F
330
17
100
AcDbEntity
  8
OUTER
100
AcDbPolyline
 90
        7
 70
     0
 43
0.0
 10
124590.7920043467
 20
-67919.09608005171
 10
125500.4295043467
 20
-67919.09608005171
 10
125500.4295043467
 20
-67274.57108005173
 10
125235.3170043467
 20
-67274.57108005173
 10
125235.3170043467
 20
-65074.29608005171
 10
124590.7920043467
 20
-65074.29608005171
 10
124590.7920043467
 20
-67919.09608005171
  0
TEXT
  5
720
330
17
100
AcDbEntity
  8
NUMBERS
100
AcDbText
 10
124691.8266999822
 20
-66630.4801344162
 30
0.0
 40
80.0
  1
E卫生间-115
 72
     1
 11
124951.8266999822
 21
-66590.48013441619
 31
0.0
100
AcDbText
 73
     2
  0
LWPOLYLINE
  5
721
330
17
100
AcDbEntity
  8
OUTER
100
AcDbPolyline
 90
        5
 70
     0
 43
0.0
 10
126038.3827785621
 20
-66779.8930854317
 10
126832.1327785622
 20
-66779.8930854317
 10
126832.1327785622
 20
-66190.9305854317
 10
126038.3827785621
 20
-66190.9305854317
 10
126038.3827785621
 20
-66779.8930854317
  0
TEXT
  5
722
330
17
100
AcDbEntity
  8
NUMBERS
100
AcDbText
 10
126175.2577785621
 20
-66525.4118354317
 30
0.0
 40
80.0
  1
E卫生间-116
 72
     1
 11
126435.2577785621
 21
-66485.4118354317
 31
0.0
100
AcDbText
 73
     2
  0
LWPOLYLINE
  5
723
330
17
100
AcDbEntity
  8
OUTER
100
AcDbPolyline
 90
        5
 70
     0
 43
0.0
 10
127058.0583481067
 20
-66779.8930854317
 10
127159.6583481067
 20
-66779.8930854317
 10
127159.6583481067
 20
-66190.9305854317
 10
127058.0583481067
 20
-66190.9305854317
 10
127058.0583481067
 20
-66779.8930854317
  0
TEXT
  5
724
330
17
100
AcDbEntity
  8
NUMBERS
100
AcDbText
 10
127051.5319592178
 20
-66494.23127987614
 30
0.0
 40
17.6388888888899
  1
E卫生间-117
 72
     1
 11
127108.8583481067
 21
-66485.4118354317
 31
0.0
100
AcDbText
 73
     2
  0
LWPOLYLINE
  5
725
330
17
100
AcDbEntity
  8
OUTER
100
AcDbPolyline
 90
        7
 70
     0
 43
0.0
 10
129930.4151310064
 20
-67919.09608005171
 10
130840.0526310064
 20
-67919.09608005171
 10
130840.0526310064
 20
-67274.57108005173
 10
130574.9401310065
 20
-67274.57108005173
 10
130574.9401310065
 20
-65074.29608005171
 10
129930.4151310064
 20
-65074.29608005171
 10
129930.4151310064
 20
-67919.09608005171
  0
TEXT
  5
726
330
17
100
AcDbEntity
  8
NUMBERS
100
AcDbText
 10
130031.4498266419
 20
-66630.48013441613
 30
0.0
 40
80.0
  1
E卫生间-118
 72
     1
 11
130291.4498266419
 21
-66590.48013441614
 31
0.0
100
AcDbText
 73
     2
  0
LWPOLYLINE
  5
727
330
17
100
AcDbEntity
  8
OUTER
100
AcDbPolyline
 90
        5
 70
     0
 43
0.0
 10
131378.0059052219
 20
-66779.8930854317
 10
132171.7559052219
 20
-66779.8930854317
 10
132171.7559052219
 20
-66190.9305854317
 10
131378.0059052219
 20
-66190.9305854317
 10
131378.0059052219
 20
-66779.8930854317
  0
TEXT
  5
728
330
17
100
AcDbEntity
  8
NUMBERS
100
AcDbText
 10
131514.8809052219
 20
-66525.4118354317
 30
0.0
 40
80.0
  1
E卫生间-119
 72
     1
 11
131774.8809052219
 21
-66485.4118354317
 31
0.0
100
AcDbText
 73
     2
  0
LWPOLYLINE
  5
729
330
17
100
AcDbEntity
  8
OUTER
100
AcDbPolyline
 90
        5
 70
     0
 43
0.0
 10
132397.6814747665
 20
-66779.8930854317
 10
132499.2814747665
 20
-66779.8930854317
 10
132499.2814747665
 20
-66190.9305854317
 10
132397.6814747665
 20
-66190.9305854317
 10
132397.6814747665
 20
-66779.8930854317
  0
TEXT
  5
72A
330
17
100
AcDbEntity
  8
NUMBERS
100
AcDbText
 10
132389.6851784702
 20
-66494.23127987614
 30
0.0
 40
17.6388888888899
  1
E卫生间-120
 72
     1
 11
132448.4814747665
 21
-66485.4118354317
 31
0.0
100
AcDbText
 73
     2
  0
LWPOLYLINE
  5
72B
330
17
100
AcDbEntity
  8
OUTER
100
AcDbPolyline
 90
        7
 70
     0
 43
0.0
 10
74726.87912851996
 20
-68086.59561485552
 10
75636.51662851995
 20
-68086.59561485552
 10
75636.51662851995
 20
-67442.07061485553
 10
75371.40412851995
 20
-67442.07061485553
 10
75371.40412851995
 20
-65241.79561485552
 10
74726.87912851996
 20
-65241.79561485552
 10
74726.87912851996
 20
-68086.59561485552
  0
TEXT
  5
72C
330
17
100
AcDbEntity
  8
NUMBERS
100
AcDbText
 10
74827.91382415546
 20
-66797.97966921999
 30
0.0
 40
80.0
  1
E卫生间-121
 72
     1
 11
75087.91382415546
 21
-66757.97966921999
 31
0.0
100
AcDbText
 73
     2
  0
LWPOLYLINE
  5
72D
330
17
100
AcDbEntity
  8
OUTER
100
AcDbPolyline
 90
        7
 70
     0
 43
0.0
 10
78982.78080251647
 20
-68086.59561485552
 10
79892.41830251644
 20
-68086.59561485552
 10
79892.41830251644
 20
-67442.07061485553
 10
79627.30580251645
 20
-67442.07061485553
 10
79627.30580251645
 20
-65241.79561485552
 10
78982.78080251647
 20
-65241.79561485552
 10
78982.78080251647
 20
-68086.59561485552
  0
TEXT
  5
72E
330
17
100
AcDbEntity
  8
NUMBERS
100
AcDbText
 10
79070.48216481864
 20
-66797.97966921999
 30
0.0
 40
80.0
  1
E卫生间-122
 72
     1
 11
79343.81549815197
 21
-66757.97966921999
 31
0.0
100
AcDbText
 73
     2
  0
LWPOLYLINE
  5
72F
330
17
100
AcDbEntity
  8
OUTER
100
AcDbPolyline
 90
        7
 70
     0
 43
0.0
 10
84071.22398036422
 20
-68087.84529934968
 10
84980.86148036422
 20
-68087.84529934968
 10
84980.86148036422
 20
-67443.32029934971
 10
84715.74898036422
 20
-67443.32029934971
 10
84715.74898036422
 20
-65243.04529934969
 10
84071.22398036422
 20
-65243.04529934969
 10
84071.22398036422
 20
-68087.84529934968
  0
TEXT
  5
730
330
17
100
AcDbEntity
  8
NUMBERS
100
AcDbText
 10
84158.92534266642
 20
-66799.22935371418
 30
0.0
 40
80.0
  1
E卫生间-123
 72
     1
 11
84432.25867599975
 21
-66759.22935371418
 31
0.0
100
AcDbText
 73
     2
  0
LWPOLYLINE
  5
731
330
17
100
AcDbEntity
  8
OUTER
100
AcDbPolyline
 90
        5
 70
     0
 43
0.0
 10
46031.13003731369
 20
-68064.76518241499
 10
46488.33003731367
 20
-68064.76518241499
 10
46488.33003731367
 20
-67420.240182415
 10
46031.13003731369
 20
-67420.240182415
 10
46031.13003731369
 20
-68064.76518241499
  0
TEXT
  5
732
330
17
100
AcDbEntity
  8
NUMBERS
100
AcDbText
 10
45988.53212064702
 20
-67782.19018241499
 30
0.0
 40
79.37499999999824
  1
E卫生间-124
 72
     1
 11
46259.73003731368
 21
-67742.502682415
 31
0.0
100
AcDbText
 73
     2
  0
LWPOLYLINE
  5
733
330
17
100
AcDbEntity
  8
OUTER
100
AcDbPolyline
 90
        5
 70
     0
 43
0.0
 10
50287.03171131018
 20
-68064.76518241499
 10
50744.23171131019
 20
-68064.76518241499
 10
50744.23171131019
 20
-67420.240182415
 10
50287.03171131018
 20
-67420.240182415
 10
50287.03171131018
 20
-68064.76518241499
  0
TEXT
  5
734
330
17
100
AcDbEntity
  8
NUMBERS
100
AcDbText
 10
50244.43379464352
 20
-67782.19018241499
 30
0.0
 40
79.3749999999995
  1
E卫生间-125
 72
     1
 11
50515.63171131018
 21
-67742.502682415
 31
0.0
100
AcDbText
 73
     2
  0
LWPOLYLINE
  5
735
330
17
100
AcDbEntity
  8
OUTER
100
AcDbPolyline
 90
        5
 70
     0
 43
0.0
 10
55375.47488915795
 20
-68066.01486690919
 10
55832.67488915796
 20
-68066.01486690919
 10
55832.67488915796
 20
-67421.48986690918
 10
55375.47488915795
 20
-67421.48986690918
 10
55375.47488915795
 20
-68066.01486690919
  0
TEXT
  5
736
330
17
100
AcDbEntity
  8
NUMBERS
100
AcDbText
 10
55332.8769724913
 20
-67783.43986690917
 30
0.0
 40
79.37500000000077
  1
E卫生间-126
 72
     1
 11
55604.07488915797
 21
-67743.75236690917
 31
0.0
100
AcDbText
 73
     2
  0
LWPOLYLINE
  5
737
330
17
100
AcDbEntity
  8
OUTER
100
AcDbPolyline
 90
        5
 70
     0
 43
0.0
 10
59939.63424397695
 20
-68032.68208693785
 10
60396.83424397694
 20
-68032.68208693785
 10
60396.83424397694
 20
-67388.15708693785
 10
59939.63424397695
 20
-67388.15708693785
 10
59939.63424397695
 20
-68032.68208693785
  0
TEXT
  5
738
330
17
100
AcDbEntity
  8
NUMBERS
100
AcDbText
 10
59897.03632731029
 20
-67750.10708693784
 30
0.0
 40
79.37499999999824
  1
E卫生间-127
 72
     1
 11
60168.23424397696
 21
-67710.41958693785
 31
0.0
100
AcDbText
 73
     2
  0
LWPOLYLINE
  5
739
330
17
100
AcDbEntity
  8
OUTER
100
AcDbPolyline
 90
        5
 70
     0
 43
0.0
 10
65146.32090170347
 20
-68032.68208693785
 10
65603.52090170348
 20
-68032.68208693785
 10
65603.52090170348
 20
-67388.15708693785
 10
65146.32090170347
 20
-67388.15708693785
 10
65146.32090170347
 20
-68032.68208693785
  0
TEXT
  5
73A
330
17
100
AcDbEntity
  8
NUMBERS
100
AcDbText
 10
65103.72298503681
 20
-67750.10708693786
 30
0.0
 40
79.3749999999995
  1
E卫生间-128
 72
     1
 11
65374.92090170347
 21
-67710.41958693786
 31
0.0
100
AcDbText
 73
     2
  0
LWPOLYLINE
  5
73B
330
17
100
AcDbEntity
  8
OUTER
100
AcDbPolyline
 90
        5
 70
     0
 43
0.0
 10
70485.94402836324
 20
-68032.68208693785
 10
70943.14402836325
 20
-68032.68208693785
 10
70943.14402836325
 20
-67388.15708693785
 10
70485.94402836324
 20
-67388.15708693785
 10
70485.94402836324
 20
-68032.68208693785
  0
TEXT
  5
73C
330
17
100
AcDbEntity
  8
NUMBERS
100
AcDbText
 10
70443.34611169658
 20
-67750.10708693784
 30
0.0
 40
79.37500000000202
  1
E卫生间-129
 72
     1
 11
70714.54402836325
 21
-67710.41958693785
 31
0.0
100
AcDbText
 73
     2
  0
LWPOLYLINE
  5
73D
330
17
100
AcDbEntity
  8
OUTER
100
AcDbPolyline
 90
        5
 70
     0
 43
0.0
 10
90281.72281003902
 20
-68055.76220387255
 10
90738.92281003899
 20
-68055.76220387255
 10
90738.92281003899
 20
-67411.23720387256
 10
90281.72281003902
 20
-67411.23720387256
 10
90281.72281003902
 20
-68055.76220387255
  0
TEXT
  5
73E
330
17
100
AcDbEntity
  8
NUMBERS
100
AcDbText
 10
90245.73947670567
 20
-67773.18720387255
 30
0.0
 40
79.37499999999698
  1
E卫生间-130
 72
     1
 11
90510.322810039
 21
-67733.49970387255
 31
0.0
100
AcDbText
 73
     2
  0
LWPOLYLINE
  5
73F
330
17
100
AcDbEntity
  8
OUTER
100
AcDbPolyline
 90
        5
 70
     0
 43
0.0
 10
95488.40946776557
 20
-68055.76220387255
 10
95945.60946776557
 20
-68055.76220387255
 10
95945.60946776557
 20
-67411.23720387256
 10
95488.40946776557
 20
-67411.23720387256
 10
95488.40946776557
 20
-68055.76220387255
  0
TEXT
  5
740
330
17
100
AcDbEntity
  8
NUMBERS
100
AcDbText
 10
95459.04071776559
 20
-67773.18720387255
 30
0.0
 40
79.37499999999698
  1
E卫生间-131
 72
     1
 11
95717.00946776557
 21
-67733.49970387255
 31
0.0
100
AcDbText
 73
     2
  0
LWPOLYLINE
  5
741
330
17
100
AcDbEntity
  8
OUTER
100
AcDbPolyline
 90
        5
 70
     0
 43
0.0
 10
100828.0325944253
 20
-68055.76220387255
 10
101285.2325944253
 20
-68055.76220387255
 10
101285.2325944253
 20
-67411.23720387256
 10
100828.0325944253
 20
-67411.23720387256
 10
100828.0325944253
 20
-68055.76220387255
  0
TEXT
  5
742
330
17
100
AcDbEntity
  8
NUMBERS
100
AcDbText
 10
100785.4346777586
 20
-67773.18720387255
 30
0.0
 40
79.3749999999995
  1
E卫生间-132
 72
     1
 11
101056.6325944252
 21
-67733.49970387255
 31
0.0
100
AcDbText
 73
     2
  0
LWPOLYLINE
  5
743
330
17
100
AcDbEntity
  8
OUTER
100
AcDbPolyline
 90
        5
 70
     0
 43
0.0
 10
107121.9406148127
 20
-67952.42886002305
 10
107579.1406148127
 20
-67952.42886002305
 10
107579.1406148127
 20
-67307.90386002307
 10
107121.9406148127
 20
-67307.90386002307
 10
107121.9406148127
 20
-67952.42886002305
  0
TEXT
  5
744
330
17
100
AcDbEntity
  8
NUMBERS
100
AcDbText
 10
107079.342698146
 20
-67669.85386002308
 30
0.0
 40
79.3749999999995
  1
E卫生间-133
 72
     1
 11
107350.5406148127
 21
-67630.16636002308
 31
0.0
100
AcDbText
 73
     2
  0
LWPOLYLINE
  5
745
330
17
100
AcDbEntity
  8
OUTER
100
AcDbPolyline
 90
        5
 70
     0
 43
0.0
 10
111377.8422888092
 20
-67952.42886002305
 10
111835.0422888092
 20
-67952.42886002305
 10
111835.0422888092
 20
-67307.90386002307
 10
111377.8422888092
 20
-67307.90386002307
 10
111377.8422888092
 20
-67952.42886002305
  0
TEXT
  5
746
330
17
100
AcDbEntity
  8
NUMBERS
100
AcDbText
 10
111335.2443721425
 20
-67669.85386002308
 30
0.0
 40
79.3749999999995
  1
E卫生间-134
 72
     1
 11
111606.4422888092
 21
-67630.16636002308
 31
0.0
100
AcDbText
 73
     2
  0
LWPOLYLINE
  5
747
330
17
100
AcDbEntity
  8
OUTER
100
AcDbPolyline
 90
        5
 70
     0
 43
0.0
 10
116466.285466657
 20
-67953.67854451723
 10
116923.485466657
 20
-67953.67854451723
 10
116923.485466657
 20
-67309.15354451722
 10
116466.285466657
 20
-67309.15354451722
 10
116466.285466657
 20
-67953.67854451723
  0
TEXT
  5
748
330
17
100
AcDbEntity
  8
NUMBERS
100
AcDbText
 10
116423.6875499903
 20
-67671.10354451723
 30
0.0
 40
79.3749999999995
  1
E卫生间-135
 72
     1
 11
116694.885466657
 21
-67631.41604451723
 31
0.0
100
AcDbText
 73
     2
  0
LWPOLYLINE
  5
749
330
17
100
AcDbEntity
  8
OUTER
100
AcDbPolyline
 90
        5
 70
     0
 43
0.0
 10
121030.444821476
 20
-67920.34576454589
 10
121487.644821476
 20
-67920.34576454589
 10
121487.644821476
 20
-67275.82076454591
 10
121030.444821476
 20
-67275.82076454591
 10
121030.444821476
 20
-67920.34576454589
  0
TEXT
  5
74A
330
17
100
AcDbEntity
  8
NUMBERS
100
AcDbText
 10
120987.8469048093
 20
-67637.77076454588
 30
0.0
 40
79.3749999999995
  1
E卫生间-136
 72
     1
 11
121259.044821476
 21
-67598.08326454589
 31
0.0
100
AcDbText
 73
     2
  0
LWPOLYLINE
  5
74B
330
17
100
AcDbEntity
  8
OUTER
100
AcDbPolyline
 90
        5
 70
     0
 43
0.0
 10
126237.1314792025
 20
-67920.34576454589
 10
126694.3314792025
 20
-67920.34576454589
 10
126694.3314792025
 20
-67275.82076454591
 10
126237.1314792025
 20
-67275.82076454591
 10
126237.1314792025
 20
-67920.34576454589
  0
TEXT
  5
74C
330
17
100
AcDbEntity
  8
NUMBERS
100
AcDbText
 10
126194.5335625358
 20
-67637.7707645459
 30
0.0
 40
79.37500000000202
  1
E卫生间-137
 72
     1
 11
126465.7314792025
 21
-67598.0832645459
 31
0.0
100
AcDbText
 73
     2
  0
LWPOLYLINE
  5
74D
330
17
100
AcDbEntity
  8
OUTER
100
AcDbPolyline
 90
        5
 70
     0
 43
0.0
 10
131576.7546058622
 20
-67920.34576454589
 10
132033.9546058623
 20
-67920.34576454589
 10
132033.9546058623
 20
-67275.82076454591
 10
131576.7546058622
 20
-67275.82076454591
 10
131576.7546058622
 20
-67920.34576454589
  0
TEXT
  5
74E
330
17
100
AcDbEntity
  8
NUMBERS
100
AcDbText
 10
131534.1566891955
 20
-67637.77076454592
 30
0.0
 40
79.37500000001718
  1
E卫生间-138
 72
     1
 11
131805.3546058622
 21
-67598.0832645459
 31
0.0
100
AcDbText
 73
     2
  0
LWPOLYLINE
  5
74F
330
17
100
AcDbEntity
  8
OUTER
100
AcDbPolyline
 90
        5
 70
     0
 43
0.0
 10
76373.21860337576
 20
-68087.84529934968
 10
76830.41860337576
 20
-68087.84529934968
 10
76830.41860337576
 20
-67443.32029934971
 10
76373.21860337576
 20
-67443.32029934971
 10
76373.21860337576
 20
-68087.84529934968
  0
TEXT
  5
750
330
17
100
AcDbEntity
  8
NUMBERS
100
AcDbText
 10
76330.62068670908
 20
-67805.27029934972
 30
0.0
 40
79.3749999999995
  1
E卫生间-139
 72
     1
 11
76601.81860337575
 21
-67765.58279934972
 31
0.0
100
AcDbText
 73
     2
  0
LWPOLYLINE
  5
751
330
17
100
AcDbEntity
  8
OUTER
100
AcDbPolyline
 90
        5
 70
     0
 43
0.0
 10
80629.12027737226
 20
-68087.84529934968
 10
81086.32027737224
 20
-68087.84529934968
 10
81086.32027737224
 20
-67443.32029934971
 10
80629.12027737226
 20
-67443.32029934971
 10
80629.12027737226
 20
-68087.84529934968
  0
TEXT
  5
752
330
17
100
AcDbEntity
  8
NUMBERS
100
AcDbText
 10
80593.13694403892
 20
-67805.27029934972
 30
0.0
 40
79.37499999999698
  1
E卫生间-140
 72
     1
 11
80857.72027737226
 21
-67765.58279934972
 31
0.0
100
AcDbText
 73
     2
  0
LWPOLYLINE
  5
753
330
17
100
AcDbEntity
  8
OUTER
100
AcDbPolyline
 90
        5
 70
     0
 43
0.0
 10
85717.56345522004
 20
-68089.09498384388
 10
86174.76345522003
 20
-68089.09498384388
 10
86174.76345522003
 20
-67444.56998384388
 10
85717.56345522004
 20
-67444.56998384388
 10
85717.56345522004
 20
-68089.09498384388
  0
TEXT
  5
754
330
17
100
AcDbEntity
  8
NUMBERS
100
AcDbText
 10
85688.19470522003
 20
-67806.51998384387
 30
0.0
 40
79.3749999999995
  1
E卫生间-141
 72
     1
 11
85946.16345522002
 21
-67766.83248384387
 31
0.0
100
AcDbText
 73
     2
  0
LWPOLYLINE
  5
755
330
17
100
AcDbEntity
  8
OUTER
100
AcDbPolyline
 90
        5
 70
     0
 43
0.0
 10
120775.0492216754
 20
-69440.60763033018
 10
122025.9992216754
 20
-69440.60763033018
 10
122025.9992216754
 20
-70029.57013033016
 10
120775.0492216754
 20
-70029.57013033016
 10
120775.0492216754
 20
-69440.60763033018
  0
TEXT
  5
756
330
17
100
AcDbEntity
  8
NUMBERS
100
AcDbText
 10
121127.1908883421
 20
-69775.08888033017
 30
0.0
 40
80.0
  1
E卫生间-142
 72
     1
 11
121400.5242216754
 21
-69735.08888033016
 31
0.0
100
AcDbText
 73
     2
  0
LWPOLYLINE
  5
757
330
17
100
AcDbEntity
  8
OUTER
100
AcDbPolyline
 90
        5
 70
     0
 43
0.0
 10
122245.2988709244
 20
-70029.57013033016
 10
122346.8988709244
 20
-70029.57013033016
 10
122346.8988709244
 20
-69440.60763033018
 10
122245.2988709244
 20
-69440.60763033018
 10
122245.2988709244
 20
-70029.57013033016
  0
TEXT
  5
758
330
17
100
AcDbEntity
  8
NUMBERS
100
AcDbText
 10
122235.8326672207
 20
-69743.9083247746
 30
0.0
 40
17.6388888888899
  1
E卫生间-143
 72
     1
 11
122296.0988709244
 21
-69735.08888033016
 31
0.0
100
AcDbText
 73
     2
  0
LWPOLYLINE
  5
759
330
17
100
AcDbEntity
  8
OUTER
100
AcDbPolyline
 90
        5
 70
     0
 43
0.0
 10
125981.735879402
 20
-69440.60763033018
 10
127232.6858794019
 20
-69440.60763033018
 10
127232.6858794019
 20
-70029.57013033016
 10
125981.735879402
 20
-70029.57013033016
 10
125981.735879402
 20
-69440.60763033018
  0
TEXT
  5
75A
330
17
100
AcDbEntity
  8
NUMBERS
100
AcDbText
 10
126333.8775460686
 20
-69775.08888033017
 30
0.0
 40
80.0
  1
E卫生间-144
 72
     1
 11
126607.2108794019
 21
-69735.08888033016
 31
0.0
100
AcDbText
 73
     2
  0
LWPOLYLINE
  5
75B
330
17
100
AcDbEntity
  8
OUTER
100
AcDbPolyline
 90
        5
 70
     0
 43
0.0
 10
127451.9855286509
 20
-70029.57013033016
 10
127553.5855286509
 20
-70029.57013033016
 10
127553.5855286509
 20
-69440.60763033018
 10
127451.9855286509
 20
-69440.60763033018
 10
127451.9855286509
 20
-70029.57013033016
  0
TEXT
  5
75C
330
17
100
AcDbEntity
  8
NUMBERS
100
AcDbText
 10
127442.5193249472
 20
-69743.9083247746
 30
0.0
 40
17.6388888888899
  1
E卫生间-145
 72
     1
 11
127502.7855286509
 21
-69735.08888033016
 31
0.0
100
AcDbText
 73
     2
  0
LWPOLYLINE
  5
75D
330
17
100
AcDbEntity
  8
OUTER
100
AcDbPolyline
 90
        5
 70
     0
 43
0.0
 10
131321.3590060617
 20
-69440.60763033018
 10
132572.3090060617
 20
-69440.60763033018
 10
132572.3090060617
 20
-70029.57013033016
 10
131321.3590060617
 20
-70029.57013033016
 10
131321.3590060617
 20
-69440.60763033018
  0
TEXT
  5
75E
330
17
100
AcDbEntity
  8
NUMBERS
100
AcDbText
 10
131673.5006727284
 20
-69775.08888033015
 30
0.0
 40
80.0
  1
E卫生间-146
 72
     1
 11
131946.8340060617
 21
-69735.08888033014
 31
0.0
100
AcDbText
 73
     2
  0
LWPOLYLINE
  5
75F
330
17
100
AcDbEntity
  8
OUTER
100
AcDbPolyline
 90
        5
 70
     0
 43
0.0
 10
132791.6086553107
 20
-70029.57013033016
 10
132893.2086553107
 20
-70029.57013033016
 10
132893.2086553107
 20
-69440.60763033018
 10
132791.6086553107
 20
-69440.60763033018
 10
132791.6086553107
 20
-70029.57013033016
  0
TEXT
  5
760
330
17
100
AcDbEntity
  8
NUMBERS
100
AcDbText
 10
132782.142451607
 20
-69743.9083247746
 30
0.0
 40
17.6388888888899
  1
E卫生间-147
 72
     1
 11
132842.4086553107
 21
-69735.08888033016
 31
0.0
100
AcDbText
 73
     2
  0
LWPOLYLINE
  5
761
330
17
100
AcDbEntity
  8
OUTER
100
AcDbPolyline
 90
        5
 70
     0
 43
0.0
 10
45775.73443751316
 20
-69585.02704819927
 10
47026.68443751316
 20
-69585.02704819927
 10
47026.68443751316
 20
-70173.98954819926
 10
45775.73443751316
 20
-70173.98954819926
 10
45775.73443751316
 20
-69585.02704819927
  0
TEXT
  5
762
330
17
100
AcDbEntity
  8
NUMBERS
100
AcDbText
 10
46127.87610417982
 20
-69919.50829819927
 30
0.0
 40
80.0
  1
E卫生间-148
 72
     1
 11
46401.20943751316
 21
-69879.50829819927
 31
0.0
100
AcDbText
 73
     2
  0
LWPOLYLINE
  5
763
330
17
100
AcDbEntity
  8
OUTER
100
AcDbPolyline
 90
        5
 70
     0
 43
0.0
 10
50031.63611150966
 20
-69585.02704819927
 10
51282.58611150966
 20
-69585.02704819927
 10
51282.58611150966
 20
-70173.98954819926
 10
50031.63611150966
 20
-70173.98954819926
 10
50031.63611150966
 20
-69585.02704819927
  0
TEXT
  5
764
330
17
100
AcDbEntity
  8
NUMBERS
100
AcDbText
 10
50383.77777817633
 20
-69919.50829819927
 30
0.0
 40
80.0
  1
E卫生间-149
 72
     1
 11
50657.11111150966
 21
-69879.50829819927
 31
0.0
100
AcDbText
 73
     2
  0
LWPOLYLINE
  5
765
330
17
100
AcDbEntity
  8
OUTER
100
AcDbPolyline
 90
        5
 70
     0
 43
0.0
 10
51501.88576075861
 20
-70173.98954819926
 10
51603.4857607586
 20
-70173.98954819926
 10
51603.4857607586
 20
-69585.02704819927
 10
51501.88576075861
 20
-69585.02704819927
 10
51501.88576075861
 20
-70173.98954819926
  0
TEXT
  5
766
330
17
100
AcDbEntity
  8
NUMBERS
100
AcDbText
 10
51493.88946446231
 20
-69888.32774264368
 30
0.0
 40
17.63888888888737
  1
E卫生间-150
 72
     1
 11
51552.68576075861
 21
-69879.50829819925
 31
0.0
100
AcDbText
 73
     2
  0
LWPOLYLINE
  5
767
330
17
100
AcDbEntity
  8
OUTER
100
AcDbPolyline
 90
        5
 70
     0
 43
0.0
 10
55120.07928935743
 20
-69586.27673269344
 10
56371.02928935742
 20
-69586.27673269344
 10
56371.02928935742
 20
-70175.23923269344
 10
55120.07928935743
 20
-70175.23923269344
 10
55120.07928935743
 20
-69586.27673269344
  0
TEXT
  5
768
330
17
100
AcDbEntity
  8
NUMBERS
100
AcDbText
 10
55485.55428935743
 20
-69920.75798269343
 30
0.0
 40
80.0
  1
E卫生间-151
 72
     1
 11
55745.55428935743
 21
-69880.75798269344
 31
0.0
100
AcDbText
 73
     2
  0
LWPOLYLINE
  5
769
330
17
100
AcDbEntity
  8
OUTER
100
AcDbPolyline
 90
        5
 70
     0
 43
0.0
 10
59684.23864417642
 20
-69552.94395272211
 10
60935.18864417642
 20
-69552.94395272211
 10
60935.18864417642
 20
-70141.9064527221
 10
59684.23864417642
 20
-70141.9064527221
 10
59684.23864417642
 20
-69552.94395272211
  0
TEXT
  5
76A
330
17
100
AcDbEntity
  8
NUMBERS
100
AcDbText
 10
60036.38031084308
 20
-69887.42520272209
 30
0.0
 40
80.0
  1
E卫生间-152
 72
     1
 11
60309.71364417642
 21
-69847.42520272209
 31
0.0
100
AcDbText
 73
     2
  0
LWPOLYLINE
  5
76B
330
17
100
AcDbEntity
  8
OUTER
100
AcDbPolyline
 90
        5
 70
     0
 43
0.0
 10
61154.48829342537
 20
-70141.9064527221
 10
61256.08829342537
 20
-70141.9064527221
 10
61256.08829342537
 20
-69552.94395272211
 10
61154.48829342537
 20
-69552.94395272211
 10
61154.48829342537
 20
-70141.9064527221
  0
TEXT
  5
76C
330
17
100
AcDbEntity
  8
NUMBERS
100
AcDbText
 10
61145.02208972167
 20
-69856.24464716654
 30
0.0
 40
17.63888888888863
  1
E卫生间-153
 72
     1
 11
61205.28829342537
 21
-69847.4252027221
 31
0.0
100
AcDbText
 73
     2
  0
LWPOLYLINE
  5
76D
330
17
100
AcDbEntity
  8
OUTER
100
AcDbPolyline
 90
        5
 70
     0
 43
0.0
 10
64890.92530190295
 20
-69552.94395272211
 10
66141.87530190295
 20
-69552.94395272211
 10
66141.87530190295
 20
-70141.9064527221
 10
64890.92530190295
 20
-70141.9064527221
 10
64890.92530190295
 20
-69552.94395272211
  0
TEXT
  5
76E
330
17
100
AcDbEntity
  8
NUMBERS
100
AcDbText
 10
65243.0669685696
 20
-69887.42520272209
 30
0.0
 40
80.0
  1
E卫生间-154
 72
     1
 11
65516.40030190294
 21
-69847.42520272209
 31
0.0
100
AcDbText
 73
     2
  0
LWPOLYLINE
  5
76F
330
17
100
AcDbEntity
  8
OUTER
100
AcDbPolyline
 90
        5
 70
     0
 43
0.0
 10
66361.1749511519
 20
-70141.9064527221
 10
66462.77495115191
 20
-70141.9064527221
 10
66462.77495115191
 20
-69552.94395272211
 10
66361.1749511519
 20
-69552.94395272211
 10
66361.1749511519
 20
-70141.9064527221
  0
TEXT
  5
770
330
17
100
AcDbEntity
  8
NUMBERS
100
AcDbText
 10
66351.70874744821
 20
-69856.24464716654
 30
0.0
 40
17.6388888888899
  1
E卫生间-155
 72
     1
 11
66411.97495115192
 21
-69847.4252027221
 31
0.0
100
AcDbText
 73
     2
  0
LWPOLYLINE
  5
771
330
17
100
AcDbEntity
  8
OUTER
100
AcDbPolyline
 90
        5
 70
     0
 43
0.0
 10
70230.54842856273
 20
-69552.94395272211
 10
71481.49842856271
 20
-69552.94395272211
 10
71481.49842856271
 20
-70141.9064527221
 10
70230.54842856273
 20
-70141.9064527221
 10
70230.54842856273
 20
-69552.94395272211
  0
TEXT
  5
772
330
17
100
AcDbEntity
  8
NUMBERS
100
AcDbText
 10
70582.69009522939
 20
-69887.42520272211
 30
0.0
 40
80.0
  1
E卫生间-156
 72
     1
 11
70856.02342856272
 21
-69847.4252027221
 31
0.0
100
AcDbText
 73
     2
  0
LWPOLYLINE
  5
773
330
17
100
AcDbEntity
  8
OUTER
100
AcDbPolyline
 90
        5
 70
     0
 43
0.0
 10
71700.79807781167
 20
-70141.9064527221
 10
71802.39807781168
 20
-70141.9064527221
 10
71802.39807781168
 20
-69552.94395272211
 10
71700.79807781167
 20
-69552.94395272211
 10
71700.79807781167
 20
-70141.9064527221
  0
TEXT
  5
774
330
17
100
AcDbEntity
  8
NUMBERS
100
AcDbText
 10
71691.33187410799
 20
-69856.24464716654
 30
0.0
 40
17.6388888888899
  1
E卫生间-157
 72
     1
 11
71751.59807781169
 21
-69847.4252027221
 31
0.0
100
AcDbText
 73
     2
  0
LWPOLYLINE
  5
775
330
17
100
AcDbEntity
  8
OUTER
100
AcDbPolyline
 90
        5
 70
     0
 43
0.0
 10
76117.82300357522
 20
-69608.10716513397
 10
77368.77300357521
 20
-69608.10716513397
 10
77368.77300357521
 20
-70197.06966513397
 10
76117.82300357522
 20
-70197.06966513397
 10
76117.82300357522
 20
-69608.10716513397
  0
TEXT
  5
776
330
17
100
AcDbEntity
  8
NUMBERS
100
AcDbText
 10
76469.96467024191
 20
-69942.58841513397
 30
0.0
 40
80.0
  1
E卫生间-158
 72
     1
 11
76743.29800357524
 21
-69902.58841513397
 31
0.0
100
AcDbText
 73
     2
  0
LWPOLYLINE
  5
777
330
17
100
AcDbEntity
  8
OUTER
100
AcDbPolyline
 90
        5
 70
     0
 43
0.0
 10
80373.72467757174
 20
-69608.10716513397
 10
81624.67467757172
 20
-69608.10716513397
 10
81624.67467757172
 20
-70197.06966513397
 10
80373.72467757174
 20
-70197.06966513397
 10
80373.72467757174
 20
-69608.10716513397
  0
TEXT
  5
778
330
17
100
AcDbEntity
  8
NUMBERS
100
AcDbText
 10
80725.8663442384
 20
-69942.58841513397
 30
0.0
 40
80.0
  1
E卫生间-159
 72
     1
 11
80999.19967757173
 21
-69902.58841513397
 31
0.0
100
AcDbText
 73
     2
  0
LWPOLYLINE
  5
779
330
17
100
AcDbEntity
  8
OUTER
100
AcDbPolyline
 90
        5
 70
     0
 43
0.0
 10
81843.97432682068
 20
-70197.06966513397
 10
81945.57432682069
 20
-70197.06966513397
 10
81945.57432682069
 20
-69608.10716513397
 10
81843.97432682068
 20
-69608.10716513397
 10
81843.97432682068
 20
-70197.06966513397
  0
TEXT
  5
77A
330
17
100
AcDbEntity
  8
NUMBERS
100
AcDbText
 10
81835.97803052435
 20
-69911.40785957841
 30
0.0
 40
17.6388888888899
  1
E卫生间-160
 72
     1
 11
81894.77432682068
 21
-69902.58841513397
 31
0.0
100
AcDbText
 73
     2
  0
LWPOLYLINE
  5
77B
330
17
100
AcDbEntity
  8
OUTER
100
AcDbPolyline
 90
        5
 70
     0
 43
0.0
 10
85462.16785541949
 20
-69609.35684962815
 10
86713.1178554195
 20
-69609.35684962815
 10
86713.1178554195
 20
-70198.31934962816
 10
85462.16785541949
 20
-70198.31934962816
 10
85462.16785541949
 20
-69609.35684962815
  0
TEXT
  5
77C
330
17
100
AcDbEntity
  8
NUMBERS
100
AcDbText
 10
85827.64285541951
 20
-69943.83809962815
 30
0.0
 40
80.0
  1
E卫生间-161
 72
     1
 11
86087.64285541951
 21
-69903.83809962815
 31
0.0
100
AcDbText
 73
     2
  0
LWPOLYLINE
  5
77D
330
17
100
AcDbEntity
  8
OUTER
100
AcDbPolyline
 90
        5
 70
     0
 43
0.0
 10
90026.3272102385
 20
-69576.02406965682
 10
91277.27721023848
 20
-69576.02406965682
 10
91277.27721023848
 20
-70164.98656965683
 10
90026.3272102385
 20
-70164.98656965683
 10
90026.3272102385
 20
-69576.02406965682
  0
TEXT
  5
77E
330
17
100
AcDbEntity
  8
NUMBERS
100
AcDbText
 10
90378.46887690518
 20
-69910.50531965683
 30
0.0
 40
80.0
  1
E卫生间-162
 72
     1
 11
90651.80221023849
 21
-69870.50531965683
 31
0.0
100
AcDbText
 73
     2
  0
LWPOLYLINE
  5
77F
330
17
100
AcDbEntity
  8
OUTER
100
AcDbPolyline
 90
        5
 70
     0
 43
0.0
 10
91496.57685948744
 20
-70164.98656965683
 10
91598.17685948745
 20
-70164.98656965683
 10
91598.17685948745
 20
-69576.02406965682
 10
91496.57685948744
 20
-69576.02406965682
 10
91496.57685948744
 20
-70164.98656965683
  0
TEXT
  5
780
330
17
100
AcDbEntity
  8
NUMBERS
100
AcDbText
 10
91487.11065578373
 20
-69879.32476410122
 30
0.0
 40
17.6388888888899
  1
E卫生间-163
 72
     1
 11
91547.37685948743
 21
-69870.50531965679
 31
0.0
100
AcDbText
 73
     2
  0
LWPOLYLINE
  5
781
330
17
100
AcDbEntity
  8
OUTER
100
AcDbPolyline
 90
        5
 70
     0
 43
0.0
 10
95233.01386796504
 20
-69576.02406965682
 10
96483.96386796502
 20
-69576.02406965682
 10
96483.96386796502
 20
-70164.98656965683
 10
95233.01386796504
 20
-70164.98656965683
 10
95233.01386796504
 20
-69576.02406965682
  0
TEXT
  5
782
330
17
100
AcDbEntity
  8
NUMBERS
100
AcDbText
 10
95585.1555346317
 20
-69910.50531965679
 30
0.0
 40
80.0
  1
E卫生间-164
 72
     1
 11
95858.48886796503
 21
-69870.50531965679
 31
0.0
100
AcDbText
 73
     2
  0
LWPOLYLINE
  5
783
330
17
100
AcDbEntity
  8
OUTER
100
AcDbPolyline
 90
        5
 70
     0
 43
0.0
 10
96703.26351721397
 20
-70164.98656965683
 10
96804.86351721398
 20
-70164.98656965683
 10
96804.86351721398
 20
-69576.02406965682
 10
96703.26351721397
 20
-69576.02406965682
 10
96703.26351721397
 20
-70164.98656965683
  0
TEXT
  5
784
330
17
100
AcDbEntity
  8
NUMBERS
100
AcDbText
 10
96693.79731351025
 20
-69879.32476410122
 30
0.0
 40
17.6388888888899
  1
E卫生间-165
 72
     1
 11
96754.06351721395
 21
-69870.50531965679
 31
0.0
100
AcDbText
 73
     2
  0
LWPOLYLINE
  5
785
330
17
100
AcDbEntity
  8
OUTER
100
AcDbPolyline
 90
        5
 70
     0
 43
0.0
 10
100572.6369946248
 20
-69576.02406965682
 10
101823.5869946248
 20
-69576.02406965682
 10
101823.5869946248
 20
-70164.98656965683
 10
100572.6369946248
 20
-70164.98656965683
 10
100572.6369946248
 20
-69576.02406965682
  0
TEXT
  5
786
330
17
100
AcDbEntity
  8
NUMBERS
100
AcDbText
 10
100924.7786612915
 20
-69910.50531965679
 30
0.0
 40
80.0
  1
E卫生间-166
 72
     1
 11
101198.1119946248
 21
-69870.50531965679
 31
0.0
100
AcDbText
 73
     2
  0
LWPOLYLINE
  5
787
330
17
100
AcDbEntity
  8
OUTER
100
AcDbPolyline
 90
        5
 70
     0
 43
0.0
 10
102042.8866438737
 20
-70164.98656965683
 10
102144.4866438737
 20
-70164.98656965683
 10
102144.4866438737
 20
-69576.02406965682
 10
102042.8866438737
 20
-69576.02406965682
 10
102042.8866438737
 20
-70164.98656965683
  0
TEXT
  5
788
330
17
100
AcDbEntity
  8
NUMBERS
100
AcDbText
 10
102033.42044017
 20
-69879.32476410122
 30
0.0
 40
17.63888888888737
  1
E卫生间-167
 72
     1
 11
102093.6866438737
 21
-69870.50531965679
 31
0.0
100
AcDbText
 73
     2
  0
LWPOLYLINE
  5
789
330
17
100
AcDbEntity
  8
OUTER
100
AcDbPolyline
 90
        5
 70
     0
 43
0.0
 10
106866.5450150122
 20
-69472.69072580732
 10
108117.4950150121
 20
-69472.69072580732
 10
108117.4950150121
 20
-70061.65322580731
 10
106866.5450150122
 20
-70061.65322580731
 10
106866.5450150122
 20
-69472.69072580732
  0
TEXT
  5
78A
330
17
100
AcDbEntity
  8
NUMBERS
100
AcDbText
 10
107218.6866816788
 20
-69807.17197580733
 30
0.0
 40
80.0
  1
E卫生间-168
 72
     1
 11
107492.0200150121
 21
-69767.17197580732
 31
0.0
100
AcDbText
 73
     2
  0
LWPOLYLINE
  5
78B
330
17
100
AcDbEntity
  8
OUTER
100
AcDbPolyline
 90
        5
 70
     0
 43
0.0
 10
111122.4466890087
 20
-69472.69072580732
 10
112373.3966890086
 20
-69472.69072580732
 10
112373.3966890086
 20
-70061.65322580731
 10
111122.4466890087
 20
-70061.65322580731
 10
111122.4466890087
 20
-69472.69072580732
  0
TEXT
  5
78C
330
17
100
AcDbEntity
  8
NUMBERS
100
AcDbText
 10
111474.5883556753
 20
-69807.17197580733
 30
0.0
 40
80.0
  1
E卫生间-169
 72
     1
 11
111747.9216890086
 21
-69767.17197580732
 31
0.0
100
AcDbText
 73
     2
  0
LWPOLYLINE
  5
78D
330
17
100
AcDbEntity
  8
OUTER
100
AcDbPolyline
 90
        5
 70
     0
 43
0.0
 10
112592.6963382576
 20
-70061.65322580731
 10
112694.2963382576
 20
-70061.65322580731
 10
112694.2963382576
 20
-69472.69072580732
 10
112592.6963382576
 20
-69472.69072580732
 10
112592.6963382576
 20
-70061.65322580731
  0
TEXT
  5
78E
330
17
100
AcDbEntity
  8
NUMBERS
100
AcDbText
 10
112584.7000419613
 20
-69775.99142025177
 30
0.0
 40
17.63888888888737
  1
E卫生间-170
 72
     1
 11
112643.4963382576
 21
-69767.17197580732
 31
0.0
100
AcDbText
 73
     2
  0
LWPOLYLINE
  5
78F
330
17
100
AcDbEntity
  8
OUTER
100
AcDbPolyline
 90
        5
 70
     0
 43
0.0
 10
116210.8898668564
 20
-69473.9404103015
 10
117461.8398668564
 20
-69473.9404103015
 10
117461.8398668564
 20
-70062.90291030149
 10
116210.8898668564
 20
-70062.90291030149
 10
116210.8898668564
 20
-69473.9404103015
  0
TEXT
  5
790
330
17
100
AcDbEntity
  8
NUMBERS
100
AcDbText
 10
116576.3648668564
 20
-69808.42166030147
 30
0.0
 40
80.0
  1
E卫生间-171
 72
     1
 11
116836.3648668564
 21
-69768.42166030148
 31
0.0
100
AcDbText
 73
     2
  0
LWPOLYLINE
  5
791
330
17
100
AcDbEntity
  8
OUTER
100
AcDbPolyline
 90
        5
 70
     0
 43
0.0
 10
45886.73817255902
 20
-70781.45187912435
 10
46680.48817255902
 20
-70781.45187912435
 10
46680.48817255902
 20
-70679.85187912434
 10
45886.73817255902
 20
-70679.85187912434
 10
45886.73817255902
 20
-70781.45187912435
  0
TEXT
  5
792
330
17
100
AcDbEntity
  8
NUMBERS
100
AcDbText
 10
46181.11317255902
 20
-70745.65187912432
 30
0.0
 40
30.0
  1
E卫生间-172
 72
     1
 11
46283.61317255902
 21
-70730.65187912432
 31
0.0
100
AcDbText
 73
     2
  0
LWPOLYLINE
  5
793
330
17
100
AcDbEntity
  8
OUTER
100
AcDbPolyline
 90
        5
 70
     0
 43
0.0
 10
50142.63984655552
 20
-70781.45187912435
 10
50936.38984655552
 20
-70781.45187912435
 10
50936.38984655552
 20
-70679.85187912434
 10
50142.63984655552
 20
-70679.85187912434
 10
50142.63984655552
 20
-70781.45187912435
  0
TEXT
  5
794
330
17
100
AcDbEntity
  8
NUMBERS
100
AcDbText
 10
50437.01484655551
 20
-70745.65187912432
 30
0.0
 40
30.0
  1
E卫生间-173
 72
     1
 11
50539.51484655551
 21
-70730.65187912432
 31
0.0
100
AcDbText
 73
     2
  0
LWPOLYLINE
  5
795
330
17
100
AcDbEntity
  8
OUTER
100
AcDbPolyline
 90
        5
 70
     0
 43
0.0
 10
55231.0830244033
 20
-70782.70156361853
 10
56024.83302440329
 20
-70782.70156361853
 10
56024.83302440329
 20
-70681.10156361852
 10
55231.0830244033
 20
-70681.10156361852
 10
55231.0830244033
 20
-70782.70156361853
  0
TEXT
  5
796
330
17
100
AcDbEntity
  8
NUMBERS
100
AcDbText
 10
55525.45802440329
 20
-70746.90156361852
 30
0.0
 40
30.0
  1
E卫生间-174
 72
     1
 11
55627.95802440329
 21
-70731.90156361852
 31
0.0
100
AcDbText
 73
     2
  0
LWPOLYLINE
  5
797
330
17
100
AcDbEntity
  8
OUTER
100
AcDbPolyline
 90
        5
 70
     0
 43
0.0
 10
59795.24237922228
 20
-70749.36878364719
 10
60588.99237922227
 20
-70749.36878364719
 10
60588.99237922227
 20
-70647.76878364718
 10
59795.24237922228
 20
-70647.76878364718
 10
59795.24237922228
 20
-70749.36878364719
  0
TEXT
  5
798
330
17
100
AcDbEntity
  8
NUMBERS
100
AcDbText
 10
60089.61737922227
 20
-70713.56878364717
 30
0.0
 40
30.0
  1
E卫生间-175
 72
     1
 11
60192.11737922227
 21
-70698.56878364718
 31
0.0
100
AcDbText
 73
     2
  0
LWPOLYLINE
  5
799
330
17
100
AcDbEntity
  8
OUTER
100
AcDbPolyline
 90
        5
 70
     0
 43
0.0
 10
65001.9290369488
 20
-70749.36878364719
 10
65795.67903694883
 20
-70749.36878364719
 10
65795.67903694883
 20
-70647.76878364718
 10
65001.9290369488
 20
-70647.76878364718
 10
65001.9290369488
 20
-70749.36878364719
  0
TEXT
  5
79A
330
17
100
AcDbEntity
  8
NUMBERS
100
AcDbText
 10
65296.30403694882
 20
-70713.56878364717
 30
0.0
 40
30.0
  1
E卫生间-176
 72
     1
 11
65398.80403694882
 21
-70698.56878364718
 31
0.0
100
AcDbText
 73
     2
  0
LWPOLYLINE
  5
79B
330
17
100
AcDbEntity
  8
OUTER
100
AcDbPolyline
 90
        5
 70
     0
 43
0.0
 10
70341.55216360859
 20
-70749.36878364719
 10
71135.30216360859
 20
-70749.36878364719
 10
71135.30216360859
 20
-70647.76878364718
 10
70341.55216360859
 20
-70647.76878364718
 10
70341.55216360859
 20
-70749.36878364719
  0
TEXT
  5
79C
330
17
100
AcDbEntity
  8
NUMBERS
100
AcDbText
 10
70635.92716360859
 20
-70713.56878364717
 30
0.0
 40
30.0
  1
E卫生间-177
 72
     1
 11
70738.42716360859
 21
-70698.56878364718
 31
0.0
100
AcDbText
 73
     2
  0
LWPOLYLINE
  5
79D
330
17
100
AcDbEntity
  8
OUTER
100
AcDbPolyline
 90
        5
 70
     0
 43
0.0
 10
90137.33094528435
 20
-70772.44890058191
 10
90931.08094528435
 20
-70772.44890058191
 10
90931.08094528435
 20
-70670.8489005819
 10
90137.33094528435
 20
-70670.8489005819
 10
90137.33094528435
 20
-70772.44890058191
  0
TEXT
  5
79E
330
17
100
AcDbEntity
  8
NUMBERS
100
AcDbText
 10
90431.70594528435
 20
-70736.6489005819
 30
0.0
 40
30.0
  1
E卫生间-178
 72
     1
 11
90534.20594528436
 21
-70721.6489005819
 31
0.0
100
AcDbText
 73
     2
  0
LWPOLYLINE
  5
79F
330
17
100
AcDbEntity
  8
OUTER
100
AcDbPolyline
 90
        5
 70
     0
 43
0.0
 10
95344.01760301088
 20
-70772.44890058191
 10
96137.76760301089
 20
-70772.44890058191
 10
96137.76760301089
 20
-70670.8489005819
 10
95344.01760301088
 20
-70670.8489005819
 10
95344.01760301088
 20
-70772.44890058191
  0
TEXT
  5
7A0
330
17
100
AcDbEntity
  8
NUMBERS
100
AcDbText
 10
95638.39260301088
 20
-70736.6489005819
 30
0.0
 40
30.0
  1
E卫生间-179
 72
     1
 11
95740.89260301088
 21
-70721.6489005819
 31
0.0
100
AcDbText
 73
     2
  0
LWPOLYLINE
  5
7A1
330
17
100
AcDbEntity
  8
OUTER
100
AcDbPolyline
 90
        5
 70
     0
 43
0.0
 10
100683.6407296706
 20
-70772.44890058191
 10
101477.3907296707
 20
-70772.44890058191
 10
101477.3907296707
 20
-70670.8489005819
 10
100683.6407296706
 20
-70670.8489005819
 10
100683.6407296706
 20
-70772.44890058191
  0
TEXT
  5
7A2
330
17
100
AcDbEntity
  8
NUMBERS
100
AcDbText
 10
100980.5157296706
 20
-70736.6489005819
 30
0.0
 40
30.0
  1
E卫生间-180
 72
     1
 11
101080.5157296706
 21
-70721.6489005819
 31
0.0
100
AcDbText
 73
     2
  0
LWPOLYLINE
  5
7A3
330
17
100
AcDbEntity
  8
OUTER
100
AcDbPolyline
 90
        5
 70
     0
 43
0.0
 10
106977.548750058
 20
-70669.1155567324
 10
107771.298750058
 20
-70669.1155567324
 10
107771.298750058
 20
-70567.5155567324
 10
106977.548750058
 20
-70567.5155567324
 10
106977.548750058
 20
-70669.1155567324
  0
TEXT
  5
7A4
330
17
100
AcDbEntity
  8
NUMBERS
100
AcDbText
 10
107276.923750058
 20
-70633.31555673237
 30
0.0
 40
30.0
  1
E卫生间-181
 72
     1
 11
107374.423750058
 21
-70618.31555673236
 31
0.0
100
AcDbText
 73
     2
  0
LWPOLYLINE
  5
7A5
330
17
100
AcDbEntity
  8
OUTER
100
AcDbPolyline
 90
        5
 70
     0
 43
0.0
 10
111233.4504240545
 20
-70669.1155567324
 10
112027.2004240545
 20
-70669.1155567324
 10
112027.2004240545
 20
-70567.5155567324
 10
111233.4504240545
 20
-70567.5155567324
 10
111233.4504240545
 20
-70669.1155567324
  0
TEXT
  5
7A6
330
17
100
AcDbEntity
  8
NUMBERS
100
AcDbText
 10
111527.8254240545
 20
-70633.31555673237
 30
0.0
 40
30.0
  1
E卫生间-182
 72
     1
 11
111630.3254240545
 21
-70618.31555673236
 31
0.0
100
AcDbText
 73
     2
  0
LWPOLYLINE
  5
7A7
330
17
100
AcDbEntity
  8
OUTER
100
AcDbPolyline
 90
        5
 70
     0
 43
0.0
 10
116321.8936019023
 20
-70670.36524122657
 10
117115.6436019023
 20
-70670.36524122657
 10
117115.6436019023
 20
-70568.76524122658
 10
116321.8936019023
 20
-70568.76524122658
 10
116321.8936019023
 20
-70670.36524122657
  0
TEXT
  5
7A8
330
17
100
AcDbEntity
  8
NUMBERS
100
AcDbText
 10
116616.2686019022
 20
-70634.56524122657
 30
0.0
 40
30.0
  1
E卫生间-183
 72
     1
 11
116718.7686019023
 21
-70619.56524122657
 31
0.0
100
AcDbText
 73
     2
  0
LWPOLYLINE
  5
7A9
330
17
100
AcDbEntity
  8
OUTER
100
AcDbPolyline
 90
        5
 70
     0
 43
0.0
 10
120886.0529567213
 20
-70637.03246125525
 10
121679.8029567213
 20
-70637.03246125525
 10
121679.8029567213
 20
-70535.43246125522
 10
120886.0529567213
 20
-70535.43246125522
 10
120886.0529567213
 20
-70637.03246125525
  0
TEXT
  5
7AA
330
17
100
AcDbEntity
  8
NUMBERS
100
AcDbText
 10
121180.4279567213
 20
-70601.23246125525
 30
0.0
 40
30.0
  1
E卫生间-184
 72
     1
 11
121282.9279567213
 21
-70586.23246125525
 31
0.0
100
AcDbText
 73
     2
  0
LWPOLYLINE
  5
7AB
330
17
100
AcDbEntity
  8
OUTER
100
AcDbPolyline
 90
        5
 70
     0
 43
0.0
 10
126092.7396144478
 20
-70637.03246125525
 10
126886.4896144478
 20
-70637.03246125525
 10
126886.4896144478
 20
-70535.43246125522
 10
126092.7396144478
 20
-70535.43246125522
 10
126092.7396144478
 20
-70637.03246125525
  0
TEXT
  5
7AC
330
17
100
AcDbEntity
  8
NUMBERS
100
AcDbText
 10
126387.1146144478
 20
-70601.23246125525
 30
0.0
 40
30.0
  1
E卫生间-185
 72
     1
 11
126489.6146144478
 21
-70586.23246125525
 31
0.0
100
AcDbText
 73
     2
  0
LWPOLYLINE
  5
7AD
330
17
100
AcDbEntity
  8
OUTER
100
AcDbPolyline
 90
        5
 70
     0
 43
0.0
 10
131432.3627411076
 20
-70637.03246125525
 10
132226.1127411076
 20
-70637.03246125525
 10
132226.1127411076
 20
-70535.43246125522
 10
131432.3627411076
 20
-70535.43246125522
 10
131432.3627411076
 20
-70637.03246125525
  0
TEXT
  5
7AE
330
17
100
AcDbEntity
  8
NUMBERS
100
AcDbText
 10
131726.7377411076
 20
-70601.23246125525
 30
0.0
 40
30.0
  1
E卫生间-186
 72
     1
 11
131829.2377411076
 21
-70586.23246125525
 31
0.0
100
AcDbText
 73
     2
  0
LWPOLYLINE
  5
7AF
330
17
100
AcDbEntity
  8
OUTER
100
AcDbPolyline
 90
        5
 70
     0
 43
0.0
 10
45832.38133667335
 20
-71542.76268911869
 10
46626.13133667335
 20
-71542.76268911869
 10
46626.13133667335
 20
-70953.8001891187
 10
45832.38133667335
 20
-70953.8001891187
 10
45832.38133667335
 20
-71542.76268911869
  0
TEXT
  5
7B0
330
17
100
AcDbEntity
  8
NUMBERS
100
AcDbText
 10
45955.92300334002
 20
-71288.2814391187
 30
0.0
 40
80.0
  1
E卫生间-187
 72
     1
 11
46229.25633667335
 21
-71248.28143911869
 31
0.0
100
AcDbText
 73
     2
  0
LWPOLYLINE
  5
7B1
330
17
100
AcDbEntity
  8
OUTER
100
AcDbPolyline
 90
        5
 70
     0
 43
0.0
 10
46852.05690621791
 20
-71542.76268911869
 10
46953.65690621791
 20
-71542.76268911869
 10
46953.65690621791
 20
-70953.8001891187
 10
46852.05690621791
 20
-70953.8001891187
 10
46852.05690621791
 20
-71542.76268911869
  0
TEXT
  5
7B2
330
17
100
AcDbEntity
  8
NUMBERS
100
AcDbText
 10
46842.59070251422
 20
-71257.10088356314
 30
0.0
 40
17.63888888888863
  1
E卫生间-188
 72
     1
 11
46902.85690621792
 21
-71248.28143911869
 31
0.0
100
AcDbText
 73
     2
  0
LWPOLYLINE
  5
7B3
330
17
100
AcDbEntity
  8
OUTER
100
AcDbPolyline
 90
        5
 70
     0
 43
0.0
 10
50088.28301066985
 20
-71542.76268911869
 10
50882.03301066985
 20
-71542.76268911869
 10
50882.03301066985
 20
-70953.8001891187
 10
50088.28301066985
 20
-70953.8001891187
 10
50088.28301066985
 20
-71542.76268911869
  0
TEXT
  5
7B4
330
17
100
AcDbEntity
  8
NUMBERS
100
AcDbText
 10
50211.82467733651
 20
-71288.2814391187
 30
0.0
 40
80.0
  1
E卫生间-189
 72
     1
 11
50485.15801066984
 21
-71248.28143911869
 31
0.0
100
AcDbText
 73
     2
  0
LWPOLYLINE
  5
7B5
330
17
100
AcDbEntity
  8
OUTER
100
AcDbPolyline
 90
        5
 70
     0
 43
0.0
 10
51107.95858021441
 20
-71542.76268911869
 10
51209.55858021441
 20
-71542.76268911869
 10
51209.55858021441
 20
-70953.8001891187
 10
51107.95858021441
 20
-70953.8001891187
 10
51107.95858021441
 20
-71542.76268911869
  0
TEXT
  5
7B6
330
17
100
AcDbEntity
  8
NUMBERS
100
AcDbText
 10
51099.96228391811
 20
-71257.10088356314
 30
0.0
 40
17.6388888888899
  1
E卫生间-190
 72
     1
 11
51158.75858021442
 21
-71248.28143911869
 31
0.0
100
AcDbText
 73
     2
  0
LWPOLYLINE
  5
7B7
330
17
100
AcDbEntity
  8
OUTER
100
AcDbPolyline
 90
        5
 70
     0
 43
0.0
 10
55176.72618851761
 20
-71544.01237361287
 10
55970.47618851762
 20
-71544.01237361287
 10
55970.47618851762
 20
-70955.04987361286
 10
55176.72618851761
 20
-70955.04987361286
 10
55176.72618851761
 20
-71544.01237361287
  0
TEXT
  5
7B8
330
17
100
AcDbEntity
  8
NUMBERS
100
AcDbText
 10
55313.60118851763
 20
-71289.53112361288
 30
0.0
 40
80.0
  1
E卫生间-191
 72
     1
 11
55573.60118851763
 21
-71249.53112361287
 31
0.0
100
AcDbText
 73
     2
  0
LWPOLYLINE
  5
7B9
330
17
100
AcDbEntity
  8
OUTER
100
AcDbPolyline
 90
        5
 70
     0
 43
0.0
 10
56196.40175806217
 20
-71544.01237361287
 10
56298.00175806217
 20
-71544.01237361287
 10
56298.00175806217
 20
-70955.04987361286
 10
56196.40175806217
 20
-70955.04987361286
 10
56196.40175806217
 20
-71544.01237361287
  0
TEXT
  5
7BA
330
17
100
AcDbEntity
  8
NUMBERS
100
AcDbText
 10
56186.93555435847
 20
-71258.35056805732
 30
0.0
 40
17.63888888888863
  1
E卫生间-192
 72
     1
 11
56247.20175806217
 21
-71249.53112361287
 31
0.0
100
AcDbText
 73
     2
  0
LWPOLYLINE
  5
7BB
330
17
100
AcDbEntity
  8
OUTER
100
AcDbPolyline
 90
        5
 70
     0
 43
0.0
 10
59740.88554333661
 20
-71510.67959364152
 10
60534.63554333661
 20
-71510.67959364152
 10
60534.63554333661
 20
-70921.71709364155
 10
59740.88554333661
 20
-70921.71709364155
 10
59740.88554333661
 20
-71510.67959364152
  0
TEXT
  5
7BC
330
17
100
AcDbEntity
  8
NUMBERS
100
AcDbText
 10
59864.42721000328
 20
-71256.19834364152
 30
0.0
 40
80.0
  1
E卫生间-193
 72
     1
 11
60137.76054333661
 21
-71216.19834364151
 31
0.0
100
AcDbText
 73
     2
  0
LWPOLYLINE
  5
7BD
330
17
100
AcDbEntity
  8
OUTER
100
AcDbPolyline
 90
        5
 70
     0
 43
0.0
 10
60760.56111288117
 20
-71510.67959364152
 10
60862.16111288117
 20
-71510.67959364152
 10
60862.16111288117
 20
-70921.71709364155
 10
60760.56111288117
 20
-70921.71709364155
 10
60760.56111288117
 20
-71510.67959364152
  0
TEXT
  5
7BE
330
17
100
AcDbEntity
  8
NUMBERS
100
AcDbText
 10
60751.09490917747
 20
-71225.01778808598
 30
0.0
 40
17.63888888888863
  1
E卫生间-194
 72
     1
 11
60811.36111288118
 21
-71216.19834364154
 31
0.0
100
AcDbText
 73
     2
  0
LWPOLYLINE
  5
7BF
330
17
100
AcDbEntity
  8
OUTER
100
AcDbPolyline
 90
        5
 70
     0
 43
0.0
 10
64947.57220106313
 20
-71510.67959364152
 10
65741.32220106313
 20
-71510.67959364152
 10
65741.32220106313
 20
-70921.71709364155
 10
64947.57220106313
 20
-70921.71709364155
 10
64947.57220106313
 20
-71510.67959364152
  0
TEXT
  5
7C0
330
17
100
AcDbEntity
  8
NUMBERS
100
AcDbText
 10
65071.11386772979
 20
-71256.19834364152
 30
0.0
 40
80.0
  1
E卫生间-195
 72
     1
 11
65344.44720106312
 21
-71216.19834364151
 31
0.0
100
AcDbText
 73
     2
  0
LWPOLYLINE
  5
7C1
330
17
100
AcDbEntity
  8
OUTER
100
AcDbPolyline
 90
        5
 70
     0
 43
0.0
 10
65967.24777060769
 20
-71510.67959364152
 10
66068.84777060769
 20
-71510.67959364152
 10
66068.84777060769
 20
-70921.71709364155
 10
65967.24777060769
 20
-70921.71709364155
 10
65967.24777060769
 20
-71510.67959364152
  0
TEXT
  5
7C2
330
17
100
AcDbEntity
  8
NUMBERS
100
AcDbText
 10
65957.781566904
 20
-71225.01778808596
 30
0.0
 40
17.63888888888737
  1
E卫生间-196
 72
     1
 11
66018.04777060769
 21
-71216.19834364151
 31
0.0
100
AcDbText
 73
     2
  0
LWPOLYLINE
  5
7C3
330
17
100
AcDbEntity
  8
OUTER
100
AcDbPolyline
 90
        5
 70
     0
 43
0.0
 10
70287.1953277229
 20
-71510.67959364152
 10
71080.94532772293
 20
-71510.67959364152
 10
71080.94532772293
 20
-70921.71709364155
 10
70287.1953277229
 20
-70921.71709364155
 10
70287.1953277229
 20
-71510.67959364152
  0
TEXT
  5
7C4
330
17
100
AcDbEntity
  8
NUMBERS
100
AcDbText
 10
70410.73699438958
 20
-71256.19834364155
 30
0.0
 40
80.0
  1
E卫生间-197
 72
     1
 11
70684.0703277229
 21
-71216.19834364154
 31
0.0
100
AcDbText
 73
     2
  0
LWPOLYLINE
  5
7C5
330
17
100
AcDbEntity
  8
OUTER
100
AcDbPolyline
 90
        5
 70
     0
 43
0.0
 10
71306.87089726746
 20
-71510.67959364152
 10
71408.47089726747
 20
-71510.67959364152
 10
71408.47089726747
 20
-70921.71709364155
 10
71306.87089726746
 20
-70921.71709364155
 10
71306.87089726746
 20
-71510.67959364152
  0
TEXT
  5
7C6
330
17
100
AcDbEntity
  8
NUMBERS
100
AcDbText
 10
71297.40469356377
 20
-71225.01778808596
 30
0.0
 40
17.63888888888737
  1
E卫生间-198
 72
     1
 11
71357.67089726747
 21
-71216.19834364151
 31
0.0
100
AcDbText
 73
     2
  0
LWPOLYLINE
  5
7C7
330
17
100
AcDbEntity
  8
OUTER
100
AcDbPolyline
 90
        5
 70
     0
 43
0.0
 10
76228.82673862111
 20
-70804.53199605906
 10
77022.57673862111
 20
-70804.53199605906
 10
77022.57673862111
 20
-70702.93199605905
 10
76228.82673862111
 20
-70702.93199605905
 10
76228.82673862111
 20
-70804.53199605906
  0
TEXT
  5
7C8
330
17
100
AcDbEntity
  8
NUMBERS
100
AcDbText
 10
76523.20173862108
 20
-70768.73199605905
 30
0.0
 40
30.0
  1
E卫生间-199
 72
     1
 11
76625.70173862108
 21
-70753.73199605905
 31
0.0
100
AcDbText
 73
     2
  0
LWPOLYLINE
  5
7C9
330
17
100
AcDbEntity
  8
OUTER
100
AcDbPolyline
 90
        5
 70
     0
 43
0.0
 10
80484.72841261759
 20
-70804.53199605906
 10
81278.47841261759
 20
-70804.53199605906
 10
81278.47841261759
 20
-70702.93199605905
 10
80484.72841261759
 20
-70702.93199605905
 10
80484.72841261759
 20
-70804.53199605906
  0
TEXT
  5
7CA
330
17
100
AcDbEntity
  8
NUMBERS
100
AcDbText
 10
80779.10341261757
 20
-70768.73199605905
 30
0.0
 40
30.0
  1
E卫生间-200
 72
     1
 11
80881.60341261758
 21
-70753.73199605905
 31
0.0
100
AcDbText
 73
     2
  0
LWPOLYLINE
  5
7CB
330
17
100
AcDbEntity
  8
OUTER
100
AcDbPolyline
 90
        5
 70
     0
 43
0.0
 10
85573.17159046537
 20
-70805.78168055322
 10
86366.92159046537
 20
-70805.78168055322
 10
86366.92159046537
 20
-70704.18168055323
 10
85573.17159046537
 20
-70704.18168055323
 10
85573.17159046537
 20
-70805.78168055322
  0
TEXT
  5
7CC
330
17
100
AcDbEntity
  8
NUMBERS
100
AcDbText
 10
85870.04659046536
 20
-70769.98168055322
 30
0.0
 40
30.0
  1
E卫生间-201
 72
     1
 11
85970.04659046536
 21
-70754.98168055322
 31
0.0
100
AcDbText
 73
     2
  0
LWPOLYLINE
  5
7CD
330
17
100
AcDbEntity
  8
OUTER
100
AcDbPolyline
 90
        5
 70
     0
 43
0.0
 10
90082.97410939867
 20
-71533.75971057625
 10
90876.72410939866
 20
-71533.75971057625
 10
90876.72410939866
 20
-70944.79721057626
 10
90082.97410939867
 20
-70944.79721057626
 10
90082.97410939867
 20
-71533.75971057625
  0
TEXT
  5
7CE
330
17
100
AcDbEntity
  8
NUMBERS
100
AcDbText
 10
90199.84910939866
 20
-71279.27846057628
 30
0.0
 40
80.0
  1
E卫生间-202
 72
     1
 11
90479.84910939867
 21
-71239.27846057629
 31
0.0
100
AcDbText
 73
     2
  0
LWPOLYLINE
  5
7CF
330
17
100
AcDbEntity
  8
OUTER
100
AcDbPolyline
 90
        5
 70
     0
 43
0.0
 10
91102.64967894325
 20
-71533.75971057625
 10
91204.24967894324
 20
-71533.75971057625
 10
91204.24967894324
 20
-70944.79721057626
 10
91102.64967894325
 20
-70944.79721057626
 10
91102.64967894325
 20
-71533.75971057625
  0
TEXT
  5
7D0
330
17
100
AcDbEntity
  8
NUMBERS
100
AcDbText
 10
91091.71356783216
 20
-71248.09790502069
 30
0.0
 40
17.63888888888484
  1
E卫生间-203
 72
     1
 11
91153.44967894325
 21
-71239.27846057625
 31
0.0
100
AcDbText
 73
     2
  0
LWPOLYLINE
  5
7D1
330
17
100
AcDbEntity
  8
OUTER
100
AcDbPolyline
 90
        5
 70
     0
 43
0.0
 10
95289.66076712519
 20
-71533.75971057625
 10
96083.4107671252
 20
-71533.75971057625
 10
96083.4107671252
 20
-70944.79721057626
 10
95289.66076712519
 20
-70944.79721057626
 10
95289.66076712519
 20
-71533.75971057625
  0
TEXT
  5
7D2
330
17
100
AcDbEntity
  8
NUMBERS
100
AcDbText
 10
95406.5357671252
 20
-71279.27846057628
 30
0.0
 40
80.0
  1
E卫生间-204
 72
     1
 11
95686.5357671252
 21
-71239.27846057629
 31
0.0
100
AcDbText
 73
     2
  0
LWPOLYLINE
  5
7D3
330
17
100
AcDbEntity
  8
OUTER
100
AcDbPolyline
 90
        5
 70
     0
 43
0.0
 10
96309.33633666975
 20
-71533.75971057625
 10
96410.93633666976
 20
-71533.75971057625
 10
96410.93633666976
 20
-70944.79721057626
 10
96309.33633666975
 20
-70944.79721057626
 10
96309.33633666975
 20
-71533.75971057625
  0
TEXT
  5
7D4
330
17
100
AcDbEntity
  8
NUMBERS
100
AcDbText
 10
96298.40022555866
 20
-71248.09790502069
 30
0.0
 40
17.63888888888737
  1
E卫生间-205
 72
     1
 11
96360.13633666976
 21
-71239.27846057625
 31
0.0
100
AcDbText
 73
     2
  0
LWPOLYLINE
  5
7D5
330
17
100
AcDbEntity
  8
OUTER
100
AcDbPolyline
 90
        5
 70
     0
 43
0.0
 10
100629.283893785
 20
-71533.75971057625
 10
101423.033893785
 20
-71533.75971057625
 10
101423.033893785
 20
-70944.79721057626
 10
100629.283893785
 20
-70944.79721057626
 10
100629.283893785
 20
-71533.75971057625
  0
TEXT
  5
7D6
330
17
100
AcDbEntity
  8
NUMBERS
100
AcDbText
 10
100746.158893785
 20
-71279.27846057628
 30
0.0
 40
80.0
  1
E卫生间-206
 72
     1
 11
101026.158893785
 21
-71239.27846057629
 31
0.0
100
AcDbText
 73
     2
  0
LWPOLYLINE
  5
7D7
330
17
100
AcDbEntity
  8
OUTER
100
AcDbPolyline
 90
        5
 70
     0
 43
0.0
 10
101648.9594633295
 20
-71533.75971057625
 10
101750.5594633295
 20
-71533.75971057625
 10
101750.5594633295
 20
-70944.79721057626
 10
101648.9594633295
 20
-70944.79721057626
 10
101648.9594633295
 20
-71533.75971057625
  0
TEXT
  5
7D8
330
17
100
AcDbEntity
  8
NUMBERS
100
AcDbText
 10
101638.0233522184
 20
-71248.09790502069
 30
0.0
 40
17.63888888888737
  1
E卫生间-207
 72
     1
 11
101699.7594633295
 21
-71239.27846057625
 31
0.0
100
AcDbText
 73
     2
  0
LWPOLYLINE
  5
7D9
330
17
100
AcDbEntity
  8
OUTER
100
AcDbPolyline
 90
        7
 70
     0
 43
0.0
 10
105475.6011399569
 20
-72569.62936134677
 10
106385.2386399569
 20
-72569.62936134677
 10
106385.2386399569
 20
-71925.10436134678
 10
106120.1261399569
 20
-71925.10436134678
 10
106120.1261399569
 20
-69724.82936134678
 10
105475.6011399569
 20
-69724.82936134678
 10
105475.6011399569
 20
-72569.62936134677
  0
TEXT
  5
7DA
330
17
100
AcDbEntity
  8
NUMBERS
100
AcDbText
 10
105556.6358355924
 20
-71281.01341571122
 30
0.0
 40
80.0
  1
E卫生间-208
 72
     1
 11
105836.6358355924
 21
-71241.01341571122
 31
0.0
100
AcDbText
 73
     2
  0
LWPOLYLINE
  5
7DB
330
17
100
AcDbEntity
  8
OUTER
100
AcDbPolyline
 90
        5
 70
     0
 43
0.0
 10
106923.1919141723
 20
-71430.42636672675
 10
107716.9419141723
 20
-71430.42636672675
 10
107716.9419141723
 20
-70841.46386672675
 10
106923.1919141723
 20
-70841.46386672675
 10
106923.1919141723
 20
-71430.42636672675
  0
TEXT
  5
7DC
330
17
100
AcDbEntity
  8
NUMBERS
100
AcDbText
 10
107040.0669141723
 20
-71175.94511672674
 30
0.0
 40
80.0
  1
E卫生间-209
 72
     1
 11
107320.0669141723
 21
-71135.94511672673
 31
0.0
100
AcDbText
 73
     2
  0
LWPOLYLINE
  5
7DD
330
17
100
AcDbEntity
  8
OUTER
100
AcDbPolyline
 90
        5
 70
     0
 43
0.0
 10
107942.8674837169
 20
-71430.42636672675
 10
108044.4674837169
 20
-71430.42636672675
 10
108044.4674837169
 20
-70841.46386672675
 10
107942.8674837169
 20
-70841.46386672675
 10
107942.8674837169
 20
-71430.42636672675
  0
TEXT
  5
7DE
330
17
100
AcDbEntity
  8
NUMBERS
100
AcDbText
 10
107934.8711874206
 20
-71144.76456117119
 30
0.0
 40
17.6388888888899
  1
E卫生间-210
 72
     1
 11
107993.6674837169
 21
-71135.94511672675
 31
0.0
100
AcDbText
 73
     2
  0
LWPOLYLINE
  5
7DF
330
17
100
AcDbEntity
  8
OUTER
100
AcDbPolyline
 90
        7
 70
     0
 43
0.0
 10
109731.5028139534
 20
-72569.62936134677
 10
110641.1403139534
 20
-72569.62936134677
 10
110641.1403139534
 20
-71925.10436134678
 10
110376.0278139534
 20
-71925.10436134678
 10
110376.0278139534
 20
-69724.82936134678
 10
109731.5028139534
 20
-69724.82936134678
 10
109731.5028139534
 20
-72569.62936134677
  0
TEXT
  5
7E0
330
17
100
AcDbEntity
  8
NUMBERS
100
AcDbText
 10
109832.5375095889
 20
-71281.01341571122
 30
0.0
 40
80.0
  1
E卫生间-211
 72
     1
 11
110092.5375095889
 21
-71241.01341571122
 31
0.0
100
AcDbText
 73
     2
  0
LWPOLYLINE
  5
7E1
330
17
100
AcDbEntity
  8
OUTER
100
AcDbPolyline
 90
        5
 70
     0
 43
0.0
 10
111179.0935881688
 20
-71430.42636672675
 10
111972.8435881689
 20
-71430.42636672675
 10
111972.8435881689
 20
-70841.46386672675
 10
111179.0935881688
 20
-70841.46386672675
 10
111179.0935881688
 20
-71430.42636672675
  0
TEXT
  5
7E2
330
17
100
AcDbEntity
  8
NUMBERS
100
AcDbText
 10
111302.6352548355
 20
-71175.94511672676
 30
0.0
 40
80.0
  1
E卫生间-212
 72
     1
 11
111575.9685881688
 21
-71135.94511672675
 31
0.0
100
AcDbText
 73
     2
  0
LWPOLYLINE
  5
7E3
330
17
100
AcDbEntity
  8
OUTER
100
AcDbPolyline
 90
        5
 70
     0
 43
0.0
 10
112198.7691577134
 20
-71430.42636672675
 10
112300.3691577134
 20
-71430.42636672675
 10
112300.3691577134
 20
-70841.46386672675
 10
112198.7691577134
 20
-70841.46386672675
 10
112198.7691577134
 20
-71430.42636672675
  0
TEXT
  5
7E4
330
17
100
AcDbEntity
  8
NUMBERS
100
AcDbText
 10
112189.3029540097
 20
-71144.76456117119
 30
0.0
 40
17.6388888888899
  1
E卫生间-213
 72
     1
 11
112249.5691577134
 21
-71135.94511672675
 31
0.0
100
AcDbText
 73
     2
  0
LWPOLYLINE
  5
7E5
330
17
100
AcDbEntity
  8
OUTER
100
AcDbPolyline
 90
        7
 70
     0
 43
0.0
 10
114819.9459918012
 20
-72570.87904584095
 10
115729.5834918012
 20
-72570.87904584095
 10
115729.5834918012
 20
-71926.35404584097
 10
115464.4709918011
 20
-71926.35404584097
 10
115464.4709918011
 20
-69726.07904584094
 10
114819.9459918012
 20
-69726.07904584094
 10
114819.9459918012
 20
-72570.87904584095
  0
TEXT
  5
7E6
330
17
100
AcDbEntity
  8
NUMBERS
100
AcDbText
 10
114907.6473541033
 20
-71282.26310020544
 30
0.0
 40
80.0
  1
E卫生间-214
 72
     1
 11
115180.9806874367
 21
-71242.26310020544
 31
0.0
100
AcDbText
 73
     2
  0
LWPOLYLINE
  5
7E7
330
17
100
AcDbEntity
  8
OUTER
100
AcDbPolyline
 90
        5
 70
     0
 43
0.0
 10
116267.5367660166
 20
-71431.67605122092
 10
117061.2867660166
 20
-71431.67605122092
 10
117061.2867660166
 20
-70842.71355122093
 10
116267.5367660166
 20
-70842.71355122093
 10
116267.5367660166
 20
-71431.67605122092
  0
TEXT
  5
7E8
330
17
100
AcDbEntity
  8
NUMBERS
100
AcDbText
 10
116391.0784326833
 20
-71177.19480122093
 30
0.0
 40
80.0
  1
E卫生间-215
 72
     1
 11
116664.4117660166
 21
-71137.19480122093
 31
0.0
100
AcDbText
 73
     2
  0
LWPOLYLINE
  5
7E9
330
17
100
AcDbEntity
  8
OUTER
100
AcDbPolyline
 90
        5
 70
     0
 43
0.0
 10
117287.2123355612
 20
-71431.67605122092
 10
117388.8123355612
 20
-71431.67605122092
 10
117388.8123355612
 20
-70842.71355122093
 10
117287.2123355612
 20
-70842.71355122093
 10
117287.2123355612
 20
-71431.67605122092
  0
TEXT
  5
7EA
330
17
100
AcDbEntity
  8
NUMBERS
100
AcDbText
 10
117277.7461318575
 20
-71146.01424566536
 30
0.0
 40
17.6388888888899
  1
E卫生间-216
 72
     1
 11
117338.0123355612
 21
-71137.19480122093
 31
0.0
100
AcDbText
 73
     2
  0
LWPOLYLINE
  5
7EB
330
17
100
AcDbEntity
  8
OUTER
100
AcDbPolyline
 90
        7
 70
     0
 43
0.0
 10
119384.1053466201
 20
-72537.54626586963
 10
120293.7428466201
 20
-72537.54626586963
 10
120293.7428466201
 20
-71893.02126586962
 10
120028.6303466201
 20
-71893.02126586962
 10
120028.6303466201
 20
-69692.74626586963
 10
119384.1053466201
 20
-69692.74626586963
 10
119384.1053466201
 20
-72537.54626586963
  0
TEXT
  5
7EC
330
17
100
AcDbEntity
  8
NUMBERS
100
AcDbText
 10
119471.8067089223
 20
-71248.93032023407
 30
0.0
 40
80.0
  1
E卫生间-217
 72
     1
 11
119745.1400422556
 21
-71208.93032023406
 31
0.0
100
AcDbText
 73
     2
  0
LWPOLYLINE
  5
7ED
330
17
100
AcDbEntity
  8
OUTER
100
AcDbPolyline
 90
        5
 70
     0
 43
0.0
 10
120831.6961208356
 20
-71398.3432712496
 10
121625.4461208356
 20
-71398.3432712496
 10
121625.4461208356
 20
-70809.38077124961
 10
120831.6961208356
 20
-70809.38077124961
 10
120831.6961208356
 20
-71398.3432712496
  0
TEXT
  5
7EE
330
17
100
AcDbEntity
  8
NUMBERS
100
AcDbText
 10
120955.2377875023
 20
-71143.8620212496
 30
0.0
 40
80.0
  1
E卫生间-218
 72
     1
 11
121228.5711208356
 21
-71103.8620212496
 31
0.0
100
AcDbText
 73
     2
  0
LWPOLYLINE
  5
7EF
330
17
100
AcDbEntity
  8
OUTER
100
AcDbPolyline
 90
        5
 70
     0
 43
0.0
 10
121851.3716903802
 20
-71398.3432712496
 10
121952.9716903801
 20
-71398.3432712496
 10
121952.9716903801
 20
-70809.38077124961
 10
121851.3716903802
 20
-70809.38077124961
 10
121851.3716903802
 20
-71398.3432712496
  0
TEXT
  5
7F0
330
17
100
AcDbEntity
  8
NUMBERS
100
AcDbText
 10
121841.9054866765
 20
-71112.68146569404
 30
0.0
 40
17.63888888887221
  1
E卫生间-219
 72
     1
 11
121902.1716903802
 21
-71103.8620212496
 31
0.0
100
AcDbText
 73
     2
  0
LWPOLYLINE
  5
7F1
330
17
100
AcDbEntity
  8
OUTER
100
AcDbPolyline
 90
        7
 70
     0
 43
0.0
 10
124590.7920043467
 20
-72537.54626586963
 10
125500.4295043467
 20
-72537.54626586963
 10
125500.4295043467
 20
-71893.02126586962
 10
125235.3170043467
 20
-71893.02126586962
 10
125235.3170043467
 20
-69692.74626586963
 10
124590.7920043467
 20
-69692.74626586963
 10
124590.7920043467
 20
-72537.54626586963
  0
TEXT
  5
7F2
330
17
100
AcDbEntity
  8
NUMBERS
100
AcDbText
 10
124671.8266999822
 20
-71248.93032023407
 30
0.0
 40
80.0
  1
E卫生间-220
 72
     1
 11
124951.8266999822
 21
-71208.93032023406
 31
0.0
100
AcDbText
 73
     2
  0
LWPOLYLINE
  5
7F3
330
17
100
AcDbEntity
  8
OUTER
100
AcDbPolyline
 90
        5
 70
     0
 43
0.0
 10
126038.3827785621
 20
-71398.3432712496
 10
126832.1327785622
 20
-71398.3432712496
 10
126832.1327785622
 20
-70809.38077124961
 10
126038.3827785621
 20
-70809.38077124961
 10
126038.3827785621
 20
-71398.3432712496
  0
TEXT
  5
7F4
330
17
100
AcDbEntity
  8
NUMBERS
100
AcDbText
 10
126161.9244452288
 20
-71143.8620212496
 30
0.0
 40
80.0
  1
E卫生间-221
 72
     1
 11
126435.2577785621
 21
-71103.8620212496
 31
0.0
100
AcDbText
 73
     2
  0
LWPOLYLINE
  5
7F5
330
17
100
AcDbEntity
  8
OUTER
100
AcDbPolyline
 90
        5
 70
     0
 43
0.0
 10
127058.0583481067
 20
-71398.3432712496
 10
127159.6583481067
 20
-71398.3432712496
 10
127159.6583481067
 20
-70809.38077124961
 10
127058.0583481067
 20
-70809.38077124961
 10
127058.0583481067
 20
-71398.3432712496
  0
TEXT
  5
7F6
330
17
100
AcDbEntity
  8
NUMBERS
100
AcDbText
 10
127045.6523295882
 20
-71112.68146569404
 30
0.0
 40
17.6388888888899
  1
E卫生间-222
 72
     1
 11
127108.8583481067
 21
-71103.8620212496
 31
0.0
100
AcDbText
 73
     2
  0
LWPOLYLINE
  5
7F7
330
17
100
AcDbEntity
  8
OUTER
100
AcDbPolyline
 90
        7
 70
     0
 43
0.0
 10
129930.4151310064
 20
-72537.54626586963
 10
130840.0526310064
 20
-72537.54626586963
 10
130840.0526310064
 20
-71893.02126586962
 10
130574.9401310065
 20
-71893.02126586962
 10
130574.9401310065
 20
-69692.74626586963
 10
129930.4151310064
 20
-69692.74626586963
 10
129930.4151310064
 20
-72537.54626586963
  0
TEXT
  5
7F8
330
17
100
AcDbEntity
  8
NUMBERS
100
AcDbText
 10
130004.7831599753
 20
-71248.93032023405
 30
0.0
 40
80.0
  1
E卫生间-223
 72
     1
 11
130291.4498266419
 21
-71208.93032023405
 31
0.0
100
AcDbText
 73
     2
  0
LWPOLYLINE
  5
7F9
330
17
100
AcDbEntity
  8
OUTER
100
AcDbPolyline
 90
        5
 70
     0
 43
0.0
 10
131378.0059052219
 20
-71398.3432712496
 10
132171.7559052219
 20
-71398.3432712496
 10
132171.7559052219
 20
-70809.38077124961
 10
131378.0059052219
 20
-70809.38077124961
 10
131378.0059052219
 20
-71398.3432712496
  0
TEXT
  5
7FA
330
17
100
AcDbEntity
  8
NUMBERS
100
AcDbText
 10
131488.2142385552
 20
-71143.8620212496
 30
0.0
 40
80.0
  1
E卫生间-224
 72
     1
 11
131774.8809052219
 21
-71103.8620212496
 31
0.0
100
AcDbText
 73
     2
  0
LWPOLYLINE
  5
7FB
330
17
100
AcDbEntity
  8
OUTER
100
AcDbPolyline
 90
        5
 70
     0
 43
0.0
 10
132397.6814747665
 20
-71398.3432712496
 10
132499.2814747665
 20
-71398.3432712496
 10
132499.2814747665
 20
-70809.38077124961
 10
132397.6814747665
 20
-70809.38077124961
 10
132397.6814747665
 20
-71398.3432712496
  0
TEXT
  5
7FC
330
17
100
AcDbEntity
  8
NUMBERS
100
AcDbText
 10
132385.275456248
 20
-71112.68146569404
 30
0.0
 40
17.6388888888899
  1
E卫生间-225
 72
     1
 11
132448.4814747665
 21
-71103.8620212496
 31
0.0
100
AcDbText
 73
     2
  0
LWPOLYLINE
  5
7FD
330
17
100
AcDbEntity
  8
OUTER
100
AcDbPolyline
 90
        7
 70
     0
 43
0.0
 10
44384.79056245787
 20
-72681.96568373872
 10
45294.42806245788
 20
-72681.96568373872
 10
45294.42806245788
 20
-72037.44068373872
 10
45029.31556245789
 20
-72037.44068373872
 10
45029.31556245789
 20
-69837.16568373871
 10
44384.79056245787
 20
-69837.16568373871
 10
44384.79056245787
 20
-72681.96568373872
  0
TEXT
  5
7FE
330
17
100
AcDbEntity
  8
NUMBERS
100
AcDbText
 10
44459.15859142674
 20
-71393.34973810318
 30
0.0
 40
80.0
  1
E卫生间-226
 72
     1
 11
44745.8252580934
 21
-71353.34973810318
 31
0.0
100
AcDbText
 73
     2
  0
LWPOLYLINE
  5
7FF
330
17
100
AcDbEntity
  8
OUTER
100
AcDbPolyline
 90
        7
 70
     0
 43
0.0
 10
48640.69223645438
 20
-72681.96568373872
 10
49550.32973645438
 20
-72681.96568373872
 10
49550.32973645438
 20
-72037.44068373872
 10
49285.21723645438
 20
-72037.44068373872
 10
49285.21723645438
 20
-69837.16568373871
 10
48640.69223645438
 20
-69837.16568373871
 10
48640.69223645438
 20
-72681.96568373872
  0
TEXT
  5
800
330
17
100
AcDbEntity
  8
NUMBERS
100
AcDbText
 10
48715.06026542324
 20
-71393.34973810318
 30
0.0
 40
80.0
  1
E卫生间-227
 72
     1
 11
49001.7269320899
 21
-71353.34973810318
 31
0.0
100
AcDbText
 73
     2
  0
LWPOLYLINE
  5
801
330
17
100
AcDbEntity
  8
OUTER
100
AcDbPolyline
 90
        7
 70
     0
 43
0.0
 10
53729.13541430214
 20
-72683.2153682329
 10
54638.77291430216
 20
-72683.2153682329
 10
54638.77291430216
 20
-72038.6903682329
 10
54373.66041430216
 20
-72038.6903682329
 10
54373.66041430216
 20
-69838.41536823289
 10
53729.13541430214
 20
-69838.41536823289
 10
53729.13541430214
 20
-72683.2153682329
  0
TEXT
  5
802
330
17
100
AcDbEntity
  8
NUMBERS
100
AcDbText
 10
53803.50344327102
 20
-71394.59942259737
 30
0.0
 40
80.0
  1
E卫生间-228
 72
     1
 11
54090.17010993768
 21
-71354.59942259736
 31
0.0
100
AcDbText
 73
     2
  0
LWPOLYLINE
  5
803
330
17
100
AcDbEntity
  8
OUTER
100
AcDbPolyline
 90
        7
 70
     0
 43
0.0
 10
58293.29476912112
 20
-72649.88258826156
 10
59202.93226912114
 20
-72649.88258826156
 10
59202.93226912114
 20
-72005.35758826156
 10
58937.81976912113
 20
-72005.35758826156
 10
58937.81976912113
 20
-69805.08258826156
 10
58293.29476912112
 20
-69805.08258826156
 10
58293.29476912112
 20
-72649.88258826156
  0
TEXT
  5
804
330
17
100
AcDbEntity
  8
NUMBERS
100
AcDbText
 10
58367.66279809001
 20
-71361.26664262604
 30
0.0
 40
80.0
  1
E卫生间-229
 72
     1
 11
58654.32946475668
 21
-71321.26664262604
 31
0.0
100
AcDbText
 73
     2
  0
LWPOLYLINE
  5
805
330
17
100
AcDbEntity
  8
OUTER
100
AcDbPolyline
 90
        7
 70
     0
 43
0.0
 10
63499.98142684768
 20
-72649.88258826156
 10
64409.61892684767
 20
-72649.88258826156
 10
64409.61892684767
 20
-72005.35758826156
 10
64144.50642684768
 20
-72005.35758826156
 10
64144.50642684768
 20
-69805.08258826156
 10
63499.98142684768
 20
-69805.08258826156
 10
63499.98142684768
 20
-72649.88258826156
  0
TEXT
  5
806
330
17
100
AcDbEntity
  8
NUMBERS
100
AcDbText
 10
63581.01612248321
 20
-71361.26664262603
 30
0.0
 40
80.0
  1
E卫生间-230
 72
     1
 11
63861.01612248321
 21
-71321.26664262602
 31
0.0
100
AcDbText
 73
     2
  0
LWPOLYLINE
  5
807
330
17
100
AcDbEntity
  8
OUTER
100
AcDbPolyline
 90
        7
 70
     0
 43
0.0
 10
68839.60455350745
 20
-72649.88258826156
 10
69749.24205350742
 20
-72649.88258826156
 10
69749.24205350742
 20
-72005.35758826156
 10
69484.12955350744
 20
-72005.35758826156
 10
69484.12955350744
 20
-69805.08258826156
 10
68839.60455350745
 20
-69805.08258826156
 10
68839.60455350745
 20
-72649.88258826156
  0
TEXT
  5
808
330
17
100
AcDbEntity
  8
NUMBERS
100
AcDbText
 10
68927.30591580964
 20
-71361.26664262603
 30
0.0
 40
80.0
  1
E卫生间-231
 72
     1
 11
69200.63924914297
 21
-71321.26664262602
 31
0.0
100
AcDbText
 73
     2
  0
LWPOLYLINE
  5
809
330
17
100
AcDbEntity
  8
OUTER
100
AcDbPolyline
 90
        7
 70
     0
 43
0.0
 10
74726.87912851996
 20
-72705.04580067343
 10
75636.51662851995
 20
-72705.04580067343
 10
75636.51662851995
 20
-72060.52080067343
 10
75371.40412851995
 20
-72060.52080067343
 10
75371.40412851995
 20
-69860.24580067343
 10
74726.87912851996
 20
-69860.24580067343
 10
74726.87912851996
 20
-72705.04580067343
  0
TEXT
  5
80A
330
17
100
AcDbEntity
  8
NUMBERS
100
AcDbText
 10
74801.24715748882
 20
-71416.4298550379
 30
0.0
 40
80.0
  1
E卫生间-232
 72
     1
 11
75087.91382415549
 21
-71376.4298550379
 31
0.0
100
AcDbText
 73
     2
  0
LWPOLYLINE
  5
80B
330
17
100
AcDbEntity
  8
OUTER
100
AcDbPolyline
 90
        5
 70
     0
 43
0.0
 10
76174.46990273544
 20
-71565.84280605339
 10
76968.21990273543
 20
-71565.84280605339
 10
76968.21990273543
 20
-70976.88030605341
 10
76174.46990273544
 20
-70976.88030605341
 10
76174.46990273544
 20
-71565.84280605339
  0
TEXT
  5
80C
330
17
100
AcDbEntity
  8
NUMBERS
100
AcDbText
 10
76284.67823606873
 20
-71311.36155605341
 30
0.0
 40
80.0
  1
E卫生间-233
 72
     1
 11
76571.3449027354
 21
-71271.36155605341
 31
0.0
100
AcDbText
 73
     2
  0
LWPOLYLINE
  5
80D
330
17
100
AcDbEntity
  8
OUTER
100
AcDbPolyline
 90
        5
 70
     0
 43
0.0
 10
77194.14547227997
 20
-71565.84280605339
 10
77295.74547227997
 20
-71565.84280605339
 10
77295.74547227997
 20
-70976.88030605341
 10
77194.14547227997
 20
-70976.88030605341
 10
77194.14547227997
 20
-71565.84280605339
  0
TEXT
  5
80E
330
17
100
AcDbEntity
  8
NUMBERS
100
AcDbText
 10
77181.73945376146
 20
-71280.18100049785
 30
0.0
 40
17.63888888888737
  1
E卫生间-234
 72
     1
 11
77244.94547227997
 21
-71271.36155605341
 31
0.0
100
AcDbText
 73
     2
  0
LWPOLYLINE
  5
80F
330
17
100
AcDbEntity
  8
OUTER
100
AcDbPolyline
 90
        7
 70
     0
 43
0.0
 10
78982.78080251647
 20
-72705.04580067343
 10
79892.41830251644
 20
-72705.04580067343
 10
79892.41830251644
 20
-72060.52080067343
 10
79627.30580251645
 20
-72060.52080067343
 10
79627.30580251645
 20
-69860.24580067343
 10
78982.78080251647
 20
-69860.24580067343
 10
78982.78080251647
 20
-72705.04580067343
  0
TEXT
  5
810
330
17
100
AcDbEntity
  8
NUMBERS
100
AcDbText
 10
79057.14883148529
 20
-71416.4298550379
 30
0.0
 40
80.0
  1
E卫生间-235
 72
     1
 11
79343.81549815196
 21
-71376.4298550379
 31
0.0
100
AcDbText
 73
     2
  0
LWPOLYLINE
  5
811
330
17
100
AcDbEntity
  8
OUTER
100
AcDbPolyline
 90
        5
 70
     0
 43
0.0
 10
80430.37157673191
 20
-71565.84280605339
 10
81224.12157673192
 20
-71565.84280605339
 10
81224.12157673192
 20
-70976.88030605341
 10
80430.37157673191
 20
-70976.88030605341
 10
80430.37157673191
 20
-71565.84280605339
  0
TEXT
  5
812
330
17
100
AcDbEntity
  8
NUMBERS
100
AcDbText
 10
80540.57991006523
 20
-71311.36155605341
 30
0.0
 40
80.0
  1
E卫生间-236
 72
     1
 11
80827.24657673191
 21
-71271.36155605341
 31
0.0
100
AcDbText
 73
     2
  0
LWPOLYLINE
  5
813
330
17
100
AcDbEntity
  8
OUTER
100
AcDbPolyline
 90
        5
 70
     0
 43
0.0
 10
81450.04714627647
 20
-71565.84280605339
 10
81551.64714627648
 20
-71565.84280605339
 10
81551.64714627648
 20
-70976.88030605341
 10
81450.04714627647
 20
-70976.88030605341
 10
81450.04714627647
 20
-71565.84280605339
  0
TEXT
  5
814
330
17
100
AcDbEntity
  8
NUMBERS
100
AcDbText
 10
81437.64112775796
 20
-71280.18100049785
 30
0.0
 40
17.6388888888899
  1
E卫生间-237
 72
     1
 11
81500.84714627649
 21
-71271.36155605341
 31
0.0
100
AcDbText
 73
     2
  0
LWPOLYLINE
  5
815
330
17
100
AcDbEntity
  8
OUTER
100
AcDbPolyline
 90
        7
 70
     0
 43
0.0
 10
84071.22398036422
 20
-72706.2954851676
 10
84980.86148036422
 20
-72706.2954851676
 10
84980.86148036422
 20
-72061.77048516762
 10
84715.74898036422
 20
-72061.77048516762
 10
84715.74898036422
 20
-69861.4954851676
 10
84071.22398036422
 20
-69861.4954851676
 10
84071.22398036422
 20
-72706.2954851676
  0
TEXT
  5
816
330
17
100
AcDbEntity
  8
NUMBERS
100
AcDbText
 10
84145.59200933307
 20
-71417.67953953206
 30
0.0
 40
80.0
  1
E卫生间-238
 72
     1
 11
84432.25867599975
 21
-71377.67953953207
 31
0.0
100
AcDbText
 73
     2
  0
LWPOLYLINE
  5
817
330
17
100
AcDbEntity
  8
OUTER
100
AcDbPolyline
 90
        5
 70
     0
 43
0.0
 10
85518.81475457969
 20
-71567.09249054758
 10
86312.5647545797
 20
-71567.09249054758
 10
86312.5647545797
 20
-70978.12999054759
 10
85518.81475457969
 20
-70978.12999054759
 10
85518.81475457969
 20
-71567.09249054758
  0
TEXT
  5
818
330
17
100
AcDbEntity
  8
NUMBERS
100
AcDbText
 10
85629.02308791302
 20
-71312.61124054758
 30
0.0
 40
80.0
  1
E卫生间-239
 72
     1
 11
85915.6897545797
 21
-71272.61124054759
 31
0.0
100
AcDbText
 73
     2
  0
LWPOLYLINE
  5
819
330
17
100
AcDbEntity
  8
OUTER
100
AcDbPolyline
 90
        5
 70
     0
 43
0.0
 10
86538.49032412423
 20
-71567.09249054758
 10
86640.09032412423
 20
-71567.09249054758
 10
86640.09032412423
 20
-70978.12999054759
 10
86538.49032412423
 20
-70978.12999054759
 10
86538.49032412423
 20
-71567.09249054758
  0
TEXT
  5
81A
330
17
100
AcDbEntity
  8
NUMBERS
100
AcDbText
 10
86527.55421301312
 20
-71281.43068499202
 30
0.0
 40
17.63888888888737
  1
E卫生间-240
 72
     1
 11
86589.29032412423
 21
-71272.61124054759
 31
0.0
100
AcDbText
 73
     2
  0
LWPOLYLINE
  5
81B
330
17
100
AcDbEntity
  8
OUTER
100
AcDbPolyline
 90
        7
 70
     0
 43
0.0
 10
88635.3833351832
 20
-72672.96270519628
 10
89545.0208351832
 20
-72672.96270519628
 10
89545.0208351832
 20
-72028.43770519628
 10
89279.9083351832
 20
-72028.43770519628
 10
89279.9083351832
 20
-69828.16270519628
 10
88635.3833351832
 20
-69828.16270519628
 10
88635.3833351832
 20
-72672.96270519628
  0
TEXT
  5
81C
330
17
100
AcDbEntity
  8
NUMBERS
100
AcDbText
 10
88723.0846974854
 20
-71384.34675956075
 30
0.0
 40
80.0
  1
E卫生间-241
 72
     1
 11
88996.41803081873
 21
-71344.34675956075
 31
0.0
100
AcDbText
 73
     2
  0
LWPOLYLINE
  5
81D
330
17
100
AcDbEntity
  8
OUTER
100
AcDbPolyline
 90
        7
 70
     0
 43
0.0
 10
93842.06999290976
 20
-72672.96270519628
 10
94751.70749290974
 20
-72672.96270519628
 10
94751.70749290974
 20
-72028.43770519628
 10
94486.59499290974
 20
-72028.43770519628
 10
94486.59499290974
 20
-69828.16270519628
 10
93842.06999290976
 20
-69828.16270519628
 10
93842.06999290976
 20
-72672.96270519628
  0
TEXT
  5
81E
330
17
100
AcDbEntity
  8
NUMBERS
100
AcDbText
 10
93916.43802187857
 20
-71384.34675956074
 30
0.0
 40
80.0
  1
E卫生间-242
 72
     1
 11
94203.10468854523
 21
-71344.34675956073
 31
0.0
100
AcDbText
 73
     2
  0
LWPOLYLINE
  5
81F
330
17
100
AcDbEntity
  8
OUTER
100
AcDbPolyline
 90
        7
 70
     0
 43
0.0
 10
99181.69311956953
 20
-72672.96270519628
 10
100091.3306195695
 20
-72672.96270519628
 10
100091.3306195695
 20
-72028.43770519628
 10
99826.21811956953
 20
-72028.43770519628
 10
99826.21811956953
 20
-69828.16270519628
 10
99181.69311956953
 20
-69828.16270519628
 10
99181.69311956953
 20
-72672.96270519628
  0
TEXT
  5
820
330
17
100
AcDbEntity
  8
NUMBERS
100
AcDbText
 10
99256.06114853838
 20
-71384.34675956075
 30
0.0
 40
80.0
  1
E卫生间-243
 72
     1
 11
99542.72781520506
 21
-71344.34675956075
 31
0.0
100
AcDbText
 73
     2
  0
LWPOLYLINE
  5
821
330
17
100
AcDbEntity
  8
OUTER
100
AcDbPolyline
 90
        5
 70
     0
 43
0.0
 10
107121.9406148127
 20
-72570.87904584095
 10
107579.1406148127
 20
-72570.87904584095
 10
107579.1406148127
 20
-71926.35404584097
 10
107121.9406148127
 20
-71926.35404584097
 10
107121.9406148127
 20
-72570.87904584095
  0
TEXT
  5
822
330
17
100
AcDbEntity
  8
NUMBERS
100
AcDbText
 10
107066.1135314793
 20
-72288.30404584095
 30
0.0
 40
79.3749999999995
  1
E卫生间-244
 72
     1
 11
107350.5406148127
 21
-72248.61654584096
 31
0.0
100
AcDbText
 73
     2
  0
LWPOLYLINE
  5
823
330
17
100
AcDbEntity
  8
OUTER
100
AcDbPolyline
 90
        5
 70
     0
 43
0.0
 10
111377.8422888092
 20
-72570.87904584095
 10
111835.0422888092
 20
-72570.87904584095
 10
111835.0422888092
 20
-71926.35404584097
 10
111377.8422888092
 20
-71926.35404584097
 10
111377.8422888092
 20
-72570.87904584095
  0
TEXT
  5
824
330
17
100
AcDbEntity
  8
NUMBERS
100
AcDbText
 10
111322.0152054759
 20
-72288.30404584095
 30
0.0
 40
79.3749999999995
  1
E卫生间-245
 72
     1
 11
111606.4422888092
 21
-72248.61654584096
 31
0.0
100
AcDbText
 73
     2
  0
LWPOLYLINE
  5
825
330
17
100
AcDbEntity
  8
OUTER
100
AcDbPolyline
 90
        5
 70
     0
 43
0.0
 10
116466.285466657
 20
-72572.12873033513
 10
116923.485466657
 20
-72572.12873033513
 10
116923.485466657
 20
-71927.60373033513
 10
116466.285466657
 20
-71927.60373033513
 10
116466.285466657
 20
-72572.12873033513
  0
TEXT
  5
826
330
17
100
AcDbEntity
  8
NUMBERS
100
AcDbText
 10
116410.4583833236
 20
-72289.55373033513
 30
0.0
 40
79.3749999999995
  1
E卫生间-246
 72
     1
 11
116694.885466657
 21
-72249.86623033513
 31
0.0
100
AcDbText
 73
     2
  0
LWPOLYLINE
  5
827
330
17
100
AcDbEntity
  8
OUTER
100
AcDbPolyline
 90
        5
 70
     0
 43
0.0
 10
121030.444821476
 20
-72538.79595036378
 10
121487.644821476
 20
-72538.79595036378
 10
121487.644821476
 20
-71894.2709503638
 10
121030.444821476
 20
-71894.2709503638
 10
121030.444821476
 20
-72538.79595036378
  0
TEXT
  5
828
330
17
100
AcDbEntity
  8
NUMBERS
100
AcDbText
 10
120974.6177381427
 20
-72256.22095036379
 30
0.0
 40
79.3749999999995
  1
E卫生间-247
 72
     1
 11
121259.044821476
 21
-72216.53345036378
 31
0.0
100
AcDbText
 73
     2
  0
LWPOLYLINE
  5
829
330
17
100
AcDbEntity
  8
OUTER
100
AcDbPolyline
 90
        5
 70
     0
 43
0.0
 10
126237.1314792025
 20
-72538.79595036378
 10
126694.3314792025
 20
-72538.79595036378
 10
126694.3314792025
 20
-71894.2709503638
 10
126237.1314792025
 20
-71894.2709503638
 10
126237.1314792025
 20
-72538.79595036378
  0
TEXT
  5
82A
330
17
100
AcDbEntity
  8
NUMBERS
100
AcDbText
 10
126181.3043958692
 20
-72256.22095036379
 30
0.0
 40
79.37500000000202
  1
E卫生间-248
 72
     1
 11
126465.7314792025
 21
-72216.53345036378
 31
0.0
100
AcDbText
 73
     2
  0
LWPOLYLINE
  5
82B
330
17
100
AcDbEntity
  8
OUTER
100
AcDbPolyline
 90
        5
 70
     0
 43
0.0
 10
131576.7546058622
 20
-72538.79595036378
 10
132033.9546058623
 20
-72538.79595036378
 10
132033.9546058623
 20
-71894.2709503638
 10
131576.7546058622
 20
-71894.2709503638
 10
131576.7546058622
 20
-72538.79595036378
  0
TEXT
  5
82C
330
17
100
AcDbEntity
  8
NUMBERS
100
AcDbText
 10
131520.9275225288
 20
-72256.2209503638
 30
0.0
 40
79.37500000001718
  1
E卫生间-249
 72
     1
 11
131805.3546058622
 21
-72216.53345036378
 31
0.0
100
AcDbText
 73
     2
  0
LWPOLYLINE
  5
82D
330
17
100
AcDbEntity
  8
OUTER
100
AcDbPolyline
 90
        5
 70
     0
 43
0.0
 10
46031.13003731369
 20
-72683.2153682329
 10
46488.33003731367
 20
-72683.2153682329
 10
46488.33003731367
 20
-72038.6903682329
 10
46031.13003731369
 20
-72038.6903682329
 10
46031.13003731369
 20
-72683.2153682329
  0
TEXT
  5
82E
330
17
100
AcDbEntity
  8
NUMBERS
100
AcDbText
 10
45981.91753731368
 20
-72400.64036823289
 30
0.0
 40
79.37499999999824
  1
E卫生间-250
 72
     1
 11
46259.73003731368
 21
-72360.9528682329
 31
0.0
100
AcDbText
 73
     2
  0
LWPOLYLINE
  5
82F
330
17
100
AcDbEntity
  8
OUTER
100
AcDbPolyline
 90
        5
 70
     0
 43
0.0
 10
50287.03171131018
 20
-72683.2153682329
 10
50744.23171131019
 20
-72683.2153682329
 10
50744.23171131019
 20
-72038.6903682329
 10
50287.03171131018
 20
-72038.6903682329
 10
50287.03171131018
 20
-72683.2153682329
  0
TEXT
  5
830
330
17
100
AcDbEntity
  8
NUMBERS
100
AcDbText
 10
50244.43379464352
 20
-72400.64036823289
 30
0.0
 40
79.3749999999995
  1
E卫生间-251
 72
     1
 11
50515.63171131018
 21
-72360.9528682329
 31
0.0
100
AcDbText
 73
     2
  0
LWPOLYLINE
  5
831
330
17
100
AcDbEntity
  8
OUTER
100
AcDbPolyline
 90
        5
 70
     0
 43
0.0
 10
55375.47488915795
 20
-72684.46505272707
 10
55832.67488915796
 20
-72684.46505272707
 10
55832.67488915796
 20
-72039.94005272708
 10
55375.47488915795
 20
-72039.94005272708
 10
55375.47488915795
 20
-72684.46505272707
  0
TEXT
  5
832
330
17
100
AcDbEntity
  8
NUMBERS
100
AcDbText
 10
55319.64780582463
 20
-72401.89005272707
 30
0.0
 40
79.37500000000077
  1
E卫生间-252
 72
     1
 11
55604.07488915797
 21
-72362.20255272708
 31
0.0
100
AcDbText
 73
     2
  0
LWPOLYLINE
  5
833
330
17
100
AcDbEntity
  8
OUTER
100
AcDbPolyline
 90
        5
 70
     0
 43
0.0
 10
59939.63424397695
 20
-72651.13227275574
 10
60396.83424397694
 20
-72651.13227275574
 10
60396.83424397694
 20
-72006.60727275572
 10
59939.63424397695
 20
-72006.60727275572
 10
59939.63424397695
 20
-72651.13227275574
  0
TEXT
  5
834
330
17
100
AcDbEntity
  8
NUMBERS
100
AcDbText
 10
59883.80716064362
 20
-72368.55727275575
 30
0.0
 40
79.37499999999824
  1
E卫生间-253
 72
     1
 11
60168.23424397696
 21
-72328.86977275574
 31
0.0
100
AcDbText
 73
     2
  0
LWPOLYLINE
  5
835
330
17
100
AcDbEntity
  8
OUTER
100
AcDbPolyline
 90
        5
 70
     0
 43
0.0
 10
65146.32090170347
 20
-72651.13227275574
 10
65603.52090170348
 20
-72651.13227275574
 10
65603.52090170348
 20
-72006.60727275572
 10
65146.32090170347
 20
-72006.60727275572
 10
65146.32090170347
 20
-72651.13227275574
  0
TEXT
  5
836
330
17
100
AcDbEntity
  8
NUMBERS
100
AcDbText
 10
65090.49381837014
 20
-72368.55727275571
 30
0.0
 40
79.3749999999995
  1
E卫生间-254
 72
     1
 11
65374.92090170347
 21
-72328.86977275572
 31
0.0
100
AcDbText
 73
     2
  0
LWPOLYLINE
  5
837
330
17
100
AcDbEntity
  8
OUTER
100
AcDbPolyline
 90
        5
 70
     0
 43
0.0
 10
70485.94402836324
 20
-72651.13227275574
 10
70943.14402836325
 20
-72651.13227275574
 10
70943.14402836325
 20
-72006.60727275572
 10
70485.94402836324
 20
-72006.60727275572
 10
70485.94402836324
 20
-72651.13227275574
  0
TEXT
  5
838
330
17
100
AcDbEntity
  8
NUMBERS
100
AcDbText
 10
70430.11694502991
 20
-72368.55727275575
 30
0.0
 40
79.37500000000202
  1
E卫生间-255
 72
     1
 11
70714.54402836325
 21
-72328.86977275574
 31
0.0
100
AcDbText
 73
     2
  0
LWPOLYLINE
  5
839
330
17
100
AcDbEntity
  8
OUTER
100
AcDbPolyline
 90
        5
 70
     0
 43
0.0
 10
76373.21860337576
 20
-72706.2954851676
 10
76830.41860337576
 20
-72706.2954851676
 10
76830.41860337576
 20
-72061.77048516762
 10
76373.21860337576
 20
-72061.77048516762
 10
76373.21860337576
 20
-72706.2954851676
  0
TEXT
  5
83A
330
17
100
AcDbEntity
  8
NUMBERS
100
AcDbText
 10
76317.39152004242
 20
-72423.72048516759
 30
0.0
 40
79.3749999999995
  1
E卫生间-256
 72
     1
 11
76601.81860337575
 21
-72384.03298516759
 31
0.0
100
AcDbText
 73
     2
  0
LWPOLYLINE
  5
83B
330
17
100
AcDbEntity
  8
OUTER
100
AcDbPolyline
 90
        5
 70
     0
 43
0.0
 10
80629.12027737226
 20
-72706.2954851676
 10
81086.32027737224
 20
-72706.2954851676
 10
81086.32027737224
 20
-72061.77048516762
 10
80629.12027737226
 20
-72061.77048516762
 10
80629.12027737226
 20
-72706.2954851676
  0
TEXT
  5
83C
330
17
100
AcDbEntity
  8
NUMBERS
100
AcDbText
 10
80573.29319403892
 20
-72423.72048516759
 30
0.0
 40
79.37499999999698
  1
E卫生间-257
 72
     1
 11
80857.72027737226
 21
-72384.03298516759
 31
0.0
100
AcDbText
 73
     2
  0
LWPOLYLINE
  5
83D
330
17
100
AcDbEntity
  8
OUTER
100
AcDbPolyline
 90
        5
 70
     0
 43
0.0
 10
85717.56345522004
 20
-72707.54516966178
 10
86174.76345522003
 20
-72707.54516966178
 10
86174.76345522003
 20
-72063.02016966179
 10
85717.56345522004
 20
-72063.02016966179
 10
85717.56345522004
 20
-72707.54516966178
  0
TEXT
  5
83E
330
17
100
AcDbEntity
  8
NUMBERS
100
AcDbText
 10
85661.7363718867
 20
-72424.97016966177
 30
0.0
 40
79.3749999999995
  1
E卫生间-258
 72
     1
 11
85946.16345522002
 21
-72385.28266966177
 31
0.0
100
AcDbText
 73
     2
  0
LWPOLYLINE
  5
83F
330
17
100
AcDbEntity
  8
OUTER
100
AcDbPolyline
 90
        5
 70
     0
 43
0.0
 10
90281.72281003902
 20
-72674.21238969048
 10
90738.92281003899
 20
-72674.21238969048
 10
90738.92281003899
 20
-72029.68738969046
 10
90281.72281003902
 20
-72029.68738969046
 10
90281.72281003902
 20
-72674.21238969048
  0
TEXT
  5
840
330
17
100
AcDbEntity
  8
NUMBERS
100
AcDbText
 10
90225.89572670572
 20
-72391.63738969049
 30
0.0
 40
79.37499999999698
  1
E卫生间-259
 72
     1
 11
90510.32281003903
 21
-72351.94988969048
 31
0.0
100
AcDbText
 73
     2
  0
LWPOLYLINE
  5
841
330
17
100
AcDbEntity
  8
OUTER
100
AcDbPolyline
 90
        5
 70
     0
 43
0.0
 10
95488.40946776557
 20
-72674.21238969048
 10
95945.60946776557
 20
-72674.21238969048
 10
95945.60946776557
 20
-72029.68738969046
 10
95488.40946776557
 20
-72029.68738969046
 10
95488.40946776557
 20
-72674.21238969048
  0
TEXT
  5
842
330
17
100
AcDbEntity
  8
NUMBERS
100
AcDbText
 10
95439.19696776558
 20
-72391.63738969049
 30
0.0
 40
79.37499999999698
  1
E卫生间-260
 72
     1
 11
95717.00946776557
 21
-72351.94988969048
 31
0.0
100
AcDbText
 73
     2
  0
LWPOLYLINE
  5
843
330
17
100
AcDbEntity
  8
OUTER
100
AcDbPolyline
 90
        5
 70
     0
 43
0.0
 10
100828.0325944253
 20
-72674.21238969048
 10
101285.2325944253
 20
-72674.21238969048
 10
101285.2325944253
 20
-72029.68738969046
 10
100828.0325944253
 20
-72029.68738969046
 10
100828.0325944253
 20
-72674.21238969048
  0
TEXT
  5
844
330
17
100
AcDbEntity
  8
NUMBERS
100
AcDbText
 10
100785.4346777586
 20
-72391.63738969049
 30
0.0
 40
79.3749999999995
  1
E卫生间-261
 72
     1
 11
101056.6325944252
 21
-72351.94988969048
 31
0.0
100
AcDbText
 73
     2
  0
LWPOLYLINE
  5
845
330
17
100
AcDbEntity
  8
OUTER
100
AcDbPolyline
 90
        5
 70
     0
 43
0.0
 10
106866.1734031518
 20
-69259.15574603324
 10
108117.1234031518
 20
-69259.15574603324
 10
108117.1234031518
 20
-69157.55574603322
 10
106866.1734031518
 20
-69157.55574603322
 10
106866.1734031518
 20
-69259.15574603324
  0
TEXT
  5
846
330
17
100
AcDbEntity
  8
NUMBERS
100
AcDbText
 10
107419.1484031518
 20
-69223.35574603322
 30
0.0
 40
30.0
  1
E厨房-01
 72
     1
 11
107491.6484031518
 21
-69208.35574603322
 31
0.0
100
AcDbText
 73
     2
  0
LWPOLYLINE
  5
847
330
17
100
AcDbEntity
  8
OUTER
100
AcDbPolyline
 90
        5
 70
     0
 43
0.0
 10
111122.0750771483
 20
-69259.15574603324
 10
112373.0250771483
 20
-69259.15574603324
 10
112373.0250771483
 20
-69157.55574603322
 10
111122.0750771483
 20
-69157.55574603322
 10
111122.0750771483
 20
-69259.15574603324
  0
TEXT
  5
848
330
17
100
AcDbEntity
  8
NUMBERS
100
AcDbText
 10
111670.0500771483
 20
-69223.35574603322
 30
0.0
 40
30.0
  1
E厨房-02
 72
     1
 11
111747.5500771483
 21
-69208.35574603322
 31
0.0
100
AcDbText
 73
     2
  0
LWPOLYLINE
  5
849
330
17
100
AcDbEntity
  8
OUTER
100
AcDbPolyline
 90
        5
 70
     0
 43
0.0
 10
116210.518254996
 20
-69260.4054305274
 10
117461.468254996
 20
-69260.4054305274
 10
117461.468254996
 20
-69158.80543052741
 10
116210.518254996
 20
-69158.80543052741
 10
116210.518254996
 20
-69260.4054305274
  0
TEXT
  5
84A
330
17
100
AcDbEntity
  8
NUMBERS
100
AcDbText
 10
116758.493254996
 20
-69224.60543052741
 30
0.0
 40
30.0
  1
E厨房-03
 72
     1
 11
116835.993254996
 21
-69209.60543052742
 31
0.0
100
AcDbText
 73
     2
  0
LWPOLYLINE
  5
84B
330
17
100
AcDbEntity
  8
OUTER
100
AcDbPolyline
 90
        5
 70
     0
 43
0.0
 10
120774.677609815
 20
-69227.07265055609
 10
122025.627609815
 20
-69227.07265055609
 10
122025.627609815
 20
-69125.47265055606
 10
120774.677609815
 20
-69125.47265055606
 10
120774.677609815
 20
-69227.07265055609
  0
TEXT
  5
84C
330
17
100
AcDbEntity
  8
NUMBERS
100
AcDbText
 10
121322.652609815
 20
-69191.27265055609
 30
0.0
 40
30.0
  1
E厨房-04
 72
     1
 11
121400.152609815
 21
-69176.27265055608
 31
0.0
100
AcDbText
 73
     2
  0
LWPOLYLINE
  5
84D
330
17
100
AcDbEntity
  8
OUTER
100
AcDbPolyline
 90
        5
 70
     0
 43
0.0
 10
125981.3642675416
 20
-69227.07265055609
 10
127232.3142675416
 20
-69227.07265055609
 10
127232.3142675416
 20
-69125.47265055606
 10
125981.3642675416
 20
-69125.47265055606
 10
125981.3642675416
 20
-69227.07265055609
  0
TEXT
  5
84E
330
17
100
AcDbEntity
  8
NUMBERS
100
AcDbText
 10
126529.3392675416
 20
-69191.27265055609
 30
0.0
 40
30.0
  1
E厨房-05
 72
     1
 11
126606.8392675416
 21
-69176.27265055608
 31
0.0
100
AcDbText
 73
     2
  0
LWPOLYLINE
  5
84F
330
17
100
AcDbEntity
  8
OUTER
100
AcDbPolyline
 90
        5
 70
     0
 43
0.0
 10
131320.9873942013
 20
-69227.07265055609
 10
132571.9373942013
 20
-69227.07265055609
 10
132571.9373942013
 20
-69125.47265055606
 10
131320.9873942013
 20
-69125.47265055606
 10
131320.9873942013
 20
-69227.07265055609
  0
TEXT
  5
850
330
17
100
AcDbEntity
  8
NUMBERS
100
AcDbText
 10
131868.9623942013
 20
-69191.27265055609
 30
0.0
 40
30.0
  1
E厨房-06
 72
     1
 11
131946.4623942013
 21
-69176.27265055608
 31
0.0
100
AcDbText
 73
     2
  0
LWPOLYLINE
  5
851
330
17
100
AcDbEntity
  8
OUTER
100
AcDbPolyline
 90
        5
 70
     0
 43
0.0
 10
45775.36282565277
 20
-69371.49206842517
 10
47026.31282565277
 20
-69371.49206842517
 10
47026.31282565277
 20
-69269.89206842518
 10
45775.36282565277
 20
-69269.89206842518
 10
45775.36282565277
 20
-69371.49206842517
  0
TEXT
  5
852
330
17
100
AcDbEntity
  8
NUMBERS
100
AcDbText
 10
46323.33782565277
 20
-69335.69206842518
 30
0.0
 40
30.0
  1
E厨房-07
 72
     1
 11
46400.83782565277
 21
-69320.69206842518
 31
0.0
100
AcDbText
 73
     2
  0
LWPOLYLINE
  5
853
330
17
100
AcDbEntity
  8
OUTER
100
AcDbPolyline
 90
        5
 70
     0
 43
0.0
 10
50031.26449964926
 20
-69371.49206842517
 10
51282.21449964926
 20
-69371.49206842517
 10
51282.21449964926
 20
-69269.89206842518
 10
50031.26449964926
 20
-69269.89206842518
 10
50031.26449964926
 20
-69371.49206842517
  0
TEXT
  5
854
330
17
100
AcDbEntity
  8
NUMBERS
100
AcDbText
 10
50579.23949964926
 20
-69335.69206842518
 30
0.0
 40
30.0
  1
E厨房-08
 72
     1
 11
50656.73949964926
 21
-69320.69206842518
 31
0.0
100
AcDbText
 73
     2
  0
LWPOLYLINE
  5
855
330
17
100
AcDbEntity
  8
OUTER
100
AcDbPolyline
 90
        5
 70
     0
 43
0.0
 10
55119.70767749705
 20
-69372.74175291936
 10
56370.65767749704
 20
-69372.74175291936
 10
56370.65767749704
 20
-69271.14175291937
 10
55119.70767749705
 20
-69271.14175291937
 10
55119.70767749705
 20
-69372.74175291936
  0
TEXT
  5
856
330
17
100
AcDbEntity
  8
NUMBERS
100
AcDbText
 10
55667.68267749705
 20
-69336.94175291936
 30
0.0
 40
30.0
  1
E厨房-09
 72
     1
 11
55745.18267749705
 21
-69321.94175291936
 31
0.0
100
AcDbText
 73
     2
  0
LWPOLYLINE
  5
857
330
17
100
AcDbEntity
  8
OUTER
100
AcDbPolyline
 90
        5
 70
     0
 43
0.0
 10
59683.86703231602
 20
-69339.40897294803
 10
60934.81703231602
 20
-69339.40897294803
 10
60934.81703231602
 20
-69237.80897294802
 10
59683.86703231602
 20
-69237.80897294802
 10
59683.86703231602
 20
-69339.40897294803
  0
TEXT
  5
858
330
17
100
AcDbEntity
  8
NUMBERS
100
AcDbText
 10
60236.84203231602
 20
-69303.60897294803
 30
0.0
 40
30.0
  1
E厨房-10
 72
     1
 11
60309.34203231602
 21
-69288.60897294803
 31
0.0
100
AcDbText
 73
     2
  0
LWPOLYLINE
  5
859
330
17
100
AcDbEntity
  8
OUTER
100
AcDbPolyline
 90
        5
 70
     0
 43
0.0
 10
64890.55369004256
 20
-69339.40897294803
 10
66141.50369004256
 20
-69339.40897294803
 10
66141.50369004256
 20
-69237.80897294802
 10
64890.55369004256
 20
-69237.80897294802
 10
64890.55369004256
 20
-69339.40897294803
  0
TEXT
  5
85A
330
17
100
AcDbEntity
  8
NUMBERS
100
AcDbText
 10
65446.02869004256
 20
-69303.60897294803
 30
0.0
 40
30.0
  1
E厨房-11
 72
     1
 11
65516.02869004256
 21
-69288.60897294803
 31
0.0
100
AcDbText
 73
     2
  0
LWPOLYLINE
  5
85B
330
17
100
AcDbEntity
  8
OUTER
100
AcDbPolyline
 90
        5
 70
     0
 43
0.0
 10
70230.17681670234
 20
-69339.40897294803
 10
71481.12681670234
 20
-69339.40897294803
 10
71481.12681670234
 20
-69237.80897294802
 10
70230.17681670234
 20
-69237.80897294802
 10
70230.17681670234
 20
-69339.40897294803
  0
TEXT
  5
85C
330
17
100
AcDbEntity
  8
NUMBERS
100
AcDbText
 10
70780.65181670236
 20
-69303.60897294803
 30
0.0
 40
30.0
  1
E厨房-12
 72
     1
 11
70855.65181670236
 21
-69288.60897294803
 31
0.0
100
AcDbText
 73
     2
  0
LWPOLYLINE
  5
85D
330
17
100
AcDbEntity
  8
OUTER
100
AcDbPolyline
 90
        5
 70
     0
 43
0.0
 10
76117.45139171483
 20
-69394.5721853599
 10
77368.40139171484
 20
-69394.5721853599
 10
77368.40139171484
 20
-69292.97218535989
 10
76117.45139171483
 20
-69292.97218535989
 10
76117.45139171483
 20
-69394.5721853599
  0
TEXT
  5
85E
330
17
100
AcDbEntity
  8
NUMBERS
100
AcDbText
 10
76667.92639171482
 20
-69358.77218535988
 30
0.0
 40
30.0
  1
E厨房-13
 72
     1
 11
76742.92639171482
 21
-69343.77218535987
 31
0.0
100
AcDbText
 73
     2
  0
LWPOLYLINE
  5
85F
330
17
100
AcDbEntity
  8
OUTER
100
AcDbPolyline
 90
        5
 70
     0
 43
0.0
 10
80373.35306571135
 20
-69394.5721853599
 10
81624.30306571136
 20
-69394.5721853599
 10
81624.30306571136
 20
-69292.97218535989
 10
80373.35306571135
 20
-69292.97218535989
 10
80373.35306571135
 20
-69394.5721853599
  0
TEXT
  5
860
330
17
100
AcDbEntity
  8
NUMBERS
100
AcDbText
 10
80923.82806571135
 20
-69358.7721853599
 30
0.0
 40
30.0
  1
E厨房-14
 72
     1
 11
80998.82806571136
 21
-69343.7721853599
 31
0.0
100
AcDbText
 73
     2
  0
LWPOLYLINE
  5
861
330
17
100
AcDbEntity
  8
OUTER
100
AcDbPolyline
 90
        5
 70
     0
 43
0.0
 10
85461.79624355911
 20
-69395.82186985407
 10
86712.74624355911
 20
-69395.82186985407
 10
86712.74624355911
 20
-69294.22186985407
 10
85461.79624355911
 20
-69294.22186985407
 10
85461.79624355911
 20
-69395.82186985407
  0
TEXT
  5
862
330
17
100
AcDbEntity
  8
NUMBERS
100
AcDbText
 10
86012.27124355911
 20
-69360.02186985406
 30
0.0
 40
30.0
  1
E厨房-15
 72
     1
 11
86087.2712435591
 21
-69345.02186985407
 31
0.0
100
AcDbText
 73
     2
  0
LWPOLYLINE
  5
863
330
17
100
AcDbEntity
  8
OUTER
100
AcDbPolyline
 90
        5
 70
     0
 43
0.0
 10
90025.95559837811
 20
-69362.48908988273
 10
91276.90559837812
 20
-69362.48908988273
 10
91276.90559837812
 20
-69260.88908988274
 10
90025.95559837811
 20
-69260.88908988274
 10
90025.95559837811
 20
-69362.48908988273
  0
TEXT
  5
864
330
17
100
AcDbEntity
  8
NUMBERS
100
AcDbText
 10
90576.43059837813
 20
-69326.68908988274
 30
0.0
 40
30.0
  1
E厨房-16
 72
     1
 11
90651.43059837811
 21
-69311.68908988274
 31
0.0
100
AcDbText
 73
     2
  0
LWPOLYLINE
  5
865
330
17
100
AcDbEntity
  8
OUTER
100
AcDbPolyline
 90
        5
 70
     0
 43
0.0
 10
95232.64225610464
 20
-69362.48908988273
 10
96483.59225610462
 20
-69362.48908988273
 10
96483.59225610462
 20
-69260.88908988274
 10
95232.64225610464
 20
-69260.88908988274
 10
95232.64225610464
 20
-69362.48908988273
  0
TEXT
  5
866
330
17
100
AcDbEntity
  8
NUMBERS
100
AcDbText
 10
95783.11725610461
 20
-69326.68908988274
 30
0.0
 40
30.0
  1
E厨房-17
 72
     1
 11
95858.11725610462
 21
-69311.68908988274
 31
0.0
100
AcDbText
 73
     2
  0
LWPOLYLINE
  5
867
330
17
100
AcDbEntity
  8
OUTER
100
AcDbPolyline
 90
        5
 70
     0
 43
0.0
 10
100572.2653827644
 20
-69362.48908988273
 10
101823.2153827644
 20
-69362.48908988273
 10
101823.2153827644
 20
-69260.88908988274
 10
100572.2653827644
 20
-69260.88908988274
 10
100572.2653827644
 20
-69362.48908988273
  0
TEXT
  5
868
330
17
100
AcDbEntity
  8
NUMBERS
100
AcDbText
 10
101122.7403827644
 20
-69326.68908988274
 30
0.0
 40
30.0
  1
E厨房-18
 72
     1
 11
101197.7403827644
 21
-69311.68908988274
 31
0.0
100
AcDbText
 73
     2
  0
LWPOLYLINE
  5
869
330
17
100
AcDbEntity
  8
OUTER
100
AcDbPolyline
 90
        5
 70
     0
 43
0.0
 10
47245.98408676211
 20
-70173.98954819926
 10
47347.58408676211
 20
-70173.98954819926
 10
47347.58408676211
 20
-69585.02704819927
 10
47245.98408676211
 20
-69585.02704819927
 10
47245.98408676211
 20
-70173.98954819926
  0
TEXT
  5
86A
330
17
100
AcDbEntity
  8
NUMBERS
100
AcDbText
 10
47237.9877904658
 20
-69891.26755745852
 30
0.0
 40
23.51851851851818
  1
E厨房-19
 72
     1
 11
47296.7840867621
 21
-69879.50829819926
 31
0.0
100
AcDbText
 73
     2
  0
LWPOLYLINE
  5
86B
330
17
100
AcDbEntity
  8
OUTER
100
AcDbPolyline
 90
        5
 70
     0
 43
0.0
 10
56590.32893860637
 20
-70175.23923269344
 10
56691.92893860637
 20
-70175.23923269344
 10
56691.92893860637
 20
-69586.27673269344
 10
56590.32893860637
 20
-69586.27673269344
 10
56590.32893860637
 20
-70175.23923269344
  0
TEXT
  5
86C
330
17
100
AcDbEntity
  8
NUMBERS
100
AcDbText
 10
56580.37276576687
 20
-69892.51724195269
 30
0.0
 40
23.51851851851987
  1
E厨房-20
 72
     1
 11
56641.12893860638
 21
-69880.75798269344
 31
0.0
100
AcDbText
 73
     2
  0
LWPOLYLINE
  5
86D
330
17
100
AcDbEntity
  8
OUTER
100
AcDbPolyline
 90
        5
 70
     0
 43
0.0
 10
77588.07265282418
 20
-70197.06966513397
 10
77689.67265282419
 20
-70197.06966513397
 10
77689.67265282419
 20
-69608.10716513397
 10
77588.07265282418
 20
-69608.10716513397
 10
77588.07265282418
 20
-70197.06966513397
  0
TEXT
  5
86E
330
17
100
AcDbEntity
  8
NUMBERS
100
AcDbText
 10
77580.07635652788
 20
-69914.34767439322
 30
0.0
 40
23.51851851851987
  1
E厨房-21
 72
     1
 11
77638.87265282418
 21
-69902.58841513397
 31
0.0
100
AcDbText
 73
     2
  0
LWPOLYLINE
  5
86F
330
17
100
AcDbEntity
  8
OUTER
100
AcDbPolyline
 90
        5
 70
     0
 43
0.0
 10
86932.41750466846
 20
-70198.31934962816
 10
87034.01750466847
 20
-70198.31934962816
 10
87034.01750466847
 20
-69609.35684962815
 10
86932.41750466846
 20
-69609.35684962815
 10
86932.41750466846
 20
-70198.31934962816
  0
TEXT
  5
870
330
17
100
AcDbEntity
  8
NUMBERS
100
AcDbText
 10
86920.50145528575
 20
-69915.5973588874
 30
0.0
 40
23.51851851852324
  1
E厨房-22
 72
     1
 11
86983.21750466847
 21
-69903.83809962815
 31
0.0
100
AcDbText
 73
     2
  0
LWPOLYLINE
  5
871
330
17
100
AcDbEntity
  8
OUTER
100
AcDbPolyline
 90
        5
 70
     0
 43
0.0
 10
108336.7946642611
 20
-70061.65322580731
 10
108438.3946642611
 20
-70061.65322580731
 10
108438.3946642611
 20
-69472.69072580732
 10
108336.7946642611
 20
-69472.69072580732
 10
108336.7946642611
 20
-70061.65322580731
  0
TEXT
  5
872
330
17
100
AcDbEntity
  8
NUMBERS
100
AcDbText
 10
108324.8786148784
 20
-69778.93123506659
 30
0.0
 40
23.5185185185165
  1
E厨房-23
 72
     1
 11
108387.5946642611
 21
-69767.17197580732
 31
0.0
100
AcDbText
 73
     2
  0
LWPOLYLINE
  5
873
330
17
100
AcDbEntity
  8
OUTER
100
AcDbPolyline
 90
        5
 70
     0
 43
0.0
 10
117681.1395161054
 20
-70062.90291030149
 10
117782.7395161054
 20
-70062.90291030149
 10
117782.7395161054
 20
-69473.9404103015
 10
117681.1395161054
 20
-69473.9404103015
 10
117681.1395161054
 20
-70062.90291030149
  0
TEXT
  5
874
330
17
100
AcDbEntity
  8
NUMBERS
100
AcDbText
 10
117669.2234667227
 20
-69780.18091956077
 30
0.0
 40
23.51851851851987
  1
E厨房-24
 72
     1
 11
117731.9395161054
 21
-69768.4216603015
 31
0.0
100
AcDbText
 73
     2
  0
LWPOLYLINE
  5
875
330
17
100
AcDbEntity
  8
OUTER
100
AcDbPolyline
 90
        5
 70
     0
 43
0.0
 10
47996.08146933215
 20
-83878.83554662133
 10
48789.83146933213
 20
-83878.83554662133
 10
48789.83146933213
 20
-83777.23554662134
 10
47996.08146933215
 20
-83777.23554662134
 10
47996.08146933215
 20
-83878.83554662133
  0
TEXT
  5
876
330
17
100
AcDbEntity
  8
NUMBERS
100
AcDbText
 10
48297.95646933215
 20
-83843.03554662132
 30
0.0
 40
30.0
  1
F1卫生间-01
 72
     1
 11
48392.95646933215
 21
-83828.03554662132
 31
0.0
100
AcDbText
 73
     2
  0
LWPOLYLINE
  5
877
330
17
100
AcDbEntity
  8
OUTER
100
AcDbPolyline
 90
        5
 70
     0
 43
0.0
 10
53780.7661000579
 20
-83879.20296510371
 10
54574.51610005791
 20
-83879.20296510371
 10
54574.51610005791
 20
-83777.60296510372
 10
53780.7661000579
 20
-83777.60296510372
 10
53780.7661000579
 20
-83879.20296510371
  0
TEXT
  5
878
330
17
100
AcDbEntity
  8
NUMBERS
100
AcDbText
 10
54077.64110005791
 20
-83843.40296510371
 30
0.0
 40
30.0
  1
F1卫生间-02
 72
     1
 11
54177.64110005791
 21
-83828.40296510371
 31
0.0
100
AcDbText
 73
     2
  0
LWPOLYLINE
  5
879
330
17
100
AcDbEntity
  8
OUTER
100
AcDbPolyline
 90
        5
 70
     0
 43
0.0
 10
59159.1647187529
 20
-83879.20296510371
 10
59952.91471875287
 20
-83879.20296510371
 10
59952.91471875287
 20
-83777.60296510372
 10
59159.1647187529
 20
-83777.60296510372
 10
59159.1647187529
 20
-83879.20296510371
  0
TEXT
  5
87A
330
17
100
AcDbEntity
  8
NUMBERS
100
AcDbText
 10
59456.03971875287
 20
-83843.40296510373
 30
0.0
 40
30.0
  1
F1卫生间-03
 72
     1
 11
59556.03971875287
 21
-83828.40296510373
 31
0.0
100
AcDbText
 73
     2
  0
LWPOLYLINE
  5
87B
330
17
100
AcDbEntity
  8
OUTER
100
AcDbPolyline
 90
        5
 70
     0
 43
0.0
 10
66109.51811327999
 20
-83879.20296510371
 10
66903.26811327999
 20
-83879.20296510371
 10
66903.26811327999
 20
-83777.60296510372
 10
66109.51811327999
 20
-83777.60296510372
 10
66109.51811327999
 20
-83879.20296510371
  0
TEXT
  5
87C
330
17
100
AcDbEntity
  8
NUMBERS
100
AcDbText
 10
66406.39311327999
 20
-83843.40296510371
 30
0.0
 40
30.0
  1
F1卫生间-04
 72
     1
 11
66506.39311327999
 21
-83828.40296510371
 31
0.0
100
AcDbText
 73
     2
  0
LWPOLYLINE
  5
87D
330
17
100
AcDbEntity
  8
OUTER
100
AcDbPolyline
 90
        5
 70
     0
 43
0.0
 10
73546.75189268302
 20
-83879.20296510371
 10
74340.50189268302
 20
-83879.20296510371
 10
74340.50189268302
 20
-83777.60296510372
 10
73546.75189268302
 20
-83777.60296510372
 10
73546.75189268302
 20
-83879.20296510371
  0
TEXT
  5
87E
330
17
100
AcDbEntity
  8
NUMBERS
100
AcDbText
 10
73843.62689268302
 20
-83843.40296510371
 30
0.0
 40
30.0
  1
F1卫生间-05
 72
     1
 11
73943.62689268302
 21
-83828.40296510371
 31
0.0
100
AcDbText
 73
     2
  0
LWPOLYLINE
  5
87F
330
17
100
AcDbEntity
  8
OUTER
100
AcDbPolyline
 90
        5
 70
     0
 43
0.0
 10
80980.9209762669
 20
-83816.67571851773
 10
81774.67097626687
 20
-83816.67571851773
 10
81774.67097626687
 20
-83715.07571851772
 10
80980.9209762669
 20
-83715.07571851772
 10
80980.9209762669
 20
-83816.67571851773
  0
TEXT
  5
880
330
17
100
AcDbEntity
  8
NUMBERS
100
AcDbText
 10
81277.79597626689
 20
-83780.87571851771
 30
0.0
 40
30.0
  1
F1卫生间-06
 72
     1
 11
81377.79597626689
 21
-83765.87571851771
 31
0.0
100
AcDbText
 73
     2
  0
LWPOLYLINE
  5
881
330
17
100
AcDbEntity
  8
OUTER
100
AcDbPolyline
 90
        5
 70
     0
 43
0.0
 10
47996.08146933215
 20
-84718.99933876544
 10
48789.83146933213
 20
-84718.99933876544
 10
48789.83146933213
 20
-84130.03683876544
 10
47996.08146933215
 20
-84130.03683876544
 10
47996.08146933215
 20
-84718.99933876544
  0
TEXT
  5
882
330
17
100
AcDbEntity
  8
NUMBERS
100
AcDbText
 10
48126.28980266548
 20
-84464.51808876544
 30
0.0
 40
80.0
  1
F1卫生间-07
 72
     1
 11
48392.95646933215
 21
-84424.51808876544
 31
0.0
100
AcDbText
 73
     2
  0
LWPOLYLINE
  5
883
330
17
100
AcDbEntity
  8
OUTER
100
AcDbPolyline
 90
        5
 70
     0
 43
0.0
 10
48938.91059480519
 20
-84718.99933876544
 10
49040.51059480519
 20
-84718.99933876544
 10
49040.51059480519
 20
-84130.03683876544
 10
48938.91059480519
 20
-84130.03683876544
 10
48938.91059480519
 20
-84718.99933876544
  0
TEXT
  5
884
330
17
100
AcDbEntity
  8
NUMBERS
100
AcDbText
 10
48930.91429850889
 20
-84433.33753320986
 30
0.0
 40
17.63888888888737
  1
F1卫生间-08
 72
     1
 11
48989.71059480518
 21
-84424.51808876542
 31
0.0
100
AcDbText
 73
     2
  0
LWPOLYLINE
  5
885
330
17
100
AcDbEntity
  8
OUTER
100
AcDbPolyline
 90
        5
 70
     0
 43
0.0
 10
53780.7661000579
 20
-84719.36675724782
 10
54574.51610005791
 20
-84719.36675724782
 10
54574.51610005791
 20
-84130.40425724782
 10
53780.7661000579
 20
-84130.40425724782
 10
53780.7661000579
 20
-84719.36675724782
  0
TEXT
  5
886
330
17
100
AcDbEntity
  8
NUMBERS
100
AcDbText
 10
53910.97443339124
 20
-84464.88550724781
 30
0.0
 40
80.0
  1
F1卫生间-09
 72
     1
 11
54177.64110005791
 21
-84424.88550724782
 31
0.0
100
AcDbText
 73
     2
  0
LWPOLYLINE
  5
887
330
17
100
AcDbEntity
  8
OUTER
100
AcDbPolyline
 90
        5
 70
     0
 43
0.0
 10
54723.59522553094
 20
-84719.36675724782
 10
54825.19522553094
 20
-84719.36675724782
 10
54825.19522553094
 20
-84130.40425724782
 10
54723.59522553094
 20
-84130.40425724782
 10
54723.59522553094
 20
-84719.36675724782
  0
TEXT
  5
888
330
17
100
AcDbEntity
  8
NUMBERS
100
AcDbText
 10
54718.53874404946
 20
-84433.70495169226
 30
0.0
 40
17.63888888888611
  1
F1卫生间-10
 72
     1
 11
54774.39522553093
 21
-84424.88550724782
 31
0.0
100
AcDbText
 73
     2
  0
LWPOLYLINE
  5
889
330
17
100
AcDbEntity
  8
OUTER
100
AcDbPolyline
 90
        5
 70
     0
 43
0.0
 10
59159.1647187529
 20
-84719.36675724782
 10
59952.91471875287
 20
-84719.36675724782
 10
59952.91471875287
 20
-84130.40425724782
 10
59159.1647187529
 20
-84130.40425724782
 10
59159.1647187529
 20
-84719.36675724782
  0
TEXT
  5
88A
330
17
100
AcDbEntity
  8
NUMBERS
100
AcDbText
 10
59309.37305208622
 20
-84464.88550724781
 30
0.0
 40
80.0
  1
F1卫生间-11
 72
     1
 11
59556.03971875289
 21
-84424.88550724782
 31
0.0
100
AcDbText
 73
     2
  0
LWPOLYLINE
  5
88B
330
17
100
AcDbEntity
  8
OUTER
100
AcDbPolyline
 90
        5
 70
     0
 43
0.0
 10
60101.99384422593
 20
-84719.36675724782
 10
60203.59384422593
 20
-84719.36675724782
 10
60203.59384422593
 20
-84130.40425724782
 10
60101.99384422593
 20
-84130.40425724782
 10
60101.99384422593
 20
-84719.36675724782
  0
TEXT
  5
88C
330
17
100
AcDbEntity
  8
NUMBERS
100
AcDbText
 10
60095.46745533704
 20
-84433.70495169226
 30
0.0
 40
17.63888888888737
  1
F1卫生间-12
 72
     1
 11
60152.79384422592
 21
-84424.88550724782
 31
0.0
100
AcDbText
 73
     2
  0
LWPOLYLINE
  5
88D
330
17
100
AcDbEntity
  8
OUTER
100
AcDbPolyline
 90
        5
 70
     0
 43
0.0
 10
66109.51811327999
 20
-84719.36675724782
 10
66903.26811327999
 20
-84719.36675724782
 10
66903.26811327999
 20
-84130.40425724782
 10
66109.51811327999
 20
-84130.40425724782
 10
66109.51811327999
 20
-84719.36675724782
  0
TEXT
  5
88E
330
17
100
AcDbEntity
  8
NUMBERS
100
AcDbText
 10
66246.39311327999
 20
-84464.88550724781
 30
0.0
 40
80.0
  1
F1卫生间-13
 72
     1
 11
66506.39311327999
 21
-84424.88550724782
 31
0.0
100
AcDbText
 73
     2
  0
LWPOLYLINE
  5
88F
330
17
100
AcDbEntity
  8
OUTER
100
AcDbPolyline
 90
        5
 70
     0
 43
0.0
 10
67052.34723875303
 20
-84719.36675724782
 10
67153.94723875302
 20
-84719.36675724782
 10
67153.94723875302
 20
-84130.40425724782
 10
67052.34723875303
 20
-84130.40425724782
 10
67052.34723875303
 20
-84719.36675724782
  0
TEXT
  5
890
330
17
100
AcDbEntity
  8
NUMBERS
100
AcDbText
 10
67045.82084986413
 20
-84433.70495169226
 30
0.0
 40
17.63888888888737
  1
F1卫生间-14
 72
     1
 11
67103.14723875302
 21
-84424.88550724782
 31
0.0
100
AcDbText
 73
     2
  0
LWPOLYLINE
  5
891
330
17
100
AcDbEntity
  8
OUTER
100
AcDbPolyline
 90
        5
 70
     0
 43
0.0
 10
73546.75189268302
 20
-84719.36675724782
 10
74340.50189268302
 20
-84719.36675724782
 10
74340.50189268302
 20
-84130.40425724782
 10
73546.75189268302
 20
-84130.40425724782
 10
73546.75189268302
 20
-84719.36675724782
  0
TEXT
  5
892
330
17
100
AcDbEntity
  8
NUMBERS
100
AcDbText
 10
73683.62689268301
 20
-84464.88550724781
 30
0.0
 40
80.0
  1
F1卫生间-15
 72
     1
 11
73943.62689268301
 21
-84424.88550724782
 31
0.0
100
AcDbText
 73
     2
  0
LWPOLYLINE
  5
893
330
17
100
AcDbEntity
  8
OUTER
100
AcDbPolyline
 90
        5
 70
     0
 43
0.0
 10
74489.58101815608
 20
-84719.36675724782
 10
74591.18101815603
 20
-84719.36675724782
 10
74591.18101815603
 20
-84130.40425724782
 10
74489.58101815608
 20
-84130.40425724782
 10
74489.58101815608
 20
-84719.36675724782
  0
TEXT
  5
894
330
17
100
AcDbEntity
  8
NUMBERS
100
AcDbText
 10
74483.05462926716
 20
-84433.70495169226
 30
0.0
 40
17.63888888888484
  1
F1卫生间-16
 72
     1
 11
74540.38101815604
 21
-84424.88550724782
 31
0.0
100
AcDbText
 73
     2
  0
LWPOLYLINE
  5
895
330
17
100
AcDbEntity
  8
OUTER
100
AcDbPolyline
 90
        5
 70
     0
 43
0.0
 10
80980.9209762669
 20
-84656.83951066182
 10
81774.67097626687
 20
-84656.83951066182
 10
81774.67097626687
 20
-84067.87701066184
 10
80980.9209762669
 20
-84067.87701066184
 10
80980.9209762669
 20
-84656.83951066182
  0
TEXT
  5
896
330
17
100
AcDbEntity
  8
NUMBERS
100
AcDbText
 10
81117.79597626689
 20
-84402.35826066183
 30
0.0
 40
80.0
  1
F1卫生间-17
 72
     1
 11
81377.79597626689
 21
-84362.35826066182
 31
0.0
100
AcDbText
 73
     2
  0
LWPOLYLINE
  5
897
330
17
100
AcDbEntity
  8
OUTER
100
AcDbPolyline
 90
        5
 70
     0
 43
0.0
 10
81923.75010173991
 20
-84656.83951066182
 10
82025.35010173992
 20
-84656.83951066182
 10
82025.35010173992
 20
-84067.87701066184
 10
81923.75010173991
 20
-84067.87701066184
 10
81923.75010173991
 20
-84656.83951066182
  0
TEXT
  5
898
330
17
100
AcDbEntity
  8
NUMBERS
100
AcDbText
 10
81917.22371285104
 20
-84371.17770510626
 30
0.0
 40
17.63888888888737
  1
F1卫生间-18
 72
     1
 11
81974.55010173994
 21
-84362.35826066182
 31
0.0
100
AcDbText
 73
     2
  0
LWPOLYLINE
  5
899
330
17
100
AcDbEntity
  8
OUTER
100
AcDbPolyline
 90
        8
 70
     0
 43
0.0
 10
47019.93981135635
 20
-84490.16861010205
 10
47019.93981135635
 20
-83845.64361010207
 10
45722.95231135637
 20
-83845.64361010207
 10
45722.95231135637
 20
-84490.16861010205
 10
46375.41481135635
 20
-84490.16861010205
 10
46375.41481135635
 20
-86385.61274920029
 10
47019.93981135635
 20
-86385.61274920029
 10
47019.93981135635
 20
-83845.61274920029
  0
TEXT
  5
89A
330
17
100
AcDbEntity
  8
NUMBERS
100
AcDbText
 10
46305.13951534613
 20
-84961.9347256614
 30
0.0
 40
80.0
  1
F1卫生间-19
 72
     1
 11
46565.13951534613
 21
-84921.93472566139
 31
0.0
100
AcDbText
 73
     2
  0
LWPOLYLINE
  5
89B
330
17
100
AcDbEntity
  8
OUTER
100
AcDbPolyline
 90
        8
 70
     0
 43
0.0
 10
52765.08225979467
 20
-84490.16861010205
 10
52765.08225979467
 20
-83845.64361010207
 10
51468.09475979469
 20
-83845.64361010207
 10
51468.09475979469
 20
-84490.16861010205
 10
52120.55725979467
 20
-84490.16861010205
 10
52120.55725979467
 20
-86385.61274920029
 10
52765.08225979467
 20
-86385.61274920029
 10
52765.08225979467
 20
-83845.61274920029
  0
TEXT
  5
89C
330
17
100
AcDbEntity
  8
NUMBERS
100
AcDbText
 10
52043.61529711781
 20
-84961.9347256614
 30
0.0
 40
80.0
  1
F1卫生间-20
 72
     1
 11
52310.28196378447
 21
-84921.93472566139
 31
0.0
100
AcDbText
 73
     2
  0
LWPOLYLINE
  5
89D
330
17
100
AcDbEntity
  8
OUTER
100
AcDbPolyline
 90
        8
 70
     0
 43
0.0
 10
58227.88598196497
 20
-84490.16861010205
 10
58227.88598196497
 20
-83845.64361010207
 10
56930.89848196499
 20
-83845.64361010207
 10
56930.89848196499
 20
-84490.16861010205
 10
57583.36098196497
 20
-84490.16861010205
 10
57583.36098196497
 20
-86385.61274920029
 10
58227.88598196497
 20
-86385.61274920029
 10
58227.88598196497
 20
-83845.61274920029
  0
TEXT
  5
89E
330
17
100
AcDbEntity
  8
NUMBERS
100
AcDbText
 10
57513.08568595478
 20
-84961.9347256614
 30
0.0
 40
80.0
  1
F1卫生间-21
 72
     1
 11
57773.08568595477
 21
-84921.93472566139
 31
0.0
100
AcDbText
 73
     2
  0
LWPOLYLINE
  5
89F
330
17
100
AcDbEntity
  8
OUTER
100
AcDbPolyline
 90
        8
 70
     0
 43
0.0
 10
65127.23393386391
 20
-84566.32244474098
 10
65127.23393386391
 20
-83921.79744474098
 10
63830.24643386392
 20
-83921.79744474098
 10
63830.24643386392
 20
-84566.32244474098
 10
64482.70893386393
 20
-84566.32244474098
 10
64482.70893386393
 20
-86461.7665838392
 10
65127.23393386391
 20
-86461.7665838392
 10
65127.23393386391
 20
-83921.7665838392
  0
TEXT
  5
8A0
330
17
100
AcDbEntity
  8
NUMBERS
100
AcDbText
 10
64399.10030452035
 20
-85038.08856030032
 30
0.0
 40
80.0
  1
F1卫生间-22
 72
     1
 11
64672.43363785369
 21
-84998.08856030032
 31
0.0
100
AcDbText
 73
     2
  0
LWPOLYLINE
  5
8A1
330
17
100
AcDbEntity
  8
OUTER
100
AcDbPolyline
 90
        8
 70
     0
 43
0.0
 10
72515.09577717514
 20
-84566.32244474098
 10
72515.09577717514
 20
-83921.79744474098
 10
71218.10827717515
 20
-83921.79744474098
 10
71218.10827717515
 20
-84566.32244474098
 10
71870.57077717515
 20
-84566.32244474098
 10
71870.57077717515
 20
-86461.7665838392
 10
72515.09577717514
 20
-86461.7665838392
 10
72515.09577717514
 20
-83921.7665838392
  0
TEXT
  5
8A2
330
17
100
AcDbEntity
  8
NUMBERS
100
AcDbText
 10
71786.96214783159
 20
-85038.08856030033
 30
0.0
 40
80.0
  1
F1卫生间-23
 72
     1
 11
72060.29548116492
 21
-84998.08856030032
 31
0.0
100
AcDbText
 73
     2
  0
LWPOLYLINE
  5
8A3
330
17
100
AcDbEntity
  8
OUTER
100
AcDbPolyline
 90
        8
 70
     0
 43
0.0
 10
79968.33723028585
 20
-84566.32244474098
 10
79968.33723028585
 20
-83921.79744474098
 10
78671.34973028586
 20
-83921.79744474098
 10
78671.34973028586
 20
-84566.32244474098
 10
79323.81223028586
 20
-84566.32244474098
 10
79323.81223028586
 20
-86461.7665838392
 10
79968.33723028585
 20
-86461.7665838392
 10
79968.33723028585
 20
-83921.7665838392
  0
TEXT
  5
8A4
330
17
100
AcDbEntity
  8
NUMBERS
100
AcDbText
 10
79240.20360094233
 20
-85038.08856030033
 30
0.0
 40
80.0
  1
F1卫生间-24
 72
     1
 11
79513.53693427566
 21
-84998.08856030032
 31
0.0
100
AcDbText
 73
     2
  0
LWPOLYLINE
  5
8A5
330
17
100
AcDbEntity
  8
OUTER
100
AcDbPolyline
 90
        5
 70
     0
 43
0.0
 10
48012.37776499442
 20
-85324.37794780278
 10
48806.12776499443
 20
-85324.37794780278
 10
48806.12776499443
 20
-85222.77794780281
 10
48012.37776499442
 20
-85222.77794780281
 10
48012.37776499442
 20
-85324.37794780278
  0
TEXT
  5
8A6
330
17
100
AcDbEntity
  8
NUMBERS
100
AcDbText
 10
48306.75276499443
 20
-85288.57794780281
 30
0.0
 40
30.0
  1
F1卫生间-25
 72
     1
 11
48409.25276499443
 21
-85273.5779478028
 31
0.0
100
AcDbText
 73
     2
  0
LWPOLYLINE
  5
8A7
330
17
100
AcDbEntity
  8
OUTER
100
AcDbPolyline
 90
        5
 70
     0
 43
0.0
 10
53757.52021343277
 20
-85324.37794780278
 10
54551.27021343277
 20
-85324.37794780278
 10
54551.27021343277
 20
-85222.77794780281
 10
53757.52021343277
 20
-85222.77794780281
 10
53757.52021343277
 20
-85324.37794780278
  0
TEXT
  5
8A8
330
17
100
AcDbEntity
  8
NUMBERS
100
AcDbText
 10
54051.89521343277
 20
-85288.57794780277
 30
0.0
 40
30.0
  1
F1卫生间-26
 72
     1
 11
54154.39521343277
 21
-85273.57794780277
 31
0.0
100
AcDbText
 73
     2
  0
LWPOLYLINE
  5
8A9
330
17
100
AcDbEntity
  8
OUTER
100
AcDbPolyline
 90
        5
 70
     0
 43
0.0
 10
59220.32393560306
 20
-85324.37794780278
 10
60014.07393560307
 20
-85324.37794780278
 10
60014.07393560307
 20
-85222.77794780281
 10
59220.32393560306
 20
-85222.77794780281
 10
59220.32393560306
 20
-85324.37794780278
  0
TEXT
  5
8AA
330
17
100
AcDbEntity
  8
NUMBERS
100
AcDbText
 10
59514.69893560305
 20
-85288.57794780281
 30
0.0
 40
30.0
  1
F1卫生间-27
 72
     1
 11
59617.19893560305
 21
-85273.5779478028
 31
0.0
100
AcDbText
 73
     2
  0
LWPOLYLINE
  5
8AB
330
17
100
AcDbEntity
  8
OUTER
100
AcDbPolyline
 90
        5
 70
     0
 43
0.0
 10
66119.671887502
 20
-85400.53178244168
 10
66913.421887502
 20
-85400.53178244168
 10
66913.421887502
 20
-85298.93178244169
 10
66119.671887502
 20
-85298.93178244169
 10
66119.671887502
 20
-85400.53178244168
  0
TEXT
  5
8AC
330
17
100
AcDbEntity
  8
NUMBERS
100
AcDbText
 10
66414.046887502
 20
-85364.73178244168
 30
0.0
 40
30.0
  1
F1卫生间-28
 72
     1
 11
66516.546887502
 21
-85349.73178244168
 31
0.0
100
AcDbText
 73
     2
  0
LWPOLYLINE
  5
8AD
330
17
100
AcDbEntity
  8
OUTER
100
AcDbPolyline
 90
        5
 70
     0
 43
0.0
 10
73507.53373081323
 20
-85400.53178244168
 10
74301.28373081323
 20
-85400.53178244168
 10
74301.28373081323
 20
-85298.93178244169
 10
73507.53373081323
 20
-85298.93178244169
 10
73507.53373081323
 20
-85400.53178244168
  0
TEXT
  5
8AE
330
17
100
AcDbEntity
  8
NUMBERS
100
AcDbText
 10
73801.90873081323
 20
-85364.73178244168
 30
0.0
 40
30.0
  1
F1卫生间-29
 72
     1
 11
73904.40873081323
 21
-85349.73178244168
 31
0.0
100
AcDbText
 73
     2
  0
LWPOLYLINE
  5
8AF
330
17
100
AcDbEntity
  8
OUTER
100
AcDbPolyline
 90
        5
 70
     0
 43
0.0
 10
80960.77518392393
 20
-85400.53178244168
 10
81754.52518392393
 20
-85400.53178244168
 10
81754.52518392393
 20
-85298.93178244169
 10
80960.77518392393
 20
-85298.93178244169
 10
80960.77518392393
 20
-85400.53178244168
  0
TEXT
  5
8B0
330
17
100
AcDbEntity
  8
NUMBERS
100
AcDbText
 10
81257.65018392394
 20
-85364.73178244168
 30
0.0
 40
30.0
  1
F1卫生间-30
 72
     1
 11
81357.65018392394
 21
-85349.73178244168
 31
0.0
100
AcDbText
 73
     2
  0
LWPOLYLINE
  5
8B1
330
17
100
AcDbEntity
  8
OUTER
100
AcDbPolyline
 90
        5
 70
     0
 43
0.0
 10
48007.33946227205
 20
-86124.3956872121
 10
48801.08946227205
 20
-86124.3956872121
 10
48801.08946227205
 20
-85535.4331872121
 10
48007.33946227205
 20
-85535.4331872121
 10
48007.33946227205
 20
-86124.3956872121
  0
TEXT
  5
8B2
330
17
100
AcDbEntity
  8
NUMBERS
100
AcDbText
 10
48144.21446227205
 20
-85869.91443721212
 30
0.0
 40
80.0
  1
F1卫生间-31
 72
     1
 11
48404.21446227205
 21
-85829.9144372121
 31
0.0
100
AcDbText
 73
     2
  0
LWPOLYLINE
  5
8B3
330
17
100
AcDbEntity
  8
OUTER
100
AcDbPolyline
 90
        5
 70
     0
 43
0.0
 10
53752.48191071038
 20
-86124.3956872121
 10
54546.23191071038
 20
-86124.3956872121
 10
54546.23191071038
 20
-85535.4331872121
 10
53752.48191071038
 20
-85535.4331872121
 10
53752.48191071038
 20
-86124.3956872121
  0
TEXT
  5
8B4
330
17
100
AcDbEntity
  8
NUMBERS
100
AcDbText
 10
53876.02357737704
 20
-85869.91443721212
 30
0.0
 40
80.0
  1
F1卫生间-32
 72
     1
 11
54149.35691071038
 21
-85829.9144372121
 31
0.0
100
AcDbText
 73
     2
  0
LWPOLYLINE
  5
8B5
330
17
100
AcDbEntity
  8
OUTER
100
AcDbPolyline
 90
        5
 70
     0
 43
0.0
 10
59215.28563288068
 20
-86124.3956872121
 10
60009.03563288067
 20
-86124.3956872121
 10
60009.03563288067
 20
-85535.4331872121
 10
59215.28563288068
 20
-85535.4331872121
 10
59215.28563288068
 20
-86124.3956872121
  0
TEXT
  5
8B6
330
17
100
AcDbEntity
  8
NUMBERS
100
AcDbText
 10
59338.82729954733
 20
-85869.91443721212
 30
0.0
 40
80.0
  1
F1卫生间-33
 72
     1
 11
59612.16063288067
 21
-85829.9144372121
 31
0.0
100
AcDbText
 73
     2
  0
LWPOLYLINE
  5
8B7
330
17
100
AcDbEntity
  8
OUTER
100
AcDbPolyline
 90
        5
 70
     0
 43
0.0
 10
60164.57765721697
 20
-86130.16664831773
 10
60266.17765721696
 20
-86130.16664831773
 10
60266.17765721696
 20
-85541.20414831773
 10
60164.57765721697
 20
-85541.20414831773
 10
60164.57765721697
 20
-86130.16664831773
  0
TEXT
  5
8B8
330
17
100
AcDbEntity
  8
NUMBERS
100
AcDbText
 10
60155.11145351327
 20
-85844.50484276217
 30
0.0
 40
17.63888888888737
  1
F1卫生间-34
 72
     1
 11
60215.37765721697
 21
-85835.68539831773
 31
0.0
100
AcDbText
 73
     2
  0
LWPOLYLINE
  5
8B9
330
17
100
AcDbEntity
  8
OUTER
100
AcDbPolyline
 90
        5
 70
     0
 43
0.0
 10
66114.63358477961
 20
-86200.549521851
 10
66908.38358477961
 20
-86200.549521851
 10
66908.38358477961
 20
-85611.58702185103
 10
66114.63358477961
 20
-85611.58702185103
 10
66114.63358477961
 20
-86200.549521851
  0
TEXT
  5
8BA
330
17
100
AcDbEntity
  8
NUMBERS
100
AcDbText
 10
66238.17525144628
 20
-85946.06827185103
 30
0.0
 40
80.0
  1
F1卫生间-35
 72
     1
 11
66511.50858477961
 21
-85906.06827185101
 31
0.0
100
AcDbText
 73
     2
  0
LWPOLYLINE
  5
8BB
330
17
100
AcDbEntity
  8
OUTER
100
AcDbPolyline
 90
        5
 70
     0
 43
0.0
 10
67063.92560911591
 20
-86206.32048295664
 10
67165.5256091159
 20
-86206.32048295664
 10
67165.5256091159
 20
-85617.35798295661
 10
67063.92560911591
 20
-85617.35798295661
 10
67063.92560911591
 20
-86206.32048295664
  0
TEXT
  5
8BC
330
17
100
AcDbEntity
  8
NUMBERS
100
AcDbText
 10
67054.4594054122
 20
-85920.65867740108
 30
0.0
 40
17.63888888888737
  1
F1卫生间-36
 72
     1
 11
67114.72560911589
 21
-85911.83923295666
 31
0.0
100
AcDbText
 73
     2
  0
LWPOLYLINE
  5
8BD
330
17
100
AcDbEntity
  8
OUTER
100
AcDbPolyline
 90
        5
 70
     0
 43
0.0
 10
73502.49542809084
 20
-86200.549521851
 10
74296.24542809084
 20
-86200.549521851
 10
74296.24542809084
 20
-85611.58702185103
 10
73502.49542809084
 20
-85611.58702185103
 10
73502.49542809084
 20
-86200.549521851
  0
TEXT
  5
8BE
330
17
100
AcDbEntity
  8
NUMBERS
100
AcDbText
 10
73626.03709475751
 20
-85946.06827185103
 30
0.0
 40
80.0
  1
F1卫生间-37
 72
     1
 11
73899.37042809084
 21
-85906.06827185101
 31
0.0
100
AcDbText
 73
     2
  0
LWPOLYLINE
  5
8BF
330
17
100
AcDbEntity
  8
OUTER
100
AcDbPolyline
 90
        5
 70
     0
 43
0.0
 10
74451.78745242713
 20
-86206.32048295664
 10
74553.38745242713
 20
-86206.32048295664
 10
74553.38745242713
 20
-85617.35798295661
 10
74451.78745242713
 20
-85617.35798295661
 10
74451.78745242713
 20
-86206.32048295664
  0
TEXT
  5
8C0
330
17
100
AcDbEntity
  8
NUMBERS
100
AcDbText
 10
74442.32124872344
 20
-85920.65867740108
 30
0.0
 40
17.63888888888737
  1
F1卫生间-38
 72
     1
 11
74502.58745242713
 21
-85911.83923295666
 31
0.0
100
AcDbText
 73
     2
  0
LWPOLYLINE
  5
8C1
330
17
100
AcDbEntity
  8
OUTER
100
AcDbPolyline
 90
        5
 70
     0
 43
0.0
 10
80955.73688120152
 20
-86200.549521851
 10
81749.48688120155
 20
-86200.549521851
 10
81749.48688120155
 20
-85611.58702185103
 10
80955.73688120152
 20
-85611.58702185103
 10
80955.73688120152
 20
-86200.549521851
  0
TEXT
  5
8C2
330
17
100
AcDbEntity
  8
NUMBERS
100
AcDbText
 10
81079.27854786822
 20
-85946.06827185103
 30
0.0
 40
80.0
  1
F1卫生间-39
 72
     1
 11
81352.61188120155
 21
-85906.06827185101
 31
0.0
100
AcDbText
 73
     2
  0
LWPOLYLINE
  5
8C3
330
17
100
AcDbEntity
  8
OUTER
100
AcDbPolyline
 90
        5
 70
     0
 43
0.0
 10
81905.02890553782
 20
-86206.32048295664
 10
82006.62890553783
 20
-86206.32048295664
 10
82006.62890553783
 20
-85617.35798295661
 10
81905.02890553782
 20
-85617.35798295661
 10
81905.02890553782
 20
-86206.32048295664
  0
TEXT
  5
8C4
330
17
100
AcDbEntity
  8
NUMBERS
100
AcDbText
 10
81897.03260924153
 20
-85920.65867740108
 30
0.0
 40
17.6388888888899
  1
F1卫生间-40
 72
     1
 11
81955.82890553783
 21
-85911.83923295664
 31
0.0
100
AcDbText
 73
     2
  0
LWPOLYLINE
  5
8C5
330
17
100
AcDbEntity
  8
OUTER
100
AcDbPolyline
 90
        5
 70
     0
 43
0.0
 10
44478.45629832502
 20
-84490.16861010205
 10
44935.65629832501
 20
-84490.16861010205
 10
44935.65629832501
 20
-83845.64361010207
 10
44478.45629832502
 20
-83845.64361010207
 10
44478.45629832502
 20
-84490.16861010205
  0
TEXT
  5
8C6
330
17
100
AcDbEntity
  8
NUMBERS
100
AcDbText
 10
44487.05629832502
 20
-84207.90611010206
 30
0.0
 40
80.0
  1
F1厨房-01
 72
     1
 11
44707.05629832502
 21
-84167.90611010206
 31
0.0
100
AcDbText
 73
     2
  0
LWPOLYLINE
  5
8C7
330
17
100
AcDbEntity
  8
OUTER
100
AcDbPolyline
 90
        5
 70
     0
 43
0.0
 10
50223.59874676335
 20
-84490.16861010205
 10
50680.79874676334
 20
-84490.16861010205
 10
50680.79874676334
 20
-83845.64361010207
 10
50223.59874676335
 20
-83845.64361010207
 10
50223.59874676335
 20
-84490.16861010205
  0
TEXT
  5
8C8
330
17
100
AcDbEntity
  8
NUMBERS
100
AcDbText
 10
50218.86541343001
 20
-84207.90611010206
 30
0.0
 40
80.0
  1
F1厨房-02
 72
     1
 11
50452.19874676335
 21
-84167.90611010206
 31
0.0
100
AcDbText
 73
     2
  0
LWPOLYLINE
  5
8C9
330
17
100
AcDbEntity
  8
OUTER
100
AcDbPolyline
 90
        5
 70
     0
 43
0.0
 10
55686.40246893365
 20
-84490.16861010205
 10
56143.60246893363
 20
-84490.16861010205
 10
56143.60246893363
 20
-83845.64361010207
 10
55686.40246893365
 20
-83845.64361010207
 10
55686.40246893365
 20
-84490.16861010205
  0
TEXT
  5
8CA
330
17
100
AcDbEntity
  8
NUMBERS
100
AcDbText
 10
55681.66913560031
 20
-84207.90611010206
 30
0.0
 40
80.0
  1
F1厨房-03
 72
     1
 11
55915.00246893365
 21
-84167.90611010206
 31
0.0
100
AcDbText
 73
     2
  0
LWPOLYLINE
  5
8CB
330
17
100
AcDbEntity
  8
OUTER
100
AcDbPolyline
 90
        5
 70
     0
 43
0.0
 10
62585.75042083259
 20
-84566.32244474098
 10
63042.95042083258
 20
-84566.32244474098
 10
63042.95042083258
 20
-83921.79744474098
 10
62585.75042083259
 20
-83921.79744474098
 10
62585.75042083259
 20
-84566.32244474098
  0
TEXT
  5
8CC
330
17
100
AcDbEntity
  8
NUMBERS
100
AcDbText
 10
62581.01708749926
 20
-84284.05994474099
 30
0.0
 40
80.0
  1
F1厨房-04
 72
     1
 11
62814.35042083259
 21
-84244.05994474099
 31
0.0
100
AcDbText
 73
     2
  0
LWPOLYLINE
  5
8CD
330
17
100
AcDbEntity
  8
OUTER
100
AcDbPolyline
 90
        5
 70
     0
 43
0.0
 10
69973.61226414381
 20
-84566.32244474098
 10
70430.81226414381
 20
-84566.32244474098
 10
70430.81226414381
 20
-83921.79744474098
 10
69973.61226414381
 20
-83921.79744474098
 10
69973.61226414381
 20
-84566.32244474098
  0
TEXT
  5
8CE
330
17
100
AcDbEntity
  8
NUMBERS
100
AcDbText
 10
69968.87893081047
 20
-84284.05994474097
 30
0.0
 40
80.0
  1
F1厨房-05
 72
     1
 11
70202.2122641438
 21
-84244.05994474097
 31
0.0
100
AcDbText
 73
     2
  0
LWPOLYLINE
  5
8CF
330
17
100
AcDbEntity
  8
OUTER
100
AcDbPolyline
 90
        5
 70
     0
 43
0.0
 10
77426.85371725452
 20
-84566.32244474098
 10
77884.05371725452
 20
-84566.32244474098
 10
77884.05371725452
 20
-83921.79744474098
 10
77426.85371725452
 20
-83921.79744474098
 10
77426.85371725452
 20
-84566.32244474098
  0
TEXT
  5
8D0
330
17
100
AcDbEntity
  8
NUMBERS
100
AcDbText
 10
77422.1203839212
 20
-84284.05994474097
 30
0.0
 40
80.0
  1
F1厨房-06
 72
     1
 11
77655.45371725452
 21
-84244.05994474097
 31
0.0
100
AcDbText
 73
     2
  0
LWPOLYLINE
  5
8D1
330
17
100
AcDbEntity
  8
OUTER
100
AcDbPolyline
 90
        5
 70
     0
 43
0.0
 10
48956.63148660834
 20
-86130.16664831773
 10
49058.23148660833
 20
-86130.16664831773
 10
49058.23148660833
 20
-85541.20414831773
 10
48956.63148660834
 20
-85541.20414831773
 10
48956.63148660834
 20
-86130.16664831773
  0
TEXT
  5
8D2
330
17
100
AcDbEntity
  8
NUMBERS
100
AcDbText
 10
48948.63519031204
 20
-85845.76476339709
 30
0.0
 40
20.15873015872843
  1
F1厨房-07
 72
     1
 11
49007.43148660834
 21
-85835.68539831773
 31
0.0
100
AcDbText
 73
     2
  0
LWPOLYLINE
  5
8D3
330
17
100
AcDbEntity
  8
OUTER
100
AcDbPolyline
 90
        5
 70
     0
 43
0.0
 10
54701.77393504667
 20
-86130.16664831773
 10
54803.37393504665
 20
-86130.16664831773
 10
54803.37393504665
 20
-85541.20414831773
 10
54701.77393504667
 20
-85541.20414831773
 10
54701.77393504667
 20
-86130.16664831773
  0
TEXT
  5
8D4
330
17
100
AcDbEntity
  8
NUMBERS
100
AcDbText
 10
54693.77763875037
 20
-85845.76476339709
 30
0.0
 40
20.15873015872699
  1
F1厨房-08
 72
     1
 11
54752.57393504666
 21
-85835.68539831773
 31
0.0
100
AcDbText
 73
     2
  0
LWPOLYLINE
  5
8D5
330
17
100
AcDbEntity
  8
OUTER
100
AcDbPolyline
 90
        5
 70
     0
 43
0.0
 10
46718.38113814266
 20
-28586.37787428545
 10
47175.58113814265
 20
-28586.37787428545
 10
47175.58113814265
 20
-27941.85287428545
 10
46718.38113814266
 20
-27941.85287428545
 10
46718.38113814266
 20
-28586.37787428545
  0
TEXT
  5
8D6
330
17
100
AcDbEntity
  8
NUMBERS
100
AcDbText
 10
46682.39780480933
 20
-28303.80287428545
 30
0.0
 40
79.37499999999824
  1
F2卫生间-01
 72
     1
 11
46946.98113814265
 21
-28264.11537428545
 31
0.0
100
AcDbText
 73
     2
  0
LWPOLYLINE
  5
8D7
330
17
100
AcDbEntity
  8
OUTER
100
AcDbPolyline
 90
        5
 70
     0
 43
0.0
 10
53322.7702600096
 20
-28586.37787428545
 10
53779.97026000961
 20
-28586.37787428545
 10
53779.97026000961
 20
-27941.85287428545
 10
53322.7702600096
 20
-27941.85287428545
 10
53322.7702600096
 20
-28586.37787428545
  0
TEXT
  5
8D8
330
17
100
AcDbEntity
  8
NUMBERS
100
AcDbText
 10
53273.55776000961
 20
-28303.80287428545
 30
0.0
 40
79.37500000000202
  1
F2卫生间-02
 72
     1
 11
53551.37026000962
 21
-28264.11537428545
 31
0.0
100
AcDbText
 73
     2
  0
LWPOLYLINE
  5
8D9
330
17
100
AcDbEntity
  8
OUTER
100
AcDbPolyline
 90
        5
 70
     0
 43
0.0
 10
60000.37881966941
 20
-28586.37787428545
 10
60457.5788196694
 20
-28586.37787428545
 10
60457.5788196694
 20
-27941.85287428545
 10
60000.37881966941
 20
-27941.85287428545
 10
60000.37881966941
 20
-28586.37787428545
  0
TEXT
  5
8DA
330
17
100
AcDbEntity
  8
NUMBERS
100
AcDbText
 10
59951.16631966942
 20
-28303.80287428545
 30
0.0
 40
79.37499999999824
  1
F2卫生间-03
 72
     1
 11
60228.97881966941
 21
-28264.11537428545
 31
0.0
100
AcDbText
 73
     2
  0
LWPOLYLINE
  5
8DB
330
17
100
AcDbEntity
  8
OUTER
100
AcDbPolyline
 90
        5
 70
     0
 43
0.0
 10
67196.68502679147
 20
-28586.37787428545
 10
67653.88502679144
 20
-28586.37787428545
 10
67653.88502679144
 20
-27941.85287428545
 10
67196.68502679147
 20
-27941.85287428545
 10
67196.68502679147
 20
-28586.37787428545
  0
TEXT
  5
8DC
330
17
100
AcDbEntity
  8
NUMBERS
100
AcDbText
 10
67147.47252679146
 20
-28303.80287428546
 30
0.0
 40
79.3749999999995
  1
F2卫生间-04
 72
     1
 11
67425.28502679146
 21
-28264.11537428545
 31
0.0
100
AcDbText
 73
     2
  0
LWPOLYLINE
  5
8DD
330
17
100
AcDbEntity
  8
OUTER
100
AcDbPolyline
 90
        5
 70
     0
 43
0.0
 10
74625.13051157426
 20
-28586.37787428545
 10
75082.33051157425
 20
-28586.37787428545
 10
75082.33051157425
 20
-27941.85287428545
 10
74625.13051157426
 20
-27941.85287428545
 10
74625.13051157426
 20
-28586.37787428545
  0
TEXT
  5
8DE
330
17
100
AcDbEntity
  8
NUMBERS
100
AcDbText
 10
74575.91801157426
 20
-28303.80287428546
 30
0.0
 40
79.3749999999995
  1
F2卫生间-05
 72
     1
 11
74853.73051157426
 21
-28264.11537428545
 31
0.0
100
AcDbText
 73
     2
  0
LWPOLYLINE
  5
8DF
330
17
100
AcDbEntity
  8
OUTER
100
AcDbPolyline
 90
        5
 70
     0
 43
0.0
 10
82471.42607430863
 20
-28586.37787428545
 10
82928.62607430862
 20
-28586.37787428545
 10
82928.62607430862
 20
-27941.85287428545
 10
82471.42607430863
 20
-27941.85287428545
 10
82471.42607430863
 20
-28586.37787428545
  0
TEXT
  5
8E0
330
17
100
AcDbEntity
  8
NUMBERS
100
AcDbText
 10
82422.21357430864
 20
-28303.80287428546
 30
0.0
 40
79.37499999999698
  1
F2卫生间-06
 72
     1
 11
82700.02607430862
 21
-28264.11537428545
 31
0.0
100
AcDbText
 73
     2
  0
LWPOLYLINE
  5
8E1
330
17
100
AcDbEntity
  8
OUTER
100
AcDbPolyline
 90
        5
 70
     0
 43
0.0
 10
45960.95216916825
 20
-29313.51021455841
 10
46754.70216916826
 20
-29313.51021455841
 10
46754.70216916826
 20
-29211.91021455842
 10
45960.95216916825
 20
-29211.91021455842
 10
45960.95216916825
 20
-29313.51021455841
  0
TEXT
  5
8E2
330
17
100
AcDbEntity
  8
NUMBERS
100
AcDbText
 10
46252.82716916825
 20
-29277.71021455842
 30
0.0
 40
30.0
  1
F2卫生间-07
 72
     1
 11
46357.82716916825
 21
-29262.71021455842
 31
0.0
100
AcDbText
 73
     2
  0
LWPOLYLINE
  5
8E3
330
17
100
AcDbEntity
  8
OUTER
100
AcDbPolyline
 90
        5
 70
     0
 43
0.0
 10
52565.34129103521
 20
-29313.51021455841
 10
53359.09129103519
 20
-29313.51021455841
 10
53359.09129103519
 20
-29211.91021455842
 10
52565.34129103521
 20
-29211.91021455842
 10
52565.34129103521
 20
-29313.51021455841
  0
TEXT
  5
8E4
330
17
100
AcDbEntity
  8
NUMBERS
100
AcDbText
 10
52857.2162910352
 20
-29277.71021455841
 30
0.0
 40
30.0
  1
F2卫生间-08
 72
     1
 11
52962.2162910352
 21
-29262.71021455841
 31
0.0
100
AcDbText
 73
     2
  0
LWPOLYLINE
  5
8E5
330
17
100
AcDbEntity
  8
OUTER
100
AcDbPolyline
 90
        5
 70
     0
 43
0.0
 10
59242.949850695
 20
-29313.51021455841
 10
60036.69985069501
 20
-29313.51021455841
 10
60036.69985069501
 20
-29211.91021455842
 10
59242.949850695
 20
-29211.91021455842
 10
59242.949850695
 20
-29313.51021455841
  0
TEXT
  5
8E6
330
17
100
AcDbEntity
  8
NUMBERS
100
AcDbText
 10
59534.82485069501
 20
-29277.71021455841
 30
0.0
 40
30.0
  1
F2卫生间-09
 72
     1
 11
59639.82485069501
 21
-29262.71021455841
 31
0.0
100
AcDbText
 73
     2
  0
LWPOLYLINE
  5
8E7
330
17
100
AcDbEntity
  8
OUTER
100
AcDbPolyline
 90
        5
 70
     0
 43
0.0
 10
66439.25605781705
 20
-29313.51021455841
 10
67233.00605781705
 20
-29313.51021455841
 10
67233.00605781705
 20
-29211.91021455842
 10
66439.25605781705
 20
-29211.91021455842
 10
66439.25605781705
 20
-29313.51021455841
  0
TEXT
  5
8E8
330
17
100
AcDbEntity
  8
NUMBERS
100
AcDbText
 10
66736.13105781705
 20
-29277.71021455841
 30
0.0
 40
30.0
  1
F2卫生间-10
 72
     1
 11
66836.13105781705
 21
-29262.71021455841
 31
0.0
100
AcDbText
 73
     2
  0
LWPOLYLINE
  5
8E9
330
17
100
AcDbEntity
  8
OUTER
100
AcDbPolyline
 90
        5
 70
     0
 43
0.0
 10
73867.70154259985
 20
-29313.51021455841
 10
74661.45154259986
 20
-29313.51021455841
 10
74661.45154259986
 20
-29211.91021455842
 10
73867.70154259985
 20
-29211.91021455842
 10
73867.70154259985
 20
-29313.51021455841
  0
TEXT
  5
8EA
330
17
100
AcDbEntity
  8
NUMBERS
100
AcDbText
 10
74167.07654259985
 20
-29277.71021455841
 30
0.0
 40
30.0
  1
F2卫生间-11
 72
     1
 11
74264.57654259985
 21
-29262.71021455841
 31
0.0
100
AcDbText
 73
     2
  0
LWPOLYLINE
  5
8EB
330
17
100
AcDbEntity
  8
OUTER
100
AcDbPolyline
 90
        5
 70
     0
 43
0.0
 10
81713.99710533423
 20
-29313.51021455841
 10
82507.74710533423
 20
-29313.51021455841
 10
82507.74710533423
 20
-29211.91021455842
 10
81713.99710533423
 20
-29211.91021455842
 10
81713.99710533423
 20
-29313.51021455841
  0
TEXT
  5
8EC
330
17
100
AcDbEntity
  8
NUMBERS
100
AcDbText
 10
82008.37210533423
 20
-29277.71021455841
 30
0.0
 40
30.0
  1
F2卫生间-12
 72
     1
 11
82110.87210533422
 21
-29262.71021455841
 31
0.0
100
AcDbText
 73
     2
  0
LWPOLYLINE
  5
8ED
330
17
100
AcDbEntity
  8
OUTER
100
AcDbPolyline
 90
        5
 70
     0
 43
0.0
 10
45311.61730980779
 20
-30146.77574198485
 10
45413.21730980778
 20
-30146.77574198485
 10
45413.21730980778
 20
-29557.81324198486
 10
45311.61730980779
 20
-29557.81324198486
 10
45311.61730980779
 20
-30146.77574198485
  0
TEXT
  5
8EE
330
17
100
AcDbEntity
  8
NUMBERS
100
AcDbText
 10
45302.15110610408
 20
-29861.1139364293
 30
0.0
 40
17.63888888888611
  1
F2卫生间-13
 72
     1
 11
45362.41730980778
 21
-29852.29449198486
 31
0.0
100
AcDbText
 73
     2
  0
LWPOLYLINE
  5
8EF
330
17
100
AcDbEntity
  8
OUTER
100
AcDbPolyline
 90
        5
 70
     0
 43
0.0
 10
45960.95216916825
 20
-30153.67400670251
 10
46754.70216916826
 20
-30153.67400670251
 10
46754.70216916826
 20
-29564.71150670251
 10
45960.95216916825
 20
-29564.71150670251
 10
45960.95216916825
 20
-30153.67400670251
  0
TEXT
  5
8F0
330
17
100
AcDbEntity
  8
NUMBERS
100
AcDbText
 10
46084.49383583492
 20
-29899.19275670252
 30
0.0
 40
80.0
  1
F2卫生间-14
 72
     1
 11
46357.82716916825
 21
-29859.19275670252
 31
0.0
100
AcDbText
 73
     2
  0
LWPOLYLINE
  5
8F1
330
17
100
AcDbEntity
  8
OUTER
100
AcDbPolyline
 90
        5
 70
     0
 43
0.0
 10
47254.2150981135
 20
-30153.67400670251
 10
47355.8150981135
 20
-30153.67400670251
 10
47355.8150981135
 20
-29564.71150670251
 10
47254.2150981135
 20
-29564.71150670251
 10
47254.2150981135
 20
-30153.67400670251
  0
TEXT
  5
8F2
330
17
100
AcDbEntity
  8
NUMBERS
100
AcDbText
 10
47244.74889440978
 20
-29868.01220114696
 30
0.0
 40
17.63888888888863
  1
F2卫生间-15
 72
     1
 11
47305.01509811348
 21
-29859.19275670251
 31
0.0
100
AcDbText
 73
     2
  0
LWPOLYLINE
  5
8F3
330
17
100
AcDbEntity
  8
OUTER
100
AcDbPolyline
 90
        5
 70
     0
 43
0.0
 10
51916.00643167472
 20
-30146.77574198485
 10
52017.60643167473
 20
-30146.77574198485
 10
52017.60643167473
 20
-29557.81324198486
 10
51916.00643167472
 20
-29557.81324198486
 10
51916.00643167472
 20
-30146.77574198485
  0
TEXT
  5
8F4
330
17
100
AcDbEntity
  8
NUMBERS
100
AcDbText
 10
51906.54022797103
 20
-29861.1139364293
 30
0.0
 40
17.63888888888863
  1
F2卫生间-16
 72
     1
 11
51966.80643167472
 21
-29852.29449198486
 31
0.0
100
AcDbText
 73
     2
  0
LWPOLYLINE
  5
8F5
330
17
100
AcDbEntity
  8
OUTER
100
AcDbPolyline
 90
        5
 70
     0
 43
0.0
 10
52565.34129103521
 20
-30153.67400670251
 10
53359.09129103519
 20
-30153.67400670251
 10
53359.09129103519
 20
-29564.71150670251
 10
52565.34129103521
 20
-29564.71150670251
 10
52565.34129103521
 20
-30153.67400670251
  0
TEXT
  5
8F6
330
17
100
AcDbEntity
  8
NUMBERS
100
AcDbText
 10
52688.88295770187
 20
-29899.19275670251
 30
0.0
 40
80.0
  1
F2卫生间-17
 72
     1
 11
52962.2162910352
 21
-29859.19275670251
 31
0.0
100
AcDbText
 73
     2
  0
LWPOLYLINE
  5
8F7
330
17
100
AcDbEntity
  8
OUTER
100
AcDbPolyline
 90
        5
 70
     0
 43
0.0
 10
53858.60421998045
 20
-30153.67400670251
 10
53960.20421998045
 20
-30153.67400670251
 10
53960.20421998045
 20
-29564.71150670251
 10
53858.60421998045
 20
-29564.71150670251
 10
53858.60421998045
 20
-30153.67400670251
  0
TEXT
  5
8F8
330
17
100
AcDbEntity
  8
NUMBERS
100
AcDbText
 10
53849.13801627676
 20
-29868.01220114696
 30
0.0
 40
17.63888888888863
  1
F2卫生间-18
 72
     1
 11
53909.40421998045
 21
-29859.19275670251
 31
0.0
100
AcDbText
 73
     2
  0
LWPOLYLINE
  5
8F9
330
17
100
AcDbEntity
  8
OUTER
100
AcDbPolyline
 90
        5
 70
     0
 43
0.0
 10
58593.61499133452
 20
-30146.77574198485
 10
58695.21499133452
 20
-30146.77574198485
 10
58695.21499133452
 20
-29557.81324198486
 10
58593.61499133452
 20
-29557.81324198486
 10
58593.61499133452
 20
-30146.77574198485
  0
TEXT
  5
8FA
330
17
100
AcDbEntity
  8
NUMBERS
100
AcDbText
 10
58584.14878763084
 20
-29861.1139364293
 30
0.0
 40
17.63888888888863
  1
F2卫生间-19
 72
     1
 11
58644.41499133453
 21
-29852.29449198486
 31
0.0
100
AcDbText
 73
     2
  0
LWPOLYLINE
  5
8FB
330
17
100
AcDbEntity
  8
OUTER
100
AcDbPolyline
 90
        5
 70
     0
 43
0.0
 10
59242.949850695
 20
-30153.67400670251
 10
60036.69985069501
 20
-30153.67400670251
 10
60036.69985069501
 20
-29564.71150670251
 10
59242.949850695
 20
-29564.71150670251
 10
59242.949850695
 20
-30153.67400670251
  0
TEXT
  5
8FC
330
17
100
AcDbEntity
  8
NUMBERS
100
AcDbText
 10
59359.82485069501
 20
-29899.19275670251
 30
0.0
 40
80.0
  1
F2卫生间-20
 72
     1
 11
59639.82485069501
 21
-29859.19275670251
 31
0.0
100
AcDbText
 73
     2
  0
LWPOLYLINE
  5
8FD
330
17
100
AcDbEntity
  8
OUTER
100
AcDbPolyline
 90
        5
 70
     0
 43
0.0
 10
60536.21277964023
 20
-30153.67400670251
 10
60637.81277964023
 20
-30153.67400670251
 10
60637.81277964023
 20
-29564.71150670251
 10
60536.21277964023
 20
-29564.71150670251
 10
60536.21277964023
 20
-30153.67400670251
  0
TEXT
  5
8FE
330
17
100
AcDbEntity
  8
NUMBERS
100
AcDbText
 10
60526.74657593654
 20
-29868.01220114696
 30
0.0
 40
17.63888888888863
  1
F2卫生间-21
 72
     1
 11
60587.01277964024
 21
-29859.19275670251
 31
0.0
100
AcDbText
 73
     2
  0
LWPOLYLINE
  5
8FF
330
17
100
AcDbEntity
  8
OUTER
100
AcDbPolyline
 90
        5
 70
     0
 43
0.0
 10
65789.92119845658
 20
-30146.77574198485
 10
65891.52119845657
 20
-30146.77574198485
 10
65891.52119845657
 20
-29557.81324198486
 10
65789.92119845658
 20
-29557.81324198486
 10
65789.92119845658
 20
-30146.77574198485
  0
TEXT
  5
900
330
17
100
AcDbEntity
  8
NUMBERS
100
AcDbText
 10
65777.51517993806
 20
-29861.11393642929
 30
0.0
 40
17.63888888888737
  1
F2卫生间-22
 72
     1
 11
65840.72119845656
 21
-29852.29449198485
 31
0.0
100
AcDbText
 73
     2
  0
LWPOLYLINE
  5
901
330
17
100
AcDbEntity
  8
OUTER
100
AcDbPolyline
 90
        5
 70
     0
 43
0.0
 10
66439.25605781705
 20
-30153.67400670251
 10
67233.00605781705
 20
-30153.67400670251
 10
67233.00605781705
 20
-29564.71150670251
 10
66439.25605781705
 20
-29564.71150670251
 10
66439.25605781705
 20
-30153.67400670251
  0
TEXT
  5
902
330
17
100
AcDbEntity
  8
NUMBERS
100
AcDbText
 10
66549.46439115038
 20
-29899.19275670252
 30
0.0
 40
80.0
  1
F2卫生间-23
 72
     1
 11
66836.13105781705
 21
-29859.19275670252
 31
0.0
100
AcDbText
 73
     2
  0
LWPOLYLINE
  5
903
330
17
100
AcDbEntity
  8
OUTER
100
AcDbPolyline
 90
        5
 70
     0
 43
0.0
 10
67732.5189867623
 20
-30153.67400670251
 10
67834.11898676229
 20
-30153.67400670251
 10
67834.11898676229
 20
-29564.71150670251
 10
67732.5189867623
 20
-29564.71150670251
 10
67732.5189867623
 20
-30153.67400670251
  0
TEXT
  5
904
330
17
100
AcDbEntity
  8
NUMBERS
100
AcDbText
 10
67720.11296824379
 20
-29868.01220114696
 30
0.0
 40
17.63888888888737
  1
F2卫生间-24
 72
     1
 11
67783.31898676229
 21
-29859.19275670252
 31
0.0
100
AcDbText
 73
     2
  0
LWPOLYLINE
  5
905
330
17
100
AcDbEntity
  8
OUTER
100
AcDbPolyline
 90
        5
 70
     0
 43
0.0
 10
73218.36668323938
 20
-30146.77574198485
 10
73319.96668323937
 20
-30146.77574198485
 10
73319.96668323937
 20
-29557.81324198486
 10
73218.36668323938
 20
-29557.81324198486
 10
73218.36668323938
 20
-30146.77574198485
  0
TEXT
  5
906
330
17
100
AcDbEntity
  8
NUMBERS
100
AcDbText
 10
73205.96066472087
 20
-29861.11393642929
 30
0.0
 40
17.63888888888737
  1
F2卫生间-25
 72
     1
 11
73269.16668323938
 21
-29852.29449198485
 31
0.0
100
AcDbText
 73
     2
  0
LWPOLYLINE
  5
907
330
17
100
AcDbEntity
  8
OUTER
100
AcDbPolyline
 90
        5
 70
     0
 43
0.0
 10
73867.70154259985
 20
-30153.67400670251
 10
74661.45154259986
 20
-30153.67400670251
 10
74661.45154259986
 20
-29564.71150670251
 10
73867.70154259985
 20
-29564.71150670251
 10
73867.70154259985
 20
-30153.67400670251
  0
TEXT
  5
908
330
17
100
AcDbEntity
  8
NUMBERS
100
AcDbText
 10
73977.90987593318
 20
-29899.19275670252
 30
0.0
 40
80.0
  1
F2卫生间-26
 72
     1
 11
74264.57654259985
 21
-29859.19275670252
 31
0.0
100
AcDbText
 73
     2
  0
LWPOLYLINE
  5
909
330
17
100
AcDbEntity
  8
OUTER
100
AcDbPolyline
 90
        5
 70
     0
 43
0.0
 10
75160.96447154509
 20
-30153.67400670251
 10
75262.56447154509
 20
-30153.67400670251
 10
75262.56447154509
 20
-29564.71150670251
 10
75160.96447154509
 20
-29564.71150670251
 10
75160.96447154509
 20
-30153.67400670251
  0
TEXT
  5
90A
330
17
100
AcDbEntity
  8
NUMBERS
100
AcDbText
 10
75148.55845302656
 20
-29868.01220114696
 30
0.0
 40
17.6388888888899
  1
F2卫生间-27
 72
     1
 11
75211.76447154509
 21
-29859.19275670252
 31
0.0
100
AcDbText
 73
     2
  0
LWPOLYLINE
  5
90B
330
17
100
AcDbEntity
  8
OUTER
100
AcDbPolyline
 90
        5
 70
     0
 43
0.0
 10
81064.66224597374
 20
-30146.77574198485
 10
81166.26224597371
 20
-30146.77574198485
 10
81166.26224597371
 20
-29557.81324198486
 10
81064.66224597374
 20
-29557.81324198486
 10
81064.66224597374
 20
-30146.77574198485
  0
TEXT
  5
90C
330
17
100
AcDbEntity
  8
NUMBERS
100
AcDbText
 10
81052.25622745519
 20
-29861.11393642929
 30
0.0
 40
17.63888888888737
  1
F2卫生间-28
 72
     1
 11
81115.46224597372
 21
-29852.29449198485
 31
0.0
100
AcDbText
 73
     2
  0
LWPOLYLINE
  5
90D
330
17
100
AcDbEntity
  8
OUTER
100
AcDbPolyline
 90
        5
 70
     0
 43
0.0
 10
81713.99710533423
 20
-30153.67400670251
 10
82507.74710533423
 20
-30153.67400670251
 10
82507.74710533423
 20
-29564.71150670251
 10
81713.99710533423
 20
-29564.71150670251
 10
81713.99710533423
 20
-30153.67400670251
  0
TEXT
  5
90E
330
17
100
AcDbEntity
  8
NUMBERS
100
AcDbText
 10
81824.20543866756
 20
-29899.19275670252
 30
0.0
 40
80.0
  1
F2卫生间-29
 72
     1
 11
82110.87210533422
 21
-29859.19275670252
 31
0.0
100
AcDbText
 73
     2
  0
LWPOLYLINE
  5
90F
330
17
100
AcDbEntity
  8
OUTER
100
AcDbPolyline
 90
        5
 70
     0
 43
0.0
 10
83007.26003427946
 20
-30153.67400670251
 10
83108.86003427945
 20
-30153.67400670251
 10
83108.86003427945
 20
-29564.71150670251
 10
83007.26003427946
 20
-29564.71150670251
 10
83007.26003427946
 20
-30153.67400670251
  0
TEXT
  5
910
330
17
100
AcDbEntity
  8
NUMBERS
100
AcDbText
 10
82996.32392316834
 20
-29868.01220114696
 30
0.0
 40
17.63888888888737
  1
F2卫生间-30
 72
     1
 11
83058.06003427944
 21
-29859.19275670252
 31
0.0
100
AcDbText
 73
     2
  0
LWPOLYLINE
  5
911
330
17
100
AcDbEntity
  8
OUTER
100
AcDbPolyline
 90
        5
 70
     0
 43
0.0
 10
44398.73188066778
 20
-28582.12890475351
 10
46291.03188066778
 20
-28582.12890475351
 10
46291.03188066778
 20
-27937.60390475352
 10
44398.73188066778
 20
-27937.60390475352
 10
44398.73188066778
 20
-28582.12890475351
  0
TEXT
  5
912
330
17
100
AcDbEntity
  8
NUMBERS
100
AcDbText
 10
45111.54854733444
 20
-28299.86640475352
 30
0.0
 40
80.0
  1
F2厨房-01
 72
     1
 11
45344.88188066778
 21
-28259.86640475352
 31
0.0
100
AcDbText
 73
     2
  0
LWPOLYLINE
  5
913
330
17
100
AcDbEntity
  8
OUTER
100
AcDbPolyline
 90
        5
 70
     0
 43
0.0
 10
51003.12100253471
 20
-28582.12890475351
 10
52895.42100253473
 20
-28582.12890475351
 10
52895.42100253473
 20
-27937.60390475352
 10
51003.12100253471
 20
-27937.60390475352
 10
51003.12100253471
 20
-28582.12890475351
  0
TEXT
  5
914
330
17
100
AcDbEntity
  8
NUMBERS
100
AcDbText
 10
51702.60433586806
 20
-28299.86640475352
 30
0.0
 40
80.0
  1
F2厨房-02
 72
     1
 11
51949.27100253472
 21
-28259.86640475352
 31
0.0
100
AcDbText
 73
     2
  0
LWPOLYLINE
  5
915
330
17
100
AcDbEntity
  8
OUTER
100
AcDbPolyline
 90
        5
 70
     0
 43
0.0
 10
57680.72956219452
 20
-28582.12890475351
 10
59573.02956219452
 20
-28582.12890475351
 10
59573.02956219452
 20
-27937.60390475352
 10
57680.72956219452
 20
-27937.60390475352
 10
57680.72956219452
 20
-28582.12890475351
  0
TEXT
  5
916
330
17
100
AcDbEntity
  8
NUMBERS
100
AcDbText
 10
58380.21289552786
 20
-28299.86640475352
 30
0.0
 40
80.0
  1
F2厨房-03
 72
     1
 11
58626.87956219453
 21
-28259.86640475352
 31
0.0
100
AcDbText
 73
     2
  0
LWPOLYLINE
  5
917
330
17
100
AcDbEntity
  8
OUTER
100
AcDbPolyline
 90
        5
 70
     0
 43
0.0
 10
64877.03576931657
 20
-28582.12890475351
 10
66769.33576931658
 20
-28582.12890475351
 10
66769.33576931658
 20
-27937.60390475352
 10
64877.03576931657
 20
-27937.60390475352
 10
64877.03576931657
 20
-28582.12890475351
  0
TEXT
  5
918
330
17
100
AcDbEntity
  8
NUMBERS
100
AcDbText
 10
65576.51910264989
 20
-28299.86640475352
 30
0.0
 40
80.0
  1
F2厨房-04
 72
     1
 11
65823.18576931657
 21
-28259.86640475352
 31
0.0
100
AcDbText
 73
     2
  0
LWPOLYLINE
  5
919
330
17
100
AcDbEntity
  8
OUTER
100
AcDbPolyline
 90
        5
 70
     0
 43
0.0
 10
72305.48125409937
 20
-28582.12890475351
 10
74197.78125409938
 20
-28582.12890475351
 10
74197.78125409938
 20
-27937.60390475352
 10
72305.48125409937
 20
-27937.60390475352
 10
72305.48125409937
 20
-28582.12890475351
  0
TEXT
  5
91A
330
17
100
AcDbEntity
  8
NUMBERS
100
AcDbText
 10
73004.96458743271
 20
-28299.86640475352
 30
0.0
 40
80.0
  1
F2厨房-05
 72
     1
 11
73251.63125409938
 21
-28259.86640475352
 31
0.0
100
AcDbText
 73
     2
  0
LWPOLYLINE
  5
91B
330
17
100
AcDbEntity
  8
OUTER
100
AcDbPolyline
 90
        5
 70
     0
 43
0.0
 10
80151.77681683374
 20
-28582.12890475351
 10
82044.07681683374
 20
-28582.12890475351
 10
82044.07681683374
 20
-27937.60390475352
 10
80151.77681683374
 20
-27937.60390475352
 10
80151.77681683374
 20
-28582.12890475351
  0
TEXT
  5
91C
330
17
100
AcDbEntity
  8
NUMBERS
100
AcDbText
 10
80851.26015016705
 20
-28299.86640475352
 30
0.0
 40
80.0
  1
F2厨房-06
 72
     1
 11
81097.92681683371
 21
-28259.86640475352
 31
0.0
100
AcDbText
 73
     2
  0
LWPOLYLINE
  5
91D
330
17
100
AcDbEntity
  8
OUTER
100
AcDbPolyline
 90
        5
 70
     0
 43
0.0
 10
44295.70775566888
 20
-29361.19703079514
 10
45165.65775566887
 20
-29361.19703079514
 10
45165.65775566887
 20
-29259.59703079515
 10
44295.70775566888
 20
-29259.59703079515
 10
44295.70775566888
 20
-29361.19703079514
  0
TEXT
  5
91E
330
17
100
AcDbEntity
  8
NUMBERS
100
AcDbText
 10
44638.18275566889
 20
-29325.39703079514
 30
0.0
 40
30.0
  1
F2厨房-07
 72
     1
 11
44730.68275566888
 21
-29310.39703079514
 31
0.0
100
AcDbText
 73
     2
  0
LWPOLYLINE
  5
91F
330
17
100
AcDbEntity
  8
OUTER
100
AcDbPolyline
 90
        5
 70
     0
 43
0.0
 10
50900.09687753584
 20
-29361.19703079514
 10
51770.04687753583
 20
-29361.19703079514
 10
51770.04687753583
 20
-29259.59703079515
 10
50900.09687753584
 20
-29259.59703079515
 10
50900.09687753584
 20
-29361.19703079514
  0
TEXT
  5
920
330
17
100
AcDbEntity
  8
NUMBERS
100
AcDbText
 10
51242.57187753583
 20
-29325.39703079514
 30
0.0
 40
30.0
  1
F2厨房-08
 72
     1
 11
51335.07187753583
 21
-29310.39703079514
 31
0.0
100
AcDbText
 73
     2
  0
LWPOLYLINE
  5
921
330
17
100
AcDbEntity
  8
OUTER
100
AcDbPolyline
 90
        5
 70
     0
 43
0.0
 10
57577.70543719562
 20
-29361.19703079514
 10
58447.65543719562
 20
-29361.19703079514
 10
58447.65543719562
 20
-29259.59703079515
 10
57577.70543719562
 20
-29259.59703079515
 10
57577.70543719562
 20
-29361.19703079514
  0
TEXT
  5
922
330
17
100
AcDbEntity
  8
NUMBERS
100
AcDbText
 10
57920.18043719562
 20
-29325.39703079514
 30
0.0
 40
30.0
  1
F2厨房-09
 72
     1
 11
58012.68043719562
 21
-29310.39703079514
 31
0.0
100
AcDbText
 73
     2
  0
LWPOLYLINE
  5
923
330
17
100
AcDbEntity
  8
OUTER
100
AcDbPolyline
 90
        5
 70
     0
 43
0.0
 10
64774.01164431767
 20
-29361.19703079514
 10
65643.96164431768
 20
-29361.19703079514
 10
65643.96164431768
 20
-29259.59703079515
 10
64774.01164431767
 20
-29259.59703079515
 10
64774.01164431767
 20
-29361.19703079514
  0
TEXT
  5
924
330
17
100
AcDbEntity
  8
NUMBERS
100
AcDbText
 10
65121.48664431767
 20
-29325.39703079514
 30
0.0
 40
30.0
  1
F2厨房-10
 72
     1
 11
65208.98664431767
 21
-29310.39703079514
 31
0.0
100
AcDbText
 73
     2
  0
LWPOLYLINE
  5
925
330
17
100
AcDbEntity
  8
OUTER
100
AcDbPolyline
 90
        5
 70
     0
 43
0.0
 10
72202.45712910048
 20
-29361.19703079514
 10
73072.40712910048
 20
-29361.19703079514
 10
73072.40712910048
 20
-29259.59703079515
 10
72202.45712910048
 20
-29259.59703079515
 10
72202.45712910048
 20
-29361.19703079514
  0
TEXT
  5
926
330
17
100
AcDbEntity
  8
NUMBERS
100
AcDbText
 10
72552.43212910047
 20
-29325.39703079514
 30
0.0
 40
30.0
  1
F2厨房-11
 72
     1
 11
72637.43212910047
 21
-29310.39703079514
 31
0.0
100
AcDbText
 73
     2
  0
LWPOLYLINE
  5
927
330
17
100
AcDbEntity
  8
OUTER
100
AcDbPolyline
 90
        5
 70
     0
 43
0.0
 10
80048.75269183482
 20
-29361.19703079514
 10
80918.70269183482
 20
-29361.19703079514
 10
80918.70269183482
 20
-29259.59703079515
 10
80048.75269183482
 20
-29259.59703079515
 10
80048.75269183482
 20
-29361.19703079514
  0
TEXT
  5
928
330
17
100
AcDbEntity
  8
NUMBERS
100
AcDbText
 10
80393.72769183488
 20
-29325.39703079514
 30
0.0
 40
30.0
  1
F2厨房-12
 72
     1
 11
80483.72769183488
 21
-29310.39703079514
 31
0.0
100
AcDbText
 73
     2
  0
LWPOLYLINE
  5
929
330
17
100
AcDbEntity
  8
OUTER
100
AcDbPolyline
 90
        5
 70
     0
 43
0.0
 10
44296.76986278758
 20
-30147.97759589339
 10
45166.71986278759
 20
-30147.97759589339
 10
45166.71986278759
 20
-29559.0150958934
 10
44296.76986278758
 20
-29559.0150958934
 10
44296.76986278758
 20
-30147.97759589339
  0
TEXT
  5
92A
330
17
100
AcDbEntity
  8
NUMBERS
100
AcDbText
 10
44491.74486278758
 20
-29893.4963458934
 30
0.0
 40
80.0
  1
F2厨房-13
 72
     1
 11
44731.74486278758
 21
-29853.4963458934
 31
0.0
100
AcDbText
 73
     2
  0
LWPOLYLINE
  5
92B
330
17
100
AcDbEntity
  8
OUTER
100
AcDbPolyline
 90
        5
 70
     0
 43
0.0
 10
50901.15898465453
 20
-30147.97759589339
 10
51771.10898465453
 20
-30147.97759589339
 10
51771.10898465453
 20
-29559.0150958934
 10
50901.15898465453
 20
-29559.0150958934
 10
50901.15898465453
 20
-30147.97759589339
  0
TEXT
  5
92C
330
17
100
AcDbEntity
  8
NUMBERS
100
AcDbText
 10
51096.13398465452
 20
-29893.4963458934
 30
0.0
 40
80.0
  1
F2厨房-14
 72
     1
 11
51336.13398465452
 21
-29853.4963458934
 31
0.0
100
AcDbText
 73
     2
  0
LWPOLYLINE
  5
92D
330
17
100
AcDbEntity
  8
OUTER
100
AcDbPolyline
 90
        5
 70
     0
 43
0.0
 10
57578.76754431434
 20
-30147.97759589339
 10
58448.71754431434
 20
-30147.97759589339
 10
58448.71754431434
 20
-29559.0150958934
 10
57578.76754431434
 20
-29559.0150958934
 10
57578.76754431434
 20
-30147.97759589339
  0
TEXT
  5
92E
330
17
100
AcDbEntity
  8
NUMBERS
100
AcDbText
 10
57773.74254431434
 20
-29893.4963458934
 30
0.0
 40
80.0
  1
F2厨房-15
 72
     1
 11
58013.74254431434
 21
-29853.4963458934
 31
0.0
100
AcDbText
 73
     2
  0
LWPOLYLINE
  5
92F
330
17
100
AcDbEntity
  8
OUTER
100
AcDbPolyline
 90
        5
 70
     0
 43
0.0
 10
64775.07375143638
 20
-30147.97759589339
 10
65645.02375143638
 20
-30147.97759589339
 10
65645.02375143638
 20
-29559.0150958934
 10
64775.07375143638
 20
-29559.0150958934
 10
64775.07375143638
 20
-30147.97759589339
  0
TEXT
  5
930
330
17
100
AcDbEntity
  8
NUMBERS
100
AcDbText
 10
64970.04875143638
 20
-29893.4963458934
 30
0.0
 40
80.0
  1
F2厨房-16
 72
     1
 11
65210.04875143638
 21
-29853.4963458934
 31
0.0
100
AcDbText
 73
     2
  0
LWPOLYLINE
  5
931
330
17
100
AcDbEntity
  8
OUTER
100
AcDbPolyline
 90
        5
 70
     0
 43
0.0
 10
72203.51923621919
 20
-30147.97759589339
 10
73073.46923621919
 20
-30147.97759589339
 10
73073.46923621919
 20
-29559.0150958934
 10
72203.51923621919
 20
-29559.0150958934
 10
72203.51923621919
 20
-30147.97759589339
  0
TEXT
  5
932
330
17
100
AcDbEntity
  8
NUMBERS
100
AcDbText
 10
72398.49423621918
 20
-29893.4963458934
 30
0.0
 40
80.0
  1
F2厨房-17
 72
     1
 11
72638.49423621918
 21
-29853.4963458934
 31
0.0
100
AcDbText
 73
     2
  0
LWPOLYLINE
  5
933
330
17
100
AcDbEntity
  8
OUTER
100
AcDbPolyline
 90
        5
 70
     0
 43
0.0
 10
80049.81479895356
 20
-30147.97759589339
 10
80919.76479895356
 20
-30147.97759589339
 10
80919.76479895356
 20
-29559.0150958934
 10
80049.81479895356
 20
-29559.0150958934
 10
80049.81479895356
 20
-30147.97759589339
  0
TEXT
  5
934
330
17
100
AcDbEntity
  8
NUMBERS
100
AcDbText
 10
80244.78979895357
 20
-29893.4963458934
 30
0.0
 40
80.0
  1
F2厨房-18
 72
     1
 11
80484.78979895357
 21
-29853.4963458934
 31
0.0
100
AcDbText
 73
     2
  0
LWPOLYLINE
  5
935
330
17
100
AcDbEntity
  8
OUTER
100
AcDbPolyline
 90
        5
 70
     0
 43
0.0
 10
72699.95403806951
 20
-90268.74565757472
 10
73493.70403806951
 20
-90268.74565757472
 10
73493.70403806951
 20
-90167.14565757473
 10
72699.95403806951
 20
-90167.14565757473
 10
72699.95403806951
 20
-90268.74565757472
  0
TEXT
  5
936
330
17
100
AcDbEntity
  8
NUMBERS
100
AcDbText
 10
72996.82903806951
 20
-90232.94565757472
 30
0.0
 40
30.0
  1
F3卫生间-01
 72
     1
 11
73096.82903806951
 21
-90217.94565757472
 31
0.0
100
AcDbText
 73
     2
  0
LWPOLYLINE
  5
937
330
17
100
AcDbEntity
  8
OUTER
100
AcDbPolyline
 90
        5
 70
     0
 43
0.0
 10
47531.84114300626
 20
-90449.64417299901
 10
48325.59114300627
 20
-90449.64417299901
 10
48325.59114300627
 20
-90348.044172999
 10
47531.84114300626
 20
-90348.044172999
 10
47531.84114300626
 20
-90449.64417299901
  0
TEXT
  5
938
330
17
100
AcDbEntity
  8
NUMBERS
100
AcDbText
 10
47823.71614300626
 20
-90413.844172999
 30
0.0
 40
30.0
  1
F3卫生间-02
 72
     1
 11
47928.71614300626
 21
-90398.844172999
 31
0.0
100
AcDbText
 73
     2
  0
LWPOLYLINE
  5
939
330
17
100
AcDbEntity
  8
OUTER
100
AcDbPolyline
 90
        5
 70
     0
 43
0.0
 10
53346.66059172554
 20
-90449.64417299901
 10
54140.41059172554
 20
-90449.64417299901
 10
54140.41059172554
 20
-90348.044172999
 10
53346.66059172554
 20
-90348.044172999
 10
53346.66059172554
 20
-90449.64417299901
  0
TEXT
  5
93A
330
17
100
AcDbEntity
  8
NUMBERS
100
AcDbText
 10
53638.53559172554
 20
-90413.844172999
 30
0.0
 40
30.0
  1
F3卫生间-03
 72
     1
 11
53743.53559172553
 21
-90398.844172999
 31
0.0
100
AcDbText
 73
     2
  0
LWPOLYLINE
  5
93B
330
17
100
AcDbEntity
  8
OUTER
100
AcDbPolyline
 90
        5
 70
     0
 43
0.0
 10
59673.3779140163
 20
-90533.46785572092
 10
60467.12791401628
 20
-90533.46785572092
 10
60467.12791401628
 20
-90431.86785572093
 10
59673.3779140163
 20
-90431.86785572093
 10
59673.3779140163
 20
-90533.46785572092
  0
TEXT
  5
93C
330
17
100
AcDbEntity
  8
NUMBERS
100
AcDbText
 10
59965.25291401629
 20
-90497.66785572094
 30
0.0
 40
30.0
  1
F3卫生间-04
 72
     1
 11
60070.25291401628
 21
-90482.66785572094
 31
0.0
100
AcDbText
 73
     2
  0
LWPOLYLINE
  5
93D
330
17
100
AcDbEntity
  8
OUTER
100
AcDbPolyline
 90
        5
 70
     0
 43
0.0
 10
66649.37599080187
 20
-90340.94723265303
 10
67443.12599080187
 20
-90340.94723265303
 10
67443.12599080187
 20
-90239.34723265304
 10
66649.37599080187
 20
-90239.34723265304
 10
66649.37599080187
 20
-90340.94723265303
  0
TEXT
  5
93E
330
17
100
AcDbEntity
  8
NUMBERS
100
AcDbText
 10
66941.25099080187
 20
-90305.14723265302
 30
0.0
 40
30.0
  1
F3卫生间-05
 72
     1
 11
67046.25099080187
 21
-90290.14723265301
 31
0.0
100
AcDbText
 73
     2
  0
LWPOLYLINE
  5
93F
330
17
100
AcDbEntity
  8
OUTER
100
AcDbPolyline
 90
        5
 70
     0
 43
0.0
 10
47531.84114300626
 20
-91289.8079651431
 10
48325.59114300627
 20
-91289.8079651431
 10
48325.59114300627
 20
-90700.8454651431
 10
47531.84114300626
 20
-90700.8454651431
 10
47531.84114300626
 20
-91289.8079651431
  0
TEXT
  5
940
330
17
100
AcDbEntity
  8
NUMBERS
100
AcDbText
 10
47648.71614300627
 20
-91035.3267151431
 30
0.0
 40
80.0
  1
F3卫生间-06
 72
     1
 11
47928.71614300627
 21
-90995.3267151431
 31
0.0
100
AcDbText
 73
     2
  0
LWPOLYLINE
  5
941
330
17
100
AcDbEntity
  8
OUTER
100
AcDbPolyline
 90
        5
 70
     0
 43
0.0
 10
48474.67026847931
 20
-91289.8079651431
 10
48576.2702684793
 20
-91289.8079651431
 10
48576.2702684793
 20
-90700.8454651431
 10
48474.67026847931
 20
-90700.8454651431
 10
48474.67026847931
 20
-91289.8079651431
  0
TEXT
  5
942
330
17
100
AcDbEntity
  8
NUMBERS
100
AcDbText
 10
48463.73415736819
 20
-91004.14615958754
 30
0.0
 40
17.63888888888611
  1
F3卫生间-07
 72
     1
 11
48525.47026847929
 21
-90995.3267151431
 31
0.0
100
AcDbText
 73
     2
  0
LWPOLYLINE
  5
943
330
17
100
AcDbEntity
  8
OUTER
100
AcDbPolyline
 90
        5
 70
     0
 43
0.0
 10
53346.66059172554
 20
-91289.8079651431
 10
54140.41059172554
 20
-91289.8079651431
 10
54140.41059172554
 20
-90700.8454651431
 10
53346.66059172554
 20
-90700.8454651431
 10
53346.66059172554
 20
-91289.8079651431
  0
TEXT
  5
944
330
17
100
AcDbEntity
  8
NUMBERS
100
AcDbText
 10
53463.53559172551
 20
-91035.32671514306
 30
0.0
 40
80.0
  1
F3卫生间-08
 72
     1
 11
53743.53559172551
 21
-90995.32671514307
 31
0.0
100
AcDbText
 73
     2
  0
LWPOLYLINE
  5
945
330
17
100
AcDbEntity
  8
OUTER
100
AcDbPolyline
 90
        5
 70
     0
 43
0.0
 10
54289.48971719859
 20
-91289.8079651431
 10
54391.08971719856
 20
-91289.8079651431
 10
54391.08971719856
 20
-90700.8454651431
 10
54289.48971719859
 20
-90700.8454651431
 10
54289.48971719859
 20
-91289.8079651431
  0
TEXT
  5
946
330
17
100
AcDbEntity
  8
NUMBERS
100
AcDbText
 10
54278.55360608748
 20
-91004.14615958754
 30
0.0
 40
17.63888888888737
  1
F3卫生间-09
 72
     1
 11
54340.28971719858
 21
-90995.3267151431
 31
0.0
100
AcDbText
 73
     2
  0
LWPOLYLINE
  5
947
330
17
100
AcDbEntity
  8
OUTER
100
AcDbPolyline
 90
        5
 70
     0
 43
0.0
 10
59673.3779140163
 20
-91373.63164786506
 10
60467.12791401628
 20
-91373.63164786506
 10
60467.12791401628
 20
-90784.66914786503
 10
59673.3779140163
 20
-90784.66914786503
 10
59673.3779140163
 20
-91373.63164786506
  0
TEXT
  5
948
330
17
100
AcDbEntity
  8
NUMBERS
100
AcDbText
 10
59803.58624734962
 20
-91119.15039786504
 30
0.0
 40
80.0
  1
F3卫生间-10
 72
     1
 11
60070.25291401628
 21
-91079.15039786504
 31
0.0
100
AcDbText
 73
     2
  0
LWPOLYLINE
  5
949
330
17
100
AcDbEntity
  8
OUTER
100
AcDbPolyline
 90
        5
 70
     0
 43
0.0
 10
60616.20703948934
 20
-91373.63164786506
 10
60717.80703948933
 20
-91373.63164786506
 10
60717.80703948933
 20
-90784.66914786503
 10
60616.20703948934
 20
-90784.66914786503
 10
60616.20703948934
 20
-91373.63164786506
  0
TEXT
  5
94A
330
17
100
AcDbEntity
  8
NUMBERS
100
AcDbText
 10
60609.68065060044
 20
-91087.96984230949
 30
0.0
 40
17.63888888888737
  1
F3卫生间-11
 72
     1
 11
60667.00703948932
 21
-91079.15039786504
 31
0.0
100
AcDbText
 73
     2
  0
LWPOLYLINE
  5
94B
330
17
100
AcDbEntity
  8
OUTER
100
AcDbPolyline
 90
        5
 70
     0
 43
0.0
 10
66649.37599080187
 20
-91181.11102479712
 10
67443.12599080187
 20
-91181.11102479712
 10
67443.12599080187
 20
-90592.14852479712
 10
66649.37599080187
 20
-90592.14852479712
 10
66649.37599080187
 20
-91181.11102479712
  0
TEXT
  5
94C
330
17
100
AcDbEntity
  8
NUMBERS
100
AcDbText
 10
66772.91765746854
 20
-90926.62977479713
 30
0.0
 40
80.0
  1
F3卫生间-12
 72
     1
 11
67046.25099080187
 21
-90886.62977479712
 31
0.0
100
AcDbText
 73
     2
  0
LWPOLYLINE
  5
94D
330
17
100
AcDbEntity
  8
OUTER
100
AcDbPolyline
 90
        5
 70
     0
 43
0.0
 10
67592.20511627493
 20
-91181.11102479712
 10
67693.80511627492
 20
-91181.11102479712
 10
67693.80511627492
 20
-90592.14852479712
 10
67592.20511627493
 20
-90592.14852479712
 10
67592.20511627493
 20
-91181.11102479712
  0
TEXT
  5
94E
330
17
100
AcDbEntity
  8
NUMBERS
100
AcDbText
 10
67582.73891257122
 20
-90895.44921924156
 30
0.0
 40
17.63888888888737
  1
F3卫生间-13
 72
     1
 11
67643.00511627491
 21
-90886.62977479712
 31
0.0
100
AcDbText
 73
     2
  0
LWPOLYLINE
  5
94F
330
17
100
AcDbEntity
  8
OUTER
100
AcDbPolyline
 90
        5
 70
     0
 43
0.0
 10
72699.95403806951
 20
-91108.90944971881
 10
73493.70403806951
 20
-91108.90944971881
 10
73493.70403806951
 20
-90519.94694971883
 10
72699.95403806951
 20
-90519.94694971883
 10
72699.95403806951
 20
-91108.90944971881
  0
TEXT
  5
950
330
17
100
AcDbEntity
  8
NUMBERS
100
AcDbText
 10
72823.49570473618
 20
-90854.42819971881
 30
0.0
 40
80.0
  1
F3卫生间-14
 72
     1
 11
73096.82903806951
 21
-90814.42819971881
 31
0.0
100
AcDbText
 73
     2
  0
LWPOLYLINE
  5
951
330
17
100
AcDbEntity
  8
OUTER
100
AcDbPolyline
 90
        5
 70
     0
 43
0.0
 10
73642.78316354255
 20
-91108.90944971881
 10
73744.38316354255
 20
-91108.90944971881
 10
73744.38316354255
 20
-90519.94694971883
 10
73642.78316354255
 20
-90519.94694971883
 10
73642.78316354255
 20
-91108.90944971881
  0
TEXT
  5
952
330
17
100
AcDbEntity
  8
NUMBERS
100
AcDbText
 10
73633.31695983885
 20
-90823.24764416325
 30
0.0
 40
17.63888888888737
  1
F3卫生间-15
 72
     1
 11
73693.58316354254
 21
-90814.42819971883
 31
0.0
100
AcDbText
 73
     2
  0
LWPOLYLINE
  5
953
330
17
100
AcDbEntity
  8
OUTER
100
AcDbPolyline
 90
        5
 70
     0
 43
0.0
 10
47523.89166265031
 20
-91912.93371215754
 10
48393.8416626503
 20
-91912.93371215754
 10
48393.8416626503
 20
-91811.33371215755
 10
47523.89166265031
 20
-91811.33371215755
 10
47523.89166265031
 20
-91912.93371215754
  0
TEXT
  5
954
330
17
100
AcDbEntity
  8
NUMBERS
100
AcDbText
 10
47856.3666626503
 20
-91877.13371215757
 30
0.0
 40
30.0
  1
F3卫生间-16
 72
     1
 11
47958.86666265031
 21
-91862.13371215757
 31
0.0
100
AcDbText
 73
     2
  0
LWPOLYLINE
  5
955
330
17
100
AcDbEntity
  8
OUTER
100
AcDbPolyline
 90
        5
 70
     0
 43
0.0
 10
53341.04096545503
 20
-91912.93371215754
 10
54210.99096545503
 20
-91912.93371215754
 10
54210.99096545503
 20
-91811.33371215755
 10
53341.04096545503
 20
-91811.33371215755
 10
53341.04096545503
 20
-91912.93371215754
  0
TEXT
  5
956
330
17
100
AcDbEntity
  8
NUMBERS
100
AcDbText
 10
53673.51596545503
 20
-91877.13371215757
 30
0.0
 40
30.0
  1
F3卫生间-17
 72
     1
 11
53776.01596545503
 21
-91862.13371215757
 31
0.0
100
AcDbText
 73
     2
  0
LWPOLYLINE
  5
957
330
17
100
AcDbEntity
  8
OUTER
100
AcDbPolyline
 90
        5
 70
     0
 43
0.0
 10
59679.9730528973
 20
-91960.69996875069
 10
60549.92305289728
 20
-91960.69996875069
 10
60549.92305289728
 20
-91859.09996875066
 10
59679.9730528973
 20
-91859.09996875066
 10
59679.9730528973
 20
-91960.69996875069
  0
TEXT
  5
958
330
17
100
AcDbEntity
  8
NUMBERS
100
AcDbText
 10
60012.44805289731
 20
-91924.89996875066
 30
0.0
 40
30.0
  1
F3卫生间-18
 72
     1
 11
60114.94805289731
 21
-91909.89996875066
 31
0.0
100
AcDbText
 73
     2
  0
LWPOLYLINE
  5
959
330
17
100
AcDbEntity
  8
OUTER
100
AcDbPolyline
 90
        5
 70
     0
 43
0.0
 10
66726.80745063866
 20
-91960.69996875069
 10
67596.75745063866
 20
-91960.69996875069
 10
67596.75745063866
 20
-91859.09996875066
 10
66726.80745063866
 20
-91859.09996875066
 10
66726.80745063866
 20
-91960.69996875069
  0
TEXT
  5
95A
330
17
100
AcDbEntity
  8
NUMBERS
100
AcDbText
 10
67059.28245063865
 20
-91924.89996875069
 30
0.0
 40
30.0
  1
F3卫生间-19
 72
     1
 11
67161.78245063865
 21
-91909.89996875069
 31
0.0
100
AcDbText
 73
     2
  0
LWPOLYLINE
  5
95B
330
17
100
AcDbEntity
  8
OUTER
100
AcDbPolyline
 90
        5
 70
     0
 43
0.0
 10
72733.16893347463
 20
-91960.69996875069
 10
73603.11893347463
 20
-91960.69996875069
 10
73603.11893347463
 20
-91859.09996875066
 10
72733.16893347463
 20
-91859.09996875066
 10
72733.16893347463
 20
-91960.69996875069
  0
TEXT
  5
95C
330
17
100
AcDbEntity
  8
NUMBERS
100
AcDbText
 10
73063.14393347461
 20
-91924.89996875069
 30
0.0
 40
30.0
  1
F3卫生间-20
 72
     1
 11
73168.14393347461
 21
-91909.89996875069
 31
0.0
100
AcDbText
 73
     2
  0
LWPOLYLINE
  5
95D
330
17
100
AcDbEntity
  8
OUTER
100
AcDbPolyline
 90
        5
 70
     0
 43
0.0
 10
46451.74821288655
 20
-92718.70085877992
 10
46908.94821288654
 20
-92718.70085877992
 10
46908.94821288654
 20
-92074.17585877992
 10
46451.74821288655
 20
-92074.17585877992
 10
46451.74821288655
 20
-92718.70085877992
  0
TEXT
  5
95E
330
17
100
AcDbEntity
  8
NUMBERS
100
AcDbText
 10
46409.15029621988
 20
-92436.12585877992
 30
0.0
 40
79.37499999999824
  1
F3卫生间-21
 72
     1
 11
46680.34821288655
 21
-92396.43835877993
 31
0.0
100
AcDbText
 73
     2
  0
LWPOLYLINE
  5
95F
330
17
100
AcDbEntity
  8
OUTER
100
AcDbPolyline
 90
        5
 70
     0
 43
0.0
 10
47523.89166265031
 20
-92690.11613229046
 10
48393.8416626503
 20
-92690.11613229046
 10
48393.8416626503
 20
-92101.15363229046
 10
47523.89166265031
 20
-92101.15363229046
 10
47523.89166265031
 20
-92690.11613229046
  0
TEXT
  5
960
330
17
100
AcDbEntity
  8
NUMBERS
100
AcDbText
 10
47672.19999598364
 20
-92435.63488229046
 30
0.0
 40
80.0
  1
F3卫生间-22
 72
     1
 11
47958.86666265031
 21
-92395.63488229046
 31
0.0
100
AcDbText
 73
     2
  0
LWPOLYLINE
  5
961
330
17
100
AcDbEntity
  8
OUTER
100
AcDbPolyline
 90
        5
 70
     0
 43
0.0
 10
48543.78520600597
 20
-92689.1524048205
 10
48645.38520600596
 20
-92689.1524048205
 10
48645.38520600596
 20
-92100.18990482053
 10
48543.78520600597
 20
-92100.18990482053
 10
48543.78520600597
 20
-92689.1524048205
  0
TEXT
  5
962
330
17
100
AcDbEntity
  8
NUMBERS
100
AcDbText
 10
48531.37918748746
 20
-92403.49059926494
 30
0.0
 40
17.63888888888737
  1
F3卫生间-23
 72
     1
 11
48594.58520600598
 21
-92394.67115482051
 31
0.0
100
AcDbText
 73
     2
  0
LWPOLYLINE
  5
963
330
17
100
AcDbEntity
  8
OUTER
100
AcDbPolyline
 90
        5
 70
     0
 43
0.0
 10
52268.89751569127
 20
-92718.70085877992
 10
52726.09751569127
 20
-92718.70085877992
 10
52726.09751569127
 20
-92074.17585877992
 10
52268.89751569127
 20
-92074.17585877992
 10
52268.89751569127
 20
-92718.70085877992
  0
TEXT
  5
964
330
17
100
AcDbEntity
  8
NUMBERS
100
AcDbText
 10
52213.07043235794
 20
-92436.12585877993
 30
0.0
 40
79.3749999999995
  1
F3卫生间-24
 72
     1
 11
52497.49751569128
 21
-92396.43835877993
 31
0.0
100
AcDbText
 73
     2
  0
LWPOLYLINE
  5
965
330
17
100
AcDbEntity
  8
OUTER
100
AcDbPolyline
 90
        5
 70
     0
 43
0.0
 10
53341.04096545503
 20
-92690.11613229046
 10
54210.99096545503
 20
-92690.11613229046
 10
54210.99096545503
 20
-92101.15363229046
 10
53341.04096545503
 20
-92101.15363229046
 10
53341.04096545503
 20
-92690.11613229046
  0
TEXT
  5
966
330
17
100
AcDbEntity
  8
NUMBERS
100
AcDbText
 10
53489.34929878837
 20
-92435.63488229046
 30
0.0
 40
80.0
  1
F3卫生间-25
 72
     1
 11
53776.01596545503
 21
-92395.63488229046
 31
0.0
100
AcDbText
 73
     2
  0
LWPOLYLINE
  5
967
330
17
100
AcDbEntity
  8
OUTER
100
AcDbPolyline
 90
        5
 70
     0
 43
0.0
 10
54360.93450881069
 20
-92689.1524048205
 10
54462.53450881068
 20
-92689.1524048205
 10
54462.53450881068
 20
-92100.18990482053
 10
54360.93450881069
 20
-92100.18990482053
 10
54360.93450881069
 20
-92689.1524048205
  0
TEXT
  5
968
330
17
100
AcDbEntity
  8
NUMBERS
100
AcDbText
 10
54348.52849029218
 20
-92403.49059926494
 30
0.0
 40
17.63888888888737
  1
F3卫生间-26
 72
     1
 11
54411.73450881069
 21
-92394.67115482051
 31
0.0
100
AcDbText
 73
     2
  0
LWPOLYLINE
  5
969
330
17
100
AcDbEntity
  8
OUTER
100
AcDbPolyline
 90
        5
 70
     0
 43
0.0
 10
58607.82960313352
 20
-92766.46711537305
 10
59065.02960313352
 20
-92766.46711537305
 10
59065.02960313352
 20
-92121.94211537305
 10
58607.82960313352
 20
-92121.94211537305
 10
58607.82960313352
 20
-92766.46711537305
  0
TEXT
  5
96A
330
17
100
AcDbEntity
  8
NUMBERS
100
AcDbText
 10
58552.00251980019
 20
-92483.89211537304
 30
0.0
 40
79.37499999999824
  1
F3卫生间-27
 72
     1
 11
58836.42960313352
 21
-92444.20461537304
 31
0.0
100
AcDbText
 73
     2
  0
LWPOLYLINE
  5
96B
330
17
100
AcDbEntity
  8
OUTER
100
AcDbPolyline
 90
        5
 70
     0
 43
0.0
 10
59679.9730528973
 20
-92737.88238888359
 10
60549.92305289728
 20
-92737.88238888359
 10
60549.92305289728
 20
-92148.91988888359
 10
59679.9730528973
 20
-92148.91988888359
 10
59679.9730528973
 20
-92737.88238888359
  0
TEXT
  5
96C
330
17
100
AcDbEntity
  8
NUMBERS
100
AcDbText
 10
59828.28138623062
 20
-92483.40113888358
 30
0.0
 40
80.0
  1
F3卫生间-28
 72
     1
 11
60114.94805289729
 21
-92443.40113888357
 31
0.0
100
AcDbText
 73
     2
  0
LWPOLYLINE
  5
96D
330
17
100
AcDbEntity
  8
OUTER
100
AcDbPolyline
 90
        5
 70
     0
 43
0.0
 10
60699.86659625295
 20
-92736.91866141362
 10
60801.46659625294
 20
-92736.91866141362
 10
60801.46659625294
 20
-92147.95616141364
 10
60699.86659625295
 20
-92147.95616141364
 10
60699.86659625295
 20
-92736.91866141362
  0
TEXT
  5
96E
330
17
100
AcDbEntity
  8
NUMBERS
100
AcDbText
 10
60687.46057773445
 20
-92451.25685585806
 30
0.0
 40
17.63888888888611
  1
F3卫生间-29
 72
     1
 11
60750.66659625297
 21
-92442.43741141364
 31
0.0
100
AcDbText
 73
     2
  0
LWPOLYLINE
  5
96F
330
17
100
AcDbEntity
  8
OUTER
100
AcDbPolyline
 90
        5
 70
     0
 43
0.0
 10
65654.6640008749
 20
-92766.46711537305
 10
66111.86400087487
 20
-92766.46711537305
 10
66111.86400087487
 20
-92121.94211537305
 10
65654.6640008749
 20
-92121.94211537305
 10
65654.6640008749
 20
-92766.46711537305
  0
TEXT
  5
970
330
17
100
AcDbEntity
  8
NUMBERS
100
AcDbText
 10
65605.45150087488
 20
-92483.89211537304
 30
0.0
 40
79.3749999999995
  1
F3卫生间-30
 72
     1
 11
65883.26400087488
 21
-92444.20461537306
 31
0.0
100
AcDbText
 73
     2
  0
LWPOLYLINE
  5
971
330
17
100
AcDbEntity
  8
OUTER
100
AcDbPolyline
 90
        5
 70
     0
 43
0.0
 10
66726.80745063866
 20
-92737.88238888359
 10
67596.75745063866
 20
-92737.88238888359
 10
67596.75745063866
 20
-92148.91988888359
 10
66726.80745063866
 20
-92148.91988888359
 10
66726.80745063866
 20
-92737.88238888359
  0
TEXT
  5
972
330
17
100
AcDbEntity
  8
NUMBERS
100
AcDbText
 10
66888.44911730532
 20
-92483.40113888358
 30
0.0
 40
80.0
  1
F3卫生间-31
 72
     1
 11
67161.78245063865
 21
-92443.40113888359
 31
0.0
100
AcDbText
 73
     2
  0
LWPOLYLINE
  5
973
330
17
100
AcDbEntity
  8
OUTER
100
AcDbPolyline
 90
        5
 70
     0
 43
0.0
 10
67746.70099399433
 20
-92736.91866141362
 10
67848.30099399432
 20
-92736.91866141362
 10
67848.30099399432
 20
-92147.95616141364
 10
67746.70099399433
 20
-92147.95616141364
 10
67746.70099399433
 20
-92736.91866141362
  0
TEXT
  5
974
330
17
100
AcDbEntity
  8
NUMBERS
100
AcDbText
 10
67734.29497547581
 20
-92451.25685585806
 30
0.0
 40
17.63888888888737
  1
F3卫生间-32
 72
     1
 11
67797.50099399432
 21
-92442.43741141364
 31
0.0
100
AcDbText
 73
     2
  0
LWPOLYLINE
  5
975
330
17
100
AcDbEntity
  8
OUTER
100
AcDbPolyline
 90
        5
 70
     0
 43
0.0
 10
71661.02548371085
 20
-92766.46711537305
 10
72118.22548371085
 20
-92766.46711537305
 10
72118.22548371085
 20
-92121.94211537305
 10
71661.02548371085
 20
-92121.94211537305
 10
71661.02548371085
 20
-92766.46711537305
  0
TEXT
  5
976
330
17
100
AcDbEntity
  8
NUMBERS
100
AcDbText
 10
71605.19840037752
 20
-92483.89211537304
 30
0.0
 40
79.3749999999995
  1
F3卫生间-33
 72
     1
 11
71889.62548371084
 21
-92444.20461537306
 31
0.0
100
AcDbText
 73
     2
  0
LWPOLYLINE
  5
977
330
17
100
AcDbEntity
  8
OUTER
100
AcDbPolyline
 90
        5
 70
     0
 43
0.0
 10
72733.16893347463
 20
-92737.88238888359
 10
73603.11893347463
 20
-92737.88238888359
 10
73603.11893347463
 20
-92148.91988888359
 10
72733.16893347463
 20
-92148.91988888359
 10
72733.16893347463
 20
-92737.88238888359
  0
TEXT
  5
978
330
17
100
AcDbEntity
  8
NUMBERS
100
AcDbText
 10
72881.47726680794
 20
-92483.40113888358
 30
0.0
 40
80.0
  1
F3卫生间-34
 72
     1
 11
73168.14393347461
 21
-92443.40113888359
 31
0.0
100
AcDbText
 73
     2
  0
LWPOLYLINE
  5
979
330
17
100
AcDbEntity
  8
OUTER
100
AcDbPolyline
 90
        5
 70
     0
 43
0.0
 10
73753.06247683028
 20
-92736.91866141362
 10
73854.66247683027
 20
-92736.91866141362
 10
73854.66247683027
 20
-92147.95616141364
 10
73753.06247683028
 20
-92147.95616141364
 10
73753.06247683028
 20
-92736.91866141362
  0
TEXT
  5
97A
330
17
100
AcDbEntity
  8
NUMBERS
100
AcDbText
 10
73740.65645831175
 20
-92451.25685585806
 30
0.0
 40
17.63888888888737
  1
F3卫生间-35
 72
     1
 11
73803.86247683027
 21
-92442.43741141364
 31
0.0
100
AcDbText
 73
     2
  0
LWPOLYLINE
  5
97B
330
17
100
AcDbEntity
  8
OUTER
100
AcDbPolyline
 90
        8
 70
     0
 43
0.0
 10
44456.59795509213
 20
-92078.41830826161
 10
44456.59795509213
 20
-92722.94330826159
 10
46077.43545509213
 20
-92722.94330826159
 10
46077.43545509213
 20
-92078.41830826161
 10
45101.12295509212
 20
-92078.41830826161
 10
45101.12295509212
 20
-90182.97416916338
 10
44456.59795509213
 20
-90182.97416916338
 10
44456.59795509213
 20
-92722.97416916336
  0
TEXT
  5
97C
330
17
100
AcDbEntity
  8
NUMBERS
100
AcDbText
 10
44770.54378341115
 20
-91756.0983270601
 30
0.0
 40
80.0
  1
F3厨房-01
 72
     1
 11
45003.87711674449
 21
-91716.0983270601
 31
0.0
100
AcDbText
 73
     2
  0
LWPOLYLINE
  5
97D
330
17
100
AcDbEntity
  8
OUTER
100
AcDbPolyline
 90
        8
 70
     0
 43
0.0
 10
50273.74725789687
 20
-92078.41830826161
 10
50273.74725789687
 20
-92722.94330826159
 10
51894.58475789685
 20
-92722.94330826159
 10
51894.58475789685
 20
-92078.41830826161
 10
50918.27225789685
 20
-92078.41830826161
 10
50918.27225789685
 20
-90182.97416916338
 10
50273.74725789687
 20
-90182.97416916338
 10
50273.74725789687
 20
-92722.97416916336
  0
TEXT
  5
97E
330
17
100
AcDbEntity
  8
NUMBERS
100
AcDbText
 10
50574.35975288254
 20
-91756.09832706012
 30
0.0
 40
80.0
  1
F3厨房-02
 72
     1
 11
50821.02641954921
 21
-91716.0983270601
 31
0.0
100
AcDbText
 73
     2
  0
LWPOLYLINE
  5
97F
330
17
100
AcDbEntity
  8
OUTER
100
AcDbPolyline
 90
        8
 70
     0
 43
0.0
 10
56612.67934533912
 20
-92126.18456485474
 10
56612.67934533912
 20
-92770.70956485472
 10
58233.51684533911
 20
-92770.70956485472
 10
58233.51684533911
 20
-92126.18456485474
 10
57257.2043453391
 20
-92126.18456485474
 10
57257.2043453391
 20
-90230.74042575649
 10
56612.67934533912
 20
-90230.74042575649
 10
56612.67934533912
 20
-92770.7404257565
  0
TEXT
  5
980
330
17
100
AcDbEntity
  8
NUMBERS
100
AcDbText
 10
56913.29184032482
 20
-91803.86458365324
 30
0.0
 40
80.0
  1
F3厨房-03
 72
     1
 11
57159.95850699148
 21
-91763.86458365323
 31
0.0
100
AcDbText
 73
     2
  0
LWPOLYLINE
  5
981
330
17
100
AcDbEntity
  8
OUTER
100
AcDbPolyline
 90
        8
 70
     0
 43
0.0
 10
63659.51374308047
 20
-92126.18456485474
 10
63659.51374308047
 20
-92770.70956485472
 10
65280.35124308048
 20
-92770.70956485472
 10
65280.35124308048
 20
-92126.18456485474
 10
64304.03874308048
 20
-92126.18456485474
 10
64304.03874308048
 20
-90230.74042575649
 10
63659.51374308047
 20
-90230.74042575649
 10
63659.51374308047
 20
-92770.7404257565
  0
TEXT
  5
982
330
17
100
AcDbEntity
  8
NUMBERS
100
AcDbText
 10
63960.12623806618
 20
-91803.86458365324
 30
0.0
 40
80.0
  1
F3厨房-04
 72
     1
 11
64206.79290473284
 21
-91763.86458365323
 31
0.0
100
AcDbText
 73
     2
  0
LWPOLYLINE
  5
983
330
17
100
AcDbEntity
  8
OUTER
100
AcDbPolyline
 90
        8
 70
     0
 43
0.0
 10
69665.87522591643
 20
-92126.18456485474
 10
69665.87522591643
 20
-92770.70956485472
 10
71286.71272591643
 20
-92770.70956485472
 10
71286.71272591643
 20
-92126.18456485474
 10
70310.40022591643
 20
-92126.18456485474
 10
70310.40022591643
 20
-90230.74042575649
 10
69665.87522591643
 20
-90230.74042575649
 10
69665.87522591643
 20
-92770.7404257565
  0
TEXT
  5
984
330
17
100
AcDbEntity
  8
NUMBERS
100
AcDbText
 10
69966.4877209021
 20
-91803.86458365324
 30
0.0
 40
80.0
  1
F3厨房-05
 72
     1
 11
70213.15438756878
 21
-91763.86458365323
 31
0.0
100
AcDbText
 73
     2
  0
LWPOLYLINE
  5
985
330
17
100
AcDbEntity
  8
OUTER
100
AcDbPolyline
 90
        5
 70
     0
 43
0.0
 10
47501.32654709222
 20
-95859.08540941057
 10
48371.27654709221
 20
-95859.08540941057
 10
48371.27654709221
 20
-95757.48540941058
 10
47501.32654709222
 20
-95757.48540941058
 10
47501.32654709222
 20
-95859.08540941057
  0
TEXT
  5
986
330
17
100
AcDbEntity
  8
NUMBERS
100
AcDbText
 10
47836.30154709221
 20
-95823.28540941057
 30
0.0
 40
30.0
  1
F4卫生间-01
 72
     1
 11
47936.30154709221
 21
-95808.28540941057
 31
0.0
100
AcDbText
 73
     2
  0
LWPOLYLINE
  5
987
330
17
100
AcDbEntity
  8
OUTER
100
AcDbPolyline
 90
        5
 70
     0
 43
0.0
 10
52600.9264271496
 20
-95859.08540941057
 10
53470.87642714959
 20
-95859.08540941057
 10
53470.87642714959
 20
-95757.48540941058
 10
52600.9264271496
 20
-95757.48540941058
 10
52600.9264271496
 20
-95859.08540941057
  0
TEXT
  5
988
330
17
100
AcDbEntity
  8
NUMBERS
100
AcDbText
 10
52930.9014271496
 20
-95823.28540941061
 30
0.0
 40
30.0
  1
F4卫生间-02
 72
     1
 11
53035.90142714959
 21
-95808.28540941061
 31
0.0
100
AcDbText
 73
     2
  0
LWPOLYLINE
  5
989
330
17
100
AcDbEntity
  8
OUTER
100
AcDbPolyline
 90
        5
 70
     0
 43
0.0
 10
57321.10678307704
 20
-95859.08540941057
 10
58191.05678307703
 20
-95859.08540941057
 10
58191.05678307703
 20
-95757.48540941058
 10
57321.10678307704
 20
-95757.48540941058
 10
57321.10678307704
 20
-95859.08540941057
  0
TEXT
  5
98A
330
17
100
AcDbEntity
  8
NUMBERS
100
AcDbText
 10
57651.08178307706
 20
-95823.28540941061
 30
0.0
 40
30.0
  1
F4卫生间-03
 72
     1
 11
57756.08178307705
 21
-95808.28540941061
 31
0.0
100
AcDbText
 73
     2
  0
LWPOLYLINE
  5
98B
330
17
100
AcDbEntity
  8
OUTER
100
AcDbPolyline
 90
        5
 70
     0
 43
0.0
 10
62434.07118051736
 20
-95859.08540941057
 10
63304.02118051736
 20
-95859.08540941057
 10
63304.02118051736
 20
-95757.48540941058
 10
62434.07118051736
 20
-95757.48540941058
 10
62434.07118051736
 20
-95859.08540941057
  0
TEXT
  5
98C
330
17
100
AcDbEntity
  8
NUMBERS
100
AcDbText
 10
62764.04618051736
 20
-95823.28540941061
 30
0.0
 40
30.0
  1
F4卫生间-04
 72
     1
 11
62869.04618051736
 21
-95808.28540941061
 31
0.0
100
AcDbText
 73
     2
  0
LWPOLYLINE
  5
98D
330
17
100
AcDbEntity
  8
OUTER
100
AcDbPolyline
 90
        5
 70
     0
 43
0.0
 10
47501.32654709222
 20
-96643.93330541523
 10
48371.27654709221
 20
-96643.93330541523
 10
48371.27654709221
 20
-96054.97080541523
 10
47501.32654709222
 20
-96054.97080541523
 10
47501.32654709222
 20
-96643.93330541523
  0
TEXT
  5
98E
330
17
100
AcDbEntity
  8
NUMBERS
100
AcDbText
 10
47656.30154709222
 20
-96389.45205541524
 30
0.0
 40
80.0
  1
F4卫生间-05
 72
     1
 11
47936.30154709221
 21
-96349.45205541525
 31
0.0
100
AcDbText
 73
     2
  0
LWPOLYLINE
  5
98F
330
17
100
AcDbEntity
  8
OUTER
100
AcDbPolyline
 90
        5
 70
     0
 43
0.0
 10
48643.8252876541
 20
-96643.93330541523
 10
48745.4252876541
 20
-96643.93330541523
 10
48745.4252876541
 20
-96054.97080541523
 10
48643.8252876541
 20
-96054.97080541523
 10
48643.8252876541
 20
-96643.93330541523
  0
TEXT
  5
990
330
17
100
AcDbEntity
  8
NUMBERS
100
AcDbText
 10
48632.88917654298
 20
-96358.27149985967
 30
0.0
 40
17.63888888888863
  1
F4卫生间-06
 72
     1
 11
48694.62528765408
 21
-96349.45205541525
 31
0.0
100
AcDbText
 73
     2
  0
LWPOLYLINE
  5
991
330
17
100
AcDbEntity
  8
OUTER
100
AcDbPolyline
 90
        5
 70
     0
 43
0.0
 10
52600.9264271496
 20
-96643.93330541523
 10
53470.87642714959
 20
-96643.93330541523
 10
53470.87642714959
 20
-96054.97080541523
 10
52600.9264271496
 20
-96054.97080541523
 10
52600.9264271496
 20
-96643.93330541523
  0
TEXT
  5
992
330
17
100
AcDbEntity
  8
NUMBERS
100
AcDbText
 10
52755.90142714961
 20
-96389.45205541524
 30
0.0
 40
80.0
  1
F4卫生间-07
 72
     1
 11
53035.90142714961
 21
-96349.45205541525
 31
0.0
100
AcDbText
 73
     2
  0
LWPOLYLINE
  5
993
330
17
100
AcDbEntity
  8
OUTER
100
AcDbPolyline
 90
        5
 70
     0
 43
0.0
 10
53743.42516771148
 20
-96643.93330541523
 10
53845.02516771148
 20
-96643.93330541523
 10
53845.02516771148
 20
-96054.97080541523
 10
53743.42516771148
 20
-96054.97080541523
 10
53743.42516771148
 20
-96643.93330541523
  0
TEXT
  5
994
330
17
100
AcDbEntity
  8
NUMBERS
100
AcDbText
 10
53732.48905660038
 20
-96358.27149985967
 30
0.0
 40
17.63888888888737
  1
F4卫生间-08
 72
     1
 11
53794.22516771148
 21
-96349.45205541525
 31
0.0
100
AcDbText
 73
     2
  0
LWPOLYLINE
  5
995
330
17
100
AcDbEntity
  8
OUTER
100
AcDbPolyline
 90
        5
 70
     0
 43
0.0
 10
57321.10678307704
 20
-96643.93330541523
 10
58191.05678307703
 20
-96643.93330541523
 10
58191.05678307703
 20
-96054.97080541523
 10
57321.10678307704
 20
-96054.97080541523
 10
57321.10678307704
 20
-96643.93330541523
  0
TEXT
  5
996
330
17
100
AcDbEntity
  8
NUMBERS
100
AcDbText
 10
57476.08178307705
 20
-96389.45205541524
 30
0.0
 40
80.0
  1
F4卫生间-09
 72
     1
 11
57756.08178307705
 21
-96349.45205541525
 31
0.0
100
AcDbText
 73
     2
  0
LWPOLYLINE
  5
997
330
17
100
AcDbEntity
  8
OUTER
100
AcDbPolyline
 90
        5
 70
     0
 43
0.0
 10
58463.60552363893
 20
-96643.93330541523
 10
58565.20552363893
 20
-96643.93330541523
 10
58565.20552363893
 20
-96054.97080541523
 10
58463.60552363893
 20
-96054.97080541523
 10
58463.60552363893
 20
-96643.93330541523
  0
TEXT
  5
998
330
17
100
AcDbEntity
  8
NUMBERS
100
AcDbText
 10
58455.60922734263
 20
-96358.27149985967
 30
0.0
 40
17.63888888888863
  1
F4卫生间-10
 72
     1
 11
58514.40552363892
 21
-96349.45205541525
 31
0.0
100
AcDbText
 73
     2
  0
LWPOLYLINE
  5
999
330
17
100
AcDbEntity
  8
OUTER
100
AcDbPolyline
 90
        5
 70
     0
 43
0.0
 10
62434.07118051736
 20
-96643.93330541523
 10
63304.02118051736
 20
-96643.93330541523
 10
63304.02118051736
 20
-96054.97080541523
 10
62434.07118051736
 20
-96054.97080541523
 10
62434.07118051736
 20
-96643.93330541523
  0
TEXT
  5
99A
330
17
100
AcDbEntity
  8
NUMBERS
100
AcDbText
 10
62609.04618051736
 20
-96389.45205541524
 30
0.0
 40
80.0
  1
F4卫生间-11
 72
     1
 11
62869.04618051736
 21
-96349.45205541525
 31
0.0
100
AcDbText
 73
     2
  0
LWPOLYLINE
  5
99B
330
17
100
AcDbEntity
  8
OUTER
100
AcDbPolyline
 90
        5
 70
     0
 43
0.0
 10
63576.56992107925
 20
-96643.93330541523
 10
63678.16992107924
 20
-96643.93330541523
 10
63678.16992107924
 20
-96054.97080541523
 10
63576.56992107925
 20
-96054.97080541523
 10
63576.56992107925
 20
-96643.93330541523
  0
TEXT
  5
99C
330
17
100
AcDbEntity
  8
NUMBERS
100
AcDbText
 10
63567.10371737555
 20
-96358.27149985967
 30
0.0
 40
17.63888888888737
  1
F4卫生间-12
 72
     1
 11
63627.36992107924
 21
-96349.45205541525
 31
0.0
100
AcDbText
 73
     2
  0
LWPOLYLINE
  5
99D
330
17
100
AcDbEntity
  8
OUTER
100
AcDbPolyline
 90
        5
 70
     0
 43
0.0
 10
47513.64108215207
 20
-97264.48394234918
 10
48383.59108215207
 20
-97264.48394234918
 10
48383.59108215207
 20
-97162.88394234917
 10
47513.64108215207
 20
-97162.88394234917
 10
47513.64108215207
 20
-97264.48394234918
  0
TEXT
  5
99E
330
17
100
AcDbEntity
  8
NUMBERS
100
AcDbText
 10
47846.11608215207
 20
-97228.68394234918
 30
0.0
 40
30.0
  1
F4卫生间-13
 72
     1
 11
47948.61608215207
 21
-97213.68394234918
 31
0.0
100
AcDbText
 73
     2
  0
LWPOLYLINE
  5
99F
330
17
100
AcDbEntity
  8
OUTER
100
AcDbPolyline
 90
        5
 70
     0
 43
0.0
 10
52633.37262118205
 20
-97255.59589199699
 10
53503.32262118204
 20
-97255.59589199699
 10
53503.32262118204
 20
-97153.99589199703
 10
52633.37262118205
 20
-97153.99589199703
 10
52633.37262118205
 20
-97255.59589199699
  0
TEXT
  5
9A0
330
17
100
AcDbEntity
  8
NUMBERS
100
AcDbText
 10
52965.84762118205
 20
-97219.79589199699
 30
0.0
 40
30.0
  1
F4卫生间-14
 72
     1
 11
53068.34762118205
 21
-97204.79589199699
 31
0.0
100
AcDbText
 73
     2
  0
LWPOLYLINE
  5
9A1
330
17
100
AcDbEntity
  8
OUTER
100
AcDbPolyline
 90
        5
 70
     0
 43
0.0
 10
57322.10557228412
 20
-97255.59589199699
 10
58192.05557228412
 20
-97255.59589199699
 10
58192.05557228412
 20
-97153.99589199703
 10
57322.10557228412
 20
-97153.99589199703
 10
57322.10557228412
 20
-97255.59589199699
  0
TEXT
  5
9A2
330
17
100
AcDbEntity
  8
NUMBERS
100
AcDbText
 10
57654.58057228411
 20
-97219.79589199699
 30
0.0
 40
30.0
  1
F4卫生间-15
 72
     1
 11
57757.08057228411
 21
-97204.79589199699
 31
0.0
100
AcDbText
 73
     2
  0
LWPOLYLINE
  5
9A3
330
17
100
AcDbEntity
  8
OUTER
100
AcDbPolyline
 90
        5
 70
     0
 43
0.0
 10
47513.64108215207
 20
-98041.66636248211
 10
48383.59108215207
 20
-98041.66636248211
 10
48383.59108215207
 20
-97452.70386248208
 10
47513.64108215207
 20
-97452.70386248208
 10
47513.64108215207
 20
-98041.66636248211
  0
TEXT
  5
9A4
330
17
100
AcDbEntity
  8
NUMBERS
100
AcDbText
 10
47675.28274881873
 20
-97787.18511248211
 30
0.0
 40
80.0
  1
F4卫生间-16
 72
     1
 11
47948.61608215207
 21
-97747.18511248211
 31
0.0
100
AcDbText
 73
     2
  0
LWPOLYLINE
  5
9A5
330
17
100
AcDbEntity
  8
OUTER
100
AcDbPolyline
 90
        5
 70
     0
 43
0.0
 10
48533.53462550773
 20
-98040.70263501213
 10
48635.13462550772
 20
-98040.70263501213
 10
48635.13462550772
 20
-97451.74013501213
 10
48533.53462550773
 20
-97451.74013501213
 10
48533.53462550773
 20
-98040.70263501213
  0
TEXT
  5
9A6
330
17
100
AcDbEntity
  8
NUMBERS
100
AcDbText
 10
48524.06842180401
 20
-97755.04082945657
 30
0.0
 40
17.63888888888737
  1
F4卫生间-17
 72
     1
 11
48584.33462550771
 21
-97746.22138501213
 31
0.0
100
AcDbText
 73
     2
  0
LWPOLYLINE
  5
9A7
330
17
100
AcDbEntity
  8
OUTER
100
AcDbPolyline
 90
        5
 70
     0
 43
0.0
 10
52633.37262118205
 20
-98032.77831212993
 10
53503.32262118204
 20
-98032.77831212993
 10
53503.32262118204
 20
-97443.81581212993
 10
52633.37262118205
 20
-97443.81581212993
 10
52633.37262118205
 20
-98032.77831212993
  0
TEXT
  5
9A8
330
17
100
AcDbEntity
  8
NUMBERS
100
AcDbText
 10
52795.01428784872
 20
-97778.29706212996
 30
0.0
 40
80.0
  1
F4卫生间-18
 72
     1
 11
53068.34762118205
 21
-97738.29706212996
 31
0.0
100
AcDbText
 73
     2
  0
LWPOLYLINE
  5
9A9
330
17
100
AcDbEntity
  8
OUTER
100
AcDbPolyline
 90
        5
 70
     0
 43
0.0
 10
53653.26616453772
 20
-98031.81458465996
 10
53754.86616453769
 20
-98031.81458465996
 10
53754.86616453769
 20
-97442.85208465996
 10
53653.26616453772
 20
-97442.85208465996
 10
53653.26616453772
 20
-98031.81458465996
  0
TEXT
  5
9AA
330
17
100
AcDbEntity
  8
NUMBERS
100
AcDbText
 10
53643.799960834
 20
-97746.1527791044
 30
0.0
 40
17.63888888888737
  1
F4卫生间-19
 72
     1
 11
53704.06616453769
 21
-97737.33333465996
 31
0.0
100
AcDbText
 73
     2
  0
LWPOLYLINE
  5
9AB
330
17
100
AcDbEntity
  8
OUTER
100
AcDbPolyline
 90
        5
 70
     0
 43
0.0
 10
57322.10557228412
 20
-98032.77831212993
 10
58192.05557228412
 20
-98032.77831212993
 10
58192.05557228412
 20
-97443.81581212993
 10
57322.10557228412
 20
-97443.81581212993
 10
57322.10557228412
 20
-98032.77831212993
  0
TEXT
  5
9AC
330
17
100
AcDbEntity
  8
NUMBERS
100
AcDbText
 10
57477.08057228413
 20
-97778.29706212992
 30
0.0
 40
80.0
  1
F4卫生间-20
 72
     1
 11
57757.08057228413
 21
-97738.29706212993
 31
0.0
100
AcDbText
 73
     2
  0
LWPOLYLINE
  5
9AD
330
17
100
AcDbEntity
  8
OUTER
100
AcDbPolyline
 90
        5
 70
     0
 43
0.0
 10
58341.99911563977
 20
-98031.81458465996
 10
58443.59911563977
 20
-98031.81458465996
 10
58443.59911563977
 20
-97442.85208465996
 10
58341.99911563977
 20
-97442.85208465996
 10
58341.99911563977
 20
-98031.81458465996
  0
TEXT
  5
9AE
330
17
100
AcDbEntity
  8
NUMBERS
100
AcDbText
 10
58332.53291193607
 20
-97746.1527791044
 30
0.0
 40
17.63888888888737
  1
F4卫生间-21
 72
     1
 11
58392.79911563977
 21
-97737.33333465996
 31
0.0
100
AcDbText
 73
     2
  0
LWPOLYLINE
  5
9AF
330
17
100
AcDbEntity
  8
OUTER
100
AcDbPolyline
 90
        5
 70
     0
 43
0.0
 10
62431.12666655754
 20
-97371.77892120303
 10
63301.07666655755
 20
-97371.77892120303
 10
63301.07666655755
 20
-97270.17892120301
 10
62431.12666655754
 20
-97270.17892120301
 10
62431.12666655754
 20
-97371.77892120303
  0
TEXT
  5
9B0
330
17
100
AcDbEntity
  8
NUMBERS
100
AcDbText
 10
62758.60166655753
 20
-97335.97892120304
 30
0.0
 40
30.0
  1
F4卫生间-22
 72
     1
 11
62866.10166655753
 21
-97320.97892120304
 31
0.0
100
AcDbText
 73
     2
  0
LWPOLYLINE
  5
9B1
330
17
100
AcDbEntity
  8
OUTER
100
AcDbPolyline
 90
        5
 70
     0
 43
0.0
 10
62431.12666655754
 20
-98148.96134133592
 10
63301.07666655755
 20
-98148.96134133592
 10
63301.07666655755
 20
-97559.99884133592
 10
62431.12666655754
 20
-97559.99884133592
 10
62431.12666655754
 20
-98148.96134133592
  0
TEXT
  5
9B2
330
17
100
AcDbEntity
  8
NUMBERS
100
AcDbText
 10
62579.4349998909
 20
-97894.48009133591
 30
0.0
 40
80.0
  1
F4卫生间-23
 72
     1
 11
62866.10166655756
 21
-97854.48009133592
 31
0.0
100
AcDbText
 73
     2
  0
LWPOLYLINE
  5
9B3
330
17
100
AcDbEntity
  8
OUTER
100
AcDbPolyline
 90
        5
 70
     0
 43
0.0
 10
63451.02020991321
 20
-98147.99761386595
 10
63552.62020991321
 20
-98147.99761386595
 10
63552.62020991321
 20
-97559.03511386598
 10
63451.02020991321
 20
-97559.03511386598
 10
63451.02020991321
 20
-98147.99761386595
  0
TEXT
  5
9B4
330
17
100
AcDbEntity
  8
NUMBERS
100
AcDbText
 10
63438.6141913947
 20
-97862.33580831039
 30
0.0
 40
17.6388888888899
  1
F4卫生间-24
 72
     1
 11
63501.82020991322
 21
-97853.51636386597
 31
0.0
100
AcDbText
 73
     2
  0
LWPOLYLINE
  5
9B5
330
17
100
AcDbEntity
  8
OUTER
100
AcDbPolyline
 90
        7
 70
     0
 43
0.0
 10
45076.14357825652
 20
-98165.34692996457
 10
45998.48107825653
 20
-98165.34692996457
 10
45998.48107825653
 20
-97520.82192996457
 10
45720.6685782565
 20
-97520.82192996457
 10
45720.6685782565
 20
-95625.34692996457
 10
45076.14357825652
 20
-95625.34692996457
 10
45076.14357825652
 20
-98165.34692996457
  0
TEXT
  5
9B6
330
17
100
AcDbEntity
  8
NUMBERS
100
AcDbText
 10
45210.54008647247
 20
-97028.78583841524
 30
0.0
 40
80.0
  1
F4厨房-01
 72
     1
 11
45443.87341980581
 21
-96988.78583841525
 31
0.0
100
AcDbText
 73
     2
  0
LWPOLYLINE
  5
9B7
330
17
100
AcDbEntity
  8
OUTER
100
AcDbPolyline
 90
        7
 70
     0
 43
0.0
 10
50195.8751172865
 20
-98156.4588796124
 10
51118.21261728648
 20
-98156.4588796124
 10
51118.21261728648
 20
-97511.93387961238
 10
50840.40011728648
 20
-97511.93387961238
 10
50840.40011728648
 20
-95616.4588796124
 10
50195.8751172865
 20
-95616.4588796124
 10
50195.8751172865
 20
-98156.4588796124
  0
TEXT
  5
9B8
330
17
100
AcDbEntity
  8
NUMBERS
100
AcDbText
 10
50316.93829216912
 20
-97019.89778806307
 30
0.0
 40
80.0
  1
F4厨房-02
 72
     1
 11
50563.60495883579
 21
-96979.89778806308
 31
0.0
100
AcDbText
 73
     2
  0
LWPOLYLINE
  5
9B9
330
17
100
AcDbEntity
  8
OUTER
100
AcDbPolyline
 90
        7
 70
     0
 43
0.0
 10
54884.60806838858
 20
-98156.4588796124
 10
55806.94556838857
 20
-98156.4588796124
 10
55806.94556838857
 20
-97511.93387961238
 10
55529.13306838856
 20
-97511.93387961238
 10
55529.13306838856
 20
-95616.4588796124
 10
54884.60806838858
 20
-95616.4588796124
 10
54884.60806838858
 20
-98156.4588796124
  0
TEXT
  5
9BA
330
17
100
AcDbEntity
  8
NUMBERS
100
AcDbText
 10
55005.67124327122
 20
-97019.89778806307
 30
0.0
 40
80.0
  1
F4厨房-03
 72
     1
 11
55252.33790993787
 21
-96979.89778806308
 31
0.0
100
AcDbText
 73
     2
  0
LWPOLYLINE
  5
9BB
330
17
100
AcDbEntity
  8
OUTER
100
AcDbPolyline
 90
        7
 70
     0
 43
0.0
 10
59993.62916266202
 20
-98272.64190881841
 10
60915.966662662
 20
-98272.64190881841
 10
60915.966662662
 20
-97628.11690881839
 10
60638.154162662
 20
-97628.11690881839
 10
60638.154162662
 20
-95732.6419088184
 10
59993.62916266202
 20
-95732.6419088184
 10
59993.62916266202
 20
-98272.64190881841
  0
TEXT
  5
9BC
330
17
100
AcDbEntity
  8
NUMBERS
100
AcDbText
 10
60114.69233754463
 20
-97136.0808172691
 30
0.0
 40
80.0
  1
F4厨房-04
 72
     1
 11
60361.3590042113
 21
-97096.0808172691
 31
0.0
100
AcDbText
 73
     2
  0
LWPOLYLINE
  5
9BD
330
17
100
AcDbEntity
  8
OUTER
100
AcDbPolyline
 90
        5
 70
     0
 43
0.0
 10
46539.20098032592
 20
-98175.34069475419
 10
46996.40098032592
 20
-98175.34069475419
 10
46996.40098032592
 20
-97530.81569475421
 10
46539.20098032592
 20
-97530.81569475421
 10
46539.20098032592
 20
-98175.34069475419
  0
TEXT
  5
9BE
330
17
100
AcDbEntity
  8
NUMBERS
100
AcDbText
 10
46521.13431365926
 20
-97893.07819475419
 30
0.0
 40
80.0
  1
F4厨房-05
 72
     1
 11
46767.80098032591
 21
-97853.0781947542
 31
0.0
100
AcDbText
 73
     2
  0
LWPOLYLINE
  5
9BF
330
17
100
AcDbEntity
  8
OUTER
100
AcDbPolyline
 90
        5
 70
     0
 43
0.0
 10
51658.93251935591
 20
-98166.45264440204
 10
52116.13251935589
 20
-98166.45264440204
 10
52116.13251935589
 20
-97521.92764440204
 10
51658.93251935591
 20
-97521.92764440204
 10
51658.93251935591
 20
-98166.45264440204
  0
TEXT
  5
9C0
330
17
100
AcDbEntity
  8
NUMBERS
100
AcDbText
 10
51640.86585268925
 20
-97884.19014440203
 30
0.0
 40
80.0
  1
F4厨房-06
 72
     1
 11
51887.53251935591
 21
-97844.19014440203
 31
0.0
100
AcDbText
 73
     2
  0
LWPOLYLINE
  5
9C1
330
17
100
AcDbEntity
  8
OUTER
100
AcDbPolyline
 90
        5
 70
     0
 43
0.0
 10
56347.66547045797
 20
-98166.45264440204
 10
56804.86547045798
 20
-98166.45264440204
 10
56804.86547045798
 20
-97521.92764440204
 10
56347.66547045797
 20
-97521.92764440204
 10
56347.66547045797
 20
-98166.45264440204
  0
TEXT
  5
9C2
330
17
100
AcDbEntity
  8
NUMBERS
100
AcDbText
 10
56329.59880379131
 20
-97884.19014440203
 30
0.0
 40
80.0
  1
F4厨房-07
 72
     1
 11
56576.26547045797
 21
-97844.19014440203
 31
0.0
100
AcDbText
 73
     2
  0
LWPOLYLINE
  5
9C3
330
17
100
AcDbEntity
  8
OUTER
100
AcDbPolyline
 90
        5
 70
     0
 43
0.0
 10
61456.68656473142
 20
-98282.63567360801
 10
61913.88656473141
 20
-98282.63567360801
 10
61913.88656473141
 20
-97638.11067360803
 10
61456.68656473142
 20
-97638.11067360803
 10
61456.68656473142
 20
-98282.63567360801
  0
TEXT
  5
9C4
330
17
100
AcDbEntity
  8
NUMBERS
100
AcDbText
 10
61438.61989806475
 20
-98000.373173608
 30
0.0
 40
80.0
  1
F4厨房-08
 72
     1
 11
61685.28656473141
 21
-97960.373173608
 31
0.0
100
AcDbText
 73
     2
  0
LWPOLYLINE
  5
9C5
330
17
100
AcDbEntity
  8
OUTER
100
AcDbPolyline
 90
        5
 70
     0
 43
0.0
 10
47516.22443055622
 20
-76292.18339803664
 10
48309.97443055622
 20
-76292.18339803664
 10
48309.97443055622
 20
-76190.58339803661
 10
47516.22443055622
 20
-76190.58339803661
 10
47516.22443055622
 20
-76292.18339803664
  0
TEXT
  5
9C6
330
17
100
AcDbEntity
  8
NUMBERS
100
AcDbText
 10
47828.09943055621
 20
-76256.38339803662
 30
0.0
 40
30.0
  1
F卫生间-01
 72
     1
 11
47913.09943055621
 21
-76241.38339803661
 31
0.0
100
AcDbText
 73
     2
  0
LWPOLYLINE
  5
9C7
330
17
100
AcDbEntity
  8
OUTER
100
AcDbPolyline
 90
        5
 70
     0
 43
0.0
 10
52975.51167362199
 20
-76292.18339803664
 10
53769.26167362199
 20
-76292.18339803664
 10
53769.26167362199
 20
-76190.58339803661
 10
52975.51167362199
 20
-76190.58339803661
 10
52975.51167362199
 20
-76292.18339803664
  0
TEXT
  5
9C8
330
17
100
AcDbEntity
  8
NUMBERS
100
AcDbText
 10
53282.38667362199
 20
-76256.38339803662
 30
0.0
 40
30.0
  1
F卫生间-02
 72
     1
 11
53372.38667362199
 21
-76241.38339803661
 31
0.0
100
AcDbText
 73
     2
  0
LWPOLYLINE
  5
9C9
330
17
100
AcDbEntity
  8
OUTER
100
AcDbPolyline
 90
        5
 70
     0
 43
0.0
 10
58660.92561408997
 20
-76292.18339803664
 10
59454.67561408997
 20
-76292.18339803664
 10
59454.67561408997
 20
-76190.58339803661
 10
58660.92561408997
 20
-76190.58339803661
 10
58660.92561408997
 20
-76292.18339803664
  0
TEXT
  5
9CA
330
17
100
AcDbEntity
  8
NUMBERS
100
AcDbText
 10
58967.80061408997
 20
-76256.38339803662
 30
0.0
 40
30.0
  1
F卫生间-03
 72
     1
 11
59057.80061408997
 21
-76241.38339803661
 31
0.0
100
AcDbText
 73
     2
  0
LWPOLYLINE
  5
9CB
330
17
100
AcDbEntity
  8
OUTER
100
AcDbPolyline
 90
        5
 70
     0
 43
0.0
 10
64105.18464775655
 20
-76160.89848183552
 10
64898.93464775655
 20
-76160.89848183552
 10
64898.93464775655
 20
-76059.29848183553
 10
64105.18464775655
 20
-76059.29848183553
 10
64105.18464775655
 20
-76160.89848183552
  0
TEXT
  5
9CC
330
17
100
AcDbEntity
  8
NUMBERS
100
AcDbText
 10
64412.05964775656
 20
-76125.09848183552
 30
0.0
 40
30.0
  1
F卫生间-04
 72
     1
 11
64502.05964775656
 21
-76110.09848183552
 31
0.0
100
AcDbText
 73
     2
  0
LWPOLYLINE
  5
9CD
330
17
100
AcDbEntity
  8
OUTER
100
AcDbPolyline
 90
        5
 70
     0
 43
0.0
 10
64105.18464775655
 20
-77001.06227397962
 10
64898.93464775655
 20
-77001.06227397962
 10
64898.93464775655
 20
-76412.09977397963
 10
64105.18464775655
 20
-76412.09977397963
 10
64105.18464775655
 20
-77001.06227397962
  0
TEXT
  5
9CE
330
17
100
AcDbEntity
  8
NUMBERS
100
AcDbText
 10
64262.05964775656
 20
-76746.58102397961
 30
0.0
 40
80.0
  1
F卫生间-05
 72
     1
 11
64502.05964775656
 21
-76706.58102397961
 31
0.0
100
AcDbText
 73
     2
  0
LWPOLYLINE
  5
9CF
330
17
100
AcDbEntity
  8
OUTER
100
AcDbPolyline
 90
        5
 70
     0
 43
0.0
 10
65048.0137732296
 20
-77001.06227397962
 10
65149.61377322959
 20
-77001.06227397962
 10
65149.61377322959
 20
-76412.09977397963
 10
65048.0137732296
 20
-76412.09977397963
 10
65048.0137732296
 20
-77001.06227397962
  0
TEXT
  5
9D0
330
17
100
AcDbEntity
  8
NUMBERS
100
AcDbText
 10
65038.33758275342
 20
-76716.66038905898
 30
0.0
 40
20.15873015872843
  1
F卫生间-06
 72
     1
 11
65098.8137732296
 21
-76706.58102397961
 31
0.0
100
AcDbText
 73
     2
  0
LWPOLYLINE
  5
9D1
330
17
100
AcDbEntity
  8
OUTER
100
AcDbPolyline
 90
        5
 70
     0
 43
0.0
 10
47516.22443055622
 20
-77132.34719018073
 10
48309.97443055622
 20
-77132.34719018073
 10
48309.97443055622
 20
-76543.38469018074
 10
47516.22443055622
 20
-76543.38469018074
 10
47516.22443055622
 20
-77132.34719018073
  0
TEXT
  5
9D2
330
17
100
AcDbEntity
  8
NUMBERS
100
AcDbText
 10
47673.09943055621
 20
-76877.86594018073
 30
0.0
 40
80.0
  1
F卫生间-07
 72
     1
 11
47913.09943055621
 21
-76837.86594018074
 31
0.0
100
AcDbText
 73
     2
  0
LWPOLYLINE
  5
9D3
330
17
100
AcDbEntity
  8
OUTER
100
AcDbPolyline
 90
        5
 70
     0
 43
0.0
 10
48459.05355602925
 20
-77132.34719018073
 10
48560.65355602924
 20
-77132.34719018073
 10
48560.65355602924
 20
-76543.38469018074
 10
48459.05355602925
 20
-76543.38469018074
 10
48459.05355602925
 20
-77132.34719018073
  0
TEXT
  5
9D4
330
17
100
AcDbEntity
  8
NUMBERS
100
AcDbText
 10
48449.37736555307
 20
-76847.9453052601
 30
0.0
 40
20.15873015872699
  1
F卫生间-08
 72
     1
 11
48509.85355602925
 21
-76837.86594018074
 31
0.0
100
AcDbText
 73
     2
  0
LWPOLYLINE
  5
9D5
330
17
100
AcDbEntity
  8
OUTER
100
AcDbPolyline
 90
        5
 70
     0
 43
0.0
 10
52975.51167362199
 20
-77132.34719018073
 10
53769.26167362199
 20
-77132.34719018073
 10
53769.26167362199
 20
-76543.38469018074
 10
52975.51167362199
 20
-76543.38469018074
 10
52975.51167362199
 20
-77132.34719018073
  0
TEXT
  5
9D6
330
17
100
AcDbEntity
  8
NUMBERS
100
AcDbText
 10
53132.38667362199
 20
-76877.86594018073
 30
0.0
 40
80.0
  1
F卫生间-09
 72
     1
 11
53372.38667362199
 21
-76837.86594018074
 31
0.0
100
AcDbText
 73
     2
  0
LWPOLYLINE
  5
9D7
330
17
100
AcDbEntity
  8
OUTER
100
AcDbPolyline
 90
        5
 70
     0
 43
0.0
 10
53918.34079909504
 20
-77132.34719018073
 10
54019.94079909503
 20
-77132.34719018073
 10
54019.94079909503
 20
-76543.38469018074
 10
53918.34079909504
 20
-76543.38469018074
 10
53918.34079909504
 20
-77132.34719018073
  0
TEXT
  5
9D8
330
17
100
AcDbEntity
  8
NUMBERS
100
AcDbText
 10
53912.02439697864
 20
-76847.9453052601
 30
0.0
 40
20.15873015872699
  1
F卫生间-10
 72
     1
 11
53969.14079909504
 21
-76837.86594018074
 31
0.0
100
AcDbText
 73
     2
  0
LWPOLYLINE
  5
9D9
330
17
100
AcDbEntity
  8
OUTER
100
AcDbPolyline
 90
        5
 70
     0
 43
0.0
 10
58660.92561408997
 20
-77132.34719018073
 10
59454.67561408997
 20
-77132.34719018073
 10
59454.67561408997
 20
-76543.38469018074
 10
58660.92561408997
 20
-76543.38469018074
 10
58660.92561408997
 20
-77132.34719018073
  0
TEXT
  5
9DA
330
17
100
AcDbEntity
  8
NUMBERS
100
AcDbText
 10
58837.80061408997
 20
-76877.86594018073
 30
0.0
 40
80.0
  1
F卫生间-11
 72
     1
 11
59057.80061408997
 21
-76837.86594018074
 31
0.0
100
AcDbText
 73
     2
  0
LWPOLYLINE
  5
9DB
330
17
100
AcDbEntity
  8
OUTER
100
AcDbPolyline
 90
        5
 70
     0
 43
0.0
 10
59603.75473956302
 20
-77132.34719018073
 10
59705.354739563
 20
-77132.34719018073
 10
59705.354739563
 20
-76543.38469018074
 10
59603.75473956302
 20
-76543.38469018074
 10
59603.75473956302
 20
-77132.34719018073
  0
TEXT
  5
9DC
330
17
100
AcDbEntity
  8
NUMBERS
100
AcDbText
 10
59595.75844326673
 20
-76847.9453052601
 30
0.0
 40
20.15873015872843
  1
F卫生间-12
 72
     1
 11
59654.55473956303
 21
-76837.86594018074
 31
0.0
100
AcDbText
 73
     2
  0
LWPOLYLINE
  5
9DD
330
17
100
AcDbEntity
  8
OUTER
100
AcDbPolyline
 90
        5
 70
     0
 43
0.0
 10
53100.09581455337
 20
-77706.97619948632
 10
53893.84581455336
 20
-77706.97619948632
 10
53893.84581455336
 20
-77605.37619948633
 10
53100.09581455337
 20
-77605.37619948633
 10
53100.09581455337
 20
-77706.97619948632
  0
TEXT
  5
9DE
330
17
100
AcDbEntity
  8
NUMBERS
100
AcDbText
 10
53409.47081455336
 20
-77671.17619948633
 30
0.0
 40
30.0
  1
F卫生间-13
 72
     1
 11
53496.97081455336
 21
-77656.17619948633
 31
0.0
100
AcDbText
 73
     2
  0
LWPOLYLINE
  5
9DF
330
17
100
AcDbEntity
  8
OUTER
100
AcDbPolyline
 90
        5
 70
     0
 43
0.0
 10
58665.39637749006
 20
-77790.81427368107
 10
59459.14637749006
 20
-77790.81427368107
 10
59459.14637749006
 20
-77689.21427368106
 10
58665.39637749006
 20
-77689.21427368106
 10
58665.39637749006
 20
-77790.81427368107
  0
TEXT
  5
9E0
330
17
100
AcDbEntity
  8
NUMBERS
100
AcDbText
 10
58974.77137749006
 20
-77755.01427368105
 30
0.0
 40
30.0
  1
F卫生间-14
 72
     1
 11
59062.27137749006
 21
-77740.01427368105
 31
0.0
100
AcDbText
 73
     2
  0
LWPOLYLINE
  5
9E1
330
17
100
AcDbEntity
  8
OUTER
100
AcDbPolyline
 90
        5
 70
     0
 43
0.0
 10
64296.22266693987
 20
-77790.81427368107
 10
65089.97266693987
 20
-77790.81427368107
 10
65089.97266693987
 20
-77689.21427368106
 10
64296.22266693987
 20
-77689.21427368106
 10
64296.22266693987
 20
-77790.81427368107
  0
TEXT
  5
9E2
330
17
100
AcDbEntity
  8
NUMBERS
100
AcDbText
 10
64605.59766693987
 20
-77755.01427368105
 30
0.0
 40
30.0
  1
F卫生间-15
 72
     1
 11
64693.09766693987
 21
-77740.01427368105
 31
0.0
100
AcDbText
 73
     2
  0
LWPOLYLINE
  5
9E3
330
17
100
AcDbEntity
  8
OUTER
100
AcDbPolyline
 90
        5
 70
     0
 43
0.0
 10
47572.25043351043
 20
-77825.37042104493
 10
48366.00043351045
 20
-77825.37042104493
 10
48366.00043351045
 20
-77723.77042104494
 10
47572.25043351043
 20
-77723.77042104494
 10
47572.25043351043
 20
-77825.37042104493
  0
TEXT
  5
9E4
330
17
100
AcDbEntity
  8
NUMBERS
100
AcDbText
 10
47881.62543351044
 20
-77789.57042104495
 30
0.0
 40
30.0
  1
F卫生间-16
 72
     1
 11
47969.12543351044
 21
-77774.57042104495
 31
0.0
100
AcDbText
 73
     2
  0
LWPOLYLINE
  5
9E5
330
17
100
AcDbEntity
  8
OUTER
100
AcDbPolyline
 90
        5
 70
     0
 43
0.0
 10
53095.05751183098
 20
-78506.99393889564
 10
53888.80751183098
 20
-78506.99393889564
 10
53888.80751183098
 20
-77918.03143889566
 10
53095.05751183098
 20
-77918.03143889566
 10
53095.05751183098
 20
-78506.99393889564
  0
TEXT
  5
9E6
330
17
100
AcDbEntity
  8
NUMBERS
100
AcDbText
 10
53258.59917849762
 20
-78252.51268889563
 30
0.0
 40
80.0
  1
F卫生间-17
 72
     1
 11
53491.93251183097
 21
-78212.51268889563
 31
0.0
100
AcDbText
 73
     2
  0
LWPOLYLINE
  5
9E7
330
17
100
AcDbEntity
  8
OUTER
100
AcDbPolyline
 90
        5
 70
     0
 43
0.0
 10
54044.34953616727
 20
-78512.76490000126
 10
54145.94953616727
 20
-78512.76490000126
 10
54145.94953616727
 20
-77923.80240000125
 10
54044.34953616727
 20
-77923.80240000125
 10
54044.34953616727
 20
-78512.76490000126
  0
TEXT
  5
9E8
330
17
100
AcDbEntity
  8
NUMBERS
100
AcDbText
 10
54036.35323987097
 20
-78228.36301508063
 30
0.0
 40
20.15873015872843
  1
F卫生间-18
 72
     1
 11
54095.14953616726
 21
-78218.28365000127
 31
0.0
100
AcDbText
 73
     2
  0
LWPOLYLINE
  5
9E9
330
17
100
AcDbEntity
  8
OUTER
100
AcDbPolyline
 90
        5
 70
     0
 43
0.0
 10
46451.74821288655
 20
-78744.0385629519
 10
46908.94821288654
 20
-78744.0385629519
 10
46908.94821288654
 20
-78099.51356295191
 10
46451.74821288655
 20
-78099.51356295191
 10
46451.74821288655
 20
-78744.0385629519
  0
TEXT
  5
9EA
330
17
100
AcDbEntity
  8
NUMBERS
100
AcDbText
 10
46447.01487955321
 20
-78461.77606295191
 30
0.0
 40
80.0
  1
F卫生间-19
 72
     1
 11
46680.34821288655
 21
-78421.77606295192
 31
0.0
100
AcDbText
 73
     2
  0
LWPOLYLINE
  5
9EB
330
17
100
AcDbEntity
  8
OUTER
100
AcDbPolyline
 90
        5
 70
     0
 43
0.0
 10
47567.21213078805
 20
-78625.38816045425
 10
48360.96213078806
 20
-78625.38816045425
 10
48360.96213078806
 20
-78036.42566045426
 10
47567.21213078805
 20
-78036.42566045426
 10
47567.21213078805
 20
-78625.38816045425
  0
TEXT
  5
9EC
330
17
100
AcDbEntity
  8
NUMBERS
100
AcDbText
 10
47724.08713078804
 20
-78370.90691045424
 30
0.0
 40
80.0
  1
F卫生间-20
 72
     1
 11
47964.08713078804
 21
-78330.90691045424
 31
0.0
100
AcDbText
 73
     2
  0
LWPOLYLINE
  5
9ED
330
17
100
AcDbEntity
  8
OUTER
100
AcDbPolyline
 90
        5
 70
     0
 43
0.0
 10
48516.50415512435
 20
-78631.15912155987
 10
48618.10415512433
 20
-78631.15912155987
 10
48618.10415512433
 20
-78042.19662155986
 10
48516.50415512435
 20
-78042.19662155986
 10
48516.50415512435
 20
-78631.15912155987
  0
TEXT
  5
9EE
330
17
100
AcDbEntity
  8
NUMBERS
100
AcDbText
 10
48508.50785882804
 20
-78346.75723663923
 30
0.0
 40
20.15873015872843
  1
F卫生间-21
 72
     1
 11
48567.30415512434
 21
-78336.67787155986
 31
0.0
100
AcDbText
 73
     2
  0
LWPOLYLINE
  5
9EF
330
17
100
AcDbEntity
  8
OUTER
100
AcDbPolyline
 90
        5
 70
     0
 43
0.0
 10
51979.59359392947
 20
-78625.64434139328
 10
52436.79359392947
 20
-78625.64434139328
 10
52436.79359392947
 20
-77981.11934139329
 10
51979.59359392947
 20
-77981.11934139329
 10
51979.59359392947
 20
-78625.64434139328
  0
TEXT
  5
9F0
330
17
100
AcDbEntity
  8
NUMBERS
100
AcDbText
 10
51961.52692726281
 20
-78343.38184139329
 30
0.0
 40
80.0
  1
F卫生间-22
 72
     1
 11
52208.19359392947
 21
-78303.38184139328
 31
0.0
100
AcDbText
 73
     2
  0
LWPOLYLINE
  5
9F1
330
17
100
AcDbEntity
  8
OUTER
100
AcDbPolyline
 90
        5
 70
     0
 43
0.0
 10
57544.89415686617
 20
-78709.48241558803
 10
58002.09415686616
 20
-78709.48241558803
 10
58002.09415686616
 20
-78064.95741558802
 10
57544.89415686617
 20
-78064.95741558802
 10
57544.89415686617
 20
-78709.48241558803
  0
TEXT
  5
9F2
330
17
100
AcDbEntity
  8
NUMBERS
100
AcDbText
 10
57526.82749019951
 20
-78427.21991558802
 30
0.0
 40
80.0
  1
F卫生间-23
 72
     1
 11
57773.49415686617
 21
-78387.21991558802
 31
0.0
100
AcDbText
 73
     2
  0
LWPOLYLINE
  5
9F3
330
17
100
AcDbEntity
  8
OUTER
100
AcDbPolyline
 90
        5
 70
     0
 43
0.0
 10
58660.35807476768
 20
-78590.83201309037
 10
59454.10807476767
 20
-78590.83201309037
 10
59454.10807476767
 20
-78001.86951309036
 10
58660.35807476768
 20
-78001.86951309036
 10
58660.35807476768
 20
-78590.83201309037
  0
TEXT
  5
9F4
330
17
100
AcDbEntity
  8
NUMBERS
100
AcDbText
 10
58810.56640810101
 20
-78336.35076309038
 30
0.0
 40
80.0
  1
F卫生间-24
 72
     1
 11
59057.23307476767
 21
-78296.35076309037
 31
0.0
100
AcDbText
 73
     2
  0
LWPOLYLINE
  5
9F5
330
17
100
AcDbEntity
  8
OUTER
100
AcDbPolyline
 90
        5
 70
     0
 43
0.0
 10
59609.65009910396
 20
-78596.60297419599
 10
59711.25009910394
 20
-78596.60297419599
 10
59711.25009910394
 20
-78007.64047419598
 10
59609.65009910396
 20
-78007.64047419598
 10
59609.65009910396
 20
-78596.60297419599
  0
TEXT
  5
9F6
330
17
100
AcDbEntity
  8
NUMBERS
100
AcDbText
 10
59598.29401444788
 20
-78312.20108927536
 30
0.0
 40
20.15873015872843
  1
F卫生间-25
 72
     1
 11
59660.45009910397
 21
-78302.12172419599
 31
0.0
100
AcDbText
 73
     2
  0
LWPOLYLINE
  5
9F7
330
17
100
AcDbEntity
  8
OUTER
100
AcDbPolyline
 90
        5
 70
     0
 43
0.0
 10
63175.72044631599
 20
-78709.48241558803
 10
63632.92044631598
 20
-78709.48241558803
 10
63632.92044631598
 20
-78064.95741558802
 10
63175.72044631599
 20
-78064.95741558802
 10
63175.72044631599
 20
-78709.48241558803
  0
TEXT
  5
9F8
330
17
100
AcDbEntity
  8
NUMBERS
100
AcDbText
 10
63157.65377964932
 20
-78427.21991558802
 30
0.0
 40
80.0
  1
F卫生间-26
 72
     1
 11
63404.32044631597
 21
-78387.21991558802
 31
0.0
100
AcDbText
 73
     2
  0
LWPOLYLINE
  5
9F9
330
17
100
AcDbEntity
  8
OUTER
100
AcDbPolyline
 90
        5
 70
     0
 43
0.0
 10
64291.18436421749
 20
-78590.83201309037
 10
65084.93436421749
 20
-78590.83201309037
 10
65084.93436421749
 20
-78001.86951309036
 10
64291.18436421749
 20
-78001.86951309036
 10
64291.18436421749
 20
-78590.83201309037
  0
TEXT
  5
9FA
330
17
100
AcDbEntity
  8
NUMBERS
100
AcDbText
 10
64441.39269755082
 20
-78336.35076309038
 30
0.0
 40
80.0
  1
F卫生间-27
 72
     1
 11
64688.05936421749
 21
-78296.35076309037
 31
0.0
100
AcDbText
 73
     2
  0
LWPOLYLINE
  5
9FB
330
17
100
AcDbEntity
  8
OUTER
100
AcDbPolyline
 90
        5
 70
     0
 43
0.0
 10
65240.47638855377
 20
-78596.60297419599
 10
65342.07638855378
 20
-78596.60297419599
 10
65342.07638855378
 20
-78007.64047419598
 10
65240.47638855377
 20
-78007.64047419598
 10
65240.47638855377
 20
-78596.60297419599
  0
TEXT
  5
9FC
330
17
100
AcDbEntity
  8
NUMBERS
100
AcDbText
 10
65229.1203038977
 20
-78312.20108927534
 30
0.0
 40
20.15873015872699
  1
F卫生间-28
 72
     1
 11
65291.27638855378
 21
-78302.12172419598
 31
0.0
100
AcDbText
 73
     2
  0
LWPOLYLINE
  5
9FD
330
17
100
AcDbEntity
  8
OUTER
100
AcDbPolyline
 90
        8
 70
     0
 43
0.0
 10
44456.59795509213
 20
-78103.75601243358
 10
44456.59795509213
 20
-78748.28101243358
 10
46077.43545509213
 20
-78748.28101243358
 10
46077.43545509213
 20
-78103.75601243358
 10
45101.12295509212
 20
-78103.75601243358
 10
45101.12295509212
 20
-76208.31187333536
 10
44456.59795509213
 20
-76208.31187333536
 10
44456.59795509213
 20
-78748.31187333536
  0
TEXT
  5
9FE
330
17
100
AcDbEntity
  8
NUMBERS
100
AcDbText
 10
44810.54378341114
 20
-77781.4360312321
 30
0.0
 40
80.0
  1
F厨房-01
 72
     1
 11
45003.87711674448
 21
-77741.43603123211
 31
0.0
100
AcDbText
 73
     2
  0
LWPOLYLINE
  5
9FF
330
17
100
AcDbEntity
  8
OUTER
100
AcDbPolyline
 90
        8
 70
     0
 43
0.0
 10
49984.44333613504
 20
-77985.36179087498
 10
49984.44333613504
 20
-78629.88679087496
 10
51605.28083613503
 20
-78629.88679087496
 10
51605.28083613503
 20
-77985.36179087498
 10
50628.96833613503
 20
-77985.36179087498
 10
50628.96833613503
 20
-76089.91765177675
 10
49984.44333613504
 20
-76089.91765177675
 10
49984.44333613504
 20
-78629.91765177675
  0
TEXT
  5
A00
330
17
100
AcDbEntity
  8
NUMBERS
100
AcDbText
 10
50325.05583112075
 20
-77663.04180967349
 30
0.0
 40
80.0
  1
F厨房-02
 72
     1
 11
50531.72249778741
 21
-77623.04180967349
 31
0.0
100
AcDbText
 73
     2
  0
LWPOLYLINE
  5
A01
330
17
100
AcDbEntity
  8
OUTER
100
AcDbPolyline
 90
        8
 70
     0
 43
0.0
 10
55549.74389907175
 20
-78069.19986506969
 10
55549.74389907175
 20
-78713.7248650697
 10
57170.58139907173
 20
-78713.7248650697
 10
57170.58139907173
 20
-78069.19986506969
 10
56194.26889907173
 20
-78069.19986506969
 10
56194.26889907173
 20
-76173.75572597148
 10
55549.74389907175
 20
-76173.75572597148
 10
55549.74389907175
 20
-78713.75572597148
  0
TEXT
  5
A02
330
17
100
AcDbEntity
  8
NUMBERS
100
AcDbText
 10
55890.35639405746
 20
-77746.87988386824
 30
0.0
 40
80.0
  1
F厨房-03
 72
     1
 11
56097.02306072413
 21
-77706.87988386824
 31
0.0
100
AcDbText
 73
     2
  0
LWPOLYLINE
  5
A03
330
17
100
AcDbEntity
  8
OUTER
100
AcDbPolyline
 90
        8
 70
     0
 43
0.0
 10
61180.57018852157
 20
-78069.19986506969
 10
61180.57018852157
 20
-78713.7248650697
 10
62801.40768852156
 20
-78713.7248650697
 10
62801.40768852156
 20
-78069.19986506969
 10
61825.09518852156
 20
-78069.19986506969
 10
61825.09518852156
 20
-76173.75572597148
 10
61180.57018852157
 20
-76173.75572597148
 10
61180.57018852157
 20
-78713.75572597148
  0
TEXT
  5
A04
330
17
100
AcDbEntity
  8
NUMBERS
100
AcDbText
 10
61521.18268350727
 20
-77746.87988386824
 30
0.0
 40
80.0
  1
F厨房-04
 72
     1
 11
61727.84935017394
 21
-77706.87988386824
 31
0.0
100
AcDbText
 73
     2
  0
ENDSEC
  0
SECTION
  2
OBJECTS
  0
DICTIONARY
  5
A
330
0
100
AcDbDictionary
281
     1
  3
ACAD_CIP_PREVIOUS_PRODUCT_INFO
350
A3A
  3
ACAD_COLOR
350
B
  3
ACAD_DETAILVIEWSTYLE
350
A37
  3
ACAD_GROUP
350
C
  3
ACAD_LAYOUT
350
D
  3
ACAD_MATERIAL
350
E
  3
ACAD_MLEADERSTYLE
350
F
  3
ACAD_MLINESTYLE
350
10
  3
ACAD_PLOTSETTINGS
350
11
  3
ACAD_PLOTSTYLENAME
350
12
  3
ACAD_SCALELIST
350
14
  3
ACAD_SECTIONVIEWSTYLE
350
A35
  3
ACAD_TABLESTYLE
350
15
  3
ACAD_VISUALSTYLE
350
16
  3
ACDB_RECOMPOSE_DATA
350
AC5
  3
AcDbVariableDictionary
350
ABC
  3
EZDXF_META
350
2D
  0
XRECORD
  5
A3A
102
{ACAD_REACTORS
330
A
102
}
330
A
100
AcDbXrecord
280
     1
300
ACD
300
2023
300

  0
DICTIONARY
  5
B
330
A
100
AcDbDictionary
281
     1
  0
DICTIONARY
  5
A37
102
{ACAD_REACTORS
330
A
102
}
330
A
100
AcDbDictionary
281
     1
  3
Metric50
350
A38
  0
DICTIONARY
  5
C
330
A
100
AcDbDictionary
281
     1
  0
DICTIONARY
  5
D
330
A
100
AcDbDictionary
281
     1
  3
Layout1
350
1E
  3
Model
350
1A
  0
DICTIONARY
  5
E
330
A
100
AcDbDictionary
281
     1
  3
ByBlock
350
1F
  3
ByLayer
350
20
  3
Global
350
21
  0
DICTIONARY
  5
F
330
A
100
AcDbDictionary
281
     1
  3
Standard
350
2C
  0
DICTIONARY
  5
10
330
A
100
AcDbDictionary
281
     1
  3
Standard
350
22
  0
DICTIONARY
  5
11
330
A
100
AcDbDictionary
281
     1
  0
ACDBDICTIONARYWDFLT
  5
12
330
A
100
AcDbDictionary
281
     1
  3
Normal
350
13
100
AcDbDictionaryWithDefault
340
13
  0
DICTIONARY
  5
14
330
A
100
AcDbDictionary
281
     1
  3
A0
350
A24
  3
A1
350
A25
  3
A2
350
A26
  3
A3
350
A27
  3
A4
350
A28
  3
A5
350
A29
  3
A6
350
A2A
  3
A7
350
A2B
  3
A8
350
A2C
  3
A9
350
A2D
  3
B0
350
A2E
  3
B1
350
A2F
  3
B2
350
A30
  3
B3
350
A31
  3
B4
350
A32
  3
B5
350
A33
  3
B6
350
A34
  0
DICTIONARY
  5
A35
102
{ACAD_REACTORS
330
A
102
}
330
A
100
AcDbDictionary
281
     1
  3
Metric50
350
A36
  0
DICTIONARY
  5
15
330
A
100
AcDbDictionary
281
     1
  3
Standard
350
A23
  0
DICTIONARY
  5
16
330
A
100
AcDbDictionary
281
     1
  3
2dWireframe
350
A10
  3
Basic
350
A0F
  3
Brighten
350
A16
  3
ColorChange
350
A1A
  3
Conceptual
350
A13
  3
Dim
350
A15
  3
EdgeColorOff
350
A22
  3
Facepattern
350
A19
  3
Flat
350
A0B
  3
FlatWithEdges
350
A0C
  3
Gouraud
350
A0D
  3
GouraudWithEdges
350
A0E
  3
Hidden
350
A12
  3
JitterOff
350
A20
  3
Linepattern
350
A18
  3
OverhangOff
350
A21
  3
Realistic
350
A14
  3
Shaded
350
A1F
  3
Shaded with edges
350
A1E
  3
Shades of Gray
350
A1B
  3
Sketchy
350
A1C
  3
Thicken
350
A17
  3
Wireframe
350
A11
  3
X-Ray
350
A1D
  0
XRECORD
  5
AC5
102
{ACAD_REACTORS
330
A
102
}
330
A
100
AcDbXrecord
280
     1
 90
        1
330
A23
  0
DICTIONARY
  5
ABC
102
{ACAD_REACTORS
330
A
102
}
330
A
100
AcDbDictionary
281
     1
  3
CANNOSCALE
350
AC1
  3
CMLEADERSTYLE
350
ABE
  3
CTABLESTYLE
350
ABD
  3
CVIEWDETAILSTYLE
350
ABF
  3
CVIEWSECTIONSTYLE
350
AC0
  0
DICTIONARY
  5
2D
330
A
100
AcDbDictionary
280
     1
281
     1
  3
CREATED_BY_EZDXF
360
2E
  3
WRITTEN_BY_EZDXF
360
A07
  0
ACDBDETAILVIEWSTYLE
  5
A38
102
{ACAD_REACTORS
330
A37
102
}
330
A37
100
AcDbModelDocViewStyle
 70
     0
  3
Metric50
290
     0
300
Metric50
 90
        0
100
AcDbDetailViewStyle
 70
     0
 71
     0
 90
        3
 71
     1
340
29
 62
   256
 40
5.0
340
0
 62
   256
 40
5.0
300

 40
0.0
280
     1
 71
     2
340
26
 90
       25
 62
   256
 71
     3
340
29
 62
   256
 40
5.0
 90
        0
 40
15.0
 90
        1
300
%<\AcVar ViewDetailId>% (%<\AcVar ViewScale \f "%sn">%)
 71
     4
340
26
 90
       25
 62
   256
340
26
 90
       25
 62
   256
280
     0
  0
LAYOUT
  5
1E
330
D
100
AcDbPlotSettings
  1

  2
Canon E3400 series
  4
A3
  6

 40
7.5
 41
20.0
 42
7.5
 43
20.0
 44
420.0
 45
297.0
 46
0.0
 47
0.0
 48
0.0
 49
0.0
140
0.0
141
0.0
142
1.0
143
1.0
 70
     0
 72
     1
 73
     0
 74
     5
  7

 75
    16
147
1.0
 76
     0
 77
     2
 78
   300
148
0.0
149
0.0
100
AcDbLayout
  1
Layout1
 70
     1
 71
     1
 10
0.0
 20
0.0
 11
420.0
 21
297.0
 12
0.0
 22
0.0
 32
0.0
 14
1.000000000000000E+20
 24
1.000000000000000E+20
 34
1.000000000000000E+20
 15
-1.000000000000000E+20
 25
-1.000000000000000E+20
 35
-1.000000000000000E+20
146
0.0
 13
0.0
 23
0.0
 33
0.0
 16
1.0
 26
0.0
 36
0.0
 17
0.0
 27
1.0
 37
0.0
 76
     0
330
1B
  0
LAYOUT
  5
1A
330
D
100
AcDbPlotSettings
  1

  2
Canon E3400 series
  4
A3
  6

 40
7.5
 41
20.0
 42
7.5
 43
20.0
 44
420.0
 45
297.0
 46
0.0
 47
0.0
 48
0.0
 49
0.0
140
0.0
141
0.0
142
1.0
143
1.0
 70
  1024
 72
     1
 73
     0
 74
     5
  7

 75
    16
147
1.0
 76
     0
 77
     2
 78
   300
148
0.0
149
0.0
100
AcDbLayout
  1
Model
 70
     1
 71
     0
 10
0.0
 20
0.0
 11
420.0
 21
297.0
 12
0.0
 22
0.0
 32
0.0
 14
1.000000000000000E+20
 24
1.000000000000000E+20
 34
1.000000000000000E+20
 15
-1.000000000000000E+20
 25
-1.000000000000000E+20
 35
-1.000000000000000E+20
146
0.0
 13
0.0
 23
0.0
 33
0.0
 16
1.0
 26
0.0
 36
0.0
 17
0.0
 27
1.0
 37
0.0
 76
     1
330
17
331
23
  0
MATERIAL
  5
1F
102
{ACAD_REACTORS
330
E
102
}
330
E
100
AcDbMaterial
  1
ByBlock
 71
     1
 91
-1023410177
 73
     1
 78
     1
172
     1
176
     1
270
     1
273
     1
274
     1
 94
       63
  0
MATERIAL
  5
20
102
{ACAD_REACTORS
330
E
102
}
330
E
100
AcDbMaterial
  1
ByLayer
 71
     1
 91
-1023410177
 73
     1
 78
     1
172
     1
176
     1
270
     1
273
     1
274
     1
 94
       63
  0
MATERIAL
  5
21
102
{ACAD_XDICTIONARY
360
A3B
102
}
102
{ACAD_REACTORS
330
E
102
}
330
E
100
AcDbMaterial
  1
Global
 71
     1
 91
-1023410177
 73
     1
 78
     1
172
     1
176
     1
270
     1
273
     1
274
     1
 94
       63
  0
MLEADERSTYLE
  5
2C
102
{ACAD_REACTORS
330
F
102
}
330
F
100
AcDbMLeaderStyle
179
     2
170
     2
171
     1
172
     0
 90
        2
 40
0.0
 41
0.0
173
     1
 91
-1056964608
 92
       -2
290
     1
 42
2.0
291
     1
 43
8.0
  3
Standard
 44
4.0
300

342
29
174
     1
178
     1
175
     1
176
     0
 93
-1056964608
 45
4.0
292
     0
297
     0
 46
4.0
 94
-1056964608
 47
1.0
 49
1.0
140
1.0
293
     1
141
0.0
294
     1
177
     0
142
1.0
295
     0
296
     0
143
3.75
271
     0
272
     9
273
     9
298
     1
  0
MLINESTYLE
  5
22
102
{ACAD_REACTORS
330
10
102
}
330
10
100
AcDbMlineStyle
  2
STANDARD
 70
     0
  3

 62
   256
 51
90.0
 52
90.0
 71
     2
 49
0.5
 62
   256
  6
BYLAYER
 49
-0.5
 62
   256
  6
BYLAYER
  0
ACDBPLACEHOLDER
  5
13
330
12
  0
SCALE
  5
A24
102
{ACAD_REACTORS
330
14
102
}
330
14
100
AcDbScale
 70
     0
300
1:1
140
1.0
141
1.0
290
     1
  0
SCALE
  5
A25
102
{ACAD_REACTORS
330
14
102
}
330
14
100
AcDbScale
 70
     0
300
1:2
140
1.0
141
2.0
290
     0
  0
SCALE
  5
A26
102
{ACAD_REACTORS
330
14
102
}
330
14
100
AcDbScale
 70
     0
300
1:4
140
1.0
141
4.0
290
     0
  0
SCALE
  5
A27
102
{ACAD_REACTORS
330
14
102
}
330
14
100
AcDbScale
 70
     0
300
1:5
140
1.0
141
5.0
290
     0
  0
SCALE
  5
A28
102
{ACAD_REACTORS
330
14
102
}
330
14
100
AcDbScale
 70
     0
300
1:8
140
1.0
141
8.0
290
     0
  0
SCALE
  5
A29
102
{ACAD_REACTORS
330
14
102
}
330
14
100
AcDbScale
 70
     0
300
1:10
140
1.0
141
10.0
290
     0
  0
SCALE
  5
A2A
102
{ACAD_REACTORS
330
14
102
}
330
14
100
AcDbScale
 70
     0
300
1:16
140
1.0
141
16.0
290
     0
  0
SCALE
  5
A2B
102
{ACAD_REACTORS
330
14
102
}
330
14
100
AcDbScale
 70
     0
300
1:20
140
1.0
141
20.0
290
     0
  0
SCALE
  5
A2C
102
{ACAD_REACTORS
330
14
102
}
330
14
100
AcDbScale
 70
     0
300
1:30
140
1.0
141
30.0
290
     0
  0
SCALE
  5
A2D
102
{ACAD_REACTORS
330
14
102
}
330
14
100
AcDbScale
 70
     0
300
1:40
140
1.0
141
40.0
290
     0
  0
SCALE
  5
A2E
102
{ACAD_REACTORS
330
14
102
}
330
14
100
AcDbScale
 70
     0
300
1:50
140
1.0
141
50.0
290
     0
  0
SCALE
  5
A2F
102
{ACAD_REACTORS
330
14
102
}
330
14
100
AcDbScale
 70
     0
300
1:100
140
1.0
141
100.0
290
     0
  0
SCALE
  5
A30
102
{ACAD_REACTORS
330
14
102
}
330
14
100
AcDbScale
 70
     0
300
2:1
140
2.0
141
1.0
290
     0
  0
SCALE
  5
A31
102
{ACAD_REACTORS
330
14
102
}
330
14
100
AcDbScale
 70
     0
300
4:1
140
4.0
141
1.0
290
     0
  0
SCALE
  5
A32
102
{ACAD_REACTORS
330
14
102
}
330
14
100
AcDbScale
 70
     0
300
8:1
140
8.0
141
1.0
290
     0
  0
SCALE
  5
A33
102
{ACAD_REACTORS
330
14
102
}
330
14
100
AcDbScale
 70
     0
300
10:1
140
10.0
141
1.0
290
     0
  0
SCALE
  5
A34
102
{ACAD_REACTORS
330
14
102
}
330
14
100
AcDbScale
 70
     0
300
100:1
140
100.0
141
1.0
290
     0
  0
ACDBSECTIONVIEWSTYLE
  5
A36
102
{ACAD_REACTORS
330
A35
102
}
330
A35
100
AcDbModelDocViewStyle
 70
     0
  3
Metric50
290
     0
300
Metric50
 90
        0
100
AcDbSectionViewStyle
 70
     0
 71
     0
 90
      102
 71
     1
340
29
 62
   256
 40
5.0
340
0
340
0
 62
   256
 40
5.0
300
I, O, Q, S, X, Z
 40
10.0
 90
        0
 40
2.5
 90
        0
 71
     2
340
26
 90
       25
 62
   256
340
26
 90
       50
 62
   256
 40
5.0
 40
2.5
 40
5.0
 71
     3
340
29
 62
   256
 40
5.0
 90
        0
 40
15.0
 90
        1
300
%<\AcVar ViewSectionStartId>%-%<\AcVar ViewSectionEndId>% (%<\AcVar ViewScale \f "%sn">%)
 71
     4
 62
   256
 62
   257
300
ANSI31
 40
1.0
 90
        0
290
     0
290
     0
 90
        6
 40
0.0
 40
1.570796326794896
 40
0.2617993877991494
 40
1.308996938995747
 40
-0.2617993877991494
 40
1.832595714594046
  0
TABLESTYLE
  5
A23
102
{ACAD_XDICTIONARY
360
AC3
102
}
102
{ACAD_REACTORS
330
15
102
}
330
15
100
AcDbTableStyle
280
     0
  3
Standard
 70
     0
 71
     0
 40
1.5
 41
1.5
280
     0
281
     0
  7
Standard
140
4.5
170
     2
 62
     0
 63
     7
283
     0
 90
      512
 91
        0
  1

274
    -2
284
     1
 64
     0
275
    -2
285
     1
 65
     0
276
    -2
286
     1
 66
     0
277
    -2
287
     1
 67
     0
278
    -2
288
     1
 68
     0
279
    -2
289
     1
 69
     0
  7
Standard
140
6.0
170
     5
 62
     0
 63
     7
283
     0
 90
      512
 91
        0
  1

274
    -2
284
     1
 64
     0
275
    -2
285
     1
 65
     0
276
    -2
286
     1
 66
     0
277
    -2
287
     1
 67
     0
278
    -2
288
     1
 68
     0
279
    -2
289
     1
 69
     0
  7
Standard
140
4.5
170
     5
 62
     0
 63
     7
283
     0
 90
      512
 91
        0
  1

274
    -2
284
     1
 64
     0
275
    -2
285
     1
 65
     0
276
    -2
286
     1
 66
     0
277
    -2
287
     1
 67
     0
278
    -2
288
     1
 68
     0
279
    -2
289
     1
 69
     0
  0
VISUALSTYLE
  5
A10
102
{ACAD_REACTORS
330
16
102
}
330
16
100
AcDbVisualStyle
  2
2dWireframe
 70
     4
177
     3
291
     0
 70
    58
 90
        0
176
     1
 90
        2
176
     1
 90
        0
176
     1
 90
        0
176
     1
 40
0.6
176
     1
 40
30.0
176
     1
 62
     7
420
 16777215
176
     1
 90
        1
176
     1
 90
        4
176
     1
 62
     7
176
     1
 62
   257
176
     1
 90
        1
176
     1
 90
        1
176
     1
 40
1.0
176
     1
 90
        0
176
     1
 62
   257
176
     1
 40
1.0
176
     1
 90
        1
176
     1
 90
        6
176
     1
 90
        2
176
     1
 62
     7
176
     1
 90
        5
176
     1
 90
        0
176
     1
 90
        0
176
     1
290
     0
176
     1
 90
        1
176
     1
 40
0.0
176
     1
 90
        0
176
     1
290
     1
176
     1
290
     1
176
     1
290
     0
176
     1
290
     0
176
     1
290
     0
176
     1
290
     0
176
     1
290
     0
176
     1
290
     0
176
     1
290
     0
176
     1
 90
       50
176
     1
 40
0.0
176
     1
 40
1.0
176
     1
 90
        0
176
     1
 62
    18
420
        0
176
     1
 90
       50
176
     1
 90
        3
176
     1
 62
     5
420
      255
176
     1
290
     0
176
     1
 90
       50
176
     1
 90
       50
176
     1
 90
       50
176
     1
290
     0
176
     1
 90
       50
176
     1
 62
   256
176
     0
 40
1.0
176
     0
 90
        2
176
     1
  1
strokes_ogs.tif
176
     1
290
     0
176
     1
 40
1.0
176
     1
 40
1.0
176
     1
  0
VISUALSTYLE
  5
A0F
102
{ACAD_REACTORS
330
16
102
}
330
16
100
AcDbVisualStyle
  2
Basic
 70
     7
177
     3
291
     1
 70
    58
 90
        1
176
     1
 90
        0
176
     1
 90
        1
176
     1
 90
        0
176
     1
 40
0.6
176
     1
 40
30.0
176
     1
 62
     7
420
 16777215
176
     1
 90
        0
176
     1
 90
        4
176
     1
 62
     7
176
     1
 62
   257
176
     1
 90
        1
176
     1
 90
        1
176
     1
 40
1.0
176
     1
 90
        8
176
     1
 62
     7
176
     1
 40
1.0
176
     1
 90
        1
176
     1
 90
        6
176
     1
 90
        2
176
     1
 62
     7
176
     1
 90
        5
176
     1
 90
        0
176
     1
 90
        0
176
     1
290
     0
176
     1
 90
        1
176
     1
 40
0.0
176
     1
 90
        0
176
     1
290
     0
176
     1
290
     1
176
     1
290
     1
176
     1
290
     0
176
     1
290
     0
176
     1
290
     0
176
     1
290
     0
176
     1
290
     0
176
     1
290
     0
176
     1
 90
       50
176
     1
 40
0.0
176
     1
 40
1.0
176
     1
 90
        0
176
     1
 62
    18
420
        0
176
     1
 90
       50
176
     1
 90
        3
176
     1
 62
     5
420
      255
176
     1
290
     0
176
     1
 90
       50
176
     1
 90
       50
176
     1
 90
       50
176
     1
290
     0
176
     1
 90
       50
176
     1
 62
   256
176
     0
 40
1.0
176
     0
 90
        2
176
     1
  1
strokes_ogs.tif
176
     1
290
     0
176
     1
 40
1.0
176
     1
 40
1.0
176
     1
  0
VISUALSTYLE
  5
A16
102
{ACAD_REACTORS
330
16
102
}
330
16
100
AcDbVisualStyle
  2
Brighten
 70
    12
177
     3
291
     1
 70
    58
 90
        2
176
     1
 90
        2
176
     1
 90
        0
176
     1
 90
        0
176
     1
 40
0.6
176
     1
 40
30.0
176
     1
 62
     7
420
 16777215
176
     1
 90
        1
176
     1
 90
        4
176
     1
 62
     7
176
     1
 62
   257
176
     1
 90
        1
176
     1
 90
        1
176
     1
 40
1.0
176
     1
 90
        8
176
     1
 62
     7
176
     1
 40
1.0
176
     1
 90
        1
176
     1
 90
        6
176
     1
 90
        2
176
     1
 62
     7
176
     1
 90
        5
176
     1
 90
        0
176
     1
 90
        0
176
     1
290
     0
176
     1
 90
        1
176
     1
 40
50.0
176
     1
 90
        0
176
     1
290
     0
176
     1
290
     1
176
     1
290
     1
176
     1
290
     0
176
     1
290
     0
176
     1
290
     0
176
     1
290
     0
176
     1
290
     0
176
     1
290
     0
176
     1
 90
       50
176
     1
 40
0.0
176
     1
 40
1.0
176
     1
 90
        0
176
     1
 62
    18
420
        0
176
     1
 90
       50
176
     1
 90
        3
176
     1
 62
     5
420
      255
176
     1
290
     0
176
     1
 90
       50
176
     1
 90
       50
176
     1
 90
       50
176
     1
290
     0
176
     1
 90
       50
176
     1
 62
   256
176
     0
 40
1.0
176
     0
 90
        2
176
     1
  1
strokes_ogs.tif
176
     1
290
     0
176
     1
 40
1.0
176
     1
 40
1.0
176
     1
  0
VISUALSTYLE
  5
A1A
102
{ACAD_REACTORS
330
16
102
}
330
16
100
AcDbVisualStyle
  2
ColorChange
 70
    16
177
     3
291
     1
 70
    58
 90
        2
176
     1
 90
        2
176
     1
 90
        3
176
     1
 90
        0
176
     1
 40
0.6
176
     1
 40
30.0
176
     1
 62
     8
420
  8421504
176
     1
 90
        1
176
     1
 90
        4
176
     1
 62
     7
176
     1
 62
   257
176
     1
 90
        1
176
     1
 90
        1
176
     1
 40
1.0
176
     1
 90
        8
176
     1
 62
     8
420
  8421504
176
     1
 40
1.0
176
     1
 90
        1
176
     1
 90
        6
176
     1
 90
        2
176
     1
 62
     7
176
     1
 90
        5
176
     1
 90
        0
176
     1
 90
        0
176
     1
290
     0
176
     1
 90
        1
176
     1
 40
0.0
176
     1
 90
        0
176
     1
290
     0
176
     1
290
     1
176
     1
290
     1
176
     1
290
     0
176
     1
290
     0
176
     1
290
     0
176
     1
290
     0
176
     1
290
     0
176
     1
290
     0
176
     1
 90
       50
176
     1
 40
0.0
176
     1
 40
1.0
176
     1
 90
        0
176
     1
 62
    18
420
        0
176
     1
 90
       50
176
     1
 90
        3
176
     1
 62
     5
420
      255
176
     1
290
     0
176
     1
 90
       50
176
     1
 90
       50
176
     1
 90
       50
176
     1
290
     0
176
     1
 90
       50
176
     1
 62
   256
176
     0
 40
1.0
176
     0
 90
        2
176
     1
  1
strokes_ogs.tif
176
     1
290
     0
176
     1
 40
1.0
176
     1
 40
1.0
176
     1
  0
VISUALSTYLE
  5
A13
102
{ACAD_REACTORS
330
16
102
}
330
16
100
AcDbVisualStyle
  2
Conceptual
 70
     9
177
     3
291
     0
 70
    58
 90
        3
176
     1
 90
        2
176
     1
 90
        0
176
     1
 90
        0
176
     1
 40
0.6
176
     1
 40
30.0
176
     1
 62
     7
420
 16777215
176
     1
 90
        2
176
     1
 90
        2
176
     1
 62
     7
176
     1
 62
   257
176
     1
 90
        1
176
     1
 90
        1
176
     1
 40
179.0
176
     1
 90
        8
176
     1
 62
     7
176
     1
 40
1.0
176
     1
 90
        1
176
     1
 90
        6
176
     1
 90
        2
176
     1
 62
     7
176
     1
 90
        3
176
     1
 90
        0
176
     1
 90
        0
176
     1
290
     0
176
     1
 90
        1
176
     1
 40
0.0
176
     1
 90
        0
176
     1
290
     0
176
     1
290
     1
176
     1
290
     1
176
     1
290
     0
176
     1
290
     0
176
     1
290
     0
176
     1
290
     0
176
     1
290
     0
176
     1
290
     0
176
     1
 90
       50
176
     1
 40
0.0
176
     1
 40
1.0
176
     1
 90
        0
176
     1
 62
    18
420
        0
176
     1
 90
       50
176
     1
 90
        3
176
     1
 62
     5
420
      255
176
     1
290
     0
176
     1
 90
       50
176
     1
 90
       50
176
     1
 90
       50
176
     1
290
     0
176
     1
 90
       50
176
     1
 62
   256
176
     0
 40
1.0
176
     0
 90
        2
176
     1
  1
strokes_ogs.tif
176
     1
290
     0
176
     1
 40
1.0
176
     1
 40
1.0
176
     1
  0
VISUALSTYLE
  5
A15
102
{ACAD_REACTORS
330
16
102
}
330
16
100
AcDbVisualStyle
  2
Dim
 70
    11
177
     3
291
     1
 70
    58
 90
        2
176
     1
 90
        2
176
     1
 90
        0
176
     1
 90
        0
176
     1
 40
0.6
176
     1
 40
30.0
176
     1
 62
     7
420
 16777215
176
     1
 90
        1
176
     1
 90
        4
176
     1
 62
     7
176
     1
 62
   257
176
     1
 90
        1
176
     1
 90
        1
176
     1
 40
1.0
176
     1
 90
        8
176
     1
 62
     7
176
     1
 40
1.0
176
     1
 90
        1
176
     1
 90
        6
176
     1
 90
        2
176
     1
 62
     7
176
     1
 90
        5
176
     1
 90
        0
176
     1
 90
        0
176
     1
290
     0
176
     1
 90
        1
176
     1
 40
-50.0
176
     1
 90
        0
176
     1
290
     0
176
     1
290
     1
176
     1
290
     1
176
     1
290
     0
176
     1
290
     0
176
     1
290
     0
176
     1
290
     0
176
     1
290
     0
176
     1
290
     0
176
     1
 90
       50
176
     1
 40
0.0
176
     1
 40
1.0
176
     1
 90
        0
176
     1
 62
    18
420
        0
176
     1
 90
       50
176
     1
 90
        3
176
     1
 62
     5
420
      255
176
     1
290
     0
176
     1
 90
       50
176
     1
 90
       50
176
     1
 90
       50
176
     1
290
     0
176
     1
 90
       50
176
     1
 62
   256
176
     0
 40
1.0
176
     0
 90
        2
176
     1
  1
strokes_ogs.tif
176
     1
290
     0
176
     1
 40
1.0
176
     1
 40
1.0
176
     1
  0
VISUALSTYLE
  5
A22
102
{ACAD_REACTORS
330
16
102
}
330
16
100
AcDbVisualStyle
  2
EdgeColorOff
 70
    22
177
     3
291
     1
 70
    58
 90
        2
176
     0
 90
        2
176
     0
 90
        0
176
     0
 90
        0
176
     0
 40
0.6
176
     0
 40
30.0
176
     0
 62
     7
420
 16777215
176
     0
 90
        1
176
     0
 90
        4
176
     0
 62
     7
176
     0
 62
   257
176
     0
 90
        1
176
     0
 90
        1
176
     0
 40
1.0
176
     0
 90
        8
176
     2
 62
     7
176
     0
 40
1.0
176
     0
 90
        1
176
     0
 90
        6
176
     0
 90
        2
176
     0
 62
     7
176
     0
 90
        5
176
     0
 90
        0
176
     0
 90
        0
176
     0
290
     0
176
     0
 90
        1
176
     0
 40
0.0
176
     0
 90
        0
176
     0
290
     0
176
     0
290
     1
176
     0
290
     1
176
     0
290
     0
176
     0
290
     0
176
     0
290
     0
176
     0
290
     0
176
     0
290
     0
176
     0
290
     0
176
     0
 90
       50
176
     0
 40
0.0
176
     0
 40
1.0
176
     0
 90
        0
176
     0
 62
    18
420
        0
176
     0
 90
       50
176
     0
 90
        3
176
     0
 62
     5
420
      255
176
     0
290
     0
176
     0
 90
       50
176
     0
 90
       50
176
     0
 90
       50
176
     0
290
     0
176
     0
 90
       50
176
     0
 62
   256
176
     0
 40
1.0
176
     0
 90
        2
176
     0
  1
strokes_ogs.tif
176
     0
290
     0
176
     0
 40
1.0
176
     0
 40
1.0
176
     0
  0
VISUALSTYLE
  5
A19
102
{ACAD_REACTORS
330
16
102
}
330
16
100
AcDbVisualStyle
  2
Facepattern
 70
    15
177
     3
291
     1
 70
    58
 90
        2
176
     1
 90
        2
176
     1
 90
        0
176
     1
 90
        0
176
     1
 40
0.6
176
     1
 40
30.0
176
     1
 62
     7
420
 16777215
176
     1
 90
        1
176
     1
 90
        4
176
     1
 62
     7
176
     1
 62
   257
176
     1
 90
        1
176
     1
 90
        1
176
     1
 40
1.0
176
     1
 90
        8
176
     1
 62
     7
176
     1
 40
1.0
176
     1
 90
        1
176
     1
 90
        6
176
     1
 90
        2
176
     1
 62
     7
176
     1
 90
        5
176
     1
 90
        0
176
     1
 90
        0
176
     1
290
     0
176
     1
 90
        1
176
     1
 40
0.0
176
     1
 90
        0
176
     1
290
     0
176
     1
290
     1
176
     1
290
     1
176
     1
290
     0
176
     1
290
     0
176
     1
290
     0
176
     1
290
     0
176
     1
290
     0
176
     1
290
     0
176
     1
 90
       50
176
     1
 40
0.0
176
     1
 40
1.0
176
     1
 90
        0
176
     1
 62
    18
420
        0
176
     1
 90
       50
176
     1
 90
        3
176
     1
 62
     5
420
      255
176
     1
290
     0
176
     1
 90
       50
176
     1
 90
       50
176
     1
 90
       50
176
     1
290
     0
176
     1
 90
       50
176
     1
 62
   256
176
     0
 40
1.0
176
     0
 90
        2
176
     1
  1
strokes_ogs.tif
176
     1
290
     0
176
     1
 40
1.0
176
     1
 40
1.0
176
     1
  0
VISUALSTYLE
  5
A0B
102
{ACAD_REACTORS
330
16
102
}
330
16
100
AcDbVisualStyle
  2
Flat
 70
     0
177
     3
291
     1
 70
    58
 90
        2
176
     1
 90
        1
176
     1
 90
        1
176
     1
 90
        2
176
     1
 40
0.6
176
     1
 40
30.0
176
     1
 62
     7
420
 16777215
176
     1
 90
        0
176
     1
 90
        0
176
     1
 62
     7
176
     1
 62
   257
176
     1
 90
        1
176
     1
 90
        1
176
     1
 40
1.0
176
     1
 90
        8
176
     1
 62
     7
176
     1
 40
1.0
176
     1
 90
        1
176
     1
 90
        6
176
     1
 90
        2
176
     1
 62
     7
176
     1
 90
        5
176
     1
 90
        0
176
     1
 90
        0
176
     1
290
     0
176
     1
 90
       13
176
     1
 40
0.0
176
     1
 90
        0
176
     1
290
     0
176
     1
290
     1
176
     1
290
     1
176
     1
290
     0
176
     1
290
     0
176
     1
290
     0
176
     1
290
     0
176
     1
290
     0
176
     1
290
     0
176
     1
 90
       50
176
     1
 40
0.0
176
     1
 40
1.0
176
     1
 90
        0
176
     1
 62
    18
420
        0
176
     1
 90
       50
176
     1
 90
        3
176
     1
 62
     5
420
      255
176
     1
290
     0
176
     1
 90
       50
176
     1
 90
       50
176
     1
 90
       50
176
     1
290
     0
176
     1
 90
       50
176
     1
 62
   256
176
     0
 40
1.0
176
     0
 90
        2
176
     1
  1
strokes_ogs.tif
176
     1
290
     0
176
     1
 40
1.0
176
     1
 40
1.0
176
     1
  0
VISUALSTYLE
  5
A0C
102
{ACAD_REACTORS
330
16
102
}
330
16
100
AcDbVisualStyle
  2
FlatWithEdges
 70
     1
177
     3
291
     1
 70
    58
 90
        2
176
     1
 90
        1
176
     1
 90
        1
176
     1
 90
        2
176
     1
 40
0.6
176
     1
 40
30.0
176
     1
 62
     7
420
 16777215
176
     1
 90
        1
176
     1
 90
        0
176
     1
 62
     7
176
     1
 62
   257
176
     1
 90
        1
176
     1
 90
        1
176
     1
 40
1.0
176
     1
 90
        0
176
     1
 62
   257
176
     1
 40
1.0
176
     1
 90
        1
176
     1
 90
        6
176
     1
 90
        2
176
     1
 62
     7
176
     1
 90
        5
176
     1
 90
        0
176
     1
 90
        0
176
     1
290
     0
176
     1
 90
       13
176
     1
 40
0.0
176
     1
 90
        0
176
     1
290
     0
176
     1
290
     1
176
     1
290
     1
176
     1
290
     0
176
     1
290
     0
176
     1
290
     0
176
     1
290
     0
176
     1
290
     0
176
     1
290
     0
176
     1
 90
       50
176
     1
 40
0.0
176
     1
 40
1.0
176
     1
 90
        0
176
     1
 62
    18
420
        0
176
     1
 90
       50
176
     1
 90
        3
176
     1
 62
     5
420
      255
176
     1
290
     0
176
     1
 90
       50
176
     1
 90
       50
176
     1
 90
       50
176
     1
290
     0
176
     1
 90
       50
176
     1
 62
   256
176
     0
 40
1.0
176
     0
 90
        2
176
     1
  1
strokes_ogs.tif
176
     1
290
     0
176
     1
 40
1.0
176
     1
 40
1.0
176
     1
  0
VISUALSTYLE
  5
A0D
102
{ACAD_REACTORS
330
16
102
}
330
16
100
AcDbVisualStyle
  2
Gouraud
 70
     2
177
     3
291
     1
 70
    58
 90
        2
176
     1
 90
        2
176
     1
 90
        1
176
     1
 90
        2
176
     1
 40
0.6
176
     1
 40
30.0
176
     1
 62
     7
420
 16777215
176
     1
 90
        0
176
     1
 90
        0
176
     1
 62
     7
176
     1
 62
   257
176
     1
 90
        1
176
     1
 90
        1
176
     1
 40
1.0
176
     1
 90
        0
176
     1
 62
     7
176
     1
 40
1.0
176
     1
 90
        1
176
     1
 90
        6
176
     1
 90
        2
176
     1
 62
     7
176
     1
 90
        5
176
     1
 90
        0
176
     1
 90
        0
176
     1
290
     0
176
     1
 90
       13
176
     1
 40
0.0
176
     1
 90
        0
176
     1
290
     0
176
     1
290
     1
176
     1
290
     1
176
     1
290
     0
176
     1
290
     0
176
     1
290
     0
176
     1
290
     0
176
     1
290
     0
176
     1
290
     0
176
     1
 90
       50
176
     1
 40
0.0
176
     1
 40
1.0
176
     1
 90
        0
176
     1
 62
    18
420
        0
176
     1
 90
       50
176
     1
 90
        3
176
     1
 62
     5
420
      255
176
     1
290
     0
176
     1
 90
       50
176
     1
 90
       50
176
     1
 90
       50
176
     1
290
     0
176
     1
 90
       50
176
     1
 62
   256
176
     0
 40
1.0
176
     0
 90
        2
176
     1
  1
strokes_ogs.tif
176
     1
290
     0
176
     1
 40
1.0
176
     1
 40
1.0
176
     1
  0
VISUALSTYLE
  5
A0E
102
{ACAD_REACTORS
330
16
102
}
330
16
100
AcDbVisualStyle
  2
GouraudWithEdges
 70
     3
177
     3
291
     1
 70
    58
 90
        2
176
     1
 90
        2
176
     1
 90
        1
176
     1
 90
        2
176
     1
 40
0.6
176
     1
 40
30.0
176
     1
 62
     7
420
 16777215
176
     1
 90
        1
176
     1
 90
        0
176
     1
 62
     7
176
     1
 62
   257
176
     1
 90
        1
176
     1
 90
        1
176
     1
 40
1.0
176
     1
 90
        0
176
     1
 62
   257
176
     1
 40
1.0
176
     1
 90
        1
176
     1
 90
        6
176
     1
 90
        2
176
     1
 62
     7
176
     1
 90
        5
176
     1
 90
        0
176
     1
 90
        0
176
     1
290
     0
176
     1
 90
       13
176
     1
 40
0.0
176
     1
 90
        0
176
     1
290
     0
176
     1
290
     1
176
     1
290
     1
176
     1
290
     0
176
     1
290
     0
176
     1
290
     0
176
     1
290
     0
176
     1
290
     0
176
     1
290
     0
176
     1
 90
       50
176
     1
 40
0.0
176
     1
 40
1.0
176
     1
 90
        0
176
     1
 62
    18
420
        0
176
     1
 90
       50
176
     1
 90
        3
176
     1
 62
     5
420
      255
176
     1
290
     0
176
     1
 90
       50
176
     1
 90
       50
176
     1
 90
       50
176
     1
290
     0
176
     1
 90
       50
176
     1
 62
   256
176
     0
 40
1.0
176
     0
 90
        2
176
     1
  1
strokes_ogs.tif
176
     1
290
     0
176
     1
 40
1.0
176
     1
 40
1.0
176
     1
  0
VISUALSTYLE
  5
A12
102
{ACAD_REACTORS
330
16
102
}
330
16
100
AcDbVisualStyle
  2
Hidden
 70
     6
177
     3
291
     0
 70
    58
 90
        1
176
     1
 90
        2
176
     1
 90
        2
176
     1
 90
        0
176
     1
 40
0.6
176
     1
 40
30.0
176
     1
 62
     7
420
 16777215
176
     1
 90
        2
176
     1
 90
        2
176
     1
 62
     7
176
     1
 62
   257
176
     1
 90
        2
176
     1
 90
        1
176
     1
 40
40.0
176
     1
 90
        0
176
     1
 62
   257
176
     1
 40
1.0
176
     1
 90
        1
176
     1
 90
        6
176
     1
 90
        2
176
     1
 62
     7
176
     1
 90
        3
176
     1
 90
        0
176
     1
 90
        0
176
     1
290
     0
176
     1
 90
        1
176
     1
 40
0.0
176
     1
 90
        0
176
     1
290
     0
176
     1
290
     1
176
     1
290
     1
176
     1
290
     0
176
     1
290
     0
176
     1
290
     0
176
     1
290
     0
176
     1
290
     0
176
     1
290
     0
176
     1
 90
       50
176
     1
 40
0.0
176
     1
 40
1.0
176
     1
 90
        0
176
     1
 62
    18
420
        0
176
     1
 90
       50
176
     1
 90
        3
176
     1
 62
     5
420
      255
176
     1
290
     0
176
     1
 90
       50
176
     1
 90
       50
176
     1
 90
       50
176
     1
290
     0
176
     1
 90
       50
176
     1
 62
   256
176
     0
 40
1.0
176
     0
 90
        2
176
     1
  1
strokes_ogs.tif
176
     1
290
     0
176
     1
 40
1.0
176
     1
 40
1.0
176
     1
  0
VISUALSTYLE
  5
A20
102
{ACAD_REACTORS
330
16
102
}
330
16
100
AcDbVisualStyle
  2
JitterOff
 70
    20
177
     3
291
     1
 70
    58
 90
        2
176
     0
 90
        2
176
     0
 90
        0
176
     0
 90
        0
176
     0
 40
0.6
176
     0
 40
30.0
176
     0
 62
     7
420
 16777215
176
     0
 90
        1
176
     0
 90
        4
176
     0
 62
     7
176
     0
 62
   257
176
     0
 90
        1
176
     0
 90
        1
176
     0
 40
1.0
176
     0
 90
       10
176
     2
 62
     7
176
     0
 40
1.0
176
     0
 90
        1
176
     0
 90
        6
176
     0
 90
        2
176
     0
 62
     7
176
     0
 90
        5
176
     0
 90
        0
176
     0
 90
        0
176
     0
290
     0
176
     0
 90
        1
176
     0
 40
0.0
176
     0
 90
        0
176
     0
290
     0
176
     0
290
     1
176
     0
290
     1
176
     0
290
     0
176
     0
290
     0
176
     0
290
     0
176
     0
290
     0
176
     0
290
     0
176
     0
290
     0
176
     0
 90
       50
176
     0
 40
0.0
176
     0
 40
1.0
176
     0
 90
        0
176
     0
 62
    18
420
        0
176
     0
 90
       50
176
     0
 90
        3
176
     0
 62
     5
420
      255
176
     0
290
     0
176
     0
 90
       50
176
     0
 90
       50
176
     0
 90
       50
176
     0
290
     0
176
     0
 90
       50
176
     0
 62
   256
176
     0
 40
1.0
176
     0
 90
        2
176
     0
  1
strokes_ogs.tif
176
     0
290
     0
176
     0
 40
1.0
176
     0
 40
1.0
176
     0
  0
VISUALSTYLE
  5
A18
102
{ACAD_REACTORS
330
16
102
}
330
16
100
AcDbVisualStyle
  2
Linepattern
 70
    14
177
     3
291
     1
 70
    58
 90
        2
176
     1
 90
        2
176
     1
 90
        0
176
     1
 90
        0
176
     1
 40
0.6
176
     1
 40
30.0
176
     1
 62
     7
420
 16777215
176
     1
 90
        1
176
     1
 90
        4
176
     1
 62
     7
176
     1
 62
   257
176
     1
 90
        7
176
     1
 90
        7
176
     1
 40
1.0
176
     1
 90
        8
176
     1
 62
     7
176
     1
 40
1.0
176
     1
 90
        1
176
     1
 90
        6
176
     1
 90
        2
176
     1
 62
     7
176
     1
 90
        5
176
     1
 90
        0
176
     1
 90
        0
176
     1
290
     0
176
     1
 90
        1
176
     1
 40
0.0
176
     1
 90
        0
176
     1
290
     0
176
     1
290
     1
176
     1
290
     1
176
     1
290
     0
176
     1
290
     0
176
     1
290
     0
176
     1
290
     0
176
     1
290
     0
176
     1
290
     0
176
     1
 90
       50
176
     1
 40
0.0
176
     1
 40
1.0
176
     1
 90
        0
176
     1
 62
    18
420
        0
176
     1
 90
       50
176
     1
 90
        3
176
     1
 62
     5
420
      255
176
     1
290
     0
176
     1
 90
       50
176
     1
 90
       50
176
     1
 90
       50
176
     1
290
     0
176
     1
 90
       50
176
     1
 62
   256
176
     0
 40
1.0
176
     0
 90
        2
176
     1
  1
strokes_ogs.tif
176
     1
290
     0
176
     1
 40
1.0
176
     1
 40
1.0
176
     1
  0
VISUALSTYLE
  5
A21
102
{ACAD_REACTORS
330
16
102
}
330
16
100
AcDbVisualStyle
  2
OverhangOff
 70
    21
177
     3
291
     1
 70
    58
 90
        2
176
     0
 90
        2
176
     0
 90
        0
176
     0
 90
        0
176
     0
 40
0.6
176
     0
 40
30.0
176
     0
 62
     7
420
 16777215
176
     0
 90
        1
176
     0
 90
        4
176
     0
 62
     7
176
     0
 62
   257
176
     0
 90
        1
176
     0
 90
        1
176
     0
 40
1.0
176
     0
 90
        9
176
     2
 62
     7
176
     0
 40
1.0
176
     0
 90
        1
176
     0
 90
        6
176
     0
 90
        2
176
     0
 62
     7
176
     0
 90
        5
176
     0
 90
        0
176
     0
 90
        0
176
     0
290
     0
176
     0
 90
        1
176
     0
 40
0.0
176
     0
 90
        0
176
     0
290
     0
176
     0
290
     1
176
     0
290
     1
176
     0
290
     0
176
     0
290
     0
176
     0
290
     0
176
     0
290
     0
176
     0
290
     0
176
     0
290
     0
176
     0
 90
       50
176
     0
 40
0.0
176
     0
 40
1.0
176
     0
 90
        0
176
     0
 62
    18
420
        0
176
     0
 90
       50
176
     0
 90
        3
176
     0
 62
     5
420
      255
176
     0
290
     0
176
     0
 90
       50
176
     0
 90
       50
176
     0
 90
       50
176
     0
290
     0
176
     0
 90
       50
176
     0
 62
   256
176
     0
 40
1.0
176
     0
 90
        2
176
     0
  1
strokes_ogs.tif
176
     0
290
     0
176
     0
 40
1.0
176
     0
 40
1.0
176
     0
  0
VISUALSTYLE
  5
A14
102
{ACAD_REACTORS
330
16
102
}
330
16
100
AcDbVisualStyle
  2
Realistic
 70
     8
177
     3
291
     0
 70
    58
 90
        2
176
     1
 90
        3
176
     1
 90
        0
176
     1
 90
        2
176
     1
 40
0.6
176
     1
 40
30.0
176
     1
 62
     7
420
 16777215
176
     1
 90
        0
176
     1
 90
        0
176
     1
 62
     7
176
     1
 62
   257
176
     1
 90
        1
176
     1
 90
        1
176
     1
 40
1.0
176
     1
 90
        8
176
     1
 62
   257
176
     1
 40
1.0
176
     1
 90
        1
176
     1
 90
        6
176
     1
 90
        2
176
     1
 62
     7
176
     1
 90
        3
176
     1
 90
        0
176
     1
 90
        0
176
     1
290
     0
176
     1
 90
       13
176
     1
 40
0.0
176
     1
 90
        0
176
     1
290
     0
176
     1
290
     1
176
     1
290
     1
176
     1
290
     0
176
     1
290
     0
176
     1
290
     0
176
     1
290
     0
176
     1
290
     0
176
     1
290
     0
176
     1
 90
       50
176
     1
 40
0.0
176
     1
 40
1.0
176
     1
 90
        0
176
     1
 62
    18
420
        0
176
     1
 90
       50
176
     1
 90
        3
176
     1
 62
     5
420
      255
176
     1
290
     0
176
     1
 90
       50
176
     1
 90
       50
176
     1
 90
       50
176
     1
290
     0
176
     1
 90
       50
176
     1
 62
   256
176
     0
 40
1.0
176
     0
 90
        2
176
     1
  1
strokes_ogs.tif
176
     1
290
     0
176
     1
 40
1.0
176
     1
 40
1.0
176
     1
  0
VISUALSTYLE
  5
A1F
102
{ACAD_REACTORS
330
16
102
}
330
16
100
AcDbVisualStyle
  2
Shaded
 70
    27
177
     3
291
     0
 70
    58
 90
        2
176
     1
 90
        2
176
     1
 90
        1
176
     1
 90
        2
176
     1
 40
0.6
176
     1
 40
30.0
176
     1
 62
     7
420
 16777215
176
     1
 90
        0
176
     1
 90
        4
176
     1
 62
     7
176
     1
 62
   257
176
     1
 90
        1
176
     1
 90
        1
176
     1
 40
1.0
176
     1
 90
        8
176
     1
 62
   257
176
     1
 40
1.0
176
     1
 90
        1
176
     1
 90
        6
176
     1
 90
        2
176
     1
 62
     8
420
  7895160
176
     1
 90
        3
176
     1
 90
        0
176
     1
 90
        0
176
     1
290
     0
176
     1
 90
        5
176
     1
 40
0.0
176
     1
 90
        0
176
     1
290
     0
176
     1
290
     1
176
     1
290
     1
176
     1
290
     0
176
     1
290
     0
176
     1
290
     0
176
     1
290
     0
176
     1
290
     0
176
     1
290
     0
176
     1
 90
       50
176
     1
 40
0.0
176
     1
 40
1.0
176
     1
 90
        0
176
     1
 62
    18
420
        0
176
     1
 90
       50
176
     1
 90
        3
176
     1
 62
     5
420
      255
176
     1
290
     0
176
     1
 90
       50
176
     1
 90
       50
176
     1
 90
       50
176
     1
290
     0
176
     1
 90
       50
176
     1
 62
   256
176
     0
 40
1.0
176
     0
 90
        2
176
     1
  1
strokes_ogs.tif
176
     1
290
     0
176
     1
 40
1.0
176
     1
 40
1.0
176
     1
  0
VISUALSTYLE
  5
A1E
102
{ACAD_REACTORS
330
16
102
}
330
16
100
AcDbVisualStyle
  2
Shaded with edges
 70
    26
177
     3
291
     0
 70
    58
 90
        2
176
     1
 90
        2
176
     1
 90
        1
176
     1
 90
        2
176
     1
 40
0.6
176
     1
 40
30.0
176
     1
 62
     7
420
 16777215
176
     1
 90
        1
176
     1
 90
        2
176
     1
 62
     7
176
     1
 62
   257
176
     1
 90
        2
176
     1
 90
        1
176
     1
 40
1.0
176
     1
 90
        8
176
     1
 62
   257
176
     1
 40
1.0
176
     1
 90
        1
176
     1
 90
        6
176
     1
 90
        2
176
     1
 62
     7
176
     1
 90
        3
176
     1
 90
        0
176
     1
 90
        0
176
     1
290
     0
176
     1
 90
        5
176
     1
 40
0.0
176
     1
 90
        0
176
     1
290
     0
176
     1
290
     1
176
     1
290
     1
176
     1
290
     0
176
     1
290
     0
176
     1
290
     0
176
     1
290
     0
176
     1
290
     0
176
     1
290
     0
176
     1
 90
       50
176
     1
 40
0.0
176
     1
 40
1.0
176
     1
 90
        0
176
     1
 62
    18
420
        0
176
     1
 90
       50
176
     1
 90
        3
176
     1
 62
     5
420
      255
176
     1
290
     0
176
     1
 90
       50
176
     1
 90
       50
176
     1
 90
       50
176
     1
290
     0
176
     1
 90
       50
176
     1
 62
   256
176
     0
 40
1.0
176
     0
 90
        2
176
     1
  1
strokes_ogs.tif
176
     1
290
     0
176
     1
 40
1.0
176
     1
 40
1.0
176
     1
  0
VISUALSTYLE
  5
A1B
102
{ACAD_REACTORS
330
16
102
}
330
16
100
AcDbVisualStyle
  2
Shades of Gray
 70
    23
177
     3
291
     0
 70
    58
 90
        2
176
     1
 90
        2
176
     1
 90
        3
176
     1
 90
        0
176
     1
 40
0.6
176
     1
 40
30.0
176
     1
 62
     7
420
 16777215
176
     1
 90
        2
176
     1
 90
        2
176
     1
 62
     7
176
     1
 62
     7
176
     1
 90
        1
176
     1
 90
        1
176
     1
 40
40.0
176
     1
 90
        8
176
     1
 62
     7
176
     1
 40
1.0
176
     1
 90
        1
176
     1
 90
        6
176
     1
 90
        2
176
     1
 62
     7
176
     1
 90
        3
176
     1
 90
        0
176
     1
 90
        0
176
     1
290
     0
176
     1
 90
        1
176
     1
 40
0.0
176
     1
 90
        0
176
     1
290
     0
176
     1
290
     1
176
     1
290
     1
176
     1
290
     0
176
     1
290
     0
176
     1
290
     0
176
     1
290
     0
176
     1
290
     0
176
     1
290
     0
176
     1
 90
       50
176
     1
 40
0.0
176
     1
 40
1.0
176
     1
 90
        0
176
     1
 62
    18
420
        0
176
     1
 90
       50
176
     1
 90
        3
176
     1
 62
     5
420
      255
176
     1
290
     0
176
     1
 90
       50
176
     1
 90
       50
176
     1
 90
       50
176
     1
290
     0
176
     1
 90
       50
176
     1
 62
   256
176
     0
 40
1.0
176
     0
 90
        2
176
     1
  1
strokes_ogs.tif
176
     1
290
     0
176
     1
 40
1.0
176
     1
 40
1.0
176
     1
  0
VISUALSTYLE
  5
A1C
102
{ACAD_REACTORS
330
16
102
}
330
16
100
AcDbVisualStyle
  2
Sketchy
 70
    24
177
     3
291
     0
 70
    58
 90
        1
176
     1
 90
        2
176
     1
 90
        2
176
     1
 90
        0
176
     1
 40
0.6
176
     1
 40
30.0
176
     1
 62
     7
420
 16777215
176
     1
 90
        2
176
     1
 90
        2
176
     1
 62
     7
176
     1
 62
     7
176
     1
 90
        1
176
     1
 90
        1
176
     1
 40
40.0
176
     1
 90
       11
176
     1
 62
     7
176
     1
 40
1.0
176
     1
 90
        1
176
     1
 90
        6
176
     1
 90
        2
176
     1
 62
     7
176
     1
 90
        6
176
     1
 90
        0
176
     1
 90
        0
176
     1
290
     0
176
     1
 90
        1
176
     1
 40
0.0
176
     1
 90
        0
176
     1
290
     0
176
     1
290
     1
176
     1
290
     1
176
     1
290
     0
176
     1
290
     0
176
     1
290
     0
176
     1
290
     0
176
     1
290
     0
176
     1
290
     0
176
     1
 90
       50
176
     1
 40
0.0
176
     1
 40
1.0
176
     1
 90
        0
176
     1
 62
    18
420
        0
176
     1
 90
       50
176
     1
 90
        3
176
     1
 62
     5
420
      255
176
     1
290
     0
176
     1
 90
       50
176
     1
 90
       50
176
     1
 90
       50
176
     1
290
     0
176
     1
 90
       50
176
     1
 62
   256
176
     0
 40
1.0
176
     0
 90
        2
176
     1
  1
strokes_ogs.tif
176
     1
290
     0
176
     1
 40
1.0
176
     1
 40
1.0
176
     1
  0
VISUALSTYLE
  5
A17
102
{ACAD_REACTORS
330
16
102
}
330
16
100
AcDbVisualStyle
  2
Thicken
 70
    13
177
     3
291
     1
 70
    58
 90
        2
176
     1
 90
        2
176
     1
 90
        0
176
     1
 90
        0
176
     1
 40
0.6
176
     1
 40
30.0
176
     1
 62
     7
420
 16777215
176
     1
 90
        1
176
     1
 90
        4
176
     1
 62
     7
176
     1
 62
   257
176
     1
 90
        1
176
     1
 90
        1
176
     1
 40
1.0
176
     1
 90
       12
176
     1
 62
     7
176
     1
 40
1.0
176
     1
 90
        1
176
     1
 90
        6
176
     1
 90
        2
176
     1
 62
     7
176
     1
 90
        5
176
     1
 90
        0
176
     1
 90
        0
176
     1
290
     0
176
     1
 90
        1
176
     1
 40
0.0
176
     1
 90
        0
176
     1
290
     0
176
     1
290
     1
176
     1
290
     1
176
     1
290
     0
176
     1
290
     0
176
     1
290
     0
176
     1
290
     0
176
     1
290
     0
176
     1
290
     0
176
     1
 90
       50
176
     1
 40
0.0
176
     1
 40
1.0
176
     1
 90
        0
176
     1
 62
    18
420
        0
176
     1
 90
       50
176
     1
 90
        3
176
     1
 62
     5
420
      255
176
     1
290
     0
176
     1
 90
       50
176
     1
 90
       50
176
     1
 90
       50
176
     1
290
     0
176
     1
 90
       50
176
     1
 62
   256
176
     0
 40
1.0
176
     0
 90
        2
176
     1
  1
strokes_ogs.tif
176
     1
290
     0
176
     1
 40
1.0
176
     1
 40
1.0
176
     1
  0
VISUALSTYLE
  5
A11
102
{ACAD_REACTORS
330
16
102
}
330
16
100
AcDbVisualStyle
  2
Wireframe
 70
     5
177
     3
291
     0
 70
    58
 90
        0
176
     1
 90
        2
176
     1
 90
        0
176
     1
 90
        0
176
     1
 40
0.6
176
     1
 40
30.0
176
     1
 62
     7
420
 16777215
176
     1
 90
        1
176
     1
 90
        4
176
     1
 62
     7
176
     1
 62
   257
176
     1
 90
        1
176
     1
 90
        1
176
     1
 40
1.0
176
     1
 90
        0
176
     1
 62
   257
176
     1
 40
1.0
176
     1
 90
        1
176
     1
 90
        6
176
     1
 90
        2
176
     1
 62
     7
176
     1
 90
        3
176
     1
 90
        0
176
     1
 90
        0
176
     1
290
     0
176
     1
 90
        1
176
     1
 40
0.0
176
     1
 90
        0
176
     1
290
     0
176
     1
290
     1
176
     1
290
     1
176
     1
290
     0
176
     1
290
     0
176
     1
290
     0
176
     1
290
     0
176
     1
290
     0
176
     1
290
     0
176
     1
 90
       50
176
     1
 40
0.0
176
     1
 40
1.0
176
     1
 90
        0
176
     1
 62
    18
420
        0
176
     1
 90
       50
176
     1
 90
        3
176
     1
 62
     5
420
      255
176
     1
290
     0
176
     1
 90
       50
176
     1
 90
       50
176
     1
 90
       50
176
     1
290
     0
176
     1
 90
       50
176
     1
 62
   256
176
     0
 40
1.0
176
     0
 90
        2
176
     1
  1
strokes_ogs.tif
176
     1
290
     0
176
     1
 40
1.0
176
     1
 40
1.0
176
     1
  0
VISUALSTYLE
  5
A1D
102
{ACAD_REACTORS
330
16
102
}
330
16
100
AcDbVisualStyle
  2
X-Ray
 70
    25
177
     3
291
     0
 70
    58
 90
        2
176
     1
 90
        2
176
     1
 90
        1
176
     1
 90
        1
176
     1
 40
0.5
176
     1
 40
30.0
176
     1
 62
     7
420
 16777215
176
     1
 90
        1
176
     1
 90
        0
176
     1
 62
     7
176
     1
 62
   257
176
     1
 90
        1
176
     1
 90
        1
176
     1
 40
1.0
176
     1
 90
        8
176
     1
 62
     7
176
     1
 40
1.0
176
     1
 90
        1
176
     1
 90
        6
176
     1
 90
        2
176
     1
 62
     7
176
     1
 90
        3
176
     1
 90
        0
176
     1
 90
        0
176
     1
290
     0
176
     1
 90
       13
176
     1
 40
0.0
176
     1
 90
        0
176
     1
290
     0
176
     1
290
     1
176
     1
290
     1
176
     1
290
     0
176
     1
290
     0
176
     1
290
     0
176
     1
290
     0
176
     1
290
     0
176
     1
290
     0
176
     1
 90
       50
176
     1
 40
0.0
176
     1
 40
1.0
176
     1
 90
        0
176
     1
 62
    18
420
        0
176
     1
 90
       50
176
     1
 90
        3
176
     1
 62
     5
420
      255
176
     1
290
     0
176
     1
 90
       50
176
     1
 90
       50
176
     1
 90
       50
176
     1
290
     0
176
     1
 90
       50
176
     1
 62
   256
176
     0
 40
1.0
176
     0
 90
        2
176
     1
  1
strokes_ogs.tif
176
     1
290
     0
176
     1
 40
1.0
176
     1
 40
1.0
176
     1
  0
DICTIONARYVAR
  5
AC1
102
{ACAD_REACTORS
330
ABC
102
}
330
ABC
100
DictionaryVariables
280
     0
  1
1:1
  0
DICTIONARYVAR
  5
ABE
102
{ACAD_REACTORS
330
ABC
102
}
330
ABC
100
DictionaryVariables
280
     0
  1
STANDARD
  0
DICTIONARYVAR
  5
ABD
102
{ACAD_REACTORS
330
ABC
102
}
330
ABC
100
DictionaryVariables
280
     0
  1
STANDARD
  0
DICTIONARYVAR
  5
ABF
102
{ACAD_REACTORS
330
ABC
102
}
330
ABC
100
DictionaryVariables
280
     0
  1
Metric50
  0
DICTIONARYVAR
  5
AC0
102
{ACAD_REACTORS
330
ABC
102
}
330
ABC
100
DictionaryVariables
280
     0
  1
Metric50
  0
DICTIONARYVAR
  5
2E
330
2D
100
DictionaryVariables
280
     0
  1
1.4.4 @ 2026-08-05T03:37:10.613658+00:00
  0
DICTIONARYVAR
  5
A07
330
2D
100
DictionaryVariables
280
     0
  1
1.4.4 @ 2026-08-05T03:37:10.683831+00:00
  0
DICTIONARY
  5
A3B
330
21
100
AcDbDictionary
280
     1
281
     1
  3
FBXASSET
360
A3C
  0
DICTIONARY
  5
AC3
330
A23
100
AcDbDictionary
280
     1
281
     1
  3
ACAD_ROUNDTRIP_2008_TABLESTYLE_CELLSTYLEMAP
360
AC4
  0
XRECORD
  5
A3C
102
{ACAD_REACTORS
330
A3B
102
}
330
A3B
100
AcDbXrecord
280
     1
 70
     1
 90
604169412
 71
     1
  1
69787617-B534-4AAC-9025-70E40BA1B97E
311
504B0304140006080800B95C055D81276A0B1E010000A80100004F00000043304230303735342D463031342D343936462D413333342D4534413734363134373144312F4173736574446174612F446566696E6974696F6E4974657261746F7250726F706572746965732E62696E6D513B4EC43010351420242890380005ADB1
311
9D38F11A09A17CA968E000E00DDE4D246F12AD1301DD16145C63AF44C939E8612CBCA918E9799E669E679EEC0F84D08F0FA0680FB081F304F2AD6EF5BAA91EAA5AAF143A7015D3CD95B9002645187196863808D20C733A2BB1A422C632CEA3882789CC8B701F7487805C2FD4680637F2AEB1953646B5BA1BED2914FC8EF395
311
1A60973297EED211422E6D0068D7B06ED2F2CF9133F90250CFFDD58DB2560FD724A329A522E2B8A48C632EE3122761C871C113C163C605CB19B9D7B61BD795B6249662266226701A81080C67E03F88B0A005A769C252290A32D4A37B9A336763DEAAC6104ABC85C7BE5D42798A63CF9EBEB79F5FE0CFF83C093CD9E95E7DFF
311
FD1FDD6278EB6BDD54B07AFA9B5F504B0304140006080800B95C055D12A3E6CDF0000000300200004500000043304230303735342D463031342D343936462D413333342D4534413734363134373144312F4173736574446174612F496E7374616E636550726F706572746965732E62696EEB606060F80F0540260323103700
311
495E20ED9E9A975A94991C9C9C919A9BA8021430B334B730373334D775323536D135717474D6B5343032D5353770353170723474B23477654768046931363471713532B5D435353131D635313332D475727372D13534373670367376B67474B5042A8300CD98FE435F35AED8036926A0480310C3F8601AA2EA833D4812EC52
311
2025E0C02000E242808A038C8583FE600F95C060C0049068A03DCC40E50D08B360920FA0C6F020A49058A0F044C8C0F42029803253763A405830255868B05F21716482690258E4833D0B9006C51C1F10079727962467E83A1525E6A5A4A68064A80900504B0304140006080800B95C055DB5A795FFE3790000DE7900006B00
311
000043304230303735342D463031342D343936462D413333342D4534413734363134373144312F5265736F75726365732F36393738373631372D423533342D344141432D393032352D3730453430424131423937452F7468756D626E61696C2F302F67656E657269635F706E6701DE79218689504E470D0A1A0A0000000D49
311
484452000001000000010008030000006BAC58540000000467414D410000B18F0BFC6105000000017352474200AECE1CE900000192504C5445818181B3B3B35A5A5A4848486060605C5C5C6464648383835E5E5E6262624E4E4EAFAFAF4A4A4AB5B5B54C4C4CB1B1B1858585B7B7B7585858ADADAD7C7C7C464646787878AB
311
ABAB747474A7A7A7686868707070B9B9B96E6E6E6A6A6A8B8B8B666666545454565656A5A5A5505050A1A1A1BBBBBB8F8F8F9F9F9F4242425252527676764040403E3E3E9B9B9B7A7A7A8989897E7E7E9393939797974444448787873C3C3C727272BDBDBD3A3A3A6C6C6CA9A9A9A3A3A32020209D9D9DBFBFBF8D8D8D9595
311
959191912626269999992222222424241E1E1EC1C1C1282828C3C3C32C2C2C2A2A2A2E2E2E303030C5C5C53232321C1C1C363636383838343434C7C7C71A1A1A0E0E0E121212484A484C4E4C1616160A0A0A4A4C4A787A781414147C7E7C9193915E605E464846838583878987B1B3B18587856668665A5C5A626462818381
311
A7A7A5A3A3A1B1B1AFADAFAD7072705C5E5C9D9D9BABADAB7E817EB7B9B7585A58BBBDBB4C4C4A8D8F8D747674B5B5B3B7B7B59FA19F606260ABABA9A5A5A39B9B99A9A9A78F8F8D6C6C6AC7C7C5451AD12700002000494441547801DCBD89771BD7B5A70B8EE04C702641712605CE034890E220088028C93245451215B713
311
AF388E7DFD9EEDB8DDCE6ABFF4B57D97137BE50FEFEFDBA74049B6AEED74869B7E87404D2814EBB7F76F0F67A8835CEEBFA0E42B854AA5B2BB5B6BCC951A8D52A93657A914FE0BEEE39FFE2FF395B9B9C6CAD2D4C4606F4B7FFF8D1B37EEDCB97587F7CD9B4343BD134BABE7DB48E3FFA7A228ECD6F6574E4786C0FC8B5FFC
311
E2CD5FFCE297BF7CF3CD5FFC92B52FFE58BFF9E69B776E0EF5F79E55CBBBF9FC3F5D3DFFB07F5898ABAF7CDA3B74E74EC0CE20230561BF096E97E05712BFFCC59BC80539DCE83DDD6E54FE61B7747DE17FB8980BBBFB2BBD4337DF487881AAE6C5ACC6AF25207877B2B527BFF1CB3B77FA47561ABBD7F7FA7FE146A5B6BD74
311
E3164C7F51449AE95DB412200EC539418717E7F2F11B376FF62E95FEAF1442BED0581DBCA1BD2780D23F506AFA16E1A7AD974EF17876F00DD7BCB187A1A97AE51FCED5BF2BC1F2BBE5B3C19BE27B43CF26DE00933658FE129B109C2FFF922CC22C4260FA01BEFB462A77DEBC35F42F600C3F5B0795D2E9E02DAD5E650B4438
311
A92801B65C35CBAB7B1EE5041CE69D3B6F1822DFB873EBD6AD3B6FBC71EBC6C86AE967DFC2DFA4CEBFF1BF54F6276EBC114E2F43FEC60B01A0D440A868B2920E5C4BC10D60931ADCB871F3268B21D3851B08E1D6AD9BFD4BF57F7577909FAB86F29B982571136AF01DF5FE32AC3BD9406CAAF2440A54CF176EDD01FBADA1FE
311
FEFE21FE4C9858DFF4183458A9FD2B6708A5A5A137E0EE1D11A9EC0C7C58B2C73C0AD6B479BD76B7790CF899E287FA5B06FB7B07C9195B7851FA8794031EF1FC5F9406BBFB23375420286399B631E93B08022A785C4DBF9996EC3551874094D71B6F487E80F6837E50F483BDBDBD83232323AC420A18C68DA196EDDADF68A7
311
7F938F78FD972BABBDB7B87FB164AC6FC2CB760365821ACB74AED44FFAD7E7431ECD7E08AC421F391D199998989A383D9D98E8E56F84A318C58D9BFD2DAB73FF5222C8EFAEF4DE7AF30D756E5108683DA471E70D0502099A7240F19E4089D3FD203E620F1B47BF43501E85031AE44B4B9F2E4D2D9D4D51D8970983FA861B37
311
06FF950CA170DE82F6B312CC4F42C8966295F7D725ED29882415DC055F36DEA1FE96FEC141493F05FAA9A9A5A595B333DED5B3D5A533F62183323032F46EFF13EA0AAFA5FBF7C8976F8C10F7280A014832593B90004D52341980D907EAEB73411EB2F1EBC9F507F92746C40E7AE0AFAE54292BAB2BAB67CAE0746264A277B0
311
6508168C94BF772BE9765F7BF0B548FE1E07F3B5A521340A5CB5297C4B12811B89E82191ECF3E41B3259C529F135E23CF4C7F961FB13537F5A02ECCAEA76B5BA5D3D3FDF3F2FEFEFB3AA22053E5008833428DC6C59FA2F770595F311F235D427F379BB8A121BD901B96076A388DC4C3C61C7933CCCD770FF375A6E0CE9F535
311
FE2534BF5ADD3E3FAFD71BF57AA951B6D4CFEBFB8864758A26154430080B06ABFF557610ECC93726224F155D1471041E0D42F82F4891C926C1355B0831649FF365F46FF05300A7A790BD8ADEEB0D4AA9569A9BDBADCCD56AA55AE377F5F3F3EA2A34983A1DE91D810543138D7F28E57FF4E2B5335A3928B76EA1CB9B00BF15
311
8C8F63A2E788826896D0B5E7C461949ECE089144F8EBEFC7FB4D8C9C4E9DAD60F7FBE572B416C2F2423ECF8B86C439E450DA970634ACFDA977629098D0B2FAF313A36B3869E37AF7853378CDA1171FBEBA95DF1E44FD5144A420588641B0055A79ED91CC0DC41E27064512FB33F1F04D09D0D2DF0203A646A6CECE80DF2835
311
6A348CED8C4F1EF137B9319E1BCD29867CA556AA97F7B757567006A447FD375A26CAAFDED9CFDCFB2BB0BEEE8AA5911BC2C7F85DF88A3775389990AA72219D582409210F85A4E66F2987D875C30848023088FDF77E87F96FD7CBA5B9DCCEF4F4C9FC7C676777577B7B7B67E7ECCCE4E8DEE85E81A6D55AA3BC7FBEB242589C
311
E8ED4770E785D7DDE23FF2587EBF57F50B9E820527316488E5C32D50F979BCA58207297E2B6D658702FFCD211840FE43FC9F3A5BAD9E97E6F21B9FCF16BBBB3A3A5A175B5B1787875B5B3B86DFEFFC687A72674F19D46A8DFDF3EACA59E405375ACE76FFA922C817CE86A89BDD92F400F2C55B7462F610459837D3A61ACF50
311
C7471C8F2F2A9D38C3DA2F068007F80EFCDBFBE5DCC674B1D83EBCBEB8BCBCBC3ED0D3D333D0B3DE33BCBEB0D8DA35FBF9F8CECE68AE020BCE61C112A4C1138CD47F9AD13F7DC6AB9CF9CFCFAF9D0E01FFE6CD503F5B91C5218E2899CA15098714848B04FCE5654884ABF0E554F11F6C21D73D5D5AADD64B7B9327DDAD8B0B
311
7D7D6D6D07070763BC0F3E38E8EB4310EBEB8BC3DDB347E3E37B5842B97C4E44A0C630427E5CFDFB71E03F471E12CA9FF70E055AE141042DD81234B879EB4606361D9328149037D7D76A571A7E974FA20AD0323832713AB5BA7ABE3B3E3D3FBC30307070B0B9B645D93C3CDC3CDCA41CFC6AAC2D64D0D579B4B1B397A7C1BD
311
BEBD7D36657A3CD4B2F44F4909F2B9CA597F4245C59DEC354316F0587020D0C661742BC02869435FD12CF195C422DB3C5A3E2305C000CE6B7B27ED8B7D63079B5B5B878787C787C7C7C757C76C51B60ED60EDAFA06D67B965B3B672677080BB5329E60E9B477847AE2E9EB53E35779FD37EFCD2D0DDD68AA355B6B0D818605
311
02B8B68C801F5C697E9AD62F4B406244CB975560BAC756AAA577675B07C6D03778C17E7C95CAF1B3ABABE3E3ADADE3CDB1B1B6B681014470343EBA979F8B90383545727C63E43549D14FD0F927E5F1FDEFD7263058FE02EBCD1BDCBCA053496BD58E69BC44F9F854D4D979AE9ADB908824382AC1D4014E9756EAF9CE85B6B5
311
4DB01F02F8EA5908E0D9D5F1B3E72188C3C3AB67879B07C8A0A767B8B831FE5E7EB754DEAE5261460243FFF07858D8EF0D658BDC563A2C5EF5833C13C90B69248C4DD97842B61DFA7F210A2F6108A0F96B62E2D3B3F3DD939EA47E30ABF5AB2B903F4BE5F9B36757CF65021E616DAC6F60A1FB647274B4B05B2E5341B082D4
311
3278F67D8DFDA48AFF9A13F22B34C7586C9992BA6E66CABC190E313E7C811AA57304B421A75B289B9D174CC868C24548823E230B9A5A2DCD2CAFE1F98E61C015CA7E96B083FC59F3ED06EE60F360B3AD6F79787ED278D0A86FAFE00BA9220EAEFE1D5DE1F7855939C3FCC1332426B377F692406E022C010DB437EF009803F0
311
DCFD3B7C94440571D8F2C328F115F47FD324802070BAB43FBA80EFDB92FCA1F7E7CF9FA875CBB327CF9EB08C4DE4815BC4210E2CB7CF1CEDECEDCED5B757490968286899FAF95583BF46F9393CEE6A86D6F618CAAD9BFF0BE22B042412C5CFB50556815CC5BBE33E9F61ECEC26A9BCB8145FD10590078F9C9E953B513FAE1F
311
E387FAC246E14F9E3CE7F5F8194BD6594140876B6B84C5D6799C61A16434201E5237582AFD75C07EEED9863F463284E2E13425A036BD41061259289B6BDC1ED656FC8B8592C9D00701E27CEA749F0D8EF44EAD8C1F80FFF8F8F9D513191F6803384C800097F24069C407CFAE88136B7DCB3D5D4A60B711F19070D83235F773
311
31FD35E715966889038E2E0B346EAB7936C4162043E1A1F144093695443A570144898BC4079CEF1912809A3035A1D3F361235F90FFF1E3E0FB93C7E2750719F88E7D8E68123883ADB5B18185AE99F1D11C1238A792DC4BEDE8EC6FF503DF377E0445F68FAF4E08D43082D02170F30131A154206CC559A8D9CFDD762B31273E
311
4947A581E0D9BB71E33FFA07CD02CE2A6BE1EC80167497F2A81CFA3F7EFE58D0CF5D5D170DE4F89070B0BC4040CC17BEAC6B0586C3D3FF0309BC06F44B04A1E13729929B4DF73C44070692C810B08AC3012E8EE9EAE22067796288C193B2139B970B86F47FAD0F98382B1E035D9C32FD318A4FAFCB274F2E1FA772F94411B0
311
CD42493C23393A685B5FEF3E1ACF554AF5F3552A478383374E6B2FDDFC4F6DFE38F4F4ED7A7FE838F488EA852482F412D3CB07E293D02C9F074F12E84C5AAC423271450572A385449844706475FD38DC3C22486A0639E5F1E38B0CFE93CB4B25910EF309A2224BD8DAD40C682C28341AD69047E8539A6AFC14EC573F7FAD10
311
AE0FE6EB13E87B28E093B513B5803514DE408809BC12A14876DE0A25F643009E9176D9F0C330164285A7444DC8CAF0E9FE41429EE0A2F6A6DE91C0856C501272404A8468822E24C807030B1D33D40D4AFBDBABB411D093D88C86D7205E05FC57EDD1F805FA4CED5920F0CED39157E007CE21757C5DE440ECBCB46CD283E378
311
029B43FB077B4F47E60E9F61E8D01BE017D7E843EB49F50A2028F1E442FCC90C9EE308E4C0C2C94EAE30B75FAD3A0EAFA57FE9EF960F14BE15638840EAF3BA490BB6850EDB38EECAFD21A0C746D0C4234DBD035EFC7EDD121FA585FAB73DB89FE6A03CF833AB0730E5E2F1A36CE3F202A128934B44E396961121E1F2C9F32B
311
FCC0C140CFE22C1CA8E109B182919696BFB98120234F61B59F7BF46EC30CF067B21A33B0FB3E402448EE266CCD93135A8E823DB31F85E677434E608F53F8100BC0098EA2FD6BC01770E0F2F2D1E5452A711C4BB8486248FAD756D852026B6DC90A2AA5C6B69E9068B8F27AFABFFEE8AB36F1D23985D5960014FD711940800B
311
560250D2272CC54FF1D3A660B275AC3881E349689C1616E1E9044129D032313509DE4700BC867C71F128C400159407C761022BA8A040F40A244788808C60B3AD67A17576279F6F946923191921B0545FC2F12AC0EFEFBD7262B6935679FC7F80629160ABFAEC88E8430E76D82A8DE62ACE50BD4A42FBF03B387B37FD321B37
311
E31C3F063D99703F5160E6C9E5A300CF32A91E0A085A29C0FC507F6C21012303C6104B82C1F1E156DB3229D1A855A32A8352C9077AF733A0AFE0FB3EF81FDF2F0F82C21B0EB06998866878B103305E31EC17F4FD43831E570A2118D1667632D4FFFFB125782F96168A833DBE78C3F11F8383A79D49F58F1E3DBC780417AE65
311
81381E8610604888E2913E12492881274822C221AD04CB0B1D273B8542837460898C686864FF6F801E8269F40AD0481DFAF5E6E9C1F3BE391C325004DF0746A4E4448F7B52C0D5EAD39EC46896B888C4210D68E99DFA2820DF7FF850EC407EB55C3EBC5028611409BFCB8889C90F1C52355AEF98B18100094C9D0EF6F64FD4
311
7E5CBF3FF5293DDFB4B50DDD54F351446FA1F14580DC3902C085F593CB24ACC917B213BBC11B3F0A61042FD8B24F4FB9C4556D0CB9E1A880DE89934CE9607F18F81FDD950DD0E1D143F41D56110E227C250621FF098838042BC85B5B6BCBCBC31DD37B34966E9FFD9936A2FEFEA9EBA4182E5CD3E17AE35501FCE0707E5525
311
A7DBC64DFD077825BE37CE0BBE1BBEC061410C660B6E49912665E2B3749C7C9F93834022F74CDE6CA5EB501D9CBC04B768292C5CCB84478F3CA83074092C6082169015E5800D5839DC6C1B58EFE83ECA513BDE3EFB8EF1242D2D4B3FD55AFE03D42F8492AF8A3F21444FA2FA9ABBF525EAF84C09F0168527B0138A85D1EC04
311
43C467B28BF844EAF76323BE13D7C11F72FED783837B970FEFDE7D7817E077C17EF7E2A1C2C0FE851FE4C008388C15E818958746129E1009D054B67530D6B3D8DA3D59D82D9D57CF70039FF50FFE0DE94089DB269C3655A4F25B38C49D0BD48E59F1526887C18FC5272197F85CA72862A593A4843CD25F920487DDF7AA0441
311
A2C0600D062001F103FCEEA3D8560CEC3EBACB01CAE5A51E420349F602191E5F901893142381351CE17047E764BE50DEAF9E4D8C38B6ECFFACEB141E54A6865A88A60133EE9CBB4C256930B0B168C1C3AB59FE1743FB422C7166082E934AFA5EFA3E4BCE0B69362FA7041818B7FDECE1DDFB4D022007CA23E521F0700AAEB5
311
888BBBF08023E128B4045381542FA256B0D04E28A0C3804E233A1BFB476A2F48FD135BAF9843BEDA3264EB42BA499601F16B566E72C7EA35908ABCB9176BBED43204C696AFD3D7B24B08D3AFA44BE243D88A6D9D0B6562B52F741E1610C0EFBBAF2B0829289A640EC4C8A4FF66A24430786CEBE1E1E61AF9507BFB496EAEB6
311
4F8F49B4129EBDEC065EC1F8A3F228A3CD0950883B41BEC6D1944AE06147289600A7726313AC69A3F91197F1438BCB743E76F01F6EF1D1C854071670FFFE43FF1EDED702EE5A14C85D0C42DF90B86068800659AC88981855E3E774A71C0CAC2F76754EE7CC87C808D1E1E0F6CF47FD4224731337BE1E39C5010823EE997B14
311
91BBD99FC8D8EF77482BEB5EB2CF66499A8E0F7511B19B3EFBDACB6507BC78731B1B383D02FFDD7BE8DD9256F7D0BA7B46015941097B80018F700FFA024CC08078F51806100ADBFA163ABA8A3B95B9D2F92AC30BC908ED31FABE0CBEBFFF0279B675868F9AA24E9530B08C174055B7F48E4F58002F3E82F0BDFA003E8B431E
311
B6C4A91E4D9B5FFB791265BA8827BBE5F1BCFA7F789F72F75EC800F8AE43FFAEC42F13009FB905A9A0132015D0068ED7682AC608BA6771038DEDB3B33082891FAB1ABF5614F93238079726B833958796B845B731FCB86316713C1DC581B1E19B424EE32674093F80776F7E27C6FBFAC85C536CD955B96EDA2A3FBF770FF4BE
311
11845470EB3E42D022000E0FE07D161811020742162444668308801E133A4C163BE68F6826A5523071CA78B2FED51F28F8C70FE4190073A3E5D3259D7A288CD19BDE623F10021BAB0C6E327FD507B2741627727EA00D31856492F9F009D7F152D930704E642795C1C1B336E0DEBB7F0FDCB79318543B25341F36802D64A981
311
A690B94259607DE0B19D466BF8C1C5E1CEF9A3FC5C639FD6117B4BAEAB453F8EFBDA500A67E8BAF76C8A06566E36EE1184E8329419161F83D843D5DE7D8221163E145F56921C3EE383978072129E290A9B7166E63D26BAB1FCDBF710009E4051842390031845F20077CD079407C575F20364C4910ED2A574BC357630B0BCD8
311
DE39335EB175646A698458F6A346F003A93002E846FFE0C459B8006E506D79BF902908A0AA05CB5E73530E33BA1D3C2EF99C712B7C8B41DF4D2A7830BE8707485FCFAEEB85A09AB6D39BBF7B4F23E00509C20DB04E240822A4B810E04D8D53D10D504C059ED86BB8697F514777717A8F8144D48A4C89077F7EDB00E2D89DC0
311
2A7B975640A282C49A4AA84B70B12BFED8EA6584860DFB7EE23FCB00C6BAF7332FF259FA3C9346508813E372F1DDE425065BB61FDF8300F7EEDDBE8D0C6EDF46F7D8823478590AE23759D60DA6B7A9F125EDE8F4A5D2B37470D0B63C30DCDE3D3D59A8D1501EB1B0A5377517BDD6E301F995E3F955F0F58FAC2E81CE172A83
311
44AC03DC6781939D2484B8FFC15E8F3ACCD3954CE19576B942D0A029188EC7013FE59AE90B71292DE774F1F63D60230180B30A2EDC65291B6211B4081128856001A680015CE000708254891851D4B3BED0FA4D7166B466BFF1D2A924885AD12B387FC0FCE6819AC3AE06A7AA4B715F0927B74D119D4A668FB54B8A8C268D8B
311
038A207D10A7B1E95E42195B695BE0240F7408B311257C23F581E987C180140C584A02B1670CB817CEC0A080F259F1360E58452013200E3EC107AC1DF4FD7B0F6D23F33347F9527D9F51E6138E31AF35F1BDAAEEEBA3D71BB402E2FB47CECEE96B4DB85536772B07C82A34F3E66D0BCEC207FEB9E70643761276F7B50D5EE9
311
63CFF80C7AF4A2130F5BF8C4EBFB5F07B709840480DBD8007FB7EF3F90104908BA457D43AA2A6A02C91422285E5AAC143F3313A0CB74D9D164933B86C25587134E8D342B453FC982860D09FD13ABE72055ED020E85D3E312F74C25CB0293D978A1C4001927C80B86FD06349126EC219F0C735C8053D8F5F310817EA01F1B78
311
51F406144C211C6362C27DD51F1E310C0102280ADB891E9B085CC528A2B1369A46BA195B9A2B351862CE43174BA73FB7CBB430A5798F4C54B7333B96C3224A9863AD02B9FBD8E63092191924E77C199D92887DA594B6DCF0112857162FD0949FE6A441F5E62E42FB2105BC405A2301A3424601DC807912CB2C39C604A27908
311
021CDA30C4C8C2019A883B3A8BD393BB3546136EAF561980FB63E9E035FF73B96D09A905ACB2C11D79571C5159026227DDBDB81396EB03F14100BEB66DE1FA9EF82C3ECCBE318119C4269FD014E66361FC8BB0B4EA9A98EF3D8848A01360430284335004C183CC25BCA82D2302EB03B8419241C64DF4F5ADAF77B533BE7863
311
34BFCBB8DA72BDBEFFC36103AFB30608A0B39B58D93F0BF42180841DD26BDC22CF0A770E90240006BAC65197D90920131C7B2EB3CFD3C71C6378A305EE8488FC1FF8D391E2BDDB0F6E3F45E7C8207C419800DB410073A3173942CA8D5242642A74496FF115832A6314D9FA4257577BF7FCF8F8E8CEE8DEDE5EBE76DD3CF892
311
BA7FB8B90F629431B5525E92A15A3A4A6FEA3FDD73136172060959206591F4C927196CF645AA285CF3014630121754261C0D31E1A7E3DA2DBDB54B04703BDE3A4209F02045C4BB0F529A14BED07098A2A1CD47513DA64B512F409BC01663090796D787173B5AA141B1B39BB470EEBCF1E30F9D263ACC4D05110797CEF7B923
311
B027F089F74D1D06F0A4D8C0CDA6604023FCA45B76C5CDE0BF3845ECBE13E0C0ED73700A8A753C1AC8AEFFF1B407FC8A20F42F0D94019121DE304077A027D4112283BB8FF0072444D68AAD111D6F591BC0061854BBC048EBBE9E81F6A33A95C21BFD13AF3C7E7DCDFFEB0DE8903F77B41DF178E99C289895B0EA8CD640549D
311
68935BA7C5294E0A1D66DA0CC419BD398E6265789CA1241441AC94532A3C19C95340BEFC68703077EFC1D307B71F3C500859C11494838E902203A2BE90EACC5135B80B078804340C920C2300BCC06F7A1C71B875DC572C9BD1D84BD5FB9363CA6BA7D03E5C40FDFC54FC23C9B4B9DDD028787D89219038523BF64E638BB37C
311
C25335937A00DFD32869C5B390C8C32FF25C8C47A7181B4A599A224A9DADB0E0406FEFF9F183B7448F081E3C55024FB33828784AB61704482CD0160C04174F9E33BA9291D58C2F1F1B1B3B5863B0D9F3E51C35C253D54A23E560E2C0CB3A6F7A81382601C2079CAE96B7B1560D20A341E85A928A4E01083256420576C2ED47
311
7E2E565FD9223BCC691CF394D3D8E281501E0EE5C1C8159E92585D255CF30CC854C75318006EA4A01028EC853F9407C6053910BE105348324002260254886C156260F9189EE0F8C9A3CBAE9D5A992184568A69D5183A7DB97DB089FDC57AEE54F858FE54F577DBA85309640290F2D220952620750C5811FB772A7876D1E404
311
0FBFC6474D51246D8B3FB378283FB514F8AB3C20B8BF7DBE5DE541C9A5D3D38DDB30E00151E02523081BC89C2214103E0BC1B3D0199A08E002681A2613A2616CEDF0F0F9C5DDC75DA395C25C0309C03DEC8091A4AFD3FEB504AAC6633930556DAC86EE3561941E862C4A75DD6B6BB3A0C59BE153DFA73EDFCBC3CE2188D3D3
311
78FC976D0EF9A95B7C8532F527CE3CF539581E0FE501291E9139FFB65EFF5DBD8E0C18DE3077170A64E033FD278F18068028802F156C3809FDEB11B1019C208D020C9BA2870457F0F8E1FDC7EDD393E3B9FC9C4308E9315704233F960E554802C14716B0B45DAB5EAB5E25AB7830EBB8D25E6CA94E4AA01794FB1EE164FE9F
311
040FE82C940A4BCEF913075D087E85A7237D3CF29C47E4E676777779528C4781761F0BFBC1D3A77880E40C9A2E5109180D5255317890394229F0F082010354082D574F1E3FBAB7D6553C2113DACB97BEB5526C7C6F69F9310A94C46CD89FF8F379AD1AA035FD00FF3F320180F01417A6F255A3A8D86319FE0C0B0E06A0DCD3
311
3F79841339C01E5BBE1911AFCFF7C1E0A540BFBDBFCF2372352686D863F83F59CB6865F43104007EE06F52406F680341102048A01BB048823082CBCB0B6AC48C313F3E7CFEF8F2D1FDC3D6F6F9F9D9E98D9D7CAE5EADE2A6512FAD7AB526E17F600C85550DDE9ACFE9D97E694513103BC69F8A2813176032C890C1E9C49FC0
311
9C61670FF8705B1D7386260E7C8E7122C7F8208A55139E8C8D4763F7EBF5728DF9C34677364E3A3F9AEFDEC9CD95470788834F9FBEC512379890B38C94205B2557987C4186DF5C0837608DF0F9F3CB87B7EF6E920475752A01460E556919B2B64296FB9FB70DD5F47232A0F77465BF140CD001F00ADCA175090E2665A14E63
311
29B62660E02A1CB50C6025E3DA252A670B3F0FFAA5EAD94A509FE7036B159E0D1D9F2E76B7AE1FD5A606198D3A747AF450023CBDFD162278B9446688111009B4029B0F2180AE20A542D40610C073B47FEFE1416B2B12200F3C991C2F54EC2491027A816B0A34A9D05C6F437AC23462385DADD75642EDDA738AF1600DBE07EE
311
8437804D2D011A94DF71C2085EDD40266A407FFA1D1C00B0C03927E60338E3B9D8C47D1F8CAED578E06F7CFAA4BB63B175FA7C301B747CB377F45192003CB8FD34B12009224543D8604494011A80C1903CE0518C986208E1C5FDDB8FDA161686873BBABABAE74FA637BEA894A44078C19696F326E057D7F95D061A6B0394A9
311
D5F2DCAAFE4C2388D8A6E9AB7695CB0BDD0A332430F1A9333DA41D1FFB97FA09AE84E738C75C407C260408F8DBD5EDED7DE1570A7BE333C54F16963B46AB0C2B71208EA3D16EF4EEDCD7005241166C005A73C03164792151205C007288AE337B4D7103741BDE7B7AC913350B348B2D767515674EC6F72A0402BBCB41C81305
311
AFCF05F2758D3ECAC8D26AB97606DB9581A4B7A8FFB068CD5C0604E6849046B70C2B60FF0CDDF93C13822B4E82FA0479A68220E66D9FD775FB3C1A9CDBDB9829B6AF2F77EC9E0678FB20ED8D1B1A1A39D10F9812E20D6281F5673121AACAA9C53424000DAC173F7E18C3052EEE3E78E7F1160F5AAEAFB70E0F7775CFCE4EF3
311
84DDEEBEB9C0889D5243BDF557559FEDE5F17AB21E118C4C31A3DF6A96B56AC62180293910ECD6B721047664BCFCC6B2DD3C65CA0F0C823DFEF84083C7ECCDF05898EEF158F4FEF97EB9C123F1B9D1D1A3D9F9AEC5F5CEDA84A3C96C14A55584D62893D6A54D8D2028D05C8B1F124884543F3223B29D208B04910D3FC43F5C
311
52196AEB5B5F5E58E8E82610F08C21BD443801233C0CE8BD1E40F84A1CA86001990048031ABBAB11EF83F9283EA89F181F2A0D9A9F62D94B7F625FD727E6A93F63F200F614F7CF100D4511C07DB45FC5F0CB4CA359ABE4774631FDAE85E599EA0878A3C33D5AD6430CF4C055EE5FDB80629000D7855DED3F436F3B61B3DC7F
311
FACEFD2B1BC6FB0696312CFA477CE87A87070C7998E04FBA78AE3F915A065E819FCF35B410321D9ABB308146A11AD5196CDDD7C477A171C8AFC74B45CBC6F641AB53C8D4ADA5870C02379BC0470CF83DB55F073E29CF5CE5F7A3F8FD62EB7AEB1774C2C6780B9523F9287193FD23DDB79FBEA513B45200E2E0C1B51350163A
311
C19043C600F2C1DBF7DEBA7BB9B5457BC0D840CF325EB0BBABBB786D301437000020004944415472B491ABCCEDAFC0591201CAC8EBFACBF367FE7B6E40E69F551BBBE7123E3C00AC560CE20C62436E8C3C54CC225EE08C0D74CE26148877689EDD004FB2BFBFFFBB984035373A7954EC5EE8591FE531348654514DB1D1C564
311
11DFA2A7C212BE5ED91278F2851A432244C6822C29C85A8B320ADCBDFDD63BF71FD32648E7D098CD018BC35D7FE89E250EF2AC75F96C15271602687965C844B8807C6E7729D93F22E81D39ABD62A0820C1FE9F11CFA7208125D33E96FD69E83AF6052DD32D49FF0802CD9F9DFD39260389A950887A647CCC99BAB17132DFB5
311
DED35138FB3A060F6295AA5E195BF0BB56495A5A4A8FA440026E46A047D40ED2520A441C302D240F201FB8F7E0EDDB0E12A04D8816215A0579E8FE1B1281E9F19C9900DE79842E2A7CCD48E9876EB01C75DBA0E0C8D44AB5512947A00BE7CF5DE9E1A6A6BE43CF1A78783DFD5A404E4477336C1ED8B18908B2A847B2AFE983
311
9E891137A6673BBB96FBBA2A4B8E9373B001F08369BA11BE8ABC4302FD2345FD6014A127068427D007BE28B41D9B0D40FFB7EE531FA673C8870A69135B1CEEE8D009C08042A5B4EDA314920B635BF941E7487E45256439DFE9D276295F87E698389CD49FB394FE19720412DEDDC40E9CE9C6DD605E0B719FADC416CB15AB3A
311
61F9B5B9B9426E54F81D8B03DD950946D432B40CEDAB7BB5AF11213CBA73C9BCCCDAFBCF06127C7980FE6D1DC9B4DF14832D6568FEAEEBA76FBF438300B541064ED33F3AC0B0D10505306FD370AED02859234402F6C3FED006766DDED2034D90D119057225EEE3DAF787EBF30EC51ACB4F551678BD6728E1944730C095F13E
311
4D81A4DFFBF67C5BEE37E62A85FCCEC6CC6C7BC77A5B477E22223ECA4FCC0F87E2A5E3EB782BDB25B8CFC6736A044DE5A7CDA604526361D650484FE283B77EFBD65D52C1C73C4F48E7D0D81ACF572F2E2280F98FB230508FA906B42DE240ED651B301CEC83DE1790C9FD96B6CBF986BECF3BD332C18EF627A0B6EECD5B152E
311
02088D03D828AFFAD26B05BF671B4F9A09A8CE0CD2707F67F2A4B3BB75B9ADA331C1305BBAC182FB4A79820B7EEAF73199B8404C0B81231CDCBB871B80FC41FF5860E8E108222A1A076C29E6E03B6F3FBD4F1F295DC457573C7ADED636D6B7B8C88413DDF3B327E1046AA51040B40CB50C7E3F1D2E44DAD34CFA604029BFFB
311
E714DF0C069908027EB275F1F366C132E1A7450B04011CF82B2B647CE754F650FF6E25BF37AAF65B7BDA16CAA791F1D09F6CAB989EC5AB7809BE145FA459E8D3E4B0FB47DAEF093B946FED585B80FE1A0305FD5330FEDB4FDF79FBF6BDE81D8300CF6815E5F9896552412A03F31FCDCC7CB5E32365550CD9365FDCCEC8752E
311
943161D78047336F8AF6539840A1F2E764FDA2970999F205CD2BD1F5CF496571F76EAEFA0E1CF8FD2A55FD06391F9EEF8B9DC9994E72BEBEE1FC928E2F223EBA0FBFBFB4F2DF137BC894B8087643D64ADE6EDED67F7680FAC9060239E845FC94AE93D880F994FBF71FBCF5F66F9F32C292EA900F9C1E6F1105E81C5B5F58A0
311
67A448143842008D7275EA3BBA3D2516FDF02FF79260020D6B3C714711F3CFB61BFF56A826E627E82256F7400FB387FEF23C1C1E77FD6A21EBB1B2B35F2F95E7760BE1FA3ABB3A981423477517EEE36FF96F122B942F6FB64D9502BD1B9089162532A2FEFED255028FE653C9F46FA321E0B588B7DE79FBED07C44106CC8513
311
3CA65190543004D01D02D8181DDDA5A9C91A7110805B7875B689FC3902200FB192E7DFD936B37B57D9C338BD49E99E181F4E5FCAB2ABC1CA7AAB382CBC7D515457CFABE6FBC63D525E5CDF74B16378B9AD6774A58531912D232DF01BAA913DFB7D3AAFF912984302B84D0500077800D26C60A4742101DE420C610C2E92FA93
311
056022EFBCFD5BB6B38651470CD33BD87630C05831BA864C85997B8754B05167F0706499DC442FCD22592AEC2ABF3FF13F950039BF159FA9B36ABDB2778EFF83F70972B83BFD3F4899E64DD8346AA495CB155A7499F2CE39B0AAE755125EB84FD8CF8D8E4F4E9FB4B72E8F1DBCCB98B31BC4607C2CFF21C8145FB48EA0F215
311
9F86A3098415609554DEFA7B27EF1301033DD06D274BAF6821D220DEF96FA4CBB60B3CA241C021D38E1AA76B4406B4767576166766A6C7F77273F5F395291BBA19F64F2E3095C14F3E60371827741CB27E89543857D6D96BF9A47C6A9A26057840332EB843717AAD171880217B71FCCC0355AED3D4819911F79D0EA8AD6DA3
311
1A83E36C5DC2D470295C011302387069158F6C9966022367ECF1D00BA9BB95C389AE7B6105A1FB640689033A7FCCFFEDB762189103A61C3A4FEFE0D6A6B5A19EC5755A443AE78BC5E9235B047890A65919A0D2F96AA3C01CEE913BB3ED239C3E0CD8DDAB99E4348BF3F8B977B6C43DEBEFBD7721A839A63B94C06A10DB87FC
311
BFA3C2932F8C26F88B6D6BB30C3C4E09AFE40FAB52EFAA1EC0316920E031A46D65A0FFE45A673432E907FBCF86717AC04F2CD0EF512D665FF53F05BFCDC43489F150890C60A8E0314E70A06F619D30D841189CA15D3417F3CD50191AE4396543F0C42BCFD696C58DF163F5B46D708BD5FDDA5E5E5FDF9401BC4F7E00E8A175
311
20833D1CBFF495B5D1CE037C664123EEE74737268B5D1D3DBFDA6AAD8C08DF2C0BC7A737E10AAB2A7B958990CEBF556CDBEE823CB09FB344143463C630CFFF585D330CF0320E921744A7918280FEEF981161008E9FBC78C830217A07B7D6985E83F9A79884ABB5AB383B4D7D788F9FB3D867A2112A43F19042B33A108690CF
311
6F472F8661CFAC971478757F6E6F2F7AEB82FEA85E5715941778B278281F28C268AB24BDB470EF3303E09C359E9DF1CF990D8A096106E6A66C8620DDE7D281DF0B2831F20439A30D68386CE13E002F7EDA8D7806162B205D6A19AA1FABFD6B1B400EC2BFFDD66FDF7E8755B4883C043F43046C1326136680404F1F934EBDDF
311
DD39CB58A98DF1BD7880E0532E671FA1435E9D6EA5E9071000BE8F262E7C4044FD95D5FD526EB40A05A634775F32205C3D779FDC168CD5E56BF982508BF572BDA4F6F57D3304BE9EB18149461B12F760D7485891CA47CFC44909136FBF4931716A2E100123FC6CCAA6A644F25EDF4AC980B14039009BECE8B798BF69A05DC5
311
B6885CD23F8E13A46FF0C0A986D617F001C52241801E87C2974C31411DA3A5D7B6175472763D637D3E57C33B908F867F4A59CFCA7923375E5F027A983E18BD7BD4E6FDDBB2250C1529F4202EFAAF979DFFB1F2612E87EBEFEC58581EDB9AA95AD1D7C1905F7305BF8182D5BBB524D47C4E3B81CD843220DE1E6536497C0962
311
C225F75A2D6A998303B23FC501F0B3F736EE1FF01200FC8C99F5515207C9C40081DF304C0A17D06E26CCBC5B3C47459308178301FA8057C2C0AE9D99B05F038828B08400F2E3251254DD7EB8BC4853B101F99AB48E387457C96951E5DB670648BAB70A7B04FE93EEC5F5B183F9739C98952C6845C380D401B8FC86E70A2074
311
4EC720E09D35955D96A9041720196D183AC2CFE6AEA816652D0234883D788BEC8F5DF2615261DB031C2381092401B48D8D2D870FECEA9C3D99DDB036C8A051058030E32190976718C89F031DFBFF2EEA3D88606A8A19BD0AE305BDFD12BA4FF46F1A0002B07137989C748936E9DB2C91F43B07E4E4D16C3779CF5A4FFE8CC9
311
81F07C29E34B7C012AF0054FAEA4A6A3D49D3A16D2B3CF220A029003366663053C89B3FB1827080DEC2780076FBFFD8E39810CB0593CC68B5D9009F2D400418028B0BC6CC74067E7C9CC0C2690FBB084AA5254A12AF63543B35EB40D17B693F7E3464D5094C00AA9E04E0E0524F5C35C5EC6BA94B21AAF2440725E2A9FF94F
311
E7A8F0E769EB83FDEB039B631B18BF396F5C13CF89ACC02C387DA56DC3B1CD84B96CFAAA37B55FE723B611062258257D331F186AC93D8AD600B4FEF4AD777E4BF68F2168FF08C081A37AC13446C859964803961928476D78F68419390D830C1935B5C2A0A22A3AB17D3D6428BF12DC373B8D464E04C0A496BB3B3B75639DCC
311
2500E0F0B15FB6F47B5A7ED0183A87CAE8D535F2EDBD4B3B7FC762DFE65A07C30B2851DB890082ADC07131EEEFA3DB7DD5CD32C0860CA83CD4B7993A175F422A8149B1C1D94C1145059D9C78A8A572A90B7C8B1E3392FF77A80C50220880FF3669004E90F101740D2B808181455A044904674E7482CC3EC85C4BCE339404C0
311
B0BF6A5611E4F9B8157BAB6DE327EC9BFBA1B4557ECB609C1F45326499EFB90EE78F18227F09E563C9E63D847EDB3B68EB9C39E95AC4F7ADCF7D87F6752BB6912040281E4A0D8A8314E80D60470999B8A51FB1488A66A9F3F81FFA61C83F4FA6969E472288FADFD61B005E0EA4284822E018911828E868614DA0C36E11F3A0
311
51070BF2F0840E35F200E2C0C80A776CC9E7E6841C0503D0EDF15ED9AFE527E798D23BEE5F0604E58DFB7099D739BF0BA5D332EF29F1535995BDBD0DE681C4F71DFE6A7AC5A13554AE6910963E9ABC9A0DB5B202225545F5CFACC942B5B93C207352B6E5310BF349AF200175D7DFDF78F6D683B7C87E087FA9B35812C4F8F1
311
3452CED610A2207541E6D659A739441F3833CD0C9C3C3DC2B0712F62333C4FA9327C9CA1124904B4FDE0FE21C119776CB0C212AAFBA5CAF80EB43772ADFE77CD9FA8A4144C54C2FB2304C65F62FC3678E4F6C68F30FEE1BE8383CE7DB86F58B1AE0C51F0F055E188D02F00911DDB0991832228B3172B3E623E513FF1734FF4
311
14A611A603163F401BEA790FC9FF7FC3FD3DB02DC00184145B850D01D120424DC03C00FCEB7880EEEE939399F1F18DBD4AA54C939899304D913CC2D5CFBC55E50C7FBE4C0E14AEEF53D6843DFF56BE2D554637EA047D3C210E2C61077875FB5B40E19F43AB7470CAFE1C0D3ED3B3B4778D1DF6D4F837C08747180FE8394F2C
311
A1E0A46B6DA62CE2B2DABEDE0B1924098580FC16B369730E9E90541D3730D47FDE16EE1FFAD3419CDA05ED1F2715C607F2E81893AFC5936303F40EB776F1D808BDE393A3FA401E1C706E154C892860AD74A2949C409E28A8FB3349C764D13E4D1D3468952B7B1B35001BF41142CAD58D6011C8B78961EACAB66E9AFBC62767
311
3B61FFDA4167950A274145BF11EA17BA9AA60815C2C43AE1F648E3772E53C94E6364AF826019E723069A8AA353A3BF7FB5359281700061FF64C28C10B9AF0B70B0B0D30A31CD1CFD22F68C76DA1E44558869257892363C091D313EFA46B57C3BEB252E9C6BF5B4799EC58F1910F469E25AA17B343799DB3E33CF410061F96C
311
6D63FA91B1000CEBB7D2971BDD39A2A76361E000F5DBC1688D47CB812DD60F8001AF25B328D173A9E4BAC18CE9F1F628704330741B2649B92E9714447C68559C6CD2F681919367E4811100750058809D0230C087A89FF3C80C23C4C60882E481F48D531764BABD5CCECA308DE2F63D3BB50373D630796126803C2D1FBAC148
311
F7592881B395ED7D26B7DD38D7096AF98841CB37592561D9C6565317AFBE9FC4AF7371E060736C7635E0CBA1809FC80F544DBAA1F2F9393D970D44C0615A0C6930E758B9E63AE690F73045F0C8C0731DE9CD80F718E94652383458799E02C06D328010011C7090D8C5E5336A83D4059953877EA1E1D66FBE994F04608C4C99
311
1917230FB61F9AEE183A40AB9108D032449FD1A7283DD25ED15360EF7EA9303EDDC0043403531EDEAB10DFF87F5E2FD56DF0F1B701A9F614DB17FA0E0EDF6FD0B1622A81FA3D1DE5A33F551930335C353A87F9AB05C60455193448246944A232C5D07636D864CDD7A50D0B4440CDCC465D1C418321F50E1648D500294065D8
311
69559EF3C40C8FCC6C323E989AD0F0C73142480B200842802C061008B480A9954AF282052B3AF67350FD0DD30D1F4075AC303A5D490250F5400ACF479656861E4C77AFF327F3EBECA4B57B6B6C8FF62602BF150744656A87DABD7BC6BED50527B2120C001A0B3718C74F0C65CD34F275164D7968148DDF259AB8AD6CA81CDA
311
4E8819509B996A7F642D987A401A2B04018C01E6C169A8700F9DE3B489DB2BC49C9B7B858A4F50D22AE15428FCA4A1EDB20C83492690CFE361CC7F8C8066FFD0D77AEE797977F468A36E0B0DFC87F90EE6348BC748F7CB73B5B9DD5C6EE7AB19ADBF6DF359F1DC2A0F9E44F213F8041F64274C0859A2AB7C37440FEDDD2F95
311
BE44065F22067E3EA0CC3BD8C0D8194EAB291CCEE20B9CD8E02950AD806080047A279F19024C837C848816719AC4A34DF8F0706CED904E8185753A458A27E4C1E37B5F30A104932BE140E0BF4E400160F320B054A8705042FFC47B4940810173F9C9E97240C7FCC3F3813EA239B745DE9F1B1F3FC2F9330374DBD1A7B47592
311
3F9A2ED81716D18D1B577DAAB9D1A0458655AD3CA7E211867AE7C702DCACCD291E0F798013DC01BC326087775C0833E04EA3778FBCB8DA4687A0255CA0AD210C15661E4E92001A4449031D1DD27D327334BE830B64DAD90CBF537A45FBD4E94A7A88888E715B7E74FCD040E818BDC1BF5AC609CCCC015DED23877080FCDC47
311
BD8EF3A7B783A17D33F3ADEB6D6BC7AD75EA7C7852C5B6FDADA6AFEFC2D181C03F8C40DD8A4AB5024F0B72E34B57BC1182472DC80946789AFB711DB7F1193C03C893B0345F420246114D3EA71D04FBA731C0DAB0D3CD311B218F0D5A15ECC105D02F3AC32F13600084731A83220040019B03180634B5923D438300B05BAC80
311
881F061095FED5D572A3323ABD83F1D37A2301A8C930AB3F66ADF7CBEFED30BAAD7D78A06DEB6A87F15491F5AB7E25842B6B34BEFC12C8A159F187C64B3CBD2356DE5FBAB98BBE9583F0E3280C0076DA15BF34C15238145742B07080B1EFB83382F9FEF2239D003541041083C5AF9EF3C8944DC2030BC3ADEDDD9D27475800
311
693049E05413BFB3FEB4308731512F13400D06F813368A0101D8D863EB3E75FCCADED124F532AD3F123F131AB46A93DF1ECE7F96CE9EB6C365C6D6A07EEC461FC919FE288AF7AE1A7D012D291EB073735FF26BBB1C99FB706E972192819B7A34BF22424BEA1CC7958AC2E04BFC8E02DB90A4A1DD04811ACDBC181037864672
311
C78F6C0EC3073A40CC49D5E813593B7002763BC6A909D31AC86F3F6E335C9E1C309BC58F16418642E2AF6B290A34FEDC0CFEE08FCA0F56700699CB73B9C99302AA17BD516D7F1FD755A2B32B3FBE7134D3BEC813195BD355020A7DBB541539CD2C06E45F46FC0EE08293E6C0E1972176D9B678340AA1A4823404EF79B1E234
311
7E47C35D0A2260730E0B513025DC0BD1C07E3366E9B9D17F767405FB531070700035618606F0B40C73C974CFD321B0C174A80C0F3AA54945FFEF348F5488895713E89B5C98DA501E06D8D24FF04FF0CD7ECD7BAA755A854EC6A180AD13BE094E8D5D63BFD6DFA5F5D3E4DB1BA18FD8473DC6E17FFC9832B71A2A94D96E808B
311
B53F9192955D62C82E282B05168AA0927D54AB20A20A74800B7CC9655C8B15F62377CA4C91641F9F4D0478F4FEFDCE273A002CC0A725EC165CE3A149F0333E8E9600B2C05A7D15FD831F0938DBE5D0FF13E3C0F0765965A0961C3FA86DEEB0E28304747BFBA5FCDEE44C23544F7BB7BF7A132DDE34F99E44EC3FEEAE92F667
311
A10F7E90B0E8C6442DF5A5318B0F816311DB2E6DC6F172C363FC800EE09186BB9EC82A24C0117700CD884AA42023B81EA6E0CF8B3056411110D78606EBC5AD5417B45BCC8E61EA01C4006AC233933E35D860BC1B6CB9C9CCCE7840D2E0C1C1FFC11CCE54D59300F2B47D66A10F09D8E24B71B9BDDF98FB62A3B897C53EC88D
311
16D1FFE8C649B17BB8E760EB20B784F52F992544753F2CBF642CD3C9C70D8722C197142C567E74FB431EE248A8F3FC00377F5142144A82FFC28AC2970A780C85A7EE9146FA4B2981F3C93BCB0F3FBCB6DD3DE69C72B6073B99140DE28B8E919D9D9E7C2F5FA99FC1FFD07E9AC0965CDAEA0A945FADE52C791EA989E8E7A21A
311
355FB37E44405D171B98A6E946DB26AE71DBD01FEF07FD378F5B4B518724481820890E7486E3FCE61A60E096D577701890EE07CA5D7F2B086040749FCEF3F81972E510A86359C9BB579883035887542090614E5C4461705D7CA1CF84DB564838606CF1597E8119790D021080C935A908324EDE9F60A04B7830A33F0670CB08
311
605B8D01BF9A3D435693FAB4FD84EF6754930640C1F9D74B052A7ABBA9F502B39DA3BF6BC7514EA4BEC71D752BFDC198EDA8DFE8F32B3EF811E4576B0A2074B99B070A069F60173E7427BDF285024E35A4418B7A412914F2800F1965C4F1120A2D5D2C64400563D5942044807BE7C738EBF3034C4A6F4D70C04ED1F97673C0
311
39FABC4CFF18866E08200BB66BDC9CCDCC3FFD1E43BEFC52C317F0F5E64900FBFCDA4DEE68768FFF46350E0EDADB7B34DBBEDE3776BC55599AF84E312229F931E700D04478D66A0D88D09B2276141AF0F8811C5F8067DC04C0F90929F7F1AC9CCD368488AFB965C97B855A3E2E93AE5B4866502E55991B82D4388614F2C36B
311
8484A5FA06E3EFFA984A6AF17D5C2073299D9F12FD63826F67FC460E54030981684E9FBFC22009A3006962285FDF4FC84B699FB5BEF3736C6072F6844C15EDF25883037DE6BB7AFAD6AE164B367812FA8CFCA6FA25725D99AEC5C6EDEEC64ADDA2BE0056002032E1D7A20A54CF444E360D520A5B69816C0A953CE0434A8A89
311
8BF18E2B704588C01BDB2133342F5404FEE698957C200EF54E31BE6DF4E888C9C67F5F3F1B41F922777E7FA6332677C20098C59F762F5DFE4A23F9801A3BB6F8A4F66E0D40EC867E92DEFCE84C714FC7CE8DD3DD3BDBF9C781B1C3B549FAD2C89D711808CAB100E09700BB85240374A7209212F320CA577222A7020E782450
311
0179FC7096C714884BDFD9499E027ABEB3CB0226CD293CAE6E0C41A6788F396606A073E28CBE5CC67D584D36CA39D37974FE1023253E3FFB007A26F657FFC901D851130DDC2BF54884F20D5D40A0B7E5C7BCC7CC87B84F2ED820192CCE1AABA1FF24ADBE1D03635B5B3B53D4A5F84120125FADC36A0E792D3AD7E255792CD5
311
241A4C84171F1104090017DA493D0A7790A7BDE6DF326180398E4B0DEADA5C2763825E43E05C388E184678C88CE6422606C017F030366981353DF03A753DBF6370879F79889DD0BF75408724DB53C5B0063AB6568D02DC47AE4627B58D7E367A6000267E7840C23A0940B992DB98ED1C4731B4FB4DCFB6D3EAFB6CAC7646F0
311
335C5031888CD74E2103380260AD47176D703960230370FBBF28813524C17FFFBD6288BB28E4F905ADB4A788B40B4A6201C1878BED224DE9906C4C79EF32EE679B9F5D3B5DFA137327320643909A823F62106CB8F9BFE4BFEAFF0FC7A6393EC7F64A698EFF8ACE31BA05ECE6DAB6DF124118D1D13F892F3D3530602E3F3ED3
311
D59DFB821ECFA3D9AE85B1ADAB9E328DE738BF55D5DFD039445AE76D0194180F57B15BEE5F09C07F952F9A10372BC894CF7DA12CF6507E2A8916E0DF430C519485C55D61EFE209912D8C32866214E121611E22A0B1238DB18E86636A3BFAFD5B4EE02FF1E505F902BDF424D0516907BFC95EF3A76B6B3872769D67E25B548F
311
0DA46E2B93DFDFD5F2B9E9EEE1EE1DCC7FBE6380DFBF38A165CAC73DF912AD76A4690D2B766A3EB4AFA2D05BE543EA20B095FB17AE3F1928D84482049B659E671A4763CFA567C08824913D37F2F92F841FC244085C1681225C04AD6DE1684831682CE0D6096B56101C0D4FB3A1BD3F11FC1105AECF5660BD3FEEDF162B0D9D
311
EC6DB55AF27FC98050BDDEDFF63ED14B01336053A19DE9AEF5F5D9E9D9F9E19ECDADCD497BCC57681922F327EB41FF681E17C1921B04FBAE371AC69E53F98183E91B84897A5DB164158BD1D12FF6F6BEF0E02847727BF2628F9FD48B6FB11DF6928C868B29590A0606F92140D0C08850DAA7DD8A5FE8A50389F61288AEB743
311
E9C801BB67DBE0A7F64F63BC87770FDF57AA73FE1F5A84F8DD3AADDFC32087FBC0A7D645C327B97D65E7A8BBA76DFD9BCEE1B1CDE3F5F7CE4E6DF4013ECD7CB60BD1239E8A4E9A5722AD9C4FAC8F7FF17B214AF8801950430639A08E3ABD05A0D94E253BD5951C885B0CE750309070555FF21F2EF83FF53F4E15038B8D8A24
311
4740A5C9CBC120043DA0B323FB1DA0A4EDA268C05A304619505000BE10415DE898809DB6B66896E60AE347ED3D6DC707CB7D5B5BC374A158EDC343D0EA61C217D4878CBBDC1D85686782C3CF4272E7DCFB5E9EF628F5A95AC1AC0C6848F5771329EF8DF2BB79EFEDEC8DBEC72EB7F245287FD4B31008AB38EA4D52F2BF5716
311
7159E3004CD8950E217DDD6F699FC763E9D1A0AECC701F7BD4430A3E030374066938F883C01DE40E7DAFD609345E33570F4CE6BE467FBD7F793B5AF2A9D331D86DBA7BF98067918F9FCDD609A0384B523F4413B574B818C6889FAEFC5E7B8F90CEFD62BC2C85B2478D54DD076635BE434FCADE68B3ECF1C8708E27863DBEC3
311
52D87BCC7A92A8E135700CDE65BC114026DE5DB68275E656D2C0D4087293D43BB4C9C14EA83C0D806783B40DD7CD4F19EE9F33801F55A3F1FD600017A6CD5DE607783D5F74E34680E7DAB98D99F6E5B5ABC7F7DF19D8278322F6A97FDB2FADE1539BD945DDF868EE2B8B70D9EDAA45D1BB0A5801198CF1DA891540474745BF
311
0317F8A3703E02510AE94B084221F887FE950272D62D4232781054A87C58D015CD45EBF9B70E60820A2056E9D4D619E8494BBFA68B61EBDD8CF52CCBA124BACD4A4077E8420A7F36FCDAF661E577B792A7E1B7E337C7CF1FDEBB3B49F501F3C7366C1730E793F51FA20A9C3D2E9F18E63DC277449054CEADA36DA0807467D4
311
5F8A744E1BDED725A033868703F1392BBE221158220588F30574A0B0893D0515B0B7C404AD0E7F40C11D504C49BD7DA39A85A19CD7357DFC966E5D92272FF06D59CA5A6A1C8AE30E52F1247C1F1D78F81887F9F3E387075B170F9F5EEE4A7F5BFC69DF02FD8795FCFFAB472E7C88D563DA514861B85BD41594A75F5E866BE6
311
9471110A9F75C8609C7E6BF6C7C727431EE3E9E3773D2378C25226E82C08104A57ED273FE0921D6990E02B006BD038263BA360355E8DC446A380F0BA35FA9945A80CF60DFD54054202F91897C241C147D59F8E0FC67CD0F2BF377A3463F8BBBABCFBD6833C57E214AC3F5AE9C2FDE88852968F20337972C7E04EE565822300
311
8AE82D93BC37D8DDD900BD6B16EF221F0D4149045D740A8A215D4FC186C658E01994B8CCD317465828704BB630DA2243B3B4ADD3EA554A97408454148C04A1A0CAAC2E04033C04073851F54380E0BF2DFFA43FAD3D6B574F2E1E5EF6E5F4FEFBD1CA87C161FCBCF5C7AAE2F726F814027BAE10F79BC3D765D61D1803952210
311
A9AA07F8C6BB2105B61145B324F96014EF223D4A9261080239F03FF6F4DD4975C183B887E081F7A467A25EAA0C94028FEB808637768B07400A8235D4EF33143253198900E079E3FACB0C59B00F827A5785A6FFE2FCF0C0E6F1714F11CDE5140D931D707950631F3DE877F300002000494441540ADFB08704E252AADE1BD4E8
311
DF55796A32B9B6F17737C67702E5C638682737286CB0E0A89B624D5BF28222432848C9AB8C07170C97B814FF492A61072407D638006F7C8400860444C01B1930A522788045633DFA9507267A3A42BA05925BAD705CDD3792FA23C1075C6EE768A673919EB6C3FCFE7629B7310AA794CC9C0D14A1FB88F95C845BF22543F579
311
96E0B26C9E4C2ADF187F979F8A55F11B47BC26594C52588518D25E6C2B1CCED231EA1B748F093E5726A21A54C91EF95789041030C20FD5AD68613432E19A4D0DA2505B6BD843516E10BB00AF9AC315EE9FDB39CC1F9EA59CD88F9CD071D470C86C4647FDEDDBB1CDAB81DA94034747A779F4CED497CFF817348F69F52E5549
311
0840E48840BA72DB71F3E84F6DA2F4717AA928F153DA6E4C7E8E00363CEC9A2E1C8E65F298FC4A52F087FCDEE5CBA38A80CBE11FF7BC2AFF249203FFAB77A128A001B1987BD334AD9B901890A8C2005B6B248196AD09C0025ED841325B31845032E327C531C839E66DBAB39566B631C2FF0A1DA5A3CC47E665AD8751B47CFE
311
33899DF047C9F3C365E3B11278D49DF939298E09002F6430F9958803309827A7C791048CA070061B7E9A64C557D235F83EE24822E5EAB805F9862F20FC58F483DC0EF02181F572930205107E00E523861895A2811309808F2B6C14B2AA579E893753C155D2F54302007E9FF36AC5FEDBCAD47E182D91A73920CFA5C18E01F8
311
FFF4C3F1FF553BCAD0E58DEF85DD63B91BE38ECE1A9FFC4AD4A1FBA30D462C328C5A0340DFD393D3D3D3C0659195C96990F391EFF4175213BC74C020922D4830FE215E76940962BC0713A3B82784C0CB6623DC40D6E1485BAD454F6892200B225096127FBD82D2B12006BAE2E329C771E25FEBC0DAB3B5395289D56D7A8A89
311
081B34EE06F80F819EFE75C67DEEE95D227E283FE98A7B9F1C97D2D05B4D07A469153C3DA3048EA68FA667A6D90E291C7D7E2D063E4D044964D055F2DBF3E31BB851AE9F78A0A7314F0AD24901F581D74A6929142039C65AF5830D1C809536CDC05E4BA51038F79D713DA930CF18BA3010E385351CF47F74D439BCBC793556
311
A1F99814926AF12835E251C59BEA3C083EC2B2760FEBDF4304C9EB87B35769E1EB24B648542CFA4EBA9EF93CD42F03C08F249A2C98897D8E2225E90077823F4A52171A61219998CED6FA050992B6B0A74A2220ED12123004FB977084208F8E2AFC80F456CB110BCA647A3A0F854085D84FE0052BE31FFE7F925610BAFEC06F
311
C33F9931BF063F39DB3D1BB20EE357F594045F4226131578582CB055A59A073AE0413989D215019B6EB8A21CF154D71164E0D8F4E730C2CD382D098DA5261456A425643686BC8301710F2C50665881399156AA2B4C3191BC555728384800CE10040F746A3D8A80A5F0E500A93456FEC52833BBB45203DACCA37FE1D3EE4B9B
311
F0EC27ED47D89B8266F11EA2DB8B5A8BB93EAEDF0C06B7AD0402B9EAC6E787365535AF19F15158308A9D9785C1BC1C01377F8C6B4D07B50DAD25649764A91DC9812C7B34CA98184084F7C01055466B48058CD44085AF26648520C85C41C67805462D8425680425559F4440F3ABBE1F3F81B1EC72708767DDC8FFB6465796C8
311
FE310FEABE0C9B242A74137EC3E0427091967023299BE5D6D4D0C6D15747DC2AEA4ECC57C72856E827D33CBD319D70FF854369EB841282F84B7CA4881447ACFCB257E252E00FBB3272120A75B99119840858486615636E0E0334031AAA8C08A62E080053A0AAA4158431EC727A084021D41CF5D630C94184F6FE7432E8F5F9
311
A4FCDF3EA7CF136FC2988093F98ED622E38E4976E1BF0CF49D2889E6DF3566719FE1F9B47A2D3BF89C69155DCF24F88C609EE551160F0415900B4C48FB013D8900A9192A700748002924771A3686A0A580FE4009E00ACC090253E280B90AC15048E047020483A038A60ED232831F2CC90498648690D960C48E439F18F4DDBE
311
B0B6F5AC7B7B89F6230243B4FA160A7B9327F3AD5D937C8BFFE5FF8B3A5E64283BEF8EAB9F71159514CFED62DBC880614AA1F7994CCFAE7D8C87057F451733699B8DF87056E1F0654B5021E38097E4E23221B810DE20559AD183A61C2C88A648DB096081E9801CA00BC1DA0124E08DAAC15FD2936905CA8DA1C40E42B13F17
311
64E0C4015EAD7F8BFEC99A310B1B7C0BCC7746D3C0702759C89EAD57122092122D1F857067684A578F1DAB7EAC400841F493A468113282FFE42316CC74C756B1C880FE78795C692813CF4644480EE9B02991BCA257A71861F00666D9410288487618D120D0E80D7773E2B7DD180E100EC98B221C94BFC4FF531A09B986230F
311
1CD08378A8E4D0FDD7D9B1BC75F5C12EAD7FF83F3ED19EB018620303C217A6A35D826E72ABF2D8E2BB1B783F6E48D2E3F360806E1D192085D022103473A10375B63853EC54F500B5B064DBC20945B88160DCF7E4F83A0200BF6FAEAC88E9F54D22D898E43F378D20B51B5D6B1457000922202800DD401A9266483029C0D6D5
311
7ED80D42A0E6E08835F0F3AC73D7FAE6D56185F04FC44472B854EB7D9CBF7134DF3DDC35A9F6B38417DD6F508B37C1A718B0D054124176F7222F62DFB327F34D451799D56216880193254FF782D7DDE26C271BF38C6E422E271CE4AB8823C9510F021126A7A944E00DB4031D013C88EA0746C96D4574069BD5439C4110403B
311
40020C30B07A604F1E41D19C21A93FD9002DFC35F23B1E7B98E95E38387E3603FE7393680410D702FF9ED5A3C5E5CE68B5827D721FA78F3A9A0C08A79722D9C9B418F46C0057BB1640C70AA4A03D29CECF33987596D53CFB27B32C3BE304C540E14BF8464E080918268D254838C91A01F0FFB99154FD8A9C0495EAA6534A6C
311
464440B4A71E16100E7405088122A35F7A511DC003D002E6C8E7E15F6D1D2FD09014139EC11FDC89394621F77B9F88EB5A583C41E2FEDBC8F82334494C0BFA97FF3C3A34ADE60385B60E5A30CF036E5E75370BE3B83AE73B3B7DC0BB337DA0045299ED0C66681E4AE223D01B1BC3BD4C921E2005FEB5114739040758189BA8
311
A320067B62A3995E4720055065AC2B4A8006BF8CFCC907C0063EACE41813C5F017065AD46CFDC6FF1BFEE052932CA3478C8E5A6F25DC8503D40F61FC1B047E4DFFE8E84407C81F1AC7B5C79DA358551CD0D13785A9AEB38D6EB68A0A8087FC6543E7471082873CDCE5CBEA1EFC5CC0579469E225428E9A43D6A6000B4219DE
311
52E8DF00A55F4BF5035960661C2DB88AC1F67C2890A93FC420193C8326409E7B595FBBBA9AE1D1511B3F6D65B09AC10A71C2317201A603E88C56CC68C91279E83F5C147787EFE6C675F00941D23EF092920330982DF38C65EDFCA89DA98E8ADDECCD77CB86D85118F3DD9884820B1128010D02F1060F582871CC8FF42024C0
311
2239273A1CC3BF71E770DFB7E96081682803188118B50310BD620234F230B12711B063E0F0490FCDA9248B580D3D3DE944A30CFCF2A1E0F6E59E8FBEA289CCCC943785BB8880ADA9C2FD70F6A13F5418444E3A669273C006C4B4EEEC067827539FFBEA9CFF04D84E7F170480037005AAC8829084329899F90B5E013927F8E6
311
46514B4824B01D11F72C012CEACD163B6358A4454A4221D06E68A71062520649BF9E9127D0772D6E5EADED52FF216BC2FC513C7D3C5CC4C8AF009811826AE20203B076A2AA66D8D32E317DEE0EFC000FCE16D9E0BEB17C74AB009256C5D8AD1CBABBDA61402612C675FBD72D07E633B1A42F2421208CE01397560811204306
311
617A5141706105C9F4984C459F2D0F6C392FA05BED808512B0B9A8A9FC6CED89640EA347D31F0DF76D3D9E61E800FE9F7601BE4C9614A1C58E6C839F13A12D0EB426DE6386B82369A9E6A7F1F9146EB578A2EF4289AA109B4F6CEFEC0463E0072A05CC9DEDEDFE08407B173B8AA65399C80B2911252E6290C82CC1B8909140
311
C11B7AE161B42B93905045D017E00CED6D27AAA15F2C2179F1E83D411A7020B9408D202381E7E5DEE5A9E7E5CDE3B186433F488AC81554BEC09BC579018ADD1DCB3D9D70F02B14BF9159A4DA376225FE43DA224FED327941705DA582B2FD1BB5DC0540667B650BECDD1D5DDFB0C7F36DEE2B94F6EE2EE4E426F20A1174C31D
311
F153321A24114C4FFF25E505475F6906D4149B21F1BD9D9DF7B059F8E0FD83323CB97991FE80EE131A9003B81C491B218B1D42C0C0D593D9D548003839DC29A740298B0C23F0CE14BB167BD61989AEF0B985C8FAC8F923A73F31953989F0F6C96CA6C4D0A9A88184BEDBBBDA3BBADE77CD8E2FFEDEEF46184A86671D7DDC51
311
417477BE9F04804F305AC82C2D018A21EA903866A0F959FBD4139916D036635EE03DDB7408BCF0627A03027AD314C09B0A27F0A79490D53839D0DAF1416995CAB24101FA63F75029D57A4CBBA9FB4D120ADB17FB5A999FC9420DFE04FA670430B90FE7F589F7FE8D50A4B5F004CE5F07EB4EA007F8AEAE8E8EF7DB3BE2F81F
311
42166C7246FA9E62D02C8209BA1024414C483498B50229FD923F2414040B2081390AAC353B5283EADA12A30B1080866D746B9ABF5BC107F33C2A015B275480759334B83AB02175EFD0DEC785DFC505E0064F4EBA5A97073A74C5C9FEC97BD25D819E28AEE661FD2732B8BBFB1BF13441B3C1F45E8AC1752BBF80C113DE960E
311
0AC7D9D02C58C80505A19BA0E84B14402601A590A4AE00A825E98C3212342302EE10FC5100681F86834A2804BC409D70270A2091DCE874B16BE0706C974EB3D26EFEDFFCA6C4579AA4DB781708469F055532A7046C6BEB0CF39F3ED2EC4FBCA3D00EA91CA68FD2B87B5C191E0EB2C300F00A1C9881F263571C6CFD83D079D0
311
9F176FAD839340CF030F70458F81F09AEE1329505150CA0A00576B56C06D58070B23086F685E44232D9D53DE3FC3731044F286D19F459351863F749F1104198D6E14BBC68E17CAE70D7AFD958E350BEBBC70C9C4DFBA075240DA27D40AD7DB063A097DD3F041EDB3E4B682A7A12A548F3393DB01945547175879989302521E
311
EB1431B08759B632B174E0F700E774FCA1BB83F95029ED1A084288C8893520E49415E00DA080AE8027C34206D35491D050A4C6B080F6A20889A2FF82379AB6234F6710C05F9080ADF002B9C9F9C583AB220F45D618D7E7F7547FB27CED8A8B7A7D24EDA4988B0C1C2A1AFB53FDC61BF3DE50D63C560F0120B0372F0839DDDA
311
F13E583B868717C1CB8CC71D1D7F440CC82184803144196EFD58BBE00B7EE77DE8C015942357FB06FC906A5E2B8882CCF9FFE184B0035A5CF186A962A63F84B3AAEE3D5A2C830008807568B6A9F424086D2095A3E262DBF124350082C4B5DF4704A9D2C93553DE47BD6766B69349610716999FA25854F759CA9792599D3837
311
ACF6247CE8597B0F960FA3EC45B61715050260C5844FCCFEC9666BC71F875B17E3BCB4CB151405D7D08F846B4CB952248B4603CC402B609E90F0044A007FA800EC46D07A51232B00E5683C55D5096E1374DA4FCBBDE2C25A5B8D26008227CA7758033D7D70DF12CAF7F247939F93F1CC63047D63ADA0B7CC8771B234D8095F
311
CDB577B586D1834062035670E204B245EC093FCBE15626C10D210CB38A13F50E10A0D5C0814B0C4B30AA9858516001669002229618F100767AA3D6D2528595FE7A398C2D2300ED0013A0AE60B91644A057327BD3C36BEBF48C91279B45F8BD145494674AFB211A91977CB838DF35DCB3D6D6AA2FB2784B591ED785DFD7DB77
311
747DAC9D2F7674810EFC2895F9ED8007EC7885101679C06F21E4B1C8A6120956F80518D1DAF1717BEBFB5803E20C6F2A11B2E48AFF4AD2810A70054623E341B3D1ACD92DA91150DE631EEB2C28882D092049C0DD38E262A7BD6F98549930C9D44B7C37028AEA9F8C5628A2BEF5704C0DCB2B428181B1BE766F43014498D2E5
311
7791E4C8DA6BD2ABF5003F0C40202E2E32EDFB02852D16C30B7F646B98FDF86C7891690043128B0A0DE6B4EA27F08C30CA34C9D0AA0852A5997F8D11A6EE84E040B20472020256F4AFEBBB74E6705A12083B249089218E6452C8E5A69717E904A3F5EF3D5D08EC1F4D4E85086B238CFFC11AB9AE972CB775616C6D1DE04DDF
311
073B4DE3747C41FBAE6072901CAD0237100670C5A00C2C3CE063610ED824826C1F6650700E88C00B62468903A0D71D3A390255AD7040048348C56C4647413C2C2561216E0C469203EF06A5B101AD40D0E207F78B124747DB5B4BBB4E88B1C373C114E0470B345156EDDBCE1B4DBDF81DBC400746B0B54E05F693707B89A5E4
311
30982C2AC7D10DFF11D5B102B9505034B35D07E8E5F585757F088B390F2D4C85CF7218E8418BB4F25B885053D07D5A908326809F31D6CC6B77CC948413B28664484439D118DBAC27DB5AC40C1AD166F25E6A2F0AE82100C0BF220405323E1FF80DFC518CACA8DE1003F3C9FAE9C7B2D60703A0004F8EAEAD2DE0F5485452D1
311
5B77B4B67F4C2403B8D8F9C533558ADE058A9E177A1698F75DC0EB4C800F74C0270178C8579C1FACD025F0560844502D2BBC01E620030CB93636C1041636A693949CD80139FD15BE107F905590A292840F8860706D07E2970A2F15E5B13B87C3143CB2930374CC46A6F9B9D7A5CCCC14E11B9E879A49FBE27ADBD6DA82410F
311
BB94FAA8487D61B51F4BE0A03FD08743C31020D6628ED20305A22C2C2FAFA7ED1E7881C438AA5B9035F20759E243C51F34D0D5F02F11403B9E204CC1686C0B6C9000470561519CBE1B0E4FBEAB37A39EE4B84C05F023858779341991F36D9D9F351E7BB3B5ADF00148D9D05784F9AD8B037D48C01BFA83D4247F03BB768BEE
311
F973A14E610090D4B96B1EEC5C5E66928F28EBEB6CF578B067DD83086081579848E60DFC7684044D8174993C39F886043481F6A2B743B18749E52447CD4D230513032D20D20206E536E15BCF7B7D211634F98FF9986287F33F9A94615A5A0A7CACF8DF5DCC1AC6EF9AF1945EB78E0A2FED1DA2ACC00EF983F9A012260BD722
311
EF61C9DBCDD8719703ECF839029010CA0B9F100B1D2842153E01A1A3837AB579516A31982FD2908A09100DAE591016CBCD4B011A2F4DE299E1338CE065DC4841BF9895D8C81714800CD08F5AD39601BC929B55D291F6CDCEF2AB40DD5D98F4E6F107C47AEE4A09A079C05316F479DAF4C2BAB83221BCC0CE23FE3D3D4C7BC9
311
AB673D89A3677D6020F6E182332028012FA0FBE0B2668FB85485902A8E7FA0BA2105C213E20BC2169211A4BABA7D693C3F1DA961F203694853137073AD5CD25F1C017DE0477626D7BA55B88F83B5EE513C41D814639FD1BF759171F4577D3CAB0C3DFF68B2D3B1F8478C18F67BEBB2598FA76A4545E9E961BACF657E0791D2
311
373030E0EC9FAEDD17BEA7703A738185D08236C407448A4CB504CBF01FF43859D3115488EA01B55078000DF085911805790DE1B41B6F8CB2889C3834FE02AFE07D85143C6C008438A944EA63E047023A7EF37E13B0903AFEA7BBAB9579330FAFDAACD540022980B65A75FBA17D388F1E6576405CCE7032D95BDA420E7DC0EF
311
A320879E5F8B3B04C1D2D9C1114210C19FCC49DC6A855E12010184DB8968109ED016E4683CD552A36B3AFA13BFC2114068935A7E774CD2C7225642B73325938052D8634ABC18DC9442BF9E0402E85B42F9F3273672DA8E8F1070405D1DC3248487574CD98092B8B956E6AFE1566530B78FAE05B4A0DE51FBAF85DD075C7E11
311
939F80E015A58D1F87E400CFFD2306C4D1D3C634380A201545A92BE01F445800BE12302AB477BD6F62600D211232EB061448A0D2B877BB940D63D059C37E0569A83DE93E214F4BD86209FF6F479C640AFF8AF6D1BFD987D029A94DB7C329B4184D4BB013BF912FB88FEEF913071A8D82B651BC10DB067A7EC52FE1B4218831
311
44C00F64FA23A11CF708BF16CA59F18D4C04B8085964B2D8DA4A855187000BE440BC816FFB13374640B0EB1D0998AF38A1AEF503F14302E2811081FC12EA6CD38A63B33035125F40F170C0B0AA45E9FCA38FC6D688D48563B5C4B4B7C359D3C7AE0EFB16ACD5E2FAA47EF8307044B4EBE1C71E84E742D81431FB06B90B600B
311
9C239E277A57C94C427EE10E7826980C0136600D916A06058CBE8604DB4D314FBC014EDAACD0820F14BF75449B70339490FE5A0491221BF95F949DF1235380E969AABDBE2D32EB4403D3FDF17F42F9A0A7C28ED75BE86BDB7C7EC80C76F86B8800F77B305EB88F00A4352E0F8089EF811EA02A3DF08F7DA008F803BE4B4EF5
311
F41E56087099E920708C3D720916444440FDFA013D4E1201414123A09290F5BD7AB729298209C4306D007BB0829FD4EC3A6D7E4F00B67DF38CA0764F832F0448E58439B952CB4F70DF964AFA74CCFDBABBDF273E2FF4F56D3DBFF2A78D42FFF2755DF307066497F44062AADFC0CC546F6DCCFECECFA232E14F408F05477D31
311
1B683A35BC245FCF8A5CD2AF20022C21022266905A5BCC8B20235D6FF04019CC04058AC80023662E25F342063165956320BE50370F2A657BACC817DDA3DDD3EFE04028645780A768FE38DBA88BF2EF3ADADFC7FEACA952E5A77568ECF0C971DF32BF1D24F8486B22A649EC81B1B60315CBEFC026091CA45F858D7D04C1B437
311
079431E63E38F880758842E780A9E03791C0FAAFE10012588C3C592FE35461A6047802BA18686887023A422A49599399893103942CF6DA53A8E387825FA0678B261F139F801E2B17C901D0F5217E07AC2401A87D0480F753FBED44FE949C93A1D042B879FCE499B3D861AEB23F9C1F372F0C24D0B7D6E70FE1AAF60F84BAE6
311
42D82F0A9F53E22783915518494FDBC0AFAE7DA282E5050B703570E06319A015E00D693A6BEFFAE493941C3B08C13B96BD20D0115A9565701DC58568A3009DA13E965765C03091F0FF339F7309D44F6E61F837F1B1FF920450EB8FC48F9B40158BE89C81A597CFB0DAF5F5755D3886DC13D4479599B583758CBF35663AA234
311
F133F91D3BCCFCE0A794367F385C59B19431780F1C099131384056616E15A1563B50021D369C593FB292685A68A8B2A50A0A2085CF05434617E05FC24A6B077B990014421A68401AC4D65788EE25F737EB780D08A6E38F060F2ABD889E1B889C44852C2FF368C1E3E710D73B6589EA83F7417B341ADA1F639A23D15298F087
311
AD0326410E116C3A1B325218433C71AE62C07C1480F1C045629724A076A4BB8D622D24690486727F56108D07046DAB065000678E04C4F8C342DE27F4AC102D854F2D08D59B4ED0E4F697B0FF62F113646BC5B7F3131D4EA8BF8B265EA3F2026E7061B96F6DF3D993276B2180B8E57067587428579460551049049B074CF8B1
311
066C7E14C705F0B39298C0997C17F701097023BAC31081390196801FB0C2A12380042927503D5A01CA127F9841B460310639C674BC8CDF1A320501448E0068905B07F6E5602F8C1F07786253438CEC51AE61FDB25FF71B09893AC026A9EAE3F30F369F5D5EAEA5801FBAD3C98B38C13EE017B054F81A56F05259DBDA64FE27
311
0B1FC4C77200FE276FE814B916E222575ED717A62A92956504605268408CFE13FD61F84252228376060206802B9550F00B9D47E6AF1022538A752CF4FFF1F5931384A9FF8700EDD4FFA2B93FCBFABB3EA6C607FF714B0B8B04EBBE83B52B246092AB018C0D0002FC490849F1E214AE6FC42009D6D86616C835B65DB9862EFC
311
4480C14137603C3089D0A5588FA27E693DD184131BA4E88C35045ACEF1CDE1A82323C20B842F2419604821196EE8185BC834AD44F8E9B7549A32900196E9ECBBE20FFB4706861AACADBBFD9B56A23FFD3AB8BFACC18B1B5AC0ECD7B6AE2E2E9CCD2BE8AF1B1BC3A813B94107E82DE67A42E7CC7D4A6116700B5B2EE3C338A0
311
9B840F07C40A64800D7C605AC42B72227C4C7020AB1F20056E26F542717F56534261DE3766AC10A6ED2D006DD03BA9DBA507AE0510A8B385C92363B9154167F1230C40D76AF6F3BE0CA08F8BA2FFBBCEFB09D0986550E0F0EAE2F2780CDF850CB0F88CFC2815FE87BD83909F474F45DD47F1C821DB2107A8817FD45384F578
311
91B65F2543D0C1E20A89B4A8DF806862AC27C60F6A054627FD344250718AC0FA21CDC4E28DBF2650D1B39D8B8A420C348A4F846E2BE824BF8C45E1DB8EEB52F576F47A75FF95F90FCE0FD3A7A08D48D5B9AFBE3EA658E1676FE3372FB57F0AD8D70ED4AEBA3D4C2BE0AAF1C3AD63A6004D12900CFC481A47430C9EACB39003
311
8642C8C41B13303166614210592736B8603AD4FAB17189DBB32F3915F0C380795A089A15228460BDE8E52203527D41B5470901B088D84FF8B3FE2BA7F4FD30ACAB3DE0B7E2FF95807AB0010FFDE3A048F7360F9F3FB9380EE537F16F8673131325D3351A3F664022020811A0FE8C019CA17370725CBFF64132025DA1BE2555
311
102212E80A907FB43ED80A991A8AAC183932C19AE17524B06590B6AD286EB99BAD18FF4BD64BAB519202F992A963648ED30E7521F909F090C0213E367A77D8836BEB6F34D92EDA624183070248351F1A079E5D3E7A9EE81F2CE6678F92E299EE312B6C0572C0A7B5EEE07853612403813152C7125E2022A20C18F855DBAFA3
311
99817FC97FB6E1CDCA31D348434ACD0012F0D32A5456B4007E6E92D72B1A4E9971223A42C1042819E4049C0C5801300C0013FA48F8944FBAE71DAFC27F1826FA2304ECDF3F6C10FF47D5C7E49748DDD687DE8E91C09394EE0682A4F84CFD6067EEDF43E67EA46CB2F4070160439245F00343D03BF25D7E2F26FC400A896DBF
311
19FB8D4D0A66DA669C3D608F9CD048A0533621B25690EE19D5D15248E390F042B12C682511B02BFE3E5700E4C9A9B2107A8F45248FA48234FD23005ED1F4EFE80D1320836F04003BF42856D478D1DCA3ABEEE3C68F9F30C3A16E5C238EA5DE3FF37DACC2F8B7980033F47FAC34421EF0418A045394802CE032D61C70023D78
311
8136788613887C0011A4EA316E005718AE191F8D0D841B9C679CD2FC478442D005429166F5A24403B1E6ACF3298F388B6D0BA933D92339D48969A5C11F09B4FF017A9900A4F887010C474717E10F36468032FF33F4AD610517777104CD920C3CD15FC5F3B3A0C75BBCA3B00F2724863C10BCD4A0E00736C7981F2F72E4B001
311
438B99714FCFAF713A2603BC710376A1715FC602022202E06FDEBBC680A3DF1C4C095A12C50B554FE7623B50374FB2129DDEA4C392C9188077658C87F55FF92FFA507FF03FC8DFD3F31BDAB46DD51AEB03F7E1B38B8B87CFF47EA1479C3EBAD5C6B382C221C0F1B358B39D76D9D3142C4A20935F541E492E0EF081BA41B362
311
0A8E172B584EA1485632E22A8221CEDAC6110AFA4B6D43E2B76A18AB240BB24337721C9321D2C033B2D3E2641A55A400A28403C12D1DADE39AD23FC5FC08C47A64DC3FF6DFF76B5235124022D7E6D6D5F3CB870F9F31C96FE477FAFE54100068A3A87FA5908A2C08011CF31309C10025B089FEF9C510522B8DC07C30AA4698
311
41723A10C08E27F00F7FBC181C083F2809EC3B2B328E294AEAD5A071B3A95C81D2DE3F930372D022C9C793535B92FDAD5426E90490C3C81D000017C6494441544698C416520C1C40C71FC204B22448FD9303782FBA67089A1A7D4CE38E89050FEF5F1E078A4DCCFADA058032C34C1CBC2E1202B1F8962B1A8024F0EB7A11F2
311
09E96FB369D4B64202FE7BA230AD24C46413536EAE955B341B726C593B5D4630C0BE822480908522B0D85430230352618DCD4F7BA6D568BF4343801480006658EA3EDCBFFA9702B4FDE9022163C43F9B72B58001A23FCE6F0B3FF0E4E1DDFB9801A6FC42FD0132CC1F2224F89933107AD30B6C9131A53818AE944BE25A7081
311
0821C38F098411980E46D108F483DC63F49B91B852351604091D60546702F58A3872A1716411B642C7629C267E64E77719F46B0548FD6BFFFC86A38DBFADFCDF700228C124C8664FAA02BFB1F92B09800876FCE4F2D1C3FB4FD0A44E0106A8DB8079751CBF0BD9340066C3D52BC64706467C05B5A54401BE4A1B0132A55EAC
311
1CCCB10D378A3DFEB9812022327745EF2102886A9142C812A1A2C9708027BB55B7006357459F9C2080E0BC34489FC629510F3017B62D5073E2A2C64048A0A42580E413BA9E08274091A398EA80B5BF31C87BF5ECF8F1C5DDFB4F22AAC181F070AAFDDAE5650C4000516440D8806786D874215149E69ABEC43FF0EFC820FEA1
311
12B0522003C84BE03FB76623513B6D840820358B084119B0CEC8C00AE888826339A54091F5FCA513AFE147975BB1A86FC50618D9D74502F0C7C8815AA306602FEE3A5E79E0D7DED1B221001118B73182CD439A092FF801105D1AA14E1918EC282F6260869D55108065988BD67F68E5581720A708051F7C8070F582389C682B
311
E53F2AFD85853F2A013D21564028E06E79B7A71E43212180A81541EBC88F451E02385100491AB0C4A3BC5309A95911E66D04C0B448366988ECD204C2FC930F8CEE8FA410EE4C25B58DD1B6EBAD83F6196670F7DE635282C0A56A851AB035831725F0471A10FE52097089C80495804100318405F0DFC2136004B4C40705EC91
311
54315129205EC357930035688F61AC02188250CFA9A980233925F16A117A48CA54DAB6400221976B75D863330942E20EE3B00B08FBB71AA813B0E502FD2B023DF70114E0D7DF2E2EEEDE7B789504200112075478F2FBD6897835C91F0C20782401E801A2F9142700B74805703426023A81CC0BE88B537D0003E0C5181D29EB
311
8D83050964DD2580910A1E7A8138F76253DC01DC2F3824391AD748276C0B0CDF12366625D038603D0003E0266CB42704C8CE7FA7F11B4D59C0BF454A78F8FCF1E50513715D469607031272358F04E0003C90107223A581218F10008B10247CD20D860FF0BF48801040B361808148714764028EAC137E871501EFDD97C89B52
311
107FF1235B0928C562530082573CE137840EFEF82A0BDC602736C595912FBEC69E6A3A26903B3A300C5A098A9E3F1810CDFFBA019D97B4E7A7A075850F2E92569BD960CA7B8304995FD006FC4213BB1448A6F4BFBB3A9F9FC4962D0A1369129B10073771FEDA38B1737B663A71C088D8848027FC3008DAC4E4397A6F76271D
311
FFFCF77D6BD7F1F67DA51E0E08875A6BAFBD6BD7AE52CC04A0B4A2206F650EC412841A48258258E8662C3838FBE21E25172C2A15A4F78D82DCF68A005DCF07047C183E1CE47731BBCCB5469D9169E0D588945BEB637E87802A03D88FB82486210D28FB3B858D13DC7CE75F5E6F3B03C1744D30CC58C7C7A256146853A05243
311
060B850072A7010CA47CFBF9A1E24F414037B8781E8E9F219A774B36481CB43E48A79819D638C8760D672FAC19FB9D3FC5EA9158DBD0159C27860409682E8FF2595652FE189D2CC2D7C023E944158355806FC320087CC74116030CC376C559C098B93A041C5DDA48AF33827D2327DC761D19C17CC62780D82A170E6CE7415A
311
5E7FE825E053048F88D2AC2A561CA4D4C60098DA28EF1A01382772484698F60C8DD24BF396EA76260542810A625978C03580A9CAB91D10249BE579B0377A3DD15749A45F24C4D81FF3D7D7996F6A1690288008C0FF6CC186DA9D5FC95BB09B1301004B016E707FDFED306A1BE8FA208828F00BF342186839839F1F6FA338DC
311
5A0200FF383DE92614C03A4508DA18F4D85F9354F7E867AA77A42FF49BBE6757A1A7454448D0BFC3C220714FE43A3D8F1547BE10F0BC5A05985AC3C28829A06FE24CD062700601F4AF12AF99099B08E7071DC4626A97C920C3FF96E190C9D1FD7CB6163E800D79E5F3F10A9306C02B799E80F1AB380E0571A584C0370A220C
311
3125000B500900D96FEA40409F980E2083E4EDF4D8D2480AE5667222E020BCDAD4EF19682120818FE18EC7FD6AAD67C03F7DF1955E697456F517AC4F24700C30171C67E9168B109A4F60AFA60F98BE30941BF776DBC7C70792A2FBE98AAA97224F8BEA39B47BFD14A8CD03320DA2B676E3AA397E652E30A42CE2987B7DA1EF
311
7F75242413800A04C0270C62A13372400B435ACD84B8B5009208F5AC73EB149FFF3508E21C2201E0338BE07E50EB47E7FF6D97724A601028C5519073E7978EC88834410450E074DD58AD13A4900103A6444A9CB99103229F0EF8C0C78161EBC68137240734CDCFC349807851E0EB46CE864D2E405ED341B71A390CF2DE20CF
311
5193189E1901E866D0230409684B193D17E2928534D04240937D3C84477494FC5E0FE0B448E35AFC19007926C1C6A6E622FDB8A12E30993C6710E070397C4B26304C0AE38218D19F01FFB15BAE1C0E7E74DF75F2406E373C414E848FF8E500EFAF3C1029C9C0ADAB2313A7426CA9B2C1B9E30032C84EF31A09A88A386F136E
311
8C2F1D582EA0459207015F10F1F001F0B1B7DF7222011EA2001F00BFD36BAEE0850928B08C077030FE3806C880EAA74BCE0863A952812E6008B3A89199C1EE918AF96AF583F1A073B0A355B9D861AF1460DCFB3BFC6B7EFDC834B09700CBED3510E48DC7129041C991F06BA5006CA6B5B34EE21501374E8DFC910042036111
311
EC9C7CFA1C05D48A7270F7F835BF04A4194DA4CF76CEC66718C84CD020D04C412AC848F03E3C61A1C8D50D0EA6838A00376054D3DF61A0E393E1F8B058A6C994093476D601A4A06F0CFD3C0A6BFA910E75CC10400A80FDA93AC9B5EA4303F6C0D188B559086091CC5910137772E14F2376D03181B5CFE74C0EA38440D0AC25
311
6D6C4D104CE05302FCC00B60B9CD4D71E08BD40C144A025E60D4C1F45FE846A2105D717EEA84808A5DD90A168E133640311CF05DD870768683F5D2F1800F485AEBE5CABD8FFA3C0BEB33702493AEB551B1EB035EF5C8E5757FA7832141F88E8578A363802B560007AF93D7D470B478C4D00B412D634C9140C4F9275C00DCE8
311
DFE3C7F8C0AFBC5B2CE82E3C3BDF393D4375D50C43CD1C17E3777CD2C170725B7B42B41DF15BFC344DAD089C1E9118522B4A2C60B794E4E8F33081BB7C8CFCEEA0B2015E49D586429C6C78646180B7710E06018A3082243C275F077FBE412C17DE80D3E6B9462C5204C5D980D1DF84A864401C483CD01B143F4A4868087A0F
311
780F37230200A4FBF6AED325114C367C22512750A5C7C3E32D545CE20A0904183BA10015DCAD89864B3E1EE97EBAE8B204266A48E010511838E2FE413FB116E60880C2D8440AC3880DDA6DF6618C138CF1CB2A09637E18D00F80CB0DC05322E31EADB8081C29410903F06BFCDF5AB46024E4A75828056440503C707856EF0C
311
037623DD4922A400E8A6BD75E4D2800905F18450A00CEE88860C8964C7B3F90F56528BA18F71CFBBBCD2D05797E168FC37DB26DBE0DD2EAEF39686C18440820013C1444055402A541400DD362A0A402F1FE51246404E098249FEE30708C10CA0B54601053159480C00BAA9B1223A773234FE72FD5C3BD81804D8D196FE3D53
311
15A0C981D88D04FA01DFC185CA93F9120E1F480B08063364A0A318F08DF95056E4C91F1150D31B011200383502E079EE43CC18603AE2F88FD139C802A739F208E88D06DC78267C448C27C4113C19B0F51B0E9C1C021CF8F9167C6B1F2E10E461002910105D1042792D1CA303F469714C018C23D72179E165049C40E801CB96
311
CF334562E5807291D1E0C70FE6CAD91656715F0E5C5E70F8D7F83290549B1BAA6F781D25180EBCA93EC84E72A74081CE3020789B3790E1A9E478E658C099BECFF01E530E80EC5FE31204ACFF70AF8177A03059240CD074978A002A878BF883FEEC81DD684E406CA630ACFDE87292822A11953710F000885D6F68A67ED40CD7
311
72B0828359B753F7CE23D9479AB9845771B389D6A77130F8C134EFC83947392029B10E4425440A84AF0E54825228FC1634D369874739C837A9DDC83C20D320C36042610ECDFA750303710224D01202488012CA847424F8D53F78AB6BECE9B3B35A7F32396AC6B7444566327DBB4DF06FD9616744F4D3A397EB3B0A3FBA8D76
311
3702883ED742FE5CD24146D8E353ACCF811C806AE09914D8446E93840FF4D6C963FF32BFB6AB015D1D3B0C9A0968776F021F21404B6260CF84A14F35180CE20B5E85BDA2EC91FD5A7DBA7E5705F4F0F97AF26CE18E3BA078138202400A62930FA6CC7882F911A92F33E547E64990B0F27323D73B6222863F86425153FA8009
311
361C675554C25382CE148420C8DCC47A20122806CA178A0918C14CBD33440289078A00EC6070184CA9907FD0A1270478E0B325B67C2193694EDB7DD0F3C238447C8A11485562FB4902134E6AC952FD5320A4F7C780882DA9684285CD81D278C0E8FF8DEC9F45D22DC3C2CA99C2728110888799575B6834BF22B0F01EDE72D7
311
F21B672C40F0A972999E2200B7C91403F9BB3D09C01990819238CBAE5E7510D7D57450507E3DB04AAA0A3C280064E0775380C8C16EEA4834346A04BF0CE847B4B3AF760D06D24BBB267C32E2C9257DE5EB748AD101AF1FD33265E2B674EED8C01A0AC901392211011AC810560F77778E85B13BAFE3E25C95B70919A4862C15
311
928BD8989664AD8638101D009A80F00BDC41AF27602A4BDA0C077E550048E7F1011410F01405045E1C140B4D0E70E0F6E034171C3D6FD12004FCC1FA304312518910356628A4A326EC9ADF5DFFD1B2C0399503F14B4F8E3E0E4E39A06ABCB56A8014687E86E462BDDE5124615ECDB412B7314F62E6E0C76ADEC0F717B360E7
311
41960104CF1706CFA18E0605004B01AE007869B095ED92144A807841EFF2811C047889A04901C809062057192688C92346F97F279449F89B113500BAD282D1DA80A55C27EFFE02C8D4F395003F285B617BBF0831F49B055342DDDD414378E8888E92C16789F269A27C9A221FAA4A0DFDDB9F935B2ECC04DC51481558A69301
311
E0460B02665AC4DD30C03D480866C3409400051811876014C0F294C542821AB045011A3E3F09001FF304E3A0BED05CC11A811B865001769507FC01ADC611F400CF68C7B093606E30F3C7E0F00C1D10C31951C1E2D7252181DA00345842A19130715C736EC9ECE686A712FDB31E4D3E50AB336E5666D7B212C0113C4A440602
311
9709B43D0228F3FBAF49921B19CA0C82A2D5BC4A2079809240F37D3E10F9637607C3983F0458508A98B8B4EFC92AC13530180CF55359500080061DF59B98BB3FEACEE881DC8127F182A885A86FB12B43C590A4380504E32305E3148BBEEB2D2782029765428092545BA5C2C681FC5F8E869C0EE1034A822FF09A12C9408450
311
5AA868080303473F8161F7AA0A6610745E280BE4427FB770106F8800EADABA19F453210435BDB2348471B13B65F2FCB554827632C4C44467333E4127095D22092ED492009930413251B5408345065065E415266E20279A40B3F520370BE2050C8360E6BB4601C1673B9BFE007EF5200B6483CD195400A783E6DEA0653515B0
311
FCE8E86D1618FC1EFC15C2E727F24F2A2DAB57326D8D0877D4E298894E7A0C3C7D9CE8A0E2D17AA2020FA1097D6372F2A9F955060FDD467AD0426368C24A8340FD0D6687A76316DEF5179ED9042005A2BF02A5DD810A4DEFA4A8F700EFC50FF4FB8C06410F0303C106ADF8852ACC6A2CA9046E9ED070739339857222CC009E
311
206479886EA26227BF7A341A15C351A8404A6C10080A2140FA4B4E8D9B9A11645899332363FD69887F436A660566964250FD752E787B64BCF8E6C8190DF8EA0C854C062D8A5A1346F810414313E606ECA0AC3A01D6928544029D5F42E202C0CB386F880F7842A31287061F32F3CBE09F2950783394F2F2B23D85386C6F5194
311
3E99DD10C8A0000BA9569A14805693274BD0E4F4DC3F28E331EEA91C4F33ABE057889BFB92819187840A08E57A276A8BFCB75B0342668C70C565C8059996D209C2800941A21FB82B2F520BC2E6FE6F1A8827043DE17000DACC8193E78BBB8DF1467978C06F6AFE986123E3A95272CAC122046F4C65C4B88FED2F1CD1D918F7
311
CDBF8903BF1A90057D42F4DC133AF804ACBB58446A0DB78806FC053FA1E45D0AF1112613CC0DD976C5E70AD3282F42725C0D02AC8588DE451B1C01ABF063E7748A3882F0DD484BB78D037F9812240EB88B6034C0AD53E5116D4C6D920C6A89F084E6D0598AD7EB6930CC7B293E27A666E5CDFE9A3FA52FEB3C97976FDAAE9A
311
60008FCA6B33099CF9880D35D419FC687D424378E3099441E110C5B3C6DC311E6653514A67A530D863326C4D8430E0C28024803B5B069B0E60C10EDB6DF087034171DF01F1F3404B27B1056D8C0E56E7CA6056E7798147BE4C2F01CED5987E413AC6A724876DE3F599E0601CE7B9CEF3BEB3671E12DCE8AF9631B8031D3F36
311
0B6955DC2342B2A0E4632A00264C0DA002220CFEC3E10D9BADC8904D88DC51928593AA16C91DF6FFF82B3234404C7214D0F8608E0052283EFB2B0563F1D072936C4017706010BCF1B16CDE0C1FA9C777E44E1F5259B0C9BBC8794A82A6C182A3AF56B16921405351FDDC91B5BAAA617860E8D76C97C377FE701A4EB4378FA9
311
7C2C8E3CC8950886C6FD93AF70A1F5F676B7ED16CBC56AF5D09110EEB8607CC08A795882358280DDB98AFFE7087C6EB593D62F041CDB4018935238E73F1098100D0C8769818F777057F64C703C6530E142FDF5C837AE1CF66C94C4887D3A3726AB990DEA248F73B5D32C8E04F6714B1E67C53FC52040252E605B322407CBF8
311
C7F05453462A295ABF4D95592DDD76AC23512E9A2DF964715C80DD752CA8E263AC36F02C3C28A133EB22AC8D099BDEFDE28C3E8FFEE3815D5D00C17C00511058354D62443C1A546280E43572A9C661A34FA5891F8E7570608C8DF21DF51DF9D2A84D4501F41B8CD4F4C9DEB2F901E810C0E4CEB6EC08DFB06341C864CF8D0E
311
EE779A606545E1E64AAF30A4324C20FDD3BD558BD966BA994FA915CD162B1978642AD01694E533EC190368A68234657085B5F88E27A0805E04B8BB6A00A51646EE3C10A50FF007FF410F1963CA69BE2002F0F902E701AEC995FD41F83A3F0C3809A3288A083003A6CC2A20E6D703EE48E3777AC07ADD51EB6101603A9FCF17
311
B3D5928F6D742EE7E4CF38AE2B03C5FB39C81D7B2978FAFE85AF3D2710B0582C970F0FEB0E4D1103B8BE2B4D560CA10002FC8F334C891C07B44FE06B2E3ACE5E1E2D1FC32203110ABF9CA0E8381F68EC3C06701328E5A38278A5FCD944CEA5283DA933DF2A2448BD23F1C5D8BE04CC2DC3B43B3EEC29F8B5FF926D11D3E97E
311
BF7FA1BD1E5E5F5FE6D3D972F548547783146ECD84873F377C5820F7F9FCE5E07378D6CBCB7E036DF7F7104079A05B77C6942D1BA95D47424BFC3DB6411009A42E207871B7EE9B06614BBD20F22F7523FB985F3F7068E37600273A3ED0C1CCC380F6EC4AF01CC1CF95E4848B7BF950AD14C44F10460221E02D21D01DAE800F
311
323704C00035DFE97CB37F797D3D1C0E4FBF35EE1E5E9E0E879FBF3DF6F474780A01FB3DAF01FE0C0798218007C2090A3008BA7682A338F4A8804A06CBFE6A80CEC766F49853F15B2F45FCEA3F8250012841315016E75E797EFEEC4ACA6C79F515CF1738F7C36E2406071051043817C9E8C5888D49D0332E800062FF54FA56
311
2BF7446CC0BFDFBF8603D1FEFCC9F7FFB5A7F000430755C2D3F72F2D02A022820897ABDD44594475BDCCA4A10AF34C06B08B4AB58BBFAE30999DC66C7CE903A83CF8EB006EEEAA063430F84B05F0ECF644825F5E95073870E72A0771AB89B080022A0C5A9FAF34C89286257FB7BEA000EC65B59750C68E0815B0D9834B1560
311
6328F80709DE09018AC2A7817F83F96DB3D562C10A0A31300230CD4200B87F85808BAF64D04600254047F9C14DE93464009E7F5AABB4FDD6D55142A2C0BF1541FCE19C20C899BF4F76AB54B84CB97F88F48ECC029FD253F0C70DF4816B9AC94BCBD653B1A283C4001A0337955E4AFED3FB790B6B1F5EA0B5514074103A38D8
311
4280EE0F5F9BE974EAB2D16AB1EA969684B6E4166CA28264B300474C7308D20013B204A65F82970718D05678B3315D442E1C0A327E2F56556040C005D2FAB1326A68A07507C9E46A3648555A7080F5F50219A00E6222E3E0862CE95B5680930530742F1D041805E69B788161F015944D041182B861A2C17F3AF01CF5BFDF6C
311
343F9171F5B004BF59C016719164B888EA206A02AD05E8464D06B48E4381A0E9345FD171625AC22198F57C003BEA5510F81FF78D31C9B033D0030000000049454E44AE426082504B0304140006080800B95C055D28BB58AF800100009E0500003D00000043304230303735342D463031342D343936462D413333342D453441
311
3734363134373144312F536368656D61732F436F6D6D6F6E536368656D612E786D6CBD544D4FC23018BEFB2B96DE15493C78601010A34B880709DEDFB52FD0D8B54BD70DF6EFED3AC0B12E6442E2716BFB3CEFF3D18E26FB440405EA8C2B1992E1C323095052C5B8DC842437EBFB673219DF8DA659866649B798C078B48AE6
311
410122242F2A4994AC7F93815DF85C049C8564CA0A901499DD886B2EB9B1E02448F358701A9235880C49A0119892A20C89D1B9FD768815CAD268CB5E0355B40B1E47F3E37A2020464BED06AA57CE8FCC20C3C3446D46761A2632A8C1283D07031EFF2AE7CCB1BFEEE916E406DFAC8E36FFD99A9D60A6944090EEDC3B670C7D
311
C13DE86B6B2C5C240D6E503BB85ACD579D513F1B9F9A69DC9CC22AFA80C426D40AF0B21EA168559156B6276F0F726A6BFF04DCD513A87A62CAD41FB24FCB2858B3952E3D852084DA25B9303C15687973CC8E8AAE11DF2836C38C6A9E765E8C1BA1BFB1DC29CDFE518C8B5A7655A4ED7E77291ABEB80DBD82EC866ADE1B8D05
311
AF9E35CF09D7A061F38A986D9EC412B8F0F65E5D81534D9B231D1E5A8FE577A241F3A5FD01504B0304140006080800B95C055D1004A04F380500005C1700003E00000043304230303735342D463031342D343936462D413333342D4534413734363134373144312F536368656D61732F47656E65726963536368656D612E78
311
6D6CED585B6FDB36147EDFAF20F41EC7F69A2005E214768278069665709ABE0A3445D9DCA80B44CA89F7EB7B0E2FBAC4B2A32643D10E33505411A9C373BEF39D1B2F3F3D27926C79A144964E82D16018109EB22C12E97A12943A3EB9083E5DFD7239558AEB07B6E109BDBA7C5CDC902D959360CE535E0866DF07A7579733AA
311
B85D5AF234E2C51DD5B081CA7A87DEE56E47E2D6689E735AD0947194500A22A249308DB6F82682A3782C52A141BD80E4E54A0A3609622A150F48C16994A57237097451C2DF462738529D3AC5FCFFB5B401988BC78824973CE1A9A628D91CB968BDBAC335B9A4BB379C6ABF5D2474CD7B9F773F7F78C349F055EF13FE2CF856
311
F0A7379CE2BEBCCE6456F8E316A9E66B5E18E4AC77BF5812F5937FDEF0F5BFE3E3C785576D96659253EB54863A87AB5D98ADFEE24C3B8E38FE48BAE2C062631799EDC8BDDD833C6E88585B9287340B23AEA990CA49B1A473421E81F856D06D9125E45E6F001C4F7F85D6DECA8C6A835753A250DA50DF92F743409CBC3BFA4C
311
6EFCE2618D302A0CEDDB264D93950002937BC66489A18D0A345DD650415124BE376A745EA9F0E016108E328D14C979C1302CD6BC0A4191B2C2C49112FFC0DB51401288D6A44C26C1B87A160AB6A11E5BD862514BE8B3DB750607BABFF6F781D6A74EED6EA7AC28FB3BA68C87AC94B2138A99DB41AE7147A71F566592873401
311
23812054CAEC8965690A74E111C5BCA7260158B0963EC50C07E38FEDDFC5C5C70AB6A915F446D44E46C321E46087E23E221E2BC0DA6EB440EE6F44E80CE5AE2E2D2F31AD7AB71B8B139AF730773909401FE0D8DC3FCCFCC3D438DC1176062076C3CB4A9D953ACC72CA84867CDA0361E0910F4EF3B109A07D332211C7255682
311
5745A215835F47678059E337068E3ACB0E2EA2B507175B0818FD1082EB4D26186F85BAD33464988F1420E1B9E43D522F8452A450106B04F01362BFF1B2BF5059B60F687C9F663A54396722163C7231012E7480FE916910E6572B6D8F4A54CBF92C5CD324A163C8508058D3F16A399B13B348C6830FB5FD47257A1B8D2CF082
311
53EE776B3A72D782D895363D96020B6C18D3C86359B3C6D45E728B4B9D716893D091E4D533045F495D2EFEF633FF5A660A520A5790765FE52E12F0AC82685E7FFA0398D65528850A132894DDE9F837B1DE48F8A74D487795A482C7122A6DAE377BDC5DC212A465ECD8B03E7E2E208EC88DD9DA89456CFBC477FB798C743896
311
68AB1A75C820AB7568FCBE0B5F94DC9AFF0D038D9F77E49D45B8278FC7177D0DDCE732FA0BCDDB42720FA90E87115FF76375C5696F368AF83103F6A5911FFF03561EE06AD10ABE933AA9DEC398588888137017449E09C377051FCAEED1E8BC3BFA9CB27DA2CFDBF533459F374FC0C4FDECCBF3E06CDC6874E0710421EEAA6C
311
EDBFEE60EB913607436C3F5BBF713F6F42253B9A4A0FD64C08416FA986EB02254B1846D82E7CE2584EBE31E340E9A8247483F07D5B84AE3A5AE0D4C5B202EE585468BA84105B1F5EC00C16FADB133FB7399F390FCF245CBF9027A137FD26D1D651058D44D9B331A93985CAC2046CB4ED9E0314977128A42C13DB06879A2730
311
52525D16BE833B8706BD1269FA69F2B9B109BB55D30D37679986D85848B86F026CF21E74809100180B0D280C36F6015A7DFBD06AEB6F8D503BDCD7DD6DABBBEF54E1FF5EDF0E3AD53C03509B5B816FE9F51BC8026F44DAB82BA989F200C4220B24166C3037854094FD46C5648D9C42F8B07E53687D824917FED3CE56F3FBA6
311
8BE3C6853FCD64F4A00BB85831B1243346654A134805AF5CF39A9DFE22C9906A6EAFE8303A5F4AC4FBE637489CB62EA59B9D529255F326CCC28ECB77F812A7D6E63DF957504B0304140006080800B95C055DF702076DC3010000E60400004500000043304230303735342D463031342D343936462D413333342D4534413734
311
363134373144312F536368656D61732F52656E6465724D6174657269616C536368656D612E786D6CA554CB4EC33010BCF31596EFF405481C9AA2A64851255E4A816BB438DBD4926347B15BE0EFF1236982021512B925E39D9D9D59677EF3510A72C05A7325233A1D4D2841C954CE6511D1BDD99E5FD39BC5D97CA9359A0DDB
311
61098BF9CBFA961C4044344599637D0F066B0E22C074BC98C7A0319C58A9B254B2435ED23BC2F388AECB4A6089D280B18D139496815152EDDF046711DD82D048498D902B293E236AEABD7DF74D5D839F69EE1D9F48E1F3BF448FC9E6BF144F351E38BEFF9D662D0D16587B77825FAF2195BF515C395B563BC5197A0AE68DCF
311
363BA831CF7C7C8D7F0DA23D42898037B451BA833673DA92BC82D87F636ACFFB0CEC96F4EA30EF9A0FEAB85D91CAED89348D80E9B178DDC3ACFC71D06F2528A182138DD8672E4DC6DC57CF91467432BA985E4DBE3DB399079353607C0A5CDA0B70D4E65A122FA41BAEEF6C272908D315B076451BD55EB0FF9E092E11ACF8C6
311
B5306028F9D5F15EB95426D31532BEE5D6EC700FBA0C1E94211D7ADC8341143D429D2671564059C2EC72108B4EE3847890CC4697DDF8A708DB01FD7AD8209A41EFC2DCFD7063A504821C7869545188D6C16DF801342CCE6B276363DC8EFA4AFD0E86ED0677C3B77747C7FD3FD617504B0304140006080800B95C055DB8657A
311
2751000000570000004700000043304230303735342D463031342D343936462D413333342D4534413734363134373144312F4173736574446174612F41737365745461626C654F66436F6E74656E74732E62696E5361606030B334B730373334D775323536D135717474D6B5343032D5353770353170723474B234771502AA
311
CB4D2C492DCA4CCC492C28484D2C4ACC4B4E050A82012F90744FCD03CA26072767A4E6260200504B0304140006080800B95C055DC55C663656000000680000004500000043304230303735342D463031342D343936462D413333342D4534413734363134373144312F4173736574446174612F53747265616D56657273696F
311
6E5461626C652E696E665D8CBD0A80300C06F73E4B29FE6CDD8A2E82A083B8B7F209014925C9FBA3AEAEC7DD2555D896CB85E51C2A1BD834F6A1F56EC4494C4695278364ABB24ABD2146F88CCEBB89D5321FF8F3F43D672A3B44DF3CB6A1710F504B0304140006080800B95C055D17891BD438010000A20400003600000043
311
304230303735342D463031342D343936462D413333342D4534413734363134373144312F4173736574446174612F636E782E786D6CCD94314FC3301085FF4A6489318E5354A82AC71582A51348540C6C57E7D25A75ECC8BE20F8F7D86D0650115387AEA7EFEE9E9FFC4EAE3E7B5B7C6088C6BB86D55CB0029DF6AD71BB868D
311
D4950B56AC940CDED30F8C150E7A6C582E332577C18FC3546AB183D1E6AA35EE30151F6244DAC0D6E273F7E81DA1A3C80A6D21C68645BDC71E388CE45B8C07DE0201AF79C0E8C7A0314D22D3E334490704C296A99998DD9562518AF9A6AE97B7F7CBB97897552695DC7A6F27DEA465C10F3733A14F7B9912B2CA8092633013
311
955FC3D45F2AF9D638592552C94821B93275D0D7903A6018ACD140C9BCCA6B422A1384D0CBEA042B5965177E79F1849D7126B7AC9334201F5E92400C64F00A3DF94FEDE5BD59BB48E0345EB323E71A2FEFC3EBF117BD9D6279CCCDF5A5E55C2337AEBB4056AAE33949D1C9D7457D03504B0304140006080800B95C055DA481
311
C3D1E7000000600100006700000043304230303735342D463031342D343936462D413333342D4534413734363134373144312F5265736F75726365732F36393738373631372D423533342D344141432D393032352D3730453430424131423937452F7468756D626E61696C2F302F636E782E786D6C4D90C16E03210C447F65
311
85D4E32E6CAAB451E4253F91532F15659D2D0A8B1198AAFDFB42CB21A7B1C64F9667E0F2BDFBE10B53761416314F4A0C182CAD2E6C8B287C1B4F62B8684844FC808921981D17D16CA1614B5462B756BC99E29BEB5DB87773C380C9D9F7183631586F725E44B69FB89BC914A615F37D5A0D9B699E12662AC9623DC06EC77EC0
311
26348CABD007757819D56954C7EB3C9F9F5FCF47F506B2911A3E887CE75D604C149F0ECA521D43FD47816C8086925CA75A08A11F9E0359971A32A79ABF43FC132B6462F4CE1AAE3549B28C3C5608CD0EF21FD6205BDE2A7F65546DDDE85F504B0304140006080800B95C055DA233C2345D0000008000000065000000433042
311
30303735342D463031342D343936462D413333342D4534413734363134373144312F5265736F75726365732F36393738373631372D423533342D344141432D393032352D3730453430424131423937452F7468756D626E61696C2F636E782E786D6C4D8B490E80201004BF42E6EE76F3C0F216234B883063108CCF170C074F
311
95AE5473F5C4C06E932E4F28601967600677D21E9D8092EDB002539227A2FCCB80E1168D80A6417297A89C5D6963B7129A0D1E8F2EE73AA7B62BBEB8B27DE50B504B0304140006080800B95C055DBE89762363000000880000005B00000043304230303735342D463031342D343936462D413333342D453441373436313437
311
3144312F5265736F75726365732F36393738373631372D423533342D344141432D393032352D3730453430424131423937452F636E782E786D6C4DCC3B0E80201004D0AB90EDFD75167CCE820A4A845D83603CBE602CAC26799919AEEEE0D965E2E908050C6D0FCCE04C8BC355404EB6198129C92351FAD580A10E46406590
311
7C8D948F8F166375F655BDC3FDC3B4E530A176BE7057BDC43B2A593FE403504B0304140006080800B95C055D182F1FFC7E000000A30000003600000043304230303735342D463031342D343936462D413333342D4534413734363134373144312F5265736F75726365732F636E782E786D6C4D8CD10AC22018465F45FE7B4B
311
CBCD09EAD0D8838CE686B469D88C1E3F8D5D74F5C1E13B47F69F6D456F975E3E0605F44400B9708F930F8B82BCCFB803D46B9962DCFF6E80C2B839051583964B8AF979A0C9CD635E2B5D7D781CB015BCE32DE5D83657869931372CC8A5C19C0C8C5843ADE04331CE5529F3EB95AD79FD05504B0304140006080800B95C055D
311
52AB5A250C010000550300003400000043304230303735342D463031342D343936462D413333342D4534413734363134373144312F536368656D61732F636E782E786D6CCD93CD4E032114855F6542E2728019536D1A862E5CB872A3AEDC2173DB920277C28FD1B7172A8B3671A78BEEE0E4CBCD3907AED87E3ADB7D408806
311
FD4406CA49075EE36CFC7E2239EDFA35E9B65204C4748691CE2B0713A93291621F302F4D9A61A7B2ADAA35FED8C407740EFD8B3E8053A4D356C5389178BA529513CE108F745649D1810688988386322119076D820EA012CC448E7CBCEBF9BAE7ABD761D8DCDE6F56FC4DB04A4AF18E681B6F7C8280CBCDC83596A32F86B860
311
15902207D3A89A82C87377B4F4215821A4882994161A99BE9642AA65B146AB54CA6227F0879182D5B017911FC14330FA5A335FD8FBB7D0CFE067084FE5A58251F65AB3FFE6F26F15B0D306946F5017427E03504B0304140006080800B95C055DE3603EBE7A000000C20000002C00000043304230303735342D463031342D34
311
3936462D413333342D4534413734363134373144312F636E782E786D6C6DCD410EC2201085E1AB90D9DBEACE05D09878023D01A1D34A8419C380F1F82DA68B9AB8FDFEC93C3D7C52546FCC12980C9CBA232824CF63A0D9402DD3E10C6AB03A3397DD192872090D3406ABE7CCF5B5D18893ABB1690CF4DCF02282E5EA8A5BB9
311
6FFE536F285CB347F95BEFFE81C9ED5AFF9D5B1FB575BB00504B0304140006080800B95C055D2391C8E27F000000A300000007000000636E782E786D6C4D8CCB0E832014057F85DC3D16E2ADB40960ECC3FF30150D294283D2F4F30B8D8BAE4E323933B2FD2C8EBC4D5C6DF00A78C58018FF08A3F5B382B44DF404A4D53286
311
B0FDDD80F861310A0A062DE718D26B47A39986E40A75D63F77786517C6C41169CF38523C373DEDEA1AE91D3B810D47C16F3C1B87A2E4F9F5F296BCFE02504B0304140006080800B95C055DCA1DF9C9A900000073010000130000005B436F6E74656E745F54797065735D2E786D6CA590410EC2300C04BF12E5DEBA70400835
311
E500FC800F84E0B411AD13252E2ABF27A55740421CEDDDD9B55CEFA7A117778CC979527255565220197F75D42A39B22DB652EC9BFAFC089844F65252B2630E3B80643A1C742A7D40CA8AF571D09CC7D842D0E6A65B8475556DC07862242E78CE904D7D44ABC79EC569CAEBA537E3521C16DF5CA5A40EA17746733E0B6615DE
311
7217475F386F18B9481C510F1F021CD9FF027EA0E1F5C4E609504B0304140006080800B95C055D3DEE336E64000000790000001B0000006175746F6465736B2D64657369676E2D7061636B6167652E786D6C35CBC10E83200C00D05F21DCA56CA76D41FC96062B120735B69A7DBE268BB7777961F8D5AF396893C2ADB70FE7
311
ADA196782C2DF776D7A97B5933C430F15651E5469C55D70F80A4992A3ADC954792C525AE70A1E4D6AD9816CC044FEFDF01FE3FDE907802504B0304140006080800B95C055DFC39D4D0F8000000960100003700000043304230303735342D463031342D343936462D413333342D4534413734363134373144312F4173736574
311
446174612F636F72652E786D6C8550CB6EC32010FC156BEFD8E0F881234CD434EA17F4D41BC2C44189C1E251F5F30BB12BB5A79E76353B33BB3BECF4B53C8A4FE5BCB66604526228949176D2661E21862BA2509C3873D6865F34288C58D4081906CE6667E3BA43D29AA04C468D9DD40E0AEF5580423E5233829737B58852C4
311
9018FE5EAE42DEC5AC4A526E3CCE62D4D32ED55372D357AD1CF0EEF24A7ADCD668C084A2A6EF31A2674AD130D0B7336DBA66200DABB298B3A0979FEDD22911D404BCC675873045B87D27E478E88F2DFE60556672E6834B3FEF4BF377C05FF2D5171104ABB6E91FD7B84EFFBB466DC2A1DE5D3785074ED291CF0167554E2995
311
6784A9E644F937504B0304140006080800B95C055DCB50DEF3F30000008E0100006800000043304230303735342D463031342D343936462D413333342D4534413734363134373144312F5265736F75726365732F36393738373631372D423533342D344141432D393032352D3730453430424131423937452F7468756D626E
311
61696C2F302F636F72652E786D6C8550CB6EC32010FC156BEFD8E0D8318E3091D2AA5FD0536F0888831283C5A3EAE71762576A4F3DED6A76667677D8F96B79549FDA07E3EC04A4C650692B9D32769E20C52BA2509D39F3CEC55F34A8AC58F4040506CE66EFD2BA43D2D9A86D41AD537A0745083A42251FB99920C89B5E442D
311
52CC8C70AF5721EF62D635A9371E672919B54B8DCA6EE66AB4077E7C7D2103EE5B34624251370C18D10BA5681CE9DB8576C76E241D6B8A98B368969FEDD26B11B502DEE2F6883045B87F27E474184E3DFE604D617216A2CF3FEF4BCB77C0316B36F48F5B5AD5FF6EC9D8786877B74D1180937CDC73C05953D2C9E5195DAE25
311
49FE0D504B0304140006080800B95C055D9CF7E5D2F9000000960100006600000043304230303735342D463031342D343936462D413333342D4534413734363134373144312F5265736F75726365732F36393738373631372D423533342D344141432D393032352D3730453430424131423937452F7468756D626E61696C2F
311
636F72652E786D6C8550CB6EC32010FC156BEFD8E0F881234CA4A4EA17F4D41BC5C441B1C1E251F5F30B892BB5A79E76353B33BB3BECF4B52EC5A7725E5B3302293114CA483B69338F10C31551284E9C396BC32F1A1446AC6A840C0367B3B371DB21694D5026A3C64E6A0785F72A402197D48CE0E54DADA214312486BF979B
311
907731AB92944F1E6731EA6997EA29B9E9AB560E78F772213D6E6B34604251D3F718D133A56818E8EB99365D3390865559CC59D0EBCF76E994086A025EE3BA439822DCBE11723CF4C716BFB32A3339F3C1A59FF7A5F93BE0E116D70F23F4C2AAE7F48F6BDCA6FF5DA336E150EFAE4F85074ED2918F0167554E29954784A9E6
311
44F937504B0304140006080800B95C055D633863390B010000B10100005C00000043304230303735342D463031342D343936462D413333342D4534413734363134373144312F5265736F75726365732F36393738373631372D423533342D344141432D393032352D3730453430424131423937452F636F72652E786D6C8590
311
C16E842018845FC57047415170836C74BB7D829E7A23CA5AB22B1881A68F5F586DD29E7AFAC930C3C73FFCFCB53CB24FB5396D4D07708E40A6CC68276DE60E047F830C6467C1376BFD2F1BC88C5C5407920C049F371BD6431AADF1CA24D5D8491DA2744E79908D8F78E8801B3FD42273197C74B87BBECAF12E6795E37CF709
311
1E829E8EA89EE26BFAA6D50644F372C114D5256C116690508A201B18836DCB5E07461AD262C28B1416DCEBE5873E6E4A7A350151A2B281884154BF617CAAE8A946EFBC484EC19DDFE2CE07346D17712D65B4C1140E754520E9FB4B049735A4E84AD0D0E3A1A5575EECC13FC0B04EFF038336BE2A0FE09E7040E0F8FFE785E0
311
452A308E67BB71A6B2C537504B0304140006080800B95C055D6865B38DF9000000960100003700000043304230303735342D463031342D343936462D413333342D4534413734363134373144312F5265736F75726365732F636F72652E786D6C8550CB4EC33010FC9568EF4EEC340FA7725CA9203E0071E26639DB62B5B12B
311
3F109F8FDD06094E9C76353B33BB3BE2F0B55EAB4FF4C1383B03AB295468B55B8C3DCF90E28970A80E5278E7E22F1A5456AD384381418AB377E9B641DAD988B6A0D62DB8812A048C50E96B6E6608FA035755AB1433235CEA9BD21775C69AD50F9E14299965939A25BB9993410F72787E6223ED5B3251C649378E94F023E764
311
9AF8CB91774337B14E34452C4534EBCF76ED51455C40B6B41D08E584F66F8CED77E3BEA7EFA2294C2942F4F9E76D69F90EE42B0697BCC6209AC7F48F6BBA2DFFBB2663E3AEDD5C1F8A0092E523EF03299A92522EF708732D89CA6F504B0304140006080800B95C055DDF1E7D7EF70000009401000035000000433042303037
311
35342D463031342D343936462D413333342D4534413734363134373144312F536368656D61732F636F72652E786D6C8550CB6EC32010FC156BEFD8E0F881234CA4B4EA0FB4A7DE10262E4A0C168FAA9F5FB05DA93DF5B4ABD999D9DD6197AFE5517C2AE7B53523901243A18CB49336F30831DC1085E2C299B336FCA24161C4
311
A246C83070363B1BD70392D60465326AECA40E5078AF0214F2919A11BCFC508B28450C89E1EFE52AE45DCCAA24E5CEE32C463D1D523D25377DD3CA01EF9E9F488FDB1A0D9850D4F43D46F44A291A06FA72A54DD70CA46155167316F4F2B35D3A25829A80D7B8EE10A608B76F849C4FFDB9C5EFACCA4CCE7C70E9E76369FE0E
311
F8EB76A767D53EFBE319D7E97FCFA84D38D587E7AEF0C0493A711B7056E58C52D9024C35E7C9BF01504B0304140006080800B95C055DFDF6C25603010000D80100002D00000043304230303735342D463031342D343936462D413333342D4534413734363134373144312F636F72652E786D6C9551CB6E833010FC15B47783
311
0D06D2C8384A1FF9829E7A73F186580936C2A6EAE7D70E546A6FED69ADF1CCEECEAC387C8EB7EC03676F9CED80E51432B4BDD3C60E1D2CE14C76901DA4989D0B3F68905935620709062986D92DD306F5CE06B409B54EE3062AEF3140D6DFE2A303DF5F7054B95A4264F86B3EA9FEAA06CC59BEF2A40866FC96F633AA801A64
311
49CB86D01DA1F52B63FBAADDD7F44D148929C5626CA8CA6D188EEFA83337856809645D8962FD8EB4C5E88D64745CD29C0DCE209FE823A56DCDC989324EF8437322C7AAE2E4851F5BDE30DEB267169B44B1143ECC319AAD490AE1AFF255F8CBDA32E97F5A5B151E64DAE7EE598A22E51CCBFD08B1A69BC82F504B0304140006
311
080800B95C055D6670752C06010000B201000008000000636F72652E786D6C8D50CB6EC32010FC15B4776C70FCC01126525AF50B7AEA8D1AE2A2D860018EDABF2F24AED4DE7A5A3433BB330C3F7D2E33BA691F8CB303D08200D27674CAD869802D5E30037412DC3B177FC90059B9E801320C824FDE6DEB0E8DCE466D336A9D
311
D23B2843D011D038A7C70061FCD08B2CE41693225C8B558E5739E982160F9DE0D12C3FABA3D7326A05A222558B09C3A479A5F478E88E0D79E365560ABE6D46ED564625777331DA83689F9F68479A0AF784325C771DC1ECCC18EE7BF67266755BF7B4E6655E163C449FFEBC1F4939230AF2967D79F9A0047F776EDE05299442
311
CECE5F20082F33F127F4B6AA7F8436361EAAFDE0632380A029D09D48C6B9C134EEF5A699DB16DF504B01021400140006080800B95C055D81276A0B1E010000A80100004F000000000000000000000000000000000043304230303735342D463031342D343936462D413333342D4534413734363134373144312F4173736574
311
446174612F446566696E6974696F6E4974657261746F7250726F706572746965732E62696E504B01021400140006080800B95C055D12A3E6CDF00000003002000045000000000000000000000000008B01000043304230303735342D463031342D343936462D413333342D4534413734363134373144312F41737365744461
311
74612F496E7374616E636550726F706572746965732E62696E504B01021400140006080800B95C055DB5A795FFE3790000DE7900006B00000000000000000000000000DE02000043304230303735342D463031342D343936462D413333342D4534413734363134373144312F5265736F75726365732F36393738373631372D
311
423533342D344141432D393032352D3730453430424131423937452F7468756D626E61696C2F302F67656E657269635F706E67504B01021400140006080800B95C055D28BB58AF800100009E0500003D000000000000000000000000004A7D000043304230303735342D463031342D343936462D413333342D453441373436
311
3134373144312F536368656D61732F436F6D6D6F6E536368656D612E786D6C504B01021400140006080800B95C055D1004A04F380500005C1700003E00000000000000000000000000257F000043304230303735342D463031342D343936462D413333342D4534413734363134373144312F536368656D61732F47656E6572
311
6963536368656D612E786D6C504B01021400140006080800B95C055DF702076DC3010000E60400004500000000000000000000000000B984000043304230303735342D463031342D343936462D413333342D4534413734363134373144312F536368656D61732F52656E6465724D6174657269616C536368656D612E786D6C
311
504B01021400140006080800B95C055DB8657A2751000000570000004700000000000000000000000000DF86000043304230303735342D463031342D343936462D413333342D4534413734363134373144312F4173736574446174612F41737365745461626C654F66436F6E74656E74732E62696E504B0102140014000608
311
0800B95C055DC55C6636560000006800000045000000000000000000000000009587000043304230303735342D463031342D343936462D413333342D4534413734363134373144312F4173736574446174612F53747265616D56657273696F6E5461626C652E696E66504B01021400140006080800B95C055D17891BD43801
311
0000A204000036000000000000000000000000004E88000043304230303735342D463031342D343936462D413333342D4534413734363134373144312F4173736574446174612F636E782E786D6C504B01021400140006080800B95C055DA481C3D1E7000000600100006700000000000000000000000000DA890000433042
311
30303735342D463031342D343936462D413333342D4534413734363134373144312F5265736F75726365732F36393738373631372D423533342D344141432D393032352D3730453430424131423937452F7468756D626E61696C2F302F636E782E786D6C504B01021400140006080800B95C055DA233C2345D000000800000
311
006500000000000000000000000000468B000043304230303735342D463031342D343936462D413333342D4534413734363134373144312F5265736F75726365732F36393738373631372D423533342D344141432D393032352D3730453430424131423937452F7468756D626E61696C2F636E782E786D6C504B0102140014
311
0006080800B95C055DBE89762363000000880000005B00000000000000000000000000268C000043304230303735342D463031342D343936462D413333342D4534413734363134373144312F5265736F75726365732F36393738373631372D423533342D344141432D393032352D3730453430424131423937452F636E782E
311
786D6C504B01021400140006080800B95C055D182F1FFC7E000000A30000003600000000000000000000000000028D000043304230303735342D463031342D343936462D413333342D4534413734363134373144312F5265736F75726365732F636E782E786D6C504B01021400140006080800B95C055D52AB5A250C010000
311
550300003400000000000000000000000000D48D000043304230303735342D463031342D343936462D413333342D4534413734363134373144312F536368656D61732F636E782E786D6C504B01021400140006080800B95C055DE3603EBE7A000000C20000002C00000000000000000000000000328F000043304230303735
311
342D463031342D343936462D413333342D4534413734363134373144312F636E782E786D6C504B01021400140006080800B95C055D2391C8E27F000000A30000000700000000000000000000000000F68F0000636E782E786D6C504B01021400140006080800B95C055DCA1DF9C9A900000073010000130000000000000000
311
00000000009A9000005B436F6E74656E745F54797065735D2E786D6C504B01021400140006080800B95C055D3DEE336E64000000790000001B00000000000000000000000000749100006175746F6465736B2D64657369676E2D7061636B6167652E786D6C504B01021400140006080800B95C055DFC39D4D0F80000009601
311
000037000000000000000000000000001192000043304230303735342D463031342D343936462D413333342D4534413734363134373144312F4173736574446174612F636F72652E786D6C504B01021400140006080800B95C055DCB50DEF3F30000008E01000068000000000000000000000000005E930000433042303037
311
35342D463031342D343936462D413333342D4534413734363134373144312F5265736F75726365732F36393738373631372D423533342D344141432D393032352D3730453430424131423937452F7468756D626E61696C2F302F636F72652E786D6C504B01021400140006080800B95C055D9CF7E5D2F90000009601000066
311
00000000000000000000000000D794000043304230303735342D463031342D343936462D413333342D4534413734363134373144312F5265736F75726365732F36393738373631372D423533342D344141432D393032352D3730453430424131423937452F7468756D626E61696C2F636F72652E786D6C504B010214001400
311
06080800B95C055D633863390B010000B10100005C000000000000000000000000005496000043304230303735342D463031342D343936462D413333342D4534413734363134373144312F5265736F75726365732F36393738373631372D423533342D344141432D393032352D3730453430424131423937452F636F72652E
311
786D6C504B01021400140006080800B95C055D6865B38DF9000000960100003700000000000000000000000000D997000043304230303735342D463031342D343936462D413333342D4534413734363134373144312F5265736F75726365732F636F72652E786D6C504B01021400140006080800B95C055DDF1E7D7EF70000
311
009401000035000000000000000000000000002799000043304230303735342D463031342D343936462D413333342D4534413734363134373144312F536368656D61732F636F72652E786D6C504B01021400140006080800B95C055DFDF6C25603010000D80100002D00000000000000000000000000719A00004330423030
311
3735342D463031342D343936462D413333342D4534413734363134373144312F636F72652E786D6C504B01021400140006080800B95C055D6670752C06010000B20100000800000000000000000000000000BF9B0000636F72652E786D6C504B0506000000001A001A00210B0000EB9C00000000
310
504B0304140006080800B95C055D000000000000000000000000370000006662782F33304232353645312D304339312D344542362D383739322D4437354133334446433946362F617474726962757465732E62696E504B0304140006080800B95C055D000000000000000000000000350000006662782F3330423235364531
310
2D304339312D344542362D383739322D4437354133334446433946362F76657274696365732E62696E504B0304140006080800B95C055DF270F1330600000004000000360000006662782F33304232353645312D304339312D344542362D383739322D4437354133334446433946362F747269616E676C65732E62696E6366
310
60600000504B0304140006080800B95C055DB5A795FFE3790000DE790000420000006662782F33304232353645312D304339312D344542362D383739322D4437354133334446433946362F7265736F75726365732F322F305F67656E657269632E706E6701DE79218689504E470D0A1A0A0000000D49484452000001000000
310
010008030000006BAC58540000000467414D410000B18F0BFC6105000000017352474200AECE1CE900000192504C5445818181B3B3B35A5A5A4848486060605C5C5C6464648383835E5E5E6262624E4E4EAFAFAF4A4A4AB5B5B54C4C4CB1B1B1858585B7B7B7585858ADADAD7C7C7C464646787878ABABAB747474A7A7A768
310
6868707070B9B9B96E6E6E6A6A6A8B8B8B666666545454565656A5A5A5505050A1A1A1BBBBBB8F8F8F9F9F9F4242425252527676764040403E3E3E9B9B9B7A7A7A8989897E7E7E9393939797974444448787873C3C3C727272BDBDBD3A3A3A6C6C6CA9A9A9A3A3A32020209D9D9DBFBFBF8D8D8D9595959191912626269999
310
992222222424241E1E1EC1C1C1282828C3C3C32C2C2C2A2A2A2E2E2E303030C5C5C53232321C1C1C363636383838343434C7C7C71A1A1A0E0E0E121212484A484C4E4C1616160A0A0A4A4C4A787A781414147C7E7C9193915E605E464846838583878987B1B3B18587856668665A5C5A626462818381A7A7A5A3A3A1B1B1AF
310
ADAFAD7072705C5E5C9D9D9BABADAB7E817EB7B9B7585A58BBBDBB4C4C4A8D8F8D747674B5B5B3B7B7B59FA19F606260ABABA9A5A5A39B9B99A9A9A78F8F8D6C6C6AC7C7C5451AD12700002000494441547801DCBD89771BD7B5A70B8EE04C702641712605CE034890E220088028C93245451215B713AF388E7DFD9EEDB8DD
310
CE6ABFF4B57D97137BE50FEFEFDBA74049B6AEED74869B7E87404D2814EBB7F76F0F67A8835CEEBFA0E42B854AA5B2BB5B6BCC951A8D52A93657A914FE0BEEE39FFE2FF395B9B9C6CAD2D4C4606F4B7FFF8D1B37EEDCB97587F7CD9B4343BD134BABE7DB48E3FFA7A228ECD6F6574E4786C0FC8B5FFCE2CD5FFCE297BF7CF3
310
CD5FFC92B52FFE58BFF9E69B776E0EF5F79E55CBBBF9FC3F5D3DFFB07F5898ABAF7CDA3B74E74EC0CE20230561BF096E97E05712BFFCC59BC80539DCE83DDD6E54FE61B7747DE17FB8980BBBFB2BBD4337DF487881AAE6C5ACC6AF25207877B2B527BFF1CB3B77FA47561ABBD7F7FA7FE146A5B6BD74E3164C7F51449AE95D
310
B412200EC539418717E7F2F11B376FF62E95FEAF1442BED0581DBCA1BD2780D23F506AFA16E1A7AD974EF17876F00DD7BCB187A1A97AE51FCED5BF2BC1F2BBE5B3C19BE27B43CF26DE00933658FE129B109C2FFF922CC22C4260FA01BEFB462A77DEBC35F42F600C3F5B0795D2E9E02DAD5E650B4438A92801B65C35CBAB7B
310
1EE5041CE69D3B6F1822DFB873EBD6AD3B6FBC71EBC6C86AE967DFC2DFA4CEBFF1BF54F6276EBC114E2F43FEC60B01A0D440A868B2920E5C4BC10D60931ADCB871F3268B21D3851B08E1D6AD9BFD4BF57F7577909FAB86F29B982571136AF01DF5FE32AC3BD9406CAAF2440A54CF176EDD01FBADA1FEFEFE21FE4C9858DFF4
310
183458A9FD2B6708A5A5A137E0EE1D11A9EC0C7C58B2C73C0AD6B479BD76B7790CF899E287FA5B06FB7B07C9195B7851FA8794031EF1FC5F9406BBFB23375420286399B631E93B08022A785C4DBF9996EC3551874094D71B6F487E80F6837E50F483BDBDBD83232323AC420A18C68DA196EDDADF68A77F938F78FD972BABBD
310
B7B87FB164AC6FC2CB760365821ACB74AED44FFAD7E7431ECD7E08AC421F391D199998989A383D9D98E8E56F84A318C58D9BFD2DAB73FF5222C8EFAEF4DE7AF30D756E5108683DA471E70D0502099A7240F19E4089D3FD203E620F1B47BF43501E85031AE44B4B9F2E4D2D9D4D51D8970983FA861B3706FF950CA170DE82F6
310
B312CC4F42C8966295F7D725ED29882415DC055F36DEA1FE96FEC141493F05FAA9A9A5A595B333DED5B3D5A533F62183323032F46EFF13EA0AAFA5FBF7C8976F8C10F7280A014832593B90004D52341980D907EAEB73411EB2F1EBC9F507F92746C40E7AE0AFAE54292BAB2BAB67CAE0746264A277B06508168C94BF772BE9
310
765F7BF0B548FE1E07F3B5A521340A5CB5297C4B12811B89E82191ECF3E41B3259C529F135E23CF4C7F961FB13537F5A02ECCAEA76B5BA5D3D3FDF3F2FEFEFB3AA22053E5008833428DC6C59FA2F770595F311F235D427F379BB8A121BD901B96076A388DC4C3C61C7933CCCD770FF375A6E0CE9F535FE2534BF5ADD3E3FAF
310
D71BF57AA951B6D4CFEBFB8864758A26154430080B06ABFF557610ECC93726224F155D1471041E0D42F82F4891C926C1355B0831649FF365F46FF05300A7A790BD8ADEEB0D4AA9569A9BDBADCCD56AA55AE377F5F3F3EA2A34983A1DE91D810543138D7F28E57FF4E2B5335A3928B76EA1CB9B00BF158C8F63A2E788826896
310
D0B5E7C461949ECE089144F8EBEFC7FB4D8C9C4E9DAD60F7FBE572B416C2F2423ECF8B86C439E450DA970634ACFDA977629098D0B2FAF313A36B3869E37AF7853378CDA1171FBEBA95DF1E44FD5144A420588641B0055A79ED91CC0DC41E27064512FB33F1F04D09D0D2DF0203A646A6CECE80DF28356A348CED8C4F1EF137
310
B9319E1BCD29867CA556AA97F7B757567006A447FD375A26CAAFDED9CFDCFB2BB0BEEE8AA5911BC2C7F85DF88A3775389990AA72219D582409210F85A4E66F2987D875C30848023088FDF77E87F96FD7CBA5B9DCCEF4F4C9FC7C676777577B7B7B67E7ECCCE4E8DEE85E81A6D55AA3BC7FBEB242589CE8ED4770E785D7DDE2
310
3FF2587EBF57F50B9E820527316488E5C32D50F979BCA58207297E2B6D658702FFCD211840FE43FC9F3A5BAD9E97E6F21B9FCF16BBBB3A3A5A175B5B1787875B5B3B86DFEFFC687A72674F19D46A8DFDF3EACA59E405375ACE76FFA922C817CE86A89BDD92F400F2C55B7462F610459837D3A61ACF50C7471C8F2F2A9D38C3
310
DA2F068007F80EFCDBFBE5DCC674B1D83EBCBEB8BCBCBC3ED0D3D333D0B3DE33BCBEB0D8DA35FBF9F8CECE68AE020BCE61C112A4C1138CD47F9AD13F7DC6AB9CF9CFCFAF9D0E01FFE6CD503F5B91C5218E2899CA15098714848B04FCE5654884ABF0E554F11F6C21D73D5D5AADD64B7B9327DDAD8B0B7D7D6D6D07070763BC
310
0F3E38E8EB4310EBEB8BC3DDB347E3E37B5842B97C4E44A0C630427E5CFDFB71E03F471E12CA9FF70E055AE141042DD81234B879EB4606361D9328149037D7D76A571A7E974FA20AD0323832713AB5BA7ABE3B3E3D3FBC30307070B0B9B645D93C3CDC3CDCA41CFC6AAC2D64D0D579B4B1B397A7C1BDBEBD7D36657A3CD4B2
310
F44F4909F2B9CA597F4245C59DEC354316F0587020D0C661742BC02869435FD12CF195C422DB3C5A3E2305C000CE6B7B27ED8B7D63079B5B5B878787C787C7C7C757C76C51B60ED60EDAFA06D67B965B3B672677080BB5329E60E9B477847AE2E9EB53E35779FD37EFCD2D0DDD68AA355B6B0D81860502B8B68C801F5C697E
310
9AD62F4B406244CB975560BAC756AAA577675B07C6D03778C17E7C95CAF1B3ABABE3E3ADADE3CDB1B1B6B681014470343EBA979F8B90383545727C63E43549D14FD0F927E5F1FDEFD7263058FE02EBCD1BDCBCA053496BD58E69BC44F9F854D4D979AE9ADB908824382AC1D4014E9756EAF9CE85B6B54DB01F02F8EA5908E0
310
D9D5F1B3E72188C3C3AB67879B07C8A0A767B8B831FE5E7EB754DEAE5261460243FFF07858D8EF0D658BDC563A2C5EF5833C13C90B69248C4DD97842B61DFA7F210A2F6108A0F96B62E2D3B3F3DD939EA47E30ABF5AB2B903F4BE5F9B36757CF65021E616DAC6F60A1FB647274B4B05B2E5341B082D43278F67D8DFDA48AFF
310
9A13F22B34C7586C9992BA6E66CABC190E313E7C811AA57304B421A75B289B9D174CC868C24548823E230B9A5A2DCD2CAFE1F98E61C015CA7E96B083FC59F3ED06EE60F360B3AD6F79787ED278D0A86FAFE00BA9220EAEFE1D5DE1F7855939C3FCC1332426B377F692406E022C010DB437EF009803F0DCFD3B7C94440571D8
310
F2C328F115F47FD324802070BAB43FBA80EFDB92FCA1F7E7CF9FA875CBB327CF9EB08C4DE4815BC4210E2CB7CF1CEDECEDCED5B757490968286899FAF95583BF46F9393CEE6A86D6F618CAAD9BFF0BE22B042412C5CFB50556815CC5BBE33E9F61ECEC26A9BCB8145FD10590078F9C9E953B513FAE1FE387FAC246E14F9E3C
310
E7F5F8194BD6594140876B6B84C5D6799C61A16434201E5237582AFD75C07EEED9863F463284E2E13425A036BD41061259289B6BDC1ED656FC8B8592C9D00701E27CEA749F0D8EF44EAD8C1F80FFF8F8F9D513191F6803384C800097F24069C407CFAE88136B7DCB3D5D4A60B711F19070D83235F77331FD35E71596688903
310
8E2E0B346EAB7936C4162043E1A1F144093695443A570144898BC4079CEF1912809A3035A1D3F361235F90FFF1E3E0FB93C7E2750719F88E7D8E68123883ADB5B18185AE99F1D11C1238A792DC4BEDE8EC6FF503DF377E0445F68FAF4E08D43082D02170F30131A154206CC559A8D9CFDD762B31273E4947A581E0D9BB71E3
310
3FFA07CD02CE2A6BE1EC80167497F2A81CFA3F7EFE58D0CF5D5D170DE4F89070B0BC4040CC17BEAC6B0586C3D3FF0309BC06F44B04A1E13729929B4DF73C44070692C810B08AC3012E8EE9EAE22067796288C193B2139B970B86F47FAD0F98382B1E035D9C32FD318A4FAFCB274F2E1FA772F94411B0CD42493C23393A685B
310
5FEF3E1ACF554AF5F3552A478383374E6B2FDDFC4F6DFE38F4F4ED7A7FE838F488EA852482F412D3CB07E293D02C9F074F12E84C5AAC423271450572A385449844706475FD38DC3C22486A0639E5F1E38B0CFE93CB4B25910EF309A2224BD8DAD40C682C28341AD69047E8539A6AFC14EC573F7FAD10AE0FE6EB13E87B28E0
310
93B513B5803514DE408809BC12A14876DE0A25F643009E9176D9F0C330164285A7444DC8CAF0E9FE41429EE0A2F6A6DE91C0856C501272404A8468822E24C807030B1D33D40D4AFBDBABB411D093D88C86D7205E05FC57EDD1F805FA4CED5920F0CED39157E007CE21757C5DE440ECBCB46CD283E378029B43FB077B4F47E6
310
0E9F61E8D01BE017D7E843EB49F50A2028F1E442FCC90C9EE308E4C0C2C94EAE30B75FAD3A0EAFA57FE9EF960F14BE15638840EAF3BA490BB6850EDB38EECAFD21A0C746D0C4234DBD035EFC7EDD121FA585FAB73DB89FE6A03CF833AB0730E5E2F1A36CE3F202A128934B44E396961121E1F2C9F32BFCC0C140CFE22C1CA8
310
E109B182919696BFB98120234F61B59F7BF46EC30CF067B21A33B0FB3E402448EE266CCD93135A8E823DB31F85E677434E608F53F8100BC0098EA2FD6BC01770E0F2F2D1E5452A711C4BB8486248FAD756D852026B6DC90A2AA5C6B69E9068B8F27AFABFFEE8AB36F1D23985D5960014FD711940800B560250D2272CC54FF1
310
D3A660B275AC3881E349689C1616E1E9044129D032313509DE4700BC867C71F128C400159407C761022BA8A040F40A244788808C60B3AD67A17576279F6F946923191921B0545FC2F12AC0EFEFBD7262B6935679FC7F80629160ABFAEC88E8430E76D82A8DE62ACE50BD4A42FBF03B387B37FD321B37E31C3F063D99703F51
310
60E6C9E5A300CF32A91E0A085A29C0FC507F6C21012303C6104B82C1F1E156DB3229D1A855A32A8352C9077AF733A0AFE0FB3EF81FDF2F0F82C21B0EB06998866878B103305E31EC17F4FD43831E570A2118D1667632D4FFFFB125782F96168A833DBE78C3F11F8383A79D49F58F1E3DBC780417AE6581381E8610604888E2
310
913E12492881274822C221AD04CB0B1D273B8542837460898C686864FF6F801E8269F40AD0481DFAF5E6E9C1F3BE391C325004DF0746A4E4448F7B52C0D5EAD39EC46896B888C4210D68E99DFA2820DF7FF850EC407EB55C3EBC5028611409BFCB8889C90F1C52355AEF98B18100094C9D0EF6F64FD47E5CBF3FF5293DDFB4
310
B50DDD54F351446FA1F14580DC3902C085F593CB24ACC917B213BBC11B3F0A61042FD8B24F4FB9C4556D0CB9E1A880DE89934CE9607F18F81FDD950DD0E1D143F41D56110E227C250621FF098838042BC85B5B6BCBCBC31DD37B34966E9FFD9936A2FEFEA9EBA4182E5CD3E17AE35501FCE0707E5525A7DBC64DFD077825BE
310
37CE0BBE1BBEC061410C660B6E49912665E2B3749C7C9F93834022F74CDE6CA5EB501D9CBC04B768292C5CCB84478F3CA83074092C6082169015E5800D5839DC6C1B58EFE83ECA513BDE3EFB8EF1242D2D4B3FD55AFE03D42F8492AF8A3F21444FA2FA9ABBF525EAF84C09F0168527B0138A85D1EC0443C467B28BF844EAF7
310
6323BE13D7C11F72FED783837B970FEFDE7D7817E077C17EF7E2A1C2C0FE851FE4C008388C15E818958746129E1009D054B67530D6B3D8DA3D59D82D9D57CF70039FF50FFE0DE94089DB269C3655A4F25B38C49D0BD48E59F1526887C18FC5272197F85CA72862A593A4843CD25F920487DDF7AA0441A2C0600D062001F103
310
FCEEA3D8560CEC3EBACB01CAE5A51E420349F602191E5F901893142381351CE17047E764BE50DEAF9E4D8C38B6ECFFACEB141E54A6865A88A60133EE9CBB4C256930B0B168C1C3AB59FE1743FB422C7166082E934AFA5EFA3E4BCE0B69362FA7041818B7FDECE1DDFB4D022007CA23E521F0700AAEB5888BBBF08023E128B4
310
045381542FA256B0D04E28A0C3804E233A1BFB476A2F48FD135BAF9843BEDA3264EB42BA499601F16B566E72C7EA35908ABCB9176BBED43204C696AFD3D7B24B08D3AFA44BE243D88A6D9D0B6562B52F741E1610C0EFBBAF2B0829289A640EC4C8A4FF66A24430786CEBE1E1E61AF9507BFB496EAEB64F8F49B4129EBDEC06
310
5EC1F8A3F228A3CD0950883B41BEC6D1944AE06147289600A7726313AC69A3F91197F1438BCB743E76F01F6EF1D1C854071670FFFE43FF1EDED702EE5A14C85D0C42DF90B86068800659AC88981855E3E774A71C0CAC2F76754EE7CC87C808D1E1E0F6CF47FD4224731337BE1E39C5010823EE997B1491BBD99FC8D8EF7748
310
2BEB5EB2CF66499A8E0F7511B19B3EFBDACB6507BC78731B1B383D02FFDD7BE8DD9256F7D0BA7B46015941097B80018F700FFA024CC08078F51806100ADBFA163ABA8A3B95B9D2F92AC30BC908ED31FABE0CBEBFFF0279B675868F9AA24E9530B08C174055B7F48E4F58002F3E82F0BDFA003E8B431EB6C4A91E4D9B5FFB79
310
1265BA8827BBE5F1BCFA7F789F72F75EC800F8AE43FFAEC42F13009FB905A9A0132015D0068ED7682AC608BA6771038DEDB3B33082891FAB1ABF5614F93238079726B833958796B845B731FCB86316713C1DC581B1E19B424EE32674093F80776F7E27C6FBFAC85C536CD955B96EDA2A3FBF770FF4BE11845470EB3E42D022
310
000E0FE07D161811020742162444668308801E133A4C163BE68F6826A5523071CA78B2FED51F28F8C70FE4190073A3E5D3259D7A288CD19BDE623F10021BAB0C6E327FD507B2741627727EA00D31856492F9F009D7F152D930704E642795C1C1B336E0DEBB7F0FDCB79318543B25341F36802D64A981A690B94259607DE0B1
310
9D466BF8C1C5E1CEF9A3FC5C639FD6117B4BAEAB453F8EFBDA500A67E8BAF76C8A06566E36EE1184E8329419161F83D843D5DE7D8221163E145F56921C3EE383978072129E290A9B7166E63D26BAB1FCDBF710009E4051842390031845F20077CD079407C575F20364C4910ED2A574BC357630B0BCD8DE39335EB175646A69
310
8458F6A346F003A93002E846FFE0C459B8006E506D79BF902908A0AA05CB5E73530E33BA1D3C2EF99C712B7C8B41DF4D2A7830BE8707485FCFAEEB85A09AB6D39BBF7B4F23E00509C20DB04E240822A4B810E04D8D53D10D504C059ED86BB8697F514777717A8F8144D48A4C89077F7EDB00E2D89DC02A7B975640A282C49A
310
4AA84B70B12BFED8EA6584860DFB7EE23FCB00C6BAF7332FF259FA3C9346508813E372F1DDE425065BB61FDF8300F7EEDDBE8D0C6EDF46F7D8823478590AE23759D60DA6B7A9F125EDE8F4A5D2B37470D0B63C30DCDE3D3D59A8D1501EB1B0A5377517BDD6E301F995E3F955F0F58FAC2E81CE172A8344AC03DC6781939D24
310
84B8FFC15E8F3ACCD3954CE19576B942D0A029188EC7013FE59AE90B71292DE774F1F63D60230180B30A2EDC65291B6211B4081128856001A680015CE000708254891851D4B3BED0FA4D7166B466BFF1D2A924885AD12B387FC0FCE6819AC3AE06A7AA4B715F0927B74D119D4A668FB54B8A8C268D8B038A207D10A7B1E95E
310
42195B695BE0240F7408B311257C23F581E987C180140C584A02B1670CB817CEC0A080F259F1360E58452013200E3EC107AC1DF4FD7B0F6D23F33347F9527D9F51E6138E31AF35F1BDAAEEEBA3D71BB402E2FB47CECEE96B4DB85536772B07C82A34F3E66D0BCEC207FEB9E70643761276F7B50D5EE963CFF80C7AF4A2130F
310
5BF8C4EBFB5F07B709840480DBD8007FB7EF3F90104908BA457D43AA2A6A02C91422285E5AAC143F3313A0CB74D9D164933B86C25587134E8D342B453FC982860D09FD13ABE72055ED020E85D3E312F74C25CB0293D978A1C4001927C80B86FD06349126EC219F0C735C8053D8F5F310817EA01F1B7851F406144C211C6362
310
C27DD51F1E310C0102280ADB891E9B085CC528A2B1369A46BA195B9A2B351862CE43174BA73FB7CBB430A5798F4C54B7333B96C3224A9863AD02B9FBD8E63092191924E77C199D92887DA594B6DCF0112857162FD0949FE6A441F5E62E42FB2105BC405A2301A3424601DC807912CB2C39C604A27908021CDA30C4C8C2019A
310
883B3A8BD393BB3546136EAF561980FB63E9E035FF73B96D09A905ACB2C11D79571C5159026227DDBDB81396EB03F14100BEB66DE1FA9EF82C3ECCBE318119C4269FD014E66361FC8BB0B4EA9A98EF3D8848A01360430284335004C183CC25BCA82D2302EB03B8419241C64DF4F5ADAF77B533BE786334BFCBB8DA72BDBEFF
310
C36103AFB30608A0B39B58D93F0BF42180841DD26BDC22CF0A770E90240006BAC65197D90920131C7B2EB3CFD3C71C6378A305EE8488FC1FF8D391E2BDDB0F6E3F45E7C8207C419800DB410073A3173942CA8D5242642A74496FF115832A6314D9FA4257577BF7FCF8F8E8CEE8DEDE5EBE76DD3CF892BA7FB8B90F629431B5
310
525E92A15A3A4A6FEA3FDD73136172060959206591F4C927196CF645AA285CF3014630121754261C0D31E1A7E3DA2DBDB54B04703BDE3A4209F02045C4BB0F529A14BED07098A2A1CD47513DA64B512F409BC01663090796D787173B5AA141B1B39BB470EEBCF1E30F9D263ACC4D05110797CEF7B923B027F089F74D1D06F0
310
A4D8C0CDA6604023FCA45B76C5CDE0BF3845ECBE13E0C0ED73700A8A753C1AC8AEFFF1B407FC8A20F42F0D94019121DE304077A027D4112283BB8FF0072444D68AAD111D6F591BC0061854BBC048EBBE9E81F6A33A95C21BFD13AF3C7E7DCDFFEB0DE8903F77B41DF178E99C289895B0EA8CD640549D68935BA7C5294E0A1D
310
66DA0CC419BD398E6265789CA1241441AC94532A3C19C95340BEFC68703077EFC1D307B71F3C500859C11494838E902203A2BE90EACC5135B80B078804340C920C2300BCC06F7A1C71B875DC572C9BD1D84BD5FB9363CA6BA7D03E5C40FDFC54FC23C9B4B9DDD028787D89219038523BF64E638BB37CC25335937A00DFD328
310
69C5B390C8C32FF25C8C47A7181B4A599A224A9DADB0E0406FEFF9F183B7448F081E3C55024FB33828784AB61704482CD0160C04174F9E33BA9291D58C2F1F1B1B3B5863B0D9F3E51C35C253D54A23E560E2C0CB3A6F7A81382601C2079CAE96B7B1560D20A341E85A928A4E01083256420576C2ED477E2E565FD9223BCC69
310
1CF394D3D8E281501E0EE5C1C8159E92585D255CF30CC854C75318006EA4A01028EC853F9407C6053910BE105348324002260254886C156260F9189EE0F8C9A3CBAE9D5A992184568A69D5183A7DB97DB089FDC57AEE54F858FE54F577DBA85309640290F2D220952620750C5811FB772A7876D1E4040FBFC6474D51246D8B
310
3FB378283FB514F8AB3C20B8BF7DBE5DE541C9A5D3D38DDB30E00151E02523081BC89C2214103E0BC1B3D0199A08E002681A2613A2616CEDF0F0F9C5DDC75DA395C25C0309C03DEC8091A4AFD3FEB504AAC6633930556DAC86EE3561941E862C4A75DD6B6BB3A0C59BE153DFA73EDFCBC3CE2188D3D378FC976D0EF9A95B7C
310
8532F527CE3CF539581E0FE501291E9139FFB65EFF5DBD8E0C18DE3077170A64E033FD278F18068028802F156C3809FDEB11B1019C208D020C9BA2870457F0F8E1FDC7EDD393E3B9FC9C4308E9315704233F960E554802C14716B0B45DAB5EAB5E25AB7830EBB8D25E6CA94E4AA01794FB1EE164FE9F040FE82C940A4BCEF9
310
13075D087E85A7237D3CF29C47E4E676777779528C4781761F0BFBC1D3A77880E40C9A2E5109180D5255317890394229F0F082010354082D574F1E3FBAB7D6553C2113DACB97BEB5526C7C6F69F9310A94C46CD89FF8F379AD1AA035FD00FF3F320180F01417A6F255A3A8D86319FE0C0B0E06A0DCD33F79841339C01E5BBE
310
1911AFCFF7C1E0A540BFBDBFCF2372352686D863F83F59CB6865F43104007EE06F52406F680341102048A01BB048823082CBCB0B6AC48C313F3E7CFEF8F2D1FDC3D6F6F9F9D9E98D9D7CAE5EADE2A6512FAD7AB526E17F600C85550DDE9ACFE9D97E694513103BC69F8A2813176032C890C1E9C49FC09C61670FF8705B1D73
310
86260E7C8E7122C7F8208A55139E8C8D4763F7EBF5728DF9C34677364E3A3F9AEFDEC9CD95470788834F9FBEC512379890B38C94205B2557987C4186DF5C0837608DF0F9F3CB87B7EF6E920475752A01460E556919B2B64296FB9FB70DD5F47232A0F77465BF140CD001F00ADCA175090E2665A14E6329B62660E02A1CB50C
310
6025E3DA252A670B3F0FFAA5EAD94A509FE7036B159E0D1D9F2E76B7AE1FD5A606198D3A747AF450023CBDFD162278B9446688111009B4029B0F2180AE20A542D40610C073B47FEFE1416B2B12200F3C991C2F54EC2491027A816B0A34A9D05C6F437AC23462385DADD75642EDDA738AF1600DBE07EE8437804D2D011A94DF
310
71C2085EDD40266A407FFA1D1C00B0C03927E60338E3B9D8C47D1F8CAED578E06F7CFAA4BB63B175FA7C301B747CB377F45192003CB8FD34B12009224543D8604494011A80C1903CE0518C986208E1C5FDDB8FDA161686873BBABABAE74FA637BEA894A44078C19696F326E057D7F95D061A6B0394A9D5F2DCAAFE4C2388D8
310
A6E9AB7695CB0BDD0A332430F1A9333DA41D1FFB97FA09AE84E738C75C407C260408F8DBD5EDED7DE1570A7BE333C54F16963B46AB0C2B71208EA3D16EF4EEDCD7005241166C005A73C03164792151205C007288AE337B4D7103741BDE7B7AC913350B348B2D767515674EC6F72A0402BBCB41C81305AFCF05F2758D3ECAC8
310
D26AB97606DB9581A4B7A8FFB068CD5C0604E6849046B70C2B60FF0CDDF93C13822B4E82FA0479A68220E66D9FD775FB3C1A9CDBDB9829B6AF2F77EC9E0678FB20ED8D1B1A1A39D10F9812E20D6281F5673121AACAA9C53424000DAC173F7E18C3052EEE3E78E7F1160F5AAEAFB70E0F7775CFCE4EF384DDEEBEB9C0889D52
310
43BDF557559FEDE5F17AB21E118C4C31A3DF6A96B56AC62180293910ECD6B721047664BCFCC6B2DD3C65CA0F0C823DFEF84083C7ECCDF05898EEF158F4FEF97EB9C123F1B9D1D1A3D9F9AEC5F5CEDA84A3C96C14A55584D62893D6A54D8D2028D05C8B1F124884543F3223B29D208B04910D3FC43F5C52196AEB5B5F5E58E8
310
E82610F08C21BD443801233C0CE8BD1E40F84A1CA86001990048031ABBAB11EF83F9283EA89F181F2A0D9A9F62D94B7F625FD727E6A93F63F200F614F7CF100D4511C07DB45FC5F0CB4CA359ABE4774631FDAE85E599EA0878A3C33D5AD6430CF4C055EE5FDB80629000D7855DED3F436F3B61B3DC7FFACEFD2B1BC6FB0696
310
312CFA477CE87A87070C7998E04FBA78AE3F915A065E819FCF35B410321D9ABB308146A11AD5196CDDD7C477A171C8AFC74B45CBC6F641AB53C8D4ADA5870C02379BC0470CF83DB55F073E29CF5CE5F7A3F8FD62EB7AEB1774C2C6780B9523F9287193FD23DDB79FBEA513B45200E2E0C1B51350163AC19043C600F2C1DBF7
310
DEBA7BB9B5457BC0D840CF325EB0BBABBB786D301437000020004944415472B491ABCCEDAFC0591201CAC8EBFACBF367FE7B6E40E69F551BBBE7123E3C00AC560CE20C62436E8C3C54CC225EE08C0D74CE26148877689EDD004FB2BFBFFFBB984035373A7954EC5EE8591FE531348654514DB1D1C56411DFA2A7C212BE5ED9
310
1278F2851A432244C6822C29C85A8B320ADCBDFDD63BF71FD32648E7D098CD018BC35D7FE89E250EF2AC75F96C15271602687965C844B8807C6E7729D93F22E81D39ABD62A0820C1FE9F11CFA7208125D33E96FD69E83AF6052DD32D49FF0802CD9F9DFD39260389A950887A647CCC99BAB17132DFB5DED35138FB3A060F62
310
95AA5E195BF0BB56495A5A4A8FA440026E46A047D40ED2520A441C302D240F201FB8F7E0EDDB0E12A04D8816215A0579E8FE1B1281E9F19C9900DE79842E2A7CCD48E9876EB01C75DBA0E0C8D44AB5512947A00BE7CF5DE9E1A6A6BE43CF1A78783DFD5A404E4477336C1ED8B18908B2A847B2AFE9839E891137A6673BBB96
310
FBBA2A4B8E9373B001F08369BA11BE8ABC4302FD2345FD6014A127068427D007BE28B41D9B0D40FFB7EE531FA673C8870A69135B1CEEE8D009C08042A5B4EDA314920B635BF941E7487E45256439DFE9D276295F87E698389CD49FB394FE19720412DEDDC40E9CE9C6DD605E0B719FADC416CB15AB3A61F9B5B9B9426E54F8
310
1D8B03DD950946D432B40CEDAB7BB5AF11213CBA73C9BCCCDAFBCF06127C7980FE6D1DC9B4DF14832D6568FEAEEBA76FBF438300B541064ED33F3AC0B0D10505306FD370AED02859234402F6C3FED006766DDED2034D90D119057225EEE3DAF787EBF30EC51ACB4F551678BD6728E1944730C095F13E4D81A4DFFBF67C5BEE
310
37E62A85FCCEC6CC6C7BC77A5B477E22223ECA4FCC0F87E2A5E3EB782BDB25B8CFC6736A044DE5A7CDA604526361D650484FE283B77EFBD65D52C1C73C4F48E7D0D81ACF572F2E2280F98FB230508FA906B42DE240ED651B301CEC83DE1790C9FD96B6CBF986BECF3BD332C18EF627A0B6EECD5B152E02088D03D828AFFAD2
310
6B05BF671B4F9A09A8CE0CD2707F67F2A4B3BB75B9ADA331C1305BBAC182FB4A79820B7EEAF73199B8404C0B81231CDCBB871B80FC41FF5860E8E108222A1A076C29E6E03B6F3FBD4F1F295DC457573C7ADED636D6B7B8C88413DDF3B327E1046AA51040B40CB50C7E3F1D2E44DAD34CFA604029BFFBE714DF0C069908027E
310
B275F1F366C132E1A7450B04011CF82B2B647CE754F650FF6E25BF37AAF65B7BDA16CAA791F1D09F6CAB989EC5AB7809BE145FA459E8D3E4B0FB47DAEF093B946FED585B80FE1A0305FD5330FEDB4FDF79FBF6BDE81D8300CF6815E5F9896552412A03F31FCDCC7CB5E32365550CD9365FDCCEC8752E943161D78047336F8A
310
F6539840A1F2E764FDA2970999F205CD2BD1F5CF496571F76EAEFA0E1CF8FD2A55FD06391F9EEF8B9DC9994E72BEBEE1FC928E2F223EBA0FBFBFB4F2DF137BC894B8087643D64ADE6EDED67F7680FAC9060239E845FC94AE93D880F994FBF71FBCF5F66F9F32C292EA900F9C1E6F1105E81C5B5F58A067A448143842008D72
310
75EA3BBA3D2516FDF02FF79260020D6B3C714711F3CFB61BFF56A826E627E82256F7400FB387FEF23C1C1E77FD6A21EBB1B2B35F2F95E7760BE1FA3ABB3A981423477517EEE36FF96F122B942F6FB64D9502BD1B9089162532A2FEFED255028FE653C9F46FA321E0B588B7DE79FBED07C44106CC85133CA65190543004D01D
310
02D8181DDDA5A9C91A7110805B7875B689FC3902200FB192E7DFD936B37B57D9C338BD49E99E181F4E5FCAB2ABC1CA7AAB382CBC7D515457CFABE6FBC63D525E5CDF74B16378B9AD6774A58531912D232DF01BAA913DFB7D3AAFF912984302B84D0500077800D26C60A4742101DE420C610C2E92FA93056022EFBCFD5BB6B3
310
8651470CD33BD87630C05831BA864C85997B8754B05167F0706499DC442FCD22592AEC2ABF3FF13F950039BF159FA9B36ABDB2778EFF83F70972B83BFD3F4899E64DD8346AA495CB155A7499F2CE39B0AAE755125EB84FD8CF8D8E4F4E9FB4B72E8F1DBCCB98B31BC4607C2CFF21C8145FB48EA0F2159F86A3098415609554
310
DEFA7B27EF1301033DD06D274BAF6821D220DEF96FA4CBB60B3CA241C021D38E1AA76B4406B4767576166766A6C7F77273F5F395291BBA19F64F2E3095C14F3E60371827741CB27E89543857D6D96BF9A47C6A9A26057840332EB843717AAD171880217B71FCCC0355AED3D4819911F79D0EA8AD6DA31A83E36C5DC2D47029
310
5C011302387069158F6C9966022367ECF1D00BA9BB95C389AE7B6105A1FB640689033A7FCCFFEDB762189103A61C3A4FEFE0D6A6B5A19EC5755A443AE78BC5E9235B047890A65919A0D2F96AA3C01CEE913BB3ED239C3E0CD8DDAB99E4348BF3F8B977B6C43DEBEFBD7721A839A63B94C06A10DB87FCBFA3C2932F8C26F88B
310
6D6BB30C3C4E09AFE40FAB52EFAA1EC0316920E031A46D65A0FFE45A673432E907FBCF86717AC04F2CD0EF512D665FF53F05BFCDC43489F150890C60A8E0314E70A06F619D30D841189CA15D3417F3CD50191AE4396543F0C42BCFD696C58DF163F5B46D708BD5FDDA5E5E5FDF9401BC4F7E00E8A17520833D1CBFF495B5D1
310
CE037C664123EEE74737268B5D1D3DBFDA6AAD8C08DF2C0BC7A737E10AAB2A7B958990CEBF556CDBEE823CB09FB344143463C630CFFF585D330CF0320E921744A7918280FEEF981161008E9FBC78C830217A07B7D6985E83F9A79884ABB5AB383B4D7D788F9FB3D867A2112A43F19042B33A108690CF6F472F8661CFAC9714
310
78757F6E6F2F7AEB82FEA85E5715941778B278281F28C268AB24BDB470EF3303E09C359E9DF1CF990D8A096106E6A66C8620DDE7D281DF0B2831F20439A30D68386CE13E002F7EDA8D7806162B205D6A19AA1FABFD6B1B400EC2BFFDD66FDF7E8755B4883C043F43046C1326136680404F1F934EBDDFDD39CB58A98DF1BD78
310
80E0532E671FA1435E9D6EA5E9071000BE8F262E7C4044FD95D5FD526EB40A05A634775F32205C3D779FDC168CD5E56BF982508BF572BDA4F6F57D3304BE9EB18149461B12F760D7485891CA47CFC44909136FBF4931716A2E100123FC6CCAA6A644F25EDF4AC980B14039009BECE8B798BF69A05DC5B6885CD23F8E13A46F
310
F0C0A986D617F001C52241801E87C2974C31411DA3A5D7B6175472763D637D3E57C33B908F867F4A59CFCA7923375E5F027A983E18BD7BD4E6FDDBB2250C1529F4202EFAAF979DFFB1F2612E87EBEFEC58581EDB9AA95AD1D7C1905F7305BF8182D5BBB524D47C4E3B81CD843220DE1E6536497C0962C225F75A2D6A998303
310
B23FC501F0B3F736EE1FF01200FC8C99F5515207C9C40081DF304C0A17D06E26CCBC5B3C47459308178301FA8057C2C0AE9D99B05F038828B08400F2E3251254DD7EB8BC4853B101F99AB48E387457C96951E5DB670648BAB70A7B04FE93EEC5F5B183F9739C98952C6845C380D401B8FC86E70A20744EC720E09D35955D96
310
A9041720196D183AC2CFE6AEA816652D0234883D788BEC8F5DF2615261DB031C2381092401B48D8D2D870FECEA9C3D99DDB036C8A051058030E32190976718C89F031DFBFF2EEA3D88606A8A19BD0AE305BDFD12BA4FF46F1A0002B07137989C748936E9DB2C91F43B07E4E4D16C3779CF5A4FFE8CC981F07C29E34B7C012A
310
F0054FAEA4A6A3D49D3A16D2B3CF220A029003366663053C89B3FB1827080DEC2780076FBFFD8E39810CB0593CC68B5D9009F2D400418028B0BC6CC74067E7C9CC0C2690FBB084AA5254A12AF63543B35EB40D17B693F7E3464D5094C00AA9E04E0E0524F5C35C5EC6BA94B21AAF2440725E2A9FF94FE7A8F0E769EB83FDEB
310
039B631B18BF396F5C13CF89ACC02C387DA56DC3B1CD84B96CFAAA37B55FE723B611062258257D331F186AC93D8AD600B4FEF4AD777E4BF68F2168FF08C081A37AC13446C859964803961928476D78F68419390D830C1935B5C2A0A22A3AB17D3D6428BF12DC373B8D464E04C0A496BB3B3B75639DCC2500E0F0B15FB6F47B
310
5A7ED0183A87CAE8D535F2EDBD4B3B7FC762DFE65A07C30B2851DB890082ADC07131EEEFA3DB7DD5CD32C0860CA83CD4B7993A175F422A8149B1C1D94C1145059D9C78A8A572A90B7C8B1E3392FF77A80C50220880FF3669004E90F101740D2B808181455A044904674E7482CC3EC85C4BCE339404C0B0BF6A5611E4F9B815
310
7BAB6DE327EC9BFBA1B4557ECB609C1F45326499EFB90EE78F18227F09E563C9E63D847EDB3B68EB9C39E95AC4F7ADCF7D87F6752BB6912040281E4A0D8A8314E80D60470999B8A51FB1488A66A9F3F81FFA61C83F4FA6969E472288FADFD61B005E0EA4284822E018911828E868614DA0C36E11F3A051070BF2F0840E35F2
310
00E2C0C80A776CC9E7E6841C0503D0EDF15ED9AFE527E798D23BEE5F0604E58DFB7099D739BF0BA5D332EF29F1535995BDBD0DE681C4F71DFE6A7AC5A13554AE6910963E9ABC9A0DB5B202225545F5CFACC942B5B93C207352B6E5310BF349AF200175D7DFDF78F6D683B7C87E087FA9B35812C4F8F13452CED610A2207541
310
E6D659A739441F3833CD0C9C3C3DC2B0712F62333C4FA9327C9CA1124904B4FDE0FE21C119776CB0C212AAFBA5CAF80EB43772ADFE77CD9FA8A4144C54C2FB2304C65F62FC3678E4F6C68F30FEE1BE8383CE7DB86F58B1AE0C51F0F055E188D02F00911DDB0991832228B3172B3E623E513FF1734FF414A611A603163F401B
310
EA790FC9FF7FC3FD3DB02DC00184145B850D01D120424DC03C00FCEB7880EEEE939399F1F18DBD4AA54C939899304D913CC2D5CFBC55E50C7FBE4C0E14AEEF53D6843DFF56BE2D554637EA047D3C210E2C61077875FB5B40E19F43AB7470CAFE1C0D3ED3B3B4778D1DF6D4F837C08747180FE8394F2CA1E0A46B6DA62CE2B2
310
DABEDE0B1924098580FC16B369730E9E90541D3730D47FDE16EE1FFAD3419CDA05ED1F2715C607F2E81893AFC5936303F40EB776F1D808BDE393A3FA401E1C706E154C892860AD74A2949C409E28A8FB3349C764D13E4D1D3468952B7B1B35001BF41142CAD58D6011C8B78961EACAB66E9AFBC627673B61FFDA4167950A27
310
4145BF11EA17BA9AA60815C2C43AE1F648E3772E53C94E6364AF826019E723069A8AA353A3BF7FB5359281700061FF64C28C10B9AF0B70B0B0D30A31CD1CFD22F68C76DA1E44558869257892363C091D313EFA46B57C3BEB252E9C6BF5B4799EC58F1910F469E25AA17B343799DB3E33CF410061F96C6D63FA91B1000CEBB7
310
D2971BDD39A2A76361E000F5DBC1688D47CB812DD60F8001AF25B328D173A9E4BAC18CE9F1F628704330741B2649B92E9714447C68559C6CD2F681919367E4811100750058809D0230C087A89FF3C80C23C4C60882E481F48D531764BABD5CCECA308DE2F63D3BB50373D630796126803C2D1FBAC148F7592881B395ED7D26
310
B7DD38D7096AF98841CB37592561D9C6565317AFBE9FC4AF7371E060736C7635E0CBA1809FC80F544DBAA1F2F9393D970D44C0615A0C6930E758B9E63AE690F73045F0C8C0731DE9CD80F718E94652383458799E02C06D328010011C7090D8C5E5336A83D4059953877EA1E1D66FBE994F04608C4C991917230FB61F9AEE18
310
3A40AB9108D032449FD1A7283DD25ED15360EF7EA9303EDDC0043403531EDEAB10DFF87F5E2FD56DF0F1B701A9F614DB17FA0E0EDF6FD0B1622A81FA3D1DE5A33F551930335C353A87F9AB05C60455193448246944A232C5D07636D864CDD7A50D0B4440CDCC465D1C418321F50E1648D500294065D869559EF3C40C8FCC6C
310
323E989AD0F0C73142480B200842802C061008B480A9954AF282052B3AF67350FD0DD30D1F4075AC303A5D490250F5400ACF479656861E4C77AFF327F3EBECA4B57B6B6C8FF62602BF150744656A87DABD7BC6BED50527B2120C001A0B3718C74F0C65CD34F275164D7968148DDF259AB8AD6CA81CDA4E8819509B996A7F64
310
2D987A401A2B04018C01E6C169A8700F9DE3B489DB2BC49C9B7B858A4F50D22AE15428FCA4A1EDB20C83492690CFE361CC7F8C8066FFD0D77AEE797977F468A36E0B0DFC87F90EE6348BC748F7CB73B5B9DD5C6EE7AB19ADBF6DF359F1DC2A0F9E44F213F8041F64274C0859A2AB7C37440FEDDD2F95BE44065F22067E3EA0
310
CC3BD8C0D8194EAB291CCEE20B9CD8E02950AD806080047A279F19024C837C848816719AC4A34DF8F0706CED904E8185753A458A27E4C1E37B5F30A104932BE140E0BF4E400160F320B054A8705042FFC47B4940810173F9C9E97240C7FCC3F3813EA239B745DE9F1B1F3FC2F9330374DBD1A7B475923F9A2ED81716D18D1B
310
577DAAB9D1A0458655AD3CA7E211867AE7C702DCACCD291E0F798013DC01BC326087775C0833E04EA3778FBCB8DA4687A0255CA0AD210C15661E4E92001A4449031D1DD27D327334BE830B64DAD90CBF537A45FBD4E94A7A88888E715B7E74FCD040E818BDC1BF5AC609CCCC015DED23877080FCDC47BD8EF3A7B783A17D33
310
F3ADEB6D6BC7AD75EA7C7852C5B6FDADA6AFEFC2D181C03F8C40DD8A4AB5024F0B72E34B57BC1182472DC80946789AFB711DB7F1193C03C893B0345F420246114D3EA71D04FBA731C0DAB0D3CD311B218F0D5A15ECC105D02F3AC32F13600084731A83220040019B03180634B5923D438300B05BAC80881F061095FED5D572
310
A3323ABD83F1D37A2301A8C930AB3F66ADF7CBEFED30BAAD7D78A06DEB6A87F15491F5AB7E25842B6B34BEFC12C8A159F187C64B3CBD2356DE5FBAB98BBE9583F0E3280C0076DA15BF34C15238145742B07080B1EFB83382F9FEF2239D003541041083C5AF9EF3C8944DC2030BC3ADEDDD9D27475800693049E05413BFB3FE
310
B4308731512F13400D06F813368A0101D8D863EB3E75FCCADED124F532AD3F123F131AB46A93DF1ECE7F96CE9EB6C365C6D6A07EEC461FC919FE288AF7AE1A7D012D291EB073735FF26BBB1C99FB706E972192819B7A34BF22424BEA1CC7958AC2E04BFC8E02DB90A4A1DD04811ACDBC181037864672C78F6C0EC3073A40CC
310
49D5E813593B7002763BC6A909D31AC86F3F6E335C9E1C309BC58F16418642E2AF6B290A34FEDC0CFEE08FCA0F56700699CB73B9C99302AA17BD516D7F1FD755A2B32B3FBE7134D3BEC813195BD355020A7DBB541539CD2C06E45F46FC0EE08293E6C0E1972176D9B678340AA1A4823404EF79B1E2347E47C35D0A2260730E
310
0B513025DC0BD1C07E3366E9B9D17F767405FB531070700035618606F0B40C73C974CFD321B0C174A80C0F3AA54945FFEF348F5488895713E89B5C98DA501E06D8D24FF04FF0CD7ECD7BAA755A854EC6A180AD13BE094E8D5D63BFD6DFA5F5D3E4DB1BA18FD8473DC6E17FFC9832B71A2A94D96E808BB53F9192955D62C82E
310
282B05168AA0927D54AB20A20A74800B7CC9655C8B15F62377CA4C91641F9F4D0478F4FEFDCE273A002CC0A725EC165CE3A149F0333E8E9600B2C05A7D15FD831F0938DBE5D0FF13E3C0F0765965A0961C3FA86DEEB0E28304747BFBA5FCDEE44C23544F7BB7BF7A132DDE34F99E44EC3FEEAE92F667A10F7E90B0E8C6442D
310
F5A5318B0F816311DB2E6DC6F172C363FC800EE09186BB9EC82A24C0117700CD884AA42023B81EA6E0CF8B3056411110D78606EBC5AD5417B45BCC8E61EA01C4006AC233933E35D860BC1B6CB9C9CCCE7840D2E0C1C1FFC11CCE54D59300F2B47D66A10F09D8E24B71B9BDDF98FB62A3B897C53EC88D16D1FFE8C649B17BB8
310
E760EB20B784F52F992544753F2CBF642CD3C9C70D8722C197142C567E74FB431EE248A8F3FC00377F5142144A82FFC28AC2970A780C85A7EE9146FA4B2981F3C93BCB0F3FBCB6DD3DE69C72B6073B99140DE28B8E919D9D9E7C2F5FA99FC1FFD07E9AC0965CDAEA0A945FADE52C791EA989E8E7A21A355FB37E44405D171B
310
98A6E946DB26AE71DBD01FEF07FD378F5B4B518724481820890E7486E3FCE61A60E096D577701890EE07CA5D7F2B086040749FCEF3F81972E510A86359C9BB579883035887542090614E5C4461705D7CA1CF84DB564838606CF1597E8119790D021080C935A908324EDE9F60A04B7830A33F0670CB08605B8D01BF9A3D4356
310
93FAB4FD84EF6754930640C1F9D74B052A7ABBA9F502B39DA3BF6BC7514EA4BEC71D752BFDC198EDA8DFE8F32B3EF811E4576B0A2074B99B070A069F60173E7427BDF285024E35A4418B7A412914F2800F1965C4F1120A2D5D2C64400563D5942044807BE7C738EBF3034C4A6F4D70C04ED1F97673C039FABC4CFF18866E08
310
200BB66BDC9CCDCC3FFD1E43BEFC52C317F0F5E64900FBFCDA4DEE68768FFF46350E0EDADB7B34DBBEDE3776BC55599AF84E312229F931E700D04478D66A0D88D09B2276141AF0F8811C5F8067DC04C0F90929F7F1AC9CCD368488AFB965C97B855A3E2E93AE5B4866502E55991B82D4388614F2C36B8484A5FA06E3EFFA98
310
4A6AF17D5C2073299D9F12FD63826F67FC460E54030981684E9FBFC22009A3006962285FDF4FC84B699FB5BEF3736C6072F6844C15EDF25883037DE6BB7AFAD6AE164B367812FA8CFCA6FA25725D99AEC5C6EDEEC64ADDA2BE0056002032E1D7A20A54CF444E360D520A5B69816C0A953CE0434A8A898BF18E2B704588C01B
310
DB2133342F5404FEE698957C200EF54E31BE6DF4E888C9C67F5F3F1B41F922777E7FA6332677C20098C59F762F5DFE4A23F9801A3BB6F8A4F66E0D40EC867E92DEFCE84C714FC7CE8DD3DD3BDBF9C781B1C3B549FAD2C89D711808CAB100E09700BB85240374A7209212F320CA577222A7020E7824500179FC7096C714884B
310
DFD9499E027ABEB3CB0226CD293CAE6E0C41A6788F396606A073E28CBE5CC67D584D36CA39D37974FE1023253E3FFB007A26F657FFC901D851130DDC2BF54884F20D5D40A0B7E5C7BCC7CC87B84F2ED820192CCE1AABA1FF24ADBE1D03635B5B3B53D4A5F84120125FADC36A0E792D3AD7E255792CD5241A4C84171F110409
310
0017DA493D0A7790A7BDE6DF326180398E4B0DEADA5C2763825E43E05C388E184678C88CE6422606C017F030366981353DF03A753DBF6370879F79889DD0BF75408724DB53C5B0063AB6568D02DC47AE4627B58D7E367A6000267E7840C23A0940B992DB98ED1C4731B4FB4DCFB6D3EAFB6CAC7646F0335C5031888CD74E21
310
03380260AD47176D703960230370FBBF28813524C17FFFBD6288BB28E4F905ADB4A788B40B4A6201C1878BED224DE9906C4C79EF32EE679B9F5D3B5DFA137327320643909A823F62106CB8F9BFE4BFEAFF0FC7A6393EC7F64A698EFF8ACE31BA05ECE6DAB6DF124118D1D13F892F3D3530602E3F3ED3D59DFB821ECFA3D9AE
310
85B1ADAB9E328DE738BF55D5DFD039445AE76D0194180F57B15BEE5F09C07F952F9A10372BC894CF7DA12CF6507E2A8916E0DF430C519485C55D61EFE209912D8C32866214E121611E22A0B1238DB18E86636A3BFAFD5B4EE02FF1E505F902BDF424D0516907BFC95EF3A76B6B3872769D67E25B548F0DA46E2B93DFDFD5F2
310
B9E9EEE1EE1DCC7FBE6380DFBF38A165CAC73DF912AD76A4690D2B766A3EB4AFA2D05BE543EA20B095FB17AE3F1928D84482049B659E671A4763CFA567C08824913D37F2F92F841FC244085C1681225C04AD6DE1684831682CE0D6096B56101C0D4FB3A1BD3F11FC1105AECF5660BD3FEEDF162B0D9DEC6DB55AF27FC98050
310
BDDEDFF63ED14B01336053A19DE9AEF5F5D9E9D9F9E19ECDADCD497BCC57681922F327EB41FF681E17C1921B04FBAE371AC69E53F98183E91B84897A5DB164158BD1D12FF6F6BEF0E02847727BF2628F9FD48B6FB11DF6928C868B29590A0606F92140D0C08850DAA7DD8A5FE8A50389F61288AEB743E9C801BB67DBE0A7F6
310
4F63BC87770FDF57AA73FE1F5A84F8DD3AADDFC32087FBC0A7D645C327B97D65E7A8BBA76DFD9BCEE1B1CDE3F5F7CE4E6DF4013ECD7CB60BD1239E8A4E9A5722AD9C4FAC8F7FF17B214AF8801950430639A08E3ABD05A0D94E253BD5951C885B0CE750309070555FF21F2EF83FF53F4E15038B8D8A244740A5C9CBC120043D
310
A0B323FB1DA0A4EDA268C05A304619505000BE10415DE898809DB6B66896E60AE347ED3D6DC707CB7D5B5BC374A158EDC343D0EA61C217D4878CBBDC1D85686782C3CF4272E7DCFB5E9EF628F5A95AC1AC0C6848F5771329EF8DF2BB79EFEDEC8DBEC72EB7F245287FD4B31008AB38EA4D52F2BF57167159E3004CD8950E21
310
7DDD6F699FC763E9D1A0AECC701F7BD4430A3E030374066938F883C01DE40E7DAFD609345E33570F4CE6BE467FBD7F793B5AF2A9D331D86DBA7BF98067918F9FCDD609A0384B523F4413B574B818C6889FAEFC5E7B8F90CEFD62BC2C85B2478D54DD076635BE434FCADE68B3ECF1C8708E27863DBEC352D87BCC7A92A8E135
310
700CDE65BC114026DE5DB68275E656D2C0D4087293D43BB4C9C14EA83C0D806783B40DD7CD4F19EE9F33801F55A3F1FD600017A6CD5DE607783D5F74E34680E7DAB98D99F6E5B5ABC7F7DF19D8278322F6A97FDB2FADE1539BD945DDF868EE2B8B70D9EDAA45D1BB0A5801198CF1DA891540474745BF0317F8A3703E02510A
310
E94B084221F887FE950272D62D4232781054A87C58D015CD45EBF9B70E60820A2056E9D4D619E8494BBFA68B61EBDD8CF52CCBA124BACD4A4077E8420A7F36FCDAF661E577B792A7E1B7E337C7CF1FDEBB3B49F501F3C7366C1730E793F51FA20A9C3D2E9F18E63DC277449054CEADA36DA0807467D45F8A744E1BDED725A0
310
33868703F1392BBE221158220588F30574A0B0893D0515B0B7C404AD0E7F40C11D504C49BD7DA39A85A19CD7357DFC966E5D92272FF06D59CA5A6A1C8AE30E52F1247C1F1D78F81887F9F3E387075B170F9F5EEE4A7F5BFC69DF02FD8795FCFFAB472E7C88D563DA514861B85BD41594A75F5E866BE69471110A9F75C8609C
310
7E6BF6C7C727431EE3E9E3773D2378C25226E82C08104A57ED273FE0921D6990E02B006BD038263BA360355E8DC446A380F0BA35FA9945A80CF60DFD54054202F91897C241C147D59F8E0FC67CD0F2BF377A3463F8BBBABCFBD6833C57E214AC3F5AE9C2FDE88852968F20337972C7E04EE5658223008AE82D93BC37D8DDD9
310
00BD6B16EF221F0D4149045D740A8A215D4FC186C658E01994B8CCD317465828704BB630DA2243B3B4ADD3EA554A97408454148C04A1A0CAAC2E04033C04073851F54380E0BF2DFFA43FAD3D6B574F2E1E5EF6E5F4FEFBD1CA87C161FCBCF5C7AAE2F726F814027BAE10F79BC3D765D61D1803952210A9AA07F8C6BB2105B6
310
1145B324F96014EF223D4A9261080239F03FF6F4DD4975C183B887E081F7A467A25EAA0C94028FEB808637768B07400A8235D4EF33143253198900E079E3FACB0C59B00F827A5785A6FFE2FCF0C0E6F1714F11CDE5140D931D707950631F3DE877F300002000494441540ADFB08704E252AADE1BD4E8DF55796A32B9B6F177
310
37C67702E5C638682737286CB0E0A89B624D5BF28222432848C9AB8C07170C97B814FF492A61072407D638006F7C8400860444C01B1930A522788045633DFA9507267A3A42BA05925BAD705CDD3792FA23C1075C6EE768A673919EB6C3FCFE7629B7310AA794CC9C0D14A1FB88F95C845BF22543F57996E0B26C9E4C2ADF18
310
7F979F8A55F11B47BC26594C52588518D25E6C2B1CCED231EA1B748F093E5726A21A54C91EF95789041030C20FD5AD68613432E19A4D0DA2505B6BD843516E10BB00AF9AC315EE9FDB39CC1F9EA59CD88F9CD071D470C86C4647FDEDDBB1CDAB81DA94034747A779F4CED497CFF817348F69F52E55490840E48840BA72DB71
310
F3E84F6DA2F4717AA928F153DA6E4C7E8E00363CEC9A2E1C8E65F298FC4A52F087FCDEE5CBA38A80CBE11FF7BC2AFF249203FFAB77A128A001B1987BD334AD9B901890A8C2005B6B248196AD09C0025ED841325B31845032E327C531C839E66DBAB39566B631C2FF0A1DA5A3CC47E665AD8751B47CFE33899DF047C9F3C365
310
E3B11278D49DF939298E09002F6430F9958803309827A7C791048CA070061B7E9A64C557D235F83EE24822E5EAB805F9862F20FC58F483DC0EF02181F572930205107E00E523861895A2811309808F2B6C14B2AA579E893753C155D2F54302007E9FF36AC5FEDBCAD47E182D91A73920CFA5C18E01F8FFF4C3F1FF553BCAD0
310
E58DEF85DD63B91BE38ECE1A9FFC4AD4A1FBA30D462C328C5A0340DFD393D3D3D3C0659195C96990F391EFF4175213BC74C020922D4830FE215E76940962BC0713A3B82784C0CB6623DC40D6E1485BAD454F6892200B225096127FBD82D2B12006BAE2E329C771E25FEBC0DAB3B5395289D56D7A8A89081B34EE06F80F819E
310
FE75C67DEEE95D227E283FE98A7B9F1C97D2D05B4D07A469153C3DA3048EA68FA667A6D90E291C7D7E2D063E4D044964D055F2DBF3E31BB851AE9F78A0A7314F0AD24901F581D74A6929142039C65AF5830D1C809536CDC05E4BA51038F79D713DA930CF18BA3010E385351CF47F74D439BCBC793556A1F99814926AF12835
310
E251C59BEA3C083EC2B2760FEBDF4304C9EB87B35769E1EB24B648542CFA4EBA9EF93CD42F03C08F249A2C98897D8E2225E90077823F4A52171A61219998CED6FA050992B6B0A74A2220ED12123004FB977084208F8E2AFC80F456CB110BCA647A3A0F854085D84FE0052BE31FFE7F925610BAFEC06FC33F9931BF063F39DB
310
3D1BB20EE357F594045F4226131578582CB055A59A073AE0413989D215019B6EB8A21CF154D71164E0D8F4E730C2CD382D098DA5261456A425643686BC8301710F2C50665881399156AA2B4C3191BC555728384800CE10040F746A3D8A80A5F0E500A93456FEC52833BBB45203DACCA37FE1D3EE4B9BF0EC27ED47D89B8266
310
F11EA2DB8B5A8BB93EAEDF0C06B7AD0402B9EAC6E787365535AF19F15158308A9D9785C1BC1C01377F8C6B4D07B50DAD25649764A91DC9812C7B34CA98184084F7C01055466B48058CD44085AF26648520C85C41C67805462D8425680425559F4440F3ABBE1F3F81B1EC72708767DDC8FFB6465796C8FE310FEABE0C9B242A
310
74137EC3E0427091967023299BE5D6D4D0C6D15747DC2AEA4ECC57C72856E827D33CBD319D70FF854369EB841282F84B7CA4881447ACFCB257E252E00FBB3272120A75B99119840858486615636E0E0334031AAA8C08A62E080053A0AAA4158431EC727A084021D41CF5D630C94184F6FE7432E8F5F9A4FCDF3EA7CF136FC2
310
988093F98ED622E38E4976E1BF0CF49D2889E6DF3566719FE1F9B47A2D3BF89C69155DCF24F88C609EE551160F0415900B4C48FB013D8900A9192A700748002924771A3686A0A580FE4009E00ACC090253E280B90AC15048E047020483A038A60ED232831F2CC90498648690D960C48E439F18F4DDBEB0B6F5AC7B7B89F623
310
0243B4FA160A7B9327F3AD5D937C8BFFE5FF8B3A5E64283BEF8EAB9F71159514CFED62DBC880614AA1F7994CCFAE7D8C87057F451733699B8DF87056E1F0654B5021E38097E4E23221B810DE20559AD183A61C2C88A648DB096081E9801CA00BC1DA0124E08DAAC15FD2936905CA8DA1C40E42B13F1764E0C4015EAD7F8BFE
310
C99A310B1B7C0BCC7746D3C0702759C89EAD57122092122D1F857067684A578F1DAB7EAC400841F493A468113282FFE42316CC74C756B1C880FE78795C692813CF4644480EE9B02991BCA257A71861F00666D9410288487618D120D0E80D7773E2B7DD180E100EC98B221C94BFC4FF531A09B986230F1CD08378A8E4D0FDD7
310
D9B1BC75F5C12EAD7FF83F3ED19EB018620303C217A6A35D826E72ABF2D8E2BB1B783F6E48D2E3F360806E1D192085D022103473A10375B63853EC54F500B5B064DBC20945B88160DCF7E4F83A0200BF6FAEAC88E9F54D22D898E43F378D20B51B5D6B1457000922202800DD401A9266483029C0D6D57ED80D42A0E6E08835
310
F0F3AC73D7FAE6D56185F04FC44472B854EB7D9CBF7134DF3DDC35A9F6B38417DD6F508B37C1A718B0D054124176F7222F62DFB327F34D451799D56216880193254FF782D7DDE26C271BF38C6E422E271CE4AB8823C9510F021126A7A944E00DB4031D013C88EA0746C96D4574069BD5439C4110403B40020C30B07A604F1E
310
41D19C21A93FD9002DFC35F23B1E7B98E95E38387E3603FE7393680410D702FF9ED5A3C5E5CE68B5827D721FA78F3A9A0C08A79722D9C9B418F46C0057BB1640C70AA4A03D29CECF33987596D53CFB27B32C3BE304C540E14BF8464E080918268D254838C91A01F0FFB99154FD8A9C0495EAA6534A6C464440B4A71E16100E
310
7405088122A35F7A511DC003D002E6C8E7E15F6D1D2FD09014139EC11FDC89394621F77B9F88EB5A583C41E2FEDBC8F82334494C0BFA97FF3C3A34ADE60385B60E5A30CF036E5E75370BE3B83AE73B3B7DC0BB337DA0045299ED0C66681E4AE223D01B1BC3BD4C921E2005FEB5114739040758189BA8A320067B62A3995E47
310
20055065AC2B4A8006BF8CFCC907C0063EACE41813C5F017065AD46CFDC6FF1BFEE052932CA3478C8E5A6F25DC8503D40F61FC1B047E4DFFE8E84407C81F1AC7B5C79DA358551CD0D13785A9AEB38D6EB68A0A8087FC6543E7471082873CDCE5CBEA1EFC5CC0579469E225428E9A43D6A6000B4219DE52E8DF00A55F4BF503
310
5960661C2DB88AC1F67C2890A93FC420193C8326409E7B595FBBBA9AE1D1511B3F6D65B09AC10A71C2317201A603E88C56CC68C91279E83F5C147787EFE6C675F00941D23EF092920330982DF38C65EDFCA89DA98E8ADDECCD77CB86D85118F3DD9884820B1128010D02F1060F582871CC8FF42024C02239273A1CC3BF71E7
310
70DFB7E96081682803188118B50310BD620234F230B12711B063E0F0490FCDA9248B580D3D3DE944A30CFCF2A1E0F6E59E8FBEA289CCCC943785BB8880ADA9C2FD70F6A13F5418444E3A669273C006C4B4EEEC067827539FFBEA9CFF04D84E7F170480037005AAC8829084329899F90B5E013927F8E646514B4824B01D11F7
310
2C012CEACD163B6358A4454A4221D06E68A71062520649BF9E9127D0772D6E5EADED52FF216BC2FC513C7D3C5CC4C8AF009811826AE20203B076A2AA66D8D32E317DEE0EFC000FCE16D9E0BEB17C74AB009256C5D8AD1CBABBDA61402612C675FBD72D07E633B1A42F2421208CE01397560811204306617A5141706105C9F4
310
984C459F2D0F6C392FA05BED808512B0B9A8A9FC6CED89640EA347D31F0DF76D3D9E61E800FE9F7601BE4C9614A1C58E6C839F13A12D0EB426DE6386B82369A9E6A7F1F9146EB578A2EF4289AA109B4F6CEFEC0463E0072A05CC9DEDEDFE08407B173B8AA65399C80B2911252E6290C82CC1B8909140C11B7AE161B42B9390
310
5045D017E00CED6D27AAA15F2C2179F1E83D411A7020B9408D202381E7E5DEE5A9E7E5CDE3B186433F488AC81554BEC09BC579018ADD1DCB3D9D70F02B14BF9159A4DA376225FE43DA224FED327941705DA582B2FD1BB5DC0540667B650BECDD1D5DDFB0C7F36DEE2B94F6EE2EE4E426F20A1174C31DF153321A24114C4FFF
310
25E505475F6906D4149B21F1BD9D9DF7B059F8E0FD83323CB97991FE80EE131A9003B81C491B218B1D42C0C0D593D9D548003839DC29A740298B0C23F0CE14BB167BD61989AEF0B985C8FAC8F923A73F31953989F0F6C96CA6C4D0A9A88184BEDBBBDA3BBADE77CD8E2FFEDEEF46184A86671D7DDC51417477BE9F04804F30
310
5AC82C2D018A21EA903866A0F959FBD4139916D036635EE03DDB7408BCF0627A03027AD314C09B0A27F0A79490D53839D0DAF1416995CAB24101FA63F75029D57A4CBBA9FB4D120ADB17FB5A999FC9420DFE04FA670430B90FE7F589F7FE8D50A4B5F004CE5F07EB4EA007F8AEAE8E8EF7DB3BE2F81F42166C7246FA9E62D0
310
2C8209BA1024414C483498B50229FD923F2414040B2081390AAC353B5283EADA12A30B1080866D746B9ABF5BC107F33C2A015B275480759334B83AB02175EFD0DEC785DFC505E0064F4EBA5A97073A74C5C9FEC97BD25D819E28AEE661FD2732B8BBFB1BF13441B3C1F45E8AC1752BBF80C113DE960E0AC7D9D02C58C80505
310
A19BA0E84B14402601A590A4AE00A825E98C3212342302EE10FC5100681F86834A2804BC409D70270A2091DCE874B16BE0706C974EB3D26EFEDFFCA6C4579AA4DB781708469F055532A7046C6BEB0CF39F3ED2EC4FBCA3D00EA91CA68FD2B87B5C191E0EB2C300F00A1C9881F263571C6CFD83D079D09F176FAD839340CF03
310
0F70458F81F09AEE1329505150CA0A00576B56C06D58070B23086F685E44232D9D53DE3FC3731044F286D19F459351863F749F1104198D6E14BBC68E17CAE70D7AFD958E350BEBBC70C9C4DFBA075240DA27D40AD7DB063A097DD3F041EDB3E4B682A7A12A548F3393DB01945547175879989302521EEB1431B08759B632B1
310
74E0F700E774FCA1BB83F95029ED1A084288C8893520E49415E00DA080AE8027C34206D35491D050A4C6B080F6A20889A2FF82379AB6234F6710C05F9080ADF002B9C9F9C583AB220F45D618D7E7F7547FB27CED8A8B7A7D24EDA4988B0C1C2A1AFB53FDC61BF3DE50D63C560F0120B0372F0839DDDAF13E583B868717C1CB
310
8CC71D1D7F440CC82184803144196EFD58BBE00B7EE77DE8C015942357FB06FC906A5E2B8882CCF9FFE184B0035A5CF186A962A63F84B3AAEE3D5A2C830008807568B6A9F424086D2095A3E262DBF124350082C4B5DF4704A9D2C93553DE47BD6766B69349610716999FA25854F759CA9792599D3837ACF6247CE8597B0F96
310
0FA3EC45B61715050260C5844FCCFEC9666BC71F875B17E3BCB4CB151405D7D08F846B4CB952248B4603CC402B609E90F0044A007FA800EC46D07A51232B00E5683C55D5096E1374DA4FCBBDE2C25A5B8D26008227CA7758033D7D70DF12CAF7F247939F93F1CC63047D63ADA0B7CC8771B234D8095FCDB577B586D1834062
310
035670E204B245EC093FCBE15626C10D210CB38A13F50E10A0D5C0814B0C4B30AA9858516001669002229618F100767AA3D6D2528595FE7A398C2D2300ED0013A0AE60B91644A057327BD3C36BEBF48C91279B45F8BD145494674AFB211A91977CB838DF35DCB3D6D6AA2FB2784B591ED785DFD7DB77747DAC9D2F7674810E
310
FC2895F9ED8007EC7885101679C06F21E4B1C8A6120956F80518D1DAF1717BEBFB5803E20C6F2A11B2E48AFF4AD2810A70054623E341B3D1ACD92DA91150DE631EEB2C28882D092049C0DD38E262A7BD6F98549930C9D44B7C37028AEA9F8C5628A2BEF5704C0DCB2B428181B1BE766F43014498D2E57791E4C8DA6BD2ABF5
310
003F0C40202E2E32EDFB02852D16C30B7F646B98FDF86C7891690043128B0A0DE6B4EA27F08C30CA34C9D0AA0852A5997F8D11A6EE84E040B20472020256F4AFEBBB74E6705A12083B249089218E6452C8E5A69717E904A3F5EF3D5D08EC1F4D4E85086B238CFFC11AB9AE972CB775616C6D1DE04DDF073B4DE3747C41FBAE
310
6072901CAD0237100670C5A00C2C3CE063610ED824826C1F6650700E88C00B62468903A0D71D3A390255AD7040048348C56C4647413C2C2561216E0C469203EF06A5B101AD40D0E207F78B124747DB5B4BBB4E88B1C373C114E0470B345156EDDBCE1B4DBDF81DBC400746B0B54E05F693707B89A5E430982C2AC7D10DFF11
310
D5B102B9505034B35D07E8E5F585757F088B390F2D4C85CF7218E8418BB4F25B885053D07D5A908326809F31D6CC6B77CC948413B28664484439D118DBAC27DB5AC40C1AD166F25E6A2F0AE82100C0BF220405323E1FF80DFC518CACA8DE1003F3C9FAE9C7B2D60703A0004F8EAEAD2DE0F5485452D15B77B4B67F4C2403B8
310
D8F9C533558ADE058A9E177A1698F75DC0EB4C800F74C0270178C8579C1FACD025F0560844502D2BBC01E620030CB93636C1041636A693949CD80139FD15BE107F905590A292840F8860706D07E2970A2F15E5B13B87C3143CB2930374CC46A6F9B9D7A5CCCC14E11B9E879A49FBE27ADBD6DA82410FBB94FAA8487D61B51F
310
4BE0A03FD08743C31020D6628ED20305A22C2C2FAFA7ED1E7881C438AA5B9035F20759E243C51F34D0D5F02F11403B9E204CC1686C0B6C9000470561519CBE1B0E4FBEAB37A39EE4B84C05F023858779341991F36D9D9F351E7BB3B5ADF00148D9D05784F9AD8B037D48C01BFA83D4247F03BB768BEEF973A14E610090D4B9
310
6B1EEC5C5E66928F28EBEB6CF578B067DD83086081579848E60DFC7684044D8174993C39F886043481F6A2B743B18749E52447CD4D230513032D20D20206E536E15BCF7B7D211634F98FF9986287F33F9A94615A5A0A7CACF8DF5DCC1AC6EF9AF1945EB78E0A2FED1DA2ACC00EF983F9A012260BD722EF61C9DBCDD8719703
310
ECF839029010CA0B9F100B1D2842153E01A1A3837AB579516A31982FD2908A09100DAE591016CBCD4B011A2F4DE299E1338CE065DC4841BF9895D8C81714800CD08F5AD39601BC929B55D291F6CDCEF2AB40DD5D98F4E6F107C47AEE4A09A079C05316F479DAF4C2BAB83221BCC0CE23FE3D3D4C7BC9AB673D89A3677D6020
310
F6E182332028012FA0FBE0B2668FB85485902A8E7FA0BA2105C213E20BC2169211A4BABA7D693C3F1DA961F203694853137073AD5CD25F1C017DE0477626D7BA55B88F83B5EE513C41D814639FD1BF759171F4577D3CAB0C3DFF68B2D3B1F8478C18F67BEBB2598FA76A4545E9E961BACF657E0791D2373030E0EC9FAEDD17
310
BEA7703A738185D08236C407448A4CB504CBF01FF43859D3115488EA01B55078000DF085911805790DE1B41B6F8CB2889C3834FE02AFE07D85143C6C008438A944EA63E047023A7EF37E13B0903AFEA7BBAB9579330FAFDAACD540022980B65A75FBA17D388F1E6576405CCE7032D95BDA420E7DC0EFA320879E5F8B3B04C1
310
D2D9C1114210C19FCC49DC6A855E12010184DB8968109ED016E4683CD552A36B3AFA13BFC2114068935A7E774CD2C7225642B73325938052D8634ABC18DC9442BF9E0402E85B42F9F3273672DA8E8F1070405D1DC3248487574CD98092B8B956E6AFE1566530B78FAE05B4A0DE51FBAF85DD075C7E11939F80E015A58D1F87
310
E400CFFD2306C4D1D3C634380A201545A92BE01F445800BE12302AB477BD6F62600D211232EB061448A0D2B877BB940D63D059C37E0569A83DE93E214F4BD86209FF6F479C640AFF8AF6D1BFD987D029A94DB7C329B4184D4BB013BF912FB88FEEF913071A8D82B651BC10DB067A7EC52FE1B421883144C00F64FA23A11CF7
310
08BF16CA59F18D4C04B8085964B2D8DA4A855187000BE440BC816FFB13374640B0EB1D0998AF38A1AEF503F14302E2811081FC12EA6CD38A63B33035125F40F170C0B0AA45E9FCA38FC6D688D48563B5C4B4B7C359D3C7AE0EFB16ACD5E2FAA47EF8307044B4EBE1C71E84E742D81431FB06B90B600B9C239E277A57C94C42
310
7EE10E7826980C0136600D916A06058CBE8604DB4D314FBC014EDAACD0820F14BF75449B70339490FE5A0491221BF95F949DF1235380E969AABDBE2D32EB4403D3FDF17F42F9A0A7C28ED75BE86BDB7C7EC80C76F86B8800F77B305EB88F00A4352E0F8089EF811EA02A3DF08F7DA008F803BE4B4EF5F41E56087099E92070
310
8C3D720916444440FDFA013D4E1201414123A09290F5BD7AB729298209C4306D007BB0829FD4EC3A6D7E4F00B67DF38CA0764F832F0448E58439B952CB4F70DF964AFA74CCFDBABBDF273E2FF4F56D3DBFF2A78D42FFF2755DF307066497F44062AADFC0CC546F6DCCFECECFA232E14F408F05477D311B683A35BC245FCF8A
310
5CD2AF20022C21022266905A5BCC8B20235D6FF04019CC04058AC80023662E25F342063165956320BE50370F2A657BACC817DDA3DDD3EFE04028645780A768FE38DBA88BF2EF3ADADFC7FEACA952E5A77568ECF0C971DF32BF1D24F8486B22A649EC81B1B60315CBEFC026091CA45F858D7D04C1B437079431E63E38F88075
310
8842E780A9E03791C0FAAFE10012588C3C592FE35461A6047802BA18686887023A422A49599399893103942CF6DA53A8E387825FA0678B261F139F801E2B17C901D0F5217E07AC2401A87D0480F753FBED44FE949C93A1D042B879FCE499B3D861AEB23F9C1F372F0C24D0B7D6E70FE1AAF60F84BAE642D82F0A9F53E22783
310
915518494FDBC0AFAE7DA282E5050B703570E06319A015E00D693A6BEFFAE493941C3B08C13B96BD20D0115A9565701DC58568A3009DA13E965765C03091F0FF339F7309D44F6E61F837F1B1FF920450EB8FC48F9B40158BE89C81A597CFB0DAF5F5755D3886DC13D4479599B583758CBF35663AA234F133F91D3BCCFCE0A7
310
94367F385C59B19431780F1C099131384056616E15A1563B50021D369C593FB292685A68A8B2A50A0A2085CF05434617E05FC24A6B077B990014421A68401AC4D65788EE25F737EB780D08A6E38F060F2ABD889E1B889C44852C2FF368C1E3E710D73B6589EA83F7417B341ADA1F639A23D15298F087AD0326410E116C3A1B
310
325218433C71AE62C07C1480F1C045629724A076A4BB8D622D24690486727F56108D07046DAB065000678E04C4F8C342DE27F4AC102D854F2D08D59B4ED0E4F697B0FF62F113646BC5B7F3131D4EA8BF8B265EA3F2026E7061B96F6DF3D993276B2180B8E57067587428579460551049049B074CF8B1066C7E14C705F0B392
310
98C0997C17F701097023BAC31081390196801FB0C2A12380042927503D5A01CA127F9841B460310639C674BC8CDF1A320501448E0068905B07F6E5602F8C1F07786253438CEC51AE61FDB25FF71B09893AC026A9EAE3F30F369F5D5EAEA5801FBAD3C98B38C13EE017B054F81A56F05259DBDA64FE270B1FC4C77200FE276F
310
E814B916E222575ED717A62A92956504605268408CFE13FD61F84252228376060206802B9550F00B9D47E6AF1022538A752CF4FFF1F5931384A9FF8700EDD4FFA2B93FCBFABB3EA6C607FF714B0B8B04EBBE83B52B246092AB018C0D0002FC490849F1E214AE6FC42009D6D86616C835B65DB9862EFC4480C14137603C3089
310
D0A5588FA27E693DD184131BA4E88C35045ACEF1CDE1A82323C20B842F2419604821196EE8185BC834AD44F8E9B7549A32900196E9ECBBE20FFB4706861AACADBBFD9B56A23FFD3AB8BFACC18B1B5AC0ECD7B6AE2E2E9CCD2BE8AF1B1BC3A813B94107E82DE67A42E7CC7D4A6116700B5B2EE3C338A09B840F07C40A64800D
310
7C605AC42B72227C4C7020AB1F20056E26F542717F56534261DE3766AC10A6ED2D006DD03BA9DBA507AE0510A8B385C92363B9154167F1230C40D76AF6F3BE0CA08F8BA2FFBBCEFB09D0986550E0F0EAE2F2780CDF850CB0F88CFC2815FE87BD83909F474F45DD47F1C821DB2107A8817FD45384F57891B65F2543D0C1E20A
310
89B4A8DF806862AC27C60F6A054627FD344250718AC0FA21CDC4E28DBF2650D1B39D8B8A420C348A4F846E2BE824BF8C45E1DB8EEB52F576F47A75FF95F90FCE0FD3A7A08D48D5B9AFBE3EA658E1676FE3372FB57F0AD8D70ED4AEBA3D4C2BE0AAF1C3AD63A6004D12900CFC481A47430C9EACB390038642C8C41B13303166
310
614210592736B8603AD4FAB17189DBB32F3915F0C380795A089A15228460BDE8E52203527D41B5470901B088D84FF8B3FE2BA7F4FD30ACAB3DE0B7E2FF95807AB0010FFDE3A048F7360F9F3FB9380EE537F16F8673131325D3351A3F664022020811A0FE8C019CA17370725CBFF64132025DA1BE2555102212E80A907FB43E
310
D80A991A8AAC183932C19AE17524B06590B6AD286EB99BAD18FF4BD64BAB519202F992A963648ED30E7521F909F090C0213E367A77D8836BEB6F34D92EDA624183070248351F1A079E5D3E7A9EE81F2CE6678F92E299EE312B6C0572C0A7B5EEE07853612403813152C7125E2022A20C18F855DBAFA399817FC97FB6E1CDCA
310
31D348434ACD0012F0D32A5456B4007E6E92D72B1A4E9971223A42C1042819E4049C0C5801300C0013FA48F8944FBAE71DAFC27F1826FA2304ECDF3F6C10FF47D5C7E49748DDD687DE8E91C09394EE0682A4F84CFD6067EEDF43E67EA46CB2F4070160439245F00343D03BF25D7E2F26FC400A896DBF19FB8D4D0A66DA669C
310
3D608F9CD048A0533621B25690EE19D5D15248E390F042B12C682511B02BFE3E5700E4C9A9B2107A8F45248FA48234FD23005ED1F4EFE80D1320836F04003BF42856D478D1DCA3ABEEE3C68F9F30C3A16E5C238EA5DE3FF37DACC2F8B7980033F47FAC34421EF0418A045394802CE032D61C70023D788136788613887C0011
310
A4EA316E005718AE191F8D0D841B9C679CD2FC478442D005429166F5A24403B1E6ACF3298F388B6D0BA933D92339D48969A5C11F09B4FF017A9900A4F887010C474717E10F36468032FF33F4AD610517777104CD920C3CD15FC5F3B3A0C75BBCA3B00F2724863C10BCD4A0E00736C7981F2F72E4B001438B99714FCFAF713A
310
2603BC710376A1715FC602022202E06FDEBBC680A3DF1C4C095A12C50B554FE7623B50374FB2129DDEA4C392C9188077658C87F55FF92FFA507FF03FC8DFD3F31BDAB46DD51AEB03F7E1B38B8B87CFF47EA1479C3EBAD5C6B382C221C0F1B358B39D76D9D3142C4A20935F541E492E0EF081BA41B3620A8E172B584EA14856
310
32E22A8221CEDAC6110AFA4B6D43E2B76A18AB240BB24337721C9321D2C033B2D3E2641A55A400A28403C12D1DADE39AD23FC5FC08C47A64DC3FF6DFF76B5235124022D7E6D6D5F3CB870F9F31C96FE477FAFE54100068A3A87FA5908A2C08011CF31309C10025B089FEF9C510522B8DC07C30AA469841723A10C08E27F00F
310
7FBC181C083F2809EC3B2B328E294AEAD5A071B3A95C81D2DE3F930372D022C9C793535B92FDAD5426E90490C3C81D000017C6494441544698C416520C1C40C71FC204B22448FD9303782FBA67089A1A7D4CE38E89050FEF5F1E078A4DCCFADA058032C34C1CBC2E1202B1F8962B1A8024F0EB7A11F209E96FB369D4B64202
310
FE7BA230AD24C46413536EAE955B341B726C593B5D4630C0BE822480908522B0D85430230352618DCD4F7BA6D568BF4343801480006658EA3EDCBFFA9702B4FDE9022163C43F9B72B58001A23FCE6F0B3FF0E4E1DDFB9801A6FC42FD0132CC1F2224F89933107AD30B6C9131A53818AE944BE25A70810821C38F098411980E
310
46D108F483DC63F49B91B852351604091D60546702F58A3872A1716411B642C7629C267E64E77719F46B0548FD6BFFFC86A38DBFADFCDF700228C124C8664FAA02BFB1F92B09800876FCE4F2D1C3FB4FD0A44E0106A8DB8079751CBF0BD9340066C3D52BC64706467C05B5A54401BE4A1B0132A55EAC1CCCB10D378A3DFEB9
310
812022327745EF2102886A9142C812A1A2C9708027BB55B7006357459F9C2080E0BC34489FC629510F3017B62D5073E2A2C64048A0A42580E413BA9E08274091A398EA80B5BF31C87BF5ECF8F1C5DDFB4F22AAC181F070AAFDDAE5650C4000516440D8806786D874215149E69ABEC43FF0EFC820FEA112B0522003C84BE03F
310
B76623513B6D840820358B084119B0CEC8C00AE888826339A54091F5FCA513AFE147975BB1A86FC50618D9D74502F0C7C8815AA306602FEE3A5E79E0D7DED1B221001118B73182CD439A092FF801105D1AA14E1918EC282F6260869D55108065988BD67F68E5581720A708051F7C8070F582389C682BE53F2AFD85853F2A01
310
3D21564028E06E79B7A71E43212180A81541EBC88F451E02385100491AB0C4A3BC5309A95911E66D04C0B448366988ECD204C2FC930F8CEE8FA410EE4C25B58DD1B6EBAD83F6196670F7DE635282C0A56A851AB035831725F0471A10FE52097089C80495804100318405F0DFC2136004B4C40705EC9154315129205EC35793
310
0035688F61AC02188250CFA9A980233925F16A117A48CA54DAB6400221976B75D863330942E20EE3B00B08FBB71AA813B0E502FD2B023DF70114E0D7DF2E2EEEDE7B789504200112075478F2FBD6897835C91F0C20782401E801A2F9142700B74805703426023A81CC0BE88B537D0003E0C5181D29EB8D83050964DD258091
310
0A1E7A8138F76253DC01DC2F3824391AD748276C0B0CDF12366625D038603D0003E0266CB42704C8CE7FA7F11B4D59C0BF454A78F8FCF1E50513715D469607031272358F04E0003C90107223A581218F10008B10247CD20D860FF0BF48801040B361808148714764028EAC137E871501EFDD97C89B52107FF1235B0928C562
310
530082573CE137840EFEF82A0BDC602736C595912FBEC69E6A3A26903B3A300C5A098A9E3F1810CDFFBA019D97B4E7A7A075850F2E92569BD960CA7B8304995FD006FC4213BB1448A6F4BFBB3A9F9FC4962D0A1369129B10073771FEDA38B1737B663A71C088D8848027FC3008DAC4E4397A6F76271DFFFCF77D6BD7F1F67D
310
A51E0E08875A6BAFBD6BD7AE52CC04A0B4A2206F650EC412841A48258258E8662C3838FBE21E25172C2A15A4F78D82DCF68A005DCF07047C183E1CE47731BBCCB5469D9169E0D588945BEB637E87802A03D88FB82486210D28FB3B858D13DC7CE75F5E6F3B03C1744D30CC58C7C7A256146853A05243060B850072A7010CA4
310
7CFBF9A1E24F414037B8781E8E9F219A774B36481CB43E48A79819D638C8760D672FAC19FB9D3FC5EA9158DBD0159C27860409682E8FF2595652FE189D2CC2D7C023E944158355806FC320087CC74116030CC376C559C098B93A041C5DDA48AF33827D2327DC761D19C17CC62780D82A170E6CE7415A5E7FE825E053048F88
310
D2AC2A561CA4D4C60098DA28EF1A01382772484698F60C8DD24BF396EA76260542810A625978C03580A9CAB91D10249BE579B0377A3DD15749A45F24C4D81FF3D7D7996F6A1690288008C0FF6CC186DA9D5FC95BB09B1301004B016E707FDFED306A1BE8FA208828F00BF342186839839F1F6FA338DC5A0200FF383DE92614
310
C03A4508DA18F4D85F9354F7E867AA77A42FF49BBE6757A1A7454448D0BFC3C220714FE43A3D8F1547BE10F0BC5A05985AC3C28829A06FE24CD062700601F4AF12AF99099B08E7071DC4626A97C920C3FF96E190C9D1FD7CB6163E800D79E5F3F10A9306C02B799E80F1AB380E0571A584C0370A220C3125000B500900D96F
310
EA40409F980E2083E4EDF4D8D2480AE5667222E020BCDAD4EF19682120818FE18EC7FD6AAD67C03F7DF1955E697456F517AC4F24700C30171C67E9168B109A4F60AFA60F98BE30941BF776DBC7C70792A2FBE98AAA97224F8BEA39B47BFD14A8CD03320DA2B676E3AA397E652E30A42CE2987B7DA1EF7F75242413800A04C0
310
270C62A13372400B435ACD84B8B5009208F5AC73EB149FFF3508E21C2201E0338BE07E50EB47E7FF6D97724A601028C5519073E7978EC88834410450E074DD58AD13A4900103A6444A9CB99103229F0EF8C0C78161EBC68137240734CDCFC349807851E0EB46CE864D2E405ED341B71A390CF2DE20CF5193189E1901E866D0
310
230409684B193D17E2928534D04240937D3C84477494FC5E0FE0B448E35AFC19007926C1C6A6E622FDB8A12E30993C6710E070397C4B26304C0AE38218D19F01FFB15BAE1C0E7E74DF75F2406E373C414E848FF8E500EFAF3C1029C9C0ADAB2313A7426CA9B2C1B9E30032C84EF31A09A88A386F136E8C2F1D582EA0459207
310
015F10F1F001F0B1B7DF7222011EA2001F00BFD36BAEE0850928B08C077030FE3806C880EAA74BCE0863A952812E6008B3A89199C1EE918AF96AF583F1A073B0A355B9D861AF1460DCFB3BFC6B7EFDC834B09700CBED3510E48DC7129041C991F06BA5006CA6B5B34EE21501374E8DFC910042036111EC9C7CFA1C05D48A72
310
70F7F835BF04A4194DA4CF76CEC66718C84CD020D04C412AC848F03E3C61A1C8D50D0EA6838A00376054D3DF61A0E393E1F8B058A6C994093476D601A4A06F0CFD3C0A6BFA910E75CC10400A80FDA93AC9B5EA4303F6C0D188B559086091CC5910137772E14F2376D03181B5CFE74C0EA38440D0AC256D6C4D104CE05302FC
310
C00B60B9CD4D71E08BD40C144A025E60D4C1F45FE846A2105D717EEA84808A5DD90A168E133640311CF05DD870768683F5D2F1800F485AEBE5CABD8FFA3C0BEB33702493AEB551B1EB035EF5C8E5757FA7832141F88E8578A363802B560007AF93D7D470B478C4D00B412D634C9140C4F9275C00DCE8DFE3C7F8C0AFBC5B2C
310
E82E3C3BDF393D4375D50C43CD1C17E3777CD2C170725B7B42B41DF15BFC344DAD089C1E9118522B4A2C60B794E4E8F33081BB7C8CFCEEA0B2015E49D586429C6C78646180B7710E06018A3082243C275F077FBE412C17DE80D3E6B9462C5204C5D980D1DF84A864401C483CD01B143F4A4868087A0F780F37230200A4FBF6
310
AED325114C367C22512750A5C7C3E32D545CE20A0904183BA10015DCAD89864B3E1EE97EBAE8B204266A48E010511838E2FE413FB116E60880C2D8440AC3880DDA6DF6618C138CF1CB2A09637E18D00F80CB0DC05322E31EADB8081C29410903F06BFCDF5AB46024E4A75828056440503C707856EF0C037623DD4922A400E8
310
A6BD75E4D2800905F18450A00CEE88860C8964C7B3F90F56528BA18F71CFBBBCD2D05797E168FC37DB26DBE0DD2EAEF39686C18440820013C1444055402A541400DD362A0A402F1FE51246404E098249FEE30708C10CA0B54601053159480C00BAA9B1223A773234FE72FD5C3BD81804D8D196FE3D5315A0C981D88D04FA01
310
DFC185CA93F9120E1F480B08063364A0A318F08DF95056E4C91F1150D31B011200383502E079EE43CC18603AE2F88FD139C802A739F208E88D06DC78267C448C27C4113C19B0F51B0E9C1C021CF8F9167C6B1F2E10E461002910105D1042792D1CA303F469714C018C23D72179E165049C40E801CB96CF334562E5807291D1
310
E0C70FE6CAD91656715F0E5C5E70F8D7F83290549B1BAA6F781D25180EBCA93EC84E72A74081CE3020789B3790E1A9E478E658C099BECFF01E530E80EC5FE31204ACFF70AF8177A03059240CD074978A002A878BF883FEEC81DD684E406CA630ACFDE87292822A11953710F000885D6F68A67ED40CD772B0828359B753F7CE
310
23D9479AB9845771B389D6A77130F8C134EFC83947392029B10E4425440A84AF0E54825228FC1634D369874739C837A9DDC83C20D320C36042610ECDFA750303710224D01202488012CA847424F8D53F78AB6BECE9B3B35A7F32396AC6B7444566327DBB4DF06FD9616744F4D3A397EB3B0A3FBA8D763702883ED742FE5CD2
310
4146D8E353ACCF811C806AE09914D8446E93840FF4D6C963FF32BFB6AB015D1D3B0C9A0968776F021F21404B6260CF84A14F35180CE20B5E85BDA2EC91FD5A7DBA7E5705F4F0F97AF26CE18E3BA078138202400A62930FA6CC7882F911A92F33E547E64990B0F27323D73B6222863F86425153FA8009361C675554C25382CE
310
148420C8DCC47A20122806CA178A0918C14CBD33440289078A00EC6070184CA9907FD0A1270478E0B325B67C2193694EDB7DD0F3C238447C8A11485562FB4902134E6AC952FD5320A4F7C780882DA9684285CD81D278C0E8FF8DEC9F45D22DC3C2CA99C2728110888799575B6834BF22B0F01EDE72D7F21B672C40F0A97299
310
9E2200B7C91403F9BB3D09C01990819238CBAE5E7510D7D57450507E3DB04AAA0A3C280064E0775380C8C16EEA4834346A04BF0CE847B4B3AF760D06D24BBB267C32E2C9257DE5EB748AD101AF1FD33265E2B674EED8C01A0AC901392211011AC810560F77778E85B13BAFE3E25C95B70919A4862C15928BD8989664AD8638
310
101D009A80F00BDC41AF27602A4BDA0C077E550048E7F1011410F01405045E1C140B4D0E70E0F6E034171C3D6FD12004FCC1FA304312518910356628A4A326EC9ADF5DFFD1B2C0399503F14B4F8E3E0E4E39A06ABCB56A8014687E86E462BDDE5124615ECDB412B7314F62E6E0C76ADEC0F717B360E741960104CF1706CFA1
310
8E0605004B01AE007869B095ED92144A807841EFF2811C047889A04901C809062057192688C92346F97F279449F89B113500BAD282D1DA80A55C27EFFE02C8D4F395003F285B617BBF0831F49B055342DDDD414378E8888E92C16789F269A27C9A221FAA4A0DFDDB9F935B2ECC04DC51481558A69301E0460B02665AC4DD30
310
C03D480866C3409400051811876014C0F294C542821AB045011A3E3F09001FF304E3A0BED05CC11A811B865001769507FC01ADC611F400CF68C7B093606E30F3C7E0F00C1D10C31951C1E2D7252181DA00345842A19130715C736EC9ECE686A712FDB31E4D3E50AB336E5666D7B212C0113C4A4406029709B43D0228F3FBAF
310
49921B19CA0C82A2D5BC4A2079809240F37D3E10F9637607C3983F0458508A98B8B4EFC92AC13530180CF55359500080061DF59B98BB3FEACEE881DC8127F182A885A86FB12B43C590A4380504E32305E3148BBEEB2D2782029765428092545BA5C2C681FC5F8E869C0EE1034A822FF09A12C94084505AA868080303473F81
310
61F7AA0A6610745E280BE4427FB770106F8800EADABA19F453210435BDB2348471B13B65F2FCB554827632C4C44467333E4127095D22092ED492009930413251B5408345065065E415266E20279A40B3F520370BE2050C8360E6BB4601C1673B9BFE007EF5200B6483CD195400A783E6DEA0653515B0FCE8E86D1618FC1EFC
310
15C2E727F24F2A2DAB57326D8D0877D4E298894E7A0C3C7D9CE8A0E2D17AA2020FA1097D6372F2A9F955060FDD467AD0426368C24A8340FD0D6687A76316DEF5179ED9042005A2BF02A5DD810A4DEFA4A8F700EFC50FF4FB8C06410F0303C106ADF8852ACC6A2CA9046E9ED070739339857222CC009E206479886EA26227BF
310
7A341A15C351A8404A6C10080A2140FA4B4E8D9B9A11645899332363FD69887F436A660566964250FD752E787B64BCF8E6C8190DF8EA0C854C062D8A5A1346F810414313E606ECA0AC3A01D6928544029D5F42E202C0CB386F880F7842A31287061F32F3CBE09F2950783394F2F2B23D85386C6F51943E99DD10C8A0000BA9
310
569A14805693274BD0E4F4DC3F28E331EEA91C4F33ABE057889BFB92819187840A08E57A276A8BFCB75B0342668C70C565C8059996D209C2800941A21FB82B2F520BC2E6FE6F1A8827043DE17000DACC8193E78BBB8DF1467978C06F6AFE986123E3A95272CAC122046F4C65C4B88FED2F1CD1D918F7CDBF8903BF1A90057D
310
42F4DC133AF804ACBB58446A0DB78806FC053FA1E45D0AF1112613CC0DD976C5E70AD3282F42725C0D02AC8588DE451B1C01ABF063E7748A3882F0DD484BB78D037F9812240EB88B6034C0AD53E5116D4C6D920C6A89F084E6D0598AD7EB6930CC7B293E27A666E5CDFE9A3FA52FEB3C97976FDAAE9A60008FCA6B33099CF9
310
880D35D419FC687D424378E3099441E110C5B3C6DC311E6653514A67A530D863326C4D8430E0C28024803B5B069B0E60C10EDB6DF087034171DF01F1F3404B27B1056D8C0E56E7CA6056E7798147BE4C2F01CED5987E413AC6A724876DE3F599E0601CE7B9CEF3BEB3671E12DCE8AF9631B8031D3F360B6955DC2342B2A0E4
310
632A00264C0DA002220CFEC3E10D9BADC8904D88DC51928593AA16C91DF6FFF82B3234404C7214D0F8608E0052283EFB2B0563F1D072936C4017706010BCF1B16CDE0C1FA9C777E44E1F5259B0C9BBC8794A82A6C182A3AF56B16921405351FDDC91B5BAAA617860E8D76C97C377FE701A4EB4378FA97C2C8E3CC8950886C6
310
FD93AF70A1F5F676B7ED16CBC56AF5D09110EEB8607CC08A795882358280DDB98AFFE7087C6EB593D62F041CDB4018935238E73F1098100D0C8769818F777057F64C703C6530E142FDF5C837AE1CF66C94C4887D3A3726AB990DEA248F73B5D32C8E04F6714B1E67C53FC52040252E605B322407CBF8C7F05453462A295ABF
310
4D95592DDD76AC23512E9A2DF964715C80DD752CA8E263AC36F02C3C28A133EB22AC8D099BDEFDE28C3E8FFEE3815D5D00C17C00511058354D62443C1A546280E43572A9C661A34FA5891F8E7570608C8DF21DF51DF9D2A84D4501F41B8CD4F4C9DEB2F901E810C0E4CEB6EC08DFB06341C864CF8D0EEE779A606545E1E64A
310
AF30A4324C20FDD3BD558BD966BA994FA915CD162B1978642AD01694E533EC190368A68234657085B5F88E27A0805E04B8BB6A00A51646EE3C10A50FF007FF410F1963CA69BE2002F0F902E701AEC995FD41F83A3F0C3809A3288A083003A6CC2A20E6D703EE48E3777AC07ADD51EB6101603A9FCF17B3D5928F6D742EE7E4
310
CF38AE2B03C5FB39C81D7B2978FAFE85AF3D2710B0582C970F0FEB0E4D1103B8BE2B4D560CA10002FC8F334C891C07B44FE06B2E3ACE5E1E2D1FC32203110ABF9CA0E8381F68EC3C06701328E5A38278A5FCD944CEA5283DA933DF2A2448BD23F1C5D8BE04CC2DC3B43B3EEC29F8B5FF926D11D3E97EBF7FA1BD1E5E5F5FE6
310
D3D972F548547783146ECD84873F377C5820F7F9FCE5E07378D6CBCB7E036DF7F7104079A05B77C6942D1BA95D47424BFC3DB6411009A42E207871B7EE9B06614BBD20F22F7523FB985F3F7068E37600273A3ED0C1CCC380F6EC4AF01CC1CF95E4848B7BF950AD14C44F10460221E02D21D01DAE800F323704C00035DFE97C
310
B37F797D3D1C0E4FBF35EE1E5E9E0E879FBF3DF6F474780A01FB3DAF01FE0C0798218007C2090A3008BA7682A338F4A8804A06CBFE6A80CEC766F49853F15B2F45FCEA3F8250012841315016E75E797EFEEC4ACA6C79F515CF1738F7C36E2406071051043817C9E8C5888D49D0332E800062FF54FA562BF7446CC0BFDFBF86
310
03D1FEFCC9F7FFB5A7F000430755C2D3F72F2D02A022820897ABDD44594475BDCCA4A10AF34C06B08B4AB58BBFAE30999DC66C7CE903A83CF8EB006EEEAA063430F84B05F0ECF644825F5E95073870E72A0771AB89B080022A0C5A9FAF34C89286257FB7BEA000EC65B59750C68E0815B0D9834B15606328F80709DE09018A
310
C2A7817F83F96DB3D562C10A0A31300230CD4200B87F85808BAF64D04600254047F9C14DE93464009E7F5AABB4FDD6D55142A2C0BF1541FCE19C20C899BF4F76AB54B84CB97F88F48ECC029FD253F0C70DF4816B9AC94BCBD653B1A283C4001A0337955E4AFED3FB790B6B1F5EA0B5514074103A38D84280EE0F5F9BE974EA
310
B2D16AB1EA969684B6E4166CA28264B300474C7308D20013B204A65F82970718D05678B3315D442E1C0A327E2F56556040C005D2FAB1326A68A07507C9E46A3648555A7080F5F50219A00E6222E3E0862CE95B5680930530742F1D041805E69B788161F015944D041182B861A2C17F3AF01CF5BFDF6C343F9171F5B004BF59
310
C016719164B888EA206A02AD05E8464D06B48E4381A0E9345FD171625AC22198F57C003BEA5510F81FF78D31C9B033D0030000000049454E44AE426082504B0304140006080800B95C055D51464CB48900000043010000360000006662782F33304232353645312D304339312D344542362D383739322D4437354133334446
310
433946362F6469726563746F72792E786D6C9D8F310EC2300C45AF127987122606C71DD918B841D4B851A43646695A717C52A85029031293A5A76FBF6FACEF7DA7264E43906840EF0FA03836E242F406C6DCEE4EA06AC22492573150D1F66C60C640E8938CB705396EEDD86DE9B5042FE27813D640EA63BB001C722AF6E55C
310
B61E4863F58284D5D3F53DD715CE1C3985E63FD7F1B7EBDD617E9F1E504B0304140006080800B95C055DC07B219C2B0700009F1B0000340000006662782F33304232353645312D304339312D344542362D383739322D4437354133334446433946362F6F626A656374732E786D6CDD59DB6EE33610FD15427D691F74F7255E
310
385EC47652188BEC2ED6D8A26F022DD30E1BDD404989D3AFEF90226551916D25DD058A2640ECD0D470E6CCCCE1CC78FAF11047E889B09CA6C9B5E15A8E814812A65B9AECAF8DB2D8995706FA38435396A645639F81121C936B832F1BB3E99EA5652697B66487CBA8BD7A37FF13E521498881C208E7F9B591870F24C6162E8B
310
744BF2476B8B0B6CED7707CBB5AA8DBAD83DC3D943EBA80C339214A02AAC2720456AE0EAFF8249F66C6AF30DDA36AFDF36FFCC365B18AE2B4A93BCC049F84AAB961CAF9F56BE3B58DE7AC389391C0C7C7330F25C737E375F9AEED87716A3C56272733B31D06CBA49D3A8764046922D78F1C598B9539B7F529B2F51E8D23B4C
310
93848412CDAE0D5B22E55292B731D1807585690D8754B63616FC9EC69FD8D60B144D250D6D659C7A6D466FBAF90B40C8FB4429CB098FF2BC60E06B897D950FCED4AE5635BFD01CC5B8208CE2084574C3300307C1D6CA419A189E2D5C14E298092F2A794D5D21B02FE7529796BB328A78FE1A33916901E4232972A119FD9BB0
310
A3F6CDD34027B0B6A44971258D2D5E32103199DA62B1FACCF7E48715906817E13D440B98C937F95E0BAF05E782D5D2987DBADB1CD69C1FBA0FCF589A1156F0C813C92CF34E79B0115A107C3D40A970D57D7744E51B40FF1990AF754153F01CA387C161A06C6738C977298BC13BC841A6037F1CC4DFBE7A37B5EB876708695C
310
790A5348DB1F84A96686767603D2D9F409823E65BE346E1DE20862FA9E263CCF21505094C212F0FD6E7330662B20535884A77004D6C3EFD4E66F11BC5472806F5A1EEAA2DF1E8E5209D3CEB3A3AF7E87986134AC5DA5D9780ADFE10FC1F766B9FEB42ED90E87E45E26F692EC68420BB84CBB15D240D752FEFBEAB3C8C857F6
310
68BB4238679F72E2E8F0CB5AFA0509C7802AFC1EAE5C2356EE29A47B14E184A4652ED7BB882A4CA394059B97A0CAE1CEB3FE5041501D06F9CD23A093CCE0760F19CD3828C64C9A5733A175C489F3A00CC07DE5D46083C3470E6F100263BD470F885ACCDA42CB380B709C9609A7EFD7E1DD36CDF21DF1E3BA13CF99785793E1
310
50063CE82E0E50F9A3C8A1569F9F14E3ECC4310BCD5F9237149055260D802FBB6C08A16A2A8B20CD70488BEE686899D153E52DDDEDCA1C68BD139896C696EF0E2B6CD45FCF43CE1B566BA5CE5B2B950A688CF724D8617E2776EAA7015A0B574EEA44721FA5794E13928B9AE615D7B550742CA08E2AD295D48EB0A579109302
310
BF2762C525D90A5846765100D557C1EBDFCBF1AA1494F7ED2989BCD64B9340D8FF12E438CEA2AAAEBB8481EBB54EE8C4952BCD8F7882F80C7011385B22CAF44BD26B2651F8F6923E79B7F813F030FCD3E151475028D6E156BDEC59D71ABA13FE730534341ABAFE685CBBE2125AEAB082D72D51099556F8123C13BA7FE84782
310
CAE567CFC949B40B6814957150DD210589A16CC345C97A65EC08D8A47D906486564A344EDAD1088AEADE342BEA1555B1C061A2603945B38D63C0289A405FD7CB9057567406B1F085E86179AB76D9FF6F97FAAF19B3D9DB3C9297E7946D3B35D54B0F55B5A9228313A6BC136BF70AC9B36933FD62D1EC5CC661A0844886AB3A
310
0B19218C3C513ECC105D5367CF913FE322042A5D8B57730E19B125DB631DA28993A3116306872A69AAB66D76474077FC02D18AB515A7D41826149833ED3D7F137DC3E06AA816735B564276B5BEE2579B05C398A31E67647DF97DDD92022BBD9FFECA3122CF2D097275C18BBF33A2BEAF8E356E4B82B4E8FBEACCE3C543196F
310
124CF9DDC8C3026FB30F1F45FF796D437361FBCEDC1B8E6E5DD3594C5C73703B1F9957E389672EC7C31BDF5FDE2D2677239B913C2D594872DBB39D40555B59B257815141D7A70B8149C4E57651C573DBC1FFE32E244A37F8542CFEBC26440BF9BE7D4327B76EDE56E4BBAFB8B5FBDE794B79FCA69B06F8435DD1FDEB813ADC
310
6517A2C1F753E85AE3C64EAAD57674B1A7A6241FFD7410BE6A2E05458C26E3ABF1C81D9BF3A13F300737370B73E2784373ECDC0E9CF98D3B9F8C6F6B24E4B5D297A2FF1374A4946D4CB160189BA711859938D9A23D49A19D80A6BF0755B198E4A24D80BB54DE886A20DFE3E9A76AA459E04DA49E0E1F30CC852379B99521CC
310
24A184BF36E43AFA05A6907C10286643D62370B8CC1C03958C5E1B10020505AAB636304D12B33B21BD352D04B7E164CF1B90EAA9FAFFE3631C1D8895A35DF59E3EB848CBB4E884CE3C13637AE814D5DDFE7ED3953A0817F0765316B531C785A3351204358FAF8C83A1DBA384F7008470DE2ED7127B34487A0DC6CFC64125D5
310
2C30DB8BE97603EF9BE5579B0FA6575F5016957BEECE7357A726C9E45776545633A02904863433C3BCA95D7CB0BFB214BEE189D11D852040BF1EAE46BFD98B348ED3A45AB26FE4F74468FD00DFFA6C6D3571831AC0F17C5B941072AA0E63A39C58789B3FC202B896513E9AAC20D602A0A6A74600288F705FC063DAFED51249
310
726E5483CD2A90C32346EA0812897F95C2D3A6B9A131FF835C00ADAA3169FD462D4C6D3EFE9FFD03504B0304140006080800B95C055D3C0D3495E1000000550100003C0000006662782F33304232353645312D304339312D344542362D383739322D4437354133334446433946362F7265736F75726365732F322F636E782E
310
786D6C4D90DD6A032110855F65117AB9EA6E491B826B5E2257BD09562756A2CEE24F69DFBE9A5AE8D50CE77C0C678E387F053F7D42CA0EE34616CAC90451A371D16EA496DB7C24D3598A8458FE61648A2AC046BA4CA4B009EB3E240337557D57BD8BF721F2AB8508C9E9EB1E2D99B457396F24EB0F088AAA5AD040BE53A38A
310
A20B4D90B1260DED447101C6099D40153044AE7C7D99F971E687CBB29C9E5F4F07FE265827A57847F48377B140C2FD69E51ADB1A5B222E5807A4A8C90DAABFD18CBF78B4C513ACD952E4925A07032BDF7BC35C5016D803F975A560FDC9361E0DB4D90B913F504B0304140006080800B95C055DFF15A4A45D00000080000000
310
3A0000006662782F33304232353645312D304339312D344542362D383739322D4437354133334446433946362F7265736F75726365732F636E782E786D6C4D8B3B0E80201005AF42B6F75B59F0390B113044D83508C6E30BC6C26AF226F3B8BA6360974DA7271430F523308B2B198F9B80925DB700539227A2FCCB80A18E56
310
40D320F996A81C9F32D6E9129A0D1EF74FCE750E6D57BC7165FBCA07504B0304140006080800B95C055DA17DBCCF4301000056050000300000006662782F33304232353645312D304339312D344542362D383739322D4437354133334446433946362F636E782E786D6CCD94C14E032110865F6543E271D9DD9A6AD3B034F1
310
E0137830DE5876BA6259D8C060ECDB0B95B61AD3E8A1497B23C347F2FF333FC3561FA32EDEC179654D4B1A5A93028CB4BD32434B02AECB0529569C396BF11B460A234668492A13CE0667C3944B3DAC45D0A9AA95D9E4A24074AA0B089E14520BEF5BE2E52B8C828A80B607BFA1BD40411BEAC0DBE024C4F7A846C8EFA50381
310
D0133EAB677765BD28EBF953D32C6FEF97F3FA855589E4ACB356675E190467A79B592D6D3C9A28A7665502380B4E652A7920FCA88D76CAB02ADE73E6A35E33640EB753E2A6492B293036AAB21201CB08811859F505735625C73F7C3F3E3C1F35C453AF1C48B46E7BB13634A7DA7090466322FED7851DF89779DBBD45CB979B
310
FB49C359D8D9ECEE93EB63747F2721E64998415FE30738483B7FFEE3624125AFD1F45ED9993C57BB1518079F3622FF04504B0304140006080800B95C055D8BD778167F000000A30000000B0000006662782F636E782E786D6C4D8C4D0E83201805AF42BE3D2D4845490053FFEE612A1A224263A5E9F12B8D8BAE5E327933B2
310
FAAC0EBDCDF6B2C12BA01702C8F84718AD9F15C47DC225A04ACB2D84FDEF06C80FAB51903068396F213E4F349A69882E5167FD724246EA2CE71DC5A41114DFBA9AE3B210196E8BFCCE58DB37A2E787714DCA31BFDEB129AFBF504B0304140006080800B95C055DA6D797065F0000008200000007000000636E782E786D6C4D
310
CB3B0E80201045D1AD90E9FD7516806B51190811670C8A61F982B1B0BAC9C97B72CA7B1037C6D3332918DA1E04D2CAC69353902EDB8C20262D23F3F59B81A079470595414B17391D1F19B4730A5583A7ED43BBE4025D9592775E5ADFFA01504B0304140006080800B95C055DECFD112DA800000026010000130000005B436F
310
6E74656E745F54797065735D2E786D6C7D4F4B0EC22010BD0A61DF525D18634ABB506FE00510A79458060253536F2FD89D5197F3FED3F68B9BD80362B21E25DFD40D6780DADF2C1AC9671AAA3D677DD75E9E0112CB5A4C928F44E12044D22338956A1F003333F8E814E5331A1194BE2B0362DB343BA13D122055543278D79E
310
6050F344ECBC6478EDCD76CE8EABAE5449AE4298AC56946789C28AAFBEABC53F3EAF09A84A1441B91F0101CD4780756578C173A578FFDDBD00504B0304140006080800B95C055D3DEE336E64000000790000001B0000006175746F6465736B2D64657369676E2D7061636B6167652E786D6C35CBC10E83200C00D05F21DCA5
310
6CA76D41FC96062B120735B69A7DBE268BB7777961F8D5AF396893C2ADB70FE7ADA196782C2DF776D7A97B5933C430F15651E5469C55D70F80A4992A3ADC954792C525AE70A1E4D6AD9816CC044FEFDF01FE3FDE907802504B0304140006080800B95C055DB5CC0EBFF40000008E0100003D0000006662782F333042323536
310
45312D304339312D344542362D383739322D4437354133334446433946362F7265736F75726365732F322F636F72652E786D6C8550CB6EC23010FC9568EF4EEC9094801C2302E50B7AEACDB24D6A41ECC88F8ACFC726A9D49E7ADAD5ECCCECEED0C363BA17DFCA796D4D0FA4C4502823ACD466EC21862BEAA03830EAAC0DBF
310
6850183EA91E320C8C8ECEC67985843541998C1A2BD50A72EF558042DC53D383175F6AE2258F2131FCAD9CB9B8F15195A45C788CC6A8E52AD532B9E9AB560ED8E5B83B77787B46040F1D6A2EA7061D87A1410D39BDB7B8C17557EF6895C58C063DFD6C174EF1A024B01AD76F087708B71F84EC37DB7D8B3F6995998CFAE0D2
310
CFEBD2FC5DA2D36A41FFB8C559FEEF16B5099B7A755B141E1849C7BD068C56399D545ED1A59A93644F504B0304140006080800B95C055D2451E7B8FA000000960100003B0000006662782F33304232353645312D304339312D344542362D383739322D4437354133334446433946362F7265736F75726365732F636F72652E
310
786D6C8550CB6E833010FC15B477834D484322E32824CD17F4D49B6536D44AB0911F553FBF76A0527BEA6957B333B3BBC38F5FD3A3F844E7B5351DB092428146D9419BB183186EA485E228B8B336FCA24161E4841D6418041F9D8DF30A296B029A8C1A3BE00A4AEF3140A11EA9E9C0AB0F9C642963480C7F2F67A9EE72C492
310
950B4FF018F5B04AF590DCF44DA303713DED2F2DDD5D08A37D4B9AEBB921A7BE6F48C3CEAF5BDAD0BAADF7BCCA62C1839E7EB62B8732E000A2A6F50BA12DA1DB37C60E9BDD614BDF79959982FBE0D2CFEBD2FC1D0887DE46A7D0F36A99FE718DF3F0BF6BD4266CEAD5755178102C1DF91C085EE594527946986A4E547C0350
310
4B0304140006080800B95C055D6FEE598AF2000000B1010000310000006662782F33304232353645312D304339312D344542362D383739322D4437354133334446433946362F636F72652E786D6C8D50CB6EC32010FC156BEFD860D7AF081335AF2FE8A9378489831283C5A3EAE71762576A6F392D9A9D616687EEBFE747F6
310
25AD53460F40720C99D4C28C4A4F03047F451D647B46AD31FE0F0D32CD6739408281D1C99AB06C9030DA4B9D506D46B981DC39E921138FF818C0899B9C79CE838F0C77CF172EEE7C9239C9571EA35ECDBF526125F7720456E2B241B843B8FE206457B5BB1A7FD22231190D418D9B951AA3BBBA2A698155F850D6CD99207CEC
310
097A3B1F1AD4B57D894E6DFD5E55A7CBB1BF34B44862469DB7F1E6ED9374DDABF255F82F7358C617322BEDAB72335C150E1889799E0B468B54601CCF76E34C65B31F504B0304140006080800B95C055D72DDD80954010000DD0200000C0000006662782F636F72652E786D6C8D52DB8E832014FC15C33B8AD66E6D8334BD6C
310
BF609FF68D22BAA40A06C1F4F317BCC4F561BB1B132473CE993933011F9F4D1DF45C7742C91CC4210201974C15425639B0A68419088E046BA5CC8F361048DAF01C7818105C6965DB09624A1A2E3D2A55C12790761D372060B5BBE4A0635FBCA121B5C675748FB0A5EC412B1EC6E1D847B0B5A2984645E1D84429B806E476DA
310
5F33B4BBC2189D3398DE2E293C9DCF294CE3CBFB16A528C9923D8EFC30C14634B33AD39C1A5E0092A0E40DA20CA2ED471C1F36BBC3167DE2C87712DC19ED3C4FA2DE1D20E5FD89A3115FF1D9B6F89BCF0A6936C9C4374E7480C46EBDA14070E4F371BF21BC75864ED8E567E8BD9E2D3C1CD47366944E5DA5507629F5B4B6DC
310
51A360F87034561DF340F01B4FF282E735870B8ACACAAD468DBBDEADF1EAEB9D5AAE616F9E8154BAA1F5B2DCB8E2722E422B4BF33853B5D2FF999EADCE6146FE61926F504B0304140006080800B95C055D34EE764D08010000B201000008000000636F72652E786D6C8D50416EC32010FC0ADA3B363876E34498284E9A17F4
310
D41B35C441B1C1021CB5BF2FC4AED4DE7A5A3433BB330C3B7C8E037A28E7B5350DD08C0052A6B3529BBE81395C710DE8C099B336FC92013262540D241838EB9D9DA715EAAC09CA24D458A9565078AF02A06E888F067C7753A3C8C41CA2C2DFB3497477D1AB8C668B8EB3A0C79FD5CE291194045E90E205931A93EA8DD2FD66
310
BBAFC83BCB9392B379D672B5D232BAEBAB560EF8E5B83BD7647BC694B4352E2FA7121FDBB6C4253DBD56A424455DEC589E9639F3C1C53FAF4762CE80BC78245F962F14671FD60EAB208692C89AE10B38617922FE849E27F98FD0DA844DB11E5C363C701A033D89689C1A8CE3596F9CA96DFE0D504B01021400140006080800
310
B95C055D0000000000000000000000003700000000000000000000000000000000006662782F33304232353645312D304339312D344542362D383739322D4437354133334446433946362F617474726962757465732E62696E504B01021400140006080800B95C055D00000000000000000000000035000000000000000000
310
00000000550000006662782F33304232353645312D304339312D344542362D383739322D4437354133334446433946362F76657274696365732E62696E504B01021400140006080800B95C055DF270F13306000000040000003600000000000000000000000000A80000006662782F33304232353645312D304339312D3445
310
42362D383739322D4437354133334446433946362F747269616E676C65732E62696E504B01021400140006080800B95C055DB5A795FFE3790000DE7900004200000000000000000000000000020100006662782F33304232353645312D304339312D344542362D383739322D4437354133334446433946362F7265736F7572
310
6365732F322F305F67656E657269632E706E67504B01021400140006080800B95C055D51464CB489000000430100003600000000000000000000000000457B00006662782F33304232353645312D304339312D344542362D383739322D4437354133334446433946362F6469726563746F72792E786D6C504B010214001400
310
06080800B95C055DC07B219C2B0700009F1B00003400000000000000000000000000227C00006662782F33304232353645312D304339312D344542362D383739322D4437354133334446433946362F6F626A656374732E786D6C504B01021400140006080800B95C055D3C0D3495E1000000550100003C0000000000000000
310
00000000009F8300006662782F33304232353645312D304339312D344542362D383739322D4437354133334446433946362F7265736F75726365732F322F636E782E786D6C504B01021400140006080800B95C055DFF15A4A45D000000800000003A00000000000000000000000000DA8400006662782F3330423235364531
310
2D304339312D344542362D383739322D4437354133334446433946362F7265736F75726365732F636E782E786D6C504B01021400140006080800B95C055DA17DBCCF430100005605000030000000000000000000000000008F8500006662782F33304232353645312D304339312D344542362D383739322D44373541333344
310
46433946362F636E782E786D6C504B01021400140006080800B95C055D8BD778167F000000A30000000B00000000000000000000000000208700006662782F636E782E786D6C504B01021400140006080800B95C055DA6D797065F000000820000000700000000000000000000000000C8870000636E782E786D6C504B0102
310
1400140006080800B95C055DECFD112DA80000002601000013000000000000000000000000004C8800005B436F6E74656E745F54797065735D2E786D6C504B01021400140006080800B95C055D3DEE336E64000000790000001B00000000000000000000000000258900006175746F6465736B2D64657369676E2D7061636B
310
6167652E786D6C504B01021400140006080800B95C055DB5CC0EBFF40000008E0100003D00000000000000000000000000C28900006662782F33304232353645312D304339312D344542362D383739322D4437354133334446433946362F7265736F75726365732F322F636F72652E786D6C504B01021400140006080800B9
310
5C055D2451E7B8FA000000960100003B00000000000000000000000000118B00006662782F33304232353645312D304339312D344542362D383739322D4437354133334446433946362F7265736F75726365732F636F72652E786D6C504B01021400140006080800B95C055D6FEE598AF2000000B101000031000000000000
310
00000000000000648C00006662782F33304232353645312D304339312D344542362D383739322D4437354133334446433946362F636F72652E786D6C504B01021400140006080800B95C055D72DDD80954010000DD0200000C00000000000000000000000000A58D00006662782F636F72652E786D6C504B01021400140006
310
080800B95C055D34EE764D08010000B20100000800000000000000000000000000238F0000636F72652E786D6C504B050600000000120012002D060000519000000000
  0
CELLSTYLEMAP
  5
AC4
102
{ACAD_REACTORS
330
AC3
102
}
330
AC3
100
AcDbCellStyleMap
 90
        3
300
CELLSTYLE
  1
TABLEFORMAT_BEGIN
 90
        5
170
     1
 91
        0
 92
    32768
 62
   257
 93
        1
300
CONTENTFORMAT
  1
CONTENTFORMAT_BEGIN
 90
        0
 91
        0
 92
      512
 93
        0
300

 40
0.0
140
1.0
 94
        5
 62
     0
340
29
144
6.0
309
CONTENTFORMAT_END
171
     1
301
MARGIN
  1
CELLMARGIN_BEGIN
 40
1.5
 40
1.5
 40
1.5
 40
1.5
 40
4.5
 40
4.5
309
CELLMARGIN_END
 94
        6
 95
        1
302
GRIDFORMAT
  1
GRIDFORMAT_BEGIN
 90
        0
 91
        1
 62
     0
 92
       -2
340
0
 93
        0
 40
1.125
309
GRIDFORMAT_END
 95
        2
302
GRIDFORMAT
  1
GRIDFORMAT_BEGIN
 90
        0
 91
        1
 62
     0
 92
       -2
340
0
 93
        0
 40
1.125
309
GRIDFORMAT_END
 95
        4
302
GRIDFORMAT
  1
GRIDFORMAT_BEGIN
 90
        0
 91
        1
 62
     0
 92
       -2
340
0
 93
        0
 40
1.125
309
GRIDFORMAT_END
 95
        8
302
GRIDFORMAT
  1
GRIDFORMAT_BEGIN
 90
        0
 91
        1
 62
     0
 92
       -2
340
0
 93
        0
 40
1.125
309
GRIDFORMAT_END
 95
       16
302
GRIDFORMAT
  1
GRIDFORMAT_BEGIN
 90
        0
 91
        1
 62
     0
 92
       -2
340
0
 93
        0
 40
1.125
309
GRIDFORMAT_END
 95
       32
302
GRIDFORMAT
  1
GRIDFORMAT_BEGIN
 90
        0
 91
        1
 62
     0
 92
       -2
340
0
 93
        0
 40
1.125
309
GRIDFORMAT_END
309
TABLEFORMAT_END
  1
CELLSTYLE_BEGIN
 90
        1
 91
        1
300
_TITLE
309
CELLSTYLE_END
300
CELLSTYLE
  1
TABLEFORMAT_BEGIN
 90
        5
170
     1
 91
        0
 92
        0
 62
   257
 93
        1
300
CONTENTFORMAT
  1
CONTENTFORMAT_BEGIN
 90
        0
 91
        0
 92
      512
 93
        0
300

 40
0.0
140
1.0
 94
        5
 62
     0
340
29
144
4.5
309
CONTENTFORMAT_END
171
     1
301
MARGIN
  1
CELLMARGIN_BEGIN
 40
1.5
 40
1.5
 40
1.5
 40
1.5
 40
4.5
 40
4.5
309
CELLMARGIN_END
 94
        6
 95
        1
302
GRIDFORMAT
  1
GRIDFORMAT_BEGIN
 90
        0
 91
        1
 62
     0
 92
       -2
340
0
 93
        0
 40
1.125
309
GRIDFORMAT_END
 95
        2
302
GRIDFORMAT
  1
GRIDFORMAT_BEGIN
 90
        0
 91
        1
 62
     0
 92
       -2
340
0
 93
        0
 40
1.125
309
GRIDFORMAT_END
 95
        4
302
GRIDFORMAT
  1
GRIDFORMAT_BEGIN
 90
        0
 91
        1
 62
     0
 92
       -2
340
0
 93
        0
 40
1.125
309
GRIDFORMAT_END
 95
        8
302
GRIDFORMAT
  1
GRIDFORMAT_BEGIN
 90
        0
 91
        1
 62
     0
 92
       -2
340
0
 93
        0
 40
1.125
309
GRIDFORMAT_END
 95
       16
302
GRIDFORMAT
  1
GRIDFORMAT_BEGIN
 90
        0
 91
        1
 62
     0
 92
       -2
340
0
 93
        0
 40
1.125
309
GRIDFORMAT_END
 95
       32
302
GRIDFORMAT
  1
GRIDFORMAT_BEGIN
 90
        0
 91
        1
 62
     0
 92
       -2
340
0
 93
        0
 40
1.125
309
GRIDFORMAT_END
309
TABLEFORMAT_END
  1
CELLSTYLE_BEGIN
 90
        2
 91
        1
300
_HEADER
309
CELLSTYLE_END
300
CELLSTYLE
  1
TABLEFORMAT_BEGIN
 90
        5
170
     1
 91
        0
 92
        0
 62
   257
 93
        1
300
CONTENTFORMAT
  1
CONTENTFORMAT_BEGIN
 90
        0
 91
        0
 92
      512
 93
        0
300

 40
0.0
140
1.0
 94
        2
 62
     0
340
29
144
4.5
309
CONTENTFORMAT_END
171
     1
301
MARGIN
  1
CELLMARGIN_BEGIN
 40
1.5
 40
1.5
 40
1.5
 40
1.5
 40
4.5
 40
4.5
309
CELLMARGIN_END
 94
        6
 95
        1
302
GRIDFORMAT
  1
GRIDFORMAT_BEGIN
 90
        0
 91
        1
 62
     0
 92
       -2
340
0
 93
        0
 40
1.125
309
GRIDFORMAT_END
 95
        2
302
GRIDFORMAT
  1
GRIDFORMAT_BEGIN
 90
        0
 91
        1
 62
     0
 92
       -2
340
0
 93
        0
 40
1.125
309
GRIDFORMAT_END
 95
        4
302
GRIDFORMAT
  1
GRIDFORMAT_BEGIN
 90
        0
 91
        1
 62
     0
 92
       -2
340
0
 93
        0
 40
1.125
309
GRIDFORMAT_END
 95
        8
302
GRIDFORMAT
  1
GRIDFORMAT_BEGIN
 90
        0
 91
        1
 62
     0
 92
       -2
340
0
 93
        0
 40
1.125
309
GRIDFORMAT_END
 95
       16
302
GRIDFORMAT
  1
GRIDFORMAT_BEGIN
 90
        0
 91
        1
 62
     0
 92
       -2
340
0
 93
        0
 40
1.125
309
GRIDFORMAT_END
 95
       32
302
GRIDFORMAT
  1
GRIDFORMAT_BEGIN
 90
        0
 91
        1
 62
     0
 92
       -2
340
0
 93
        0
 40
1.125
309
GRIDFORMAT_END
309
TABLEFORMAT_END
  1
CELLSTYLE_BEGIN
 90
        3
 91
        2
300
_DATA
309
CELLSTYLE_END
  0
ENDSEC
  0
EOF
