  0
SECTION
  2
HEADER
  9
$ACADVER
  1
AC1027
  9
$ACADMAINTVER
 70
105
  9
$DWGCODEPAGE
  3
ANSI_1252
  9
$LASTSAVEDBY
  1
ezdxf
  9
$REQUIREDVERSIONS
160
0
  9
$INSBASE
 10
0.0
 20
0.0
 30
0.0
  9
$EXTMIN
 10
1e+20
 20
1e+20
 30
1e+20
  9
$EXTMAX
 10
-1e+20
 20
-1e+20
 30
-1e+20
  9
$LIMMIN
 10
0.0
 20
0.0
  9
$LIMMAX
 10
420.0
 20
297.0
  9
$ORTHOMODE
 70
0
  9
$REGENMODE
 70
1
  9
$FILLMODE
 70
1
  9
$QTEXTMODE
 70
0
  9
$MIRRTEXT
 70
1
  9
$LTSCALE
 40
1.0
  9
$ATTMODE
 70
1
  9
$TEXTSIZE
 40
2.5
  9
$TRACEWID
 40
1.0
  9
$TEXTSTYLE
  7
Standard
  9
$CLAYER
  8
0
  9
$CELTYPE
  6
ByLayer
  9
$CECOLOR
 62
256
  9
$CELTSCALE
 40
1.0
  9
$DISPSILH
 70
0
  9
$DIMSCALE
 40
1.0
  9
$DIMASZ
 40
2.5
  9
$DIMEXO
 40
0.625
  9
$DIMDLI
 40
3.75
  9
$DIMRND
 40
0.0
  9
$DIMDLE
 40
0.0
  9
$DIMEXE
 40
1.25
  9
$DIMTP
 40
0.0
  9
$DIMTM
 40
0.0
  9
$DIMTXT
 40
2.5
  9
$DIMCEN
 40
2.5
  9
$DIMTSZ
 40
0.0
  9
$DIMTOL
 70
0
  9
$DIMLIM
 70
0
  9
$DIMTIH
 70
0
  9
$DIMTOH
 70
0
  9
$DIMSE1
 70
0
  9
$DIMSE2
 70
0
  9
$DIMTAD
 70
1
  9
$DIMZIN
 70
8
  9
$DIMBLK
  1

  9
$DIMASO
 70
1
  9
$DIMSHO
 70
1
  9
$DIMPOST
  1

  9
$DIMAPOST
  1

  9
$DIMALT
 70
0
  9
$DIMALTD
 70
3
  9
$DIMALTF
 40
0.03937007874
  9
$DIMLFAC
 40
1.0
  9
$DIMTOFL
 70
1
  9
$DIMTVP
 40
0.0
  9
$DIMTIX
 70
0
  9
$DIMSOXD
 70
0
  9
$DIMSAH
 70
0
  9
$DIMBLK1
  1

  9
$DIMBLK2
  1

  9
$DIMSTYLE
  2
ISO-25
  9
$DIMCLRD
 70
0
  9
$DIMCLRE
 70
0
  9
$DIMCLRT
 70
0
  9
$DIMTFAC
 40
1.0
  9
$DIMGAP
 40
0.625
  9
$DIMJUST
 70
0
  9
$DIMSD1
 70
0
  9
$DIMSD2
 70
0
  9
$DIMTOLJ
 70
0
  9
$DIMTZIN
 70
8
  9
$DIMALTZ
 70
0
  9
$DIMALTTZ
 70
0
  9
$DIMUPT
 70
0
  9
$DIMDEC
 70
2
  9
$DIMTDEC
 70
2
  9
$DIMALTU
 70
2
  9
$DIMALTTD
 70
3
  9
$DIMTXSTY
  7
Standard
  9
$DIMAUNIT
 70
0
  9
$DIMADEC
 70
0
  9
$DIMALTRND
 40
0.0
  9
$DIMAZIN
 70
0
  9
$DIMDSEP
 70
44
  9
$DIMATFIT
 70
3
  9
$DIMFRAC
 70
0
  9
$DIMLDRBLK
  1

  9
$DIMLUNIT
 70
2
  9
$DIMLWD
 70
-2
  9
$DIMLWE
 70
-2
  9
$DIMTMOVE
 70
0
  9
$DIMFXL
 40
1.0
  9
$DIMFXLON
 70
0
  9
$DIMJOGANG
 40
0.785398163397
  9
$DIMTFILL
 70
0
  9
$DIMTFILLCLR
 70
0
  9
$DIMARCSYM
 70
0
  9
$DIMLTYPE
  6

  9
$DIMLTEX1
  6

  9
$DIMLTEX2
  6

  9
$DIMTXTDIRECTION
 70
0
  9
$LUNITS
 70
2
  9
$LUPREC
 70
4
  9
$SKETCHINC
 40
1.0
  9
$FILLETRAD
 40
10.0
  9
$AUNITS
 70
0
  9
$AUPREC
 70
2
  9
$MENU
  1
.
  9
$ELEVATION
 40
0.0
  9
$PELEVATION
 40
0.0
  9
$THICKNESS
 40
0.0
  9
$LIMCHECK
 70
0
  9
$CHAMFERA
 40
0.0
  9
$CHAMFERB
 40
0.0
  9
$CHAMFERC
 40
0.0
  9
$CHAMFERD
 40
0.0
  9
$SKPOLY
 70
0
  9
$TDCREATE
 40
2461255.6072569443
  9
$TDUCREATE
 40
2458532.153996898
  9
$TDUPDATE
 40
2461255.6072685183
  9
$TDUUPDATE
 40
2458532.1544311
  9
$TDINDWG
 40
0.0
  9
$TDUSRTIMER
 40
0.0
  9
$USRTIMER
 70
1
  9
$ANGBASE
 50
0.0
  9
$ANGDIR
 70
0
  9
$PDMODE
 70
0
  9
$PDSIZE
 40
0.0
  9
$PLINEWID
 40
0.0
  9
$SPLFRAME
 70
0
  9
$SPLINETYPE
 70
6
  9
$SPLINESEGS
 70
8
  9
$HANDSEED
  5
35F
  9
$SURFTAB1
 70
6
  9
$SURFTAB2
 70
6
  9
$SURFTYPE
 70
6
  9
$SURFU
 70
6
  9
$SURFV
 70
6
  9
$UCSBASE
  2

  9
$UCSNAME
  2

  9
$UCSORG
 10
0.0
 20
0.0
 30
0.0
  9
$UCSXDIR
 10
1.0
 20
0.0
 30
0.0
  9
$UCSYDIR
 10
0.0
 20
1.0
 30
0.0
  9
$UCSORTHOREF
  2

  9
$UCSORTHOVIEW
 70
0
  9
$UCSORGTOP
 10
0.0
 20
0.0
 30
0.0
  9
$UCSORGBOTTOM
 10
0.0
 20
0.0
 30
0.0
  9
$UCSORGLEFT
 10
0.0
 20
0.0
 30
0.0
  9
$UCSORGRIGHT
 10
0.0
 20
0.0
 30
0.0
  9
$UCSORGFRONT
 10
0.0
 20
0.0
 30
0.0
  9
$UCSORGBACK
 10
0.0
 20
0.0
 30
0.0
  9
$PUCSBASE
  2

  9
$PUCSNAME
  2

  9
$PUCSORG
 10
0.0
 20
0.0
 30
0.0
  9
$PUCSXDIR
 10
1.0
 20
0.0
 30
0.0
  9
$PUCSYDIR
 10
0.0
 20
1.0
 30
0.0
  9
$PUCSORTHOREF
  2

  9
$PUCSORTHOVIEW
 70
0
  9
$PUCSORGTOP
 10
0.0
 20
0.0
 30
0.0
  9
$PUCSORGBOTTOM
 10
0.0
 20
0.0
 30
0.0
  9
$PUCSORGLEFT
 10
0.0
 20
0.0
 30
0.0
  9
$PUCSORGRIGHT
 10
0.0
 20
0.0
 30
0.0
  9
$PUCSORGFRONT
 10
0.0
 20
0.0
 30
0.0
  9
$PUCSORGBACK
 10
0.0
 20
0.0
 30
0.0
  9
$USERI1
 70
0
  9
$USERI2
 70
0
  9
$USERI3
 70
0
  9
$USERI4
 70
0
  9
$USERI5
 70
0
  9
$USERR1
 40
0.0
  9
$USERR2
 40
0.0
  9
$USERR3
 40
0.0
  9
$USERR4
 40
0.0
  9
$USERR5
 40
0.0
  9
$WORLDVIEW
 70
1
  9
$SHADEDGE
 70
3
  9
$SHADEDIF
 70
70
  9
$TILEMODE
 70
1
  9
$MAXACTVP
 70
64
  9
$PINSBASE
 10
0.0
 20
0.0
 30
0.0
  9
$PLIMCHECK
 70
0
  9
$PEXTMIN
 10
1e+20
 20
1e+20
 30
1e+20
  9
$PEXTMAX
 10
-1e+20
 20
-1e+20
 30
-1e+20
  9
$PLIMMIN
 10
0.0
 20
0.0
  9
$PLIMMAX
 10
420.0
 20
297.0
  9
$UNITMODE
 70
0
  9
$VISRETAIN
 70
1
  9
$PLINEGEN
 70
0
  9
$PSLTSCALE
 70
1
  9
$TREEDEPTH
 70
3020
  9
$CMLSTYLE
  2
Standard
  9
$CMLJUST
 70
0
  9
$CMLSCALE
 40
20.0
  9
$PROXYGRAPHICS
 70
1
  9
$MEASUREMENT
 70
1
  9
$CELWEIGHT
370
-1
  9
$ENDCAPS
280
0
  9
$JOINSTYLE
280
0
  9
$LWDISPLAY
290
0
  9
$INSUNITS
 70
4
  9
$HYPERLINKBASE
  1

  9
$STYLESHEET
  1

  9
$XEDIT
290
1
  9
$CEPSNTYPE
380
0
  9
$PSTYLEMODE
290
1
  9
$FINGERPRINTGUID
  2
{A166E320-C24C-48FE-93E8-770087EB3E00}
  9
$VERSIONGUID
  2
{F15B77A6-30D0-443D-88DF-64F84A798A04}
  9
$EXTNAMES
290
1
  9
$PSVPSCALE
 40
0.0
  9
$OLESTARTUP
290
0
  9
$SORTENTS
280
127
  9
$INDEXCTL
280
0
  9
$HIDETEXT
280
1
  9
$XCLIPFRAME
280
1
  9
$HALOGAP
280
0
  9
$OBSCOLOR
 70
257
  9
$OBSLTYPE
280
0
  9
$INTERSECTIONDISPLAY
280
0
  9
$INTERSECTIONCOLOR
 70
257
  9
$DIMASSOC
280
2
  9
$PROJECTNAME
  1

  9
$CAMERADISPLAY
290
0
  9
$LENSLENGTH
 40
50.0
  9
$CAMERAHEIGHT
 40
0.0
  9
$STEPSPERSEC
 40
24.0
  9
$STEPSIZE
 40
100.0
  9
$3DDWFPREC
 40
2.0
  9
$PSOLWIDTH
 40
0.005
  9
$PSOLHEIGHT
 40
0.08
  9
$LOFTANG1
 40
1.570796326795
  9
$LOFTANG2
 40
1.570796326795
  9
$LOFTMAG1
 40
0.0
  9
$LOFTMAG2
 40
0.0
  9
$LOFTPARAM
 70
7
  9
$LOFTNORMALS
280
1
  9
$LATITUDE
 40
37.795
  9
$LONGITUDE
 40
-122.394
  9
$NORTHDIRECTION
 40
0.0
  9
$TIMEZONE
 70
-8000
  9
$LIGHTGLYPHDISPLAY
280
1
  9
$TILEMODELIGHTSYNCH
280
1
  9
$CMATERIAL
347
20
  9
$SOLIDHIST
280
0
  9
$SHOWHIST
280
1
  9
$DWFFRAME
280
2
  9
$DGNFRAME
280
2
  9
$REALWORLDSCALE
290
1
  9
$INTERFERECOLOR
 62
256
  9
$CSHADOW
280
0
  9
$SHADOWPLANELOCATION
 40
0.0
  0
ENDSEC
  0
SECTION
  2
CLASSES
  0
CLASS
  1
ACDBDICTIONARYWDFLT
  2
AcDbDictionaryWithDefault
  3
ObjectDBX Classes
 90
0
 91
0
280
0
281
0
  0
CLASS
  1
SUN
  2
AcDbSun
  3
SCENEOE
 90
1153
 91
0
280
0
281
0
  0
CLASS
  1
VISUALSTYLE
  2
AcDbVisualStyle
  3
ObjectDBX Classes
 90
4095
 91
0
280
0
281
0
  0
CLASS
  1
MATERIAL
  2
AcDbMaterial
  3
ObjectDBX Classes
 90
1153
 91
0
280
0
281
0
  0
CLASS
  1
SCALE
  2
AcDbScale
  3
ObjectDBX Classes
 90
1153
 91
0
280
0
281
0
  0
CLASS
  1
TABLESTYLE
  2
AcDbTableStyle
  3
ObjectDBX Classes
 90
4095
 91
0
280
0
281
0
  0
CLASS
  1
MLEADERSTYLE
  2
AcDbMLeaderStyle
  3
ACDB_MLEADERSTYLE_CLASS
 90
4095
 91
0
280
0
281
0
  0
CLASS
  1
DICTIONARYVAR
  2
AcDbDictionaryVar
  3
ObjectDBX Classes
 90
0
 91
0
280
0
281
0
  0
CLASS
  1
CELLSTYLEMAP
  2
AcDbCellStyleMap
  3
ObjectDBX Classes
 90
1152
 91
0
280
0
281
0
  0
CLASS
  1
MENTALRAYRENDERSETTINGS
  2
AcDbMentalRayRenderSettings
  3
SCENEOE
 90
1024
 91
0
280
0
281
0
  0
CLASS
  1
ACDBDETAILVIEWSTYLE
  2
AcDbDetailViewStyle
  3
ObjectDBX Classes
 90
1025
 91
0
280
0
281
0
  0
CLASS
  1
ACDBSECTIONVIEWSTYLE
  2
AcDbSectionViewStyle
  3
ObjectDBX Classes
 90
1025
 91
0
280
0
281
0
  0
CLASS
  1
RASTERVARIABLES
  2
AcDbRasterVariables
  3
ISM
 90
0
 91
0
280
0
281
0
  0
CLASS
  1
ACDBPLACEHOLDER
  2
AcDbPlaceHolder
  3
ObjectDBX Classes
 90
0
 91
0
280
0
281
0
  0
CLASS
  1
LAYOUT
  2
AcDbLayout
  3
ObjectDBX Classes
 90
0
 91
0
280
0
281
0
  0
ENDSEC
  0
SECTION
  2
TABLES
  0
TABLE
  2
VPORT
  5
8
330
0
100
AcDbSymbolTable
 70
1
  0
VPORT
  5
23
330
8
100
AcDbSymbolTableRecord
100
AcDbViewportTableRecord
  2
*Active
 70
0
 10
0.0
 20
0.0
 11
1.0
 21
1.0
 12
0.0
 22
0.0
 13
0.0
 23
0.0
 14
0.5
 24
0.5
 15
0.5
 25
0.5
 16
0.0
 26
0.0
 36
1.0
 17
0.0
 27
0.0
 37
0.0
 40
1000.0
 41
1.34
 42
50.0
 43
0.0
 44
0.0
 50
0.0
 51
0.0
 71
0
 72
1000
 73
1
 74
3
 75
0
 76
0
 77
0
 78
0
281
0
 65
0
146
0.0
  0
ENDTAB
  0
TABLE
  2
LTYPE
  5
2
330
0
100
AcDbSymbolTable
 70
3
  0
LTYPE
  5
24
330
2
100
AcDbSymbolTableRecord
100
AcDbLinetypeTableRecord
  2
ByBlock
 70
0
  3

 72
65
 73
0
 40
0.0
  0
LTYPE
  5
25
330
2
100
AcDbSymbolTableRecord
100
AcDbLinetypeTableRecord
  2
ByLayer
 70
0
  3

 72
65
 73
0
 40
0.0
  0
LTYPE
  5
26
330
2
100
AcDbSymbolTableRecord
100
AcDbLinetypeTableRecord
  2
Continuous
 70
0
  3

 72
65
 73
0
 40
0.0
  0
ENDTAB
  0
TABLE
  2
LAYER
  5
1
330
0
100
AcDbSymbolTable
 70
3
  0
LAYER
  5
27
330
1
100
AcDbSymbolTableRecord
100
AcDbLayerTableRecord
  2
0
 70
0
 62
7
  6
Continuous
370
-3
390
13
347
21
  0
LAYER
  5
28
330
1
100
AcDbSymbolTableRecord
100
AcDbLayerTableRecord
  2
Defpoints
 70
0
 62
7
  6
Continuous
290
0
370
-3
390
13
347
21
  0
LAYER
  5
2F
330
1
100
AcDbSymbolTableRecord
100
AcDbLayerTableRecord
  2
NESTED_RESULT
 70
0
 62
7
  6
Continuous
370
-3
390
13
347
21
  0
ENDTAB
  0
TABLE
  2
STYLE
  5
5
330
0
100
AcDbSymbolTable
 70
1
  0
STYLE
  5
29
330
5
100
AcDbSymbolTableRecord
100
AcDbTextStyleTableRecord
  2
Standard
 70
0
 40
0.0
 41
1.0
 50
0.0
 71
0
 42
2.5
  3
txt
  4

  0
ENDTAB
  0
TABLE
  2
VIEW
  5
7
330
0
100
AcDbSymbolTable
 70
0
  0
ENDTAB
  0
TABLE
  2
UCS
  5
6
330
0
100
AcDbSymbolTable
 70
0
  0
ENDTAB
  0
TABLE
  2
APPID
  5
3
330
0
100
AcDbSymbolTable
 70
3
  0
APPID
  5
2A
330
3
100
AcDbSymbolTableRecord
100
AcDbRegAppTableRecord
  2
ACAD
 70
0
  0
APPID
  5
35C
330
3
100
AcDbSymbolTableRecord
100
AcDbRegAppTableRecord
  2
HATCHBACKGROUNDCOLOR
 70
0
  0
APPID
  5
35D
330
3
100
AcDbSymbolTableRecord
100
AcDbRegAppTableRecord
  2
EZDXF
 70
0
  0
ENDTAB
  0
TABLE
  2
DIMSTYLE
  5
4
330
0
100
AcDbSymbolTable
 70
1
100
AcDbDimStyleTable
  0
DIMSTYLE
105
2B
330
4
100
AcDbSymbolTableRecord
100
AcDbDimStyleTableRecord
  2
Standard
 70
0
 40
1.0
 41
2.5
 42
0.625
 43
3.75
 44
1.25
 45
0.0
 46
0.0
 47
0.0
 48
0.0
 49
2.5
140
2.5
141
2.5
142
0.0
143
0.03937007874
144
1.0
145
0.0
146
1.0
147
0.625
148
0.0
 69
0
 70
0
 71
0
 72
0
 73
0
 74
0
 75
0
 76
0
 77
1
 78
8
 79
3
170
0
171
3
172
1
173
0
174
0
175
0
176
0
177
0
178
0
179
2
271
2
272
2
273
2
274
3
275
0
276
0
277
2
278
44
279
0
280
0
281
0
282
0
283
0
284
8
285
0
286
0
288
0
289
3
290
0
371
-2
372
-2
  0
ENDTAB
  0
TABLE
  2
BLOCK_RECORD
  5
9
330
0
100
AcDbSymbolTable
 70
2
  0
BLOCK_RECORD
  5
17
330
9
100
AcDbSymbolTableRecord
100
AcDbBlockTableRecord
  2
*Model_Space
340
1A
 70
0
280
1
281
0
  0
BLOCK_RECORD
  5
1B
330
9
100
AcDbSymbolTableRecord
100
AcDbBlockTableRecord
  2
*Paper_Space
340
1E
 70
0
280
1
281
0
  0
ENDTAB
  0
ENDSEC
  0
SECTION
  2
BLOCKS
  0
BLOCK
  5
18
330
17
100
AcDbEntity
  8
0
100
AcDbBlockBegin
  2
*Model_Space
 70
0
 10
0.0
 20
0.0
 30
0.0
  3
*Model_Space
  1

  0
ENDBLK
  5
19
330
17
100
AcDbEntity
  8
0
100
AcDbBlockEnd
  0
BLOCK
  5
1C
330
1B
100
AcDbEntity
  8
0
100
AcDbBlockBegin
  2
*Paper_Space
 70
0
 10
0.0
 20
0.0
 30
0.0
  3
*Paper_Space
  1

  0
ENDBLK
  5
1D
330
1B
100
AcDbEntity
  8
0
100
AcDbBlockEnd
  0
ENDSEC
  0
SECTION
  2
ENTITIES
  0
LWPOLYLINE
  5
30
330
17
100
AcDbEntity
  8
NESTED_RESULT
 62
1
100
AcDbPolyline
 90
5
 70
0
 10
0.0
 20
0.0
 10
3200.0
 20
0.0
 10
3200.0
 20
1800.0
 10
0.0
 20
1800.0
 10
0.0
 20
0.0
  0
TEXT
  5
31
330
17
100
AcDbEntity
  8
NESTED_RESULT
 62
1
100
AcDbText
 10
0.0
 20
1830.0
 30
0.0
 40
50.0
  1
Sheet_1
 11
0.0
 21
1830.0
 31
0.0
100
AcDbText
 73
1
  0
LWPOLYLINE
  5
32
330
17
100
AcDbEntity
  8
NESTED_RESULT
100
AcDbPolyline
 90
9
 70
0
 10
3.1749999999883585
 20
977.9000000000233
 10
1889.125
 20
977.9000000000233
 10
1892.2999999999884
 20
974.7250000000058
 10
1892.2999999999884
 20
3.1750000000174623
 10
1889.125
 20
0.0
 10
3.1749999999883585
 20
0.0
 10
0.0
 20
3.1750000000174623
 10
0.0
 20
974.7250000000058
 10
3.1749999999883585
 20
977.9000000000233
  0
TEXT
  5
33
330
17
100
AcDbEntity
  8
NESTED_RESULT
100
AcDbText
 10
946.1499999999942
 20
488.95000000001164
 30
0.0
 40
80.0
  1
522-C
 72
1
 11
946.1499999999942
 21
488.95000000001164
 31
0.0
100
AcDbText
 73
2
  0
LWPOLYLINE
  5
34
330
17
100
AcDbEntity
  8
NESTED_RESULT
100
AcDbPolyline
 90
9
 70
0
 10
1892.3000000001048
 20
1787.5249999999069
 10
1892.3000000001048
 20
3.1749999999883585
 10
1895.4750000000058
 20
0.0
 10
2866.825000000099
 20
0.0
 10
2870.0
 20
3.1749999999883585
 10
2870.0
 20
1787.5249999999069
 10
2866.825000000099
 20
1790.6999999998952
 10
1895.4750000000058
 20
1790.6999999998952
 10
1892.3000000001048
 20
1787.5249999999069
  0
TEXT
  5
35
330
17
100
AcDbEntity
  8
NESTED_RESULT
100
AcDbText
 10
2381.1500000000524
 20
895.3499999999476
 30
0.0
 40
80.0
  1
510-C
 72
1
 11
2381.1500000000524
 21
895.3499999999476
 31
0.0
100
AcDbText
 73
2
  0
LWPOLYLINE
  5
36
330
17
100
AcDbEntity
  8
NESTED_RESULT
100
AcDbPolyline
 90
7
 70
0
 10
0.0
 20
1628.7750000001106
 10
1819.2749999999942
 20
1628.7750000001106
 10
1819.2749999999942
 20
981.0750000000116
 10
1816.1000000000058
 20
977.9000000000233
 10
3.1750000000174623
 20
977.9000000000233
 10
0.0
 20
981.0750000000116
 10
0.0
 20
1628.7750000001106
  0
LWPOLYLINE
  5
37
330
17
100
AcDbEntity
  8
NESTED_RESULT
100
AcDbPolyline
 90
9
 70
0
 10
719.137000000017
 20
1479.5500000001048
 10
1354.137000000017
 20
1479.5500000001048
 10
1360.4870000000228
 20
1473.200000000128
 10
1360.4870000000228
 20
1092.200000000128
 10
1354.137000000017
 20
1085.8500000001222
 10
719.137000000017
 20
1085.8500000001222
 10
712.7870000000112
 20
1092.200000000128
 10
712.7870000000112
 20
1473.200000000128
 10
719.137000000017
 20
1479.5500000001048
  0
LWPOLYLINE
  5
38
330
17
100
AcDbEntity
  8
NESTED_RESULT
100
AcDbPolyline
 90
64
 70
0
 10
1054.0995000000112
 20
1535.1125000001048
 10
1054.0127249148209
 20
1536.851203521277
 10
1053.7532620690763
 20
1538.5726270257146
 10
1053.323690121062
 20
1540.259662233264
 10
1052.728278349794
 20
1541.8955426300527
 10
1051.972944224981
 20
1543.4640101017721
 10
1051.0651945965074
 20
1544.9494765140407
 10
1050.0140510879864
 20
1546.3371786342468
 10
1048.8299604358326
 20
1547.6133248553087
 10
1047.5246906649845
 20
1548.7652322626964
 10
1046.1112141327758
 20
1549.7814526831207
 10
1044.6035786040593
 20
1550.6518864614773
 10
1043.0167676380079
 20
1551.3678828357952
 10
1041.3665516749606
 20
1551.9223259124556
 10
1039.669331302517
 20
1552.3097053870733
 10
1037.9419742592727
 20
1552.5261713083892
 10
1036.201647795533
 20
1552.5695723407844
 10
1034.4656480576086
 20
1552.4394771453517
 10
1032.751228190813
 20
1552.1371786665695
 10
1031.0754268699966
 20
1551.6656812825531
 10
1029.4548989615869
 20
1551.0296709460963
 10
1027.9057500000054
 20
1550.2354686136823
 10
1026.4433761236141
 20
1549.290967424924
 10
1025.082311060978
 20
1548.2055542569433
 10
1023.8360816881759
 20
1546.9900164334395
 10
1022.7170735926484
 20
1545.6564345154038
 10
1021.7364079795079
 20
1544.218062239117
 10
1020.903831144271
 20
1542.6891947944532
 10
1020.2276176095475
 20
1541.0850267529313
 10
1019.7144878892286
 20
1539.4215010572807
 10
1019.3695416970586
 20
1537.7151505732036
 10
1019.196207263245
 20
1535.9829337784613
 10
1019.196207263245
 20
1534.2420662217482
 10
1019.3695416970586
 20
1532.509849427006
 10
1019.7144878892286
 20
1530.8034989429289
 10
1020.2276176095475
 20
1529.1399732472782
 10
1020.903831144271
 20
1527.5358052057563
 10
1021.7364079795079
 20
1526.0069377610926
 10
1022.7170735926484
 20
1524.5685654848057
 10
1023.8360816881759
 20
1523.23498356677
 10
1025.082311060978
 20
1522.0194457432663
 10
1026.4433761236141
 20
1520.9340325752855
 10
1027.9057500000054
 20
1519.9895313865272
 10
1029.4548989615869
 20
1519.1953290541132
 10
1031.0754268699966
 20
1518.5593187176564
 10
1032.751228190813
 20
1518.08782133364
 10
1034.4656480576086
 20
1517.7855228548578
 10
1036.201647795533
 20
1517.6554276594252
 10
1037.9419742592727
 20
1517.6988286918204
 10
1039.669331302517
 20
1517.9152946131362
 10
1041.3665516749606
 20
1518.302674087754
 10
1043.0167676380079
 20
1518.8571171644144
 10
1044.6035786040593
 20
1519.5731135387323
 10
1046.1112141327758
 20
1520.4435473170888
 10
1047.5246906649845
 20
1521.4597677375132
 10
1048.8299604358326
 20
1522.6116751449008
 10
1050.0140510879864
 20
1523.8878213659627
 10
1051.0651945965074
 20
1525.2755234861688
 10
1051.972944224981
 20
1526.7609898984374
 10
1052.728278349794
 20
1528.329457370157
 10
1053.323690121062
 20
1529.9653377669456
 10
1053.7532620690763
 20
1531.652372974495
 10
1054.0127249148209
 20
1533.3737964789325
 10
1054.0995000000112
 20
1535.1125000001048
  0
TEXT
  5
39
330
17
100
AcDbEntity
  8
NESTED_RESULT
100
AcDbText
 10
331.1204864501942
 20
1303.1154205322935
 30
0.0
 40
80.0
  1
509-A
 72
1
 11
331.1204864501942
 21
1303.1154205322935
 31
0.0
100
AcDbText
 73
2
  0
LWPOLYLINE
  5
3A
330
17
100
AcDbEntity
  8
NESTED_RESULT
 62
1
100
AcDbPolyline
 90
5
 70
0
 10
3400.0
 20
0.0
 10
6600.0
 20
0.0
 10
6600.0
 20
1800.0
 10
3400.0
 20
1800.0
 10
3400.0
 20
0.0
  0
TEXT
  5
3B
330
17
100
AcDbEntity
  8
NESTED_RESULT
 62
1
100
AcDbText
 10
3400.0
 20
1830.0
 30
0.0
 40
50.0
  1
Sheet_2
 11
3400.0
 21
1830.0
 31
0.0
100
AcDbText
 73
1
  0
LWPOLYLINE
  5
3C
330
17
100
AcDbEntity
  8
NESTED_RESULT
100
AcDbPolyline
 90
9
 70
0
 10
3403.1749999999884
 20
977.8999999999942
 10
5289.125
 20
977.8999999999942
 10
5292.299999999901
 20
974.7250000000931
 10
5292.299999999901
 20
3.1749999999883585
 10
5289.125
 20
0.0
 10
3403.1749999999884
 20
0.0
 10
3400.0
 20
3.1749999999883585
 10
3400.0
 20
974.7250000000931
 10
3403.1749999999884
 20
977.8999999999942
  0
TEXT
  5
3D
330
17
100
AcDbEntity
  8
NESTED_RESULT
100
AcDbText
 10
4346.1499999999505
 20
488.9499999999971
 30
0.0
 40
80.0
  1
423-C
 72
1
 11
4346.1499999999505
 21
488.9499999999971
 31
0.0
100
AcDbText
 73
2
  0
LWPOLYLINE
  5
3E
330
17
100
AcDbEntity
  8
NESTED_RESULT
100
AcDbPolyline
 90
9
 70
0
 10
6457.524999999907
 20
1629.0
 10
3400.0
 20
1629.0
 10
3400.0
 20
978.125
 10
5803.475000000006
 20
978.125
 10
5806.650000000009
 20
974.9499999999825
 10
5806.650000000009
 20
728.8869999999879
 10
5809.82499999991
 20
725.7119999999995
 10
6457.524999999907
 20
725.7119999999995
 10
6457.524999999907
 20
1629.0
  0
LWPOLYLINE
  5
3F
330
17
100
AcDbEntity
  8
NESTED_RESULT
100
AcDbPolyline
 90
9
 70
0
 10
4158.825000000012
 20
1479.7749999999942
 10
4793.825000000012
 20
1479.7749999999942
 10
4800.175000000003
 20
1473.4249999999884
 10
4800.175000000003
 20
1092.4249999999884
 10
4793.825000000012
 20
1086.0749999999825
 10
4158.825000000012
 20
1086.0749999999825
 10
4152.475000000006
 20
1092.4249999999884
 10
4152.475000000006
 20
1473.4249999999884
 10
4158.825000000012
 20
1479.7749999999942
  0
LWPOLYLINE
  5
40
330
17
100
AcDbEntity
  8
NESTED_RESULT
100
AcDbPolyline
 90
64
 70
0
 10
4493.787500000006
 20
1535.3374999999942
 10
4493.70072491483
 20
1537.0762035211665
 10
4493.441262069071
 20
1538.797627025604
 10
4493.011690121057
 20
1540.4846622331534
 10
4492.416278349803
 20
1542.120542629942
 10
4491.66094422499
 20
1543.6890101016616
 10
4490.753194596502
 20
1545.1744765139301
 10
4489.702051087981
 20
1546.5621786341362
 10
4488.517960435842
 20
1547.8383248551982
 10
4487.212690664965
 20
1548.9902322625858
 10
4485.79921413277
 20
1550.0064526830101
 10
4484.291578604039
 20
1550.8768864613667
 10
4482.704767638017
 20
1551.5928828356846
 10
4481.054551674955
 20
1552.147325912345
 10
4479.357331302526
 20
1552.5347053869627
 10
4477.629974259267
 20
1552.7511713082786
 10
4475.889647795542
 20
1552.7945723406738
 10
4474.153648057603
 20
1552.664477145241
 10
4472.439228190793
 20
1552.362178666459
 10
4470.763426869991
 20
1551.8906812824425
 10
4469.142898961596
 20
1551.2546709459857
 10
4467.593750000015
 20
1550.4604686135717
 10
4466.131376123609
 20
1549.5159674248134
 10
4464.770311060973
 20
1548.4305542568327
 10
4463.524081688185
 20
1547.2150164333289
 10
4462.4050735926285
 20
1545.8814345152932
 10
4461.424407979517
 20
1544.4430622390064
 10
4460.591831144266
 20
1542.9141947943426
 10
4459.915617609542
 20
1541.3100267528207
 10
4459.402487889238
 20
1539.64650105717
 10
4459.057541697053
 20
1537.940150573093
 10
4458.884207263225
 20
1536.2079337783507
 10
4458.884207263225
 20
1534.4670662216377
 10
4459.057541697053
 20
1532.7348494268954
 10
4459.402487889238
 20
1531.0284989428183
 10
4459.915617609542
 20
1529.3649732471677
 10
4460.591831144266
 20
1527.7608052056457
 10
4461.424407979517
 20
1526.231937760982
 10
4462.4050735926285
 20
1524.7935654846951
 10
4463.524081688185
 20
1523.4599835666595
 10
4464.770311060973
 20
1522.2444457431557
 10
4466.131376123609
 20
1521.159032575175
 10
4467.593750000015
 20
1520.2145313864166
 10
4469.142898961596
 20
1519.4203290540027
 10
4470.763426869991
 20
1518.7843187175458
 10
4472.439228190793
 20
1518.3128213335294
 10
4474.153648057603
 20
1518.0105228547473
 10
4475.889647795542
 20
1517.8804276593146
 10
4477.629974259267
 20
1517.9238286917098
 10
4479.357331302526
 20
1518.1402946130256
 10
4481.054551674955
 20
1518.5276740876434
 10
4482.704767638017
 20
1519.0821171643038
 10
4484.291578604039
 20
1519.7981135386217
 10
4485.79921413277
 20
1520.6685473169782
 10
4487.212690664965
 20
1521.6847677374026
 10
4488.517960435842
 20
1522.8366751447902
 10
4489.702051087981
 20
1524.1128213658521
 10
4490.753194596502
 20
1525.5005234860582
 10
4491.66094422499
 20
1526.9859898983268
 10
4492.416278349803
 20
1528.5544573700463
 10
4493.011690121057
 20
1530.190337766835
 10
4493.441262069071
 20
1531.8773729743843
 10
4493.70072491483
 20
1533.598796478822
 10
4493.787500000006
 20
1535.3374999999942
  0
TEXT
  5
41
330
17
100
AcDbEntity
  8
NESTED_RESULT
100
AcDbText
 10
6075.147758483805
 20
1246.9639605102518
 30
0.0
 40
80.0
  1
405-C
 72
1
 11
6075.147758483805
 21
1246.9639605102518
 31
0.0
100
AcDbText
 73
2
  0
LWPOLYLINE
  5
42
330
17
100
AcDbEntity
  8
NESTED_RESULT
100
AcDbPolyline
 90
7
 70
0
 10
5292.342090201797
 20
586.8597319170949
 10
6552.817090201803
 20
586.8597319170949
 10
6552.774999999907
 20
3.1749999999883585
 10
6549.599999999889
 20
0.0
 10
5295.474999999889
 20
0.0
 10
5292.299999999901
 20
3.1749999999883585
 10
5292.342090201797
 20
586.8597319170949
  0
LWPOLYLINE
  5
43
330
17
100
AcDbEntity
  8
NESTED_RESULT
100
AcDbPolyline
 90
9
 70
0
 10
5409.774999999907
 20
419.1000000000058
 10
5828.874999999796
 20
419.1000000000058
 10
5841.574999999895
 20
406.3999999999942
 10
5841.574999999895
 20
139.70000000001164
 10
5828.874999999796
 20
127.0
 10
5409.774999999907
 20
127.0
 10
5397.074999999895
 20
139.70000000001164
 10
5397.074999999895
 20
406.3999999999942
 10
5409.774999999907
 20
419.1000000000058
  0
LWPOLYLINE
  5
44
330
17
100
AcDbEntity
  8
NESTED_RESULT
100
AcDbPolyline
 90
64
 70
0
 10
5636.787499999773
 20
487.36249999998836
 10
5636.700724914583
 20
489.10120352116064
 10
5636.441262068838
 20
490.8226270255982
 10
5636.011690120824
 20
492.50966223314754
 10
5635.416278349556
 20
494.14554262993624
 10
5634.660944224743
 20
495.71401010165573
 10
5633.753194596269
 20
497.1994765139243
 10
5632.702051087748
 20
498.5871786341304
 10
5631.517960435594
 20
499.86332485519233
 10
5630.212690664746
 20
501.01523226257996
 10
5628.799214132538
 20
502.0314526830043
 10
5627.291578603821
 20
502.90188646136085
 10
5625.70476763777
 20
503.61788283567876
 10
5624.0545516747225
 20
504.17232591233915
 10
5622.357331302279
 20
504.5597053869569
 10
5620.6299742590345
 20
504.77617130827275
 10
5618.889647795295
 20
504.81957234066795
 10
5617.15364805737
 20
504.6894771452353
 10
5615.439228190575
 20
504.3871786664531
 10
5613.763426869758
 20
503.9156812824367
 10
5612.142898961349
 20
503.2796709459799
 10
5610.593749999767
 20
502.4854686135659
 10
5609.131376123376
 20
501.5409674248076
 10
5607.77031106074
 20
500.4555542568269
 10
5606.524081687938
 20
499.24001643332304
 10
5605.40507359241
 20
497.9064345152874
 10
5604.42440797927
 20
496.4680622390006
 10
5603.591831144033
 20
494.9391947943368
 10
5602.915617609309
 20
493.3350267528149
 10
5602.40248788899
 20
491.6715010571643
 10
5602.05754169682
 20
489.96515057308716
 10
5601.884207263007
 20
488.2329337783449
 10
5601.884207263007
 20
486.49206622163183
 10
5602.05754169682
 20
484.75984942688956
 10
5602.40248788899
 20
483.05349894281244
 10
5602.915617609309
 20
481.38997324716183
 10
5603.591831144033
 20
479.7858052056399
 10
5604.42440797927
 20
478.25693776097614
 10
5605.40507359241
 20
476.8185654846893
 10
5606.524081687938
 20
475.4849835666537
 10
5607.77031106074
 20
474.26944574314984
 10
5609.131376123376
 20
473.1840325751691
 10
5610.593749999767
 20
472.2395313864108
 10
5612.142898961349
 20
471.44532905399683
 10
5613.763426869758
 20
470.80931871754
 10
5615.439228190575
 20
470.3378213335236
 10
5617.15364805737
 20
470.03552285474143
 10
5618.889647795295
 20
469.90542765930877
 10
5620.6299742590345
 20
469.94882869170397
 10
5622.357331302279
 20
470.1652946130198
 10
5624.0545516747225
 20
470.55267408763757
 10
5625.70476763777
 20
471.10711716429796
 10
5627.291578603821
 20
471.82311353861587
 10
5628.799214132538
 20
472.6935473169724
 10
5630.212690664746
 20
473.70976773739676
 10
5631.517960435594
 20
474.8616751447844
 10
5632.702051087748
 20
476.1378213658463
 10
5633.753194596269
 20
477.5255234860524
 10
5634.660944224743
 20
479.010989898321
 10
5635.416278349556
 20
480.5794573700405
 10
5636.011690120824
 20
482.2153377668292
 10
5636.441262068838
 20
483.9023729743785
 10
5636.700724914583
 20
485.6237964788161
 10
5636.787499999773
 20
487.36249999998836
  0
TEXT
  5
45
330
17
100
AcDbEntity
  8
NESTED_RESULT
100
AcDbText
 10
6152.442887478982
 20
293.1221225283224
 30
0.0
 40
80.0
  1
404-E
 72
1
 11
6152.442887478982
 21
293.1221225283224
 31
0.0
100
AcDbText
 73
2
  0
LWPOLYLINE
  5
46
330
17
100
AcDbEntity
  8
NESTED_RESULT
 62
1
100
AcDbPolyline
 90
5
 70
0
 10
6800.0
 20
0.0
 10
10000.0
 20
0.0
 10
10000.0
 20
1800.0
 10
6800.0
 20
1800.0
 10
6800.0
 20
0.0
  0
TEXT
  5
47
330
17
100
AcDbEntity
  8
NESTED_RESULT
 62
1
100
AcDbText
 10
6800.0
 20
1830.0
 30
0.0
 40
50.0
  1
Sheet_3
 11
6800.0
 21
1830.0
 31
0.0
100
AcDbText
 73
1
  0
LWPOLYLINE
  5
48
330
17
100
AcDbEntity
  8
NESTED_RESULT
100
AcDbPolyline
 90
9
 70
0
 10
6803.175000000003
 20
977.8999999999942
 10
8689.125000000102
 20
977.8999999999942
 10
8692.300000000003
 20
974.7250000000058
 10
8692.300000000003
 20
3.1749999999883585
 10
8689.125000000102
 20
0.0
 10
6803.175000000003
 20
0.0
 10
6800.0
 20
3.1749999999883585
 10
6800.0
 20
974.7250000000058
 10
6803.175000000003
 20
977.8999999999942
  0
TEXT
  5
49
330
17
100
AcDbEntity
  8
NESTED_RESULT
100
AcDbText
 10
7746.1500000000015
 20
488.9499999999971
 30
0.0
 40
80.0
  1
405-A
 72
1
 11
7746.1500000000015
 21
488.9499999999971
 31
0.0
100
AcDbText
 73
2
  0
LWPOLYLINE
  5
4A
330
17
100
AcDbEntity
  8
NESTED_RESULT
100
AcDbPolyline
 90
9
 70
0
 10
8692.300000000017
 20
1787.5249999999942
 10
8692.300000000017
 20
3.1749999999883585
 10
8695.475000000006
 20
0.0
 10
9666.825000000012
 20
0.0
 10
9670.0
 20
3.1749999999883585
 10
9670.0
 20
1787.5249999999942
 10
9666.825000000012
 20
1790.7000000000116
 10
8695.475000000006
 20
1790.7000000000116
 10
8692.300000000017
 20
1787.5249999999942
  0
TEXT
  5
4B
330
17
100
AcDbEntity
  8
NESTED_RESULT
100
AcDbText
 10
9181.150000000009
 20
895.3499999999913
 30
0.0
 40
80.0
  1
415-C
 72
1
 11
9181.150000000009
 21
895.3499999999913
 31
0.0
100
AcDbText
 73
2
  0
LWPOLYLINE
  5
4C
330
17
100
AcDbEntity
  8
NESTED_RESULT
100
AcDbPolyline
 90
7
 70
0
 10
6800.0
 20
1628.7749999999069
 10
8619.274999999892
 20
1628.7749999999069
 10
8619.274999999892
 20
981.0749999998952
 10
8616.09999999989
 20
977.8999999999942
 10
6803.174999999901
 20
977.8999999999942
 10
6800.0
 20
981.0749999998952
 10
6800.0
 20
1628.7749999999069
  0
LWPOLYLINE
  5
4D
330
17
100
AcDbEntity
  8
NESTED_RESULT
100
AcDbPolyline
 90
9
 70
0
 10
7265.13799999989
 20
1479.5500000000175
 10
7900.13799999989
 20
1479.5500000000175
 10
7906.487999999896
 20
1473.1999999998952
 10
7906.487999999896
 20
1092.1999999998952
 10
7900.13799999989
 20
1085.8500000000058
 10
7265.13799999989
 20
1085.8500000000058
 10
7258.787999999899
 20
1092.1999999998952
 10
7258.787999999899
 20
1473.1999999998952
 10
7265.13799999989
 20
1479.5500000000175
  0
LWPOLYLINE
  5
4E
330
17
100
AcDbEntity
  8
NESTED_RESULT
100
AcDbPolyline
 90
64
 70
0
 10
7600.100499999884
 20
1535.1125000000175
 10
7600.013724914708
 20
1536.8512035211897
 10
7599.754262068949
 20
1538.5726270256273
 10
7599.324690120935
 20
1540.2596622331766
 10
7598.729278349681
 20
1541.8955426299653
 10
7597.973944224868
 20
1543.4640101016848
 10
7597.06619459638
 20
1544.9494765139534
 10
7596.015051087859
 20
1546.3371786341595
 10
7594.83096043572
 20
1547.6133248552214
 10
7593.525690664843
 20
1548.765232262609
 10
7592.112214132649
 20
1549.7814526830334
 10
7590.604578603918
 20
1550.65188646139
 10
7589.017767637895
 20
1551.3678828357079
 10
7587.3675516748335
 20
1551.9223259123683
 10
7585.6703313024045
 20
1552.309705386986
 10
7583.942974259146
 20
1552.5261713083019
 10
7582.2026477954205
 20
1552.569572340697
 10
7580.4666480574815
 20
1552.4394771452644
 10
7578.752228190671
 20
1552.1371786664822
 10
7577.0764268698695
 20
1551.6656812824658
 10
7575.455898961474
 20
1551.029670946009
 10
7573.906749999893
 20
1550.235468613595
 10
7572.444376123487
 20
1549.2909674248367
 10
7571.083311060851
 20
1548.205554256856
 10
7569.837081688063
 20
1546.9900164333521
 10
7568.718073592507
 20
1545.6564345153165
 10
7567.737407979395
 20
1544.2180622390297
 10
7566.904831144144
 20
1542.689194794366
 10
7566.22861760942
 20
1541.085026752844
 10
7565.715487889116
 20
1539.4215010571934
 10
7565.3705416969315
 20
1537.7151505731163
 10
7565.197207263103
 20
1535.982933778374
 10
7565.197207263103
 20
1534.242066221661
 10
7565.3705416969315
 20
1532.5098494269187
 10
7565.715487889116
 20
1530.8034989428415
 10
7566.22861760942
 20
1529.139973247191
 10
7566.904831144144
 20
1527.535805205669
 10
7567.737407979395
 20
1526.0069377610052
 10
7568.718073592507
 20
1524.5685654847184
 10
7569.837081688063
 20
1523.2349835666828
 10
7571.083311060851
 20
1522.019445743179
 10
7572.444376123487
 20
1520.9340325751982
 10
7573.906749999893
 20
1519.98953138644
 10
7575.455898961474
 20
1519.195329054026
 10
7577.0764268698695
 20
1518.559318717569
 10
7578.752228190671
 20
1518.0878213335527
 10
7580.4666480574815
 20
1517.7855228547705
 10
7582.2026477954205
 20
1517.6554276593379
 10
7583.942974259146
 20
1517.698828691733
 10
7585.6703313024045
 20
1517.915294613049
 10
7587.3675516748335
 20
1518.3026740876667
 10
7589.017767637895
 20
1518.857117164327
 10
7590.604578603918
 20
1519.573113538645
 10
7592.112214132649
 20
1520.4435473170015
 10
7593.525690664843
 20
1521.4597677374259
 10
7594.83096043572
 20
1522.6116751448135
 10
7596.015051087859
 20
1523.8878213658754
 10
7597.06619459638
 20
1525.2755234860815
 10
7597.973944224868
 20
1526.76098989835
 10
7598.729278349681
 20
1528.3294573700696
 10
7599.324690120935
 20
1529.9653377668583
 10
7599.754262068949
 20
1531.6523729744076
 10
7600.013724914708
 20
1533.3737964788452
 10
7600.100499999884
 20
1535.1125000000175
  0
TEXT
  5
4F
330
17
100
AcDbEntity
  8
NESTED_RESULT
100
AcDbText
 10
8277.050540161046
 20
1303.115420532177
 30
0.0
 40
80.0
  1
410-B
 72
1
 11
8277.050540161046
 21
1303.115420532177
 31
0.0
100
AcDbText
 73
2
  0
LWPOLYLINE
  5
50
330
17
100
AcDbEntity
  8
NESTED_RESULT
 62
1
100
AcDbPolyline
 90
5
 70
0
 10
10200.0
 20
0.0
 10
13400.0
 20
0.0
 10
13400.0
 20
1800.0
 10
10200.0
 20
1800.0
 10
10200.0
 20
0.0
  0
TEXT
  5
51
330
17
100
AcDbEntity
  8
NESTED_RESULT
 62
1
100
AcDbText
 10
10200.0
 20
1830.0
 30
0.0
 40
50.0
  1
Sheet_4
 11
10200.0
 21
1830.0
 31
0.0
100
AcDbText
 73
1
  0
LWPOLYLINE
  5
52
330
17
100
AcDbEntity
  8
NESTED_RESULT
100
AcDbPolyline
 90
9
 70
0
 10
10203.174999999988
 20
977.7000000000116
 10
12089.125
 20
977.7000000000116
 10
12092.299999999988
 20
974.5250000000233
 10
12092.299999999988
 20
3.1750000000174623
 10
12089.125
 20
0.0
 10
10203.174999999988
 20
0.0
 10
10200.0
 20
3.1750000000174623
 10
10200.0
 20
974.5250000000233
 10
10203.174999999988
 20
977.7000000000116
  0
TEXT
  5
53
330
17
100
AcDbEntity
  8
NESTED_RESULT
100
AcDbText
 10
11146.149999999994
 20
488.8500000000058
 30
0.0
 40
80.0
  1
501-C
 72
1
 11
11146.149999999994
 21
488.8500000000058
 31
0.0
100
AcDbText
 73
2
  0
LWPOLYLINE
  5
54
330
17
100
AcDbEntity
  8
NESTED_RESULT
100
AcDbPolyline
 90
9
 70
0
 10
12092.299999999988
 20
1787.5250000000233
 10
12092.299999999988
 20
3.1750000000174623
 10
12095.475000000006
 20
0.0
 10
13066.824999999983
 20
0.0
 10
13070.0
 20
3.1750000000174623
 10
13070.0
 20
1787.5250000000233
 10
13066.824999999983
 20
1790.7000000000116
 10
12095.475000000006
 20
1790.7000000000116
 10
12092.299999999988
 20
1787.5250000000233
  0
TEXT
  5
55
330
17
100
AcDbEntity
  8
NESTED_RESULT
100
AcDbText
 10
12581.149999999994
 20
895.3500000000204
 30
0.0
 40
80.0
  1
411-C
 72
1
 11
12581.149999999994
 21
895.3500000000204
 31
0.0
100
AcDbText
 73
2
  0
LWPOLYLINE
  5
56
330
17
100
AcDbEntity
  8
NESTED_RESULT
100
AcDbPolyline
 90
7
 70
0
 10
10200.0
 20
1625.4000000001106
 10
12019.274999999892
 20
1625.4000000001106
 10
12019.274999999892
 20
980.875
 10
12016.099999999991
 20
977.7000000000116
 10
10203.174999999901
 20
977.7000000000116
 10
10200.0
 20
980.875
 10
10200.0
 20
1625.4000000001106
  0
LWPOLYLINE
  5
57
330
17
100
AcDbEntity
  8
NESTED_RESULT
100
AcDbPolyline
 90
9
 70
0
 10
10665.137999999992
 20
1479.3500000001077
 10
11300.137999999992
 20
1479.3500000001077
 10
11306.487999999998
 20
1473.0000000001164
 10
11306.487999999998
 20
1092.0000000001164
 10
11300.137999999992
 20
1085.6500000001106
 10
10665.137999999992
 20
1085.6500000001106
 10
10658.788
 20
1092.0000000001164
 10
10658.788
 20
1473.0000000001164
 10
10665.137999999992
 20
1479.3500000001077
  0
LWPOLYLINE
  5
58
330
17
100
AcDbEntity
  8
NESTED_RESULT
100
AcDbPolyline
 90
64
 70
0
 10
11000.100499999884
 20
1534.9125000001077
 10
11000.013724914708
 20
1536.65120352128
 10
10999.75426206895
 20
1538.372627025732
 10
10999.324690120935
 20
1540.0596622332523
 10
10998.729278349681
 20
1541.6955426300556
 10
10997.973944224868
 20
1543.2640101017896
 10
10997.06619459638
 20
1544.7494765140436
 10
10996.01505108786
 20
1546.1371786342643
 10
10994.83096043572
 20
1547.4133248553117
 10
10993.525690664843
 20
1548.5652322626993
 10
10992.112214132649
 20
1549.5814526831236
 10
10990.604578603918
 20
1550.4518864614802
 10
10989.017767637895
 20
1551.1678828358126
 10
10987.367551674834
 20
1551.722325912473
 10
10985.670331302405
 20
1552.1097053870762
 10
10983.942974259146
 20
1552.3261713083775
 10
10982.20264779542
 20
1552.3695723408018
 10
10980.466648057482
 20
1552.2394771453692
 10
10978.752228190671
 20
1551.937178666587
 10
10977.07642686987
 20
1551.465681282556
 10
10975.455898961474
 20
1550.8296709460992
 10
10973.906749999893
 20
1550.0354686136998
 10
10972.444376123487
 20
1549.090967424927
 10
10971.083311060851
 20
1548.0055542569316
 10
10969.837081688063
 20
1546.7900164334278
 10
10968.718073592507
 20
1545.4564345154213
 10
10967.737407979395
 20
1544.01806223912
 10
10966.904831144144
 20
1542.4891947944416
 10
10966.22861760942
 20
1540.8850267529342
 10
10965.715487889116
 20
1539.221501057269
 10
10965.370541696931
 20
1537.5151505732065
 10
10965.197207263103
 20
1535.7829337784642
 10
10965.197207263103
 20
1534.0420662217512
 10
10965.370541696931
 20
1532.3098494270089
 10
10965.715487889116
 20
1530.6034989429463
 10
10966.22861760942
 20
1528.9399732472812
 10
10966.904831144144
 20
1527.3358052057738
 10
10967.737407979395
 20
1525.8069377610955
 10
10968.718073592507
 20
1524.368565484794
 10
10969.837081688063
 20
1523.0349835667876
 10
10971.083311060851
 20
1521.8194457432837
 10
10972.444376123487
 20
1520.7340325752884
 10
10973.906749999893
 20
1519.7895313865156
 10
10975.455898961474
 20
1518.9953290541162
 10
10977.07642686987
 20
1518.3593187176593
 10
10978.752228190671
 20
1517.8878213336284
 10
10980.466648057482
 20
1517.5855228548462
 10
10982.20264779542
 20
1517.4554276594135
 10
10983.942974259146
 20
1517.4988286918378
 10
10985.670331302405
 20
1517.7152946131391
 10
10987.367551674834
 20
1518.1026740877423
 10
10989.017767637895
 20
1518.6571171644027
 10
10990.604578603918
 20
1519.3731135387352
 10
10992.112214132649
 20
1520.2435473170917
 10
10993.525690664843
 20
1521.259767737516
 10
10994.83096043572
 20
1522.4116751449037
 10
10996.01505108786
 20
1523.687821365951
 10
10997.06619459638
 20
1525.0755234861717
 10
10997.973944224868
 20
1526.5609898984258
 10
10998.729278349681
 20
1528.1294573701598
 10
10999.324690120935
 20
1529.765337766963
 10
10999.75426206895
 20
1531.4523729744833
 10
11000.013724914708
 20
1533.1737964789354
 10
11000.100499999884
 20
1534.9125000001077
  0
TEXT
  5
59
330
17
100
AcDbEntity
  8
NESTED_RESULT
100
AcDbText
 10
11670.83231506339
 20
1301.3279205322876
 30
0.0
 40
80.0
  1
515-B
 72
1
 11
11670.83231506339
 21
1301.3279205322876
 31
0.0
100
AcDbText
 73
2
  0
LWPOLYLINE
  5
5A
330
17
100
AcDbEntity
  8
NESTED_RESULT
 62
1
100
AcDbPolyline
 90
5
 70
0
 10
13600.0
 20
0.0
 10
16800.0
 20
0.0
 10
16800.0
 20
1800.0
 10
13600.0
 20
1800.0
 10
13600.0
 20
0.0
  0
TEXT
  5
5B
330
17
100
AcDbEntity
  8
NESTED_RESULT
 62
1
100
AcDbText
 10
13600.0
 20
1830.0
 30
0.0
 40
50.0
  1
Sheet_5
 11
13600.0
 21
1830.0
 31
0.0
100
AcDbText
 73
1
  0
LWPOLYLINE
  5
5C
330
17
100
AcDbEntity
  8
NESTED_RESULT
100
AcDbPolyline
 90
9
 70
0
 10
13603.174999999988
 20
977.8999999999942
 10
15489.125
 20
977.8999999999942
 10
15492.299999999872
 20
974.7250000000058
 10
15492.299999999872
 20
3.1749999999883585
 10
15489.125
 20
0.0
 10
13603.174999999988
 20
0.0
 10
13600.0
 20
3.1749999999883585
 10
13600.0
 20
974.7250000000058
 10
13603.174999999988
 20
977.8999999999942
  0
TEXT
  5
5D
330
17
100
AcDbEntity
  8
NESTED_RESULT
100
AcDbText
 10
14546.149999999936
 20
488.9499999999971
 30
0.0
 40
80.0
  1
422-C
 72
1
 11
14546.149999999936
 21
488.9499999999971
 31
0.0
100
AcDbText
 73
2
  0
LWPOLYLINE
  5
5E
330
17
100
AcDbEntity
  8
NESTED_RESULT
100
AcDbPolyline
 90
9
 70
0
 10
16470.0
 20
3.1750000000174623
 10
16470.0
 20
1787.5250000000233
 10
16466.8250000001
 20
1790.7000000000116
 10
15495.475000000006
 20
1790.7000000000116
 10
15492.300000000105
 20
1787.5250000000233
 10
15492.300000000105
 20
3.1750000000174623
 10
15495.475000000006
 20
0.0
 10
16466.8250000001
 20
0.0
 10
16470.0
 20
3.1750000000174623
  0
TEXT
  5
5F
330
17
100
AcDbEntity
  8
NESTED_RESULT
100
AcDbText
 10
15981.150000000052
 20
895.3500000000204
 30
0.0
 40
80.0
  1
506-C
 72
1
 11
15981.150000000052
 21
895.3500000000204
 31
0.0
100
AcDbText
 73
2
  0
LWPOLYLINE
  5
60
330
17
100
AcDbEntity
  8
NESTED_RESULT
100
AcDbPolyline
 90
7
 70
0
 10
13600.0
 20
1628.7749999999069
 10
15419.274999999994
 20
1628.7749999999069
 10
15419.274999999994
 20
981.0749999998952
 10
15416.100000000006
 20
977.8999999999942
 10
13603.175000000003
 20
977.8999999999942
 10
13600.0
 20
981.0749999998952
 10
13600.0
 20
1628.7749999999069
  0
LWPOLYLINE
  5
61
330
17
100
AcDbEntity
  8
NESTED_RESULT
100
AcDbPolyline
 90
9
 70
0
 10
14319.137000000002
 20
1479.5499999999884
 10
14954.137000000002
 20
1479.5499999999884
 10
14960.486999999994
 20
1473.1999999999825
 10
14960.486999999994
 20
1092.1999999999825
 10
14954.137000000002
 20
1085.8500000000058
 10
14319.137000000002
 20
1085.8500000000058
 10
14312.786999999997
 20
1092.1999999999825
 10
14312.786999999997
 20
1473.1999999999825
 10
14319.137000000002
 20
1479.5499999999884
  0
LWPOLYLINE
  5
62
330
17
100
AcDbEntity
  8
NESTED_RESULT
100
AcDbPolyline
 90
64
 70
0
 10
14654.099499999997
 20
1535.1124999999884
 10
14654.01272491482
 20
1536.8512035211606
 10
14653.753262069062
 20
1538.5726270255982
 10
14653.323690121048
 20
1540.2596622331475
 10
14652.728278349794
 20
1541.8955426299362
 10
14651.97294422498
 20
1543.4640101016557
 10
14651.065194596493
 20
1544.9494765139243
 10
14650.014051087972
 20
1546.3371786341304
 10
14648.829960435833
 20
1547.6133248551923
 10
14647.524690664955
 20
1548.76523226258
 10
14646.111214132761
 20
1549.7814526830043
 10
14644.60357860403
 20
1550.6518864613608
 10
14643.016767638008
 20
1551.3678828356788
 10
14641.366551674946
 20
1551.9223259123391
 10
14639.669331302517
 20
1552.309705386957
 10
14637.941974259258
 20
1552.5261713082728
 10
14636.201647795533
 20
1552.569572340668
 10
14634.465648057594
 20
1552.4394771452353
 10
14632.751228190784
 20
1552.137178666453
 10
14631.075426869982
 20
1551.6656812824367
 10
14629.454898961587
 20
1551.02967094598
 10
14627.905750000005
 20
1550.235468613566
 10
14626.4433761236
 20
1549.2909674248076
 10
14625.082311060964
 20
1548.2055542568269
 10
14623.836081688176
 20
1546.990016433323
 10
14622.71707359262
 20
1545.6564345152874
 10
14621.736407979508
 20
1544.2180622390006
 10
14620.903831144256
 20
1542.6891947943368
 10
14620.227617609533
 20
1541.0850267528149
 10
14619.714487889229
 20
1539.4215010571643
 10
14619.369541697044
 20
1537.7151505730872
 10
14619.196207263216
 20
1535.982933778345
 10
14619.196207263216
 20
1534.2420662216318
 10
14619.369541697044
 20
1532.5098494268896
 10
14619.714487889229
 20
1530.8034989428124
 10
14620.227617609533
 20
1529.1399732471618
 10
14620.903831144256
 20
1527.53580520564
 10
14621.736407979508
 20
1526.0069377609761
 10
14622.71707359262
 20
1524.5685654846893
 10
14623.836081688176
 20
1523.2349835666537
 10
14625.082311060964
 20
1522.0194457431498
 10
14626.4433761236
 20
1520.934032575169
 10
14627.905750000005
 20
1519.9895313864108
 10
14629.454898961587
 20
1519.1953290539968
 10
14631.075426869982
 20
1518.55931871754
 10
14632.751228190784
 20
1518.0878213335236
 10
14634.465648057594
 20
1517.7855228547414
 10
14636.201647795533
 20
1517.6554276593088
 10
14637.941974259258
 20
1517.698828691704
 10
14639.669331302517
 20
1517.9152946130198
 10
14641.366551674946
 20
1518.3026740876376
 10
14643.016767638008
 20
1518.857117164298
 10
14644.60357860403
 20
1519.5731135386159
 10
14646.111214132761
 20
1520.4435473169724
 10
14647.524690664955
 20
1521.4597677373968
 10
14648.829960435833
 20
1522.6116751447844
 10
14650.014051087972
 20
1523.8878213658463
 10
14651.065194596493
 20
1525.2755234860524
 10
14651.97294422498
 20
1526.760989898321
 10
14652.728278349794
 20
1528.3294573700405
 10
14653.323690121048
 20
1529.9653377668292
 10
14653.753262069062
 20
1531.6523729743785
 10
14654.01272491482
 20
1533.373796478816
 10
14654.099499999997
 20
1535.1124999999884
  0
TEXT
  5
63
330
17
100
AcDbEntity
  8
NESTED_RESULT
100
AcDbText
 10
13954.216751098631
 20
1303.559579467724
 30
0.0
 40
80.0
  1
413-A
 72
1
 11
13954.216751098631
 21
1303.559579467724
 31
0.0
100
AcDbText
 73
2
  0
LWPOLYLINE
  5
64
330
17
100
AcDbEntity
  8
NESTED_RESULT
 62
1
100
AcDbPolyline
 90
5
 70
0
 10
17000.0
 20
0.0
 10
20200.0
 20
0.0
 10
20200.0
 20
1800.0
 10
17000.0
 20
1800.0
 10
17000.0
 20
0.0
  0
TEXT
  5
65
330
17
100
AcDbEntity
  8
NESTED_RESULT
 62
1
100
AcDbText
 10
17000.0
 20
1830.0
 30
0.0
 40
50.0
  1
Sheet_6
 11
17000.0
 21
1830.0
 31
0.0
100
AcDbText
 73
1
  0
LWPOLYLINE
  5
66
330
17
100
AcDbEntity
  8
NESTED_RESULT
100
AcDbPolyline
 90
9
 70
0
 10
17003.175000000003
 20
0.0
 10
18889.125
 20
0.0
 10
18892.300000000003
 20
3.1750000000174623
 10
18892.300000000003
 20
974.7249999998894
 10
18889.125
 20
977.8999999999069
 10
17003.175000000003
 20
977.8999999999069
 10
17000.0
 20
974.7249999998894
 10
17000.0
 20
3.1750000000174623
 10
17003.175000000003
 20
0.0
  0
TEXT
  5
67
330
17
100
AcDbEntity
  8
NESTED_RESULT
100
AcDbText
 10
17946.15
 20
488.94999999995343
 30
0.0
 40
80.0
  1
519-C
 72
1
 11
17946.15
 21
488.94999999995343
 31
0.0
100
AcDbText
 73
2
  0
LWPOLYLINE
  5
68
330
17
100
AcDbEntity
  8
NESTED_RESULT
100
AcDbPolyline
 90
9
 70
0
 10
18892.79999999999
 20
1787.5250000000233
 10
18892.79999999999
 20
3.1749999999883585
 10
18895.975000000006
 20
0.0
 10
19867.324999999983
 20
0.0
 10
19870.5
 20
3.1749999999883585
 10
19870.5
 20
1787.5250000000233
 10
19867.324999999983
 20
1790.7000000000116
 10
18895.975000000006
 20
1790.7000000000116
 10
18892.79999999999
 20
1787.5250000000233
  0
TEXT
  5
69
330
17
100
AcDbEntity
  8
NESTED_RESULT
100
AcDbText
 10
19381.649999999994
 20
895.3500000000058
 30
0.0
 40
80.0
  1
412-C
 72
1
 11
19381.649999999994
 21
895.3500000000058
 31
0.0
100
AcDbText
 73
2
  0
LWPOLYLINE
  5
6A
330
17
100
AcDbEntity
  8
NESTED_RESULT
100
AcDbPolyline
 90
7
 70
0
 10
17000.0
 20
1628.7749999999069
 10
18819.274999999994
 20
1628.7749999999069
 10
18819.274999999994
 20
981.0749999998952
 10
18816.100000000006
 20
977.8999999999069
 10
17003.17499999999
 20
977.8999999999069
 10
17000.0
 20
981.0749999998952
 10
17000.0
 20
1628.7749999999069
  0
LWPOLYLINE
  5
6B
330
17
100
AcDbEntity
  8
NESTED_RESULT
100
AcDbPolyline
 90
9
 70
0
 10
17465.138000000006
 20
1479.549999999901
 10
18100.138000000006
 20
1479.549999999901
 10
18106.488000000012
 20
1473.1999999998952
 10
18106.488000000012
 20
1092.1999999998952
 10
18100.138000000006
 20
1085.8499999999185
 10
17465.138000000006
 20
1085.8499999999185
 10
17458.788
 20
1092.1999999998952
 10
17458.788
 20
1473.1999999998952
 10
17465.138000000006
 20
1479.549999999901
  0
LWPOLYLINE
  5
6C
330
17
100
AcDbEntity
  8
NESTED_RESULT
100
AcDbPolyline
 90
64
 70
0
 10
17800.1005
 20
1535.112499999901
 10
17800.01372491481
 20
1536.8512035210733
 10
17799.754262069066
 20
1538.5726270255109
 10
17799.32469012105
 20
1540.2596622330602
 10
17798.729278349783
 20
1541.895542629849
 10
17797.97394422497
 20
1543.4640101015684
 10
17797.066194596497
 20
1544.949476513837
 10
17796.015051087976
 20
1546.337178634043
 10
17794.830960435822
 20
1547.613324855105
 10
17793.525690664974
 20
1548.7652322624926
 10
17792.112214132765
 20
1549.781452682917
 10
17790.60457860405
 20
1550.6518864612735
 10
17789.017767637997
 20
1551.3678828355914
 10
17787.36755167495
 20
1551.9223259122518
 10
17785.670331302506
 20
1552.3097053868696
 10
17783.942974259262
 20
1552.5261713081854
 10
17782.202647795522
 20
1552.5695723405806
 10
17780.466648057598
 20
1552.439477145148
 10
17778.752228190802
 20
1552.1371786663658
 10
17777.076426869986
 20
1551.6656812823494
 10
17775.455898961576
 20
1551.0296709458926
 10
17773.906749999995
 20
1550.2354686134786
 10
17772.444376123603
 20
1549.2909674247203
 10
17771.083311060967
 20
1548.2055542567396
 10
17769.837081688165
 20
1546.9900164332357
 10
17768.718073592638
 20
1545.6564345152
 10
17767.737407979497
 20
1544.2180622389133
 10
17766.90483114426
 20
1542.6891947942495
 10
17766.228617609537
 20
1541.0850267527276
 10
17765.715487889218
 20
1539.421501057077
 10
17765.370541697048
 20
1537.7151505729998
 10
17765.197207263234
 20
1535.9829337782576
 10
17765.197207263234
 20
1534.2420662215445
 10
17765.370541697048
 20
1532.5098494268022
 10
17765.715487889218
 20
1530.8034989427251
 10
17766.228617609537
 20
1529.1399732470745
 10
17766.90483114426
 20
1527.5358052055526
 10
17767.737407979497
 20
1526.0069377608888
 10
17768.718073592638
 20
1524.568565484602
 10
17769.837081688165
 20
1523.2349835665664
 10
17771.083311060967
 20
1522.0194457430625
 10
17772.444376123603
 20
1520.9340325750818
 10
17773.906749999995
 20
1519.9895313863235
 10
17775.455898961576
 20
1519.1953290539095
 10
17777.076426869986
 20
1518.5593187174527
 10
17778.752228190802
 20
1518.0878213334363
 10
17780.466648057598
 20
1517.7855228546541
 10
17782.202647795522
 20
1517.6554276592215
 10
17783.942974259262
 20
1517.6988286916167
 10
17785.670331302506
 20
1517.9152946129325
 10
17787.36755167495
 20
1518.3026740875503
 10
17789.017767637997
 20
1518.8571171642106
 10
17790.60457860405
 20
1519.5731135385286
 10
17792.112214132765
 20
1520.443547316885
 10
17793.525690664974
 20
1521.4597677373094
 10
17794.830960435822
 20
1522.611675144697
 10
17796.015051087976
 20
1523.887821365759
 10
17797.066194596497
 20
1525.275523485965
 10
17797.97394422497
 20
1526.7609898982337
 10
17798.729278349783
 20
1528.3294573699532
 10
17799.32469012105
 20
1529.9653377667419
 10
17799.754262069066
 20
1531.6523729742912
 10
17800.01372491481
 20
1533.3737964787288
 10
17800.1005
 20
1535.112499999901
  0
TEXT
  5
6D
330
17
100
AcDbEntity
  8
NESTED_RESULT
100
AcDbText
 10
18484.157083129878
 20
1303.1154205321334
 30
0.0
 40
80.0
  1
408-B
 72
1
 11
18484.157083129878
 21
1303.1154205321334
 31
0.0
100
AcDbText
 73
2
  0
LWPOLYLINE
  5
6E
330
17
100
AcDbEntity
  8
NESTED_RESULT
 62
1
100
AcDbPolyline
 90
5
 70
0
 10
0.0
 20
2000.0
 10
3200.0
 20
2000.0
 10
3200.0
 20
3800.0
 10
0.0
 20
3800.0
 10
0.0
 20
2000.0
  0
TEXT
  5
6F
330
17
100
AcDbEntity
  8
NESTED_RESULT
 62
1
100
AcDbText
 10
0.0
 20
3830.0
 30
0.0
 40
50.0
  1
Sheet_7
 11
0.0
 21
3830.0
 31
0.0
100
AcDbText
 73
1
  0
LWPOLYLINE
  5
70
330
17
100
AcDbEntity
  8
NESTED_RESULT
100
AcDbPolyline
 90
9
 70
0
 10
3.1749999999883585
 20
2977.899999999994
 10
1889.125
 20
2977.899999999994
 10
1892.2999999999884
 20
2974.725000000006
 10
1892.2999999999884
 20
2003.1749999999884
 10
1889.125
 20
2000.0
 10
3.1749999999883585
 20
2000.0
 10
0.0
 20
2003.1749999999884
 10
0.0
 20
2974.725000000006
 10
3.1749999999883585
 20
2977.899999999994
  0
TEXT
  5
71
330
17
100
AcDbEntity
  8
NESTED_RESULT
100
AcDbText
 10
946.1499999999942
 20
2488.949999999997
 30
0.0
 40
80.0
  1
403-C
 72
1
 11
946.1499999999942
 21
2488.949999999997
 31
0.0
100
AcDbText
 73
2
  0
LWPOLYLINE
  5
72
330
17
100
AcDbEntity
  8
NESTED_RESULT
100
AcDbPolyline
 90
9
 70
0
 10
1892.3000000001048
 20
3787.5250000000233
 10
1892.3000000001048
 20
2003.1750000000175
 10
1895.4750000000058
 20
2000.0
 10
2866.8250000000116
 20
2000.0
 10
2870.0
 20
2003.1750000000175
 10
2870.0
 20
3787.5250000000233
 10
2866.8250000000116
 20
3790.7000000000116
 10
1895.4750000000058
 20
3790.7000000000116
 10
1892.3000000001048
 20
3787.5250000000233
  0
TEXT
  5
73
330
17
100
AcDbEntity
  8
NESTED_RESULT
100
AcDbText
 10
2381.1500000000524
 20
2895.3500000000204
 30
0.0
 40
80.0
  1
509-C
 72
1
 11
2381.1500000000524
 21
2895.3500000000204
 31
0.0
100
AcDbText
 73
2
  0
LWPOLYLINE
  5
74
330
17
100
AcDbEntity
  8
NESTED_RESULT
100
AcDbPolyline
 90
7
 70
0
 10
0.0
 20
3628.774999999994
 10
1819.2750000000233
 20
3628.774999999994
 10
1819.2750000000233
 20
2981.0749999999825
 10
1816.1000000000058
 20
2977.899999999994
 10
3.1750000000174623
 20
2977.899999999994
 10
0.0
 20
2981.0749999999825
 10
0.0
 20
3628.774999999994
  0
LWPOLYLINE
  5
75
330
17
100
AcDbEntity
  8
NESTED_RESULT
100
AcDbPolyline
 90
9
 70
0
 10
465.1380000000063
 20
3479.5500000000757
 10
1100.1380000000063
 20
3479.5500000000757
 10
1106.488000000012
 20
3473.200000000099
 10
1106.488000000012
 20
3092.200000000099
 10
1100.1380000000063
 20
3085.850000000093
 10
465.1380000000063
 20
3085.850000000093
 10
458.78800000000047
 20
3092.200000000099
 10
458.78800000000047
 20
3473.200000000099
 10
465.1380000000063
 20
3479.5500000000757
  0
LWPOLYLINE
  5
76
330
17
100
AcDbEntity
  8
NESTED_RESULT
100
AcDbPolyline
 90
64
 70
0
 10
800.1005000000005
 20
3535.1125000000757
 10
800.0137249148102
 20
3536.851203521248
 10
799.7542620690656
 20
3538.5726270256855
 10
799.3246901210514
 20
3540.259662233235
 10
798.7292783497833
 20
3541.8955426300236
 10
797.9739442249702
 20
3543.464010101743
 10
797.0661945964966
 20
3544.9494765140116
 10
796.0150510879757
 20
3546.3371786342177
 10
794.8309604358219
 20
3547.6133248552796
 10
793.5256906649738
 20
3548.7652322626673
 10
792.1122141327651
 20
3549.7814526830916
 10
790.6045786040486
 20
3550.651886461448
 10
789.0177676379972
 20
3551.367882835766
 10
787.3675516749499
 20
3551.9223259124265
 10
785.6703313025064
 20
3552.3097053870442
 10
783.942974259262
 20
3552.52617130836
 10
782.2026477955224
 20
3552.5695723407553
 10
780.4666480575979
 20
3552.4394771453226
 10
778.7522281908023
 20
3552.1371786665404
 10
777.0764268699859
 20
3551.665681282524
 10
775.4558989615762
 20
3551.029670946067
 10
773.9067499999946
 20
3550.235468613653
 10
772.4443761236034
 20
3549.290967424895
 10
771.0833110609674
 20
3548.205554256914
 10
769.8370816881652
 20
3546.9900164334103
 10
768.7180735926377
 20
3545.6564345153747
 10
767.7374079794972
 20
3544.218062239088
 10
766.9048311442602
 20
3542.689194794424
 10
766.2286176095367
 20
3541.085026752902
 10
765.7154878892179
 20
3539.4215010572516
 10
765.3705416970479
 20
3537.7151505731745
 10
765.1972072632343
 20
3535.982933778432
 10
765.1972072632343
 20
3534.242066221719
 10
765.3705416970479
 20
3532.509849426977
 10
765.7154878892179
 20
3530.8034989428998
 10
766.2286176095367
 20
3529.139973247249
 10
766.9048311442602
 20
3527.5358052057272
 10
767.7374079794972
 20
3526.0069377610635
 10
768.7180735926377
 20
3524.5685654847766
 10
769.8370816881652
 20
3523.234983566741
 10
771.0833110609674
 20
3522.019445743237
 10
772.4443761236034
 20
3520.9340325752564
 10
773.9067499999946
 20
3519.989531386498
 10
775.4558989615762
 20
3519.195329054084
 10
777.0764268699859
 20
3518.5593187176273
 10
778.7522281908023
 20
3518.087821333611
 10
780.4666480575979
 20
3517.7855228548287
 10
782.2026477955224
 20
3517.655427659396
 10
783.942974259262
 20
3517.6988286917913
 10
785.6703313025064
 20
3517.915294613107
 10
787.3675516749499
 20
3518.302674087725
 10
789.0177676379972
 20
3518.8571171643853
 10
790.6045786040486
 20
3519.573113538703
 10
792.1122141327651
 20
3520.4435473170597
 10
793.5256906649738
 20
3521.459767737484
 10
794.8309604358219
 20
3522.6116751448717
 10
796.0150510879757
 20
3523.8878213659336
 10
797.0661945964966
 20
3525.2755234861397
 10
797.9739442249702
 20
3526.7609898984083
 10
798.7292783497833
 20
3528.329457370128
 10
799.3246901210514
 20
3529.9653377669165
 10
799.7542620690656
 20
3531.652372974466
 10
800.0137249148102
 20
3533.3737964789034
 10
800.1005000000005
 20
3535.1125000000757
  0
TEXT
  5
77
330
17
100
AcDbEntity
  8
NESTED_RESULT
100
AcDbText
 10
1489.4869903564645
 20
3303.115420532221
 30
0.0
 40
80.0
  1
510-B
 72
1
 11
1489.4869903564645
 21
3303.115420532221
 31
0.0
100
AcDbText
 73
2
  0
LWPOLYLINE
  5
78
330
17
100
AcDbEntity
  8
NESTED_RESULT
 62
1
100
AcDbPolyline
 90
5
 70
0
 10
3400.0
 20
2000.0
 10
6600.0
 20
2000.0
 10
6600.0
 20
3800.0
 10
3400.0
 20
3800.0
 10
3400.0
 20
2000.0
  0
TEXT
  5
79
330
17
100
AcDbEntity
  8
NESTED_RESULT
 62
1
100
AcDbText
 10
3400.0
 20
3830.0
 30
0.0
 40
50.0
  1
Sheet_8
 11
3400.0
 21
3830.0
 31
0.0
100
AcDbText
 73
1
  0
LWPOLYLINE
  5
7A
330
17
100
AcDbEntity
  8
NESTED_RESULT
100
AcDbPolyline
 90
9
 70
0
 10
3403.1749999999884
 20
2977.899999999994
 10
5289.125
 20
2977.899999999994
 10
5292.299999999988
 20
2974.7249999999767
 10
5292.299999999988
 20
2003.1749999999884
 10
5289.125
 20
2000.0
 10
3403.1749999999884
 20
2000.0
 10
3400.0
 20
2003.1749999999884
 10
3400.0
 20
2974.7249999999767
 10
3403.1749999999884
 20
2977.899999999994
  0
TEXT
  5
7B
330
17
100
AcDbEntity
  8
NESTED_RESULT
100
AcDbText
 10
4346.149999999994
 20
2488.949999999997
 30
0.0
 40
80.0
  1
419-C
 72
1
 11
4346.149999999994
 21
2488.949999999997
 31
0.0
100
AcDbText
 73
2
  0
LWPOLYLINE
  5
7C
330
17
100
AcDbEntity
  8
NESTED_RESULT
100
AcDbPolyline
 90
9
 70
0
 10
5292.299999999988
 20
3787.524999999965
 10
5292.299999999988
 20
2003.1749999999884
 10
5295.475000000093
 20
2000.0
 10
6266.8249999999825
 20
2000.0
 10
6270.0
 20
2003.1749999999884
 10
6270.0
 20
3787.524999999965
 10
6266.8249999999825
 20
3790.6999999999825
 10
5295.475000000093
 20
3790.6999999999825
 10
5292.299999999988
 20
3787.524999999965
  0
TEXT
  5
7D
330
17
100
AcDbEntity
  8
NESTED_RESULT
100
AcDbText
 10
5781.149999999994
 20
2895.3499999999767
 30
0.0
 40
80.0
  1
418-C
 72
1
 11
5781.149999999994
 21
2895.3499999999767
 31
0.0
100
AcDbText
 73
2
  0
LWPOLYLINE
  5
7E
330
17
100
AcDbEntity
  8
NESTED_RESULT
100
AcDbPolyline
 90
7
 70
0
 10
3400.0
 20
3628.774999999994
 10
5219.274999999994
 20
3628.774999999994
 10
5219.274999999994
 20
2981.0749999999825
 10
5216.099999999991
 20
2977.899999999994
 10
3403.1749999999884
 20
2977.899999999994
 10
3400.0
 20
2981.0749999999825
 10
3400.0
 20
3628.774999999994
  0
LWPOLYLINE
  5
7F
330
17
100
AcDbEntity
  8
NESTED_RESULT
100
AcDbPolyline
 90
9
 70
0
 10
4119.136999999988
 20
3479.5499999999884
 10
4754.136999999988
 20
3479.5499999999884
 10
4760.486999999994
 20
3473.1999999999825
 10
4760.486999999994
 20
3092.1999999999825
 10
4754.136999999988
 20
3085.8499999999767
 10
4119.136999999988
 20
3085.8499999999767
 10
4112.786999999997
 20
3092.1999999999825
 10
4112.786999999997
 20
3473.1999999999825
 10
4119.136999999988
 20
3479.5499999999884
  0
LWPOLYLINE
  5
80
330
17
100
AcDbEntity
  8
NESTED_RESULT
100
AcDbPolyline
 90
64
 70
0
 10
4454.099499999982
 20
3535.1124999999884
 10
4454.012724914806
 20
3536.8512035211606
 10
4453.753262069047
 20
3538.572627025598
 10
4453.323690121033
 20
3540.2596622331475
 10
4452.728278349779
 20
3541.8955426299362
 10
4451.972944224966
 20
3543.4640101016557
 10
4451.065194596478
 20
3544.9494765139243
 10
4450.014051087957
 20
3546.3371786341304
 10
4448.829960435818
 20
3547.6133248551923
 10
4447.524690664941
 20
3548.76523226258
 10
4446.111214132747
 20
3549.7814526830043
 10
4444.603578604016
 20
3550.651886461361
 10
4443.016767637993
 20
3551.3678828356788
 10
4441.3665516749315
 20
3551.922325912339
 10
4439.6693313025025
 20
3552.309705386957
 10
4437.941974259244
 20
3552.5261713082728
 10
4436.2016477955185
 20
3552.569572340668
 10
4434.4656480575795
 20
3552.4394771452353
 10
4432.751228190769
 20
3552.137178666453
 10
4431.0754268699675
 20
3551.6656812824367
 10
4429.454898961572
 20
3551.02967094598
 10
4427.905749999991
 20
3550.235468613566
 10
4426.443376123585
 20
3549.2909674248076
 10
4425.082311060949
 20
3548.205554256827
 10
4423.836081688161
 20
3546.990016433323
 10
4422.717073592605
 20
3545.6564345152874
 10
4421.736407979493
 20
3544.2180622390006
 10
4420.903831144242
 20
3542.689194794337
 10
4420.227617609518
 20
3541.085026752815
 10
4419.714487889214
 20
3539.4215010571643
 10
4419.3695416970295
 20
3537.715150573087
 10
4419.196207263201
 20
3535.982933778345
 10
4419.196207263201
 20
3534.242066221632
 10
4419.3695416970295
 20
3532.5098494268896
 10
4419.714487889214
 20
3530.8034989428124
 10
4420.227617609518
 20
3529.139973247162
 10
4420.903831144242
 20
3527.53580520564
 10
4421.736407979493
 20
3526.006937760976
 10
4422.717073592605
 20
3524.5685654846893
 10
4423.836081688161
 20
3523.2349835666537
 10
4425.082311060949
 20
3522.01944574315
 10
4426.443376123585
 20
3520.934032575169
 10
4427.905749999991
 20
3519.989531386411
 10
4429.454898961572
 20
3519.195329053997
 10
4431.0754268699675
 20
3518.55931871754
 10
4432.751228190769
 20
3518.0878213335236
 10
4434.4656480575795
 20
3517.7855228547414
 10
4436.2016477955185
 20
3517.6554276593088
 10
4437.941974259244
 20
3517.698828691704
 10
4439.6693313025025
 20
3517.91529461302
 10
4441.3665516749315
 20
3518.3026740876376
 10
4443.016767637993
 20
3518.857117164298
 10
4444.603578604016
 20
3519.573113538616
 10
4446.111214132747
 20
3520.4435473169724
 10
4447.524690664941
 20
3521.4597677373968
 10
4448.829960435818
 20
3522.6116751447844
 10
4450.014051087957
 20
3523.8878213658463
 10
4451.065194596478
 20
3525.2755234860524
 10
4451.972944224966
 20
3526.760989898321
 10
4452.728278349779
 20
3528.3294573700405
 10
4453.323690121033
 20
3529.965337766829
 10
4453.753262069047
 20
3531.6523729743785
 10
4454.012724914806
 20
3533.373796478816
 10
4454.099499999982
 20
3535.1124999999884
  0
TEXT
  5
81
330
17
100
AcDbEntity
  8
NESTED_RESULT
100
AcDbText
 10
3782.6429229736314
 20
3303.115420532221
 30
0.0
 40
80.0
  1
506-A
 72
1
 11
3782.6429229736314
 21
3303.115420532221
 31
0.0
100
AcDbText
 73
2
  0
LWPOLYLINE
  5
82
330
17
100
AcDbEntity
  8
NESTED_RESULT
 62
1
100
AcDbPolyline
 90
5
 70
0
 10
6800.0
 20
2000.0
 10
10000.0
 20
2000.0
 10
10000.0
 20
3800.0
 10
6800.0
 20
3800.0
 10
6800.0
 20
2000.0
  0
TEXT
  5
83
330
17
100
AcDbEntity
  8
NESTED_RESULT
 62
1
100
AcDbText
 10
6800.0
 20
3830.0
 30
0.0
 40
50.0
  1
Sheet_9
 11
6800.0
 21
3830.0
 31
0.0
100
AcDbText
 73
1
  0
LWPOLYLINE
  5
84
330
17
100
AcDbEntity
  8
NESTED_RESULT
100
AcDbPolyline
 90
9
 70
0
 10
6803.174999999988
 20
2977.7000000000116
 10
8689.125
 20
2977.7000000000116
 10
8692.299999999988
 20
2974.5250000000233
 10
8692.299999999988
 20
2003.1750000000175
 10
8689.125
 20
2000.0
 10
6803.174999999988
 20
2000.0
 10
6800.0
 20
2003.1750000000175
 10
6800.0
 20
2974.5250000000233
 10
6803.174999999988
 20
2977.7000000000116
  0
TEXT
  5
85
330
17
100
AcDbEntity
  8
NESTED_RESULT
100
AcDbText
 10
7746.149999999994
 20
2488.850000000006
 30
0.0
 40
80.0
  1
505-C
 72
1
 11
7746.149999999994
 21
2488.850000000006
 31
0.0
100
AcDbText
 73
2
  0
LWPOLYLINE
  5
86
330
17
100
AcDbEntity
  8
NESTED_RESULT
100
AcDbPolyline
 90
9
 70
0
 10
9670.0
 20
2003.1749999999302
 10
9670.0
 20
3787.5250000000233
 10
9666.824999999983
 20
3790.7000000000116
 10
8695.475000000006
 20
3790.7000000000116
 10
8692.299999999988
 20
3787.5250000000233
 10
8692.299999999988
 20
2003.1749999999302
 10
8695.475000000006
 20
2000.0
 10
9666.824999999983
 20
2000.0
 10
9670.0
 20
2003.1749999999302
  0
TEXT
  5
87
330
17
100
AcDbEntity
  8
NESTED_RESULT
100
AcDbText
 10
9181.149999999994
 20
2895.3499999999767
 30
0.0
 40
80.0
  1
507-C
 72
1
 11
9181.149999999994
 21
2895.3499999999767
 31
0.0
100
AcDbText
 73
2
  0
LWPOLYLINE
  5
88
330
17
100
AcDbEntity
  8
NESTED_RESULT
100
AcDbPolyline
 90
7
 70
0
 10
6800.0
 20
3628.5750000000116
 10
8619.274999999907
 20
3628.5750000000116
 10
8619.274999999907
 20
2980.875
 10
8616.100000000006
 20
2977.7000000000116
 10
6803.174999999988
 20
2977.7000000000116
 10
6800.0
 20
2980.875
 10
6800.0
 20
3628.5750000000116
  0
LWPOLYLINE
  5
89
330
17
100
AcDbEntity
  8
NESTED_RESULT
100
AcDbPolyline
 90
9
 70
0
 10
7265.138000000006
 20
3479.350000000006
 10
7900.138000000006
 20
3479.350000000006
 10
7906.487999999983
 20
3473.0
 10
7906.487999999983
 20
3092.0
 10
7900.138000000006
 20
3085.649999999994
 10
7265.138000000006
 20
3085.649999999994
 10
7258.7880000000005
 20
3092.0
 10
7258.7880000000005
 20
3473.0
 10
7265.138000000006
 20
3479.350000000006
  0
LWPOLYLINE
  5
8A
330
17
100
AcDbEntity
  8
NESTED_RESULT
100
AcDbPolyline
 90
64
 70
0
 10
7600.1005000000005
 20
3534.912500000006
 10
7600.01372491481
 20
3536.651203521178
 10
7599.754262069066
 20
3538.3726270256157
 10
7599.324690121051
 20
3540.059662233165
 10
7598.729278349783
 20
3541.6955426299537
 10
7597.97394422497
 20
3543.264010101673
 10
7597.066194596497
 20
3544.7494765139418
 10
7596.015051087976
 20
3546.137178634148
 10
7594.830960435822
 20
3547.41332485521
 10
7593.525690664974
 20
3548.5652322625974
 10
7592.112214132765
 20
3549.581452683022
 10
7590.604578604049
 20
3550.4518864613783
 10
7589.017767637997
 20
3551.167882835696
 10
7587.36755167495
 20
3551.7223259123566
 10
7585.670331302506
 20
3552.1097053869744
 10
7583.942974259262
 20
3552.32617130829
 10
7582.202647795522
 20
3552.3695723406854
 10
7580.466648057598
 20
3552.2394771452527
 10
7578.752228190802
 20
3551.9371786664706
 10
7577.076426869986
 20
3551.465681282454
 10
7575.455898961576
 20
3550.8296709459973
 10
7573.906749999995
 20
3550.0354686135834
 10
7572.444376123603
 20
3549.090967424825
 10
7571.083311060967
 20
3548.0055542568443
 10
7569.837081688165
 20
3546.7900164333405
 10
7568.718073592638
 20
3545.456434515305
 10
7567.737407979497
 20
3544.018062239018
 10
7566.90483114426
 20
3542.4891947943543
 10
7566.228617609537
 20
3540.8850267528323
 10
7565.715487889218
 20
3539.2215010571817
 10
7565.370541697048
 20
3537.5151505731046
 10
7565.197207263234
 20
3535.7829337783623
 10
7565.197207263234
 20
3534.0420662216493
 10
7565.370541697048
 20
3532.309849426907
 10
7565.715487889218
 20
3530.60349894283
 10
7566.228617609537
 20
3528.9399732471793
 10
7566.90483114426
 20
3527.3358052056574
 10
7567.737407979497
 20
3525.8069377609936
 10
7568.718073592638
 20
3524.368565484707
 10
7569.837081688165
 20
3523.034983566671
 10
7571.083311060967
 20
3521.8194457431673
 10
7572.444376123603
 20
3520.7340325751866
 10
7573.906749999995
 20
3519.7895313864283
 10
7575.455898961576
 20
3518.9953290540143
 10
7577.076426869986
 20
3518.3593187175575
 10
7578.752228190802
 20
3517.887821333541
 10
7580.466648057598
 20
3517.585522854759
 10
7582.202647795522
 20
3517.4554276593262
 10
7583.942974259262
 20
3517.4988286917214
 10
7585.670331302506
 20
3517.7152946130373
 10
7587.36755167495
 20
3518.102674087655
 10
7589.017767637997
 20
3518.6571171643154
 10
7590.604578604049
 20
3519.3731135386333
 10
7592.112214132765
 20
3520.24354731699
 10
7593.525690664974
 20
3521.259767737414
 10
7594.830960435822
 20
3522.411675144802
 10
7596.015051087976
 20
3523.687821365864
 10
7597.066194596497
 20
3525.07552348607
 10
7597.97394422497
 20
3526.5609898983384
 10
7598.729278349783
 20
3528.129457370058
 10
7599.324690121051
 20
3529.7653377668466
 10
7599.754262069066
 20
3531.452372974396
 10
7600.01372491481
 20
3533.1737964788335
 10
7600.1005000000005
 20
3534.912500000006
  0
TEXT
  5
8B
330
17
100
AcDbEntity
  8
NESTED_RESULT
100
AcDbText
 10
8285.933718871995
 20
3302.9154205322384
 30
0.0
 40
80.0
  1
511-B
 72
1
 11
8285.933718871995
 21
3302.9154205322384
 31
0.0
100
AcDbText
 73
2
  0
LWPOLYLINE
  5
8C
330
17
100
AcDbEntity
  8
NESTED_RESULT
 62
1
100
AcDbPolyline
 90
5
 70
0
 10
10200.0
 20
2000.0
 10
13400.0
 20
2000.0
 10
13400.0
 20
3800.0
 10
10200.0
 20
3800.0
 10
10200.0
 20
2000.0
  0
TEXT
  5
8D
330
17
100
AcDbEntity
  8
NESTED_RESULT
 62
1
100
AcDbText
 10
10200.0
 20
3830.0
 30
0.0
 40
50.0
  1
Sheet_10
 11
10200.0
 21
3830.0
 31
0.0
100
AcDbText
 73
1
  0
LWPOLYLINE
  5
8E
330
17
100
AcDbEntity
  8
NESTED_RESULT
100
AcDbPolyline
 90
9
 70
0
 10
11987.525000000023
 20
2977.7000000000116
 10
10203.175000000017
 20
2977.7000000000116
 10
10200.0
 20
2974.524999999994
 10
10200.0
 20
2003.1749999999884
 10
10203.175000000017
 20
2000.0
 10
11987.525000000023
 20
2000.0
 10
11990.700000000012
 20
2003.1749999999884
 10
11990.700000000012
 20
2974.524999999994
 10
11987.525000000023
 20
2977.7000000000116
  0
TEXT
  5
8F
330
17
100
AcDbEntity
  8
NESTED_RESULT
100
AcDbText
 10
11095.350000000006
 20
2488.850000000006
 30
0.0
 40
80.0
  1
512-C
 72
1
 11
11095.350000000006
 21
2488.850000000006
 31
0.0
100
AcDbText
 73
2
  0
LWPOLYLINE
  5
90
330
17
100
AcDbEntity
  8
NESTED_RESULT
100
AcDbPolyline
 90
9
 70
0
 10
11990.800000000105
 20
3787.524999999994
 10
11990.800000000105
 20
2003.1749999999884
 10
11993.975000000006
 20
2000.0
 10
12965.325000000099
 20
2000.0
 10
12968.5
 20
2003.1749999999884
 10
12968.5
 20
3787.524999999994
 10
12965.325000000099
 20
3790.7000000000116
 10
11993.975000000006
 20
3790.7000000000116
 10
11990.800000000105
 20
3787.524999999994
  0
TEXT
  5
91
330
17
100
AcDbEntity
  8
NESTED_RESULT
100
AcDbText
 10
12479.650000000052
 20
2895.3499999999913
 30
0.0
 40
80.0
  1
410-C
 72
1
 11
12479.650000000052
 21
2895.3499999999913
 31
0.0
100
AcDbText
 73
2
  0
LWPOLYLINE
  5
92
330
17
100
AcDbEntity
  8
NESTED_RESULT
100
AcDbPolyline
 90
7
 70
0
 10
10200.0
 20
3628.574999999895
 10
11917.675000000003
 20
3628.574999999895
 10
11917.675000000003
 20
2980.8749999999127
 10
11914.5
 20
2977.7000000000116
 10
10203.175000000003
 20
2977.7000000000116
 10
10200.0
 20
2980.8749999999127
 10
10200.0
 20
3628.574999999895
  0
LWPOLYLINE
  5
93
330
17
100
AcDbEntity
  8
NESTED_RESULT
100
AcDbPolyline
 90
9
 70
0
 10
10919.137000000002
 20
3479.350000000006
 10
11554.137000000002
 20
3479.350000000006
 10
11560.487000000008
 20
3473.0
 10
11560.487000000008
 20
3092.0
 10
11554.137000000002
 20
3085.6500000000233
 10
10919.137000000002
 20
3085.6500000000233
 10
10912.787000000011
 20
3092.0
 10
10912.787000000011
 20
3473.0
 10
10919.137000000002
 20
3479.350000000006
  0
LWPOLYLINE
  5
94
330
17
100
AcDbEntity
  8
NESTED_RESULT
100
AcDbPolyline
 90
64
 70
0
 10
11254.099499999997
 20
3534.912500000006
 10
11254.01272491482
 20
3536.651203521178
 10
11253.753262069062
 20
3538.3726270256157
 10
11253.323690121048
 20
3540.059662233165
 10
11252.728278349794
 20
3541.6955426299537
 10
11251.97294422498
 20
3543.264010101673
 10
11251.065194596493
 20
3544.7494765139418
 10
11250.014051087972
 20
3546.137178634148
 10
11248.829960435833
 20
3547.41332485521
 10
11247.524690664955
 20
3548.5652322625974
 10
11246.111214132761
 20
3549.581452683022
 10
11244.60357860403
 20
3550.4518864613783
 10
11243.016767638008
 20
3551.167882835696
 10
11241.366551674946
 20
3551.7223259123566
 10
11239.669331302517
 20
3552.1097053869744
 10
11237.941974259258
 20
3552.32617130829
 10
11236.201647795533
 20
3552.3695723406854
 10
11234.465648057594
 20
3552.2394771452527
 10
11232.751228190784
 20
3551.9371786664706
 10
11231.075426869982
 20
3551.465681282454
 10
11229.454898961587
 20
3550.8296709459973
 10
11227.905750000005
 20
3550.0354686135834
 10
11226.4433761236
 20
3549.090967424825
 10
11225.082311060964
 20
3548.0055542568443
 10
11223.836081688176
 20
3546.7900164333405
 10
11222.71707359262
 20
3545.456434515305
 10
11221.736407979508
 20
3544.018062239018
 10
11220.903831144256
 20
3542.4891947943543
 10
11220.227617609533
 20
3540.8850267528323
 10
11219.714487889229
 20
3539.2215010571817
 10
11219.369541697044
 20
3537.5151505731046
 10
11219.196207263216
 20
3535.7829337783623
 10
11219.196207263216
 20
3534.0420662216493
 10
11219.369541697044
 20
3532.309849426907
 10
11219.714487889229
 20
3530.60349894283
 10
11220.227617609533
 20
3528.9399732471793
 10
11220.903831144256
 20
3527.3358052056574
 10
11221.736407979508
 20
3525.8069377609936
 10
11222.71707359262
 20
3524.368565484707
 10
11223.836081688176
 20
3523.034983566671
 10
11225.082311060964
 20
3521.8194457431673
 10
11226.4433761236
 20
3520.7340325751866
 10
11227.905750000005
 20
3519.7895313864283
 10
11229.454898961587
 20
3518.9953290540143
 10
11231.075426869982
 20
3518.3593187175575
 10
11232.751228190784
 20
3517.887821333541
 10
11234.465648057594
 20
3517.585522854759
 10
11236.201647795533
 20
3517.4554276593262
 10
11237.941974259258
 20
3517.4988286917214
 10
11239.669331302517
 20
3517.7152946130373
 10
11241.366551674946
 20
3518.102674087655
 10
11243.016767638008
 20
3518.6571171643154
 10
11244.60357860403
 20
3519.3731135386333
 10
11246.111214132761
 20
3520.24354731699
 10
11247.524690664955
 20
3521.259767737414
 10
11248.829960435833
 20
3522.411675144802
 10
11250.014051087972
 20
3523.687821365864
 10
11251.065194596493
 20
3525.07552348607
 10
11251.97294422498
 20
3526.5609898983384
 10
11252.728278349794
 20
3528.129457370058
 10
11253.323690121048
 20
3529.7653377668466
 10
11253.753262069062
 20
3531.452372974396
 10
11254.01272491482
 20
3533.1737964788335
 10
11254.099499999997
 20
3534.912500000006
  0
TEXT
  5
95
330
17
100
AcDbEntity
  8
NESTED_RESULT
100
AcDbText
 10
10585.176876831056
 20
3303.3471771239765
 30
0.0
 40
80.0
  1
507-A
 72
1
 11
10585.176876831056
 21
3303.3471771239765
 31
0.0
100
AcDbText
 73
2
  0
LWPOLYLINE
  5
96
330
17
100
AcDbEntity
  8
NESTED_RESULT
 62
1
100
AcDbPolyline
 90
5
 70
0
 10
13600.0
 20
2000.0
 10
16800.0
 20
2000.0
 10
16800.0
 20
3800.0
 10
13600.0
 20
3800.0
 10
13600.0
 20
2000.0
  0
TEXT
  5
97
330
17
100
AcDbEntity
  8
NESTED_RESULT
 62
1
100
AcDbText
 10
13600.0
 20
3830.0
 30
0.0
 40
50.0
  1
Sheet_11
 11
13600.0
 21
3830.0
 31
0.0
100
AcDbText
 73
1
  0
LWPOLYLINE
  5
98
330
17
100
AcDbEntity
  8
NESTED_RESULT
100
AcDbPolyline
 90
9
 70
0
 10
13603.174999999901
 20
2977.899999999994
 10
15489.124999999898
 20
2977.899999999994
 10
15492.299999999901
 20
2974.725000000006
 10
15492.299999999901
 20
2003.1749999999884
 10
15489.124999999898
 20
2000.0
 10
13603.174999999901
 20
2000.0
 10
13600.0
 20
2003.1749999999884
 10
13600.0
 20
2974.725000000006
 10
13603.174999999901
 20
2977.899999999994
  0
TEXT
  5
99
330
17
100
AcDbEntity
  8
NESTED_RESULT
100
AcDbText
 10
14546.14999999995
 20
2488.949999999997
 30
0.0
 40
80.0
  1
523-C
 72
1
 11
14546.14999999995
 21
2488.949999999997
 31
0.0
100
AcDbText
 73
2
  0
LWPOLYLINE
  5
9A
330
17
100
AcDbEntity
  8
NESTED_RESULT
100
AcDbPolyline
 90
9
 70
0
 10
16470.0
 20
2003.1749999999884
 10
16470.0
 20
3787.524999999994
 10
16466.82500000001
 20
3790.7000000000116
 10
15495.475000000006
 20
3790.7000000000116
 10
15492.299999999988
 20
3787.524999999994
 10
15492.299999999988
 20
2003.1749999999884
 10
15495.475000000006
 20
2000.0
 10
16466.82500000001
 20
2000.0
 10
16470.0
 20
2003.1749999999884
  0
TEXT
  5
9B
330
17
100
AcDbEntity
  8
NESTED_RESULT
100
AcDbText
 10
15981.149999999994
 20
2895.3499999999913
 30
0.0
 40
80.0
  1
417-C
 72
1
 11
15981.149999999994
 21
2895.3499999999913
 31
0.0
100
AcDbText
 73
2
  0
LWPOLYLINE
  5
9C
330
17
100
AcDbEntity
  8
NESTED_RESULT
100
AcDbPolyline
 90
7
 70
0
 10
13600.0
 20
3628.774999999994
 10
15419.274999999994
 20
3628.774999999994
 10
15419.274999999994
 20
2981.0749999999825
 10
15416.099999999991
 20
2977.899999999994
 10
13603.174999999988
 20
2977.899999999994
 10
13600.0
 20
2981.0749999999825
 10
13600.0
 20
3628.774999999994
  0
LWPOLYLINE
  5
9D
330
17
100
AcDbEntity
  8
NESTED_RESULT
100
AcDbPolyline
 90
9
 70
0
 10
14319.136999999988
 20
3479.550000000105
 10
14954.136999999988
 20
3479.550000000105
 10
14960.486999999994
 20
3473.200000000099
 10
14960.486999999994
 20
3092.200000000099
 10
14954.136999999988
 20
3085.850000000006
 10
14319.136999999988
 20
3085.850000000006
 10
14312.786999999997
 20
3092.200000000099
 10
14312.786999999997
 20
3473.200000000099
 10
14319.136999999988
 20
3479.550000000105
  0
LWPOLYLINE
  5
9E
330
17
100
AcDbEntity
  8
NESTED_RESULT
100
AcDbPolyline
 90
64
 70
0
 10
14654.099499999982
 20
3535.112500000105
 10
14654.012724914806
 20
3536.851203521277
 10
14653.753262069047
 20
3538.5726270257146
 10
14653.323690121033
 20
3540.259662233264
 10
14652.72827834978
 20
3541.8955426300527
 10
14651.972944224966
 20
3543.464010101772
 10
14651.065194596478
 20
3544.9494765140407
 10
14650.014051087957
 20
3546.337178634247
 10
14648.829960435818
 20
3547.6133248553087
 10
14647.52469066494
 20
3548.7652322626964
 10
14646.111214132747
 20
3549.7814526831207
 10
14644.603578604016
 20
3550.6518864614773
 10
14643.016767637993
 20
3551.367882835795
 10
14641.366551674932
 20
3551.9223259124556
 10
14639.669331302503
 20
3552.3097053870733
 10
14637.941974259244
 20
3552.526171308389
 10
14636.201647795519
 20
3552.5695723407844
 10
14634.46564805758
 20
3552.4394771453517
 10
14632.75122819077
 20
3552.1371786665695
 10
14631.075426869967
 20
3551.665681282553
 10
14629.454898961572
 20
3551.0296709460963
 10
14627.90574999999
 20
3550.2354686136823
 10
14626.443376123585
 20
3549.290967424924
 10
14625.082311060949
 20
3548.2055542569433
 10
14623.836081688161
 20
3546.9900164334395
 10
14622.717073592605
 20
3545.656434515404
 10
14621.736407979493
 20
3544.218062239117
 10
14620.903831144242
 20
3542.689194794453
 10
14620.227617609518
 20
3541.0850267529313
 10
14619.714487889214
 20
3539.4215010572807
 10
14619.36954169703
 20
3537.7151505732036
 10
14619.196207263201
 20
3535.9829337784613
 10
14619.196207263201
 20
3534.2420662217482
 10
14619.36954169703
 20
3532.509849427006
 10
14619.714487889214
 20
3530.803498942929
 10
14620.227617609518
 20
3529.1399732472782
 10
14620.903831144242
 20
3527.5358052057563
 10
14621.736407979493
 20
3526.0069377610926
 10
14622.717073592605
 20
3524.5685654848057
 10
14623.836081688161
 20
3523.23498356677
 10
14625.082311060949
 20
3522.0194457432663
 10
14626.443376123585
 20
3520.9340325752855
 10
14627.90574999999
 20
3519.9895313865272
 10
14629.454898961572
 20
3519.1953290541132
 10
14631.075426869967
 20
3518.5593187176564
 10
14632.75122819077
 20
3518.08782133364
 10
14634.46564805758
 20
3517.785522854858
 10
14636.201647795519
 20
3517.655427659425
 10
14637.941974259244
 20
3517.6988286918204
 10
14639.669331302503
 20
3517.915294613136
 10
14641.366551674932
 20
3518.302674087754
 10
14643.016767637993
 20
3518.8571171644144
 10
14644.603578604016
 20
3519.5731135387323
 10
14646.111214132747
 20
3520.443547317089
 10
14647.52469066494
 20
3521.459767737513
 10
14648.829960435818
 20
3522.611675144901
 10
14650.014051087957
 20
3523.8878213659627
 10
14651.065194596478
 20
3525.275523486169
 10
14651.972944224966
 20
3526.7609898984374
 10
14652.72827834978
 20
3528.329457370157
 10
14653.323690121033
 20
3529.9653377669456
 10
14653.753262069047
 20
3531.652372974495
 10
14654.012724914806
 20
3533.3737964789325
 10
14654.099499999982
 20
3535.112500000105
  0
TEXT
  5
9F
330
17
100
AcDbEntity
  8
NESTED_RESULT
100
AcDbText
 10
13982.642922973631
 20
3303.115420532221
 30
0.0
 40
80.0
  1
414-A
 72
1
 11
13982.642922973631
 21
3303.115420532221
 31
0.0
100
AcDbText
 73
2
  0
LWPOLYLINE
  5
A0
330
17
100
AcDbEntity
  8
NESTED_RESULT
 62
1
100
AcDbPolyline
 90
5
 70
0
 10
17000.0
 20
2000.0
 10
20200.0
 20
2000.0
 10
20200.0
 20
3800.0
 10
17000.0
 20
3800.0
 10
17000.0
 20
2000.0
  0
TEXT
  5
A1
330
17
100
AcDbEntity
  8
NESTED_RESULT
 62
1
100
AcDbText
 10
17000.0
 20
3830.0
 30
0.0
 40
50.0
  1
Sheet_12
 11
17000.0
 21
3830.0
 31
0.0
100
AcDbText
 73
1
  0
LWPOLYLINE
  5
A2
330
17
100
AcDbEntity
  8
NESTED_RESULT
100
AcDbPolyline
 90
9
 70
0
 10
17003.174999999872
 20
2977.899999999994
 10
18889.125
 20
2977.899999999994
 10
18892.29999999999
 20
2974.725000000006
 10
18892.29999999999
 20
2003.1749999999884
 10
18889.125
 20
2000.0
 10
17003.174999999872
 20
2000.0
 10
17000.0
 20
2003.1749999999884
 10
17000.0
 20
2974.725000000006
 10
17003.174999999872
 20
2977.899999999994
  0
TEXT
  5
A3
330
17
100
AcDbEntity
  8
NESTED_RESULT
100
AcDbText
 10
17946.149999999994
 20
2488.949999999997
 30
0.0
 40
80.0
  1
401-C
 72
1
 11
17946.149999999994
 21
2488.949999999997
 31
0.0
100
AcDbText
 73
2
  0
LWPOLYLINE
  5
A4
330
17
100
AcDbEntity
  8
NESTED_RESULT
100
AcDbPolyline
 90
9
 70
0
 10
18892.29999999999
 20
3787.5250000000233
 10
18892.29999999999
 20
2003.1749999999884
 10
18895.475000000006
 20
2000.0
 10
19866.824999999983
 20
2000.0
 10
19870.0
 20
2003.1749999999884
 10
19870.0
 20
3787.5250000000233
 10
19866.824999999983
 20
3790.7000000000116
 10
18895.475000000006
 20
3790.7000000000116
 10
18892.29999999999
 20
3787.5250000000233
  0
TEXT
  5
A5
330
17
100
AcDbEntity
  8
NESTED_RESULT
100
AcDbText
 10
19381.149999999994
 20
2895.350000000006
 30
0.0
 40
80.0
  1
517-C
 72
1
 11
19381.149999999994
 21
2895.350000000006
 31
0.0
100
AcDbText
 73
2
  0
LWPOLYLINE
  5
A6
330
17
100
AcDbEntity
  8
NESTED_RESULT
100
AcDbPolyline
 90
7
 70
0
 10
17000.0
 20
3625.5999999999767
 10
18819.274999999994
 20
3625.5999999999767
 10
18819.274999999994
 20
2981.0749999999825
 10
18816.09999999999
 20
2977.899999999994
 10
17003.17499999999
 20
2977.899999999994
 10
17000.0
 20
2981.0749999999825
 10
17000.0
 20
3625.5999999999767
  0
LWPOLYLINE
  5
A7
330
17
100
AcDbEntity
  8
NESTED_RESULT
100
AcDbPolyline
 90
9
 70
0
 10
17719.136999999988
 20
3479.5499999999884
 10
18354.136999999988
 20
3479.5499999999884
 10
18360.486999999994
 20
3473.1999999999825
 10
18360.486999999994
 20
3092.1999999999825
 10
18354.136999999988
 20
3085.8499999999767
 10
17719.136999999988
 20
3085.8499999999767
 10
17712.786999999997
 20
3092.1999999999825
 10
17712.786999999997
 20
3473.1999999999825
 10
17719.136999999988
 20
3479.5499999999884
  0
LWPOLYLINE
  5
A8
330
17
100
AcDbEntity
  8
NESTED_RESULT
100
AcDbPolyline
 90
64
 70
0
 10
18054.099499999982
 20
3535.1124999999884
 10
18054.012724914806
 20
3536.8512035211606
 10
18053.753262069047
 20
3538.572627025598
 10
18053.323690121033
 20
3540.2596622331475
 10
18052.72827834978
 20
3541.8955426299362
 10
18051.972944224966
 20
3543.4640101016557
 10
18051.06519459648
 20
3544.9494765139243
 10
18050.014051087957
 20
3546.3371786341304
 10
18048.829960435818
 20
3547.6133248551923
 10
18047.52469066494
 20
3548.76523226258
 10
18046.111214132747
 20
3549.7814526830043
 10
18044.603578604016
 20
3550.651886461361
 10
18043.016767637993
 20
3551.3678828356788
 10
18041.36655167493
 20
3551.922325912339
 10
18039.669331302503
 20
3552.309705386957
 10
18037.941974259244
 20
3552.5261713082728
 10
18036.20164779552
 20
3552.569572340668
 10
18034.46564805758
 20
3552.4394771452353
 10
18032.75122819077
 20
3552.137178666453
 10
18031.075426869967
 20
3551.6656812824367
 10
18029.454898961572
 20
3551.02967094598
 10
18027.90574999999
 20
3550.235468613566
 10
18026.443376123585
 20
3549.2909674248076
 10
18025.08231106095
 20
3548.205554256827
 10
18023.83608168816
 20
3546.990016433323
 10
18022.717073592605
 20
3545.6564345152874
 10
18021.736407979493
 20
3544.2180622390006
 10
18020.903831144242
 20
3542.689194794337
 10
18020.22761760952
 20
3541.085026752815
 10
18019.714487889214
 20
3539.4215010571643
 10
18019.36954169703
 20
3537.715150573087
 10
18019.1962072632
 20
3535.982933778345
 10
18019.1962072632
 20
3534.242066221632
 10
18019.36954169703
 20
3532.5098494268896
 10
18019.714487889214
 20
3530.8034989428124
 10
18020.22761760952
 20
3529.139973247162
 10
18020.903831144242
 20
3527.53580520564
 10
18021.736407979493
 20
3526.006937760976
 10
18022.717073592605
 20
3524.5685654846893
 10
18023.83608168816
 20
3523.2349835666537
 10
18025.08231106095
 20
3522.01944574315
 10
18026.443376123585
 20
3520.934032575169
 10
18027.90574999999
 20
3519.989531386411
 10
18029.454898961572
 20
3519.195329053997
 10
18031.075426869967
 20
3518.55931871754
 10
18032.75122819077
 20
3518.0878213335236
 10
18034.46564805758
 20
3517.7855228547414
 10
18036.20164779552
 20
3517.6554276593088
 10
18037.941974259244
 20
3517.698828691704
 10
18039.669331302503
 20
3517.91529461302
 10
18041.36655167493
 20
3518.3026740876376
 10
18043.016767637993
 20
3518.857117164298
 10
18044.603578604016
 20
3519.573113538616
 10
18046.111214132747
 20
3520.4435473169724
 10
18047.52469066494
 20
3521.4597677373968
 10
18048.829960435818
 20
3522.6116751447844
 10
18050.014051087957
 20
3523.8878213658463
 10
18051.06519459648
 20
3525.2755234860524
 10
18051.972944224966
 20
3526.760989898321
 10
18052.72827834978
 20
3528.3294573700405
 10
18053.323690121033
 20
3529.965337766829
 10
18053.753262069047
 20
3531.6523729743785
 10
18054.012724914806
 20
3533.373796478816
 10
18054.099499999982
 20
3535.1124999999884
  0
TEXT
  5
A9
330
17
100
AcDbEntity
  8
NESTED_RESULT
100
AcDbText
 10
17327.56721496582
 20
3301.9720794677587
 30
0.0
 40
80.0
  1
516-A
 72
1
 11
17327.56721496582
 21
3301.9720794677587
 31
0.0
100
AcDbText
 73
2
  0
LWPOLYLINE
  5
AA
330
17
100
AcDbEntity
  8
NESTED_RESULT
 62
1
100
AcDbPolyline
 90
5
 70
0
 10
0.0
 20
4000.0
 10
3200.0
 20
4000.0
 10
3200.0
 20
5800.0
 10
0.0
 20
5800.0
 10
0.0
 20
4000.0
  0
TEXT
  5
AB
330
17
100
AcDbEntity
  8
NESTED_RESULT
 62
1
100
AcDbText
 10
0.0
 20
5830.0
 30
0.0
 40
50.0
  1
Sheet_13
 11
0.0
 21
5830.0
 31
0.0
100
AcDbText
 73
1
  0
LWPOLYLINE
  5
AC
330
17
100
AcDbEntity
  8
NESTED_RESULT
100
AcDbPolyline
 90
9
 70
0
 10
3.1749999999883585
 20
4977.900000000023
 10
1889.125
 20
4977.900000000023
 10
1892.2999999999884
 20
4974.725000000006
 10
1892.2999999999884
 20
4003.1750000000175
 10
1889.125
 20
4000.0
 10
3.1749999999883585
 20
4000.0
 10
0.0
 20
4003.1750000000175
 10
0.0
 20
4974.725000000006
 10
3.1749999999883585
 20
4977.900000000023
  0
TEXT
  5
AD
330
17
100
AcDbEntity
  8
NESTED_RESULT
100
AcDbText
 10
946.1499999999942
 20
4488.950000000012
 30
0.0
 40
80.0
  1
521-C
 72
1
 11
946.1499999999942
 21
4488.950000000012
 31
0.0
100
AcDbText
 73
2
  0
LWPOLYLINE
  5
AE
330
17
100
AcDbEntity
  8
NESTED_RESULT
100
AcDbPolyline
 90
9
 70
0
 10
1892.2999999999884
 20
5787.524999999994
 10
1892.2999999999884
 20
4003.1749999999884
 10
1895.4749999999767
 20
4000.0
 10
2866.8249999999825
 20
4000.0
 10
2870.0
 20
4003.1749999999884
 10
2870.0
 20
5787.524999999994
 10
2866.8249999999825
 20
5790.700000000012
 10
1895.4749999999767
 20
5790.700000000012
 10
1892.2999999999884
 20
5787.524999999994
  0
TEXT
  5
AF
330
17
100
AcDbEntity
  8
NESTED_RESULT
100
AcDbText
 10
2381.149999999994
 20
4895.349999999991
 30
0.0
 40
80.0
  1
406-C
 72
1
 11
2381.149999999994
 21
4895.349999999991
 31
0.0
100
AcDbText
 73
2
  0
LWPOLYLINE
  5
B0
330
17
100
AcDbEntity
  8
NESTED_RESULT
100
AcDbPolyline
 90
7
 70
0
 10
0.0
 20
5625.600000000122
 10
1819.2749999999942
 20
5625.600000000122
 10
1819.2749999999942
 20
4981.075000000012
 10
1816.0999999999913
 20
4977.900000000023
 10
3.1750000000029104
 20
4977.900000000023
 10
0.0
 20
4981.075000000012
 10
0.0
 20
5625.600000000122
  0
LWPOLYLINE
  5
B1
330
17
100
AcDbEntity
  8
NESTED_RESULT
100
AcDbPolyline
 90
9
 70
0
 10
717.5500000000029
 20
5479.550000000105
 10
1352.550000000003
 20
5479.550000000105
 10
1358.8999999999942
 20
5473.200000000099
 10
1358.8999999999942
 20
5092.200000000099
 10
1352.550000000003
 20
5085.850000000122
 10
717.5500000000029
 20
5085.850000000122
 10
711.1999999999971
 20
5092.200000000099
 10
711.1999999999971
 20
5473.200000000099
 10
717.5500000000029
 20
5479.550000000105
  0
LWPOLYLINE
  5
B2
330
17
100
AcDbEntity
  8
NESTED_RESULT
100
AcDbPolyline
 90
64
 70
0
 10
1052.512499999997
 20
5535.112500000105
 10
1052.4257249148213
 20
5536.851203521277
 10
1052.1662620690622
 20
5538.572627025715
 10
1051.736690121048
 20
5540.259662233264
 10
1051.1412783497944
 20
5541.895542630053
 10
1050.3859442249814
 20
5543.464010101772
 10
1049.4781945964933
 20
5544.949476514041
 10
1048.4270510879724
 20
5546.337178634247
 10
1047.242960435833
 20
5547.613324855309
 10
1045.9376906649559
 20
5548.765232262696
 10
1044.5242141327617
 20
5549.781452683121
 10
1043.0165786040307
 20
5550.651886461477
 10
1041.4297676380083
 20
5551.367882835795
 10
1039.7795516749466
 20
5551.922325912456
 10
1038.0823313025176
 20
5552.309705387073
 10
1036.3549742592586
 20
5552.526171308389
 10
1034.6146477955335
 20
5552.569572340784
 10
1032.8786480575945
 20
5552.439477145352
 10
1031.1642281907843
 20
5552.1371786665695
 10
1029.4884268699825
 20
5551.665681282553
 10
1027.8678989615873
 20
5551.029670946096
 10
1026.3187500000058
 20
5550.235468613682
 10
1024.8563761236
 20
5549.290967424924
 10
1023.495311060964
 20
5548.205554256943
 10
1022.2490816881764
 20
5546.990016433439
 10
1021.1300735926197
 20
5545.656434515404
 10
1020.1494079795084
 20
5544.218062239117
 10
1019.3168311442569
 20
5542.689194794453
 10
1018.6406176095334
 20
5541.085026752931
 10
1018.1274878892291
 20
5539.421501057281
 10
1017.7825416970445
 20
5537.715150573204
 10
1017.6092072632164
 20
5535.982933778461
 10
1017.6092072632164
 20
5534.242066221748
 10
1017.7825416970445
 20
5532.509849427006
 10
1018.1274878892291
 20
5530.803498942929
 10
1018.6406176095334
 20
5529.139973247278
 10
1019.3168311442569
 20
5527.535805205756
 10
1020.1494079795084
 20
5526.006937761093
 10
1021.1300735926197
 20
5524.568565484806
 10
1022.2490816881764
 20
5523.23498356677
 10
1023.495311060964
 20
5522.019445743266
 10
1024.8563761236
 20
5520.9340325752855
 10
1026.3187500000058
 20
5519.989531386527
 10
1027.8678989615873
 20
5519.195329054113
 10
1029.4884268699825
 20
5518.559318717656
 10
1031.1642281907843
 20
5518.08782133364
 10
1032.8786480575945
 20
5517.785522854858
 10
1034.6146477955335
 20
5517.655427659425
 10
1036.3549742592586
 20
5517.69882869182
 10
1038.0823313025176
 20
5517.915294613136
 10
1039.7795516749466
 20
5518.302674087754
 10
1041.4297676380083
 20
5518.857117164414
 10
1043.0165786040307
 20
5519.573113538732
 10
1044.5242141327617
 20
5520.443547317089
 10
1045.9376906649559
 20
5521.459767737513
 10
1047.242960435833
 20
5522.611675144901
 10
1048.4270510879724
 20
5523.887821365963
 10
1049.4781945964933
 20
5525.275523486169
 10
1050.3859442249814
 20
5526.760989898437
 10
1051.1412783497944
 20
5528.329457370157
 10
1051.736690121048
 20
5529.965337766946
 10
1052.1662620690622
 20
5531.652372974495
 10
1052.4257249148213
 20
5533.3737964789325
 10
1052.512499999997
 20
5535.112500000105
  0
TEXT
  5
B3
330
17
100
AcDbEntity
  8
NESTED_RESULT
100
AcDbText
 10
377.31301574706913
 20
5301.5279205322995
 30
0.0
 40
80.0
  1
417-A
 72
1
 11
377.31301574706913
 21
5301.5279205322995
 31
0.0
100
AcDbText
 73
2
  0
LWPOLYLINE
  5
B4
330
17
100
AcDbEntity
  8
NESTED_RESULT
 62
1
100
AcDbPolyline
 90
5
 70
0
 10
3400.0
 20
4000.0
 10
6600.0
 20
4000.0
 10
6600.0
 20
5800.0
 10
3400.0
 20
5800.0
 10
3400.0
 20
4000.0
  0
TEXT
  5
B5
330
17
100
AcDbEntity
  8
NESTED_RESULT
 62
1
100
AcDbText
 10
3400.0
 20
5830.0
 30
0.0
 40
50.0
  1
Sheet_14
 11
3400.0
 21
5830.0
 31
0.0
100
AcDbText
 73
1
  0
LWPOLYLINE
  5
B6
330
17
100
AcDbEntity
  8
NESTED_RESULT
100
AcDbPolyline
 90
9
 70
0
 10
5187.524999999994
 20
4977.699999999895
 10
3403.1750000000175
 20
4977.699999999895
 10
3400.0
 20
4974.524999999878
 10
3400.0
 20
4003.174999999901
 10
3403.1750000000175
 20
4000.0
 10
5187.524999999994
 20
4000.0
 10
5190.700000000012
 20
4003.174999999901
 10
5190.700000000012
 20
4974.524999999878
 10
5187.524999999994
 20
4977.699999999895
  0
TEXT
  5
B7
330
17
100
AcDbEntity
  8
NESTED_RESULT
100
AcDbText
 10
4295.350000000006
 20
4488.849999999948
 30
0.0
 40
80.0
  1
511-C
 72
1
 11
4295.350000000006
 21
4488.849999999948
 31
0.0
100
AcDbText
 73
2
  0
LWPOLYLINE
  5
B8
330
17
100
AcDbEntity
  8
NESTED_RESULT
100
AcDbPolyline
 90
9
 70
0
 10
5190.800000000105
 20
5787.524999999907
 10
5190.800000000105
 20
4003.17499999993
 10
5193.975000000093
 20
4000.0
 10
6165.325000000099
 20
4000.0
 10
6168.5
 20
4003.17499999993
 10
6168.5
 20
5787.524999999907
 10
6165.325000000099
 20
5790.699999999895
 10
5193.975000000093
 20
5790.699999999895
 10
5190.800000000105
 20
5787.524999999907
  0
TEXT
  5
B9
330
17
100
AcDbEntity
  8
NESTED_RESULT
100
AcDbText
 10
5679.650000000052
 20
4895.3499999999185
 30
0.0
 40
80.0
  1
520-C
 72
1
 11
5679.650000000052
 21
4895.3499999999185
 31
0.0
100
AcDbText
 73
2
  0
LWPOLYLINE
  5
BA
330
17
100
AcDbEntity
  8
NESTED_RESULT
100
AcDbPolyline
 90
7
 70
0
 10
3400.0
 20
5628.574999999895
 10
5098.625
 20
5628.574999999895
 10
5098.625
 20
4980.874999999913
 10
5095.4499999999825
 20
4977.699999999895
 10
3403.1749999999884
 20
4977.699999999895
 10
3400.0
 20
4980.874999999913
 10
3400.0
 20
5628.574999999895
  0
LWPOLYLINE
  5
BB
330
17
100
AcDbEntity
  8
NESTED_RESULT
100
AcDbPolyline
 90
9
 70
0
 10
4100.0869999999995
 20
5479.3499999999185
 10
4735.0869999999995
 20
5479.3499999999185
 10
4741.436999999976
 20
5472.999999999913
 10
4741.436999999976
 20
5091.999999999913
 10
4735.0869999999995
 20
5085.649999999907
 10
4100.0869999999995
 20
5085.649999999907
 10
4093.7369999999937
 20
5091.999999999913
 10
4093.7369999999937
 20
5472.999999999913
 10
4100.0869999999995
 20
5479.3499999999185
  0
LWPOLYLINE
  5
BC
330
17
100
AcDbEntity
  8
NESTED_RESULT
100
AcDbPolyline
 90
64
 70
0
 10
4435.049499999994
 20
5534.9124999999185
 10
4434.962724914803
 20
5536.651203521091
 10
4434.703262069059
 20
5538.372627025528
 10
4434.273690121045
 20
5540.059662233078
 10
4433.6782783497765
 20
5541.695542629866
 10
4432.922944224963
 20
5543.264010101586
 10
4432.01519459649
 20
5544.7494765138545
 10
4430.964051087969
 20
5546.137178634061
 10
4429.779960435815
 20
5547.4133248551225
 10
4428.474690664967
 20
5548.56523226251
 10
4427.061214132758
 20
5549.5814526829345
 10
4425.553578604042
 20
5550.451886461291
 10
4423.96676763799
 20
5551.167882835609
 10
4422.316551674943
 20
5551.722325912269
 10
4420.6193313025
 20
5552.109705386887
 10
4418.891974259255
 20
5552.326171308203
 10
4417.151647795516
 20
5552.369572340598
 10
4415.415648057591
 20
5552.239477145165
 10
4413.7012281907955
 20
5551.937178666383
 10
4412.025426869979
 20
5551.465681282367
 10
4410.404898961569
 20
5550.82967094591
 10
4408.855749999988
 20
5550.035468613496
 10
4407.393376123597
 20
5549.090967424738
 10
4406.032311060961
 20
5548.005554256757
 10
4404.786081688158
 20
5546.790016433253
 10
4403.667073592631
 20
5545.456434515218
 10
4402.6864079794905
 20
5544.018062238931
 10
4401.8538311442535
 20
5542.489194794267
 10
4401.17761760953
 20
5540.885026752745
 10
4400.664487889211
 20
5539.221501057094
 10
4400.319541697041
 20
5537.515150573017
 10
4400.146207263228
 20
5535.782933778275
 10
4400.146207263228
 20
5534.042066221562
 10
4400.319541697041
 20
5532.30984942682
 10
4400.664487889211
 20
5530.603498942743
 10
4401.17761760953
 20
5528.939973247092
 10
4401.8538311442535
 20
5527.33580520557
 10
4402.6864079794905
 20
5525.806937760906
 10
4403.667073592631
 20
5524.3685654846195
 10
4404.786081688158
 20
5523.034983566584
 10
4406.032311060961
 20
5521.81944574308
 10
4407.393376123597
 20
5520.734032575099
 10
4408.855749999988
 20
5519.789531386341
 10
4410.404898961569
 20
5518.995329053927
 10
4412.025426869979
 20
5518.35931871747
 10
4413.7012281907955
 20
5517.887821333454
 10
4415.415648057591
 20
5517.585522854672
 10
4417.151647795516
 20
5517.455427659239
 10
4418.891974259255
 20
5517.498828691634
 10
4420.6193313025
 20
5517.71529461295
 10
4422.316551674943
 20
5518.102674087568
 10
4423.96676763799
 20
5518.657117164228
 10
4425.553578604042
 20
5519.373113538546
 10
4427.061214132758
 20
5520.243547316903
 10
4428.474690664967
 20
5521.259767737327
 10
4429.779960435815
 20
5522.4116751447145
 10
4430.964051087969
 20
5523.6878213657765
 10
4432.01519459649
 20
5525.075523485983
 10
4432.922944224963
 20
5526.560989898251
 10
4433.6782783497765
 20
5528.129457369971
 10
4434.273690121045
 20
5529.765337766759
 10
4434.703262069059
 20
5531.452372974309
 10
4434.962724914803
 20
5533.173796478746
 10
4435.049499999994
 20
5534.9124999999185
  0
TEXT
  5
BD
330
17
100
AcDbEntity
  8
NESTED_RESULT
100
AcDbText
 10
3728.2377166748047
 20
5302.930148315325
 30
0.0
 40
80.0
  1
407-A
 72
1
 11
3728.2377166748047
 21
5302.930148315325
 31
0.0
100
AcDbText
 73
2
  0
LWPOLYLINE
  5
BE
330
17
100
AcDbEntity
  8
NESTED_RESULT
 62
1
100
AcDbPolyline
 90
5
 70
0
 10
6800.0
 20
4000.0
 10
10000.0
 20
4000.0
 10
10000.0
 20
5800.0
 10
6800.0
 20
5800.0
 10
6800.0
 20
4000.0
  0
TEXT
  5
BF
330
17
100
AcDbEntity
  8
NESTED_RESULT
 62
1
100
AcDbText
 10
6800.0
 20
5830.0
 30
0.0
 40
50.0
  1
Sheet_15
 11
6800.0
 21
5830.0
 31
0.0
100
AcDbText
 73
1
  0
LWPOLYLINE
  5
C0
330
17
100
AcDbEntity
  8
NESTED_RESULT
100
AcDbPolyline
 90
9
 70
0
 10
6800.0
 20
5787.525000000023
 10
6800.0
 20
4003.1749999999884
 10
6803.174999999988
 20
4000.0
 10
7774.524999999994
 20
4000.0
 10
7777.6999999999825
 20
4003.1749999999884
 10
7777.6999999999825
 20
5787.525000000023
 10
7774.524999999994
 20
5790.700000000012
 10
6803.174999999988
 20
5790.700000000012
 10
6800.0
 20
5787.525000000023
  0
TEXT
  5
C1
330
17
100
AcDbEntity
  8
NESTED_RESULT
100
AcDbText
 10
7288.849999999991
 20
4895.350000000006
 30
0.0
 40
80.0
  1
513-C
 72
1
 11
7288.849999999991
 21
4895.350000000006
 31
0.0
100
AcDbText
 73
2
  0
LWPOLYLINE
  5
C2
330
17
100
AcDbEntity
  8
NESTED_RESULT
100
AcDbPolyline
 90
9
 70
0
 10
9565.224999999977
 20
4977.700000000012
 10
7780.874999999884
 20
4977.700000000012
 10
7777.6999999999825
 20
4974.525000000023
 10
7777.6999999999825
 20
4003.1750000000175
 10
7780.874999999884
 20
4000.0
 10
9565.224999999977
 20
4000.0
 10
9568.399999999878
 20
4003.1750000000175
 10
9568.399999999878
 20
4974.525000000023
 10
9565.224999999977
 20
4977.700000000012
  0
TEXT
  5
C3
330
17
100
AcDbEntity
  8
NESTED_RESULT
100
AcDbText
 10
8673.04999999993
 20
4488.850000000006
 30
0.0
 40
80.0
  1
514-C
 72
1
 11
8673.04999999993
 21
4488.850000000006
 31
0.0
100
AcDbText
 73
2
  0
LWPOLYLINE
  5
C4
330
17
100
AcDbEntity
  8
NESTED_RESULT
100
AcDbPolyline
 90
6
 70
0
 10
7777.6999999999825
 20
5641.275000000023
 10
9982.737999999983
 20
5641.275000000023
 10
9982.737999999983
 20
4980.875
 10
9979.562999999966
 20
4977.700000000012
 10
7777.6999999999825
 20
4977.700000000012
 10
7777.6999999999825
 20
5641.275000000023
  0
LWPOLYLINE
  5
C5
330
17
100
AcDbEntity
  8
NESTED_RESULT
100
AcDbPolyline
 90
9
 70
0
 10
8784.174999999988
 20
5479.350000000122
 10
9419.174999999988
 20
5479.350000000122
 10
9425.524999999965
 20
5473.000000000116
 10
9425.524999999965
 20
5092.000000000116
 10
9419.174999999988
 20
5085.650000000111
 10
8784.174999999988
 20
5085.650000000111
 10
8777.824999999983
 20
5092.000000000116
 10
8777.824999999983
 20
5473.000000000116
 10
8784.174999999988
 20
5479.350000000122
  0
LWPOLYLINE
  5
C6
330
17
100
AcDbEntity
  8
NESTED_RESULT
100
AcDbPolyline
 90
64
 70
0
 10
9119.137499999983
 20
5534.912500000006
 10
9119.050724914792
 20
5536.651203521178
 10
9118.791262069048
 20
5538.372627025616
 10
9118.361690121033
 20
5540.059662233165
 10
9117.766278349765
 20
5541.695542629954
 10
9117.010944224952
 20
5543.264010101673
 10
9116.103194596479
 20
5544.749476513942
 10
9115.052051087958
 20
5546.137178634148
 10
9113.867960435804
 20
5547.41332485521
 10
9112.562690664956
 20
5548.565232262597
 10
9111.149214132747
 20
5549.581452683022
 10
9109.64157860403
 20
5550.451886461378
 10
9108.05476763798
 20
5551.167882835696
 10
9106.404551674932
 20
5551.722325912357
 10
9104.707331302488
 20
5552.109705386974
 10
9102.979974259244
 20
5552.32617130829
 10
9101.239647795504
 20
5552.369572340685
 10
9099.50364805758
 20
5552.239477145253
 10
9097.789228190784
 20
5551.937178666471
 10
9096.113426869968
 20
5551.465681282454
 10
9094.492898961558
 20
5550.829670945997
 10
9092.943749999977
 20
5550.035468613583
 10
9091.481376123586
 20
5549.090967424825
 10
9090.12031106095
 20
5548.005554256844
 10
9088.874081688147
 20
5546.7900164333405
 10
9087.75507359262
 20
5545.456434515305
 10
9086.77440797948
 20
5544.018062239018
 10
9085.941831144242
 20
5542.489194794354
 10
9085.265617609519
 20
5540.885026752832
 10
9084.7524878892
 20
5539.221501057182
 10
9084.40754169703
 20
5537.515150573105
 10
9084.234207263216
 20
5535.782933778362
 10
9084.234207263216
 20
5534.042066221649
 10
9084.40754169703
 20
5532.309849426907
 10
9084.7524878892
 20
5530.60349894283
 10
9085.265617609519
 20
5528.939973247179
 10
9085.941831144242
 20
5527.335805205657
 10
9086.77440797948
 20
5525.806937760994
 10
9087.75507359262
 20
5524.368565484707
 10
9088.874081688147
 20
5523.034983566671
 10
9090.12031106095
 20
5521.819445743167
 10
9091.481376123586
 20
5520.734032575187
 10
9092.943749999977
 20
5519.789531386428
 10
9094.492898961558
 20
5518.995329054014
 10
9096.113426869968
 20
5518.3593187175575
 10
9097.789228190784
 20
5517.887821333541
 10
9099.50364805758
 20
5517.585522854759
 10
9101.239647795504
 20
5517.455427659326
 10
9102.979974259244
 20
5517.498828691721
 10
9104.707331302488
 20
5517.715294613037
 10
9106.404551674932
 20
5518.102674087655
 10
9108.05476763798
 20
5518.657117164315
 10
9109.64157860403
 20
5519.373113538633
 10
9111.149214132747
 20
5520.24354731699
 10
9112.562690664956
 20
5521.259767737414
 10
9113.867960435804
 20
5522.411675144802
 10
9115.052051087958
 20
5523.687821365864
 10
9116.103194596479
 20
5525.07552348607
 10
9117.010944224952
 20
5526.560989898338
 10
9117.766278349765
 20
5528.129457370058
 10
9118.361690121033
 20
5529.765337766847
 10
9118.791262069048
 20
5531.452372974396
 10
9119.050724914792
 20
5533.1737964788335
 10
9119.137499999983
 20
5534.912500000006
  0
TEXT
  5
C7
330
17
100
AcDbEntity
  8
NESTED_RESULT
100
AcDbText
 10
8299.081665771468
 20
5309.756669677752
 30
0.0
 40
80.0
  1
401-A
 72
1
 11
8299.081665771468
 21
5309.756669677752
 31
0.0
100
AcDbText
 73
2
  0
LWPOLYLINE
  5
C8
330
17
100
AcDbEntity
  8
NESTED_RESULT
 62
1
100
AcDbPolyline
 90
5
 70
0
 10
10200.0
 20
4000.0
 10
13400.0
 20
4000.0
 10
13400.0
 20
5800.0
 10
10200.0
 20
5800.0
 10
10200.0
 20
4000.0
  0
TEXT
  5
C9
330
17
100
AcDbEntity
  8
NESTED_RESULT
 62
1
100
AcDbText
 10
10200.0
 20
5830.0
 30
0.0
 40
50.0
  1
Sheet_16
 11
10200.0
 21
5830.0
 31
0.0
100
AcDbText
 73
1
  0
LWPOLYLINE
  5
CA
330
17
100
AcDbEntity
  8
NESTED_RESULT
100
AcDbPolyline
 90
9
 70
0
 10
12635.224999999977
 20
5200.150000000023
 10
10200.0
 20
5200.150000000023
 10
10200.0
 20
4000.0
 10
10844.524999999994
 20
4000.0
 10
10847.699999999983
 20
4003.1750000000175
 10
10847.699999999983
 20
4549.275000000023
 10
10850.875
 20
4552.450000000012
 10
12635.224999999977
 20
4552.450000000012
 10
12635.224999999977
 20
5200.150000000023
  0
LWPOLYLINE
  5
CB
330
17
100
AcDbEntity
  8
NESTED_RESULT
100
AcDbPolyline
 90
9
 70
0
 10
11206.474999999977
 20
5054.100000000006
 10
11841.474999999977
 20
5054.100000000006
 10
11847.824999999983
 20
5047.75
 10
11847.824999999983
 20
4666.75
 10
11841.474999999977
 20
4660.400000000023
 10
11206.474999999977
 20
4660.400000000023
 10
11200.125
 20
4666.75
 10
11200.125
 20
5047.75
 10
11206.474999999977
 20
5054.100000000006
  0
LWPOLYLINE
  5
CC
330
17
100
AcDbEntity
  8
NESTED_RESULT
100
AcDbPolyline
 90
64
 70
0
 10
11541.43749999997
 20
5109.662500000006
 10
11541.35072491478
 20
5111.401203521178
 10
11541.091262069036
 20
5113.122627025616
 10
11540.661690121022
 20
5114.809662233165
 10
11540.066278349754
 20
5116.445542629954
 10
11539.31094422494
 20
5118.014010101673
 10
11538.403194596467
 20
5119.499476513942
 10
11537.352051087946
 20
5120.887178634148
 10
11536.167960435792
 20
5122.16332485521
 10
11534.862690664944
 20
5123.315232262597
 10
11533.449214132736
 20
5124.331452683022
 10
11531.941578604019
 20
5125.201886461378
 10
11530.354767637968
 20
5125.917882835696
 10
11528.70455167492
 20
5126.472325912357
 10
11527.007331302477
 20
5126.859705386974
 10
11525.279974259232
 20
5127.07617130829
 10
11523.539647795493
 20
5127.119572340685
 10
11521.803648057568
 20
5126.989477145253
 10
11520.089228190773
 20
5126.687178666471
 10
11518.413426869956
 20
5126.215681282454
 10
11516.792898961547
 20
5125.579670945997
 10
11515.243749999965
 20
5124.785468613583
 10
11513.781376123574
 20
5123.840967424825
 10
11512.420311060938
 20
5122.755554256844
 10
11511.174081688136
 20
5121.5400164333405
 10
11510.055073592608
 20
5120.206434515305
 10
11509.074407979468
 20
5118.768062239018
 10
11508.24183114423
 20
5117.239194794354
 10
11507.565617609507
 20
5115.635026752832
 10
11507.052487889188
 20
5113.971501057182
 10
11506.707541697018
 20
5112.265150573105
 10
11506.534207263205
 20
5110.532933778362
 10
11506.534207263205
 20
5108.792066221649
 10
11506.707541697018
 20
5107.059849426907
 10
11507.052487889188
 20
5105.35349894283
 10
11507.565617609507
 20
5103.689973247179
 10
11508.24183114423
 20
5102.085805205657
 10
11509.074407979468
 20
5100.556937760994
 10
11510.055073592608
 20
5099.118565484707
 10
11511.174081688136
 20
5097.784983566671
 10
11512.420311060938
 20
5096.569445743167
 10
11513.781376123574
 20
5095.484032575187
 10
11515.243749999965
 20
5094.539531386428
 10
11516.792898961547
 20
5093.745329054014
 10
11518.413426869956
 20
5093.1093187175575
 10
11520.089228190773
 20
5092.637821333541
 10
11521.803648057568
 20
5092.335522854759
 10
11523.539647795493
 20
5092.205427659326
 10
11525.279974259232
 20
5092.248828691721
 10
11527.007331302477
 20
5092.465294613037
 10
11528.70455167492
 20
5092.852674087655
 10
11530.354767637968
 20
5093.407117164315
 10
11531.941578604019
 20
5094.123113538633
 10
11533.449214132736
 20
5094.99354731699
 10
11534.862690664944
 20
5096.009767737414
 10
11536.167960435792
 20
5097.161675144802
 10
11537.352051087946
 20
5098.437821365864
 10
11538.403194596467
 20
5099.82552348607
 10
11539.31094422494
 20
5101.310989898338
 10
11540.066278349754
 20
5102.879457370058
 10
11540.661690121022
 20
5104.515337766847
 10
11541.091262069036
 20
5106.202372974396
 10
11541.35072491478
 20
5107.9237964788335
 10
11541.43749999997
 20
5109.662500000006
  0
TEXT
  5
CD
330
17
100
AcDbEntity
  8
NESTED_RESULT
100
AcDbText
 10
10580.20663757324
 20
4819.756552124033
 30
0.0
 40
80.0
  1
420-A
 72
1
 11
10580.20663757324
 21
4819.756552124033
 31
0.0
100
AcDbText
 73
2
  0
LWPOLYLINE
  5
CE
330
17
100
AcDbEntity
  8
NESTED_RESULT
100
AcDbPolyline
 90
5
 70
0
 10
12635.299999999988
 20
4000.0
 10
12635.299999999988
 20
5676.399999999994
 10
13219.5
 20
5676.399999999994
 10
13219.5
 20
4000.0
 10
12635.299999999988
 20
4000.0
  0
LWPOLYLINE
  5
CF
330
17
100
AcDbEntity
  8
NESTED_RESULT
100
AcDbPolyline
 90
9
 70
0
 10
12800.399999999994
 20
5022.349999999977
 10
12800.399999999994
 20
5441.4499999999825
 10
12813.100000000006
 20
5454.149999999994
 10
13079.799999999988
 20
5454.149999999994
 10
13092.5
 20
5441.4499999999825
 10
13092.5
 20
5022.349999999977
 10
13079.799999999988
 20
5009.649999999994
 10
12813.100000000006
 20
5009.649999999994
 10
12800.399999999994
 20
5022.349999999977
  0
LWPOLYLINE
  5
D0
330
17
100
AcDbEntity
  8
NESTED_RESULT
100
AcDbPolyline
 90
9
 70
0
 10
12800.399999999994
 20
4228.599999999977
 10
12800.399999999994
 20
4647.6999999999825
 10
12813.100000000006
 20
4660.399999999994
 10
13079.799999999988
 20
4660.399999999994
 10
13092.5
 20
4647.6999999999825
 10
13092.5
 20
4228.599999999977
 10
13079.799999999988
 20
4215.899999999994
 10
12813.100000000006
 20
4215.899999999994
 10
12800.399999999994
 20
4228.599999999977
  0
LWPOLYLINE
  5
D1
330
17
100
AcDbEntity
  8
NESTED_RESULT
100
AcDbPolyline
 90
64
 70
0
 10
12732.137499999983
 20
4455.612499999988
 10
12730.39879647881
 20
4455.525724914798
 10
12728.677372974373
 20
4455.2662620690535
 10
12726.990337766823
 20
4454.836690121039
 10
12725.354457370035
 20
4454.241278349771
 10
12723.785989898315
 20
4453.485944224958
 10
12722.300523486047
 20
4452.5781945964845
 10
12720.91282136584
 20
4451.527051087964
 10
12719.636675144779
 20
4450.34296043581
 10
12718.484767737391
 20
4449.037690664962
 10
12717.468547316967
 20
4447.624214132753
 10
12716.59811353861
 20
4446.1165786040365
 10
12715.882117164292
 20
4444.529767637985
 10
12715.327674087632
 20
4442.879551674938
 10
12714.940294613014
 20
4441.182331302494
 10
12714.723828691698
 20
4439.45497425925
 10
12714.680427659303
 20
4437.71464779551
 10
12714.810522854736
 20
4435.978648057586
 10
12715.112821333518
 20
4434.26422819079
 10
12715.584318717534
 20
4432.588426869974
 10
12716.220329053991
 20
4430.967898961564
 10
12717.014531386405
 20
4429.4187499999825
 10
12717.959032575163
 20
4427.956376123591
 10
12719.044445743144
 20
4426.595311060955
 10
12720.259983566648
 20
4425.349081688153
 10
12721.593565484683
 20
4424.230073592626
 10
12723.03193776097
 20
4423.249407979485
 10
12724.560805205634
 20
4422.416831144248
 10
12726.164973247156
 20
4421.740617609525
 10
12727.828498942807
 20
4421.227487889206
 10
12729.534849426884
 20
4420.882541697036
 10
12731.267066221626
 20
4420.709207263222
 10
12733.007933778339
 20
4420.709207263222
 10
12734.740150573081
 20
4420.882541697036
 10
12736.446501057158
 20
4421.227487889206
 10
12738.110026752809
 20
4421.740617609525
 10
12739.714194794331
 20
4422.416831144248
 10
12741.243062238995
 20
4423.249407979485
 10
12742.681434515282
 20
4424.230073592626
 10
12744.015016433317
 20
4425.349081688153
 10
12745.230554256821
 20
4426.595311060955
 10
12746.315967424802
 20
4427.956376123591
 10
12747.26046861356
 20
4429.4187499999825
 10
12748.054670945974
 20
4430.967898961564
 10
12748.69068128243
 20
4432.588426869974
 10
12749.162178666447
 20
4434.26422819079
 10
12749.46447714523
 20
4435.978648057586
 10
12749.594572340662
 20
4437.71464779551
 10
12749.551171308267
 20
4439.45497425925
 10
12749.334705386951
 20
4441.182331302494
 10
12748.947325912333
 20
4442.879551674938
 10
12748.392882835673
 20
4444.529767637985
 10
12747.676886461355
 20
4446.1165786040365
 10
12746.806452682998
 20
4447.624214132753
 10
12745.790232262574
 20
4449.037690664962
 10
12744.638324855187
 20
4450.34296043581
 10
12743.362178634125
 20
4451.527051087964
 10
12741.974476513918
 20
4452.5781945964845
 10
12740.48901010165
 20
4453.485944224958
 10
12738.92054262993
 20
4454.241278349771
 10
12737.284662233142
 20
4454.836690121039
 10
12735.597627025592
 20
4455.2662620690535
 10
12733.876203521155
 20
4455.525724914798
 10
12732.137499999983
 20
4455.612499999988
  0
LWPOLYLINE
  5
D2
330
17
100
AcDbEntity
  8
NESTED_RESULT
100
AcDbPolyline
 90
64
 70
0
 10
12732.137499999983
 20
5249.362499999988
 10
12730.39879647881
 20
5249.275724914798
 10
12728.677372974373
 20
5249.0162620690535
 10
12726.990337766823
 20
5248.586690121039
 10
12725.354457370035
 20
5247.991278349771
 10
12723.785989898315
 20
5247.235944224958
 10
12722.300523486047
 20
5246.3281945964845
 10
12720.91282136584
 20
5245.277051087964
 10
12719.636675144779
 20
5244.09296043581
 10
12718.484767737391
 20
5242.787690664962
 10
12717.468547316967
 20
5241.374214132753
 10
12716.59811353861
 20
5239.8665786040365
 10
12715.882117164292
 20
5238.279767637985
 10
12715.327674087632
 20
5236.629551674938
 10
12714.940294613014
 20
5234.932331302494
 10
12714.723828691698
 20
5233.20497425925
 10
12714.680427659303
 20
5231.46464779551
 10
12714.810522854736
 20
5229.728648057586
 10
12715.112821333518
 20
5228.01422819079
 10
12715.584318717534
 20
5226.338426869974
 10
12716.220329053991
 20
5224.717898961564
 10
12717.014531386405
 20
5223.1687499999825
 10
12717.959032575163
 20
5221.706376123591
 10
12719.044445743144
 20
5220.345311060955
 10
12720.259983566648
 20
5219.099081688153
 10
12721.593565484683
 20
5217.980073592626
 10
12723.03193776097
 20
5216.999407979485
 10
12724.560805205634
 20
5216.166831144248
 10
12726.164973247156
 20
5215.490617609525
 10
12727.828498942807
 20
5214.977487889206
 10
12729.534849426884
 20
5214.632541697036
 10
12731.267066221626
 20
5214.459207263222
 10
12733.007933778339
 20
5214.459207263222
 10
12734.740150573081
 20
5214.632541697036
 10
12736.446501057158
 20
5214.977487889206
 10
12738.110026752809
 20
5215.490617609525
 10
12739.714194794331
 20
5216.166831144248
 10
12741.243062238995
 20
5216.999407979485
 10
12742.681434515282
 20
5217.980073592626
 10
12744.015016433317
 20
5219.099081688153
 10
12745.230554256821
 20
5220.345311060955
 10
12746.315967424802
 20
5221.706376123591
 10
12747.26046861356
 20
5223.1687499999825
 10
12748.054670945974
 20
5224.717898961564
 10
12748.69068128243
 20
5226.338426869974
 10
12749.162178666447
 20
5228.01422819079
 10
12749.46447714523
 20
5229.728648057586
 10
12749.594572340662
 20
5231.46464779551
 10
12749.551171308267
 20
5233.20497425925
 10
12749.334705386951
 20
5234.932331302494
 10
12748.947325912333
 20
5236.629551674938
 10
12748.392882835673
 20
5238.279767637985
 10
12747.676886461355
 20
5239.8665786040365
 10
12746.806452682998
 20
5241.374214132753
 10
12745.790232262574
 20
5242.787690664962
 10
12744.638324855187
 20
5244.09296043581
 10
12743.362178634125
 20
5245.277051087964
 10
12741.974476513918
 20
5246.3281945964845
 10
12740.48901010165
 20
5247.235944224958
 10
12738.92054262993
 20
5247.991278349771
 10
12737.284662233142
 20
5248.586690121039
 10
12735.597627025592
 20
5249.0162620690535
 10
12733.876203521155
 20
5249.275724914798
 10
12732.137499999983
 20
5249.362499999988
  0
TEXT
  5
D3
330
17
100
AcDbEntity
  8
NESTED_RESULT
100
AcDbText
 10
12927.399999999994
 20
4835.024999999994
 30
0.0
 40
80.0
  1
502-E
 72
1
 11
12927.399999999994
 21
4835.024999999994
 31
0.0
100
AcDbText
 73
2
  0
LWPOLYLINE
  5
D4
330
17
100
AcDbEntity
  8
NESTED_RESULT
100
AcDbPolyline
 90
5
 70
0
 10
10200.0
 20
5784.350000000035
 10
11673.200000000012
 20
5784.350000000035
 10
11673.200000000012
 20
5200.150000000023
 10
10200.0
 20
5200.150000000023
 10
10200.0
 20
5784.350000000035
  0
LWPOLYLINE
  5
D5
330
17
100
AcDbEntity
  8
NESTED_RESULT
100
AcDbPolyline
 90
9
 70
0
 10
10323.825000000012
 20
5619.250000000029
 10
10742.924999999901
 20
5619.250000000029
 10
10755.624999999913
 20
5606.5500000000175
 10
10755.624999999913
 20
5339.850000000035
 10
10742.924999999901
 20
5327.150000000023
 10
10323.825000000012
 20
5327.150000000023
 10
10311.124999999913
 20
5339.850000000035
 10
10311.124999999913
 20
5606.5500000000175
 10
10323.825000000012
 20
5619.250000000029
  0
LWPOLYLINE
  5
D6
330
17
100
AcDbEntity
  8
NESTED_RESULT
100
AcDbPolyline
 90
64
 70
0
 10
10550.837499999994
 20
5687.512500000041
 10
10550.750724914804
 20
5689.251203521213
 10
10550.49126206906
 20
5690.972627025651
 10
10550.061690121045
 20
5692.6596622332
 10
10549.466278349777
 20
5694.295542629989
 10
10548.710944224964
 20
5695.864010101708
 10
10547.80319459649
 20
5697.349476513977
 10
10546.75205108797
 20
5698.737178634183
 10
10545.567960435816
 20
5700.013324855245
 10
10544.262690664968
 20
5701.165232262632
 10
10542.849214132759
 20
5702.181452683057
 10
10541.341578604042
 20
5703.051886461413
 10
10539.75476763799
 20
5703.767882835731
 10
10538.104551674944
 20
5704.3223259123915
 10
10536.4073313025
 20
5704.709705387009
 10
10534.679974259256
 20
5704.926171308325
 10
10532.939647795516
 20
5704.96957234072
 10
10531.203648057592
 20
5704.839477145288
 10
10529.489228190796
 20
5704.5371786665055
 10
10527.81342686998
 20
5704.065681282489
 10
10526.19289896157
 20
5703.429670946032
 10
10524.643749999988
 20
5702.635468613618
 10
10523.181376123597
 20
5701.69096742486
 10
10521.820311060961
 20
5700.605554256879
 10
10520.574081688159
 20
5699.390016433375
 10
10519.455073592631
 20
5698.05643451534
 10
10518.474407979491
 20
5696.618062239053
 10
10517.641831144254
 20
5695.089194794389
 10
10516.96561760953
 20
5693.485026752867
 10
10516.452487889212
 20
5691.821501057217
 10
10516.107541697042
 20
5690.1151505731395
 10
10515.934207263228
 20
5688.382933778397
 10
10515.934207263228
 20
5686.642066221684
 10
10516.107541697042
 20
5684.909849426942
 10
10516.452487889212
 20
5683.203498942865
 10
10516.96561760953
 20
5681.539973247214
 10
10517.641831144254
 20
5679.935805205692
 10
10518.474407979491
 20
5678.4069377610285
 10
10519.455073592631
 20
5676.968565484742
 10
10520.574081688159
 20
5675.634983566706
 10
10521.820311060961
 20
5674.419445743202
 10
10523.181376123597
 20
5673.3340325752215
 10
10524.643749999988
 20
5672.389531386463
 10
10526.19289896157
 20
5671.595329054049
 10
10527.81342686998
 20
5670.959318717592
 10
10529.489228190796
 20
5670.487821333576
 10
10531.203648057592
 20
5670.185522854794
 10
10532.939647795516
 20
5670.055427659361
 10
10534.679974259256
 20
5670.098828691756
 10
10536.4073313025
 20
5670.315294613072
 10
10538.104551674944
 20
5670.70267408769
 10
10539.75476763799
 20
5671.25711716435
 10
10541.341578604042
 20
5671.973113538668
 10
10542.849214132759
 20
5672.843547317025
 10
10544.262690664968
 20
5673.859767737449
 10
10545.567960435816
 20
5675.011675144837
 10
10546.75205108797
 20
5676.287821365899
 10
10547.80319459649
 20
5677.675523486105
 10
10548.710944224964
 20
5679.160989898373
 10
10549.466278349777
 20
5680.729457370093
 10
10550.061690121045
 20
5682.365337766882
 10
10550.49126206906
 20
5684.052372974431
 10
10550.750724914804
 20
5685.7737964788685
 10
10550.837499999994
 20
5687.512500000041
  0
TEXT
  5
D7
330
17
100
AcDbEntity
  8
NESTED_RESULT
100
AcDbText
 10
11298.246142578133
 20
5492.070166015654
 30
0.0
 40
80.0
  1
422-D
 72
1
 11
11298.246142578133
 21
5492.070166015654
 31
0.0
100
AcDbText
 73
2
  0
LWPOLYLINE
  5
D8
330
17
100
AcDbEntity
  8
NESTED_RESULT
100
AcDbPolyline
 90
7
 70
0
 10
10851.099999999991
 20
4550.864999999991
 10
11498.799999999988
 20
4550.864999999991
 10
11498.799999999988
 20
4000.0
 10
10851.099999999991
 20
4000.0
 10
10847.92500000009
 20
4003.1750000000175
 10
10847.92500000009
 20
4547.690000000002
 10
10851.099999999991
 20
4550.864999999991
  0
TEXT
  5
D9
330
17
100
AcDbEntity
  8
NESTED_RESULT
100
AcDbText
 10
11173.36250000004
 20
4275.432499999995
 30
0.0
 40
80.0
  1
405-B
 72
1
 11
11173.36250000004
 21
4275.432499999995
 31
0.0
100
AcDbText
 73
2
  0
LWPOLYLINE
  5
DA
330
17
100
AcDbEntity
  8
NESTED_RESULT
100
AcDbPolyline
 90
7
 70
0
 10
11498.799999999988
 20
4550.864999999991
 10
12143.324999999983
 20
4550.864999999991
 10
12146.49999999997
 20
4547.690000000002
 10
12146.49999999997
 20
4003.1749999999884
 10
12143.324999999983
 20
4000.0
 10
11498.799999999988
 20
4000.0
 10
11498.799999999988
 20
4550.864999999991
  0
TEXT
  5
DB
330
17
100
AcDbEntity
  8
NESTED_RESULT
100
AcDbText
 10
11822.64999999998
 20
4275.432499999995
 30
0.0
 40
80.0
  1
419-B
 72
1
 11
11822.64999999998
 21
4275.432499999995
 31
0.0
100
AcDbText
 73
2
  0
LWPOLYLINE
  5
DC
330
17
100
AcDbEntity
  8
NESTED_RESULT
100
AcDbPolyline
 90
6
 70
0
 10
12320.900000000023
 20
5747.838000000018
 10
12320.900000000023
 20
5200.150000000023
 10
11673.200000000012
 20
5200.150000000023
 10
11673.200000000012
 20
5751.013000000035
 10
12317.72500000002
 20
5751.013000000035
 10
12320.900000000023
 20
5747.838000000018
  0
TEXT
  5
DD
330
17
100
AcDbEntity
  8
NESTED_RESULT
100
AcDbText
 10
11997.050000000017
 20
5475.581500000029
 30
0.0
 40
80.0
  1
519-B
 72
1
 11
11997.050000000017
 21
5475.581500000029
 31
0.0
100
AcDbText
 73
2
  0
LWPOLYLINE
  5
DE
330
17
100
AcDbEntity
  8
NESTED_RESULT
 62
1
100
AcDbPolyline
 90
5
 70
0
 10
13600.0
 20
4000.0
 10
16800.0
 20
4000.0
 10
16800.0
 20
5800.0
 10
13600.0
 20
5800.0
 10
13600.0
 20
4000.0
  0
TEXT
  5
DF
330
17
100
AcDbEntity
  8
NESTED_RESULT
 62
1
100
AcDbText
 10
13600.0
 20
5830.0
 30
0.0
 40
50.0
  1
Sheet_17
 11
13600.0
 21
5830.0
 31
0.0
100
AcDbText
 73
1
  0
LWPOLYLINE
  5
E0
330
17
100
AcDbEntity
  8
NESTED_RESULT
100
AcDbPolyline
 90
9
 70
0
 10
15387.524999999994
 20
4977.700000000012
 10
13603.174999999988
 20
4977.700000000012
 10
13600.0
 20
4974.524999999994
 10
13600.0
 20
4003.1749999999884
 10
13603.174999999988
 20
4000.0
 10
15387.524999999994
 20
4000.0
 10
15390.699999999895
 20
4003.1749999999884
 10
15390.699999999895
 20
4974.524999999994
 10
15387.524999999994
 20
4977.700000000012
  0
TEXT
  5
E1
330
17
100
AcDbEntity
  8
NESTED_RESULT
100
AcDbText
 10
14495.349999999948
 20
4488.850000000006
 30
0.0
 40
80.0
  1
407-C
 72
1
 11
14495.349999999948
 21
4488.850000000006
 31
0.0
100
AcDbText
 73
2
  0
LWPOLYLINE
  5
E2
330
17
100
AcDbEntity
  8
NESTED_RESULT
100
AcDbPolyline
 90
9
 70
0
 10
15390.800000000017
 20
5787.524999999965
 10
15390.800000000017
 20
4003.1749999999884
 10
15393.975000000006
 20
4000.0
 10
16365.325000000012
 20
4000.0
 10
16368.5
 20
4003.1749999999884
 10
16368.5
 20
5787.524999999965
 10
16365.325000000012
 20
5790.6999999999825
 10
15393.975000000006
 20
5790.6999999999825
 10
15390.800000000017
 20
5787.524999999965
  0
TEXT
  5
E3
330
17
100
AcDbEntity
  8
NESTED_RESULT
100
AcDbText
 10
15879.650000000009
 20
4895.349999999977
 30
0.0
 40
80.0
  1
414-C
 72
1
 11
15879.650000000009
 21
4895.349999999977
 31
0.0
100
AcDbText
 73
2
  0
LWPOLYLINE
  5
E4
330
17
100
AcDbEntity
  8
NESTED_RESULT
100
AcDbPolyline
 90
6
 70
0
 10
13600.0
 20
5561.899999999936
 10
15260.525000000096
 20
5561.899999999936
 10
15260.525000000096
 20
4977.700000000012
 10
13603.175000000003
 20
4977.700000000012
 10
13600.0
 20
4980.874999999913
 10
13600.0
 20
5561.899999999936
  0
LWPOLYLINE
  5
E5
330
17
100
AcDbEntity
  8
NESTED_RESULT
100
AcDbPolyline
 90
9
 70
0
 10
13819.075000000099
 20
5396.79999999993
 10
14238.175000000003
 20
5396.79999999993
 10
14250.875
 20
5384.0999999999185
 10
14250.875
 20
5117.400000000023
 10
14238.175000000003
 20
5104.699999999924
 10
13819.075000000099
 20
5104.699999999924
 10
13806.375
 20
5117.400000000023
 10
13806.375
 20
5384.0999999999185
 10
13819.075000000099
 20
5396.79999999993
  0
LWPOLYLINE
  5
E6
330
17
100
AcDbEntity
  8
NESTED_RESULT
100
AcDbPolyline
 90
9
 70
0
 10
14619.17500000009
 20
5396.79999999993
 10
15038.274999999994
 20
5396.79999999993
 10
15050.974999999991
 20
5384.0999999999185
 10
15050.974999999991
 20
5117.400000000023
 10
15038.274999999994
 20
5104.699999999924
 10
14619.17500000009
 20
5104.699999999924
 10
14606.474999999991
 20
5117.400000000023
 10
14606.474999999991
 20
5384.0999999999185
 10
14619.17500000009
 20
5396.79999999993
  0
LWPOLYLINE
  5
E7
330
17
100
AcDbEntity
  8
NESTED_RESULT
100
AcDbPolyline
 90
64
 70
0
 10
14046.087499999994
 20
5465.062499999913
 10
14046.000724914818
 20
5466.801203521085
 10
14045.74126206906
 20
5468.5226270255225
 10
14045.311690121045
 20
5470.209662233072
 10
14044.716278349792
 20
5471.845542629861
 10
14043.960944224978
 20
5473.41401010158
 10
14043.05319459649
 20
5474.899476513849
 10
14042.00205108797
 20
5476.287178634055
 10
14040.81796043583
 20
5477.563324855117
 10
14039.512690664953
 20
5478.715232262504
 10
14038.099214132759
 20
5479.731452682929
 10
14036.591578604028
 20
5480.601886461285
 10
14035.004767638005
 20
5481.317882835603
 10
14033.354551674944
 20
5481.8723259122635
 10
14031.657331302515
 20
5482.259705386881
 10
14029.929974259256
 20
5482.476171308197
 10
14028.18964779553
 20
5482.519572340592
 10
14026.453648057592
 20
5482.38947714516
 10
14024.739228190781
 20
5482.087178666377
 10
14023.06342686998
 20
5481.615681282361
 10
14021.442898961584
 20
5480.979670945904
 10
14019.893750000003
 20
5480.18546861349
 10
14018.431376123597
 20
5479.240967424732
 10
14017.070311060961
 20
5478.155554256751
 10
14015.824081688173
 20
5476.940016433247
 10
14014.705073592617
 20
5475.606434515212
 10
14013.724407979505
 20
5474.168062238925
 10
14012.891831144254
 20
5472.639194794261
 10
14012.21561760953
 20
5471.035026752739
 10
14011.702487889226
 20
5469.371501057089
 10
14011.357541697042
 20
5467.6651505730115
 10
14011.184207263213
 20
5465.932933778269
 10
14011.184207263213
 20
5464.192066221556
 10
14011.357541697042
 20
5462.459849426814
 10
14011.702487889226
 20
5460.753498942737
 10
14012.21561760953
 20
5459.089973247086
 10
14012.891831144254
 20
5457.485805205564
 10
14013.724407979505
 20
5455.9569377609005
 10
14014.705073592617
 20
5454.518565484614
 10
14015.824081688173
 20
5453.184983566578
 10
14017.070311060961
 20
5451.969445743074
 10
14018.431376123597
 20
5450.884032575093
 10
14019.893750000003
 20
5449.939531386335
 10
14021.442898961584
 20
5449.145329053921
 10
14023.06342686998
 20
5448.509318717464
 10
14024.739228190781
 20
5448.037821333448
 10
14026.453648057592
 20
5447.735522854666
 10
14028.18964779553
 20
5447.605427659233
 10
14029.929974259256
 20
5447.648828691628
 10
14031.657331302515
 20
5447.865294612944
 10
14033.354551674944
 20
5448.252674087562
 10
14035.004767638005
 20
5448.807117164222
 10
14036.591578604028
 20
5449.52311353854
 10
14038.099214132759
 20
5450.393547316897
 10
14039.512690664953
 20
5451.409767737321
 10
14040.81796043583
 20
5452.561675144709
 10
14042.00205108797
 20
5453.837821365771
 10
14043.05319459649
 20
5455.225523485977
 10
14043.960944224978
 20
5456.710989898245
 10
14044.716278349792
 20
5458.279457369965
 10
14045.311690121045
 20
5459.9153377667535
 10
14045.74126206906
 20
5461.602372974303
 10
14046.000724914818
 20
5463.32379647874
 10
14046.087499999994
 20
5465.062499999913
  0
LWPOLYLINE
  5
E8
330
17
100
AcDbEntity
  8
NESTED_RESULT
100
AcDbPolyline
 90
64
 70
0
 10
14846.187499999985
 20
5465.062499999913
 10
14846.10072491481
 20
5466.801203521085
 10
14845.84126206905
 20
5468.5226270255225
 10
14845.411690121036
 20
5470.209662233072
 10
14844.816278349783
 20
5471.845542629861
 10
14844.06094422497
 20
5473.41401010158
 10
14843.153194596482
 20
5474.899476513849
 10
14842.10205108796
 20
5476.287178634055
 10
14840.917960435821
 20
5477.563324855117
 10
14839.612690664944
 20
5478.715232262504
 10
14838.19921413275
 20
5479.731452682929
 10
14836.691578604019
 20
5480.601886461285
 10
14835.104767637997
 20
5481.317882835603
 10
14833.454551674935
 20
5481.8723259122635
 10
14831.757331302506
 20
5482.259705386881
 10
14830.029974259247
 20
5482.476171308197
 10
14828.289647795522
 20
5482.519572340592
 10
14826.553648057583
 20
5482.38947714516
 10
14824.839228190773
 20
5482.087178666377
 10
14823.16342686997
 20
5481.615681282361
 10
14821.542898961576
 20
5480.979670945904
 10
14819.993749999994
 20
5480.18546861349
 10
14818.531376123588
 20
5479.240967424732
 10
14817.170311060952
 20
5478.155554256751
 10
14815.924081688165
 20
5476.940016433247
 10
14814.805073592608
 20
5475.606434515212
 10
14813.824407979497
 20
5474.168062238925
 10
14812.991831144245
 20
5472.639194794261
 10
14812.315617609522
 20
5471.035026752739
 10
14811.802487889217
 20
5469.371501057089
 10
14811.457541697033
 20
5467.6651505730115
 10
14811.284207263205
 20
5465.932933778269
 10
14811.284207263205
 20
5464.192066221556
 10
14811.457541697033
 20
5462.459849426814
 10
14811.802487889217
 20
5460.753498942737
 10
14812.315617609522
 20
5459.089973247086
 10
14812.991831144245
 20
5457.485805205564
 10
14813.824407979497
 20
5455.9569377609005
 10
14814.805073592608
 20
5454.518565484614
 10
14815.924081688165
 20
5453.184983566578
 10
14817.170311060952
 20
5451.969445743074
 10
14818.531376123588
 20
5450.884032575093
 10
14819.993749999994
 20
5449.939531386335
 10
14821.542898961576
 20
5449.145329053921
 10
14823.16342686997
 20
5448.509318717464
 10
14824.839228190773
 20
5448.037821333448
 10
14826.553648057583
 20
5447.735522854666
 10
14828.289647795522
 20
5447.605427659233
 10
14830.029974259247
 20
5447.648828691628
 10
14831.757331302506
 20
5447.865294612944
 10
14833.454551674935
 20
5448.252674087562
 10
14835.104767637997
 20
5448.807117164222
 10
14836.691578604019
 20
5449.52311353854
 10
14838.19921413275
 20
5450.393547316897
 10
14839.612690664944
 20
5451.409767737321
 10
14840.917960435821
 20
5452.561675144709
 10
14842.10205108796
 20
5453.837821365771
 10
14843.153194596482
 20
5455.225523485977
 10
14844.06094422497
 20
5456.710989898245
 10
14844.816278349783
 20
5458.279457369965
 10
14845.411690121036
 20
5459.9153377667535
 10
14845.84126206905
 20
5461.602372974303
 10
14846.10072491481
 20
5463.32379647874
 10
14846.187499999985
 20
5465.062499999913
  0
TEXT
  5
E9
330
17
100
AcDbEntity
  8
NESTED_RESULT
100
AcDbText
 10
14428.674999999996
 20
5250.749999999971
 30
0.0
 40
80.0
  1
414-D
 72
1
 11
14428.674999999996
 21
5250.749999999971
 31
0.0
100
AcDbText
 73
2
  0
LWPOLYLINE
  5
EA
330
17
100
AcDbEntity
  8
NESTED_RESULT
 62
1
100
AcDbPolyline
 90
5
 70
0
 10
17000.0
 20
4000.0
 10
20200.0
 20
4000.0
 10
20200.0
 20
5800.0
 10
17000.0
 20
5800.0
 10
17000.0
 20
4000.0
  0
TEXT
  5
EB
330
17
100
AcDbEntity
  8
NESTED_RESULT
 62
1
100
AcDbText
 10
17000.0
 20
5830.0
 30
0.0
 40
50.0
  1
Sheet_18
 11
17000.0
 21
5830.0
 31
0.0
100
AcDbText
 73
1
  0
LWPOLYLINE
  5
EC
330
17
100
AcDbEntity
  8
NESTED_RESULT
100
AcDbPolyline
 90
9
 70
0
 10
17003.17499999999
 20
4977.6999999999825
 10
18889.125
 20
4977.6999999999825
 10
18892.29999999999
 20
4974.524999999994
 10
18892.29999999999
 20
4003.1749999999884
 10
18889.125
 20
4000.0
 10
17003.17499999999
 20
4000.0
 10
17000.0
 20
4003.1749999999884
 10
17000.0
 20
4974.524999999994
 10
17003.17499999999
 20
4977.6999999999825
  0
TEXT
  5
ED
330
17
100
AcDbEntity
  8
NESTED_RESULT
100
AcDbText
 10
17946.149999999994
 20
4488.849999999991
 30
0.0
 40
80.0
  1
502-C
 72
1
 11
17946.149999999994
 21
4488.849999999991
 31
0.0
100
AcDbText
 73
2
  0
LWPOLYLINE
  5
EE
330
17
100
AcDbEntity
  8
NESTED_RESULT
100
AcDbPolyline
 90
9
 70
0
 10
18892.29999999999
 20
5787.524999999994
 10
18892.29999999999
 20
4003.1749999999884
 10
18895.475000000006
 20
4000.0
 10
19866.82500000001
 20
4000.0
 10
19870.0
 20
4003.1749999999884
 10
19870.0
 20
5787.524999999994
 10
19866.82500000001
 20
5790.700000000012
 10
18895.475000000006
 20
5790.700000000012
 10
18892.29999999999
 20
5787.524999999994
  0
TEXT
  5
EF
330
17
100
AcDbEntity
  8
NESTED_RESULT
100
AcDbText
 10
19381.149999999994
 20
4895.349999999991
 30
0.0
 40
80.0
  1
408-C
 72
1
 11
19381.149999999994
 21
4895.349999999991
 31
0.0
100
AcDbText
 73
2
  0
LWPOLYLINE
  5
F0
330
17
100
AcDbEntity
  8
NESTED_RESULT
100
AcDbPolyline
 90
7
 70
0
 10
17000.0
 20
5628.5749999999825
 10
18819.27500000001
 20
5628.5749999999825
 10
18819.27500000001
 20
4980.875
 10
18816.100000000006
 20
4977.6999999999825
 10
17003.175000000003
 20
4977.6999999999825
 10
17000.0
 20
4980.875
 10
17000.0
 20
5628.5749999999825
  0
LWPOLYLINE
  5
F1
330
17
100
AcDbEntity
  8
NESTED_RESULT
100
AcDbPolyline
 90
9
 70
0
 10
17719.137000000002
 20
5479.349999999977
 10
18354.137000000002
 20
5479.349999999977
 10
18360.48700000001
 20
5473.0
 10
18360.48700000001
 20
5092.0
 10
18354.137000000002
 20
5085.649999999994
 10
17719.137000000002
 20
5085.649999999994
 10
17712.78700000001
 20
5092.0
 10
17712.78700000001
 20
5473.0
 10
17719.137000000002
 20
5479.349999999977
  0
LWPOLYLINE
  5
F2
330
17
100
AcDbEntity
  8
NESTED_RESULT
100
AcDbPolyline
 90
64
 70
0
 10
18054.099499999997
 20
5534.912499999977
 10
18054.01272491482
 20
5536.651203521149
 10
18053.75326206906
 20
5538.372627025587
 10
18053.323690121048
 20
5540.059662233136
 10
18052.728278349794
 20
5541.695542629925
 10
18051.97294422498
 20
5543.264010101644
 10
18051.065194596493
 20
5544.749476513913
 10
18050.014051087972
 20
5546.137178634119
 10
18048.829960435833
 20
5547.413324855181
 10
18047.524690664955
 20
5548.565232262568
 10
18046.11121413276
 20
5549.581452682993
 10
18044.60357860403
 20
5550.451886461349
 10
18043.016767638008
 20
5551.167882835667
 10
18041.366551674946
 20
5551.7223259123275
 10
18039.669331302517
 20
5552.109705386945
 10
18037.941974259258
 20
5552.326171308261
 10
18036.201647795533
 20
5552.369572340656
 10
18034.465648057594
 20
5552.239477145224
 10
18032.751228190784
 20
5551.9371786664415
 10
18031.075426869982
 20
5551.465681282425
 10
18029.454898961587
 20
5550.829670945968
 10
18027.905750000005
 20
5550.035468613554
 10
18026.4433761236
 20
5549.090967424796
 10
18025.082311060964
 20
5548.005554256815
 10
18023.836081688176
 20
5546.790016433311
 10
18022.71707359262
 20
5545.456434515276
 10
18021.736407979508
 20
5544.018062238989
 10
18020.903831144256
 20
5542.489194794325
 10
18020.227617609533
 20
5540.885026752803
 10
18019.71448788923
 20
5539.221501057153
 10
18019.369541697044
 20
5537.5151505730755
 10
18019.196207263216
 20
5535.782933778333
 10
18019.196207263216
 20
5534.04206622162
 10
18019.369541697044
 20
5532.309849426878
 10
18019.71448788923
 20
5530.603498942801
 10
18020.227617609533
 20
5528.93997324715
 10
18020.903831144256
 20
5527.335805205628
 10
18021.736407979508
 20
5525.8069377609645
 10
18022.71707359262
 20
5524.368565484678
 10
18023.836081688176
 20
5523.034983566642
 10
18025.082311060964
 20
5521.819445743138
 10
18026.4433761236
 20
5520.7340325751575
 10
18027.905750000005
 20
5519.789531386399
 10
18029.454898961587
 20
5518.995329053985
 10
18031.075426869982
 20
5518.359318717528
 10
18032.751228190784
 20
5517.887821333512
 10
18034.465648057594
 20
5517.58552285473
 10
18036.201647795533
 20
5517.455427659297
 10
18037.941974259258
 20
5517.498828691692
 10
18039.669331302517
 20
5517.715294613008
 10
18041.366551674946
 20
5518.102674087626
 10
18043.016767638008
 20
5518.657117164286
 10
18044.60357860403
 20
5519.373113538604
 10
18046.11121413276
 20
5520.243547316961
 10
18047.524690664955
 20
5521.259767737385
 10
18048.829960435833
 20
5522.411675144773
 10
18050.014051087972
 20
5523.687821365835
 10
18051.065194596493
 20
5525.075523486041
 10
18051.97294422498
 20
5526.560989898309
 10
18052.728278349794
 20
5528.129457370029
 10
18053.323690121048
 20
5529.7653377668175
 10
18053.75326206906
 20
5531.452372974367
 10
18054.01272491482
 20
5533.173796478804
 10
18054.099499999997
 20
5534.912499999977
  0
TEXT
  5
F3
330
17
100
AcDbEntity
  8
NESTED_RESULT
100
AcDbText
 10
17329.34385070801
 20
5302.915420532209
 30
0.0
 40
80.0
  1
513-A
 72
1
 11
17329.34385070801
 21
5302.915420532209
 31
0.0
100
AcDbText
 73
2
  0
LWPOLYLINE
  5
F4
330
17
100
AcDbEntity
  8
NESTED_RESULT
 62
1
100
AcDbPolyline
 90
5
 70
0
 10
0.0
 20
6000.0
 10
3200.0
 20
6000.0
 10
3200.0
 20
7800.0
 10
0.0
 20
7800.0
 10
0.0
 20
6000.0
  0
TEXT
  5
F5
330
17
100
AcDbEntity
  8
NESTED_RESULT
 62
1
100
AcDbText
 10
0.0
 20
7830.0
 30
0.0
 40
50.0
  1
Sheet_19
 11
0.0
 21
7830.0
 31
0.0
100
AcDbText
 73
1
  0
LWPOLYLINE
  5
F6
330
17
100
AcDbEntity
  8
NESTED_RESULT
100
AcDbPolyline
 90
9
 70
0
 10
3.1749999999883585
 20
6977.899999999994
 10
1889.125
 20
6977.899999999994
 10
1892.3000000001048
 20
6974.724999999977
 10
1892.3000000001048
 20
6003.174999999988
 10
1889.125
 20
6000.0
 10
3.1749999999883585
 20
6000.0
 10
0.0
 20
6003.174999999988
 10
0.0
 20
6974.724999999977
 10
3.1749999999883585
 20
6977.899999999994
  0
TEXT
  5
F7
330
17
100
AcDbEntity
  8
NESTED_RESULT
100
AcDbText
 10
946.1500000000524
 20
6488.949999999997
 30
0.0
 40
80.0
  1
421-C
 72
1
 11
946.1500000000524
 21
6488.949999999997
 31
0.0
100
AcDbText
 73
2
  0
LWPOLYLINE
  5
F8
330
17
100
AcDbEntity
  8
NESTED_RESULT
100
AcDbPolyline
 90
9
 70
0
 10
1892.7999999999884
 20
7787.525000000023
 10
1892.7999999999884
 20
6003.1750000000175
 10
1895.9749999999767
 20
6000.0
 10
2867.3249999999825
 20
6000.0
 10
2870.5
 20
6003.1750000000175
 10
2870.5
 20
7787.525000000023
 10
2867.3249999999825
 20
7790.700000000012
 10
1895.9749999999767
 20
7790.700000000012
 10
1892.7999999999884
 20
7787.525000000023
  0
TEXT
  5
F9
330
17
100
AcDbEntity
  8
NESTED_RESULT
100
AcDbText
 10
2381.649999999994
 20
6895.35000000002
 30
0.0
 40
80.0
  1
416-C
 72
1
 11
2381.649999999994
 21
6895.35000000002
 31
0.0
100
AcDbText
 73
2
  0
LWPOLYLINE
  5
FA
330
17
100
AcDbEntity
  8
NESTED_RESULT
100
AcDbPolyline
 90
7
 70
0
 10
0.0
 20
7625.599999999977
 10
1819.2749999999069
 20
7625.599999999977
 10
1819.2749999999069
 20
6981.0749999999825
 10
1816.1000000000058
 20
6977.899999999994
 10
3.174999999901047
 20
6977.899999999994
 10
0.0
 20
6981.0749999999825
 10
0.0
 20
7625.599999999977
  0
LWPOLYLINE
  5
FB
330
17
100
AcDbEntity
  8
NESTED_RESULT
100
AcDbPolyline
 90
9
 70
0
 10
465.1379999999044
 20
7479.550000000076
 10
1100.1380000000063
 20
7479.550000000076
 10
1106.4879999999976
 20
7473.1999999999825
 10
1106.4879999999976
 20
7092.20000000007
 10
1100.1380000000063
 20
7085.849999999977
 10
465.1379999999044
 20
7085.849999999977
 10
458.7879999998986
 20
7092.20000000007
 10
458.7879999998986
 20
7473.1999999999825
 10
465.1379999999044
 20
7479.550000000076
  0
LWPOLYLINE
  5
FC
330
17
100
AcDbEntity
  8
NESTED_RESULT
100
AcDbPolyline
 90
64
 70
0
 10
800.1004999998986
 20
7535.112499999988
 10
800.0137249147228
 20
7536.851203521161
 10
799.7542620689637
 20
7538.572627025598
 10
799.3246901209495
 20
7540.2596622331475
 10
798.729278349696
 20
7541.895542629936
 10
797.9739442248829
 20
7543.464010101656
 10
797.0661945963948
 20
7544.949476513924
 10
796.0150510878739
 20
7546.33717863413
 10
794.8309604357346
 20
7547.613324855192
 10
793.5256906648574
 20
7548.76523226258
 10
792.1122141326632
 20
7549.781452683004
 10
790.6045786039322
 20
7550.651886461361
 10
789.0177676379099
 20
7551.367882835679
 10
787.3675516748481
 20
7551.922325912339
 10
785.6703313024191
 20
7552.309705386957
 10
783.9429742591601
 20
7552.526171308273
 10
782.202647795435
 20
7552.569572340668
 10
780.4666480574961
 20
7552.439477145235
 10
778.7522281906859
 20
7552.137178666453
 10
777.076426869884
 20
7551.665681282437
 10
775.4558989614889
 20
7551.02967094598
 10
773.9067499999073
 20
7550.235468613566
 10
772.4443761235016
 20
7549.290967424808
 10
771.0833110608655
 20
7548.205554256827
 10
769.8370816880779
 20
7546.990016433323
 10
768.7180735925213
 20
7545.656434515287
 10
767.7374079794099
 20
7544.218062239001
 10
766.9048311441584
 20
7542.689194794337
 10
766.2286176094349
 20
7541.085026752815
 10
765.7154878891306
 20
7539.421501057164
 10
765.370541696946
 20
7537.715150573087
 10
765.1972072631179
 20
7535.982933778345
 10
765.1972072631179
 20
7534.242066221632
 10
765.370541696946
 20
7532.50984942689
 10
765.7154878891306
 20
7530.803498942812
 10
766.2286176094349
 20
7529.139973247162
 10
766.9048311441584
 20
7527.53580520564
 10
767.7374079794099
 20
7526.006937760976
 10
768.7180735925213
 20
7524.568565484689
 10
769.8370816880779
 20
7523.234983566654
 10
771.0833110608655
 20
7522.01944574315
 10
772.4443761235016
 20
7520.934032575169
 10
773.9067499999073
 20
7519.989531386411
 10
775.4558989614889
 20
7519.195329053997
 10
777.076426869884
 20
7518.55931871754
 10
778.7522281906859
 20
7518.087821333524
 10
780.4666480574961
 20
7517.785522854741
 10
782.202647795435
 20
7517.655427659309
 10
783.9429742591601
 20
7517.698828691704
 10
785.6703313024191
 20
7517.91529461302
 10
787.3675516748481
 20
7518.302674087638
 10
789.0177676379099
 20
7518.857117164298
 10
790.6045786039322
 20
7519.573113538616
 10
792.1122141326632
 20
7520.443547316972
 10
793.5256906648574
 20
7521.459767737397
 10
794.8309604357346
 20
7522.611675144784
 10
796.0150510878739
 20
7523.887821365846
 10
797.0661945963948
 20
7525.275523486052
 10
797.9739442248829
 20
7526.760989898321
 10
798.729278349696
 20
7528.3294573700405
 10
799.3246901209495
 20
7529.965337766829
 10
799.7542620689637
 20
7531.6523729743785
 10
800.0137249147228
 20
7533.373796478816
 10
800.1004999998986
 20
7535.112499999988
  0
TEXT
  5
FD
330
17
100
AcDbEntity
  8
NESTED_RESULT
100
AcDbText
 10
1467.2790435790264
 20
7301.527920532212
 30
0.0
 40
80.0
  1
418-B
 72
1
 11
1467.2790435790264
 21
7301.527920532212
 31
0.0
100
AcDbText
 73
2
  0
LWPOLYLINE
  5
FE
330
17
100
AcDbEntity
  8
NESTED_RESULT
 62
1
100
AcDbPolyline
 90
5
 70
0
 10
3400.0
 20
6000.0
 10
6600.0
 20
6000.0
 10
6600.0
 20
7800.0
 10
3400.0
 20
7800.0
 10
3400.0
 20
6000.0
  0
TEXT
  5
FF
330
17
100
AcDbEntity
  8
NESTED_RESULT
 62
1
100
AcDbText
 10
3400.0
 20
7830.0
 30
0.0
 40
50.0
  1
Sheet_20
 11
3400.0
 21
7830.0
 31
0.0
100
AcDbText
 73
1
  0
LWPOLYLINE
  5
100
330
17
100
AcDbEntity
  8
NESTED_RESULT
100
AcDbPolyline
 90
9
 70
0
 10
5835.224999999991
 20
7203.325000000012
 10
3400.0
 20
7203.325000000012
 10
3400.0
 20
6552.450000000012
 10
5181.175000000003
 20
6552.450000000012
 10
5184.349999999991
 20
6549.275000000023
 10
5184.349999999991
 20
6003.1750000000175
 10
5187.524999999994
 20
6000.0
 10
5835.224999999991
 20
6000.0
 10
5835.224999999991
 20
7203.325000000012
  0
LWPOLYLINE
  5
101
330
17
100
AcDbEntity
  8
NESTED_RESULT
100
AcDbPolyline
 90
9
 70
0
 10
4193.75
 20
7054.100000000006
 10
4828.75
 20
7054.100000000006
 10
4835.099999999991
 20
7047.75
 10
4835.099999999991
 20
6666.75
 10
4828.75
 20
6660.400000000023
 10
4193.75
 20
6660.400000000023
 10
4187.399999999994
 20
6666.75
 10
4187.399999999994
 20
7047.75
 10
4193.75
 20
7054.100000000006
  0
LWPOLYLINE
  5
102
330
17
100
AcDbEntity
  8
NESTED_RESULT
100
AcDbPolyline
 90
64
 70
0
 10
4528.712499999994
 20
7109.662500000006
 10
4528.625724914818
 20
7111.401203521178
 10
4528.366262069059
 20
7113.122627025616
 10
4527.936690121045
 20
7114.809662233165
 10
4527.3412783497915
 20
7116.445542629954
 10
4526.585944224978
 20
7118.014010101673
 10
4525.67819459649
 20
7119.499476513942
 10
4524.627051087969
 20
7120.887178634148
 10
4523.44296043583
 20
7122.16332485521
 10
4522.137690664953
 20
7123.315232262597
 10
4520.724214132759
 20
7124.331452683022
 10
4519.216578604028
 20
7125.201886461378
 10
4517.629767638005
 20
7125.917882835696
 10
4515.979551674944
 20
7126.472325912357
 10
4514.282331302515
 20
7126.859705386974
 10
4512.554974259256
 20
7127.07617130829
 10
4510.814647795531
 20
7127.119572340685
 10
4509.078648057592
 20
7126.989477145253
 10
4507.364228190781
 20
7126.687178666471
 10
4505.68842686998
 20
7126.215681282454
 10
4504.067898961584
 20
7125.579670945997
 10
4502.518750000003
 20
7124.785468613583
 10
4501.056376123597
 20
7123.840967424825
 10
4499.695311060961
 20
7122.755554256844
 10
4498.4490816881735
 20
7121.5400164333405
 10
4497.330073592617
 20
7120.206434515305
 10
4496.3494079795055
 20
7118.768062239018
 10
4495.516831144254
 20
7117.239194794354
 10
4494.84061760953
 20
7115.635026752832
 10
4494.327487889226
 20
7113.971501057182
 10
4493.982541697042
 20
7112.265150573105
 10
4493.8092072632135
 20
7110.532933778362
 10
4493.8092072632135
 20
7108.792066221649
 10
4493.982541697042
 20
7107.059849426907
 10
4494.327487889226
 20
7105.35349894283
 10
4494.84061760953
 20
7103.689973247179
 10
4495.516831144254
 20
7102.085805205657
 10
4496.3494079795055
 20
7100.556937760994
 10
4497.330073592617
 20
7099.118565484707
 10
4498.4490816881735
 20
7097.784983566671
 10
4499.695311060961
 20
7096.569445743167
 10
4501.056376123597
 20
7095.484032575187
 10
4502.518750000003
 20
7094.539531386428
 10
4504.067898961584
 20
7093.745329054014
 10
4505.68842686998
 20
7093.1093187175575
 10
4507.364228190781
 20
7092.637821333541
 10
4509.078648057592
 20
7092.335522854759
 10
4510.814647795531
 20
7092.205427659326
 10
4512.554974259256
 20
7092.248828691721
 10
4514.282331302515
 20
7092.465294613037
 10
4515.979551674944
 20
7092.852674087655
 10
4517.629767638005
 20
7093.407117164315
 10
4519.216578604028
 20
7094.123113538633
 10
4520.724214132759
 20
7094.99354731699
 10
4522.137690664953
 20
7096.009767737414
 10
4523.44296043583
 20
7097.161675144802
 10
4524.627051087969
 20
7098.437821365864
 10
4525.67819459649
 20
7099.82552348607
 10
4526.585944224978
 20
7101.310989898338
 10
4527.3412783497915
 20
7102.879457370058
 10
4527.936690121045
 20
7104.515337766847
 10
4528.366262069059
 20
7106.202372974396
 10
4528.625724914818
 20
7107.9237964788335
 10
4528.712499999994
 20
7109.662500000006
  0
TEXT
  5
103
330
17
100
AcDbEntity
  8
NESTED_RESULT
100
AcDbText
 10
5452.937481689446
 20
6821.046783447271
 30
0.0
 40
80.0
  1
406-A
 72
1
 11
5452.937481689446
 21
6821.046783447271
 31
0.0
100
AcDbText
 73
2
  0
LWPOLYLINE
  5
104
330
17
100
AcDbEntity
  8
NESTED_RESULT
100
AcDbPolyline
 90
5
 70
0
 10
5835.625
 20
6000.0
 10
5835.625
 20
7676.400000000023
 10
6423.0
 20
7676.400000000023
 10
6423.0
 20
6000.0
 10
5835.625
 20
6000.0
  0
LWPOLYLINE
  5
105
330
17
100
AcDbEntity
  8
NESTED_RESULT
100
AcDbPolyline
 90
9
 70
0
 10
6003.899999999994
 20
6228.600000000006
 10
6003.899999999994
 20
6647.700000000012
 10
6016.600000000006
 20
6660.400000000023
 10
6283.3000000000175
 20
6660.400000000023
 10
6296.0
 20
6647.700000000012
 10
6296.0
 20
6228.600000000006
 10
6283.3000000000175
 20
6215.900000000023
 10
6016.600000000006
 20
6215.900000000023
 10
6003.899999999994
 20
6228.600000000006
  0
LWPOLYLINE
  5
106
330
17
100
AcDbEntity
  8
NESTED_RESULT
100
AcDbPolyline
 90
9
 70
0
 10
6003.899999999994
 20
7028.700000000012
 10
6003.899999999994
 20
7447.8000000000175
 10
6016.600000000006
 20
7460.5
 10
6283.3000000000175
 20
7460.5
 10
6296.0
 20
7447.8000000000175
 10
6296.0
 20
7028.700000000012
 10
6283.3000000000175
 20
7016.0
 10
6016.600000000006
 20
7016.0
 10
6003.899999999994
 20
7028.700000000012
  0
LWPOLYLINE
  5
107
330
17
100
AcDbEntity
  8
NESTED_RESULT
100
AcDbPolyline
 90
64
 70
0
 10
5935.637500000012
 20
6455.6125000000175
 10
5933.898796478839
 20
6455.525724914827
 10
5932.177372974402
 20
6455.266262069083
 10
5930.4903377668525
 20
6454.836690121068
 10
5928.854457370064
 20
6454.2412783498
 10
5927.285989898344
 20
6453.485944224987
 10
5925.800523486076
 20
6452.578194596514
 10
5924.41282136587
 20
6451.527051087993
 10
5923.136675144808
 20
6450.342960435839
 10
5921.98476773742
 20
6449.037690664991
 10
5920.968547316996
 20
6447.624214132782
 10
5920.098113538639
 20
6446.116578604066
 10
5919.382117164321
 20
6444.529767638014
 10
5918.827674087661
 20
6442.879551674967
 10
5918.440294613043
 20
6441.182331302523
 10
5918.223828691727
 20
6439.454974259279
 10
5918.180427659332
 20
6437.714647795539
 10
5918.310522854765
 20
6435.978648057615
 10
5918.612821333547
 20
6434.264228190819
 10
5919.084318717563
 20
6432.588426870003
 10
5919.72032905402
 20
6430.967898961593
 10
5920.514531386434
 20
6429.418750000012
 10
5921.459032575192
 20
6427.95637612362
 10
5922.544445743173
 20
6426.595311060984
 10
5923.759983566677
 20
6425.349081688182
 10
5925.093565484713
 20
6424.230073592655
 10
5926.531937760999
 20
6423.249407979514
 10
5928.060805205663
 20
6422.416831144277
 10
5929.664973247185
 20
6421.740617609554
 10
5931.328498942836
 20
6421.227487889235
 10
5933.034849426913
 20
6420.882541697065
 10
5934.767066221655
 20
6420.709207263251
 10
5936.507933778368
 20
6420.709207263251
 10
5938.24015057311
 20
6420.882541697065
 10
5939.946501057188
 20
6421.227487889235
 10
5941.610026752838
 20
6421.740617609554
 10
5943.21419479436
 20
6422.416831144277
 10
5944.743062239024
 20
6423.249407979514
 10
5946.181434515311
 20
6424.230073592655
 10
5947.515016433346
 20
6425.349081688182
 10
5948.73055425685
 20
6426.595311060984
 10
5949.815967424831
 20
6427.95637612362
 10
5950.760468613589
 20
6429.418750000012
 10
5951.554670946003
 20
6430.967898961593
 10
5952.19068128246
 20
6432.588426870003
 10
5952.662178666476
 20
6434.264228190819
 10
5952.964477145259
 20
6435.978648057615
 10
5953.094572340691
 20
6437.714647795539
 10
5953.051171308296
 20
6439.454974259279
 10
5952.83470538698
 20
6441.182331302523
 10
5952.447325912362
 20
6442.879551674967
 10
5951.892882835702
 20
6444.529767638014
 10
5951.176886461384
 20
6446.116578604066
 10
5950.306452683028
 20
6447.624214132782
 10
5949.290232262603
 20
6449.037690664991
 10
5948.138324855216
 20
6450.342960435839
 10
5946.862178634154
 20
6451.527051087993
 10
5945.474476513948
 20
6452.578194596514
 10
5943.989010101679
 20
6453.485944224987
 10
5942.4205426299595
 20
6454.2412783498
 10
5940.784662233171
 20
6454.836690121068
 10
5939.0976270256215
 20
6455.266262069083
 10
5937.376203521184
 20
6455.525724914827
 10
5935.637500000012
 20
6455.6125000000175
  0
LWPOLYLINE
  5
108
330
17
100
AcDbEntity
  8
NESTED_RESULT
100
AcDbPolyline
 90
64
 70
0
 10
5935.637500000012
 20
7255.712499999994
 10
5933.898796478839
 20
7255.625724914804
 10
5932.177372974402
 20
7255.366262069059
 10
5930.4903377668525
 20
7254.936690121045
 10
5928.854457370064
 20
7254.341278349777
 10
5927.285989898344
 20
7253.585944224964
 10
5925.800523486076
 20
7252.67819459649
 10
5924.41282136587
 20
7251.627051087969
 10
5923.136675144808
 20
7250.442960435816
 10
5921.98476773742
 20
7249.1376906649675
 10
5920.968547316996
 20
7247.724214132759
 10
5920.098113538639
 20
7246.216578604042
 10
5919.382117164321
 20
7244.629767637991
 10
5918.827674087661
 20
7242.979551674944
 10
5918.440294613043
 20
7241.2823313025
 10
5918.223828691727
 20
7239.554974259256
 10
5918.180427659332
 20
7237.814647795516
 10
5918.310522854765
 20
7236.078648057592
 10
5918.612821333547
 20
7234.364228190796
 10
5919.084318717563
 20
7232.68842686998
 10
5919.72032905402
 20
7231.06789896157
 10
5920.514531386434
 20
7229.518749999988
 10
5921.459032575192
 20
7228.056376123597
 10
5922.544445743173
 20
7226.695311060961
 10
5923.759983566677
 20
7225.449081688159
 10
5925.093565484713
 20
7224.330073592631
 10
5926.531937760999
 20
7223.349407979491
 10
5928.060805205663
 20
7222.516831144254
 10
5929.664973247185
 20
7221.84061760953
 10
5931.328498942836
 20
7221.327487889212
 10
5933.034849426913
 20
7220.982541697042
 10
5934.767066221655
 20
7220.809207263228
 10
5936.507933778368
 20
7220.809207263228
 10
5938.24015057311
 20
7220.982541697042
 10
5939.946501057188
 20
7221.327487889212
 10
5941.610026752838
 20
7221.84061760953
 10
5943.21419479436
 20
7222.516831144254
 10
5944.743062239024
 20
7223.349407979491
 10
5946.181434515311
 20
7224.330073592631
 10
5947.515016433346
 20
7225.449081688159
 10
5948.73055425685
 20
7226.695311060961
 10
5949.815967424831
 20
7228.056376123597
 10
5950.760468613589
 20
7229.518749999988
 10
5951.554670946003
 20
7231.06789896157
 10
5952.19068128246
 20
7232.68842686998
 10
5952.662178666476
 20
7234.364228190796
 10
5952.964477145259
 20
7236.078648057592
 10
5953.094572340691
 20
7237.814647795516
 10
5953.051171308296
 20
7239.554974259256
 10
5952.83470538698
 20
7241.2823313025
 10
5952.447325912362
 20
7242.979551674944
 10
5951.892882835702
 20
7244.629767637991
 10
5951.176886461384
 20
7246.216578604042
 10
5950.306452683028
 20
7247.724214132759
 10
5949.290232262603
 20
7249.1376906649675
 10
5948.138324855216
 20
7250.442960435816
 10
5946.862178634154
 20
7251.627051087969
 10
5945.474476513948
 20
7252.67819459649
 10
5943.989010101679
 20
7253.585944224964
 10
5942.4205426299595
 20
7254.341278349777
 10
5940.784662233171
 20
7254.936690121045
 10
5939.0976270256215
 20
7255.366262069059
 10
5937.376203521184
 20
7255.625724914804
 10
5935.637500000012
 20
7255.712499999994
  0
TEXT
  5
109
330
17
100
AcDbEntity
  8
NESTED_RESULT
100
AcDbText
 10
6129.3125
 20
6838.200000000012
 30
0.0
 40
80.0
  1
402-E
 72
1
 11
6129.3125
 21
6838.200000000012
 31
0.0
100
AcDbText
 73
2
  0
LWPOLYLINE
  5
10A
330
17
100
AcDbEntity
  8
NESTED_RESULT
100
AcDbPolyline
 90
6
 70
0
 10
3400.0
 20
7787.524999999994
 10
5057.349999999991
 20
7787.524999999994
 10
5057.349999999991
 20
7206.499999999913
 10
5054.175000000003
 20
7203.325000000012
 10
3400.0
 20
7203.325000000012
 10
3400.0
 20
7787.524999999994
  0
LWPOLYLINE
  5
10B
330
17
100
AcDbEntity
  8
NESTED_RESULT
100
AcDbPolyline
 90
9
 70
0
 10
3619.074999999997
 20
7622.424999999988
 10
4038.175000000003
 20
7622.424999999988
 10
4050.875
 20
7609.725000000006
 10
4050.875
 20
7343.024999999994
 10
4038.175000000003
 20
7330.325000000012
 10
3619.074999999997
 20
7330.325000000012
 10
3606.375
 20
7343.024999999994
 10
3606.375
 20
7609.725000000006
 10
3619.074999999997
 20
7622.424999999988
  0
LWPOLYLINE
  5
10C
330
17
100
AcDbEntity
  8
NESTED_RESULT
100
AcDbPolyline
 90
9
 70
0
 10
4416.0
 20
7622.424999999988
 10
4835.099999999991
 20
7622.424999999988
 10
4847.800000000003
 20
7609.725000000006
 10
4847.800000000003
 20
7343.024999999994
 10
4835.099999999991
 20
7330.325000000012
 10
4416.0
 20
7330.325000000012
 10
4403.300000000003
 20
7343.024999999994
 10
4403.300000000003
 20
7609.725000000006
 10
4416.0
 20
7622.424999999988
  0
LWPOLYLINE
  5
10D
330
17
100
AcDbEntity
  8
NESTED_RESULT
100
AcDbPolyline
 90
64
 70
0
 10
3846.087499999994
 20
7690.6875
 10
3846.0007249148184
 20
7692.426203521172
 10
3845.7412620690593
 20
7694.14762702561
 10
3845.311690121045
 20
7695.834662233159
 10
3844.7162783497915
 20
7697.470542629948
 10
3843.9609442249784
 20
7699.039010101667
 10
3843.0531945964904
 20
7700.524476513936
 10
3842.0020510879694
 20
7701.912178634142
 10
3840.81796043583
 20
7703.188324855204
 10
3839.512690664953
 20
7704.340232262592
 10
3838.099214132759
 20
7705.356452683016
 10
3836.5915786040277
 20
7706.2268864613725
 10
3835.0047676380054
 20
7706.94288283569
 10
3833.3545516749437
 20
7707.497325912351
 10
3831.6573313025146
 20
7707.884705386969
 10
3829.9299742592557
 20
7708.101171308284
 10
3828.1896477955306
 20
7708.14457234068
 10
3826.4536480575916
 20
7708.014477145247
 10
3824.7392281907814
 20
7707.712178666465
 10
3823.0634268699796
 20
7707.240681282448
 10
3821.4428989615844
 20
7706.6046709459915
 10
3819.893750000003
 20
7705.8104686135775
 10
3818.431376123597
 20
7704.865967424819
 10
3817.070311060961
 20
7703.7805542568385
 10
3815.8240816881735
 20
7702.565016433335
 10
3814.705073592617
 20
7701.231434515299
 10
3813.7244079795055
 20
7699.793062239012
 10
3812.891831144254
 20
7698.264194794348
 10
3812.2156176095305
 20
7696.6600267528265
 10
3811.702487889226
 20
7694.996501057176
 10
3811.3575416970416
 20
7693.290150573099
 10
3811.1842072632135
 20
7691.5579337783565
 10
3811.1842072632135
 20
7689.8170662216435
 10
3811.3575416970416
 20
7688.084849426901
 10
3811.702487889226
 20
7686.378498942824
 10
3812.2156176095305
 20
7684.7149732471735
 10
3812.891831144254
 20
7683.110805205652
 10
3813.7244079795055
 20
7681.581937760988
 10
3814.705073592617
 20
7680.143565484701
 10
3815.8240816881735
 20
7678.809983566665
 10
3817.070311060961
 20
7677.5944457431615
 10
3818.431376123597
 20
7676.509032575181
 10
3819.893750000003
 20
7675.5645313864225
 10
3821.4428989615844
 20
7674.7703290540085
 10
3823.0634268699796
 20
7674.134318717552
 10
3824.7392281907814
 20
7673.662821333535
 10
3826.4536480575916
 20
7673.360522854753
 10
3828.1896477955306
 20
7673.23042765932
 10
3829.9299742592557
 20
7673.273828691716
 10
3831.6573313025146
 20
7673.490294613031
 10
3833.3545516749437
 20
7673.877674087649
 10
3835.0047676380054
 20
7674.43211716431
 10
3836.5915786040277
 20
7675.1481135386275
 10
3838.099214132759
 20
7676.018547316984
 10
3839.512690664953
 20
7677.034767737408
 10
3840.81796043583
 20
7678.186675144796
 10
3842.0020510879694
 20
7679.462821365858
 10
3843.0531945964904
 20
7680.850523486064
 10
3843.9609442249784
 20
7682.335989898333
 10
3844.7162783497915
 20
7683.904457370052
 10
3845.311690121045
 20
7685.540337766841
 10
3845.7412620690593
 20
7687.22737297439
 10
3846.0007249148184
 20
7688.948796478828
 10
3846.087499999994
 20
7690.6875
  0
LWPOLYLINE
  5
10E
330
17
100
AcDbEntity
  8
NESTED_RESULT
100
AcDbPolyline
 90
64
 70
0
 10
4643.012499999997
 20
7690.6875
 10
4642.925724914821
 20
7692.426203521172
 10
4642.666262069062
 20
7694.14762702561
 10
4642.236690121048
 20
7695.834662233159
 10
4641.641278349794
 20
7697.470542629948
 10
4640.885944224981
 20
7699.039010101667
 10
4639.978194596493
 20
7700.524476513936
 10
4638.927051087972
 20
7701.912178634142
 10
4637.742960435833
 20
7703.188324855204
 10
4636.437690664956
 20
7704.340232262592
 10
4635.024214132762
 20
7705.356452683016
 10
4633.516578604031
 20
7706.2268864613725
 10
4631.929767638008
 20
7706.94288283569
 10
4630.279551674947
 20
7707.497325912351
 10
4628.582331302518
 20
7707.884705386969
 10
4626.854974259259
 20
7708.101171308284
 10
4625.1146477955335
 20
7708.14457234068
 10
4623.378648057595
 20
7708.014477145247
 10
4621.664228190784
 20
7707.712178666465
 10
4619.9884268699825
 20
7707.240681282448
 10
4618.367898961587
 20
7706.6046709459915
 10
4616.818750000006
 20
7705.8104686135775
 10
4615.3563761236
 20
7704.865967424819
 10
4613.995311060964
 20
7703.7805542568385
 10
4612.749081688176
 20
7702.565016433335
 10
4611.63007359262
 20
7701.231434515299
 10
4610.649407979508
 20
7699.793062239012
 10
4609.816831144257
 20
7698.264194794348
 10
4609.140617609533
 20
7696.6600267528265
 10
4608.627487889229
 20
7694.996501057176
 10
4608.2825416970445
 20
7693.290150573099
 10
4608.109207263216
 20
7691.5579337783565
 10
4608.109207263216
 20
7689.8170662216435
 10
4608.2825416970445
 20
7688.084849426901
 10
4608.627487889229
 20
7686.378498942824
 10
4609.140617609533
 20
7684.7149732471735
 10
4609.816831144257
 20
7683.110805205652
 10
4610.649407979508
 20
7681.581937760988
 10
4611.63007359262
 20
7680.143565484701
 10
4612.749081688176
 20
7678.809983566665
 10
4613.995311060964
 20
7677.5944457431615
 10
4615.3563761236
 20
7676.509032575181
 10
4616.818750000006
 20
7675.5645313864225
 10
4618.367898961587
 20
7674.7703290540085
 10
4619.9884268699825
 20
7674.134318717552
 10
4621.664228190784
 20
7673.662821333535
 10
4623.378648057595
 20
7673.360522854753
 10
4625.1146477955335
 20
7673.23042765932
 10
4626.854974259259
 20
7673.273828691716
 10
4628.582331302518
 20
7673.490294613031
 10
4630.279551674947
 20
7673.877674087649
 10
4631.929767638008
 20
7674.43211716431
 10
4633.516578604031
 20
7675.1481135386275
 10
4635.024214132762
 20
7676.018547316984
 10
4636.437690664956
 20
7677.034767737408
 10
4637.742960435833
 20
7678.186675144796
 10
4638.927051087972
 20
7679.462821365858
 10
4639.978194596493
 20
7680.850523486064
 10
4640.885944224981
 20
7682.335989898333
 10
4641.641278349794
 20
7683.904457370052
 10
4642.236690121048
 20
7685.540337766841
 10
4642.666262069062
 20
7687.22737297439
 10
4642.925724914821
 20
7688.948796478828
 10
4643.012499999997
 20
7690.6875
  0
TEXT
  5
10F
330
17
100
AcDbEntity
  8
NESTED_RESULT
100
AcDbText
 10
4227.0875000000015
 20
7476.375
 30
0.0
 40
80.0
  1
418-D
 72
1
 11
4227.0875000000015
 21
7476.375
 31
0.0
100
AcDbText
 73
2
  0
LWPOLYLINE
  5
110
330
17
100
AcDbEntity
  8
NESTED_RESULT
100
AcDbPolyline
 90
7
 70
0
 10
3400.0
 20
6000.0
 10
3400.0
 20
6501.649999999994
 10
4060.4000000000233
 20
6501.649999999994
 10
4063.5750000000116
 20
6498.475000000006
 10
4063.5750000000116
 20
6003.174999999988
 10
4060.4000000000233
 20
6000.0
 10
3400.0
 20
6000.0
  0
TEXT
  5
111
330
17
100
AcDbEntity
  8
NESTED_RESULT
100
AcDbText
 10
3731.787500000006
 20
6250.824999999997
 30
0.0
 40
80.0
  1
401-B
 72
1
 11
3731.787500000006
 21
6250.824999999997
 31
0.0
100
AcDbText
 73
2
  0
LWPOLYLINE
  5
112
330
17
100
AcDbEntity
  8
NESTED_RESULT
100
AcDbPolyline
 90
7
 70
0
 10
4711.275000000023
 20
6552.4499999999825
 10
4066.750000000029
 20
6552.4499999999825
 10
4063.5750000000116
 20
6549.274999999994
 10
4063.5750000000116
 20
6003.174999999988
 10
4066.750000000029
 20
6000.0
 10
4711.275000000023
 20
6000.0
 10
4711.275000000023
 20
6552.4499999999825
  0
TEXT
  5
113
330
17
100
AcDbEntity
  8
NESTED_RESULT
100
AcDbText
 10
4387.4250000000175
 20
6276.224999999991
 30
0.0
 40
80.0
  1
505-B
 72
1
 11
4387.4250000000175
 21
6276.224999999991
 31
0.0
100
AcDbText
 73
2
  0
LWPOLYLINE
  5
114
330
17
100
AcDbEntity
  8
NESTED_RESULT
100
AcDbPolyline
 90
7
 70
0
 10
5057.350000000006
 20
7203.325000000012
 10
5057.350000000006
 20
7704.975000000006
 10
5705.0500000000175
 20
7704.975000000006
 10
5708.225000000006
 20
7701.8000000000175
 10
5708.225000000006
 20
7206.5
 10
5705.0500000000175
 20
7203.325000000012
 10
5057.350000000006
 20
7203.325000000012
  0
TEXT
  5
115
330
17
100
AcDbEntity
  8
NESTED_RESULT
100
AcDbText
 10
5382.787500000006
 20
7454.150000000009
 30
0.0
 40
80.0
  1
423-A
 72
1
 11
5382.787500000006
 21
7454.150000000009
 31
0.0
100
AcDbText
 73
2
  0
LWPOLYLINE
  5
116
330
17
100
AcDbEntity
  8
NESTED_RESULT
 62
1
100
AcDbPolyline
 90
5
 70
0
 10
6800.0
 20
6000.0
 10
10000.0
 20
6000.0
 10
10000.0
 20
7800.0
 10
6800.0
 20
7800.0
 10
6800.0
 20
6000.0
  0
TEXT
  5
117
330
17
100
AcDbEntity
  8
NESTED_RESULT
 62
1
100
AcDbText
 10
6800.0
 20
7830.0
 30
0.0
 40
50.0
  1
Sheet_21
 11
6800.0
 21
7830.0
 31
0.0
100
AcDbText
 73
1
  0
LWPOLYLINE
  5
118
330
17
100
AcDbEntity
  8
NESTED_RESULT
100
AcDbPolyline
 90
9
 70
0
 10
7777.6999999999825
 20
6003.1750000000175
 10
7777.6999999999825
 20
7787.525000000023
 10
7774.524999999994
 20
7790.700000000012
 10
6803.174999999988
 20
7790.700000000012
 10
6800.0
 20
7787.525000000023
 10
6800.0
 20
6003.1750000000175
 10
6803.174999999988
 20
6000.0
 10
7774.524999999994
 20
6000.0
 10
7777.6999999999825
 20
6003.1750000000175
  0
TEXT
  5
119
330
17
100
AcDbEntity
  8
NESTED_RESULT
100
AcDbText
 10
7288.849999999991
 20
6895.35000000002
 30
0.0
 40
80.0
  1
515-C
 72
1
 11
7288.849999999991
 21
6895.35000000002
 31
0.0
100
AcDbText
 73
2
  0
LWPOLYLINE
  5
11A
330
17
100
AcDbEntity
  8
NESTED_RESULT
100
AcDbPolyline
 90
9
 70
0
 10
7780.874999999971
 20
6977.899999999994
 10
9666.824999999983
 20
6977.899999999994
 10
9669.99999999997
 20
6974.724999999977
 10
9669.99999999997
 20
6003.174999999988
 10
9666.824999999983
 20
6000.0
 10
7780.874999999971
 20
6000.0
 10
7777.6999999999825
 20
6003.174999999988
 10
7777.6999999999825
 20
6974.724999999977
 10
7780.874999999971
 20
6977.899999999994
  0
TEXT
  5
11B
330
17
100
AcDbEntity
  8
NESTED_RESULT
100
AcDbText
 10
8723.849999999977
 20
6488.949999999997
 30
0.0
 40
80.0
  1
402-C
 72
1
 11
8723.849999999977
 21
6488.949999999997
 31
0.0
100
AcDbText
 73
2
  0
LWPOLYLINE
  5
11C
330
17
100
AcDbEntity
  8
NESTED_RESULT
100
AcDbPolyline
 90
7
 70
0
 10
7777.6999999999825
 20
7625.599999999977
 10
9716.037499999977
 20
7625.599999999977
 10
9716.037499999977
 20
6981.0749999999825
 10
9712.862499999988
 20
6977.899999999994
 10
7780.874999999884
 20
6977.899999999994
 10
7777.6999999999825
 20
6981.0749999999825
 10
7777.6999999999825
 20
7625.599999999977
  0
LWPOLYLINE
  5
11D
330
17
100
AcDbEntity
  8
NESTED_RESULT
100
AcDbPolyline
 90
9
 70
0
 10
8514.299999999988
 20
7479.550000000105
 10
9149.299999999988
 20
7479.550000000105
 10
9155.649999999965
 20
7473.200000000099
 10
9155.649999999965
 20
7092.200000000099
 10
9149.299999999988
 20
7085.850000000093
 10
8514.299999999988
 20
7085.850000000093
 10
8507.949999999983
 20
7092.200000000099
 10
8507.949999999983
 20
7473.200000000099
 10
8514.299999999988
 20
7479.550000000105
  0
LWPOLYLINE
  5
11E
330
17
100
AcDbEntity
  8
NESTED_RESULT
100
AcDbPolyline
 90
64
 70
0
 10
8849.262499999983
 20
7535.112500000105
 10
8849.175724914792
 20
7536.851203521277
 10
8848.916262069048
 20
7538.572627025715
 10
8848.486690121033
 20
7540.259662233264
 10
8847.891278349765
 20
7541.895542630053
 10
8847.135944224952
 20
7543.464010101772
 10
8846.228194596479
 20
7544.949476514041
 10
8845.177051087958
 20
7546.337178634247
 10
8843.992960435804
 20
7547.613324855309
 10
8842.687690664956
 20
7548.765232262696
 10
8841.274214132747
 20
7549.781452683121
 10
8839.76657860403
 20
7550.651886461477
 10
8838.17976763798
 20
7551.367882835795
 10
8836.529551674932
 20
7551.922325912456
 10
8834.832331302488
 20
7552.309705387073
 10
8833.104974259244
 20
7552.526171308389
 10
8831.364647795504
 20
7552.569572340784
 10
8829.62864805758
 20
7552.439477145352
 10
8827.914228190784
 20
7552.1371786665695
 10
8826.238426869968
 20
7551.665681282553
 10
8824.617898961558
 20
7551.029670946096
 10
8823.068749999977
 20
7550.235468613682
 10
8821.606376123586
 20
7549.290967424924
 10
8820.24531106095
 20
7548.205554256943
 10
8818.999081688147
 20
7546.990016433439
 10
8817.88007359262
 20
7545.656434515404
 10
8816.89940797948
 20
7544.218062239117
 10
8816.066831144242
 20
7542.689194794453
 10
8815.390617609519
 20
7541.085026752931
 10
8814.8774878892
 20
7539.421501057281
 10
8814.53254169703
 20
7537.715150573204
 10
8814.359207263216
 20
7535.982933778461
 10
8814.359207263216
 20
7534.242066221748
 10
8814.53254169703
 20
7532.509849427006
 10
8814.8774878892
 20
7530.803498942929
 10
8815.390617609519
 20
7529.139973247278
 10
8816.066831144242
 20
7527.535805205756
 10
8816.89940797948
 20
7526.006937761093
 10
8817.88007359262
 20
7524.568565484806
 10
8818.999081688147
 20
7523.23498356677
 10
8820.24531106095
 20
7522.019445743266
 10
8821.606376123586
 20
7520.9340325752855
 10
8823.068749999977
 20
7519.989531386527
 10
8824.617898961558
 20
7519.195329054113
 10
8826.238426869968
 20
7518.559318717656
 10
8827.914228190784
 20
7518.08782133364
 10
8829.62864805758
 20
7517.785522854858
 10
8831.364647795504
 20
7517.655427659425
 10
8833.104974259244
 20
7517.69882869182
 10
8834.832331302488
 20
7517.915294613136
 10
8836.529551674932
 20
7518.302674087754
 10
8838.17976763798
 20
7518.857117164414
 10
8839.76657860403
 20
7519.573113538732
 10
8841.274214132747
 20
7520.443547317089
 10
8842.687690664956
 20
7521.459767737513
 10
8843.992960435804
 20
7522.611675144901
 10
8845.177051087958
 20
7523.887821365963
 10
8846.228194596479
 20
7525.275523486169
 10
8847.135944224952
 20
7526.760989898437
 10
8847.891278349765
 20
7528.329457370157
 10
8848.486690121033
 20
7529.965337766946
 10
8848.916262069048
 20
7531.652372974495
 10
8849.175724914792
 20
7533.3737964789325
 10
8849.262499999983
 20
7535.112500000105
  0
TEXT
  5
11F
330
17
100
AcDbEntity
  8
NESTED_RESULT
100
AcDbText
 10
8127.65131378172
 20
7301.51338653563
 30
0.0
 40
80.0
  1
502-A
 72
1
 11
8127.65131378172
 21
7301.51338653563
 31
0.0
100
AcDbText
 73
2
  0
LWPOLYLINE
  5
120
330
17
100
AcDbEntity
  8
NESTED_RESULT
 62
1
100
AcDbPolyline
 90
5
 70
0
 10
10200.0
 20
6000.0
 10
13400.0
 20
6000.0
 10
13400.0
 20
7800.0
 10
10200.0
 20
7800.0
 10
10200.0
 20
6000.0
  0
TEXT
  5
121
330
17
100
AcDbEntity
  8
NESTED_RESULT
 62
1
100
AcDbText
 10
10200.0
 20
7830.0
 30
0.0
 40
50.0
  1
Sheet_22
 11
10200.0
 21
7830.0
 31
0.0
100
AcDbText
 73
1
  0
LWPOLYLINE
  5
122
330
17
100
AcDbEntity
  8
NESTED_RESULT
100
AcDbPolyline
 90
9
 70
0
 10
10200.0
 20
7787.525000000023
 10
10200.0
 20
6003.174999999988
 10
10203.175000000017
 20
6000.0
 10
11174.524999999994
 20
6000.0
 10
11177.700000000012
 20
6003.174999999988
 10
11177.700000000012
 20
7787.525000000023
 10
11174.524999999994
 20
7790.700000000012
 10
10203.175000000017
 20
7790.700000000012
 10
10200.0
 20
7787.525000000023
  0
TEXT
  5
123
330
17
100
AcDbEntity
  8
NESTED_RESULT
100
AcDbText
 10
10688.850000000006
 20
6895.350000000006
 30
0.0
 40
80.0
  1
413-C
 72
1
 11
10688.850000000006
 21
6895.350000000006
 31
0.0
100
AcDbText
 73
2
  0
LWPOLYLINE
  5
124
330
17
100
AcDbEntity
  8
NESTED_RESULT
100
AcDbPolyline
 90
9
 70
0
 10
12965.225000000006
 20
6977.6999999999825
 10
11180.875
 20
6977.6999999999825
 10
11177.700000000012
 20
6974.5250000000815
 10
11177.700000000012
 20
6003.174999999988
 10
11180.875
 20
6000.0
 10
12965.225000000006
 20
6000.0
 10
12968.399999999994
 20
6003.174999999988
 10
12968.399999999994
 20
6974.5250000000815
 10
12965.225000000006
 20
6977.6999999999825
  0
TEXT
  5
125
330
17
100
AcDbEntity
  8
NESTED_RESULT
100
AcDbText
 10
12073.050000000003
 20
6488.849999999991
 30
0.0
 40
80.0
  1
504-C
 72
1
 11
12073.050000000003
 21
6488.849999999991
 31
0.0
100
AcDbText
 73
2
  0
LWPOLYLINE
  5
126
330
17
100
AcDbEntity
  8
NESTED_RESULT
100
AcDbPolyline
 90
7
 70
0
 10
11177.700000000012
 20
7625.399999999994
 10
13095.400000000023
 20
7625.399999999994
 10
13095.400000000023
 20
6980.875
 10
13092.225000000006
 20
6977.6999999999825
 10
11180.87500000003
 20
6977.6999999999825
 10
11177.700000000012
 20
6980.875
 10
11177.700000000012
 20
7625.399999999994
  0
LWPOLYLINE
  5
127
330
17
100
AcDbEntity
  8
NESTED_RESULT
100
AcDbPolyline
 90
9
 70
0
 10
11896.837000000029
 20
7479.350000000006
 10
12531.837000000029
 20
7479.350000000006
 10
12538.187000000005
 20
7473.0
 10
12538.187000000005
 20
7092.0
 10
12531.837000000029
 20
7085.649999999994
 10
11896.837000000029
 20
7085.649999999994
 10
11890.487000000023
 20
7092.0
 10
11890.487000000023
 20
7473.0
 10
11896.837000000029
 20
7479.350000000006
  0
LWPOLYLINE
  5
128
330
17
100
AcDbEntity
  8
NESTED_RESULT
100
AcDbPolyline
 90
64
 70
0
 10
12231.799500000023
 20
7534.912500000006
 10
12231.712724914833
 20
7536.651203521178
 10
12231.453262069088
 20
7538.372627025616
 10
12231.023690121074
 20
7540.059662233165
 10
12230.428278349806
 20
7541.695542629954
 10
12229.672944224993
 20
7543.264010101673
 10
12228.765194596519
 20
7544.749476513942
 10
12227.714051087998
 20
7546.137178634148
 10
12226.529960435844
 20
7547.41332485521
 10
12225.224690664996
 20
7548.565232262597
 10
12223.811214132787
 20
7549.581452683022
 10
12222.303578604071
 20
7550.451886461378
 10
12220.71676763802
 20
7551.167882835696
 10
12219.066551674972
 20
7551.722325912357
 10
12217.369331302529
 20
7552.109705386974
 10
12215.641974259284
 20
7552.32617130829
 10
12213.901647795545
 20
7552.369572340685
 10
12212.16564805762
 20
7552.239477145253
 10
12210.451228190825
 20
7551.937178666471
 10
12208.775426870008
 20
7551.465681282454
 10
12207.154898961599
 20
7550.829670945997
 10
12205.605750000017
 20
7550.035468613583
 10
12204.143376123626
 20
7549.090967424825
 10
12202.78231106099
 20
7548.005554256844
 10
12201.536081688188
 20
7546.7900164333405
 10
12200.41707359266
 20
7545.456434515305
 10
12199.43640797952
 20
7544.018062239018
 10
12198.603831144283
 20
7542.489194794354
 10
12197.92761760956
 20
7540.885026752832
 10
12197.41448788924
 20
7539.221501057182
 10
12197.06954169707
 20
7537.515150573105
 10
12196.896207263257
 20
7535.782933778362
 10
12196.896207263257
 20
7534.042066221649
 10
12197.06954169707
 20
7532.309849426907
 10
12197.41448788924
 20
7530.60349894283
 10
12197.92761760956
 20
7528.939973247179
 10
12198.603831144283
 20
7527.335805205657
 10
12199.43640797952
 20
7525.806937760994
 10
12200.41707359266
 20
7524.368565484707
 10
12201.536081688188
 20
7523.034983566671
 10
12202.78231106099
 20
7521.819445743167
 10
12204.143376123626
 20
7520.734032575187
 10
12205.605750000017
 20
7519.789531386428
 10
12207.154898961599
 20
7518.995329054014
 10
12208.775426870008
 20
7518.3593187175575
 10
12210.451228190825
 20
7517.887821333541
 10
12212.16564805762
 20
7517.585522854759
 10
12213.901647795545
 20
7517.455427659326
 10
12215.641974259284
 20
7517.498828691721
 10
12217.369331302529
 20
7517.715294613037
 10
12219.066551674972
 20
7518.102674087655
 10
12220.71676763802
 20
7518.657117164315
 10
12222.303578604071
 20
7519.373113538633
 10
12223.811214132787
 20
7520.24354731699
 10
12225.224690664996
 20
7521.259767737414
 10
12226.529960435844
 20
7522.411675144802
 10
12227.714051087998
 20
7523.687821365864
 10
12228.765194596519
 20
7525.07552348607
 10
12229.672944224993
 20
7526.560989898338
 10
12230.428278349806
 20
7528.129457370058
 10
12231.023690121074
 20
7529.765337766847
 10
12231.453262069088
 20
7531.452372974396
 10
12231.712724914833
 20
7533.1737964788335
 10
12231.799500000023
 20
7534.912500000006
  0
TEXT
  5
129
330
17
100
AcDbEntity
  8
NESTED_RESULT
100
AcDbText
 10
11507.070593261733
 20
7301.78409423827
 30
0.0
 40
80.0
  1
403-A
 72
1
 11
11507.070593261733
 21
7301.78409423827
 31
0.0
100
AcDbText
 73
2
  0
LWPOLYLINE
  5
12A
330
17
100
AcDbEntity
  8
NESTED_RESULT
 62
1
100
AcDbPolyline
 90
5
 70
0
 10
13600.0
 20
6000.0
 10
16800.0
 20
6000.0
 10
16800.0
 20
7800.0
 10
13600.0
 20
7800.0
 10
13600.0
 20
6000.0
  0
TEXT
  5
12B
330
17
100
AcDbEntity
  8
NESTED_RESULT
 62
1
100
AcDbText
 10
13600.0
 20
7830.0
 30
0.0
 40
50.0
  1
Sheet_23
 11
13600.0
 21
7830.0
 31
0.0
100
AcDbText
 73
1
  0
LWPOLYLINE
  5
12C
330
17
100
AcDbEntity
  8
NESTED_RESULT
100
AcDbPolyline
 90
9
 70
0
 10
15387.524999999994
 20
6977.6999999999825
 10
13603.174999999988
 20
6977.6999999999825
 10
13600.0
 20
6974.524999999994
 10
13600.0
 20
6003.174999999988
 10
13603.174999999988
 20
6000.0
 10
15387.524999999994
 20
6000.0
 10
15390.699999999983
 20
6003.174999999988
 10
15390.699999999983
 20
6974.524999999994
 10
15387.524999999994
 20
6977.6999999999825
  0
TEXT
  5
12D
330
17
100
AcDbEntity
  8
NESTED_RESULT
100
AcDbText
 10
14495.349999999991
 20
6488.849999999991
 30
0.0
 40
80.0
  1
409-C
 72
1
 11
14495.349999999991
 21
6488.849999999991
 31
0.0
100
AcDbText
 73
2
  0
LWPOLYLINE
  5
12E
330
17
100
AcDbEntity
  8
NESTED_RESULT
100
AcDbPolyline
 90
9
 70
0
 10
15390.800000000017
 20
7787.525000000023
 10
15390.800000000017
 20
6003.1750000000175
 10
15393.975000000006
 20
6000.0
 10
16365.325000000012
 20
6000.0
 10
16368.5
 20
6003.1750000000175
 10
16368.5
 20
7787.525000000023
 10
16365.325000000012
 20
7790.700000000012
 10
15393.975000000006
 20
7790.700000000012
 10
15390.800000000017
 20
7787.525000000023
  0
TEXT
  5
12F
330
17
100
AcDbEntity
  8
NESTED_RESULT
100
AcDbText
 10
15879.650000000009
 20
6895.35000000002
 30
0.0
 40
80.0
  1
518-C
 72
1
 11
15879.650000000009
 21
6895.35000000002
 31
0.0
100
AcDbText
 73
2
  0
LWPOLYLINE
  5
130
330
17
100
AcDbEntity
  8
NESTED_RESULT
100
AcDbPolyline
 90
6
 70
0
 10
13600.0
 20
7561.899999999994
 10
15257.350000000006
 20
7561.899999999994
 10
15257.350000000006
 20
6977.6999999999825
 10
13603.175000000003
 20
6977.6999999999825
 10
13600.0
 20
6980.875
 10
13600.0
 20
7561.899999999994
  0
LWPOLYLINE
  5
131
330
17
100
AcDbEntity
  8
NESTED_RESULT
100
AcDbPolyline
 90
9
 70
0
 10
14619.175000000003
 20
7397.086863696197
 10
15038.275000000009
 20
7397.086863696197
 10
15050.975000000006
 20
7384.386863696185
 10
15050.975000000006
 20
7117.6868636961735
 10
15038.275000000009
 20
7104.986863696191
 10
14619.175000000003
 20
7104.986863696191
 10
14606.475000000006
 20
7117.6868636961735
 10
14606.475000000006
 20
7384.386863696185
 10
14619.175000000003
 20
7397.086863696197
  0
LWPOLYLINE
  5
132
330
17
100
AcDbEntity
  8
NESTED_RESULT
100
AcDbPolyline
 90
9
 70
0
 10
13819.075000000012
 20
7396.799999999988
 10
14238.175000000003
 20
7396.799999999988
 10
14250.875
 20
7384.099999999977
 10
14250.875
 20
7117.399999999994
 10
14238.175000000003
 20
7104.6999999999825
 10
13819.075000000012
 20
7104.6999999999825
 10
13806.375
 20
7117.399999999994
 10
13806.375
 20
7384.099999999977
 10
13819.075000000012
 20
7396.799999999988
  0
LWPOLYLINE
  5
133
330
17
100
AcDbEntity
  8
NESTED_RESULT
100
AcDbPolyline
 90
64
 70
0
 10
14046.087499999994
 20
7465.0625
 10
14046.000724914818
 20
7466.801203521172
 10
14045.74126206906
 20
7468.52262702561
 10
14045.311690121045
 20
7470.209662233159
 10
14044.716278349792
 20
7471.845542629948
 10
14043.960944224978
 20
7473.414010101667
 10
14043.05319459649
 20
7474.899476513936
 10
14042.00205108797
 20
7476.287178634142
 10
14040.81796043583
 20
7477.563324855204
 10
14039.512690664953
 20
7478.715232262592
 10
14038.099214132759
 20
7479.731452683016
 10
14036.591578604028
 20
7480.6018864613725
 10
14035.004767638005
 20
7481.31788283569
 10
14033.354551674944
 20
7481.872325912351
 10
14031.657331302515
 20
7482.259705386969
 10
14029.929974259256
 20
7482.476171308284
 10
14028.18964779553
 20
7482.51957234068
 10
14026.453648057592
 20
7482.389477145247
 10
14024.739228190781
 20
7482.087178666465
 10
14023.06342686998
 20
7481.615681282448
 10
14021.442898961584
 20
7480.9796709459915
 10
14019.893750000003
 20
7480.1854686135775
 10
14018.431376123597
 20
7479.240967424819
 10
14017.070311060961
 20
7478.1555542568385
 10
14015.824081688173
 20
7476.940016433335
 10
14014.705073592617
 20
7475.606434515299
 10
14013.724407979505
 20
7474.168062239012
 10
14012.891831144254
 20
7472.639194794348
 10
14012.21561760953
 20
7471.0350267528265
 10
14011.702487889226
 20
7469.371501057176
 10
14011.357541697042
 20
7467.665150573099
 10
14011.184207263213
 20
7465.9329337783565
 10
14011.184207263213
 20
7464.1920662216435
 10
14011.357541697042
 20
7462.459849426901
 10
14011.702487889226
 20
7460.753498942824
 10
14012.21561760953
 20
7459.0899732471735
 10
14012.891831144254
 20
7457.485805205652
 10
14013.724407979505
 20
7455.956937760988
 10
14014.705073592617
 20
7454.518565484701
 10
14015.824081688173
 20
7453.184983566665
 10
14017.070311060961
 20
7451.9694457431615
 10
14018.431376123597
 20
7450.884032575181
 10
14019.893750000003
 20
7449.9395313864225
 10
14021.442898961584
 20
7449.1453290540085
 10
14023.06342686998
 20
7448.509318717552
 10
14024.739228190781
 20
7448.037821333535
 10
14026.453648057592
 20
7447.735522854753
 10
14028.18964779553
 20
7447.60542765932
 10
14029.929974259256
 20
7447.648828691716
 10
14031.657331302515
 20
7447.865294613031
 10
14033.354551674944
 20
7448.252674087649
 10
14035.004767638005
 20
7448.80711716431
 10
14036.591578604028
 20
7449.5231135386275
 10
14038.099214132759
 20
7450.393547316984
 10
14039.512690664953
 20
7451.409767737408
 10
14040.81796043583
 20
7452.561675144796
 10
14042.00205108797
 20
7453.837821365858
 10
14043.05319459649
 20
7455.225523486064
 10
14043.960944224978
 20
7456.710989898333
 10
14044.716278349792
 20
7458.279457370052
 10
14045.311690121045
 20
7459.915337766841
 10
14045.74126206906
 20
7461.60237297439
 10
14046.000724914818
 20
7463.323796478828
 10
14046.087499999994
 20
7465.0625
  0
LWPOLYLINE
  5
134
330
17
100
AcDbEntity
  8
NESTED_RESULT
100
AcDbPolyline
 90
64
 70
0
 10
14846.1875
 20
7465.349363696179
 10
14846.100724914824
 20
7467.088067217352
 10
14845.841262069065
 20
7468.809490721789
 10
14845.411690121051
 20
7470.4965259293385
 10
14844.816278349797
 20
7472.132406326127
 10
14844.060944224984
 20
7473.700873797847
 10
14843.153194596496
 20
7475.186340210115
 10
14842.102051087975
 20
7476.574042330321
 10
14840.917960435836
 20
7477.850188551383
 10
14839.612690664959
 20
7479.002095958771
 10
14838.199214132765
 20
7480.018316379195
 10
14836.691578604034
 20
7480.888750157552
 10
14835.104767638011
 20
7481.60474653187
 10
14833.45455167495
 20
7482.15918960853
 10
14831.75733130252
 20
7482.546569083148
 10
14830.029974259262
 20
7482.763035004464
 10
14828.289647795536
 20
7482.806436036859
 10
14826.553648057597
 20
7482.676340841426
 10
14824.839228190787
 20
7482.374042362644
 10
14823.163426869985
 20
7481.902544978628
 10
14821.54289896159
 20
7481.266534642171
 10
14819.993750000009
 20
7480.472332309757
 10
14818.531376123603
 20
7479.527831120999
 10
14817.170311060967
 20
7478.442417953018
 10
14815.92408168818
 20
7477.226880129514
 10
14814.805073592623
 20
7475.893298211478
 10
14813.824407979511
 20
7474.454925935192
 10
14812.99183114426
 20
7472.926058490528
 10
14812.315617609536
 20
7471.321890449006
 10
14811.802487889232
 20
7469.658364753355
 10
14811.457541697047
 20
7467.952014269278
 10
14811.28420726322
 20
7466.219797474536
 10
14811.28420726322
 20
7464.478929917823
 10
14811.457541697047
 20
7462.746713123081
 10
14811.802487889232
 20
7461.040362639003
 10
14812.315617609536
 20
7459.376836943353
 10
14812.99183114426
 20
7457.772668901831
 10
14813.824407979511
 20
7456.243801457167
 10
14814.805073592623
 20
7454.80542918088
 10
14815.92408168818
 20
7453.471847262845
 10
14817.170311060967
 20
7452.256309439341
 10
14818.531376123603
 20
7451.17089627136
 10
14819.993750000009
 20
7450.226395082602
 10
14821.54289896159
 20
7449.432192750188
 10
14823.163426869985
 20
7448.796182413731
 10
14824.839228190787
 20
7448.324685029715
 10
14826.553648057597
 20
7448.022386550932
 10
14828.289647795536
 20
7447.8922913555
 10
14830.029974259262
 20
7447.935692387895
 10
14831.75733130252
 20
7448.152158309211
 10
14833.45455167495
 20
7448.539537783829
 10
14835.104767638011
 20
7449.093980860489
 10
14836.691578604034
 20
7449.809977234807
 10
14838.199214132765
 20
7450.680411013163
 10
14839.612690664959
 20
7451.696631433588
 10
14840.917960435836
 20
7452.848538840975
 10
14842.102051087975
 20
7454.124685062037
 10
14843.153194596496
 20
7455.512387182243
 10
14844.060944224984
 20
7456.997853594512
 10
14844.816278349797
 20
7458.5663210662315
 10
14845.411690121051
 20
7460.20220146302
 10
14845.841262069065
 20
7461.8892366705695
 10
14846.100724914824
 20
7463.610660175007
 10
14846.1875
 20
7465.349363696179
  0
TEXT
  5
135
330
17
100
AcDbEntity
  8
NESTED_RESULT
100
AcDbText
 10
14428.675000000003
 20
7250.893431848075
 30
0.0
 40
80.0
  1
416-D
 72
1
 11
14428.675000000003
 21
7250.893431848075
 31
0.0
100
AcDbText
 73
2
  0
LWPOLYLINE
  5
136
330
17
100
AcDbEntity
  8
NESTED_RESULT
 62
1
100
AcDbPolyline
 90
5
 70
0
 10
17000.0
 20
6000.0
 10
20200.0
 20
6000.0
 10
20200.0
 20
7800.0
 10
17000.0
 20
7800.0
 10
17000.0
 20
6000.0
  0
TEXT
  5
137
330
17
100
AcDbEntity
  8
NESTED_RESULT
 62
1
100
AcDbText
 10
17000.0
 20
7830.0
 30
0.0
 40
50.0
  1
Sheet_24
 11
17000.0
 21
7830.0
 31
0.0
100
AcDbText
 73
1
  0
LWPOLYLINE
  5
138
330
17
100
AcDbEntity
  8
NESTED_RESULT
100
AcDbPolyline
 90
9
 70
0
 10
17003.175000000017
 20
6977.700000000012
 10
18889.125
 20
6977.700000000012
 10
18892.300000000017
 20
6974.525000000023
 10
18892.300000000017
 20
6003.1750000000175
 10
18889.125
 20
6000.0
 10
17003.175000000017
 20
6000.0
 10
17000.0
 20
6003.1750000000175
 10
17000.0
 20
6974.525000000023
 10
17003.175000000017
 20
6977.700000000012
  0
TEXT
  5
139
330
17
100
AcDbEntity
  8
NESTED_RESULT
100
AcDbText
 10
17946.15000000001
 20
6488.850000000006
 30
0.0
 40
80.0
  1
503-C
 72
1
 11
17946.15000000001
 21
6488.850000000006
 31
0.0
100
AcDbText
 73
2
  0
LWPOLYLINE
  5
13A
330
17
100
AcDbEntity
  8
NESTED_RESULT
100
AcDbPolyline
 90
9
 70
0
 10
18892.300000000017
 20
7787.525000000023
 10
18892.300000000017
 20
6003.1750000000175
 10
18895.475000000006
 20
6000.0
 10
19866.82500000001
 20
6000.0
 10
19870.0
 20
6003.1750000000175
 10
19870.0
 20
7787.525000000023
 10
19866.82500000001
 20
7790.700000000012
 10
18895.475000000006
 20
7790.700000000012
 10
18892.300000000017
 20
7787.525000000023
  0
TEXT
  5
13B
330
17
100
AcDbEntity
  8
NESTED_RESULT
100
AcDbText
 10
19381.15000000001
 20
6895.35000000002
 30
0.0
 40
80.0
  1
404-C
 72
1
 11
19381.15000000001
 21
6895.35000000002
 31
0.0
100
AcDbText
 73
2
  0
LWPOLYLINE
  5
13C
330
17
100
AcDbEntity
  8
NESTED_RESULT
100
AcDbPolyline
 90
7
 70
0
 10
17000.0
 20
7628.575000000012
 10
18819.274999999892
 20
7628.575000000012
 10
18819.274999999892
 20
6980.875
 10
18816.09999999999
 20
6977.700000000012
 10
17003.1749999999
 20
6977.700000000012
 10
17000.0
 20
6980.875
 10
17000.0
 20
7628.575000000012
  0
LWPOLYLINE
  5
13D
330
17
100
AcDbEntity
  8
NESTED_RESULT
100
AcDbPolyline
 90
9
 70
0
 10
17720.74499999998
 20
7479.350000000006
 10
18355.74499999998
 20
7479.350000000006
 10
18362.094999999885
 20
7473.0
 10
18362.094999999885
 20
7092.0
 10
18355.74499999998
 20
7085.649999999994
 10
17720.74499999998
 20
7085.649999999994
 10
17714.394999999888
 20
7092.0
 10
17714.394999999888
 20
7473.0
 10
17720.74499999998
 20
7479.350000000006
  0
LWPOLYLINE
  5
13E
330
17
100
AcDbEntity
  8
NESTED_RESULT
100
AcDbPolyline
 90
64
 70
0
 10
18055.707499999888
 20
7534.912500000006
 10
18055.620724914712
 20
7536.651203521178
 10
18055.361262068953
 20
7538.372627025616
 10
18054.93169012094
 20
7540.059662233165
 10
18054.336278349685
 20
7541.695542629954
 10
18053.580944224872
 20
7543.264010101673
 10
18052.673194596384
 20
7544.749476513942
 10
18051.622051087863
 20
7546.137178634148
 10
18050.437960435724
 20
7547.41332485521
 10
18049.132690664846
 20
7548.565232262597
 10
18047.719214132652
 20
7549.581452683022
 10
18046.21157860392
 20
7550.451886461378
 10
18044.6247676379
 20
7551.167882835696
 10
18042.974551674837
 20
7551.722325912357
 10
18041.277331302408
 20
7552.109705386974
 10
18039.54997425915
 20
7552.32617130829
 10
18037.809647795424
 20
7552.369572340685
 10
18036.073648057485
 20
7552.239477145253
 10
18034.359228190675
 20
7551.937178666471
 10
18032.683426869873
 20
7551.465681282454
 10
18031.062898961478
 20
7550.829670945997
 10
18029.513749999896
 20
7550.035468613583
 10
18028.05137612349
 20
7549.090967424825
 10
18026.690311060855
 20
7548.005554256844
 10
18025.444081688067
 20
7546.7900164333405
 10
18024.32507359251
 20
7545.456434515305
 10
18023.3444079794
 20
7544.018062239018
 10
18022.511831144147
 20
7542.489194794354
 10
18021.835617609424
 20
7540.885026752832
 10
18021.32248788912
 20
7539.221501057182
 10
18020.977541696935
 20
7537.515150573105
 10
18020.804207263107
 20
7535.782933778362
 10
18020.804207263107
 20
7534.042066221649
 10
18020.977541696935
 20
7532.309849426907
 10
18021.32248788912
 20
7530.60349894283
 10
18021.835617609424
 20
7528.939973247179
 10
18022.511831144147
 20
7527.335805205657
 10
18023.3444079794
 20
7525.806937760994
 10
18024.32507359251
 20
7524.368565484707
 10
18025.444081688067
 20
7523.034983566671
 10
18026.690311060855
 20
7521.819445743167
 10
18028.05137612349
 20
7520.734032575187
 10
18029.513749999896
 20
7519.789531386428
 10
18031.062898961478
 20
7518.995329054014
 10
18032.683426869873
 20
7518.3593187175575
 10
18034.359228190675
 20
7517.887821333541
 10
18036.073648057485
 20
7517.585522854759
 10
18037.809647795424
 20
7517.455427659326
 10
18039.54997425915
 20
7517.498828691721
 10
18041.277331302408
 20
7517.715294613037
 10
18042.974551674837
 20
7518.102674087655
 10
18044.6247676379
 20
7518.657117164315
 10
18046.21157860392
 20
7519.373113538633
 10
18047.719214132652
 20
7520.24354731699
 10
18049.132690664846
 20
7521.259767737414
 10
18050.437960435724
 20
7522.411675144802
 10
18051.622051087863
 20
7523.687821365864
 10
18052.673194596384
 20
7525.07552348607
 10
18053.580944224872
 20
7526.560989898338
 10
18054.336278349685
 20
7528.129457370058
 10
18054.93169012094
 20
7529.765337766847
 10
18055.361262068953
 20
7531.452372974396
 10
18055.620724914712
 20
7533.1737964788335
 10
18055.707499999888
 20
7534.912500000006
  0
TEXT
  5
13F
330
17
100
AcDbEntity
  8
NESTED_RESULT
100
AcDbText
 10
17326.678897094705
 20
7302.915420532238
 30
0.0
 40
80.0
  1
412-A
 72
1
 11
17326.678897094705
 21
7302.915420532238
 31
0.0
100
AcDbText
 73
2
  0
LWPOLYLINE
  5
140
330
17
100
AcDbEntity
  8
NESTED_RESULT
 62
1
100
AcDbPolyline
 90
5
 70
0
 10
0.0
 20
8000.0
 10
3200.0
 20
8000.0
 10
3200.0
 20
9800.0
 10
0.0
 20
9800.0
 10
0.0
 20
8000.0
  0
TEXT
  5
141
330
17
100
AcDbEntity
  8
NESTED_RESULT
 62
1
100
AcDbText
 10
0.0
 20
9830.0
 30
0.0
 40
50.0
  1
Sheet_25
 11
0.0
 21
9830.0
 31
0.0
100
AcDbText
 73
1
  0
LWPOLYLINE
  5
142
330
17
100
AcDbEntity
  8
NESTED_RESULT
100
AcDbPolyline
 90
9
 70
0
 10
1787.5249999999796
 20
8977.700000000012
 10
3.1749999999883585
 20
8977.700000000012
 10
0.0
 20
8974.525000000023
 10
0.0
 20
8003.1750000000175
 10
3.1749999999883585
 20
8000.0
 10
1787.5249999999796
 20
8000.0
 10
1790.6999999999825
 20
8003.1750000000175
 10
1790.6999999999825
 20
8974.525000000023
 10
1787.5249999999796
 20
8977.700000000012
  0
TEXT
  5
143
330
17
100
AcDbEntity
  8
NESTED_RESULT
100
AcDbText
 10
895.3499999999913
 20
8488.850000000006
 30
0.0
 40
80.0
  1
516-C
 72
1
 11
895.3499999999913
 21
8488.850000000006
 31
0.0
100
AcDbText
 73
2
  0
LWPOLYLINE
  5
144
330
17
100
AcDbEntity
  8
NESTED_RESULT
100
AcDbPolyline
 90
9
 70
0
 10
1790.7999999999884
 20
9787.524999999994
 10
1790.7999999999884
 20
8003.174999999988
 10
1793.9749999999767
 20
8000.0
 10
2765.3249999999825
 20
8000.0
 10
2768.5
 20
8003.174999999988
 10
2768.5
 20
9787.524999999994
 10
2765.3249999999825
 20
9790.699999999983
 10
1793.9749999999767
 20
9790.699999999983
 10
1790.7999999999884
 20
9787.524999999994
  0
TEXT
  5
145
330
17
100
AcDbEntity
  8
NESTED_RESULT
100
AcDbText
 10
2279.649999999994
 20
8895.349999999991
 30
0.0
 40
80.0
  1
508-C
 72
1
 11
2279.649999999994
 21
8895.349999999991
 31
0.0
100
AcDbText
 73
2
  0
LWPOLYLINE
  5
146
330
17
100
AcDbEntity
  8
NESTED_RESULT
100
AcDbPolyline
 90
6
 70
0
 10
3.1750000000174623
 20
8977.700000000012
 10
1460.5
 20
8977.700000000012
 10
1460.5
 20
9562.00000000003
 10
0.0
 20
9562.00000000003
 10
0.0
 20
8980.87500000003
 10
3.1750000000174623
 20
8977.700000000012
  0
LWPOLYLINE
  5
147
330
17
100
AcDbEntity
  8
NESTED_RESULT
100
AcDbPolyline
 90
9
 70
0
 10
920.75
 20
9396.800000000017
 10
1339.8500000000058
 20
9396.800000000017
 10
1352.5500000000175
 20
9384.100000000035
 10
1352.5500000000175
 20
9117.400000000023
 10
1339.8500000000058
 20
9104.700000000012
 10
920.75
 20
9104.700000000012
 10
908.0500000000175
 20
9117.400000000023
 10
908.0500000000175
 20
9384.100000000035
 10
920.75
 20
9396.800000000017
  0
LWPOLYLINE
  5
148
330
17
100
AcDbEntity
  8
NESTED_RESULT
100
AcDbPolyline
 90
64
 70
0
 10
1147.7625000000116
 20
9465.06250000003
 10
1147.6757249148213
 20
9466.801203521201
 10
1147.4162620690768
 20
9468.522627025639
 10
1146.9866901210626
 20
9470.209662233188
 10
1146.3912783497944
 20
9471.845542629977
 10
1145.6359442249814
 20
9473.414010101696
 10
1144.7281945965078
 20
9474.899476513965
 10
1143.677051087987
 20
9476.287178634171
 10
1142.492960435833
 20
9477.563324855233
 10
1141.187690664985
 20
9478.71523226262
 10
1139.7742141327763
 20
9479.731452683045
 10
1138.2665786040598
 20
9480.601886461402
 10
1136.6797676380083
 20
9481.31788283572
 10
1135.029551674961
 20
9481.87232591238
 10
1133.3323313025176
 20
9482.259705386998
 10
1131.6049742592731
 20
9482.476171308313
 10
1129.8646477955335
 20
9482.519572340709
 10
1128.128648057609
 20
9482.389477145276
 10
1126.4142281908134
 20
9482.087178666494
 10
1124.738426869997
 20
9481.615681282477
 10
1123.1178989615873
 20
9480.97967094602
 10
1121.5687500000058
 20
9480.185468613607
 10
1120.1063761236146
 20
9479.240967424848
 10
1118.7453110609786
 20
9478.155554256868
 10
1117.4990816881764
 20
9476.940016433364
 10
1116.3800735926488
 20
9475.606434515328
 10
1115.3994079795084
 20
9474.168062239041
 10
1114.5668311442714
 20
9472.639194794378
 10
1113.890617609548
 20
9471.035026752856
 10
1113.377487889229
 20
9469.371501057205
 10
1113.032541697059
 20
9467.665150573128
 10
1112.8592072632455
 20
9465.932933778386
 10
1112.8592072632455
 20
9464.192066221673
 10
1113.032541697059
 20
9462.45984942693
 10
1113.377487889229
 20
9460.753498942853
 10
1113.890617609548
 20
9459.089973247203
 10
1114.5668311442714
 20
9457.48580520568
 10
1115.3994079795084
 20
9455.956937761017
 10
1116.3800735926488
 20
9454.51856548473
 10
1117.4990816881764
 20
9453.184983566694
 10
1118.7453110609786
 20
9451.96944574319
 10
1120.1063761236146
 20
9450.88403257521
 10
1121.5687500000058
 20
9449.939531386452
 10
1123.1178989615873
 20
9449.145329054038
 10
1124.738426869997
 20
9448.50931871758
 10
1126.4142281908134
 20
9448.037821333564
 10
1128.128648057609
 20
9447.735522854782
 10
1129.8646477955335
 20
9447.60542765935
 10
1131.6049742592731
 20
9447.648828691745
 10
1133.3323313025176
 20
9447.86529461306
 10
1135.029551674961
 20
9448.252674087678
 10
1136.6797676380083
 20
9448.807117164339
 10
1138.2665786040598
 20
9449.523113538657
 10
1139.7742141327763
 20
9450.393547317013
 10
1141.187690664985
 20
9451.409767737438
 10
1142.492960435833
 20
9452.561675144825
 10
1143.677051087987
 20
9453.837821365887
 10
1144.7281945965078
 20
9455.225523486093
 10
1145.6359442249814
 20
9456.710989898362
 10
1146.3912783497944
 20
9458.279457370081
 10
1146.9866901210626
 20
9459.91533776687
 10
1147.4162620690768
 20
9461.60237297442
 10
1147.6757249148213
 20
9463.323796478857
 10
1147.7625000000116
 20
9465.06250000003
  0
TEXT
  5
149
330
17
100
AcDbEntity
  8
NESTED_RESULT
100
AcDbText
 10
510.42620849609375
 20
9269.671716308614
 30
0.0
 40
80.0
  1
403-D
 72
1
 11
510.42620849609375
 21
9269.671716308614
 31
0.0
100
AcDbText
 73
2
  0
LWPOLYLINE
  5
14A
330
17
100
AcDbEntity
  8
NESTED_RESULT
 62
1
100
AcDbPolyline
 90
5
 70
0
 10
3400.0
 20
8000.0
 10
6600.0
 20
8000.0
 10
6600.0
 20
9800.0
 10
3400.0
 20
9800.0
 10
3400.0
 20
8000.0
  0
TEXT
  5
14B
330
17
100
AcDbEntity
  8
NESTED_RESULT
 62
1
100
AcDbText
 10
3400.0
 20
9830.0
 30
0.0
 40
50.0
  1
Sheet_26
 11
3400.0
 21
9830.0
 31
0.0
100
AcDbText
 73
1
  0
LWPOLYLINE
  5
14C
330
17
100
AcDbEntity
  8
NESTED_RESULT
100
AcDbPolyline
 90
9
 70
0
 10
5828.875
 20
9200.149999999994
 10
3400.0
 20
9200.149999999994
 10
3400.0
 20
8000.0
 10
4044.5250000000087
 20
8000.0
 10
4047.7000000000116
 20
8003.174999999988
 10
4047.7000000000116
 20
8549.274999999994
 10
4050.874999999898
 20
8552.449999999983
 10
5828.875
 20
8552.449999999983
 10
5828.875
 20
9200.149999999994
  0
LWPOLYLINE
  5
14D
330
17
100
AcDbEntity
  8
NESTED_RESULT
100
AcDbPolyline
 90
9
 70
0
 10
4409.649999999907
 20
9054.099999999991
 10
5044.649999999907
 20
9054.099999999991
 10
5050.999999999898
 20
9047.749999999985
 10
5050.999999999898
 20
8666.749999999985
 10
5044.649999999907
 20
8660.399999999994
 10
4409.649999999907
 20
8660.399999999994
 10
4403.299999999901
 20
8666.749999999985
 10
4403.299999999901
 20
9047.749999999985
 10
4409.649999999907
 20
9054.099999999991
  0
LWPOLYLINE
  5
14E
330
17
100
AcDbEntity
  8
NESTED_RESULT
100
AcDbPolyline
 90
64
 70
0
 10
4744.612499999901
 20
9109.662499999991
 10
4744.525724914725
 20
9111.401203521164
 10
4744.266262068966
 20
9113.122627025616
 10
4743.836690120952
 20
9114.809662233136
 10
4743.241278349698
 20
9116.44554262994
 10
4742.485944224885
 20
9118.014010101673
 10
4741.578194596397
 20
9119.499476513927
 10
4740.527051087876
 20
9120.887178634148
 10
4739.342960435737
 20
9122.163324855195
 10
4738.03769066486
 20
9123.315232262583
 10
4736.624214132666
 20
9124.331452683007
 10
4735.116578603935
 20
9125.201886461364
 10
4733.529767637912
 20
9125.917882835696
 10
4731.8795516748505
 20
9126.472325912357
 10
4730.1823313024215
 20
9126.85970538696
 10
4728.454974259163
 20
9127.076171308261
 10
4726.7146477954375
 20
9127.119572340685
 10
4724.9786480574985
 20
9126.989477145253
 10
4723.264228190688
 20
9126.68717866647
 10
4721.5884268698865
 20
9126.21568128244
 10
4719.967898961491
 20
9125.579670945983
 10
4718.41874999991
 20
9124.785468613583
 10
4716.956376123504
 20
9123.84096742481
 10
4715.595311060868
 20
9122.755554256815
 10
4714.34908168808
 20
9121.540016433311
 10
4713.230073592524
 20
9120.206434515305
 10
4712.249407979412
 20
9118.768062239003
 10
4711.416831144161
 20
9117.239194794325
 10
4710.740617609437
 20
9115.635026752818
 10
4710.227487889133
 20
9113.971501057153
 10
4709.8825416969485
 20
9112.26515057309
 10
4709.70920726312
 20
9110.532933778348
 10
4709.70920726312
 20
9108.792066221635
 10
4709.8825416969485
 20
9107.059849426892
 10
4710.227487889133
 20
9105.35349894283
 10
4710.740617609437
 20
9103.689973247165
 10
4711.416831144161
 20
9102.085805205657
 10
4712.249407979412
 20
9100.556937760979
 10
4713.230073592524
 20
9099.118565484678
 10
4714.34908168808
 20
9097.784983566671
 10
4715.595311060868
 20
9096.569445743167
 10
4716.956376123504
 20
9095.484032575172
 10
4718.41874999991
 20
9094.5395313864
 10
4719.967898961491
 20
9093.745329054
 10
4721.5884268698865
 20
9093.109318717543
 10
4723.264228190688
 20
9092.637821333512
 10
4724.9786480574985
 20
9092.33552285473
 10
4726.7146477954375
 20
9092.205427659297
 10
4728.454974259163
 20
9092.248828691721
 10
4730.1823313024215
 20
9092.465294613023
 10
4731.8795516748505
 20
9092.852674087626
 10
4733.529767637912
 20
9093.407117164286
 10
4735.116578603935
 20
9094.123113538619
 10
4736.624214132666
 20
9094.993547316975
 10
4738.03769066486
 20
9096.0097677374
 10
4739.342960435737
 20
9097.161675144787
 10
4740.527051087876
 20
9098.437821365835
 10
4741.578194596397
 20
9099.825523486055
 10
4742.485944224885
 20
9101.31098989831
 10
4743.241278349698
 20
9102.879457370043
 10
4743.836690120952
 20
9104.515337766847
 10
4744.266262068966
 20
9106.202372974367
 10
4744.525724914725
 20
9107.923796478819
 10
4744.612499999901
 20
9109.662499999991
  0
TEXT
  5
14F
330
17
100
AcDbEntity
  8
NESTED_RESULT
100
AcDbText
 10
3780.4011993408203
 20
8819.776705932614
 30
0.0
 40
80.0
  1
520-A
 72
1
 11
3780.4011993408203
 21
8819.776705932614
 31
0.0
100
AcDbText
 73
2
  0
LWPOLYLINE
  5
150
330
17
100
AcDbEntity
  8
NESTED_RESULT
100
AcDbPolyline
 90
6
 70
0
 10
5829.299999999988
 20
8000.0
 10
5829.299999999988
 20
9657.349999999977
 10
6410.3249999999825
 20
9657.349999999977
 10
6413.5
 20
9654.174999999988
 10
6413.5
 20
8000.0
 10
5829.299999999988
 20
8000.0
  0
LWPOLYLINE
  5
151
330
17
100
AcDbEntity
  8
NESTED_RESULT
100
AcDbPolyline
 90
9
 70
0
 10
5994.399999999994
 20
8222.25
 10
5994.399999999994
 20
8641.34999999989
 10
6007.099999999977
 20
8654.049999999988
 10
6273.799999999988
 20
8654.049999999988
 10
6286.5
 20
8641.34999999989
 10
6286.5
 20
8222.25
 10
6273.799999999988
 20
8209.549999999901
 10
6007.099999999977
 20
8209.549999999901
 10
5994.399999999994
 20
8222.25
  0
LWPOLYLINE
  5
152
330
17
100
AcDbEntity
  8
NESTED_RESULT
100
AcDbPolyline
 90
9
 70
0
 10
5994.113136303786
 20
9022.349999999977
 10
5994.113136303786
 20
9441.449999999895
 10
6006.813136303797
 20
9454.149999999994
 10
6273.51313630378
 20
9454.149999999994
 10
6286.2131363037915
 20
9441.449999999895
 10
6286.2131363037915
 20
9022.349999999977
 10
6273.51313630378
 20
9009.649999999994
 10
6006.813136303797
 20
9009.649999999994
 10
5994.113136303786
 20
9022.349999999977
  0
LWPOLYLINE
  5
153
330
17
100
AcDbEntity
  8
NESTED_RESULT
100
AcDbPolyline
 90
64
 70
0
 10
5926.1374999999825
 20
8449.262499999983
 10
5924.39879647881
 20
8449.175724914792
 10
5922.677372974373
 20
8448.916262069048
 10
5920.990337766823
 20
8448.486690121033
 10
5919.354457370035
 20
8447.891278349765
 10
5917.785989898315
 20
8447.135944224952
 10
5916.300523486047
 20
8446.228194596479
 10
5914.9128213658405
 20
8445.177051087958
 10
5913.636675144779
 20
8443.992960435804
 10
5912.484767737391
 20
8442.687690664956
 10
5911.468547316967
 20
8441.274214132747
 10
5910.59811353861
 20
8439.76657860403
 10
5909.882117164292
 20
8438.17976763798
 10
5909.327674087632
 20
8436.529551674932
 10
5908.940294613014
 20
8434.832331302488
 10
5908.723828691698
 20
8433.104974259244
 10
5908.680427659303
 20
8431.364647795504
 10
5908.810522854736
 20
8429.62864805758
 10
5909.112821333518
 20
8427.914228190784
 10
5909.584318717534
 20
8426.238426869968
 10
5910.220329053991
 20
8424.617898961558
 10
5911.014531386405
 20
8423.068749999977
 10
5911.959032575163
 20
8421.606376123586
 10
5913.044445743144
 20
8420.24531106095
 10
5914.259983566648
 20
8418.999081688147
 10
5915.5935654846835
 20
8417.88007359262
 10
5917.03193776097
 20
8416.89940797948
 10
5918.560805205634
 20
8416.066831144242
 10
5920.164973247156
 20
8415.390617609519
 10
5921.828498942807
 20
8414.8774878892
 10
5923.534849426884
 20
8414.53254169703
 10
5925.267066221626
 20
8414.359207263216
 10
5927.007933778339
 20
8414.359207263216
 10
5928.740150573081
 20
8414.53254169703
 10
5930.4465010571585
 20
8414.8774878892
 10
5932.110026752809
 20
8415.390617609519
 10
5933.714194794331
 20
8416.066831144242
 10
5935.243062238995
 20
8416.89940797948
 10
5936.681434515282
 20
8417.88007359262
 10
5938.015016433317
 20
8418.999081688147
 10
5939.230554256821
 20
8420.24531106095
 10
5940.315967424802
 20
8421.606376123586
 10
5941.26046861356
 20
8423.068749999977
 10
5942.054670945974
 20
8424.617898961558
 10
5942.690681282431
 20
8426.238426869968
 10
5943.162178666447
 20
8427.914228190784
 10
5943.4644771452295
 20
8429.62864805758
 10
5943.594572340662
 20
8431.364647795504
 10
5943.551171308267
 20
8433.104974259244
 10
5943.334705386951
 20
8434.832331302488
 10
5942.947325912333
 20
8436.529551674932
 10
5942.392882835673
 20
8438.17976763798
 10
5941.676886461355
 20
8439.76657860403
 10
5940.8064526829985
 20
8441.274214132747
 10
5939.790232262574
 20
8442.687690664956
 10
5938.6383248551865
 20
8443.992960435804
 10
5937.362178634125
 20
8445.177051087958
 10
5935.9744765139185
 20
8446.228194596479
 10
5934.48901010165
 20
8447.135944224952
 10
5932.92054262993
 20
8447.891278349765
 10
5931.284662233142
 20
8448.486690121033
 10
5929.597627025592
 20
8448.916262069048
 10
5927.876203521155
 20
8449.175724914792
 10
5926.1374999999825
 20
8449.262499999983
  0
LWPOLYLINE
  5
154
330
17
100
AcDbEntity
  8
NESTED_RESULT
100
AcDbPolyline
 90
64
 70
0
 10
5925.850636303803
 20
9249.362499999988
 10
5924.111932782631
 20
9249.275724914798
 10
5922.390509278193
 20
9249.016262069053
 10
5920.703474070644
 20
9248.58669012104
 10
5919.067593673855
 20
9247.991278349771
 10
5917.499126202136
 20
9247.235944224958
 10
5916.013659789867
 20
9246.328194596485
 10
5914.625957669661
 20
9245.277051087964
 10
5913.349811448599
 20
9244.09296043581
 10
5912.197904041212
 20
9242.787690664962
 10
5911.181683620787
 20
9241.374214132753
 10
5910.311249842431
 20
9239.866578604036
 10
5909.595253468113
 20
9238.279767637985
 10
5909.040810391452
 20
9236.629551674938
 10
5908.653430916835
 20
9234.932331302494
 10
5908.436964995519
 20
9233.20497425925
 10
5908.393563963124
 20
9231.46464779551
 10
5908.523659158556
 20
9229.728648057586
 10
5908.825957637338
 20
9228.01422819079
 10
5909.297455021355
 20
9226.338426869974
 10
5909.933465357812
 20
9224.717898961564
 10
5910.727667690226
 20
9223.168749999983
 10
5911.672168878984
 20
9221.706376123591
 10
5912.757582046965
 20
9220.345311060955
 10
5913.9731198704685
 20
9219.099081688153
 10
5915.306701788504
 20
9217.980073592626
 10
5916.745074064791
 20
9216.999407979485
 10
5918.273941509455
 20
9216.166831144248
 10
5919.878109550977
 20
9215.490617609525
 10
5921.541635246627
 20
9214.977487889206
 10
5923.247985730704
 20
9214.632541697036
 10
5924.980202525447
 20
9214.459207263222
 10
5926.72107008216
 20
9214.459207263222
 10
5928.453286876902
 20
9214.632541697036
 10
5930.159637360979
 20
9214.977487889206
 10
5931.82316305663
 20
9215.490617609525
 10
5933.427331098152
 20
9216.166831144248
 10
5934.956198542815
 20
9216.999407979485
 10
5936.394570819102
 20
9217.980073592626
 10
5937.728152737138
 20
9219.099081688153
 10
5938.943690560642
 20
9220.345311060955
 10
5940.029103728622
 20
9221.706376123591
 10
5940.973604917381
 20
9223.168749999983
 10
5941.767807249795
 20
9224.717898961564
 10
5942.4038175862515
 20
9226.338426869974
 10
5942.875314970268
 20
9228.01422819079
 10
5943.17761344905
 20
9229.728648057586
 10
5943.307708644483
 20
9231.46464779551
 10
5943.264307612088
 20
9233.20497425925
 10
5943.047841690772
 20
9234.932331302494
 10
5942.660462216154
 20
9236.629551674938
 10
5942.106019139494
 20
9238.279767637985
 10
5941.390022765176
 20
9239.866578604036
 10
5940.519588986819
 20
9241.374214132753
 10
5939.503368566395
 20
9242.787690664962
 10
5938.351461159007
 20
9244.09296043581
 10
5937.075314937945
 20
9245.277051087964
 10
5935.687612817739
 20
9246.328194596485
 10
5934.202146405471
 20
9247.235944224958
 10
5932.633678933751
 20
9247.991278349771
 10
5930.997798536962
 20
9248.58669012104
 10
5929.310763329413
 20
9249.016262069053
 10
5927.5893398249755
 20
9249.275724914798
 10
5925.850636303803
 20
9249.362499999988
  0
TEXT
  5
155
330
17
100
AcDbEntity
  8
NESTED_RESULT
100
AcDbText
 10
6121.399999999994
 20
8831.849999999991
 30
0.0
 40
80.0
  1
511-D
 72
1
 11
6121.399999999994
 21
8831.849999999991
 31
0.0
100
AcDbText
 73
2
  0
LWPOLYLINE
  5
156
330
17
100
AcDbEntity
  8
NESTED_RESULT
100
AcDbPolyline
 90
6
 70
0
 10
3400.0
 20
9784.349999999977
 10
5060.524999999994
 20
9784.349999999977
 10
5060.524999999994
 20
9200.149999999994
 10
3403.1749999999884
 20
9200.149999999994
 10
3400.0
 20
9203.324999999983
 10
3400.0
 20
9784.349999999977
  0
LWPOLYLINE
  5
157
330
17
100
AcDbEntity
  8
NESTED_RESULT
100
AcDbPolyline
 90
9
 70
0
 10
4419.174999999988
 20
9619.24999999997
 10
4838.274999999994
 20
9619.24999999997
 10
4850.974999999977
 20
9606.549999999988
 10
4850.974999999977
 20
9339.849999999977
 10
4838.274999999994
 20
9327.149999999994
 10
4419.174999999988
 20
9327.149999999994
 10
4406.474999999977
 20
9339.849999999977
 10
4406.474999999977
 20
9606.549999999988
 10
4419.174999999988
 20
9619.24999999997
  0
LWPOLYLINE
  5
158
330
17
100
AcDbEntity
  8
NESTED_RESULT
100
AcDbPolyline
 90
9
 70
0
 10
3619.0749999999825
 20
9619.24999999997
 10
4038.174999999901
 20
9619.24999999997
 10
4050.875
 20
9606.549999999988
 10
4050.875
 20
9339.849999999977
 10
4038.174999999901
 20
9327.149999999994
 10
3619.0749999999825
 20
9327.149999999994
 10
3606.375
 20
9339.849999999977
 10
3606.375
 20
9606.549999999988
 10
3619.0749999999825
 20
9619.24999999997
  0
LWPOLYLINE
  5
159
330
17
100
AcDbEntity
  8
NESTED_RESULT
100
AcDbPolyline
 90
64
 70
0
 10
3846.087499999994
 20
9687.512499999983
 10
3846.000724914804
 20
9689.251203521155
 10
3845.7412620690593
 20
9690.972627025592
 10
3845.311690121045
 20
9692.659662233142
 10
3844.716278349777
 20
9694.29554262993
 10
3843.960944224964
 20
9695.86401010165
 10
3843.0531945964904
 20
9697.349476513918
 10
3842.0020510879694
 20
9698.737178634125
 10
3840.8179604358156
 20
9700.013324855187
 10
3839.5126906649675
 20
9701.165232262574
 10
3838.099214132759
 20
9702.181452682998
 10
3836.5915786040423
 20
9703.051886461355
 10
3835.004767637991
 20
9703.767882835673
 10
3833.3545516749437
 20
9704.322325912333
 10
3831.6573313025
 20
9704.709705386951
 10
3829.9299742592557
 20
9704.926171308267
 10
3828.189647795516
 20
9704.969572340662
 10
3826.4536480575916
 20
9704.83947714523
 10
3824.739228190796
 20
9704.537178666447
 10
3823.0634268699796
 20
9704.06568128243
 10
3821.44289896157
 20
9703.429670945974
 10
3819.8937499999884
 20
9702.63546861356
 10
3818.431376123597
 20
9701.690967424802
 10
3817.070311060961
 20
9700.605554256821
 10
3815.824081688159
 20
9699.390016433317
 10
3814.7050735926314
 20
9698.056434515282
 10
3813.724407979491
 20
9696.618062238995
 10
3812.891831144254
 20
9695.089194794331
 10
3812.2156176095305
 20
9693.485026752809
 10
3811.7024878892116
 20
9691.821501057158
 10
3811.3575416970416
 20
9690.115150573081
 10
3811.184207263228
 20
9688.382933778339
 10
3811.184207263228
 20
9686.642066221626
 10
3811.3575416970416
 20
9684.909849426884
 10
3811.7024878892116
 20
9683.203498942807
 10
3812.2156176095305
 20
9681.539973247156
 10
3812.891831144254
 20
9679.935805205634
 10
3813.724407979491
 20
9678.40693776097
 10
3814.7050735926314
 20
9676.968565484683
 10
3815.824081688159
 20
9675.634983566648
 10
3817.070311060961
 20
9674.419445743144
 10
3818.431376123597
 20
9673.334032575163
 10
3819.8937499999884
 20
9672.389531386405
 10
3821.44289896157
 20
9671.595329053991
 10
3823.0634268699796
 20
9670.959318717534
 10
3824.739228190796
 20
9670.487821333518
 10
3826.4536480575916
 20
9670.185522854736
 10
3828.189647795516
 20
9670.055427659303
 10
3829.9299742592557
 20
9670.098828691698
 10
3831.6573313025
 20
9670.315294613014
 10
3833.3545516749437
 20
9670.702674087632
 10
3835.004767637991
 20
9671.257117164292
 10
3836.5915786040423
 20
9671.97311353861
 10
3838.099214132759
 20
9672.843547316967
 10
3839.5126906649675
 20
9673.859767737391
 10
3840.8179604358156
 20
9675.011675144779
 10
3842.0020510879694
 20
9676.28782136584
 10
3843.0531945964904
 20
9677.675523486047
 10
3843.960944224964
 20
9679.160989898315
 10
3844.716278349777
 20
9680.729457370035
 10
3845.311690121045
 20
9682.365337766823
 10
3845.7412620690593
 20
9684.052372974373
 10
3846.000724914804
 20
9685.77379647881
 10
3846.087499999994
 20
9687.512499999983
  0
LWPOLYLINE
  5
15A
330
17
100
AcDbEntity
  8
NESTED_RESULT
100
AcDbPolyline
 90
64
 70
0
 10
4646.187499999971
 20
9687.512499999983
 10
4646.100724914781
 20
9689.251203521155
 10
4645.841262069036
 20
9690.972627025592
 10
4645.411690121022
 20
9692.659662233142
 10
4644.816278349754
 20
9694.29554262993
 10
4644.060944224941
 20
9695.86401010165
 10
4643.153194596467
 20
9697.349476513918
 10
4642.102051087946
 20
9698.737178634125
 10
4640.917960435792
 20
9700.013324855187
 10
4639.612690664944
 20
9701.165232262574
 10
4638.1992141327355
 20
9702.181452682998
 10
4636.691578604019
 20
9703.051886461355
 10
4635.104767637968
 20
9703.767882835673
 10
4633.45455167492
 20
9704.322325912333
 10
4631.757331302477
 20
9704.709705386951
 10
4630.029974259232
 20
9704.926171308267
 10
4628.289647795493
 20
9704.969572340662
 10
4626.553648057568
 20
9704.83947714523
 10
4624.839228190773
 20
9704.537178666447
 10
4623.163426869956
 20
9704.06568128243
 10
4621.542898961547
 20
9703.429670945974
 10
4619.993749999965
 20
9702.63546861356
 10
4618.531376123574
 20
9701.690967424802
 10
4617.170311060938
 20
9700.605554256821
 10
4615.924081688136
 20
9699.390016433317
 10
4614.805073592608
 20
9698.056434515282
 10
4613.824407979468
 20
9696.618062238995
 10
4612.991831144231
 20
9695.089194794331
 10
4612.315617609507
 20
9693.485026752809
 10
4611.802487889188
 20
9691.821501057158
 10
4611.457541697018
 20
9690.115150573081
 10
4611.284207263205
 20
9688.382933778339
 10
4611.284207263205
 20
9686.642066221626
 10
4611.457541697018
 20
9684.909849426884
 10
4611.802487889188
 20
9683.203498942807
 10
4612.315617609507
 20
9681.539973247156
 10
4612.991831144231
 20
9679.935805205634
 10
4613.824407979468
 20
9678.40693776097
 10
4614.805073592608
 20
9676.968565484683
 10
4615.924081688136
 20
9675.634983566648
 10
4617.170311060938
 20
9674.419445743144
 10
4618.531376123574
 20
9673.334032575163
 10
4619.993749999965
 20
9672.389531386405
 10
4621.542898961547
 20
9671.595329053991
 10
4623.163426869956
 20
9670.959318717534
 10
4624.839228190773
 20
9670.487821333518
 10
4626.553648057568
 20
9670.185522854736
 10
4628.289647795493
 20
9670.055427659303
 10
4630.029974259232
 20
9670.098828691698
 10
4631.757331302477
 20
9670.315294613014
 10
4633.45455167492
 20
9670.702674087632
 10
4635.104767637968
 20
9671.257117164292
 10
4636.691578604019
 20
9671.97311353861
 10
4638.1992141327355
 20
9672.843547316967
 10
4639.612690664944
 20
9673.859767737391
 10
4640.917960435792
 20
9675.011675144779
 10
4642.102051087946
 20
9676.28782136584
 10
4643.153194596467
 20
9677.675523486047
 10
4644.060944224941
 20
9679.160989898315
 10
4644.816278349754
 20
9680.729457370035
 10
4645.411690121022
 20
9682.365337766823
 10
4645.841262069036
 20
9684.052372974373
 10
4646.100724914781
 20
9685.77379647881
 10
4646.187499999971
 20
9687.512499999983
  0
TEXT
  5
15B
330
17
100
AcDbEntity
  8
NESTED_RESULT
100
AcDbText
 10
4228.674999999988
 20
9473.199999999983
 30
0.0
 40
80.0
  1
514-D
 72
1
 11
4228.674999999988
 21
9473.199999999983
 31
0.0
100
AcDbText
 73
2
  0
LWPOLYLINE
  5
15C
330
17
100
AcDbEntity
  8
NESTED_RESULT
100
AcDbPolyline
 90
7
 70
0
 10
4048.0999999999767
 20
8000.0
 10
4048.0999999999767
 20
8501.649999999907
 10
4692.625000000087
 20
8501.649999999907
 10
4695.799999999988
 20
8498.474999999904
 10
4695.799999999988
 20
8003.174999999988
 10
4692.625000000087
 20
8000.0
 10
4048.0999999999767
 20
8000.0
  0
TEXT
  5
15D
330
17
100
AcDbEntity
  8
NESTED_RESULT
100
AcDbText
 10
4371.9499999999825
 20
8250.824999999953
 30
0.0
 40
80.0
  1
523-A
 72
1
 11
4371.9499999999825
 21
8250.824999999953
 31
0.0
100
AcDbText
 73
2
  0
LWPOLYLINE
  5
15E
330
17
100
AcDbEntity
  8
NESTED_RESULT
100
AcDbPolyline
 90
7
 70
0
 10
4696.099999999889
 20
8000.0
 10
4696.099999999889
 20
8501.75
 10
5340.624999999971
 20
8501.75
 10
5343.799999999988
 20
8498.574999999983
 10
5343.799999999988
 20
8003.174999999988
 10
5340.624999999971
 20
8000.0
 10
4696.099999999889
 20
8000.0
  0
TEXT
  5
15F
330
17
100
AcDbEntity
  8
NESTED_RESULT
100
AcDbText
 10
5019.949999999939
 20
8250.875
 30
0.0
 40
80.0
  1
501-B
 72
1
 11
5019.949999999939
 21
8250.875
 31
0.0
100
AcDbText
 73
2
  0
LWPOLYLINE
  5
160
330
17
100
AcDbEntity
  8
NESTED_RESULT
100
AcDbPolyline
 90
7
 70
0
 10
5063.6999999999825
 20
9650.99999999997
 10
5708.225000000006
 20
9650.99999999997
 10
5708.225000000006
 20
9200.149999999994
 10
5063.6999999999825
 20
9200.149999999994
 10
5060.524999999994
 20
9203.324999999895
 10
5060.524999999994
 20
9647.824999999983
 10
5063.6999999999825
 20
9650.99999999997
  0
TEXT
  5
161
330
17
100
AcDbEntity
  8
NESTED_RESULT
100
AcDbText
 10
5384.375
 20
9425.574999999983
 30
0.0
 40
80.0
  1
404-B
 72
1
 11
5384.375
 21
9425.574999999983
 31
0.0
100
AcDbText
 73
2
  0
LWPOLYLINE
  5
162
330
17
100
AcDbEntity
  8
NESTED_RESULT
 62
1
100
AcDbPolyline
 90
5
 70
0
 10
6800.0
 20
8000.0
 10
10000.0
 20
8000.0
 10
10000.0
 20
9800.0
 10
6800.0
 20
9800.0
 10
6800.0
 20
8000.0
  0
TEXT
  5
163
330
17
100
AcDbEntity
  8
NESTED_RESULT
 62
1
100
AcDbText
 10
6800.0
 20
9830.0
 30
0.0
 40
50.0
  1
Sheet_27
 11
6800.0
 21
9830.0
 31
0.0
100
AcDbText
 73
1
  0
LWPOLYLINE
  5
164
330
17
100
AcDbEntity
  8
NESTED_RESULT
100
AcDbPolyline
 90
9
 70
0
 10
8587.525000000023
 20
8977.700000000012
 10
6803.174999999901
 20
8977.700000000012
 10
6800.0
 20
8974.525000000023
 10
6800.0
 20
8003.1750000000175
 10
6803.174999999901
 20
8000.0
 10
8587.525000000023
 20
8000.0
 10
8590.700000000012
 20
8003.1750000000175
 10
8590.700000000012
 20
8974.525000000023
 10
8587.525000000023
 20
8977.700000000012
  0
TEXT
  5
165
330
17
100
AcDbEntity
  8
NESTED_RESULT
100
AcDbText
 10
7695.350000000006
 20
8488.850000000006
 30
0.0
 40
80.0
  1
420-C
 72
1
 11
7695.350000000006
 21
8488.850000000006
 31
0.0
100
AcDbText
 73
2
  0
LWPOLYLINE
  5
166
330
17
100
AcDbEntity
  8
NESTED_RESULT
100
AcDbPolyline
 90
10
 70
0
 10
8590.700000000012
 20
8901.700000000012
 10
8590.700000000012
 20
8000.0
 10
9238.40000000011
 20
8000.0
 10
9241.575000000099
 20
8003.1750000000175
 10
9241.575000000099
 20
8247.649999999994
 10
9244.75
 20
8250.825000000012
 10
9886.100000000122
 20
8250.825000000012
 10
9889.27500000011
 20
8254.0
 10
9889.27500000011
 20
8901.700000000012
 10
8590.700000000012
 20
8901.700000000012
  0
TEXT
  5
167
330
17
100
AcDbEntity
  8
NESTED_RESULT
100
AcDbText
 10
8972.727069091838
 20
8519.646575927745
 30
0.0
 40
80.0
  1
509-B
 72
1
 11
8972.727069091838
 21
8519.646575927745
 31
0.0
100
AcDbText
 73
2
  0
LWPOLYLINE
  5
168
330
17
100
AcDbEntity
  8
NESTED_RESULT
100
AcDbPolyline
 90
7
 70
0
 10
6800.0
 20
9629.0
 10
8743.099999999977
 20
9629.0
 10
8743.099999999977
 20
8981.300000000017
 10
8739.924999999988
 20
8978.125
 10
6803.174999999988
 20
8978.125
 10
6800.0
 20
8981.300000000017
 10
6800.0
 20
9629.0
  0
LWPOLYLINE
  5
169
330
17
100
AcDbEntity
  8
NESTED_RESULT
100
AcDbPolyline
 90
9
 70
0
 10
7536.599999999977
 20
9479.774999999994
 10
8171.599999999977
 20
9479.774999999994
 10
8177.9499999999825
 20
9473.425000000017
 10
8177.9499999999825
 20
9092.425000000017
 10
8171.599999999977
 20
9086.075000000012
 10
7536.599999999977
 20
9086.075000000012
 10
7530.25
 20
9092.425000000017
 10
7530.25
 20
9473.425000000017
 10
7536.599999999977
 20
9479.774999999994
  0
LWPOLYLINE
  5
16A
330
17
100
AcDbEntity
  8
NESTED_RESULT
100
AcDbPolyline
 90
64
 70
0
 10
7871.562499999971
 20
9535.337499999994
 10
7871.475724914781
 20
9537.076203521166
 10
7871.216262069036
 20
9538.797627025604
 10
7870.786690121022
 20
9540.484662233153
 10
7870.191278349754
 20
9542.120542629942
 10
7869.435944224941
 20
9543.689010101662
 10
7868.528194596467
 20
9545.17447651393
 10
7867.477051087946
 20
9546.562178634136
 10
7866.292960435792
 20
9547.838324855198
 10
7864.987690664944
 20
9548.990232262586
 10
7863.5742141327355
 20
9550.00645268301
 10
7862.066578604019
 20
9550.876886461367
 10
7860.479767637968
 20
9551.592882835685
 10
7858.82955167492
 20
9552.147325912345
 10
7857.132331302477
 20
9552.534705386963
 10
7855.404974259232
 20
9552.751171308279
 10
7853.664647795493
 20
9552.794572340674
 10
7851.928648057568
 20
9552.664477145241
 10
7850.214228190773
 20
9552.362178666459
 10
7848.538426869956
 20
9551.890681282443
 10
7846.917898961547
 20
9551.254670945986
 10
7845.368749999965
 20
9550.460468613572
 10
7843.906376123574
 20
9549.515967424813
 10
7842.545311060938
 20
9548.430554256833
 10
7841.299081688136
 20
9547.215016433329
 10
7840.180073592608
 20
9545.881434515293
 10
7839.199407979468
 20
9544.443062239006
 10
7838.366831144231
 20
9542.914194794343
 10
7837.690617609507
 20
9541.31002675282
 10
7837.177487889188
 20
9539.64650105717
 10
7836.832541697018
 20
9537.940150573093
 10
7836.659207263205
 20
9536.20793377835
 10
7836.659207263205
 20
9534.467066221638
 10
7836.832541697018
 20
9532.734849426895
 10
7837.177487889188
 20
9531.028498942818
 10
7837.690617609507
 20
9529.364973247168
 10
7838.366831144231
 20
9527.760805205646
 10
7839.199407979468
 20
9526.231937760982
 10
7840.180073592608
 20
9524.793565484695
 10
7841.299081688136
 20
9523.45998356666
 10
7842.545311060938
 20
9522.244445743156
 10
7843.906376123574
 20
9521.159032575175
 10
7845.368749999965
 20
9520.214531386417
 10
7846.917898961547
 20
9519.420329054003
 10
7848.538426869956
 20
9518.784318717546
 10
7850.214228190773
 20
9518.31282133353
 10
7851.928648057568
 20
9518.010522854747
 10
7853.664647795493
 20
9517.880427659315
 10
7855.404974259232
 20
9517.92382869171
 10
7857.132331302477
 20
9518.140294613026
 10
7858.82955167492
 20
9518.527674087643
 10
7860.479767637968
 20
9519.082117164304
 10
7862.066578604019
 20
9519.798113538622
 10
7863.5742141327355
 20
9520.668547316978
 10
7864.987690664944
 20
9521.684767737403
 10
7866.292960435792
 20
9522.83667514479
 10
7867.477051087946
 20
9524.112821365852
 10
7868.528194596467
 20
9525.500523486058
 10
7869.435944224941
 20
9526.985989898327
 10
7870.191278349754
 20
9528.554457370046
 10
7870.786690121022
 20
9530.190337766835
 10
7871.216262069036
 20
9531.877372974384
 10
7871.475724914781
 20
9533.598796478822
 10
7871.562499999971
 20
9535.337499999994
  0
TEXT
  5
16B
330
17
100
AcDbEntity
  8
NESTED_RESULT
100
AcDbText
 10
7148.913586425777
 20
9303.325305175782
 30
0.0
 40
80.0
  1
402-A
 72
1
 11
7148.913586425777
 21
9303.325305175782
 31
0.0
100
AcDbText
 73
2
  0
LWPOLYLINE
  5
16C
330
17
100
AcDbEntity
  8
NESTED_RESULT
100
AcDbPolyline
 90
6
 70
0
 10
8743.099999999977
 20
9485.900000000023
 10
9994.049999999988
 20
9485.900000000023
 10
9994.049999999988
 20
8901.700000000012
 10
8746.274999999994
 20
8901.700000000012
 10
8743.099999999977
 20
8904.875
 10
8743.099999999977
 20
9485.900000000023
  0
LWPOLYLINE
  5
16D
330
17
100
AcDbEntity
  8
NESTED_RESULT
100
AcDbPolyline
 90
9
 70
0
 10
8854.224999999977
 20
9320.800000000017
 10
9273.324999999983
 20
9320.800000000017
 10
9286.024999999994
 20
9308.100000000006
 10
9286.024999999994
 20
9041.400000000023
 10
9273.324999999983
 20
9028.700000000012
 10
8854.224999999977
 20
9028.700000000012
 10
8841.524999999994
 20
9041.400000000023
 10
8841.524999999994
 20
9308.100000000006
 10
8854.224999999977
 20
9320.800000000017
  0
LWPOLYLINE
  5
16E
330
17
100
AcDbEntity
  8
NESTED_RESULT
100
AcDbPolyline
 90
64
 70
0
 10
9081.237499999988
 20
9389.0625
 10
9081.150724914798
 20
9390.801203521172
 10
9080.891262069053
 20
9392.52262702561
 10
9080.46169012104
 20
9394.20966223316
 10
9079.866278349771
 20
9395.845542629948
 10
9079.110944224958
 20
9397.414010101667
 10
9078.203194596485
 20
9398.899476513936
 10
9077.152051087964
 20
9400.287178634142
 10
9075.96796043581
 20
9401.563324855204
 10
9074.662690664962
 20
9402.715232262592
 10
9073.249214132753
 20
9403.731452683016
 10
9071.741578604036
 20
9404.601886461372
 10
9070.154767637985
 20
9405.31788283569
 10
9068.504551674938
 20
9405.87232591235
 10
9066.807331302494
 20
9406.259705386969
 10
9065.07997425925
 20
9406.476171308284
 10
9063.33964779551
 20
9406.51957234068
 10
9061.603648057586
 20
9406.389477145247
 10
9059.88922819079
 20
9406.087178666465
 10
9058.213426869974
 20
9405.615681282448
 10
9056.592898961564
 20
9404.979670945992
 10
9055.043749999983
 20
9404.185468613578
 10
9053.581376123591
 20
9403.24096742482
 10
9052.220311060955
 20
9402.155554256839
 10
9050.974081688153
 20
9400.940016433335
 10
9049.855073592626
 20
9399.606434515299
 10
9048.874407979485
 20
9398.168062239012
 10
9048.041831144248
 20
9396.639194794348
 10
9047.365617609525
 20
9395.035026752827
 10
9046.852487889206
 20
9393.371501057176
 10
9046.507541697036
 20
9391.665150573099
 10
9046.334207263222
 20
9389.932933778357
 10
9046.334207263222
 20
9388.192066221643
 10
9046.507541697036
 20
9386.459849426901
 10
9046.852487889206
 20
9384.753498942824
 10
9047.365617609525
 20
9383.089973247173
 10
9048.041831144248
 20
9381.485805205652
 10
9048.874407979485
 20
9379.956937760988
 10
9049.855073592626
 20
9378.518565484701
 10
9050.974081688153
 20
9377.184983566665
 10
9052.220311060955
 20
9375.969445743161
 10
9053.581376123591
 20
9374.88403257518
 10
9055.043749999983
 20
9373.939531386422
 10
9056.592898961564
 20
9373.145329054008
 10
9058.213426869974
 20
9372.509318717552
 10
9059.88922819079
 20
9372.037821333535
 10
9061.603648057586
 20
9371.735522854753
 10
9063.33964779551
 20
9371.60542765932
 10
9065.07997425925
 20
9371.648828691716
 10
9066.807331302494
 20
9371.865294613031
 10
9068.504551674938
 20
9372.25267408765
 10
9070.154767637985
 20
9372.80711716431
 10
9071.741578604036
 20
9373.523113538628
 10
9073.249214132753
 20
9374.393547316984
 10
9074.662690664962
 20
9375.409767737408
 10
9075.96796043581
 20
9376.561675144796
 10
9077.152051087964
 20
9377.837821365858
 10
9078.203194596485
 20
9379.225523486064
 10
9079.110944224958
 20
9380.710989898333
 10
9079.866278349771
 20
9382.279457370052
 10
9080.46169012104
 20
9383.91533776684
 10
9080.891262069053
 20
9385.60237297439
 10
9081.150724914798
 20
9387.323796478828
 10
9081.237499999988
 20
9389.0625
  0
TEXT
  5
16F
330
17
100
AcDbEntity
  8
NESTED_RESULT
100
AcDbText
 10
9638.250012207016
 20
9193.494592285173
 30
0.0
 40
80.0
  1
407-D
 72
1
 11
9638.250012207016
 21
9193.494592285173
 31
0.0
100
AcDbText
 73
2
  0
LWPOLYLINE
  5
170
330
17
100
AcDbEntity
  8
NESTED_RESULT
 62
1
100
AcDbPolyline
 90
5
 70
0
 10
10200.0
 20
8000.0
 10
13400.0
 20
8000.0
 10
13400.0
 20
9800.0
 10
10200.0
 20
9800.0
 10
10200.0
 20
8000.0
  0
TEXT
  5
171
330
17
100
AcDbEntity
  8
NESTED_RESULT
 62
1
100
AcDbText
 10
10200.0
 20
9830.0
 30
0.0
 40
50.0
  1
Sheet_28
 11
10200.0
 21
9830.0
 31
0.0
100
AcDbText
 73
1
  0
LWPOLYLINE
  5
172
330
17
100
AcDbEntity
  8
NESTED_RESULT
100
AcDbPolyline
 90
9
 70
0
 10
10200.0
 20
9203.325000000012
 10
12632.050000000017
 20
9203.325000000012
 10
12632.050000000017
 20
8000.0
 10
11987.524999999907
 20
8000.0
 10
11984.349999999919
 20
8003.1750000000175
 10
11984.349999999919
 20
8552.450000000012
 10
11981.175000000017
 20
8555.625
 10
10200.0
 20
8555.625
 10
10200.0
 20
9203.325000000012
  0
LWPOLYLINE
  5
173
330
17
100
AcDbEntity
  8
NESTED_RESULT
100
AcDbPolyline
 90
9
 70
0
 10
10987.400000000023
 20
9057.275000000023
 10
11622.400000000023
 20
9057.275000000023
 10
11628.75
 20
9050.925000000017
 10
11628.75
 20
8669.925000000017
 10
11622.400000000023
 20
8663.575000000012
 10
10987.400000000023
 20
8663.575000000012
 10
10981.049999999901
 20
8669.925000000017
 10
10981.049999999901
 20
9050.925000000017
 10
10987.400000000023
 20
9057.275000000023
  0
LWPOLYLINE
  5
174
330
17
100
AcDbEntity
  8
NESTED_RESULT
100
AcDbPolyline
 90
64
 70
0
 10
11322.362500000017
 20
9112.837500000023
 10
11322.275724914827
 20
9114.576203521196
 10
11322.016262069083
 20
9116.297627025633
 10
11321.586690121068
 20
9117.984662233182
 10
11320.9912783498
 20
9119.620542629971
 10
11320.235944224987
 20
9121.18901010169
 10
11319.328194596514
 20
9122.67447651396
 10
11318.277051087993
 20
9124.062178634165
 10
11317.092960435839
 20
9125.338324855227
 10
11315.78769066499
 20
9126.490232262615
 10
11314.374214132782
 20
9127.50645268304
 10
11312.866578604066
 20
9128.376886461396
 10
11311.279767638014
 20
9129.092882835714
 10
11309.629551674967
 20
9129.647325912374
 10
11307.932331302523
 20
9130.034705386992
 10
11306.204974259279
 20
9130.251171308308
 10
11304.46464779554
 20
9130.294572340703
 10
11302.728648057615
 20
9130.16447714527
 10
11301.01422819082
 20
9129.862178666488
 10
11299.338426870003
 20
9129.390681282472
 10
11297.717898961593
 20
9128.754670946015
 10
11296.168750000012
 20
9127.9604686136
 10
11294.70637612362
 20
9127.015967424843
 10
11293.345311060984
 20
9125.930554256862
 10
11292.099081688182
 20
9124.715016433358
 10
11290.980073592655
 20
9123.381434515322
 10
11289.999407979514
 20
9121.943062239035
 10
11289.166831144277
 20
9120.414194794372
 10
11288.490617609554
 20
9118.81002675285
 10
11287.977487889235
 20
9117.1465010572
 10
11287.632541697065
 20
9115.440150573122
 10
11287.459207263251
 20
9113.70793377838
 10
11287.459207263251
 20
9111.967066221667
 10
11287.632541697065
 20
9110.234849426924
 10
11287.977487889235
 20
9108.528498942847
 10
11288.490617609554
 20
9106.864973247197
 10
11289.166831144277
 20
9105.260805205675
 10
11289.999407979514
 20
9103.731937761011
 10
11290.980073592655
 20
9102.293565484724
 10
11292.099081688182
 20
9100.959983566689
 10
11293.345311060984
 20
9099.744445743185
 10
11294.70637612362
 20
9098.659032575204
 10
11296.168750000012
 20
9097.714531386446
 10
11297.717898961593
 20
9096.920329054032
 10
11299.338426870003
 20
9096.284318717575
 10
11301.01422819082
 20
9095.812821333559
 10
11302.728648057615
 20
9095.510522854776
 10
11304.46464779554
 20
9095.380427659344
 10
11306.204974259279
 20
9095.423828691739
 10
11307.932331302523
 20
9095.640294613055
 10
11309.629551674967
 20
9096.027674087672
 10
11311.279767638014
 20
9096.582117164333
 10
11312.866578604066
 20
9097.29811353865
 10
11314.374214132782
 20
9098.168547317007
 10
11315.78769066499
 20
9099.184767737432
 10
11317.092960435839
 20
9100.33667514482
 10
11318.277051087993
 20
9101.612821365881
 10
11319.328194596514
 20
9103.000523486087
 10
11320.235944224987
 20
9104.485989898356
 10
11320.9912783498
 20
9106.054457370075
 10
11321.586690121068
 20
9107.690337766864
 10
11322.016262069083
 20
9109.377372974413
 10
11322.275724914827
 20
9111.098796478851
 10
11322.362500000017
 20
9112.837500000023
  0
TEXT
  5
175
330
17
100
AcDbEntity
  8
NESTED_RESULT
100
AcDbText
 10
12251.745306396499
 20
8822.838922119148
 30
0.0
 40
80.0
  1
504-A
 72
1
 11
12251.745306396499
 21
8822.838922119148
 31
0.0
100
AcDbText
 73
2
  0
LWPOLYLINE
  5
176
330
17
100
AcDbEntity
  8
NESTED_RESULT
100
AcDbPolyline
 90
5
 70
0
 10
12648.230334404187
 20
9682.638165849989
 10
12632.549667118787
 20
8019.01206402501
 10
13235.5
 20
8000.0
 10
13235.499999999884
 20
9677.102799325687
 10
12648.230334404187
 20
9682.638165849989
  0
LWPOLYLINE
  5
177
330
17
100
AcDbEntity
  8
NESTED_RESULT
100
AcDbPolyline
 90
9
 70
0
 10
12816.399999999994
 20
9029.402799325704
 10
12816.399999999994
 20
9448.502799325594
 10
12829.100000000006
 20
9461.202799325722
 10
13095.799999999988
 20
9461.202799325722
 10
13108.5
 20
9448.502799325594
 10
13108.5
 20
9029.402799325704
 10
13095.799999999988
 20
9016.702799325605
 10
12829.100000000006
 20
9016.702799325605
 10
12816.399999999994
 20
9029.402799325704
  0
LWPOLYLINE
  5
178
330
17
100
AcDbEntity
  8
NESTED_RESULT
100
AcDbPolyline
 90
9
 70
0
 10
12816.399999999994
 20
8228.600000000006
 10
12816.399999999994
 20
8647.699999999895
 10
12829.100000000006
 20
8660.399999999907
 10
13095.799999999988
 20
8660.399999999907
 10
13108.5
 20
8647.699999999895
 10
13108.5
 20
8228.600000000006
 10
13095.799999999988
 20
8215.899999999994
 10
12829.100000000006
 20
8215.899999999994
 10
12816.399999999994
 20
8228.600000000006
  0
LWPOLYLINE
  5
179
330
17
100
AcDbEntity
  8
NESTED_RESULT
100
AcDbPolyline
 90
64
 70
0
 10
12748.137499999983
 20
8455.612499999901
 10
12746.39879647881
 20
8455.52572491471
 10
12744.677372974373
 20
8455.266262068966
 10
12742.990337766823
 20
8454.836690120952
 10
12741.354457370035
 20
8454.241278349684
 10
12739.785989898315
 20
8453.4859442249
 10
12738.300523486047
 20
8452.578194596397
 10
12736.91282136584
 20
8451.527051087876
 10
12735.636675144779
 20
8450.342960435752
 10
12734.484767737391
 20
8449.037690664845
 10
12733.468547316967
 20
8447.624214132666
 10
12732.59811353861
 20
8446.11657860395
 10
12731.882117164292
 20
8444.529767637927
 10
12731.327674087632
 20
8442.87955167485
 10
12730.940294613014
 20
8441.182331302407
 10
12730.723828691698
 20
8439.454974259163
 10
12730.680427659303
 20
8437.714647795452
 10
12730.810522854736
 20
8435.978648057499
 10
12731.112821333518
 20
8434.264228190674
 10
12731.584318717534
 20
8432.588426869886
 10
12732.220329053991
 20
8430.967898961477
 10
12733.014531386405
 20
8429.418749999924
 10
12733.959032575163
 20
8427.956376123504
 10
12735.044445743144
 20
8426.595311060868
 10
12736.259983566648
 20
8425.349081688066
 10
12737.593565484683
 20
8424.230073592538
 10
12739.03193776097
 20
8423.249407979398
 10
12740.560805205634
 20
8422.41683114416
 10
12742.164973247156
 20
8421.740617609437
 10
12743.828498942807
 20
8421.227487889148
 10
12745.534849426884
 20
8420.882541696948
 10
12747.267066221626
 20
8420.709207263106
 10
12749.007933778339
 20
8420.709207263106
 10
12750.740150573081
 20
8420.882541696948
 10
12752.446501057158
 20
8421.227487889148
 10
12754.110026752809
 20
8421.740617609437
 10
12755.714194794331
 20
8422.41683114416
 10
12757.243062238995
 20
8423.249407979398
 10
12758.681434515282
 20
8424.230073592538
 10
12760.015016433317
 20
8425.349081688066
 10
12761.230554256821
 20
8426.595311060868
 10
12762.315967424802
 20
8427.956376123504
 10
12763.26046861356
 20
8429.418749999924
 10
12764.054670945974
 20
8430.967898961477
 10
12764.69068128243
 20
8432.588426869886
 10
12765.162178666447
 20
8434.264228190674
 10
12765.46447714523
 20
8435.978648057499
 10
12765.594572340662
 20
8437.714647795452
 10
12765.551171308267
 20
8439.454974259163
 10
12765.334705386951
 20
8441.182331302407
 10
12764.947325912333
 20
8442.87955167485
 10
12764.392882835673
 20
8444.529767637927
 10
12763.676886461355
 20
8446.11657860395
 10
12762.806452682998
 20
8447.624214132666
 10
12761.790232262574
 20
8449.037690664845
 10
12760.638324855187
 20
8450.342960435752
 10
12759.362178634125
 20
8451.527051087876
 10
12757.974476513918
 20
8452.578194596397
 10
12756.48901010165
 20
8453.4859442249
 10
12754.92054262993
 20
8454.241278349684
 10
12753.284662233142
 20
8454.836690120952
 10
12751.597627025592
 20
8455.266262068966
 10
12749.876203521155
 20
8455.52572491471
 10
12748.137499999983
 20
8455.612499999901
  0
LWPOLYLINE
  5
17A
330
17
100
AcDbEntity
  8
NESTED_RESULT
100
AcDbPolyline
 90
64
 70
0
 10
12748.137499999983
 20
9256.4152993256
 10
12746.39879647881
 20
9256.328524240438
 10
12744.677372974373
 20
9256.069061394664
 10
12742.990337766823
 20
9255.63948944665
 10
12741.354457370035
 20
9255.044077675411
 10
12739.785989898315
 20
9254.288743550569
 10
12738.300523486047
 20
9253.380993922096
 10
12736.91282136584
 20
9252.329850413575
 10
12735.636675144779
 20
9251.14575976142
 10
12734.484767737391
 20
9249.840489990573
 10
12733.468547316967
 20
9248.427013458364
 10
12732.59811353861
 20
9246.919377929618
 10
12731.882117164292
 20
9245.332566963596
 10
12731.327674087632
 20
9243.682351000549
 10
12730.940294613014
 20
9241.985130628134
 10
12730.723828691698
 20
9240.25777358486
 10
12730.680427659303
 20
9238.517447121121
 10
12730.810522854736
 20
9236.781447383197
 10
12731.112821333518
 20
9235.067027516401
 10
12731.584318717534
 20
9233.391226195585
 10
12732.220329053991
 20
9231.770698287204
 10
12733.014531386405
 20
9230.221549325594
 10
12733.959032575163
 20
9228.759175449202
 10
12735.044445743144
 20
9227.398110386566
 10
12736.259983566648
 20
9226.151881013793
 10
12737.593565484683
 20
9225.032872918207
 10
12739.03193776097
 20
9224.052207305125
 10
12740.560805205634
 20
9223.21963046986
 10
12742.164973247156
 20
9222.543416935136
 10
12743.828498942807
 20
9222.030287214817
 10
12745.534849426884
 20
9221.685341022647
 10
12747.267066221626
 20
9221.512006588833
 10
12749.007933778339
 20
9221.512006588833
 10
12750.740150573081
 20
9221.685341022647
 10
12752.446501057158
 20
9222.030287214817
 10
12754.110026752809
 20
9222.543416935136
 10
12755.714194794331
 20
9223.21963046986
 10
12757.243062238995
 20
9224.052207305125
 10
12758.681434515282
 20
9225.032872918207
 10
12760.015016433317
 20
9226.151881013793
 10
12761.230554256821
 20
9227.398110386566
 10
12762.315967424802
 20
9228.759175449202
 10
12763.26046861356
 20
9230.221549325594
 10
12764.054670945974
 20
9231.770698287204
 10
12764.69068128243
 20
9233.391226195585
 10
12765.162178666447
 20
9235.067027516401
 10
12765.46447714523
 20
9236.781447383197
 10
12765.594572340662
 20
9238.517447121121
 10
12765.551171308267
 20
9240.25777358486
 10
12765.334705386951
 20
9241.985130628134
 10
12764.947325912333
 20
9243.682351000549
 10
12764.392882835673
 20
9245.332566963596
 10
12763.676886461355
 20
9246.919377929618
 10
12762.806452682998
 20
9248.427013458364
 10
12761.790232262574
 20
9249.840489990573
 10
12760.638324855187
 20
9251.14575976142
 10
12759.362178634125
 20
9252.329850413575
 10
12757.974476513918
 20
9253.380993922096
 10
12756.48901010165
 20
9254.288743550569
 10
12754.92054262993
 20
9255.044077675411
 10
12753.284662233142
 20
9255.63948944665
 10
12751.597627025592
 20
9256.069061394664
 10
12749.876203521155
 20
9256.328524240438
 10
12748.137499999983
 20
9256.4152993256
  0
TEXT
  5
17B
330
17
100
AcDbEntity
  8
NESTED_RESULT
100
AcDbText
 10
12818.795340024011
 20
8838.648880757508
 30
0.0
 40
80.0
  1
406-D
 72
1
 11
12818.795340024011
 21
8838.648880757508
 31
0.0
100
AcDbText
 73
2
  0
LWPOLYLINE
  5
17C
330
17
100
AcDbEntity
  8
NESTED_RESULT
100
AcDbPolyline
 90
6
 70
0
 10
10200.0
 20
9787.525000000023
 10
11854.175000000003
 20
9787.525000000023
 10
11854.175000000003
 20
9206.5
 10
11851.0
 20
9203.325000000012
 10
10200.0
 20
9203.325000000012
 10
10200.0
 20
9787.525000000023
  0
LWPOLYLINE
  5
17D
330
17
100
AcDbEntity
  8
NESTED_RESULT
100
AcDbPolyline
 90
9
 70
0
 10
11216.0
 20
9622.425000000017
 10
11635.100000000006
 20
9622.425000000017
 10
11647.800000000003
 20
9609.725000000006
 10
11647.800000000003
 20
9343.025000000023
 10
11635.100000000006
 20
9330.325000000012
 10
11216.0
 20
9330.325000000012
 10
11203.300000000003
 20
9343.025000000023
 10
11203.300000000003
 20
9609.725000000006
 10
11216.0
 20
9622.425000000017
  0
LWPOLYLINE
  5
17E
330
17
100
AcDbEntity
  8
NESTED_RESULT
100
AcDbPolyline
 90
9
 70
0
 10
10419.075000000012
 20
9622.425000000017
 10
10838.175000000003
 20
9622.425000000017
 10
10850.875
 20
9609.725000000006
 10
10850.875
 20
9343.025000000023
 10
10838.175000000003
 20
9330.325000000012
 10
10419.075000000012
 20
9330.325000000012
 10
10406.375
 20
9343.025000000023
 10
10406.375
 20
9609.725000000006
 10
10419.075000000012
 20
9622.425000000017
  0
LWPOLYLINE
  5
17F
330
17
100
AcDbEntity
  8
NESTED_RESULT
100
AcDbPolyline
 90
64
 70
0
 10
10646.087499999994
 20
9690.6875
 10
10646.000724914818
 20
9692.426203521172
 10
10645.74126206906
 20
9694.14762702561
 10
10645.311690121045
 20
9695.83466223316
 10
10644.716278349792
 20
9697.470542629948
 10
10643.960944224978
 20
9699.039010101667
 10
10643.05319459649
 20
9700.524476513936
 10
10642.00205108797
 20
9701.912178634142
 10
10640.81796043583
 20
9703.188324855204
 10
10639.512690664953
 20
9704.340232262592
 10
10638.099214132759
 20
9705.356452683016
 10
10636.591578604028
 20
9706.226886461372
 10
10635.004767638005
 20
9706.94288283569
 10
10633.354551674944
 20
9707.49732591235
 10
10631.657331302515
 20
9707.884705386969
 10
10629.929974259256
 20
9708.101171308284
 10
10628.18964779553
 20
9708.14457234068
 10
10626.453648057592
 20
9708.014477145247
 10
10624.739228190781
 20
9707.712178666465
 10
10623.06342686998
 20
9707.240681282448
 10
10621.442898961584
 20
9706.604670945992
 10
10619.893750000003
 20
9705.810468613578
 10
10618.431376123597
 20
9704.86596742482
 10
10617.070311060961
 20
9703.780554256839
 10
10615.824081688173
 20
9702.565016433335
 10
10614.705073592617
 20
9701.231434515299
 10
10613.724407979505
 20
9699.793062239012
 10
10612.891831144254
 20
9698.264194794348
 10
10612.21561760953
 20
9696.660026752827
 10
10611.702487889226
 20
9694.996501057176
 10
10611.357541697042
 20
9693.290150573099
 10
10611.184207263213
 20
9691.557933778357
 10
10611.184207263213
 20
9689.817066221643
 10
10611.357541697042
 20
9688.084849426901
 10
10611.702487889226
 20
9686.378498942824
 10
10612.21561760953
 20
9684.714973247173
 10
10612.891831144254
 20
9683.110805205652
 10
10613.724407979505
 20
9681.581937760988
 10
10614.705073592617
 20
9680.143565484701
 10
10615.824081688173
 20
9678.809983566665
 10
10617.070311060961
 20
9677.594445743161
 10
10618.431376123597
 20
9676.50903257518
 10
10619.893750000003
 20
9675.564531386422
 10
10621.442898961584
 20
9674.770329054008
 10
10623.06342686998
 20
9674.134318717552
 10
10624.739228190781
 20
9673.662821333535
 10
10626.453648057592
 20
9673.360522854753
 10
10628.18964779553
 20
9673.23042765932
 10
10629.929974259256
 20
9673.273828691716
 10
10631.657331302515
 20
9673.490294613031
 10
10633.354551674944
 20
9673.87767408765
 10
10635.004767638005
 20
9674.43211716431
 10
10636.591578604028
 20
9675.148113538628
 10
10638.099214132759
 20
9676.018547316984
 10
10639.512690664953
 20
9677.034767737408
 10
10640.81796043583
 20
9678.186675144796
 10
10642.00205108797
 20
9679.462821365858
 10
10643.05319459649
 20
9680.850523486064
 10
10643.960944224978
 20
9682.335989898333
 10
10644.716278349792
 20
9683.904457370052
 10
10645.311690121045
 20
9685.54033776684
 10
10645.74126206906
 20
9687.22737297439
 10
10646.000724914818
 20
9688.948796478828
 10
10646.087499999994
 20
9690.6875
  0
LWPOLYLINE
  5
180
330
17
100
AcDbEntity
  8
NESTED_RESULT
100
AcDbPolyline
 90
64
 70
0
 10
11443.012499999997
 20
9690.6875
 10
11442.925724914821
 20
9692.426203521172
 10
11442.666262069062
 20
9694.14762702561
 10
11442.236690121048
 20
9695.83466223316
 10
11441.641278349794
 20
9697.470542629948
 10
11440.885944224981
 20
9699.039010101667
 10
11439.978194596493
 20
9700.524476513936
 10
11438.927051087972
 20
9701.912178634142
 10
11437.742960435833
 20
9703.188324855204
 10
11436.437690664956
 20
9704.340232262592
 10
11435.024214132762
 20
9705.356452683016
 10
11433.51657860403
 20
9706.226886461372
 10
11431.929767638008
 20
9706.94288283569
 10
11430.279551674947
 20
9707.49732591235
 10
11428.582331302518
 20
9707.884705386969
 10
11426.854974259259
 20
9708.101171308284
 10
11425.114647795534
 20
9708.14457234068
 10
11423.378648057595
 20
9708.014477145247
 10
11421.664228190784
 20
9707.712178666465
 10
11419.988426869983
 20
9707.240681282448
 10
11418.367898961587
 20
9706.604670945992
 10
11416.818750000006
 20
9705.810468613578
 10
11415.3563761236
 20
9704.86596742482
 10
11413.995311060964
 20
9703.780554256839
 10
11412.749081688176
 20
9702.565016433335
 10
11411.63007359262
 20
9701.231434515299
 10
11410.649407979508
 20
9699.793062239012
 10
11409.816831144257
 20
9698.264194794348
 10
11409.140617609533
 20
9696.660026752827
 10
11408.627487889229
 20
9694.996501057176
 10
11408.282541697045
 20
9693.290150573099
 10
11408.109207263216
 20
9691.557933778357
 10
11408.109207263216
 20
9689.817066221643
 10
11408.282541697045
 20
9688.084849426901
 10
11408.627487889229
 20
9686.378498942824
 10
11409.140617609533
 20
9684.714973247173
 10
11409.816831144257
 20
9683.110805205652
 10
11410.649407979508
 20
9681.581937760988
 10
11411.63007359262
 20
9680.143565484701
 10
11412.749081688176
 20
9678.809983566665
 10
11413.995311060964
 20
9677.594445743161
 10
11415.3563761236
 20
9676.50903257518
 10
11416.818750000006
 20
9675.564531386422
 10
11418.367898961587
 20
9674.770329054008
 10
11419.988426869983
 20
9674.134318717552
 10
11421.664228190784
 20
9673.662821333535
 10
11423.378648057595
 20
9673.360522854753
 10
11425.114647795534
 20
9673.23042765932
 10
11426.854974259259
 20
9673.273828691716
 10
11428.582331302518
 20
9673.490294613031
 10
11430.279551674947
 20
9673.87767408765
 10
11431.929767638008
 20
9674.43211716431
 10
11433.51657860403
 20
9675.148113538628
 10
11435.024214132762
 20
9676.018547316984
 10
11436.437690664956
 20
9677.034767737408
 10
11437.742960435833
 20
9678.186675144796
 10
11438.927051087972
 20
9679.462821365858
 10
11439.978194596493
 20
9680.850523486064
 10
11440.885944224981
 20
9682.335989898333
 10
11441.641278349794
 20
9683.904457370052
 10
11442.236690121048
 20
9685.54033776684
 10
11442.666262069062
 20
9687.22737297439
 10
11442.925724914821
 20
9688.948796478828
 10
11443.012499999997
 20
9690.6875
  0
TEXT
  5
181
330
17
100
AcDbEntity
  8
NESTED_RESULT
100
AcDbText
 10
11027.087500000001
 20
9476.375000000015
 30
0.0
 40
80.0
  1
515-D
 72
1
 11
11027.087500000001
 21
9476.375000000015
 31
0.0
100
AcDbText
 73
2
  0
LWPOLYLINE
  5
182
330
17
100
AcDbEntity
  8
NESTED_RESULT
100
AcDbPolyline
 90
7
 70
0
 10
10203.174999999988
 20
8450.850000000006
 10
10847.699999999983
 20
8450.850000000006
 10
10847.699999999983
 20
8000.0
 10
10203.174999999988
 20
8000.0
 10
10200.0
 20
8003.1750000000175
 10
10200.0
 20
8447.675000000105
 10
10203.174999999988
 20
8450.850000000006
  0
TEXT
  5
183
330
17
100
AcDbEntity
  8
NESTED_RESULT
100
AcDbText
 10
10523.849999999991
 20
8225.425000000003
 30
0.0
 40
80.0
  1
504-B
 72
1
 11
10523.849999999991
 21
8225.425000000003
 31
0.0
100
AcDbText
 73
2
  0
LWPOLYLINE
  5
184
330
17
100
AcDbEntity
  8
NESTED_RESULT
100
AcDbPolyline
 90
7
 70
0
 10
10847.699999999983
 20
8450.850000000006
 10
11492.224999999977
 20
8450.850000000006
 10
11495.399999999965
 20
8447.675000000105
 10
11495.399999999965
 20
8003.174999999988
 10
11492.224999999977
 20
8000.0
 10
10847.699999999983
 20
8000.0
 10
10847.699999999983
 20
8450.850000000006
  0
TEXT
  5
185
330
17
100
AcDbEntity
  8
NESTED_RESULT
100
AcDbText
 10
11171.549999999974
 20
8225.425000000003
 30
0.0
 40
80.0
  1
420-B
 72
1
 11
11171.549999999974
 21
8225.425000000003
 31
0.0
100
AcDbText
 73
2
  0
LWPOLYLINE
  5
186
330
17
100
AcDbEntity
  8
NESTED_RESULT
100
AcDbPolyline
 90
7
 70
0
 10
11857.349999999904
 20
9654.174999999988
 10
12505.050000000003
 20
9654.174999999988
 10
12505.050000000003
 20
9203.325000000012
 10
11857.349999999904
 20
9203.325000000012
 10
11854.175000000003
 20
9206.5
 10
11854.175000000003
 20
9651.0
 10
11857.349999999904
 20
9654.174999999988
  0
TEXT
  5
187
330
17
100
AcDbEntity
  8
NESTED_RESULT
100
AcDbText
 10
12179.612500000003
 20
9428.75
 30
0.0
 40
80.0
  1
406-B
 72
1
 11
12179.612500000003
 21
9428.75
 31
0.0
100
AcDbText
 73
2
  0
LWPOLYLINE
  5
188
330
17
100
AcDbEntity
  8
NESTED_RESULT
 62
1
100
AcDbPolyline
 90
5
 70
0
 10
13600.0
 20
8000.0
 10
16800.0
 20
8000.0
 10
16800.0
 20
9800.0
 10
13600.0
 20
9800.0
 10
13600.0
 20
8000.0
  0
TEXT
  5
189
330
17
100
AcDbEntity
  8
NESTED_RESULT
 62
1
100
AcDbText
 10
13600.0
 20
9830.0
 30
0.0
 40
50.0
  1
Sheet_29
 11
13600.0
 21
9830.0
 31
0.0
100
AcDbText
 73
1
  0
LWPOLYLINE
  5
18A
330
17
100
AcDbEntity
  8
NESTED_RESULT
100
AcDbPolyline
 90
9
 70
0
 10
13600.0
 20
8901.699999999983
 10
13600.0
 20
8000.0
 10
14901.75
 20
8000.0
 10
14901.75
 20
8650.875
 10
14254.049999999988
 20
8650.875
 10
14250.875
 20
8654.049999999988
 10
14250.875
 20
8898.524999999994
 10
14247.700000000012
 20
8901.699999999983
 10
13600.0
 20
8901.699999999983
  0
TEXT
  5
18B
330
17
100
AcDbEntity
  8
NESTED_RESULT
100
AcDbText
 10
13982.007690429688
 20
8382.838647460929
 30
0.0
 40
80.0
  1
508-A
 72
1
 11
13982.007690429688
 21
8382.838647460929
 31
0.0
100
AcDbText
 73
2
  0
LWPOLYLINE
  5
18C
330
17
100
AcDbEntity
  8
NESTED_RESULT
100
AcDbPolyline
 90
10
 70
0
 10
15549.625
 20
8650.875
 10
15549.625
 20
8898.52500000014
 10
15546.450000000012
 20
8901.700000000012
 10
14901.924999999988
 20
8901.700000000012
 10
14901.924999999988
 20
8000.0
 10
16200.5
 20
8000.0
 10
16200.5
 20
8644.52500000014
 10
16197.325000000012
 20
8647.700000000012
 10
15552.799999999988
 20
8647.700000000012
 10
15549.625
 20
8650.875
  0
TEXT
  5
18D
330
17
100
AcDbEntity
  8
NESTED_RESULT
100
AcDbText
 10
15282.683929443352
 20
8380.151214599615
 30
0.0
 40
80.0
  1
415-A
 72
1
 11
15282.683929443352
 21
8380.151214599615
 31
0.0
100
AcDbText
 73
2
  0
LWPOLYLINE
  5
18E
330
17
100
AcDbEntity
  8
NESTED_RESULT
100
AcDbPolyline
 90
7
 70
0
 10
15543.138249737603
 20
8902.125
 10
13603.175000000003
 20
8902.125
 10
13600.0
 20
8905.300000000017
 10
13600.0
 20
9553.0
 10
15546.313249737592
 20
9553.0
 10
15546.313249737592
 20
8905.300000000017
 10
15543.138249737603
 20
8902.125
  0
LWPOLYLINE
  5
18F
330
17
100
AcDbEntity
  8
NESTED_RESULT
100
AcDbPolyline
 90
9
 70
0
 10
14174.675499999998
 20
9403.774999999994
 10
14809.675499999998
 20
9403.774999999994
 10
14816.025500000003
 20
9397.425000000017
 10
14816.025500000003
 20
9016.425000000017
 10
14809.675499999998
 20
9010.075000000012
 10
14174.675499999998
 20
9010.075000000012
 10
14168.325499999992
 20
9016.425000000017
 10
14168.325499999992
 20
9397.425000000017
 10
14174.675499999998
 20
9403.774999999994
  0
LWPOLYLINE
  5
190
330
17
100
AcDbEntity
  8
NESTED_RESULT
100
AcDbPolyline
 90
64
 70
0
 10
14509.637999999992
 20
9459.337499999994
 10
14509.551224914816
 20
9461.076203521166
 10
14509.291762069057
 20
9462.797627025604
 10
14508.862190121043
 20
9464.484662233153
 10
14508.26677834979
 20
9466.120542629942
 10
14507.511444224976
 20
9467.689010101662
 10
14506.603694596488
 20
9469.17447651393
 10
14505.552551087967
 20
9470.562178634136
 10
14504.368460435828
 20
9471.838324855198
 10
14503.06319066495
 20
9472.990232262586
 10
14501.649714132756
 20
9474.00645268301
 10
14500.142078604025
 20
9474.876886461367
 10
14498.555267638003
 20
9475.592882835685
 10
14496.905051674941
 20
9476.147325912345
 10
14495.207831302512
 20
9476.534705386963
 10
14493.480474259253
 20
9476.751171308279
 10
14491.740147795528
 20
9476.794572340674
 10
14490.00414805759
 20
9476.664477145241
 10
14488.289728190779
 20
9476.362178666459
 10
14486.613926869977
 20
9475.890681282443
 10
14484.993398961582
 20
9475.254670945986
 10
14483.44425
 20
9474.460468613572
 10
14481.981876123595
 20
9473.515967424813
 10
14480.620811060959
 20
9472.430554256833
 10
14479.374581688171
 20
9471.215016433329
 10
14478.255573592614
 20
9469.881434515293
 10
14477.274907979503
 20
9468.443062239006
 10
14476.442331144252
 20
9466.914194794343
 10
14475.766117609528
 20
9465.31002675282
 10
14475.252987889224
 20
9463.64650105717
 10
14474.90804169704
 20
9461.940150573093
 10
14474.734707263211
 20
9460.20793377835
 10
14474.734707263211
 20
9458.467066221638
 10
14474.90804169704
 20
9456.734849426895
 10
14475.252987889224
 20
9455.028498942818
 10
14475.766117609528
 20
9453.364973247168
 10
14476.442331144252
 20
9451.760805205646
 10
14477.274907979503
 20
9450.231937760982
 10
14478.255573592614
 20
9448.793565484695
 10
14479.374581688171
 20
9447.45998356666
 10
14480.620811060959
 20
9446.244445743156
 10
14481.981876123595
 20
9445.159032575175
 10
14483.44425
 20
9444.214531386417
 10
14484.993398961582
 20
9443.420329054003
 10
14486.613926869977
 20
9442.784318717546
 10
14488.289728190779
 20
9442.31282133353
 10
14490.00414805759
 20
9442.010522854747
 10
14491.740147795528
 20
9441.880427659315
 10
14493.480474259253
 20
9441.92382869171
 10
14495.207831302512
 20
9442.140294613026
 10
14496.905051674941
 20
9442.527674087643
 10
14498.555267638003
 20
9443.082117164304
 10
14500.142078604025
 20
9443.798113538622
 10
14501.649714132756
 20
9444.668547316978
 10
14503.06319066495
 20
9445.684767737403
 10
14504.368460435828
 20
9446.83667514479
 10
14505.552551087967
 20
9448.112821365852
 10
14506.603694596488
 20
9449.500523486058
 10
14507.511444224976
 20
9450.985989898327
 10
14508.26677834979
 20
9452.554457370046
 10
14508.862190121043
 20
9454.190337766835
 10
14509.291762069057
 20
9455.877372974384
 10
14509.551224914816
 20
9457.598796478822
 10
14509.637999999992
 20
9459.337499999994
  0
TEXT
  5
191
330
17
100
AcDbEntity
  8
NESTED_RESULT
100
AcDbText
 10
15187.794366210488
 20
9227.324912933382
 30
0.0
 40
80.0
  1
522-B
 72
1
 11
15187.794366210488
 21
9227.324912933382
 31
0.0
100
AcDbText
 73
2
  0
LWPOLYLINE
  5
192
330
17
100
AcDbEntity
  8
NESTED_RESULT
100
AcDbPolyline
 90
10
 70
0
 10
15549.625
 20
9552.574999999983
 10
15549.625
 20
8650.875
 10
16797.399999999907
 20
8650.875
 10
16797.399999999907
 20
9298.574999999983
 10
16794.22499999992
 20
9301.75
 10
16203.675000000017
 20
9301.75
 10
16200.5
 20
9304.924999999988
 10
16200.5
 20
9549.400000000081
 10
16197.325000000012
 20
9552.574999999983
 10
15549.625
 20
9552.574999999983
  0
TEXT
  5
193
330
17
100
AcDbEntity
  8
NESTED_RESULT
100
AcDbText
 10
15931.938873290987
 20
9033.182672119137
 30
0.0
 40
80.0
  1
510-A
 72
1
 11
15931.938873290987
 21
9033.182672119137
 31
0.0
100
AcDbText
 73
2
  0
LWPOLYLINE
  5
194
330
17
100
AcDbEntity
  8
NESTED_RESULT
 62
1
100
AcDbPolyline
 90
5
 70
0
 10
17000.0
 20
8000.0
 10
20200.0
 20
8000.0
 10
20200.0
 20
9800.0
 10
17000.0
 20
9800.0
 10
17000.0
 20
8000.0
  0
TEXT
  5
195
330
17
100
AcDbEntity
  8
NESTED_RESULT
 62
1
100
AcDbText
 10
17000.0
 20
9830.0
 30
0.0
 40
50.0
  1
Sheet_30
 11
17000.0
 21
9830.0
 31
0.0
100
AcDbText
 73
1
  0
LWPOLYLINE
  5
196
330
17
100
AcDbEntity
  8
NESTED_RESULT
100
AcDbPolyline
 90
10
 70
0
 10
17000.0
 20
8901.700000000012
 10
17000.0
 20
8000.0
 10
18247.775000000023
 20
8000.0
 10
18247.775000000023
 20
8647.700000000012
 10
18244.600000000006
 20
8650.875
 10
17654.050000000017
 20
8650.875
 10
17650.875
 20
8654.049999999988
 10
17650.875
 20
8898.524999999994
 10
17647.70000000001
 20
8901.700000000012
 10
17000.0
 20
8901.700000000012
  0
TEXT
  5
197
330
17
100
AcDbEntity
  8
NESTED_RESULT
100
AcDbText
 10
17382.313873291023
 20
8382.307672119145
 30
0.0
 40
80.0
  1
511-A
 72
1
 11
17382.313873291023
 21
8382.307672119145
 31
0.0
100
AcDbText
 73
2
  0
LWPOLYLINE
  5
198
330
17
100
AcDbEntity
  8
NESTED_RESULT
100
AcDbPolyline
 90
10
 70
0
 10
18895.475000000122
 20
8650.875000000015
 10
18895.475000000122
 20
8898.525000000009
 10
18892.300000000134
 20
8901.700000000012
 10
18247.775000000023
 20
8901.700000000012
 10
18247.775000000023
 20
8000.0
 10
19546.350000000122
 20
8000.0
 10
19546.350000000122
 20
8644.525000000009
 10
19543.175000000134
 20
8647.700000000012
 10
18898.65000000011
 20
8647.700000000012
 10
18895.475000000122
 20
8650.875000000015
  0
TEXT
  5
199
330
17
100
AcDbEntity
  8
NESTED_RESULT
100
AcDbText
 10
18628.533929443412
 20
8380.15121459961
 30
0.0
 40
80.0
  1
515-A
 72
1
 11
18628.533929443412
 21
8380.15121459961
 31
0.0
100
AcDbText
 73
2
  0
LWPOLYLINE
  5
19A
330
17
100
AcDbEntity
  8
NESTED_RESULT
100
AcDbPolyline
 90
10
 70
0
 10
20194.5
 20
9298.575000000012
 10
19292.7999999999
 20
9298.575000000012
 10
19292.7999999999
 20
8654.050000000017
 10
19295.974999999904
 20
8650.875
 10
19543.624999999898
 20
8650.875
 10
19546.7999999999
 20
8647.700000000128
 10
19546.7999999999
 20
8003.1750000000175
 10
19549.974999999904
 20
8000.0
 10
20194.5
 20
8000.0
 10
20194.5
 20
9298.575000000012
  0
TEXT
  5
19B
330
17
100
AcDbEntity
  8
NESTED_RESULT
100
AcDbText
 10
19814.34878540034
 20
8917.81607055665
 30
0.0
 40
80.0
  1
517-B
 72
1
 11
19814.34878540034
 21
8917.81607055665
 31
0.0
100
AcDbText
 73
2
  0
LWPOLYLINE
  5
19C
330
17
100
AcDbEntity
  8
NESTED_RESULT
100
AcDbPolyline
 90
7
 70
0
 10
17000.0
 20
9549.399999999994
 10
18941.513000000006
 20
9549.399999999994
 10
18941.513000000006
 20
8904.875
 10
18938.33799999999
 20
8901.700000000012
 10
17003.17499999999
 20
8901.700000000012
 10
17000.0
 20
8904.875
 10
17000.0
 20
9549.399999999994
  0
LWPOLYLINE
  5
19D
330
17
100
AcDbEntity
  8
NESTED_RESULT
100
AcDbPolyline
 90
9
 70
0
 10
17563.562999999995
 20
9403.350000000006
 10
18198.562999999995
 20
9403.350000000006
 10
18204.913
 20
9397.0
 10
18204.913
 20
9016.0
 10
18198.562999999995
 20
9009.649999999994
 10
17563.562999999995
 20
9009.649999999994
 10
17557.21299999999
 20
9016.0
 10
17557.21299999999
 20
9397.0
 10
17563.562999999995
 20
9403.350000000006
  0
LWPOLYLINE
  5
19E
330
17
100
AcDbEntity
  8
NESTED_RESULT
100
AcDbPolyline
 90
64
 70
0
 10
17898.52549999999
 20
9458.912500000006
 10
17898.4387249148
 20
9460.651203521178
 10
17898.179262069054
 20
9462.372627025616
 10
17897.74969012104
 20
9464.059662233165
 10
17897.15427834977
 20
9465.695542629954
 10
17896.39894422496
 20
9467.264010101673
 10
17895.491194596485
 20
9468.749476513942
 10
17894.440051087964
 20
9470.137178634148
 10
17893.25596043581
 20
9471.41332485521
 10
17891.950690664962
 20
9472.565232262597
 10
17890.537214132753
 20
9473.581452683022
 10
17889.029578604037
 20
9474.451886461378
 10
17887.442767637986
 20
9475.167882835696
 10
17885.79255167494
 20
9475.722325912357
 10
17884.095331302495
 20
9476.109705386974
 10
17882.36797425925
 20
9476.32617130829
 10
17880.62764779551
 20
9476.369572340685
 10
17878.891648057586
 20
9476.239477145253
 10
17877.17722819079
 20
9475.93717866647
 10
17875.501426869974
 20
9475.465681282454
 10
17873.880898961565
 20
9474.829670945997
 10
17872.331749999983
 20
9474.035468613583
 10
17870.86937612359
 20
9473.090967424825
 10
17869.508311060956
 20
9472.005554256844
 10
17868.262081688154
 20
9470.79001643334
 10
17867.143073592626
 20
9469.456434515305
 10
17866.162407979486
 20
9468.018062239018
 10
17865.32983114425
 20
9466.489194794354
 10
17864.653617609525
 20
9464.885026752832
 10
17864.140487889206
 20
9463.221501057182
 10
17863.795541697036
 20
9461.515150573105
 10
17863.622207263223
 20
9459.782933778362
 10
17863.622207263223
 20
9458.04206622165
 10
17863.795541697036
 20
9456.309849426907
 10
17864.140487889206
 20
9454.60349894283
 10
17864.653617609525
 20
9452.93997324718
 10
17865.32983114425
 20
9451.335805205657
 10
17866.162407979486
 20
9449.806937760994
 10
17867.143073592626
 20
9448.368565484707
 10
17868.262081688154
 20
9447.034983566671
 10
17869.508311060956
 20
9445.819445743167
 10
17870.86937612359
 20
9444.734032575187
 10
17872.331749999983
 20
9443.789531386428
 10
17873.880898961565
 20
9442.995329054014
 10
17875.501426869974
 20
9442.359318717557
 10
17877.17722819079
 20
9441.887821333541
 10
17878.891648057586
 20
9441.585522854759
 10
17880.62764779551
 20
9441.455427659326
 10
17882.36797425925
 20
9441.498828691721
 10
17884.095331302495
 20
9441.715294613037
 10
17885.79255167494
 20
9442.102674087655
 10
17887.442767637986
 20
9442.657117164315
 10
17889.029578604037
 20
9443.373113538633
 10
17890.537214132753
 20
9444.24354731699
 10
17891.950690664962
 20
9445.259767737414
 10
17893.25596043581
 20
9446.411675144802
 10
17894.440051087964
 20
9447.687821365864
 10
17895.491194596485
 20
9449.07552348607
 10
17896.39894422496
 20
9450.560989898338
 10
17897.15427834977
 20
9452.129457370058
 10
17897.74969012104
 20
9453.765337766847
 10
17898.179262069054
 20
9455.452372974396
 10
17898.4387249148
 20
9457.173796478834
 10
17898.52549999999
 20
9458.912500000006
  0
TEXT
  5
19F
330
17
100
AcDbEntity
  8
NESTED_RESULT
100
AcDbText
 10
18538.37413122559
 20
9225.31299890137
 30
0.0
 40
80.0
  1
422-B
 72
1
 11
18538.37413122559
 21
9225.31299890137
 31
0.0
100
AcDbText
 73
2
  0
LWPOLYLINE
  5
1A0
330
17
100
AcDbEntity
  8
NESTED_RESULT
 62
1
100
AcDbPolyline
 90
5
 70
0
 10
0.0
 20
10000.0
 10
3200.0
 20
10000.0
 10
3200.0
 20
11800.0
 10
0.0
 20
11800.0
 10
0.0
 20
10000.0
  0
TEXT
  5
1A1
330
17
100
AcDbEntity
  8
NESTED_RESULT
 62
1
100
AcDbText
 10
0.0
 20
11830.0
 30
0.0
 40
50.0
  1
Sheet_31
 11
0.0
 21
11830.0
 31
0.0
100
AcDbText
 73
1
  0
LWPOLYLINE
  5
1A2
330
17
100
AcDbEntity
  8
NESTED_RESULT
100
AcDbPolyline
 90
5
 70
0
 10
0.0
 20
10584.200000000012
 10
1674.8129999999946
 20
10584.200000000012
 10
1674.8129999999946
 20
10000.0
 10
0.0
 20
10000.0
 10
0.0
 20
10584.200000000012
  0
LWPOLYLINE
  5
1A3
330
17
100
AcDbEntity
  8
NESTED_RESULT
100
AcDbPolyline
 90
9
 70
0
 10
231.77499999999418
 20
10419.100000000006
 10
650.875
 20
10419.100000000006
 10
663.5750000000116
 20
10406.399999999994
 10
663.5750000000116
 20
10139.700000000012
 10
650.875
 20
10127.0
 10
231.77499999999418
 20
10127.0
 10
219.07500000001164
 20
10139.700000000012
 10
219.07500000001164
 20
10406.399999999994
 10
231.77499999999418
 20
10419.100000000006
  0
LWPOLYLINE
  5
1A4
330
17
100
AcDbEntity
  8
NESTED_RESULT
100
AcDbPolyline
 90
9
 70
0
 10
1023.9379999999946
 20
10419.100000000006
 10
1443.0380000000005
 20
10419.100000000006
 10
1455.738000000012
 20
10406.399999999994
 10
1455.738000000012
 20
10139.700000000012
 10
1443.0380000000005
 20
10127.0
 10
1023.9379999999946
 20
10127.0
 10
1011.2380000000121
 20
10139.700000000012
 10
1011.2380000000121
 20
10406.399999999994
 10
1023.9379999999946
 20
10419.100000000006
  0
LWPOLYLINE
  5
1A5
330
17
100
AcDbEntity
  8
NESTED_RESULT
100
AcDbPolyline
 90
64
 70
0
 10
458.7875000000058
 20
10487.362499999988
 10
458.7007249148155
 20
10489.10120352116
 10
458.44126206907094
 20
10490.822627025598
 10
458.01169012105674
 20
10492.509662233148
 10
457.4162783497886
 20
10494.145542629936
 10
456.66094422497554
 20
10495.714010101656
 10
455.753194596502
 20
10497.199476513924
 10
454.7020510879811
 20
10498.58717863413
 10
453.51796043582726
 20
10499.863324855192
 10
452.21269066497916
 20
10501.01523226258
 10
450.79921413277043
 20
10502.031452683004
 10
449.29157860405394
 20
10502.90188646136
 10
447.7047676380025
 20
10503.617882835679
 10
446.0545516749553
 20
10504.17232591234
 10
444.35733130251174
 20
10504.559705386957
 10
442.6299742592673
 20
10504.776171308273
 10
440.8896477955277
 20
10504.819572340668
 10
439.1536480576033
 20
10504.689477145235
 10
437.4392281908076
 20
10504.387178666453
 10
435.76342686999124
 20
10503.915681282437
 10
434.1428989615815
 20
10503.27967094598
 10
432.59375
 20
10502.485468613566
 10
431.1313761236088
 20
10501.540967424808
 10
429.77031106097274
 20
10500.455554256827
 10
428.52408168817055
 20
10499.240016433323
 10
427.405073592643
 20
10497.906434515287
 10
426.4244079795026
 20
10496.468062239
 10
425.5918311442656
 20
10494.939194794337
 10
424.9156176095421
 20
10493.335026752815
 10
424.40248788922327
 20
10491.671501057164
 10
424.05754169705324
 20
10489.965150573087
 10
423.88420726323966
 20
10488.232933778345
 10
423.88420726323966
 20
10486.492066221632
 10
424.05754169705324
 20
10484.75984942689
 10
424.40248788922327
 20
10483.053498942812
 10
424.9156176095421
 20
10481.389973247162
 10
425.5918311442656
 20
10479.78580520564
 10
426.4244079795026
 20
10478.256937760976
 10
427.405073592643
 20
10476.81856548469
 10
428.52408168817055
 20
10475.484983566654
 10
429.77031106097274
 20
10474.26944574315
 10
431.1313761236088
 20
10473.18403257517
 10
432.59375
 20
10472.23953138641
 10
434.1428989615815
 20
10471.445329053997
 10
435.76342686999124
 20
10470.80931871754
 10
437.4392281908076
 20
10470.337821333524
 10
439.1536480576033
 20
10470.035522854741
 10
440.8896477955277
 20
10469.905427659309
 10
442.6299742592673
 20
10469.948828691704
 10
444.35733130251174
 20
10470.16529461302
 10
446.0545516749553
 20
10470.552674087638
 10
447.7047676380025
 20
10471.107117164298
 10
449.29157860405394
 20
10471.823113538616
 10
450.79921413277043
 20
10472.693547316972
 10
452.21269066497916
 20
10473.709767737397
 10
453.51796043582726
 20
10474.861675144784
 10
454.7020510879811
 20
10476.137821365846
 10
455.753194596502
 20
10477.525523486052
 10
456.66094422497554
 20
10479.010989898321
 10
457.4162783497886
 20
10480.57945737004
 10
458.01169012105674
 20
10482.21533776683
 10
458.44126206907094
 20
10483.902372974379
 10
458.7007249148155
 20
10485.623796478816
 10
458.7875000000058
 20
10487.362499999988
  0
LWPOLYLINE
  5
1A6
330
17
100
AcDbEntity
  8
NESTED_RESULT
100
AcDbPolyline
 90
64
 70
0
 10
1250.9505000000063
 20
10487.362499999988
 10
1250.863724914816
 20
10489.10120352116
 10
1250.6042620690714
 20
10490.822627025598
 10
1250.1746901210572
 20
10492.509662233148
 10
1249.579278349789
 20
10494.145542629936
 10
1248.823944224976
 20
10495.714010101656
 10
1247.9161945965025
 20
10497.199476513924
 10
1246.8650510879816
 20
10498.58717863413
 10
1245.6809604358277
 20
10499.863324855192
 10
1244.3756906649796
 20
10501.01523226258
 10
1242.962214132771
 20
10502.031452683004
 10
1241.4545786040544
 20
10502.90188646136
 10
1239.867767638003
 20
10503.617882835679
 10
1238.2175516749558
 20
10504.17232591234
 10
1236.5203313025122
 20
10504.559705386957
 10
1234.7929742592678
 20
10504.776171308273
 10
1233.0526477955282
 20
10504.819572340668
 10
1231.3166480576037
 20
10504.689477145235
 10
1229.602228190808
 20
10504.387178666453
 10
1227.9264268699917
 20
10503.915681282437
 10
1226.305898961582
 20
10503.27967094598
 10
1224.7567500000005
 20
10502.485468613566
 10
1223.2943761236093
 20
10501.540967424808
 10
1221.9333110609732
 20
10500.455554256827
 10
1220.687081688171
 20
10499.240016433323
 10
1219.5680735926435
 20
10497.906434515287
 10
1218.587407979503
 20
10496.468062239
 10
1217.754831144266
 20
10494.939194794337
 10
1217.0786176095426
 20
10493.335026752815
 10
1216.5654878892237
 20
10491.671501057164
 10
1216.2205416970537
 20
10489.965150573087
 10
1216.0472072632401
 20
10488.232933778345
 10
1216.0472072632401
 20
10486.492066221632
 10
1216.2205416970537
 20
10484.75984942689
 10
1216.5654878892237
 20
10483.053498942812
 10
1217.0786176095426
 20
10481.389973247162
 10
1217.754831144266
 20
10479.78580520564
 10
1218.587407979503
 20
10478.256937760976
 10
1219.5680735926435
 20
10476.81856548469
 10
1220.687081688171
 20
10475.484983566654
 10
1221.9333110609732
 20
10474.26944574315
 10
1223.2943761236093
 20
10473.18403257517
 10
1224.7567500000005
 20
10472.23953138641
 10
1226.305898961582
 20
10471.445329053997
 10
1227.9264268699917
 20
10470.80931871754
 10
1229.602228190808
 20
10470.337821333524
 10
1231.3166480576037
 20
10470.035522854741
 10
1233.0526477955282
 20
10469.905427659309
 10
1234.7929742592678
 20
10469.948828691704
 10
1236.5203313025122
 20
10470.16529461302
 10
1238.2175516749558
 20
10470.552674087638
 10
1239.867767638003
 20
10471.107117164298
 10
1241.4545786040544
 20
10471.823113538616
 10
1242.962214132771
 20
10472.693547316972
 10
1244.3756906649796
 20
10473.709767737397
 10
1245.6809604358277
 20
10474.861675144784
 10
1246.8650510879816
 20
10476.137821365846
 10
1247.9161945965025
 20
10477.525523486052
 10
1248.823944224976
 20
10479.010989898321
 10
1249.579278349789
 20
10480.57945737004
 10
1250.1746901210572
 20
10482.21533776683
 10
1250.6042620690714
 20
10483.902372974379
 10
1250.863724914816
 20
10485.623796478816
 10
1250.9505000000063
 20
10487.362499999988
  0
TEXT
  5
1A7
330
17
100
AcDbEntity
  8
NESTED_RESULT
100
AcDbText
 10
837.4065000000119
 20
10273.050000000003
 30
0.0
 40
80.0
  1
422-E
 72
1
 11
837.4065000000119
 21
10273.050000000003
 31
0.0
100
AcDbText
 73
2
  0
LWPOLYLINE
  5
1A8
330
17
100
AcDbEntity
  8
NESTED_RESULT
100
AcDbPolyline
 90
6
 70
0
 10
0.0
 20
11168.40000000011
 10
1657.3500000000058
 20
11168.40000000011
 10
1657.3500000000058
 20
10587.37500000003
 10
1654.175000000003
 20
10584.200000000012
 10
0.0
 20
10584.200000000012
 10
0.0
 20
11168.40000000011
  0
LWPOLYLINE
  5
1A9
330
17
100
AcDbEntity
  8
NESTED_RESULT
100
AcDbPolyline
 90
9
 70
0
 10
219.0749999999971
 20
11003.300000000017
 10
638.1750000000029
 20
11003.300000000017
 10
650.875
 20
10990.600000000006
 10
650.875
 20
10723.90000000011
 10
638.1750000000029
 20
10711.200000000128
 10
219.0749999999971
 20
10711.200000000128
 10
206.375
 20
10723.90000000011
 10
206.375
 20
10990.600000000006
 10
219.0749999999971
 20
11003.300000000017
  0
LWPOLYLINE
  5
1AA
330
17
100
AcDbEntity
  8
NESTED_RESULT
100
AcDbPolyline
 90
9
 70
0
 10
1016.0
 20
11003.300000000017
 10
1435.1000000000058
 20
11003.300000000017
 10
1447.800000000003
 20
10990.600000000006
 10
1447.800000000003
 20
10723.90000000011
 10
1435.1000000000058
 20
10711.200000000128
 10
1016.0
 20
10711.200000000128
 10
1003.3000000000029
 20
10723.90000000011
 10
1003.3000000000029
 20
10990.600000000006
 10
1016.0
 20
11003.300000000017
  0
LWPOLYLINE
  5
1AB
330
17
100
AcDbEntity
  8
NESTED_RESULT
100
AcDbPolyline
 90
64
 70
0
 10
446.0874999999942
 20
11071.56250000003
 10
446.0007249148184
 20
11073.301203521201
 10
445.7412620690593
 20
11075.022627025639
 10
445.3116901210451
 20
11076.709662233188
 10
444.71627834979154
 20
11078.345542629977
 10
443.96094422497845
 20
11079.914010101696
 10
443.05319459649036
 20
11081.399476513965
 10
442.00205108796945
 20
11082.787178634171
 10
440.8179604358302
 20
11084.063324855233
 10
439.51269066495297
 20
11085.21523226262
 10
438.0992141327588
 20
11086.231452683045
 10
436.59157860402775
 20
11087.101886461402
 10
435.00476763800543
 20
11087.81788283572
 10
433.35455167494365
 20
11088.37232591238
 10
431.65733130251465
 20
11088.759705386998
 10
429.9299742592557
 20
11088.976171308313
 10
428.1896477955306
 20
11089.019572340709
 10
426.45364805759164
 20
11088.889477145276
 10
424.73922819078143
 20
11088.587178666494
 10
423.0634268699796
 20
11088.115681282477
 10
421.44289896158443
 20
11087.47967094602
 10
419.8937500000029
 20
11086.685468613607
 10
418.43137612359715
 20
11085.740967424848
 10
417.0703110609611
 20
11084.655554256868
 10
415.82408168817346
 20
11083.440016433364
 10
414.7050735926168
 20
11082.106434515328
 10
413.7244079795055
 20
11080.668062239041
 10
412.89183114425396
 20
11079.139194794378
 10
412.21561760953045
 20
11077.535026752856
 10
411.7024878892262
 20
11075.871501057205
 10
411.3575416970416
 20
11074.165150573128
 10
411.18420726321347
 20
11072.432933778386
 10
411.18420726321347
 20
11070.692066221673
 10
411.3575416970416
 20
11068.95984942693
 10
411.7024878892262
 20
11067.253498942853
 10
412.21561760953045
 20
11065.589973247203
 10
412.89183114425396
 20
11063.98580520568
 10
413.7244079795055
 20
11062.456937761017
 10
414.7050735926168
 20
11061.01856548473
 10
415.82408168817346
 20
11059.684983566694
 10
417.0703110609611
 20
11058.46944574319
 10
418.43137612359715
 20
11057.38403257521
 10
419.8937500000029
 20
11056.439531386452
 10
421.44289896158443
 20
11055.645329054038
 10
423.0634268699796
 20
11055.00931871758
 10
424.73922819078143
 20
11054.537821333564
 10
426.45364805759164
 20
11054.235522854782
 10
428.1896477955306
 20
11054.10542765935
 10
429.9299742592557
 20
11054.148828691745
 10
431.65733130251465
 20
11054.36529461306
 10
433.35455167494365
 20
11054.752674087678
 10
435.00476763800543
 20
11055.307117164339
 10
436.59157860402775
 20
11056.023113538657
 10
438.0992141327588
 20
11056.893547317013
 10
439.51269066495297
 20
11057.909767737438
 10
440.8179604358302
 20
11059.061675144825
 10
442.00205108796945
 20
11060.337821365887
 10
443.05319459649036
 20
11061.725523486093
 10
443.96094422497845
 20
11063.210989898362
 10
444.71627834979154
 20
11064.779457370081
 10
445.3116901210451
 20
11066.41533776687
 10
445.7412620690593
 20
11068.10237297442
 10
446.0007249148184
 20
11069.823796478857
 10
446.0874999999942
 20
11071.56250000003
  0
LWPOLYLINE
  5
1AC
330
17
100
AcDbEntity
  8
NESTED_RESULT
100
AcDbPolyline
 90
64
 70
0
 10
1243.012499999997
 20
11071.56250000003
 10
1242.9257249148213
 20
11073.301203521201
 10
1242.6662620690622
 20
11075.022627025639
 10
1242.236690121048
 20
11076.709662233188
 10
1241.6412783497944
 20
11078.345542629977
 10
1240.8859442249814
 20
11079.914010101696
 10
1239.9781945964933
 20
11081.399476513965
 10
1238.9270510879724
 20
11082.787178634171
 10
1237.742960435833
 20
11084.063324855233
 10
1236.4376906649559
 20
11085.21523226262
 10
1235.0242141327617
 20
11086.231452683045
 10
1233.5165786040307
 20
11087.101886461402
 10
1231.9297676380083
 20
11087.81788283572
 10
1230.2795516749466
 20
11088.37232591238
 10
1228.5823313025176
 20
11088.759705386998
 10
1226.8549742592586
 20
11088.976171308313
 10
1225.1146477955335
 20
11089.019572340709
 10
1223.3786480575945
 20
11088.889477145276
 10
1221.6642281907843
 20
11088.587178666494
 10
1219.9884268699825
 20
11088.115681282477
 10
1218.3678989615873
 20
11087.47967094602
 10
1216.8187500000058
 20
11086.685468613607
 10
1215.3563761236
 20
11085.740967424848
 10
1213.995311060964
 20
11084.655554256868
 10
1212.7490816881764
 20
11083.440016433364
 10
1211.6300735926197
 20
11082.106434515328
 10
1210.6494079795084
 20
11080.668062239041
 10
1209.8168311442569
 20
11079.139194794378
 10
1209.1406176095334
 20
11077.535026752856
 10
1208.627487889229
 20
11075.871501057205
 10
1208.2825416970445
 20
11074.165150573128
 10
1208.1092072632164
 20
11072.432933778386
 10
1208.1092072632164
 20
11070.692066221673
 10
1208.2825416970445
 20
11068.95984942693
 10
1208.627487889229
 20
11067.253498942853
 10
1209.1406176095334
 20
11065.589973247203
 10
1209.8168311442569
 20
11063.98580520568
 10
1210.6494079795084
 20
11062.456937761017
 10
1211.6300735926197
 20
11061.01856548473
 10
1212.7490816881764
 20
11059.684983566694
 10
1213.995311060964
 20
11058.46944574319
 10
1215.3563761236
 20
11057.38403257521
 10
1216.8187500000058
 20
11056.439531386452
 10
1218.3678989615873
 20
11055.645329054038
 10
1219.9884268699825
 20
11055.00931871758
 10
1221.6642281907843
 20
11054.537821333564
 10
1223.3786480575945
 20
11054.235522854782
 10
1225.1146477955335
 20
11054.10542765935
 10
1226.8549742592586
 20
11054.148828691745
 10
1228.5823313025176
 20
11054.36529461306
 10
1230.2795516749466
 20
11054.752674087678
 10
1231.9297676380083
 20
11055.307117164339
 10
1233.5165786040307
 20
11056.023113538657
 10
1235.0242141327617
 20
11056.893547317013
 10
1236.4376906649559
 20
11057.909767737438
 10
1237.742960435833
 20
11059.061675144825
 10
1238.9270510879724
 20
11060.337821365887
 10
1239.9781945964933
 20
11061.725523486093
 10
1240.8859442249814
 20
11063.210989898362
 10
1241.6412783497944
 20
11064.779457370081
 10
1242.236690121048
 20
11066.41533776687
 10
1242.6662620690622
 20
11068.10237297442
 10
1242.9257249148213
 20
11069.823796478857
 10
1243.012499999997
 20
11071.56250000003
  0
TEXT
  5
1AD
330
17
100
AcDbEntity
  8
NESTED_RESULT
100
AcDbText
 10
827.0875000000015
 20
10857.250000000058
 30
0.0
 40
80.0
  1
518-D
 72
1
 11
827.0875000000015
 21
10857.250000000058
 31
0.0
100
AcDbText
 73
2
  0
LWPOLYLINE
  5
1AE
330
17
100
AcDbEntity
  8
NESTED_RESULT
100
AcDbPolyline
 90
6
 70
0
 10
3129.0
 20
10587.375
 10
1674.8500000000058
 20
10587.375
 10
1674.8500000000058
 20
10003.175000000003
 10
1678.0249999999942
 20
10000.0
 10
3129.0
 20
10000.0
 10
3129.0
 20
10587.375
  0
LWPOLYLINE
  5
1AF
330
17
100
AcDbEntity
  8
NESTED_RESULT
100
AcDbPolyline
 90
9
 70
0
 10
2595.600000000006
 20
10419.099999999991
 10
3014.7000000000116
 20
10419.099999999991
 10
3027.399999999994
 20
10406.399999999994
 10
3027.399999999994
 20
10139.699999999997
 10
3014.7000000000116
 20
10127.0
 10
2595.600000000006
 20
10127.0
 10
2582.899999999994
 20
10139.699999999997
 10
2582.899999999994
 20
10406.399999999994
 10
2595.600000000006
 20
10419.099999999991
  0
LWPOLYLINE
  5
1B0
330
17
100
AcDbEntity
  8
NESTED_RESULT
100
AcDbPolyline
 90
64
 70
0
 10
2822.6124999999884
 20
10487.362500000003
 10
2822.525724914798
 20
10489.101203521175
 10
2822.2662620690535
 20
10490.822627025627
 10
2821.8366901210393
 20
10492.509662233148
 10
2821.241278349771
 20
10494.14554262995
 10
2820.485944224958
 20
10495.714010101685
 10
2819.5781945964845
 20
10497.199476513939
 10
2818.5270510879636
 20
10498.58717863416
 10
2817.34296043581
 20
10499.863324855207
 10
2816.0376906649617
 20
10501.015232262595
 10
2814.624214132753
 20
10502.031452683019
 10
2813.1165786040365
 20
10502.901886461375
 10
2811.529767637985
 20
10503.617882835708
 10
2809.879551674938
 20
10504.172325912368
 10
2808.1823313024943
 20
10504.559705386971
 10
2806.45497425925
 20
10504.776171308273
 10
2804.7146477955102
 20
10504.819572340697
 10
2802.978648057586
 20
10504.689477145264
 10
2801.26422819079
 20
10504.387178666482
 10
2799.588426869974
 20
10503.915681282451
 10
2797.967898961564
 20
10503.279670945994
 10
2796.4187499999825
 20
10502.485468613595
 10
2794.9563761235913
 20
10501.540967424822
 10
2793.5953110609553
 20
10500.455554256827
 10
2792.349081688153
 20
10499.240016433323
 10
2791.2300735926256
 20
10497.906434515317
 10
2790.249407979485
 20
10496.468062239015
 10
2789.416831144248
 20
10494.939194794337
 10
2788.7406176095246
 20
10493.33502675283
 10
2788.227487889206
 20
10491.671501057164
 10
2787.882541697036
 20
10489.965150573102
 10
2787.709207263222
 20
10488.23293377836
 10
2787.709207263222
 20
10486.492066221646
 10
2787.882541697036
 20
10484.759849426904
 10
2788.227487889206
 20
10483.053498942842
 10
2788.7406176095246
 20
10481.389973247176
 10
2789.416831144248
 20
10479.785805205669
 10
2790.249407979485
 20
10478.25693776099
 10
2791.2300735926256
 20
10476.81856548469
 10
2792.349081688153
 20
10475.484983566683
 10
2793.5953110609553
 20
10474.269445743179
 10
2794.9563761235913
 20
10473.184032575184
 10
2796.4187499999825
 20
10472.23953138641
 10
2797.967898961564
 20
10471.445329054011
 10
2799.588426869974
 20
10470.809318717555
 10
2801.26422819079
 20
10470.337821333524
 10
2802.978648057586
 20
10470.035522854741
 10
2804.7146477955102
 20
10469.905427659309
 10
2806.45497425925
 20
10469.948828691733
 10
2808.1823313024943
 20
10470.165294613034
 10
2809.879551674938
 20
10470.552674087638
 10
2811.529767637985
 20
10471.107117164298
 10
2813.1165786040365
 20
10471.82311353863
 10
2814.624214132753
 20
10472.693547316987
 10
2816.0376906649617
 20
10473.709767737411
 10
2817.34296043581
 20
10474.861675144799
 10
2818.5270510879636
 20
10476.137821365846
 10
2819.5781945964845
 20
10477.525523486067
 10
2820.485944224958
 20
10479.010989898321
 10
2821.241278349771
 20
10480.579457370055
 10
2821.8366901210393
 20
10482.215337766858
 10
2822.2662620690535
 20
10483.902372974379
 10
2822.525724914798
 20
10485.62379647883
 10
2822.6124999999884
 20
10487.362500000003
  0
TEXT
  5
1B1
330
17
100
AcDbEntity
  8
NESTED_RESULT
100
AcDbText
 10
2264.3558776855502
 20
10293.865008544923
 30
0.0
 40
80.0
  1
503-D
 72
1
 11
2264.3558776855502
 21
10293.865008544923
 31
0.0
100
AcDbText
 73
2
  0
LWPOLYLINE
  5
1B2
330
17
100
AcDbEntity
  8
NESTED_RESULT
100
AcDbPolyline
 90
6
 70
0
 10
0.0
 20
11752.60000000021
 10
1654.175000000003
 20
11752.60000000021
 10
1654.175000000003
 20
11171.575000000099
 10
1651.0
 20
11168.40000000011
 10
0.0
 20
11168.40000000011
 10
0.0
 20
11752.60000000021
  0
LWPOLYLINE
  5
1B3
330
17
100
AcDbEntity
  8
NESTED_RESULT
100
AcDbPolyline
 90
9
 70
0
 10
219.0749999999971
 20
11587.500000000087
 10
638.1750000000029
 20
11587.500000000087
 10
650.875
 20
11574.800000000105
 10
650.875
 20
11308.100000000093
 10
638.1750000000029
 20
11295.40000000011
 10
219.0749999999971
 20
11295.40000000011
 10
206.375
 20
11308.100000000093
 10
206.375
 20
11574.800000000105
 10
219.0749999999971
 20
11587.500000000087
  0
LWPOLYLINE
  5
1B4
330
17
100
AcDbEntity
  8
NESTED_RESULT
100
AcDbPolyline
 90
9
 70
0
 10
1016.0
 20
11587.500000000087
 10
1435.1000000000058
 20
11587.500000000087
 10
1447.800000000003
 20
11574.800000000105
 10
1447.800000000003
 20
11308.100000000093
 10
1435.1000000000058
 20
11295.40000000011
 10
1016.0
 20
11295.40000000011
 10
1003.3000000000029
 20
11308.100000000093
 10
1003.3000000000029
 20
11574.800000000105
 10
1016.0
 20
11587.500000000087
  0
LWPOLYLINE
  5
1B5
330
17
100
AcDbEntity
  8
NESTED_RESULT
100
AcDbPolyline
 90
64
 70
0
 10
446.0874999999942
 20
11655.762500000099
 10
446.0007249148184
 20
11657.501203521271
 10
445.7412620690593
 20
11659.222627025709
 10
445.3116901210451
 20
11660.909662233258
 10
444.71627834979154
 20
11662.545542630047
 10
443.96094422497845
 20
11664.114010101766
 10
443.05319459649036
 20
11665.599476514035
 10
442.00205108796945
 20
11666.987178634241
 10
440.8179604358302
 20
11668.263324855303
 10
439.51269066495297
 20
11669.41523226269
 10
438.0992141327588
 20
11670.431452683115
 10
436.59157860402775
 20
11671.301886461471
 10
435.00476763800543
 20
11672.01788283579
 10
433.35455167494365
 20
11672.57232591245
 10
431.65733130251465
 20
11672.959705387068
 10
429.9299742592557
 20
11673.176171308383
 10
428.1896477955306
 20
11673.219572340779
 10
426.45364805759164
 20
11673.089477145346
 10
424.73922819078143
 20
11672.787178666564
 10
423.0634268699796
 20
11672.315681282547
 10
421.44289896158443
 20
11671.67967094609
 10
419.8937500000029
 20
11670.885468613676
 10
418.43137612359715
 20
11669.940967424918
 10
417.0703110609611
 20
11668.855554256937
 10
415.82408168817346
 20
11667.640016433434
 10
414.7050735926168
 20
11666.306434515398
 10
413.7244079795055
 20
11664.868062239111
 10
412.89183114425396
 20
11663.339194794447
 10
412.21561760953045
 20
11661.735026752925
 10
411.7024878892262
 20
11660.071501057275
 10
411.3575416970416
 20
11658.365150573198
 10
411.18420726321347
 20
11656.632933778455
 10
411.18420726321347
 20
11654.892066221742
 10
411.3575416970416
 20
11653.159849427
 10
411.7024878892262
 20
11651.453498942923
 10
412.21561760953045
 20
11649.789973247272
 10
412.89183114425396
 20
11648.18580520575
 10
413.7244079795055
 20
11646.656937761087
 10
414.7050735926168
 20
11645.2185654848
 10
415.82408168817346
 20
11643.884983566764
 10
417.0703110609611
 20
11642.66944574326
 10
418.43137612359715
 20
11641.58403257528
 10
419.8937500000029
 20
11640.639531386521
 10
421.44289896158443
 20
11639.845329054107
 10
423.0634268699796
 20
11639.20931871765
 10
424.73922819078143
 20
11638.737821333634
 10
426.45364805759164
 20
11638.435522854852
 10
428.1896477955306
 20
11638.30542765942
 10
429.9299742592557
 20
11638.348828691815
 10
431.65733130251465
 20
11638.56529461313
 10
433.35455167494365
 20
11638.952674087748
 10
435.00476763800543
 20
11639.507117164409
 10
436.59157860402775
 20
11640.223113538726
 10
438.0992141327588
 20
11641.093547317083
 10
439.51269066495297
 20
11642.109767737507
 10
440.8179604358302
 20
11643.261675144895
 10
442.00205108796945
 20
11644.537821365957
 10
443.05319459649036
 20
11645.925523486163
 10
443.96094422497845
 20
11647.410989898432
 10
444.71627834979154
 20
11648.979457370151
 10
445.3116901210451
 20
11650.61533776694
 10
445.7412620690593
 20
11652.30237297449
 10
446.0007249148184
 20
11654.023796478927
 10
446.0874999999942
 20
11655.762500000099
  0
LWPOLYLINE
  5
1B6
330
17
100
AcDbEntity
  8
NESTED_RESULT
100
AcDbPolyline
 90
64
 70
0
 10
1243.012499999997
 20
11655.762500000099
 10
1242.9257249148213
 20
11657.501203521271
 10
1242.6662620690622
 20
11659.222627025709
 10
1242.236690121048
 20
11660.909662233258
 10
1241.6412783497944
 20
11662.545542630047
 10
1240.8859442249814
 20
11664.114010101766
 10
1239.9781945964933
 20
11665.599476514035
 10
1238.9270510879724
 20
11666.987178634241
 10
1237.742960435833
 20
11668.263324855303
 10
1236.4376906649559
 20
11669.41523226269
 10
1235.0242141327617
 20
11670.431452683115
 10
1233.5165786040307
 20
11671.301886461471
 10
1231.9297676380083
 20
11672.01788283579
 10
1230.2795516749466
 20
11672.57232591245
 10
1228.5823313025176
 20
11672.959705387068
 10
1226.8549742592586
 20
11673.176171308383
 10
1225.1146477955335
 20
11673.219572340779
 10
1223.3786480575945
 20
11673.089477145346
 10
1221.6642281907843
 20
11672.787178666564
 10
1219.9884268699825
 20
11672.315681282547
 10
1218.3678989615873
 20
11671.67967094609
 10
1216.8187500000058
 20
11670.885468613676
 10
1215.3563761236
 20
11669.940967424918
 10
1213.995311060964
 20
11668.855554256937
 10
1212.7490816881764
 20
11667.640016433434
 10
1211.6300735926197
 20
11666.306434515398
 10
1210.6494079795084
 20
11664.868062239111
 10
1209.8168311442569
 20
11663.339194794447
 10
1209.1406176095334
 20
11661.735026752925
 10
1208.627487889229
 20
11660.071501057275
 10
1208.2825416970445
 20
11658.365150573198
 10
1208.1092072632164
 20
11656.632933778455
 10
1208.1092072632164
 20
11654.892066221742
 10
1208.2825416970445
 20
11653.159849427
 10
1208.627487889229
 20
11651.453498942923
 10
1209.1406176095334
 20
11649.789973247272
 10
1209.8168311442569
 20
11648.18580520575
 10
1210.6494079795084
 20
11646.656937761087
 10
1211.6300735926197
 20
11645.2185654848
 10
1212.7490816881764
 20
11643.884983566764
 10
1213.995311060964
 20
11642.66944574326
 10
1215.3563761236
 20
11641.58403257528
 10
1216.8187500000058
 20
11640.639531386521
 10
1218.3678989615873
 20
11639.845329054107
 10
1219.9884268699825
 20
11639.20931871765
 10
1221.6642281907843
 20
11638.737821333634
 10
1223.3786480575945
 20
11638.435522854852
 10
1225.1146477955335
 20
11638.30542765942
 10
1226.8549742592586
 20
11638.348828691815
 10
1228.5823313025176
 20
11638.56529461313
 10
1230.2795516749466
 20
11638.952674087748
 10
1231.9297676380083
 20
11639.507117164409
 10
1233.5165786040307
 20
11640.223113538726
 10
1235.0242141327617
 20
11641.093547317083
 10
1236.4376906649559
 20
11642.109767737507
 10
1237.742960435833
 20
11643.261675144895
 10
1238.9270510879724
 20
11644.537821365957
 10
1239.9781945964933
 20
11645.925523486163
 10
1240.8859442249814
 20
11647.410989898432
 10
1241.6412783497944
 20
11648.979457370151
 10
1242.236690121048
 20
11650.61533776694
 10
1242.6662620690622
 20
11652.30237297449
 10
1242.9257249148213
 20
11654.023796478927
 10
1243.012499999997
 20
11655.762500000099
  0
TEXT
  5
1B7
330
17
100
AcDbEntity
  8
NESTED_RESULT
100
AcDbText
 10
827.0875000000015
 20
11441.450000000099
 30
0.0
 40
80.0
  1
415-D
 72
1
 11
827.0875000000015
 21
11441.450000000099
 31
0.0
100
AcDbText
 73
2
  0
LWPOLYLINE
  5
1B8
330
17
100
AcDbEntity
  8
NESTED_RESULT
100
AcDbPolyline
 90
6
 70
0
 10
1657.3500000000058
 20
11171.574999999983
 10
3114.6750000000175
 20
11171.574999999983
 10
3114.6750000000175
 20
10590.549999999988
 10
3111.500000000029
 20
10587.375
 10
1657.3500000000058
 20
10587.375
 10
1657.3500000000058
 20
11171.574999999983
  0
LWPOLYLINE
  5
1B9
330
17
100
AcDbEntity
  8
NESTED_RESULT
100
AcDbPolyline
 90
9
 70
0
 10
1778.000000000029
 20
11006.474999999977
 10
2197.100000000006
 20
11006.474999999977
 10
2209.8000000000175
 20
10993.774999999994
 10
2209.8000000000175
 20
10727.074999999983
 10
2197.100000000006
 20
10714.375
 10
1778.000000000029
 20
10714.375
 10
1765.3000000000175
 20
10727.074999999983
 10
1765.3000000000175
 20
10993.774999999994
 10
1778.000000000029
 20
11006.474999999977
  0
LWPOLYLINE
  5
1BA
330
17
100
AcDbEntity
  8
NESTED_RESULT
100
AcDbPolyline
 90
64
 70
0
 10
2005.0125000000116
 20
11074.737499999988
 10
2004.9257249148213
 20
11076.47620352116
 10
2004.6662620690768
 20
11078.197627025598
 10
2004.2366901210626
 20
11079.884662233148
 10
2003.6412783497944
 20
11081.520542629936
 10
2002.8859442249814
 20
11083.089010101656
 10
2001.9781945965078
 20
11084.574476513924
 10
2000.927051087987
 20
11085.96217863413
 10
1999.742960435833
 20
11087.238324855192
 10
1998.437690664985
 20
11088.39023226258
 10
1997.0242141327763
 20
11089.406452683004
 10
1995.5165786040598
 20
11090.27688646136
 10
1993.9297676380083
 20
11090.992882835679
 10
1992.279551674961
 20
11091.54732591234
 10
1990.5823313025176
 20
11091.934705386957
 10
1988.8549742592731
 20
11092.151171308273
 10
1987.1146477955335
 20
11092.194572340668
 10
1985.378648057609
 20
11092.064477145235
 10
1983.6642281908134
 20
11091.762178666453
 10
1981.988426869997
 20
11091.290681282437
 10
1980.3678989615873
 20
11090.65467094598
 10
1978.8187500000058
 20
11089.860468613566
 10
1977.3563761236146
 20
11088.915967424808
 10
1975.9953110609786
 20
11087.830554256827
 10
1974.7490816881764
 20
11086.615016433323
 10
1973.6300735926488
 20
11085.281434515287
 10
1972.6494079795084
 20
11083.843062239
 10
1971.8168311442714
 20
11082.314194794337
 10
1971.140617609548
 20
11080.710026752815
 10
1970.627487889229
 20
11079.046501057164
 10
1970.282541697059
 20
11077.340150573087
 10
1970.1092072632455
 20
11075.607933778345
 10
1970.1092072632455
 20
11073.867066221632
 10
1970.282541697059
 20
11072.13484942689
 10
1970.627487889229
 20
11070.428498942812
 10
1971.140617609548
 20
11068.764973247162
 10
1971.8168311442714
 20
11067.16080520564
 10
1972.6494079795084
 20
11065.631937760976
 10
1973.6300735926488
 20
11064.19356548469
 10
1974.7490816881764
 20
11062.859983566654
 10
1975.9953110609786
 20
11061.64444574315
 10
1977.3563761236146
 20
11060.55903257517
 10
1978.8187500000058
 20
11059.61453138641
 10
1980.3678989615873
 20
11058.820329053997
 10
1981.988426869997
 20
11058.18431871754
 10
1983.6642281908134
 20
11057.712821333524
 10
1985.378648057609
 20
11057.410522854741
 10
1987.1146477955335
 20
11057.280427659309
 10
1988.8549742592731
 20
11057.323828691704
 10
1990.5823313025176
 20
11057.54029461302
 10
1992.279551674961
 20
11057.927674087638
 10
1993.9297676380083
 20
11058.482117164298
 10
1995.5165786040598
 20
11059.198113538616
 10
1997.0242141327763
 20
11060.068547316972
 10
1998.437690664985
 20
11061.084767737397
 10
1999.742960435833
 20
11062.236675144784
 10
2000.927051087987
 20
11063.512821365846
 10
2001.9781945965078
 20
11064.900523486052
 10
2002.8859442249814
 20
11066.385989898321
 10
2003.6412783497944
 20
11067.95445737004
 10
2004.2366901210626
 20
11069.59033776683
 10
2004.6662620690768
 20
11071.277372974379
 10
2004.9257249148213
 20
11072.998796478816
 10
2005.0125000000116
 20
11074.737499999988
  0
TEXT
  5
1BB
330
17
100
AcDbEntity
  8
NESTED_RESULT
100
AcDbText
 10
2785.745077514663
 20
10879.297103881827
 30
0.0
 40
80.0
  1
521-D
 72
1
 11
2785.745077514663
 21
10879.297103881827
 31
0.0
100
AcDbText
 73
2
  0
LWPOLYLINE
  5
1BC
330
17
100
AcDbEntity
  8
NESTED_RESULT
100
AcDbPolyline
 90
5
 70
0
 10
1654.3500000000058
 20
11755.775000000081
 10
3124.3749999999127
 20
11755.775000000081
 10
3124.3749999999127
 20
11171.574999999983
 10
1654.3500000000058
 20
11171.574999999983
 10
1654.3500000000058
 20
11755.775000000081
  0
LWPOLYLINE
  5
1BD
330
17
100
AcDbEntity
  8
NESTED_RESULT
100
AcDbPolyline
 90
9
 70
0
 10
2578.2750000000233
 20
11590.675000000076
 10
2997.3749999999127
 20
11590.675000000076
 10
3010.0749999999243
 20
11577.975000000064
 10
3010.0749999999243
 20
11311.275000000081
 10
2997.3749999999127
 20
11298.574999999983
 10
2578.2750000000233
 20
11298.574999999983
 10
2565.5750000000116
 20
11311.275000000081
 10
2565.5750000000116
 20
11577.975000000064
 10
2578.2750000000233
 20
11590.675000000076
  0
LWPOLYLINE
  5
1BE
330
17
100
AcDbEntity
  8
NESTED_RESULT
100
AcDbPolyline
 90
64
 70
0
 10
2805.2874999999185
 20
11658.93749999997
 10
2805.200724914728
 20
11660.676203521143
 10
2804.9412620689836
 20
11662.39762702558
 10
2804.5116901209694
 20
11664.08466223313
 10
2803.9162783497013
 20
11665.720542629919
 10
2803.160944224888
 20
11667.289010101638
 10
2802.2531945964147
 20
11668.774476513907
 10
2801.202051087894
 20
11670.162178634113
 10
2800.01796043574
 20
11671.438324855175
 10
2798.712690664892
 20
11672.590232262562
 10
2797.299214132683
 20
11673.606452682987
 10
2795.7915786039666
 20
11674.476886461343
 10
2794.204767637915
 20
11675.192882835661
 10
2792.554551674868
 20
11675.747325912322
 10
2790.8573313024244
 20
11676.13470538694
 10
2789.12997425918
 20
11676.351171308255
 10
2787.3896477954404
 20
11676.39457234065
 10
2785.653648057516
 20
11676.264477145218
 10
2783.9392281907203
 20
11675.962178666436
 10
2782.263426869904
 20
11675.49068128242
 10
2780.642898961494
 20
11674.854670945962
 10
2779.0937499999127
 20
11674.060468613548
 10
2777.6313761235215
 20
11673.11596742479
 10
2776.2703110608854
 20
11672.03055425681
 10
2775.0240816880832
 20
11670.815016433306
 10
2773.9050735925557
 20
11669.48143451527
 10
2772.9244079794153
 20
11668.043062238983
 10
2772.0918311441783
 20
11666.51419479432
 10
2771.415617609455
 20
11664.910026752797
 10
2770.902487889136
 20
11663.246501057147
 10
2770.557541696966
 20
11661.54015057307
 10
2770.3842072631523
 20
11659.807933778327
 10
2770.3842072631523
 20
11658.067066221614
 10
2770.557541696966
 20
11656.334849426872
 10
2770.902487889136
 20
11654.628498942795
 10
2771.415617609455
 20
11652.964973247144
 10
2772.0918311441783
 20
11651.360805205622
 10
2772.9244079794153
 20
11649.831937760959
 10
2773.9050735925557
 20
11648.393565484672
 10
2775.0240816880832
 20
11647.059983566636
 10
2776.2703110608854
 20
11645.844445743132
 10
2777.6313761235215
 20
11644.759032575152
 10
2779.0937499999127
 20
11643.814531386393
 10
2780.642898961494
 20
11643.02032905398
 10
2782.263426869904
 20
11642.384318717523
 10
2783.9392281907203
 20
11641.912821333506
 10
2785.653648057516
 20
11641.610522854724
 10
2787.3896477954404
 20
11641.480427659291
 10
2789.12997425918
 20
11641.523828691687
 10
2790.8573313024244
 20
11641.740294613002
 10
2792.554551674868
 20
11642.12767408762
 10
2794.204767637915
 20
11642.68211716428
 10
2795.7915786039666
 20
11643.398113538598
 10
2797.299214132683
 20
11644.268547316955
 10
2798.712690664892
 20
11645.28476773738
 10
2800.01796043574
 20
11646.436675144767
 10
2801.202051087894
 20
11647.712821365829
 10
2802.2531945964147
 20
11649.100523486035
 10
2803.160944224888
 20
11650.585989898304
 10
2803.9162783497013
 20
11652.154457370023
 10
2804.5116901209694
 20
11653.790337766812
 10
2804.9412620689836
 20
11655.477372974361
 10
2805.200724914728
 20
11657.198796478799
 10
2805.2874999999185
 20
11658.93749999997
  0
TEXT
  5
1BF
330
17
100
AcDbEntity
  8
NESTED_RESULT
100
AcDbText
 10
2153.749362182591
 20
11463.495553588898
 30
0.0
 40
80.0
  1
402-D
 72
1
 11
2153.749362182591
 21
11463.495553588898
 31
0.0
100
AcDbText
 73
2
  0
LWPOLYLINE
  5
1C0
330
17
100
AcDbEntity
  8
NESTED_RESULT
 62
1
100
AcDbPolyline
 90
5
 70
0
 10
3400.0
 20
10000.0
 10
6600.0
 20
10000.0
 10
6600.0
 20
11800.0
 10
3400.0
 20
11800.0
 10
3400.0
 20
10000.0
  0
TEXT
  5
1C1
330
17
100
AcDbEntity
  8
NESTED_RESULT
 62
1
100
AcDbText
 10
3400.0
 20
11830.0
 30
0.0
 40
50.0
  1
Sheet_32
 11
3400.0
 21
11830.0
 31
0.0
100
AcDbText
 73
1
  0
LWPOLYLINE
  5
1C2
330
17
100
AcDbEntity
  8
NESTED_RESULT
100
AcDbPolyline
 90
10
 70
0
 10
4647.7750000000815
 20
10000.0
 10
4647.7750000000815
 20
10901.699999999924
 10
4000.075000000099
 20
10901.699999999924
 10
3996.9000000000815
 20
10898.524999999907
 10
3996.9000000000815
 20
10654.050000000017
 10
3993.725000000093
 20
10650.875
 10
3403.1749999999884
 20
10650.875
 10
3400.0
 20
10647.700000000012
 10
3400.0
 20
10000.0
 10
4647.7750000000815
 20
10000.0
  0
TEXT
  5
1C3
330
17
100
AcDbEntity
  8
NESTED_RESULT
100
AcDbText
 10
4265.46112670904
 20
10382.3076721191
 30
0.0
 40
80.0
  1
513-B
 72
1
 11
4265.46112670904
 21
10382.3076721191
 31
0.0
100
AcDbText
 73
2
  0
LWPOLYLINE
  5
1C4
330
17
100
AcDbEntity
  8
NESTED_RESULT
100
AcDbPolyline
 90
10
 70
0
 10
4647.7750000000815
 20
10898.524999999994
 10
4647.7750000000815
 20
10000.0
 10
5295.475000000064
 20
10000.0
 10
5298.6500000000815
 20
10003.174999999988
 10
5298.6500000000815
 20
10244.475000000006
 10
5301.82500000007
 20
10247.649999999994
 10
5895.550000000076
 20
10247.649999999994
 10
5898.725000000064
 20
10250.824999999983
 10
5898.725000000064
 20
10898.524999999994
 10
4647.7750000000815
 20
10898.524999999994
  0
TEXT
  5
1C5
330
17
100
AcDbEntity
  8
NESTED_RESULT
100
AcDbText
 10
5030.145458984452
 20
10516.452197265622
 30
0.0
 40
80.0
  1
512-B
 72
1
 11
5030.145458984452
 21
10516.452197265622
 31
0.0
100
AcDbText
 73
2
  0
LWPOLYLINE
  5
1C6
330
17
100
AcDbEntity
  8
NESTED_RESULT
100
AcDbPolyline
 90
7
 70
0
 10
3400.0
 20
11553.0
 10
5219.274999999994
 20
11553.0
 10
5219.274999999994
 20
10905.299999999988
 10
5216.099999999977
 20
10902.125
 10
3403.1749999999884
 20
10902.125
 10
3400.0
 20
10905.299999999988
 10
3400.0
 20
11553.0
  0
LWPOLYLINE
  5
1C7
330
17
100
AcDbEntity
  8
NESTED_RESULT
100
AcDbPolyline
 90
9
 70
0
 10
4119.136999999988
 20
11403.774999999994
 10
4754.136999999988
 20
11403.774999999994
 10
4760.486999999994
 20
11397.424999999988
 10
4760.486999999994
 20
11016.424999999988
 10
4754.136999999988
 20
11010.075000000012
 10
4119.136999999988
 20
11010.075000000012
 10
4112.786999999982
 20
11016.424999999988
 10
4112.786999999982
 20
11397.424999999988
 10
4119.136999999988
 20
11403.774999999994
  0
LWPOLYLINE
  5
1C8
330
17
100
AcDbEntity
  8
NESTED_RESULT
100
AcDbPolyline
 90
64
 70
0
 10
4454.099499999982
 20
11459.337499999994
 10
4454.012724914792
 20
11461.076203521166
 10
4453.753262069047
 20
11462.797627025604
 10
4453.323690121033
 20
11464.484662233153
 10
4452.728278349765
 20
11466.120542629942
 10
4451.972944224952
 20
11467.689010101662
 10
4451.065194596478
 20
11469.17447651393
 10
4450.014051087957
 20
11470.562178634136
 10
4448.8299604358035
 20
11471.838324855198
 10
4447.524690664955
 20
11472.990232262586
 10
4446.111214132747
 20
11474.00645268301
 10
4444.60357860403
 20
11474.876886461367
 10
4443.016767637979
 20
11475.592882835685
 10
4441.3665516749315
 20
11476.147325912345
 10
4439.669331302488
 20
11476.534705386963
 10
4437.941974259244
 20
11476.751171308279
 10
4436.201647795504
 20
11476.794572340674
 10
4434.4656480575795
 20
11476.664477145241
 10
4432.751228190784
 20
11476.362178666459
 10
4431.0754268699675
 20
11475.890681282443
 10
4429.454898961558
 20
11475.254670945986
 10
4427.905749999976
 20
11474.460468613572
 10
4426.443376123585
 20
11473.515967424813
 10
4425.082311060949
 20
11472.430554256833
 10
4423.836081688147
 20
11471.215016433329
 10
4422.717073592619
 20
11469.881434515293
 10
4421.736407979479
 20
11468.443062239006
 10
4420.903831144242
 20
11466.914194794343
 10
4420.227617609518
 20
11465.31002675282
 10
4419.7144878891995
 20
11463.64650105717
 10
4419.3695416970295
 20
11461.940150573093
 10
4419.196207263216
 20
11460.20793377835
 10
4419.196207263216
 20
11458.467066221638
 10
4419.3695416970295
 20
11456.734849426895
 10
4419.7144878891995
 20
11455.028498942818
 10
4420.227617609518
 20
11453.364973247168
 10
4420.903831144242
 20
11451.760805205646
 10
4421.736407979479
 20
11450.231937760982
 10
4422.717073592619
 20
11448.793565484695
 10
4423.836081688147
 20
11447.45998356666
 10
4425.082311060949
 20
11446.244445743156
 10
4426.443376123585
 20
11445.159032575175
 10
4427.905749999976
 20
11444.214531386417
 10
4429.454898961558
 20
11443.420329054003
 10
4431.0754268699675
 20
11442.784318717546
 10
4432.751228190784
 20
11442.31282133353
 10
4434.4656480575795
 20
11442.010522854747
 10
4436.201647795504
 20
11441.880427659315
 10
4437.941974259244
 20
11441.92382869171
 10
4439.669331302488
 20
11442.140294613026
 10
4441.3665516749315
 20
11442.527674087643
 10
4443.016767637979
 20
11443.082117164304
 10
4444.60357860403
 20
11443.798113538622
 10
4446.111214132747
 20
11444.668547316978
 10
4447.524690664955
 20
11445.684767737403
 10
4448.8299604358035
 20
11446.83667514479
 10
4450.014051087957
 20
11448.112821365852
 10
4451.065194596478
 20
11449.500523486058
 10
4451.972944224952
 20
11450.985989898327
 10
4452.728278349765
 20
11452.554457370046
 10
4453.323690121033
 20
11454.190337766835
 10
4453.753262069047
 20
11455.877372974384
 10
4454.012724914792
 20
11457.598796478822
 10
4454.099499999982
 20
11459.337499999994
  0
TEXT
  5
1C9
330
17
100
AcDbEntity
  8
NESTED_RESULT
100
AcDbText
 10
3745.3335723876944
 20
11227.340420532226
 30
0.0
 40
80.0
  1
409-A
 72
1
 11
3745.3335723876944
 21
11227.340420532226
 31
0.0
100
AcDbText
 73
2
  0
LWPOLYLINE
  5
1CA
330
17
100
AcDbEntity
  8
NESTED_RESULT
100
AcDbPolyline
 90
5
 70
0
 10
5898.8000000000175
 20
10000.0
 10
5898.8000000000175
 20
11676.399999999994
 10
6483.0
 20
11676.399999999994
 10
6483.0
 20
10000.0
 10
5898.8000000000175
 20
10000.0
  0
LWPOLYLINE
  5
1CB
330
17
100
AcDbEntity
  8
NESTED_RESULT
100
AcDbPolyline
 90
9
 70
0
 10
6064.3278164933145
 20
11028.699999999983
 10
6064.3278164933145
 20
11447.799999999988
 10
6077.027816493297
 20
11460.5
 10
6343.727816493309
 20
11460.5
 10
6356.42781649332
 20
11447.799999999988
 10
6356.42781649332
 20
11028.699999999983
 10
6343.727816493309
 20
11016.0
 10
6077.027816493297
 20
11016.0
 10
6064.3278164933145
 20
11028.699999999983
  0
LWPOLYLINE
  5
1CC
330
17
100
AcDbEntity
  8
NESTED_RESULT
100
AcDbPolyline
 90
9
 70
0
 10
6063.899999999994
 20
10228.599999999977
 10
6063.899999999994
 20
10647.699999999983
 10
6076.600000000093
 20
10660.399999999994
 10
6343.3000000000175
 20
10660.399999999994
 10
6356.0
 20
10647.699999999983
 10
6356.0
 20
10228.599999999977
 10
6343.3000000000175
 20
10215.899999999994
 10
6076.600000000093
 20
10215.899999999994
 10
6063.899999999994
 20
10228.599999999977
  0
LWPOLYLINE
  5
1CD
330
17
100
AcDbEntity
  8
NESTED_RESULT
100
AcDbPolyline
 90
64
 70
0
 10
5995.637500000099
 20
10455.612499999988
 10
5993.898796478927
 20
10455.525724914798
 10
5992.177372974489
 20
10455.266262069053
 10
5990.49033776694
 20
10454.83669012104
 10
5988.854457370151
 20
10454.241278349771
 10
5987.285989898432
 20
10453.485944224958
 10
5985.800523486163
 20
10452.578194596485
 10
5984.412821365957
 20
10451.527051087964
 10
5983.136675144895
 20
10450.34296043581
 10
5981.984767737507
 20
10449.037690664962
 10
5980.968547317083
 20
10447.624214132753
 10
5980.0981135387265
 20
10446.116578604036
 10
5979.382117164409
 20
10444.529767637985
 10
5978.827674087748
 20
10442.879551674938
 10
5978.44029461313
 20
10441.182331302494
 10
5978.223828691815
 20
10439.45497425925
 10
5978.180427659419
 20
10437.71464779551
 10
5978.310522854852
 20
10435.978648057586
 10
5978.612821333634
 20
10434.26422819079
 10
5979.084318717651
 20
10432.588426869974
 10
5979.720329054107
 20
10430.967898961564
 10
5980.514531386521
 20
10429.418749999983
 10
5981.45903257528
 20
10427.956376123591
 10
5982.54444574326
 20
10426.595311060955
 10
5983.759983566764
 20
10425.349081688153
 10
5985.0935654848
 20
10424.230073592626
 10
5986.531937761087
 20
10423.249407979485
 10
5988.0608052057505
 20
10422.416831144248
 10
5989.664973247272
 20
10421.740617609525
 10
5991.328498942923
 20
10421.227487889206
 10
5993.034849427
 20
10420.882541697036
 10
5994.767066221742
 20
10420.709207263222
 10
5996.5079337784555
 20
10420.709207263222
 10
5998.240150573198
 20
10420.882541697036
 10
5999.946501057275
 20
10421.227487889206
 10
6001.6100267529255
 20
10421.740617609525
 10
6003.214194794447
 20
10422.416831144248
 10
6004.743062239111
 20
10423.249407979485
 10
6006.181434515398
 20
10424.230073592626
 10
6007.515016433434
 20
10425.349081688153
 10
6008.7305542569375
 20
10426.595311060955
 10
6009.815967424918
 20
10427.956376123591
 10
6010.7604686136765
 20
10429.418749999983
 10
6011.5546709460905
 20
10430.967898961564
 10
6012.190681282547
 20
10432.588426869974
 10
6012.662178666564
 20
10434.26422819079
 10
6012.964477145346
 20
10435.978648057586
 10
6013.0945723407785
 20
10437.71464779551
 10
6013.051171308383
 20
10439.45497425925
 10
6012.8347053870675
 20
10441.182331302494
 10
6012.44732591245
 20
10442.879551674938
 10
6011.892882835789
 20
10444.529767637985
 10
6011.176886461471
 20
10446.116578604036
 10
6010.306452683115
 20
10447.624214132753
 10
6009.290232262691
 20
10449.037690664962
 10
6008.138324855303
 20
10450.34296043581
 10
6006.862178634241
 20
10451.527051087964
 10
6005.474476514035
 20
10452.578194596485
 10
6003.989010101766
 20
10453.485944224958
 10
6002.420542630047
 20
10454.241278349771
 10
6000.784662233258
 20
10454.83669012104
 10
5999.097627025709
 20
10455.266262069053
 10
5997.376203521271
 20
10455.525724914798
 10
5995.637500000099
 20
10455.612499999988
  0
LWPOLYLINE
  5
1CE
330
17
100
AcDbEntity
  8
NESTED_RESULT
100
AcDbPolyline
 90
64
 70
0
 10
5996.065316493303
 20
11255.712499999994
 10
5994.3266129721305
 20
11255.625724914804
 10
5992.605189467693
 20
11255.36626206906
 10
5990.918154260144
 20
11254.936690121045
 10
5989.282273863355
 20
11254.341278349777
 10
5987.713806391635
 20
11253.585944224964
 10
5986.228339979367
 20
11252.67819459649
 10
5984.840637859161
 20
11251.62705108797
 10
5983.564491638099
 20
11250.442960435816
 10
5982.412584230711
 20
11249.137690664968
 10
5981.396363810287
 20
11247.724214132759
 10
5980.52593003193
 20
11246.216578604042
 10
5979.809933657612
 20
11244.62976763799
 10
5979.255490580952
 20
11242.979551674944
 10
5978.868111106334
 20
11241.2823313025
 10
5978.651645185018
 20
11239.554974259256
 10
5978.608244152623
 20
11237.814647795516
 10
5978.738339348056
 20
11236.078648057592
 10
5979.040637826838
 20
11234.364228190796
 10
5979.5121352108545
 20
11232.68842686998
 10
5980.148145547311
 20
11231.06789896157
 10
5980.942347879725
 20
11229.518749999988
 10
5981.886849068484
 20
11228.056376123597
 10
5982.972262236464
 20
11226.695311060961
 10
5984.187800059968
 20
11225.449081688159
 10
5985.521381978004
 20
11224.330073592631
 10
5986.959754254291
 20
11223.349407979491
 10
5988.488621698954
 20
11222.516831144254
 10
5990.092789740476
 20
11221.84061760953
 10
5991.756315436127
 20
11221.327487889212
 10
5993.462665920204
 20
11220.982541697042
 10
5995.194882714946
 20
11220.809207263228
 10
5996.935750271659
 20
11220.809207263228
 10
5998.667967066402
 20
11220.982541697042
 10
6000.374317550479
 20
11221.327487889212
 10
6002.037843246129
 20
11221.84061760953
 10
6003.642011287651
 20
11222.516831144254
 10
6005.170878732315
 20
11223.349407979491
 10
6006.609251008602
 20
11224.330073592631
 10
6007.9428329266375
 20
11225.449081688159
 10
6009.158370750141
 20
11226.695311060961
 10
6010.243783918122
 20
11228.056376123597
 10
6011.18828510688
 20
11229.518749999988
 10
6011.982487439294
 20
11231.06789896157
 10
6012.618497775751
 20
11232.68842686998
 10
6013.089995159768
 20
11234.364228190796
 10
6013.39229363855
 20
11236.078648057592
 10
6013.522388833982
 20
11237.814647795516
 10
6013.478987801587
 20
11239.554974259256
 10
6013.262521880271
 20
11241.2823313025
 10
6012.875142405654
 20
11242.979551674944
 10
6012.320699328993
 20
11244.62976763799
 10
6011.604702954675
 20
11246.216578604042
 10
6010.734269176319
 20
11247.724214132759
 10
6009.718048755894
 20
11249.137690664968
 10
6008.566141348507
 20
11250.442960435816
 10
6007.289995127445
 20
11251.62705108797
 10
6005.902293007239
 20
11252.67819459649
 10
6004.41682659497
 20
11253.585944224964
 10
6002.848359123251
 20
11254.341278349777
 10
6001.212478726462
 20
11254.936690121045
 10
5999.525443518913
 20
11255.36626206906
 10
5997.804020014475
 20
11255.625724914804
 10
5996.065316493303
 20
11255.712499999994
  0
TEXT
  5
1CF
330
17
100
AcDbEntity
  8
NESTED_RESULT
100
AcDbText
 10
6190.900000000009
 20
10838.199999999997
 30
0.0
 40
80.0
  1
504-D
 72
1
 11
6190.900000000009
 21
10838.199999999997
 31
0.0
100
AcDbText
 73
2
  0
LWPOLYLINE
  5
1D0
330
17
100
AcDbEntity
  8
NESTED_RESULT
100
AcDbPolyline
 90
7
 70
0
 10
5219.274999999994
 20
10898.524999999994
 10
5219.274999999994
 20
11727.199999999895
 10
5863.800000000076
 20
11727.199999999895
 10
5866.975000000093
 20
11724.024999999907
 10
5866.975000000093
 20
10901.699999999895
 10
5863.800000000076
 20
10898.524999999994
 10
5219.274999999994
 20
10898.524999999994
  0
TEXT
  5
1D1
330
17
100
AcDbEntity
  8
NESTED_RESULT
100
AcDbText
 10
5543.125000000044
 20
11312.862499999901
 30
0.0
 40
80.0
  1
422-A
 72
1
 11
5543.125000000044
 21
11312.862499999901
 31
0.0
100
AcDbText
 73
2
  0
LWPOLYLINE
  5
1D2
330
17
100
AcDbEntity
  8
NESTED_RESULT
 62
1
100
AcDbPolyline
 90
5
 70
0
 10
6800.0
 20
10000.0
 10
10000.0
 20
10000.0
 10
10000.0
 20
11800.0
 10
6800.0
 20
11800.0
 10
6800.0
 20
10000.0
  0
TEXT
  5
1D3
330
17
100
AcDbEntity
  8
NESTED_RESULT
 62
1
100
AcDbText
 10
6800.0
 20
11830.0
 30
0.0
 40
50.0
  1
Sheet_33
 11
6800.0
 21
11830.0
 31
0.0
100
AcDbText
 73
1
  0
LWPOLYLINE
  5
1D4
330
17
100
AcDbEntity
  8
NESTED_RESULT
100
AcDbPolyline
 90
5
 70
0
 10
6800.0
 20
10590.550000000017
 10
8470.049999999901
 20
10590.550000000017
 10
8470.049999999901
 20
10000.0
 10
6800.0
 20
10000.0
 10
6800.0
 20
10590.550000000017
  0
LWPOLYLINE
  5
1D5
330
17
100
AcDbEntity
  8
NESTED_RESULT
100
AcDbPolyline
 90
9
 70
0
 10
7028.599999999991
 20
10419.100000000006
 10
7447.699999999997
 20
10419.100000000006
 10
7460.399999999994
 20
10406.400000000023
 10
7460.399999999994
 20
10139.700000000012
 10
7447.699999999997
 20
10127.0
 10
7028.599999999991
 20
10127.0
 10
7015.899999999994
 20
10139.700000000012
 10
7015.899999999994
 20
10406.400000000023
 10
7028.599999999991
 20
10419.100000000006
  0
LWPOLYLINE
  5
1D6
330
17
100
AcDbEntity
  8
NESTED_RESULT
100
AcDbPolyline
 90
9
 70
0
 10
7825.524999999994
 20
10419.100000000006
 10
8244.624999999898
 20
10419.100000000006
 10
8257.324999999895
 20
10406.400000000023
 10
8257.324999999895
 20
10139.700000000012
 10
8244.624999999898
 20
10127.0
 10
7825.524999999994
 20
10127.0
 10
7812.824999999997
 20
10139.700000000012
 10
7812.824999999997
 20
10406.400000000023
 10
7825.524999999994
 20
10419.100000000006
  0
LWPOLYLINE
  5
1D7
330
17
100
AcDbEntity
  8
NESTED_RESULT
100
AcDbPolyline
 90
64
 70
0
 10
8052.537499999991
 20
10487.362500000017
 10
8052.4507249148155
 20
10489.10120352119
 10
8052.191262069056
 20
10490.822627025627
 10
8051.761690121042
 20
10492.509662233177
 10
8051.166278349789
 20
10494.145542629965
 10
8050.4109442249755
 20
10495.714010101685
 10
8049.503194596487
 20
10497.199476513953
 10
8048.4520510879665
 20
10498.58717863416
 10
8047.267960435827
 20
10499.863324855221
 10
8045.96269066495
 20
10501.015232262609
 10
8044.549214132756
 20
10502.031452683033
 10
8043.041578604025
 20
10502.90188646139
 10
8041.4547676380025
 20
10503.617882835708
 10
8039.804551674941
 20
10504.172325912368
 10
8038.107331302512
 20
10504.559705386986
 10
8036.379974259253
 20
10504.776171308302
 10
8034.639647795528
 20
10504.819572340697
 10
8032.903648057589
 20
10504.689477145264
 10
8031.1892281907785
 20
10504.387178666482
 10
8029.513426869977
 20
10503.915681282466
 10
8027.8928989615815
 20
10503.279670946009
 10
8026.34375
 20
10502.485468613595
 10
8024.881376123594
 20
10501.540967424837
 10
8023.520311060958
 20
10500.455554256856
 10
8022.274081688171
 20
10499.240016433352
 10
8021.155073592614
 20
10497.906434515317
 10
8020.174407979503
 20
10496.46806223903
 10
8019.341831144251
 20
10494.939194794366
 10
8018.6656176095275
 20
10493.335026752844
 10
8018.152487889223
 20
10491.671501057193
 10
8017.807541697039
 20
10489.965150573116
 10
8017.634207263211
 20
10488.232933778374
 10
8017.634207263211
 20
10486.492066221661
 10
8017.807541697039
 20
10484.759849426919
 10
8018.152487889223
 20
10483.053498942842
 10
8018.6656176095275
 20
10481.389973247191
 10
8019.341831144251
 20
10479.785805205669
 10
8020.174407979503
 20
10478.256937761005
 10
8021.155073592614
 20
10476.818565484718
 10
8022.274081688171
 20
10475.484983566683
 10
8023.520311060958
 20
10474.269445743179
 10
8024.881376123594
 20
10473.184032575198
 10
8026.34375
 20
10472.23953138644
 10
8027.8928989615815
 20
10471.445329054026
 10
8029.513426869977
 20
10470.80931871757
 10
8031.1892281907785
 20
10470.337821333553
 10
8032.903648057589
 20
10470.03552285477
 10
8034.639647795528
 20
10469.905427659338
 10
8036.379974259253
 20
10469.948828691733
 10
8038.107331302512
 20
10470.165294613049
 10
8039.804551674941
 20
10470.552674087667
 10
8041.4547676380025
 20
10471.107117164327
 10
8043.041578604025
 20
10471.823113538645
 10
8044.549214132756
 20
10472.693547317002
 10
8045.96269066495
 20
10473.709767737426
 10
8047.267960435827
 20
10474.861675144813
 10
8048.4520510879665
 20
10476.137821365875
 10
8049.503194596487
 20
10477.525523486082
 10
8050.4109442249755
 20
10479.01098989835
 10
8051.166278349789
 20
10480.57945737007
 10
8051.761690121042
 20
10482.215337766858
 10
8052.191262069056
 20
10483.902372974408
 10
8052.4507249148155
 20
10485.623796478845
 10
8052.537499999991
 20
10487.362500000017
  0
LWPOLYLINE
  5
1D8
330
17
100
AcDbEntity
  8
NESTED_RESULT
100
AcDbPolyline
 90
64
 70
0
 10
7255.612499999988
 20
10487.362500000017
 10
7255.525724914813
 20
10489.10120352119
 10
7255.2662620690535
 20
10490.822627025627
 10
7254.836690121039
 20
10492.509662233177
 10
7254.241278349786
 20
10494.145542629965
 10
7253.485944224973
 20
10495.714010101685
 10
7252.5781945964845
 20
10497.199476513953
 10
7251.527051087964
 20
10498.58717863416
 10
7250.342960435824
 20
10499.863324855221
 10
7249.037690664947
 20
10501.015232262609
 10
7247.624214132753
 20
10502.031452683033
 10
7246.116578604022
 20
10502.90188646139
 10
7244.529767638
 20
10503.617882835708
 10
7242.879551674938
 20
10504.172325912368
 10
7241.182331302509
 20
10504.559705386986
 10
7239.45497425925
 20
10504.776171308302
 10
7237.714647795525
 20
10504.819572340697
 10
7235.978648057586
 20
10504.689477145264
 10
7234.264228190776
 20
10504.387178666482
 10
7232.588426869974
 20
10503.915681282466
 10
7230.967898961579
 20
10503.279670946009
 10
7229.418749999997
 20
10502.485468613595
 10
7227.956376123591
 20
10501.540967424837
 10
7226.595311060955
 20
10500.455554256856
 10
7225.349081688168
 20
10499.240016433352
 10
7224.230073592611
 20
10497.906434515317
 10
7223.2494079795
 20
10496.46806223903
 10
7222.416831144248
 20
10494.939194794366
 10
7221.740617609525
 20
10493.335026752844
 10
7221.22748788922
 20
10491.671501057193
 10
7220.882541697036
 20
10489.965150573116
 10
7220.709207263208
 20
10488.232933778374
 10
7220.709207263208
 20
10486.492066221661
 10
7220.882541697036
 20
10484.759849426919
 10
7221.22748788922
 20
10483.053498942842
 10
7221.740617609525
 20
10481.389973247191
 10
7222.416831144248
 20
10479.785805205669
 10
7223.2494079795
 20
10478.256937761005
 10
7224.230073592611
 20
10476.818565484718
 10
7225.349081688168
 20
10475.484983566683
 10
7226.595311060955
 20
10474.269445743179
 10
7227.956376123591
 20
10473.184032575198
 10
7229.418749999997
 20
10472.23953138644
 10
7230.967898961579
 20
10471.445329054026
 10
7232.588426869974
 20
10470.80931871757
 10
7234.264228190776
 20
10470.337821333553
 10
7235.978648057586
 20
10470.03552285477
 10
7237.714647795525
 20
10469.905427659338
 10
7239.45497425925
 20
10469.948828691733
 10
7241.182331302509
 20
10470.165294613049
 10
7242.879551674938
 20
10470.552674087667
 10
7244.529767638
 20
10471.107117164327
 10
7246.116578604022
 20
10471.823113538645
 10
7247.624214132753
 20
10472.693547317002
 10
7249.037690664947
 20
10473.709767737426
 10
7250.342960435824
 20
10474.861675144813
 10
7251.527051087964
 20
10476.137821365875
 10
7252.5781945964845
 20
10477.525523486082
 10
7253.485944224973
 20
10479.01098989835
 10
7254.241278349786
 20
10480.57945737007
 10
7254.836690121039
 20
10482.215337766858
 10
7255.2662620690535
 20
10483.902372974408
 10
7255.525724914813
 20
10485.623796478845
 10
7255.612499999988
 20
10487.362500000017
  0
TEXT
  5
1D9
330
17
100
AcDbEntity
  8
NESTED_RESULT
100
AcDbText
 10
7636.655908203075
 20
10411.069482421877
 30
0.0
 40
80.0
  1
522-E
 72
1
 11
7636.655908203075
 21
10411.069482421877
 31
0.0
100
AcDbText
 73
2
  0
LWPOLYLINE
  5
1DA
330
17
100
AcDbEntity
  8
NESTED_RESULT
100
AcDbPolyline
 90
6
 70
0
 10
8470.049999999901
 20
10584.199999999983
 10
9927.374999999884
 20
10584.199999999983
 10
9927.374999999884
 20
10003.174999999901
 10
9924.199999999895
 20
10000.0
 10
8470.049999999901
 20
10000.0
 10
8470.049999999901
 20
10584.199999999983
  0
LWPOLYLINE
  5
1DB
330
17
100
AcDbEntity
  8
NESTED_RESULT
100
AcDbPolyline
 90
9
 70
0
 10
8590.699999999983
 20
10419.100000000006
 10
9009.799999999901
 20
10419.100000000006
 10
9022.499999999884
 20
10406.399999999878
 10
9022.499999999884
 20
10139.699999999983
 10
9009.799999999901
 20
10127.0
 10
8590.699999999983
 20
10127.0
 10
8577.999999999884
 20
10139.699999999983
 10
8577.999999999884
 20
10406.399999999878
 10
8590.699999999983
 20
10419.100000000006
  0
LWPOLYLINE
  5
1DC
330
17
100
AcDbEntity
  8
NESTED_RESULT
100
AcDbPolyline
 90
64
 70
0
 10
8817.712499999878
 20
10487.362499999988
 10
8817.625724914687
 20
10489.10120352116
 10
8817.366262068943
 20
10490.822627025598
 10
8816.936690120929
 20
10492.509662233148
 10
8816.34127834966
 20
10494.145542629936
 10
8815.585944224847
 20
10495.714010101656
 10
8814.678194596374
 20
10497.199476513924
 10
8813.627051087853
 20
10498.58717863413
 10
8812.4429604357
 20
10499.863324855192
 10
8811.137690664851
 20
10501.01523226258
 10
8809.724214132642
 20
10502.031452683004
 10
8808.216578603926
 20
10502.90188646136
 10
8806.629767637874
 20
10503.617882835679
 10
8804.979551674827
 20
10504.17232591234
 10
8803.282331302384
 20
10504.559705386957
 10
8801.55497425914
 20
10504.776171308273
 10
8799.8146477954
 20
10504.819572340668
 10
8798.078648057475
 20
10504.689477145235
 10
8796.36422819068
 20
10504.387178666453
 10
8794.688426869863
 20
10503.915681282437
 10
8793.067898961453
 20
10503.27967094598
 10
8791.518749999872
 20
10502.485468613566
 10
8790.05637612348
 20
10501.540967424808
 10
8788.695311060845
 20
10500.455554256827
 10
8787.449081688042
 20
10499.240016433323
 10
8786.330073592515
 20
10497.906434515287
 10
8785.349407979375
 20
10496.468062239
 10
8784.516831144138
 20
10494.939194794337
 10
8783.840617609414
 20
10493.335026752815
 10
8783.327487889095
 20
10491.671501057164
 10
8782.982541696925
 20
10489.965150573087
 10
8782.809207263112
 20
10488.232933778345
 10
8782.809207263112
 20
10486.492066221632
 10
8782.982541696925
 20
10484.75984942689
 10
8783.327487889095
 20
10483.053498942812
 10
8783.840617609414
 20
10481.389973247162
 10
8784.516831144138
 20
10479.78580520564
 10
8785.349407979375
 20
10478.256937760976
 10
8786.330073592515
 20
10476.81856548469
 10
8787.449081688042
 20
10475.484983566654
 10
8788.695311060845
 20
10474.26944574315
 10
8790.05637612348
 20
10473.18403257517
 10
8791.518749999872
 20
10472.23953138641
 10
8793.067898961453
 20
10471.445329053997
 10
8794.688426869863
 20
10470.80931871754
 10
8796.36422819068
 20
10470.337821333524
 10
8798.078648057475
 20
10470.035522854741
 10
8799.8146477954
 20
10469.905427659309
 10
8801.55497425914
 20
10469.948828691704
 10
8803.282331302384
 20
10470.16529461302
 10
8804.979551674827
 20
10470.552674087638
 10
8806.629767637874
 20
10471.107117164298
 10
8808.216578603926
 20
10471.823113538616
 10
8809.724214132642
 20
10472.693547316972
 10
8811.137690664851
 20
10473.709767737397
 10
8812.4429604357
 20
10474.861675144784
 10
8813.627051087853
 20
10476.137821365846
 10
8814.678194596374
 20
10477.525523486052
 10
8815.585944224847
 20
10479.010989898321
 10
8816.34127834966
 20
10480.57945737004
 10
8816.936690120929
 20
10482.21533776683
 10
8817.366262068943
 20
10483.902372974379
 10
8817.625724914687
 20
10485.623796478816
 10
8817.712499999878
 20
10487.362499999988
  0
TEXT
  5
1DD
330
17
100
AcDbEntity
  8
NESTED_RESULT
100
AcDbText
 10
9337.293576049695
 20
10291.922103881827
 30
0.0
 40
80.0
  1
421-D
 72
1
 11
9337.293576049695
 21
10291.922103881827
 31
0.0
100
AcDbText
 73
2
  0
LWPOLYLINE
  5
1DE
330
17
100
AcDbEntity
  8
NESTED_RESULT
100
AcDbPolyline
 90
5
 70
0
 10
6800.0
 20
11174.75000000003
 10
8479.575000000012
 20
11174.75000000003
 10
8479.575000000012
 20
10590.550000000017
 10
6800.0
 20
10590.550000000017
 10
6800.0
 20
11174.75000000003
  0
LWPOLYLINE
  5
1DF
330
17
100
AcDbEntity
  8
NESTED_RESULT
100
AcDbPolyline
 90
9
 70
0
 10
7831.875
 20
11009.650000000023
 10
8250.975000000006
 20
11009.650000000023
 10
8263.674999999988
 20
10996.949999999924
 10
8263.674999999988
 20
10730.25000000003
 10
8250.975000000006
 20
10717.550000000017
 10
7831.875
 20
10717.550000000017
 10
7819.174999999988
 20
10730.25000000003
 10
7819.174999999988
 20
10996.949999999924
 10
7831.875
 20
11009.650000000023
  0
LWPOLYLINE
  5
1E0
330
17
100
AcDbEntity
  8
NESTED_RESULT
100
AcDbPolyline
 90
9
 70
0
 10
7034.950000000012
 20
11009.650000000023
 10
7454.049999999988
 20
11009.650000000023
 10
7466.75
 20
10996.949999999924
 10
7466.75
 20
10730.25000000003
 10
7454.049999999988
 20
10717.550000000017
 10
7034.950000000012
 20
10717.550000000017
 10
7022.25
 20
10730.25000000003
 10
7022.25
 20
10996.949999999924
 10
7034.950000000012
 20
11009.650000000023
  0
LWPOLYLINE
  5
1E1
330
17
100
AcDbEntity
  8
NESTED_RESULT
100
AcDbPolyline
 90
64
 70
0
 10
7261.962499999994
 20
11077.912499999919
 10
7261.875724914804
 20
11079.65120352109
 10
7261.616262069059
 20
11081.372627025528
 10
7261.186690121045
 20
11083.059662233078
 10
7260.591278349777
 20
11084.695542629866
 10
7259.835944224964
 20
11086.264010101586
 10
7258.92819459649
 20
11087.749476513854
 10
7257.877051087969
 20
11089.13717863406
 10
7256.692960435816
 20
11090.413324855122
 10
7255.3876906649675
 20
11091.56523226251
 10
7253.974214132759
 20
11092.581452682934
 10
7252.466578604042
 20
11093.451886461291
 10
7250.879767637991
 20
11094.167882835609
 10
7249.229551674944
 20
11094.72232591227
 10
7247.5323313025
 20
11095.109705386887
 10
7245.804974259256
 20
11095.326171308203
 10
7244.064647795516
 20
11095.369572340598
 10
7242.328648057592
 20
11095.239477145165
 10
7240.614228190796
 20
11094.937178666383
 10
7238.93842686998
 20
11094.465681282367
 10
7237.31789896157
 20
11093.82967094591
 10
7235.768749999988
 20
11093.035468613496
 10
7234.306376123597
 20
11092.090967424738
 10
7232.945311060961
 20
11091.005554256757
 10
7231.699081688159
 20
11089.790016433253
 10
7230.580073592631
 20
11088.456434515218
 10
7229.599407979491
 20
11087.01806223893
 10
7228.766831144254
 20
11085.489194794267
 10
7228.09061760953
 20
11083.885026752745
 10
7227.577487889212
 20
11082.221501057094
 10
7227.232541697042
 20
11080.515150573017
 10
7227.059207263228
 20
11078.782933778275
 10
7227.059207263228
 20
11077.042066221562
 10
7227.232541697042
 20
11075.30984942682
 10
7227.577487889212
 20
11073.603498942743
 10
7228.09061760953
 20
11071.939973247092
 10
7228.766831144254
 20
11070.33580520557
 10
7229.599407979491
 20
11068.806937760906
 10
7230.580073592631
 20
11067.36856548462
 10
7231.699081688159
 20
11066.034983566584
 10
7232.945311060961
 20
11064.81944574308
 10
7234.306376123597
 20
11063.7340325751
 10
7235.768749999988
 20
11062.789531386341
 10
7237.31789896157
 20
11061.995329053927
 10
7238.93842686998
 20
11061.35931871747
 10
7240.614228190796
 20
11060.887821333454
 10
7242.328648057592
 20
11060.585522854672
 10
7244.064647795516
 20
11060.455427659239
 10
7245.804974259256
 20
11060.498828691634
 10
7247.5323313025
 20
11060.71529461295
 10
7249.229551674944
 20
11061.102674087568
 10
7250.879767637991
 20
11061.657117164228
 10
7252.466578604042
 20
11062.373113538546
 10
7253.974214132759
 20
11063.243547316903
 10
7255.3876906649675
 20
11064.259767737327
 10
7256.692960435816
 20
11065.411675144715
 10
7257.877051087969
 20
11066.687821365776
 10
7258.92819459649
 20
11068.075523485983
 10
7259.835944224964
 20
11069.560989898251
 10
7260.591278349777
 20
11071.12945736997
 10
7261.186690121045
 20
11072.76533776676
 10
7261.616262069059
 20
11074.452372974309
 10
7261.875724914804
 20
11076.173796478746
 10
7261.962499999994
 20
11077.912499999919
  0
LWPOLYLINE
  5
1E2
330
17
100
AcDbEntity
  8
NESTED_RESULT
100
AcDbPolyline
 90
64
 70
0
 10
8058.8874999999825
 20
11077.912499999919
 10
8058.800724914792
 20
11079.65120352109
 10
8058.541262069048
 20
11081.372627025528
 10
8058.1116901210335
 20
11083.059662233078
 10
8057.516278349765
 20
11084.695542629866
 10
8056.760944224952
 20
11086.264010101586
 10
8055.853194596479
 20
11087.749476513854
 10
8054.802051087958
 20
11089.13717863406
 10
8053.617960435804
 20
11090.413324855122
 10
8052.312690664956
 20
11091.56523226251
 10
8050.899214132747
 20
11092.581452682934
 10
8049.391578604031
 20
11093.451886461291
 10
8047.804767637979
 20
11094.167882835609
 10
8046.154551674932
 20
11094.72232591227
 10
8044.4573313024885
 20
11095.109705386887
 10
8042.729974259244
 20
11095.326171308203
 10
8040.989647795504
 20
11095.369572340598
 10
8039.25364805758
 20
11095.239477145165
 10
8037.539228190784
 20
11094.937178666383
 10
8035.863426869968
 20
11094.465681282367
 10
8034.242898961558
 20
11093.82967094591
 10
8032.693749999977
 20
11093.035468613496
 10
8031.2313761235855
 20
11092.090967424738
 10
8029.8703110609495
 20
11091.005554256757
 10
8028.624081688147
 20
11089.790016433253
 10
8027.50507359262
 20
11088.456434515218
 10
8026.524407979479
 20
11087.01806223893
 10
8025.691831144242
 20
11085.489194794267
 10
8025.015617609519
 20
11083.885026752745
 10
8024.5024878892
 20
11082.221501057094
 10
8024.15754169703
 20
11080.515150573017
 10
8023.984207263216
 20
11078.782933778275
 10
8023.984207263216
 20
11077.042066221562
 10
8024.15754169703
 20
11075.30984942682
 10
8024.5024878892
 20
11073.603498942743
 10
8025.015617609519
 20
11071.939973247092
 10
8025.691831144242
 20
11070.33580520557
 10
8026.524407979479
 20
11068.806937760906
 10
8027.50507359262
 20
11067.36856548462
 10
8028.624081688147
 20
11066.034983566584
 10
8029.8703110609495
 20
11064.81944574308
 10
8031.2313761235855
 20
11063.7340325751
 10
8032.693749999977
 20
11062.789531386341
 10
8034.242898961558
 20
11061.995329053927
 10
8035.863426869968
 20
11061.35931871747
 10
8037.539228190784
 20
11060.887821333454
 10
8039.25364805758
 20
11060.585522854672
 10
8040.989647795504
 20
11060.455427659239
 10
8042.729974259244
 20
11060.498828691634
 10
8044.4573313024885
 20
11060.71529461295
 10
8046.154551674932
 20
11061.102674087568
 10
8047.804767637979
 20
11061.657117164228
 10
8049.391578604031
 20
11062.373113538546
 10
8050.899214132747
 20
11063.243547316903
 10
8052.312690664956
 20
11064.259767737327
 10
8053.617960435804
 20
11065.411675144715
 10
8054.802051087958
 20
11066.687821365776
 10
8055.853194596479
 20
11068.075523485983
 10
8056.760944224952
 20
11069.560989898251
 10
8057.516278349765
 20
11071.12945736997
 10
8058.1116901210335
 20
11072.76533776676
 10
8058.541262069048
 20
11074.452372974309
 10
8058.800724914792
 20
11076.173796478746
 10
8058.8874999999825
 20
11077.912499999919
  0
TEXT
  5
1E3
330
17
100
AcDbEntity
  8
NESTED_RESULT
100
AcDbText
 10
7642.962499999994
 20
10863.599999999977
 30
0.0
 40
80.0
  1
420-E
 72
1
 11
7642.962499999994
 21
10863.599999999977
 31
0.0
100
AcDbText
 73
2
  0
LWPOLYLINE
  5
1E4
330
17
100
AcDbEntity
  8
NESTED_RESULT
100
AcDbPolyline
 90
5
 70
0
 10
6800.0
 20
11758.950000000012
 10
8473.225000000006
 20
11758.950000000012
 10
8473.225000000006
 20
11174.75000000003
 10
6800.0
 20
11174.75000000003
 10
6800.0
 20
11758.950000000012
  0
LWPOLYLINE
  5
1E5
330
17
100
AcDbEntity
  8
NESTED_RESULT
100
AcDbPolyline
 90
9
 70
0
 10
7822.350000000006
 20
11593.850000000035
 10
8241.449999999997
 20
11593.850000000035
 10
8254.150000000009
 20
11581.150000000023
 10
8254.150000000009
 20
11314.450000000012
 10
8241.449999999997
 20
11301.75000000003
 10
7822.350000000006
 20
11301.75000000003
 10
7809.650000000009
 20
11314.450000000012
 10
7809.650000000009
 20
11581.150000000023
 10
7822.350000000006
 20
11593.850000000035
  0
LWPOLYLINE
  5
1E6
330
17
100
AcDbEntity
  8
NESTED_RESULT
100
AcDbPolyline
 90
9
 70
0
 10
7031.775000000096
 20
11593.850000000035
 10
7450.875
 20
11593.850000000035
 10
7463.574999999997
 20
11581.150000000023
 10
7463.574999999997
 20
11314.450000000012
 10
7450.875
 20
11301.75000000003
 10
7031.775000000096
 20
11301.75000000003
 10
7019.074999999997
 20
11314.450000000012
 10
7019.074999999997
 20
11581.150000000023
 10
7031.775000000096
 20
11593.850000000035
  0
LWPOLYLINE
  5
1E7
330
17
100
AcDbEntity
  8
NESTED_RESULT
100
AcDbPolyline
 90
64
 70
0
 10
7258.787499999991
 20
11662.11249999993
 10
7258.7007249148155
 20
11663.851203521102
 10
7258.441262069056
 20
11665.57262702554
 10
7258.011690121042
 20
11667.25966223309
 10
7257.416278349789
 20
11668.895542629878
 10
7256.6609442249755
 20
11670.464010101598
 10
7255.753194596487
 20
11671.949476513866
 10
7254.7020510879665
 20
11673.337178634072
 10
7253.517960435827
 20
11674.613324855134
 10
7252.21269066495
 20
11675.765232262522
 10
7250.799214132756
 20
11676.781452682946
 10
7249.291578604025
 20
11677.651886461303
 10
7247.7047676380025
 20
11678.36788283562
 10
7246.054551674941
 20
11678.922325912281
 10
7244.357331302512
 20
11679.309705386899
 10
7242.629974259253
 20
11679.526171308215
 10
7240.889647795528
 20
11679.56957234061
 10
7239.153648057589
 20
11679.439477145177
 10
7237.4392281907785
 20
11679.137178666395
 10
7235.763426869977
 20
11678.665681282379
 10
7234.1428989615815
 20
11678.029670945922
 10
7232.59375
 20
11677.235468613508
 10
7231.131376123594
 20
11676.29096742475
 10
7229.770311060958
 20
11675.205554256769
 10
7228.524081688171
 20
11673.990016433265
 10
7227.405073592614
 20
11672.65643451523
 10
7226.424407979503
 20
11671.218062238942
 10
7225.591831144251
 20
11669.689194794279
 10
7224.9156176095275
 20
11668.085026752757
 10
7224.402487889223
 20
11666.421501057106
 10
7224.057541697039
 20
11664.715150573029
 10
7223.884207263211
 20
11662.982933778287
 10
7223.884207263211
 20
11661.242066221574
 10
7224.057541697039
 20
11659.509849426831
 10
7224.402487889223
 20
11657.803498942754
 10
7224.9156176095275
 20
11656.139973247104
 10
7225.591831144251
 20
11654.535805205582
 10
7226.424407979503
 20
11653.006937760918
 10
7227.405073592614
 20
11651.568565484631
 10
7228.524081688171
 20
11650.234983566595
 10
7229.770311060958
 20
11649.019445743092
 10
7231.131376123594
 20
11647.93403257511
 10
7232.59375
 20
11646.989531386353
 10
7234.1428989615815
 20
11646.195329053939
 10
7235.763426869977
 20
11645.559318717482
 10
7237.4392281907785
 20
11645.087821333465
 10
7239.153648057589
 20
11644.785522854683
 10
7240.889647795528
 20
11644.65542765925
 10
7242.629974259253
 20
11644.698828691646
 10
7244.357331302512
 20
11644.915294612962
 10
7246.054551674941
 20
11645.30267408758
 10
7247.7047676380025
 20
11645.85711716424
 10
7249.291578604025
 20
11646.573113538558
 10
7250.799214132756
 20
11647.443547316914
 10
7252.21269066495
 20
11648.459767737339
 10
7253.517960435827
 20
11649.611675144726
 10
7254.7020510879665
 20
11650.887821365788
 10
7255.753194596487
 20
11652.275523485994
 10
7256.6609442249755
 20
11653.760989898263
 10
7257.416278349789
 20
11655.329457369982
 10
7258.011690121042
 20
11656.965337766771
 10
7258.441262069056
 20
11658.65237297432
 10
7258.7007249148155
 20
11660.373796478758
 10
7258.787499999991
 20
11662.11249999993
  0
LWPOLYLINE
  5
1E8
330
17
100
AcDbEntity
  8
NESTED_RESULT
100
AcDbPolyline
 90
64
 70
0
 10
8049.362500000003
 20
11662.11249999993
 10
8049.275724914827
 20
11663.851203521102
 10
8049.016262069068
 20
11665.57262702554
 10
8048.586690121054
 20
11667.25966223309
 10
8047.9912783498
 20
11668.895542629878
 10
8047.235944224987
 20
11670.464010101598
 10
8046.328194596499
 20
11671.949476513866
 10
8045.277051087978
 20
11673.337178634072
 10
8044.092960435839
 20
11674.613324855134
 10
8042.787690664962
 20
11675.765232262522
 10
8041.3742141327675
 20
11676.781452682946
 10
8039.8665786040365
 20
11677.651886461303
 10
8038.279767638014
 20
11678.36788283562
 10
8036.629551674952
 20
11678.922325912281
 10
8034.932331302523
 20
11679.309705386899
 10
8033.204974259264
 20
11679.526171308215
 10
8031.464647795539
 20
11679.56957234061
 10
8029.7286480576
 20
11679.439477145177
 10
8028.01422819079
 20
11679.137178666395
 10
8026.338426869988
 20
11678.665681282379
 10
8024.717898961593
 20
11678.029670945922
 10
8023.168750000012
 20
11677.235468613508
 10
8021.706376123606
 20
11676.29096742475
 10
8020.34531106097
 20
11675.205554256769
 10
8019.099081688182
 20
11673.990016433265
 10
8017.980073592626
 20
11672.65643451523
 10
8016.999407979514
 20
11671.218062238942
 10
8016.166831144263
 20
11669.689194794279
 10
8015.490617609539
 20
11668.085026752757
 10
8014.977487889235
 20
11666.421501057106
 10
8014.63254169705
 20
11664.715150573029
 10
8014.459207263222
 20
11662.982933778287
 10
8014.459207263222
 20
11661.242066221574
 10
8014.63254169705
 20
11659.509849426831
 10
8014.977487889235
 20
11657.803498942754
 10
8015.490617609539
 20
11656.139973247104
 10
8016.166831144263
 20
11654.535805205582
 10
8016.999407979514
 20
11653.006937760918
 10
8017.980073592626
 20
11651.568565484631
 10
8019.099081688182
 20
11650.234983566595
 10
8020.34531106097
 20
11649.019445743092
 10
8021.706376123606
 20
11647.93403257511
 10
8023.168750000012
 20
11646.989531386353
 10
8024.717898961593
 20
11646.195329053939
 10
8026.338426869988
 20
11645.559318717482
 10
8028.01422819079
 20
11645.087821333465
 10
8029.7286480576
 20
11644.785522854683
 10
8031.464647795539
 20
11644.65542765925
 10
8033.204974259264
 20
11644.698828691646
 10
8034.932331302523
 20
11644.915294612962
 10
8036.629551674952
 20
11645.30267408758
 10
8038.279767638014
 20
11645.85711716424
 10
8039.8665786040365
 20
11646.573113538558
 10
8041.3742141327675
 20
11647.443547316914
 10
8042.787690664962
 20
11648.459767737339
 10
8044.092960435839
 20
11649.611675144726
 10
8045.277051087978
 20
11650.887821365788
 10
8046.328194596499
 20
11652.275523485994
 10
8047.235944224987
 20
11653.760989898263
 10
8047.9912783498
 20
11655.329457369982
 10
8048.586690121054
 20
11656.965337766771
 10
8049.016262069068
 20
11658.65237297432
 10
8049.275724914827
 20
11660.373796478758
 10
8049.362500000003
 20
11662.11249999993
  0
TEXT
  5
1E9
330
17
100
AcDbEntity
  8
NESTED_RESULT
100
AcDbText
 10
7636.612500000003
 20
11447.800000000017
 30
0.0
 40
80.0
  1
520-E
 72
1
 11
7636.612500000003
 21
11447.800000000017
 31
0.0
100
AcDbText
 73
2
  0
LWPOLYLINE
  5
1EA
330
17
100
AcDbEntity
  8
NESTED_RESULT
100
AcDbPolyline
 90
5
 70
0
 10
8479.575000000012
 20
11171.574999999983
 10
9997.225000000006
 20
11171.574999999983
 10
9997.225000000006
 20
10584.199999999983
 10
8479.575000000012
 20
10584.199999999983
 10
8479.575000000012
 20
11171.574999999983
  0
LWPOLYLINE
  5
1EB
330
17
100
AcDbEntity
  8
NESTED_RESULT
100
AcDbPolyline
 90
9
 70
0
 10
8679.600000000006
 20
11003.299999999988
 10
9098.700000000012
 20
11003.299999999988
 10
9111.400000000023
 20
10990.599999999977
 10
9111.400000000023
 20
10723.899999999965
 10
9098.700000000012
 20
10711.199999999983
 10
8679.600000000006
 20
10711.199999999983
 10
8666.900000000023
 20
10723.899999999965
 10
8666.900000000023
 20
10990.599999999977
 10
8679.600000000006
 20
11003.299999999988
  0
LWPOLYLINE
  5
1EC
330
17
100
AcDbEntity
  8
NESTED_RESULT
100
AcDbPolyline
 90
9
 70
0
 10
9381.275000000023
 20
11003.299999999988
 10
9800.37500000003
 20
11003.299999999988
 10
9813.075000000012
 20
10990.599999999977
 10
9813.075000000012
 20
10723.899999999965
 10
9800.37500000003
 20
10711.199999999983
 10
9381.275000000023
 20
10711.199999999983
 10
9368.575000000012
 20
10723.899999999965
 10
9368.575000000012
 20
10990.599999999977
 10
9381.275000000023
 20
11003.299999999988
  0
LWPOLYLINE
  5
1ED
330
17
100
AcDbEntity
  8
NESTED_RESULT
100
AcDbPolyline
 90
64
 70
0
 10
9608.287500000006
 20
11071.56249999997
 10
9608.200724914816
 20
11073.301203521143
 10
9607.941262069071
 20
11075.02262702558
 10
9607.511690121057
 20
11076.70966223313
 10
9606.916278349789
 20
11078.345542629919
 10
9606.160944224976
 20
11079.914010101638
 10
9605.253194596502
 20
11081.399476513907
 10
9604.202051087981
 20
11082.787178634113
 10
9603.017960435827
 20
11084.063324855175
 10
9601.71269066498
 20
11085.215232262562
 10
9600.29921413277
 20
11086.231452682987
 10
9598.791578604054
 20
11087.101886461343
 10
9597.204767638003
 20
11087.817882835661
 10
9595.554551674955
 20
11088.372325912322
 10
9593.857331302512
 20
11088.75970538694
 10
9592.129974259267
 20
11088.976171308255
 10
9590.389647795528
 20
11089.01957234065
 10
9588.653648057603
 20
11088.889477145218
 10
9586.939228190808
 20
11088.587178666436
 10
9585.263426869991
 20
11088.11568128242
 10
9583.642898961582
 20
11087.479670945962
 10
9582.09375
 20
11086.685468613548
 10
9580.631376123609
 20
11085.74096742479
 10
9579.270311060973
 20
11084.65555425681
 10
9578.02408168817
 20
11083.440016433306
 10
9576.905073592643
 20
11082.10643451527
 10
9575.924407979503
 20
11080.668062238983
 10
9575.091831144266
 20
11079.13919479432
 10
9574.415617609542
 20
11077.535026752797
 10
9573.902487889223
 20
11075.871501057147
 10
9573.557541697053
 20
11074.16515057307
 10
9573.38420726324
 20
11072.432933778327
 10
9573.38420726324
 20
11070.692066221614
 10
9573.557541697053
 20
11068.959849426872
 10
9573.902487889223
 20
11067.253498942795
 10
9574.415617609542
 20
11065.589973247144
 10
9575.091831144266
 20
11063.985805205622
 10
9575.924407979503
 20
11062.456937760959
 10
9576.905073592643
 20
11061.018565484672
 10
9578.02408168817
 20
11059.684983566636
 10
9579.270311060973
 20
11058.469445743132
 10
9580.631376123609
 20
11057.384032575152
 10
9582.09375
 20
11056.439531386393
 10
9583.642898961582
 20
11055.64532905398
 10
9585.263426869991
 20
11055.009318717523
 10
9586.939228190808
 20
11054.537821333506
 10
9588.653648057603
 20
11054.235522854724
 10
9590.389647795528
 20
11054.105427659291
 10
9592.129974259267
 20
11054.148828691687
 10
9593.857331302512
 20
11054.365294613002
 10
9595.554551674955
 20
11054.75267408762
 10
9597.204767638003
 20
11055.30711716428
 10
9598.791578604054
 20
11056.023113538598
 10
9600.29921413277
 20
11056.893547316955
 10
9601.71269066498
 20
11057.90976773738
 10
9603.017960435827
 20
11059.061675144767
 10
9604.202051087981
 20
11060.337821365829
 10
9605.253194596502
 20
11061.725523486035
 10
9606.160944224976
 20
11063.210989898304
 10
9606.916278349789
 20
11064.779457370023
 10
9607.511690121057
 20
11066.415337766812
 10
9607.941262069071
 20
11068.102372974361
 10
9608.200724914816
 20
11069.823796478799
 10
9608.287500000006
 20
11071.56249999997
  0
LWPOLYLINE
  5
1EE
330
17
100
AcDbEntity
  8
NESTED_RESULT
100
AcDbPolyline
 90
64
 70
0
 10
8906.612500000017
 20
11071.56249999997
 10
8906.525724914827
 20
11073.301203521143
 10
8906.266262069083
 20
11075.02262702558
 10
8905.836690121068
 20
11076.70966223313
 10
8905.2412783498
 20
11078.345542629919
 10
8904.485944224987
 20
11079.914010101638
 10
8903.578194596514
 20
11081.399476513907
 10
8902.527051087993
 20
11082.787178634113
 10
8901.342960435839
 20
11084.063324855175
 10
8900.03769066499
 20
11085.215232262562
 10
8898.624214132782
 20
11086.231452682987
 10
8897.116578604066
 20
11087.101886461343
 10
8895.529767638014
 20
11087.817882835661
 10
8893.879551674967
 20
11088.372325912322
 10
8892.182331302523
 20
11088.75970538694
 10
8890.454974259279
 20
11088.976171308255
 10
8888.71464779554
 20
11089.01957234065
 10
8886.978648057615
 20
11088.889477145218
 10
8885.26422819082
 20
11088.587178666436
 10
8883.588426870003
 20
11088.11568128242
 10
8881.967898961593
 20
11087.479670945962
 10
8880.418750000012
 20
11086.685468613548
 10
8878.95637612362
 20
11085.74096742479
 10
8877.595311060984
 20
11084.65555425681
 10
8876.349081688182
 20
11083.440016433306
 10
8875.230073592655
 20
11082.10643451527
 10
8874.249407979514
 20
11080.668062238983
 10
8873.416831144277
 20
11079.13919479432
 10
8872.740617609554
 20
11077.535026752797
 10
8872.227487889235
 20
11075.871501057147
 10
8871.882541697065
 20
11074.16515057307
 10
8871.709207263251
 20
11072.432933778327
 10
8871.709207263251
 20
11070.692066221614
 10
8871.882541697065
 20
11068.959849426872
 10
8872.227487889235
 20
11067.253498942795
 10
8872.740617609554
 20
11065.589973247144
 10
8873.416831144277
 20
11063.985805205622
 10
8874.249407979514
 20
11062.456937760959
 10
8875.230073592655
 20
11061.018565484672
 10
8876.349081688182
 20
11059.684983566636
 10
8877.595311060984
 20
11058.469445743132
 10
8878.95637612362
 20
11057.384032575152
 10
8880.418750000012
 20
11056.439531386393
 10
8881.967898961593
 20
11055.64532905398
 10
8883.588426870003
 20
11055.009318717523
 10
8885.26422819082
 20
11054.537821333506
 10
8886.978648057615
 20
11054.235522854724
 10
8888.71464779554
 20
11054.105427659291
 10
8890.454974259279
 20
11054.148828691687
 10
8892.182331302523
 20
11054.365294613002
 10
8893.879551674967
 20
11054.75267408762
 10
8895.529767638014
 20
11055.30711716428
 10
8897.116578604066
 20
11056.023113538598
 10
8898.624214132782
 20
11056.893547316955
 10
8900.03769066499
 20
11057.90976773738
 10
8901.342960435839
 20
11059.061675144767
 10
8902.527051087993
 20
11060.337821365829
 10
8903.578194596514
 20
11061.725523486035
 10
8904.485944224987
 20
11063.210989898304
 10
8905.2412783498
 20
11064.779457370023
 10
8905.836690121068
 20
11066.415337766812
 10
8906.266262069083
 20
11068.102372974361
 10
8906.525724914827
 20
11069.823796478799
 10
8906.612500000017
 20
11071.56249999997
  0
TEXT
  5
1EF
330
17
100
AcDbEntity
  8
NESTED_RESULT
100
AcDbText
 10
9240.0673400879
 20
11035.543768310528
 30
0.0
 40
80.0
  1
503-E
 72
1
 11
9240.0673400879
 21
11035.543768310528
 31
0.0
100
AcDbText
 73
2
  0
LWPOLYLINE
  5
1F0
330
17
100
AcDbEntity
  8
NESTED_RESULT
100
AcDbPolyline
 90
6
 70
0
 10
8479.575000000012
 20
11755.774999999994
 10
9933.724999999919
 20
11755.774999999994
 10
9933.724999999919
 20
11171.574999999983
 10
8482.749999999913
 20
11171.574999999983
 10
8479.575000000012
 20
11174.75
 10
8479.575000000012
 20
11755.774999999994
  0
LWPOLYLINE
  5
1F1
330
17
100
AcDbEntity
  8
NESTED_RESULT
100
AcDbPolyline
 90
9
 70
0
 10
9346.349999999919
 20
11590.674999999988
 10
9765.449999999924
 20
11590.674999999988
 10
9778.149999999936
 20
11577.974999999991
 10
9778.149999999936
 20
11311.274999999994
 10
9765.449999999924
 20
11298.574999999983
 10
9346.349999999919
 20
11298.574999999983
 10
9333.649999999936
 20
11311.274999999994
 10
9333.649999999936
 20
11577.974999999991
 10
9346.349999999919
 20
11590.674999999988
  0
LWPOLYLINE
  5
1F2
330
17
100
AcDbEntity
  8
NESTED_RESULT
100
AcDbPolyline
 90
9
 70
0
 10
8647.849999999919
 20
11590.674999999988
 10
9066.949999999924
 20
11590.674999999988
 10
9079.649999999936
 20
11577.974999999991
 10
9079.649999999936
 20
11311.274999999994
 10
9066.949999999924
 20
11298.574999999983
 10
8647.849999999919
 20
11298.574999999983
 10
8635.149999999936
 20
11311.274999999994
 10
8635.149999999936
 20
11577.974999999991
 10
8647.849999999919
 20
11590.674999999988
  0
LWPOLYLINE
  5
1F3
330
17
100
AcDbEntity
  8
NESTED_RESULT
100
AcDbPolyline
 90
64
 70
0
 10
8874.86249999993
 20
11658.937499999884
 10
8874.77572491474
 20
11660.676203521056
 10
8874.516262068995
 20
11662.397627025508
 10
8874.086690120981
 20
11664.084662233028
 10
8873.491278349713
 20
11665.720542629831
 10
8872.7359442249
 20
11667.289010101566
 10
8871.828194596426
 20
11668.77447651382
 10
8870.777051087905
 20
11670.16217863404
 10
8869.592960435752
 20
11671.438324855088
 10
8868.287690664903
 20
11672.590232262475
 10
8866.874214132695
 20
11673.6064526829
 10
8865.366578603978
 20
11674.476886461256
 10
8863.779767637927
 20
11675.192882835589
 10
8862.12955167488
 20
11675.747325912249
 10
8860.432331302436
 20
11676.134705386852
 10
8858.704974259192
 20
11676.351171308153
 10
8856.964647795452
 20
11676.394572340578
 10
8855.228648057528
 20
11676.264477145145
 10
8853.514228190732
 20
11675.962178666363
 10
8851.838426869916
 20
11675.490681282332
 10
8850.217898961506
 20
11674.854670945875
 10
8848.668749999924
 20
11674.060468613476
 10
8847.206376123533
 20
11673.115967424703
 10
8845.845311060897
 20
11672.030554256708
 10
8844.599081688095
 20
11670.815016433204
 10
8843.480073592567
 20
11669.481434515197
 10
8842.499407979427
 20
11668.043062238896
 10
8841.66683114419
 20
11666.514194794217
 10
8840.990617609466
 20
11664.91002675271
 10
8840.477487889148
 20
11663.246501057045
 10
8840.132541696978
 20
11661.540150572982
 10
8839.959207263164
 20
11659.80793377824
 10
8839.959207263164
 20
11658.067066221527
 10
8840.132541696978
 20
11656.334849426785
 10
8840.477487889148
 20
11654.628498942722
 10
8840.990617609466
 20
11652.964973247057
 10
8841.66683114419
 20
11651.36080520555
 10
8842.499407979427
 20
11649.831937760871
 10
8843.480073592567
 20
11648.39356548457
 10
8844.599081688095
 20
11647.059983566563
 10
8845.845311060897
 20
11645.84444574306
 10
8847.206376123533
 20
11644.759032575064
 10
8848.668749999924
 20
11643.814531386291
 10
8850.217898961506
 20
11643.020329053892
 10
8851.838426869916
 20
11642.384318717435
 10
8853.514228190732
 20
11641.912821333404
 10
8855.228648057528
 20
11641.610522854622
 10
8856.964647795452
 20
11641.48042765919
 10
8858.704974259192
 20
11641.523828691614
 10
8860.432331302436
 20
11641.740294612915
 10
8862.12955167488
 20
11642.127674087518
 10
8863.779767637927
 20
11642.682117164179
 10
8865.366578603978
 20
11643.398113538511
 10
8866.874214132695
 20
11644.268547316868
 10
8868.287690664903
 20
11645.284767737292
 10
8869.592960435752
 20
11646.43667514468
 10
8870.777051087905
 20
11647.712821365727
 10
8871.828194596426
 20
11649.100523485948
 10
8872.7359442249
 20
11650.585989898202
 10
8873.491278349713
 20
11652.154457369936
 10
8874.086690120981
 20
11653.790337766739
 10
8874.516262068995
 20
11655.47737297426
 10
8874.77572491474
 20
11657.198796478711
 10
8874.86249999993
 20
11658.937499999884
  0
LWPOLYLINE
  5
1F4
330
17
100
AcDbEntity
  8
NESTED_RESULT
100
AcDbPolyline
 90
64
 70
0
 10
9573.36249999993
 20
11658.937499999884
 10
9573.27572491474
 20
11660.676203521056
 10
9573.016262068995
 20
11662.397627025508
 10
9572.586690120981
 20
11664.084662233028
 10
9571.991278349713
 20
11665.720542629831
 10
9571.2359442249
 20
11667.289010101566
 10
9570.328194596426
 20
11668.77447651382
 10
9569.277051087905
 20
11670.16217863404
 10
9568.092960435752
 20
11671.438324855088
 10
9566.787690664903
 20
11672.590232262475
 10
9565.374214132695
 20
11673.6064526829
 10
9563.866578603978
 20
11674.476886461256
 10
9562.279767637927
 20
11675.192882835589
 10
9560.62955167488
 20
11675.747325912249
 10
9558.932331302436
 20
11676.134705386852
 10
9557.204974259192
 20
11676.351171308153
 10
9555.464647795452
 20
11676.394572340578
 10
9553.728648057528
 20
11676.264477145145
 10
9552.014228190732
 20
11675.962178666363
 10
9550.338426869916
 20
11675.490681282332
 10
9548.717898961506
 20
11674.854670945875
 10
9547.168749999924
 20
11674.060468613476
 10
9545.706376123533
 20
11673.115967424703
 10
9544.345311060897
 20
11672.030554256708
 10
9543.099081688095
 20
11670.815016433204
 10
9541.980073592567
 20
11669.481434515197
 10
9540.999407979427
 20
11668.043062238896
 10
9540.16683114419
 20
11666.514194794217
 10
9539.490617609466
 20
11664.91002675271
 10
9538.977487889148
 20
11663.246501057045
 10
9538.632541696978
 20
11661.540150572982
 10
9538.459207263164
 20
11659.80793377824
 10
9538.459207263164
 20
11658.067066221527
 10
9538.632541696978
 20
11656.334849426785
 10
9538.977487889148
 20
11654.628498942722
 10
9539.490617609466
 20
11652.964973247057
 10
9540.16683114419
 20
11651.36080520555
 10
9540.999407979427
 20
11649.831937760871
 10
9541.980073592567
 20
11648.39356548457
 10
9543.099081688095
 20
11647.059983566563
 10
9544.345311060897
 20
11645.84444574306
 10
9545.706376123533
 20
11644.759032575064
 10
9547.168749999924
 20
11643.814531386291
 10
9548.717898961506
 20
11643.020329053892
 10
9550.338426869916
 20
11642.384318717435
 10
9552.014228190732
 20
11641.912821333404
 10
9553.728648057528
 20
11641.610522854622
 10
9555.464647795452
 20
11641.48042765919
 10
9557.204974259192
 20
11641.523828691614
 10
9558.932331302436
 20
11641.740294612915
 10
9560.62955167488
 20
11642.127674087518
 10
9562.279767637927
 20
11642.682117164179
 10
9563.866578603978
 20
11643.398113538511
 10
9565.374214132695
 20
11644.268547316868
 10
9566.787690664903
 20
11645.284767737292
 10
9568.092960435752
 20
11646.43667514468
 10
9569.277051087905
 20
11647.712821365727
 10
9570.328194596426
 20
11649.100523485948
 10
9571.2359442249
 20
11650.585989898202
 10
9571.991278349713
 20
11652.154457369936
 10
9572.586690120981
 20
11653.790337766739
 10
9573.016262068995
 20
11655.47737297426
 10
9573.27572491474
 20
11657.198796478711
 10
9573.36249999993
 20
11658.937499999884
  0
TEXT
  5
1F5
330
17
100
AcDbEntity
  8
NESTED_RESULT
100
AcDbText
 10
9206.472491455042
 20
11621.480096435525
 30
0.0
 40
80.0
  1
505-D
 72
1
 11
9206.472491455042
 21
11621.480096435525
 31
0.0
100
AcDbText
 73
2
  0
LWPOLYLINE
  5
1F6
330
17
100
AcDbEntity
  8
NESTED_RESULT
 62
1
100
AcDbPolyline
 90
5
 70
0
 10
10200.0
 20
10000.0
 10
13400.0
 20
10000.0
 10
13400.0
 20
11800.0
 10
10200.0
 20
11800.0
 10
10200.0
 20
10000.0
  0
TEXT
  5
1F7
330
17
100
AcDbEntity
  8
NESTED_RESULT
 62
1
100
AcDbText
 10
10200.0
 20
11830.0
 30
0.0
 40
50.0
  1
Sheet_34
 11
10200.0
 21
11830.0
 31
0.0
100
AcDbText
 73
1
  0
LWPOLYLINE
  5
1F8
330
17
100
AcDbEntity
  8
NESTED_RESULT
100
AcDbPolyline
 90
10
 70
0
 10
10847.699999999983
 20
10250.824999999983
 10
10847.699999999983
 20
10003.175000000017
 10
10844.524999999994
 20
10000.0
 10
10200.0
 20
10000.0
 10
10200.0
 20
10901.699999999983
 10
11498.574999999983
 20
10901.699999999983
 10
11498.574999999983
 20
10257.175000000017
 10
11495.399999999994
 20
10254.0
 10
10850.875
 20
10254.0
 10
10847.699999999983
 20
10250.824999999983
  0
TEXT
  5
1F9
330
17
100
AcDbEntity
  8
NESTED_RESULT
100
AcDbText
 10
10580.758929443355
 20
10521.54878540038
 30
0.0
 40
80.0
  1
516-B
 72
1
 11
10580.758929443355
 21
10521.54878540038
 31
0.0
100
AcDbText
 73
2
  0
LWPOLYLINE
  5
1FA
330
17
100
AcDbEntity
  8
NESTED_RESULT
100
AcDbPolyline
 90
10
 70
0
 10
12146.274999999965
 20
10250.825000000099
 10
12146.274999999965
 20
10003.175000000017
 10
12143.099999999977
 20
10000.0
 10
11498.574999999983
 20
10000.0
 10
11498.574999999983
 20
10901.700000000012
 10
12797.149999999965
 20
10901.700000000012
 10
12797.149999999965
 20
10257.175000000017
 10
12793.975000000064
 20
10254.0
 10
12149.449999999983
 20
10254.0
 10
12146.274999999965
 20
10250.825000000099
  0
TEXT
  5
1FB
330
17
100
AcDbEntity
  8
NESTED_RESULT
100
AcDbText
 10
11879.333929443337
 20
10521.548785400395
 30
0.0
 40
80.0
  1
416-B
 72
1
 11
11879.333929443337
 21
10521.548785400395
 31
0.0
100
AcDbText
 73
2
  0
LWPOLYLINE
  5
1FC
330
17
100
AcDbEntity
  8
NESTED_RESULT
100
AcDbPolyline
 90
7
 70
0
 10
10200.0
 20
11549.399999999994
 10
12019.274999999994
 20
11549.399999999994
 10
12019.274999999994
 20
10904.875
 10
12016.099999999991
 20
10901.700000000012
 10
10203.174999999988
 20
10901.700000000012
 10
10200.0
 20
10904.875
 10
10200.0
 20
11549.399999999994
  0
LWPOLYLINE
  5
1FD
330
17
100
AcDbEntity
  8
NESTED_RESULT
100
AcDbPolyline
 90
9
 70
0
 10
10665.137999999992
 20
11403.350000000006
 10
11300.137999999992
 20
11403.350000000006
 10
11306.487999999998
 20
11397.0
 10
11306.487999999998
 20
11016.0
 10
11300.137999999992
 20
11009.649999999994
 10
10665.137999999992
 20
11009.649999999994
 10
10658.787999999986
 20
11016.0
 10
10658.787999999986
 20
11397.0
 10
10665.137999999992
 20
11403.350000000006
  0
LWPOLYLINE
  5
1FE
330
17
100
AcDbEntity
  8
NESTED_RESULT
100
AcDbPolyline
 90
64
 70
0
 10
11000.100499999986
 20
11458.912500000006
 10
11000.01372491481
 20
11460.651203521178
 10
10999.754262069051
 20
11462.372627025616
 10
10999.324690121037
 20
11464.059662233165
 10
10998.729278349783
 20
11465.695542629954
 10
10997.97394422497
 20
11467.264010101673
 10
10997.066194596482
 20
11468.749476513942
 10
10996.015051087961
 20
11470.137178634148
 10
10994.830960435822
 20
11471.41332485521
 10
10993.525690664945
 20
11472.565232262597
 10
10992.11221413275
 20
11473.581452683022
 10
10990.60457860402
 20
11474.451886461378
 10
10989.017767637997
 20
11475.167882835696
 10
10987.367551674935
 20
11475.722325912357
 10
10985.670331302506
 20
11476.109705386974
 10
10983.942974259247
 20
11476.32617130829
 10
10982.202647795522
 20
11476.369572340685
 10
10980.466648057583
 20
11476.239477145253
 10
10978.752228190773
 20
11475.93717866647
 10
10977.076426869971
 20
11475.465681282454
 10
10975.455898961576
 20
11474.829670945997
 10
10973.906749999995
 20
11474.035468613583
 10
10972.444376123589
 20
11473.090967424825
 10
10971.083311060953
 20
11472.005554256844
 10
10969.837081688165
 20
11470.79001643334
 10
10968.718073592609
 20
11469.456434515305
 10
10967.737407979497
 20
11468.018062239018
 10
10966.904831144246
 20
11466.489194794354
 10
10966.228617609522
 20
11464.885026752832
 10
10965.715487889218
 20
11463.221501057182
 10
10965.370541697033
 20
11461.515150573105
 10
10965.197207263205
 20
11459.782933778362
 10
10965.197207263205
 20
11458.04206622165
 10
10965.370541697033
 20
11456.309849426907
 10
10965.715487889218
 20
11454.60349894283
 10
10966.228617609522
 20
11452.93997324718
 10
10966.904831144246
 20
11451.335805205657
 10
10967.737407979497
 20
11449.806937760994
 10
10968.718073592609
 20
11448.368565484707
 10
10969.837081688165
 20
11447.034983566671
 10
10971.083311060953
 20
11445.819445743167
 10
10972.444376123589
 20
11444.734032575187
 10
10973.906749999995
 20
11443.789531386428
 10
10975.455898961576
 20
11442.995329054014
 10
10977.076426869971
 20
11442.359318717557
 10
10978.752228190773
 20
11441.887821333541
 10
10980.466648057583
 20
11441.585522854759
 10
10982.202647795522
 20
11441.455427659326
 10
10983.942974259247
 20
11441.498828691721
 10
10985.670331302506
 20
11441.715294613037
 10
10987.367551674935
 20
11442.102674087655
 10
10989.017767637997
 20
11442.657117164315
 10
10990.60457860402
 20
11443.373113538633
 10
10992.11221413275
 20
11444.24354731699
 10
10993.525690664945
 20
11445.259767737414
 10
10994.830960435822
 20
11446.411675144802
 10
10996.015051087961
 20
11447.687821365864
 10
10997.066194596482
 20
11449.07552348607
 10
10997.97394422497
 20
11450.560989898338
 10
10998.729278349783
 20
11452.129457370058
 10
10999.324690121037
 20
11453.765337766847
 10
10999.754262069051
 20
11455.452372974396
 10
11000.01372491481
 20
11457.173796478834
 10
11000.100499999986
 20
11458.912500000006
  0
TEXT
  5
1FF
330
17
100
AcDbEntity
  8
NESTED_RESULT
100
AcDbText
 10
11671.720632934566
 20
11225.772079467777
 30
0.0
 40
80.0
  1
518-B
 72
1
 11
11671.720632934566
 21
11225.772079467777
 31
0.0
100
AcDbText
 73
2
  0
LWPOLYLINE
  5
200
330
17
100
AcDbEntity
  8
NESTED_RESULT
100
AcDbPolyline
 90
6
 70
0
 10
12797.149999999965
 20
10000.0
 10
12797.149999999965
 20
11657.350000000006
 10
13378.175000000076
 20
11657.350000000006
 10
13381.349999999977
 20
11654.175000000017
 10
13381.349999999977
 20
10000.0
 10
12797.149999999965
 20
10000.0
  0
LWPOLYLINE
  5
201
330
17
100
AcDbEntity
  8
NESTED_RESULT
100
AcDbPolyline
 90
9
 70
0
 10
12962.24999999997
 20
10222.25
 10
12962.24999999997
 20
10641.350000000006
 10
12974.949999999953
 20
10654.050000000017
 10
13241.649999999965
 20
10654.050000000017
 10
13254.349999999977
 20
10641.350000000006
 10
13254.349999999977
 20
10222.25
 10
13241.649999999965
 20
10209.550000000017
 10
12974.949999999953
 20
10209.550000000017
 10
12962.24999999997
 20
10222.25
  0
LWPOLYLINE
  5
202
330
17
100
AcDbEntity
  8
NESTED_RESULT
100
AcDbPolyline
 90
9
 70
0
 10
12961.963136303762
 20
11022.350000000122
 10
12961.963136303762
 20
11441.450000000012
 10
12974.663136303774
 20
11454.150000000023
 10
13241.363136303757
 20
11454.150000000023
 10
13254.063136303768
 20
11441.450000000012
 10
13254.063136303768
 20
11022.350000000122
 10
13241.363136303757
 20
11009.650000000023
 10
12974.663136303774
 20
11009.650000000023
 10
12961.963136303762
 20
11022.350000000122
  0
LWPOLYLINE
  5
203
330
17
100
AcDbEntity
  8
NESTED_RESULT
100
AcDbPolyline
 90
64
 70
0
 10
12893.98749999996
 20
10449.262500000012
 10
12892.248796478787
 20
10449.175724914821
 10
12890.52737297435
 20
10448.916262069077
 10
12888.8403377668
 20
10448.486690121063
 10
12887.204457370011
 20
10447.891278349794
 10
12885.635989898292
 20
10447.135944224981
 10
12884.150523486023
 20
10446.228194596508
 10
12882.762821365817
 20
10445.177051087987
 10
12881.486675144755
 20
10443.992960435833
 10
12880.334767737368
 20
10442.687690664985
 10
12879.318547316943
 20
10441.274214132776
 10
12878.448113538587
 20
10439.76657860406
 10
12877.732117164269
 20
10438.179767638008
 10
12877.177674087608
 20
10436.529551674961
 10
12876.79029461299
 20
10434.832331302518
 10
12876.573828691675
 20
10433.104974259273
 10
12876.53042765928
 20
10431.364647795534
 10
12876.660522854712
 20
10429.62864805761
 10
12876.962821333495
 20
10427.914228190813
 10
12877.43431871751
 20
10426.238426869997
 10
12878.070329053968
 20
10424.617898961587
 10
12878.864531386382
 20
10423.068750000006
 10
12879.80903257514
 20
10421.606376123615
 10
12880.89444574312
 20
10420.245311060979
 10
12882.109983566625
 20
10418.999081688176
 10
12883.44356548466
 20
10417.880073592649
 10
12884.881937760947
 20
10416.899407979508
 10
12886.41080520561
 20
10416.066831144271
 10
12888.014973247133
 20
10415.390617609548
 10
12889.678498942783
 20
10414.877487889229
 10
12891.38484942686
 20
10414.532541697059
 10
12893.117066221603
 20
10414.359207263245
 10
12894.857933778316
 20
10414.359207263245
 10
12896.590150573058
 20
10414.532541697059
 10
12898.296501057135
 20
10414.877487889229
 10
12899.960026752786
 20
10415.390617609548
 10
12901.564194794308
 20
10416.066831144271
 10
12903.093062238971
 20
10416.899407979508
 10
12904.531434515258
 20
10417.880073592649
 10
12905.865016433294
 20
10418.999081688176
 10
12907.080554256798
 20
10420.245311060979
 10
12908.165967424779
 20
10421.606376123615
 10
12909.110468613537
 20
10423.068750000006
 10
12909.90467094595
 20
10424.617898961587
 10
12910.540681282408
 20
10426.238426869997
 10
12911.012178666424
 20
10427.914228190813
 10
12911.314477145206
 20
10429.62864805761
 10
12911.444572340639
 20
10431.364647795534
 10
12911.401171308244
 20
10433.104974259273
 10
12911.184705386928
 20
10434.832331302518
 10
12910.79732591231
 20
10436.529551674961
 10
12910.24288283565
 20
10438.179767638008
 10
12909.526886461332
 20
10439.76657860406
 10
12908.656452682975
 20
10441.274214132776
 10
12907.64023226255
 20
10442.687690664985
 10
12906.488324855163
 20
10443.992960435833
 10
12905.212178634101
 20
10445.177051087987
 10
12903.824476513895
 20
10446.228194596508
 10
12902.339010101627
 20
10447.135944224981
 10
12900.770542629907
 20
10447.891278349794
 10
12899.134662233118
 20
10448.486690121063
 10
12897.44762702557
 20
10448.916262069077
 10
12895.726203521132
 20
10449.175724914821
 10
12893.98749999996
 20
10449.262500000012
  0
LWPOLYLINE
  5
204
330
17
100
AcDbEntity
  8
NESTED_RESULT
100
AcDbPolyline
 90
64
 70
0
 10
12893.70063630375
 20
11249.362500000017
 10
12891.961932782579
 20
11249.275724914827
 10
12890.240509278141
 20
11249.016262069083
 10
12888.553474070592
 20
11248.586690121068
 10
12886.917593673803
 20
11247.9912783498
 10
12885.349126202083
 20
11247.235944224987
 10
12883.863659789815
 20
11246.328194596514
 10
12882.475957669609
 20
11245.277051087993
 10
12881.199811448547
 20
11244.092960435839
 10
12880.04790404116
 20
11242.78769066499
 10
12879.031683620735
 20
11241.374214132782
 10
12878.161249842378
 20
11239.866578604066
 10
12877.44525346806
 20
11238.279767638014
 10
12876.8908103914
 20
11236.629551674967
 10
12876.503430916782
 20
11234.932331302523
 10
12876.286964995466
 20
11233.204974259279
 10
12876.243563963071
 20
11231.46464779554
 10
12876.373659158504
 20
11229.728648057615
 10
12876.675957637286
 20
11228.01422819082
 10
12877.147455021302
 20
11226.338426870003
 10
12877.78346535776
 20
11224.717898961593
 10
12878.577667690173
 20
11223.168750000012
 10
12879.522168878932
 20
11221.70637612362
 10
12880.607582046912
 20
11220.345311060984
 10
12881.823119870416
 20
11219.099081688182
 10
12883.156701788452
 20
11217.980073592655
 10
12884.595074064739
 20
11216.999407979514
 10
12886.123941509402
 20
11216.166831144277
 10
12887.728109550924
 20
11215.490617609554
 10
12889.391635246575
 20
11214.977487889235
 10
12891.097985730652
 20
11214.632541697065
 10
12892.830202525394
 20
11214.459207263251
 10
12894.571070082107
 20
11214.459207263251
 10
12896.30328687685
 20
11214.632541697065
 10
12898.009637360927
 20
11214.977487889235
 10
12899.673163056577
 20
11215.490617609554
 10
12901.2773310981
 20
11216.166831144277
 10
12902.806198542763
 20
11216.999407979514
 10
12904.24457081905
 20
11217.980073592655
 10
12905.578152737085
 20
11219.099081688182
 10
12906.79369056059
 20
11220.345311060984
 10
12907.87910372857
 20
11221.70637612362
 10
12908.823604917328
 20
11223.168750000012
 10
12909.617807249742
 20
11224.717898961593
 10
12910.2538175862
 20
11226.338426870003
 10
12910.725314970216
 20
11228.01422819082
 10
12911.027613448998
 20
11229.728648057615
 10
12911.15770864443
 20
11231.46464779554
 10
12911.114307612035
 20
11233.204974259279
 10
12910.89784169072
 20
11234.932331302523
 10
12910.510462216102
 20
11236.629551674967
 10
12909.956019139441
 20
11238.279767638014
 10
12909.240022765123
 20
11239.866578604066
 10
12908.369588986767
 20
11241.374214132782
 10
12907.353368566342
 20
11242.78769066499
 10
12906.201461158955
 20
11244.092960435839
 10
12904.925314937893
 20
11245.277051087993
 10
12903.537612817687
 20
11246.328194596514
 10
12902.052146405418
 20
11247.235944224987
 10
12900.483678933699
 20
11247.9912783498
 10
12898.84779853691
 20
11248.586690121068
 10
12897.16076332936
 20
11249.016262069083
 10
12895.439339824923
 20
11249.275724914827
 10
12893.70063630375
 20
11249.362500000017
  0
TEXT
  5
205
330
17
100
AcDbEntity
  8
NESTED_RESULT
100
AcDbText
 10
13089.24999999997
 20
10831.85000000002
 30
0.0
 40
80.0
  1
510-D
 72
1
 11
13089.24999999997
 21
10831.85000000002
 31
0.0
100
AcDbText
 73
2
  0
LWPOLYLINE
  5
206
330
17
100
AcDbEntity
  8
NESTED_RESULT
100
AcDbPolyline
 90
7
 70
0
 10
12022.450000000012
 20
10901.700000000012
 10
12666.975000000093
 20
10901.700000000012
 10
12670.149999999994
 20
10904.87500000003
 10
12670.149999999994
 20
11549.400000000023
 10
12019.274999999994
 20
11549.400000000023
 10
12019.274999999994
 20
10904.87500000003
 10
12022.450000000012
 20
10901.700000000012
  0
TEXT
  5
207
330
17
100
AcDbEntity
  8
NESTED_RESULT
100
AcDbText
 10
12344.712499999994
 20
11225.550000000017
 30
0.0
 40
80.0
  1
403-B
 72
1
 11
12344.712499999994
 21
11225.550000000017
 31
0.0
100
AcDbText
 73
2
  0
LWPOLYLINE
  5
208
330
17
100
AcDbEntity
  8
NESTED_RESULT
 62
1
100
AcDbPolyline
 90
5
 70
0
 10
13600.0
 20
10000.0
 10
16800.0
 20
10000.0
 10
16800.0
 20
11800.0
 10
13600.0
 20
11800.0
 10
13600.0
 20
10000.0
  0
TEXT
  5
209
330
17
100
AcDbEntity
  8
NESTED_RESULT
 62
1
100
AcDbText
 10
13600.0
 20
11830.0
 30
0.0
 40
50.0
  1
Sheet_35
 11
13600.0
 21
11830.0
 31
0.0
100
AcDbText
 73
1
  0
LWPOLYLINE
  5
20A
330
17
100
AcDbEntity
  8
NESTED_RESULT
100
AcDbPolyline
 90
10
 70
0
 10
13600.0
 20
10901.700000000012
 10
13600.0
 20
10000.0
 10
14847.775000000023
 20
10000.0
 10
14847.775000000023
 20
10647.700000000012
 10
14844.600000000006
 20
10650.875
 10
14254.050000000017
 20
10650.875
 10
14250.875
 20
10654.049999999988
 10
14250.875
 20
10898.524999999994
 10
14247.700000000012
 20
10901.700000000012
 10
13600.0
 20
10901.700000000012
  0
TEXT
  5
20B
330
17
100
AcDbEntity
  8
NESTED_RESULT
100
AcDbText
 10
13982.313873291023
 20
10382.307672119145
 30
0.0
 40
80.0
  1
411-A
 72
1
 11
13982.313873291023
 21
10382.307672119145
 31
0.0
100
AcDbText
 73
2
  0
LWPOLYLINE
  5
20C
330
17
100
AcDbEntity
  8
NESTED_RESULT
100
AcDbPolyline
 90
10
 70
0
 10
14847.775000000023
 20
10901.699999999895
 10
14847.775000000023
 20
10000.0
 10
15495.475000000035
 20
10000.0
 10
15498.649999999936
 20
10003.175000000017
 10
15498.649999999936
 20
10247.650000000023
 10
15501.824999999924
 20
10250.824999999895
 10
16092.37500000003
 20
10250.824999999895
 10
16095.550000000047
 20
10254.0
 10
16095.550000000047
 20
10901.699999999895
 10
14847.775000000023
 20
10901.699999999895
  0
TEXT
  5
20D
330
17
100
AcDbEntity
  8
NESTED_RESULT
100
AcDbText
 10
15230.088873291046
 20
10519.392327880809
 30
0.0
 40
80.0
  1
413-B
 72
1
 11
15230.088873291046
 21
10519.392327880809
 31
0.0
100
AcDbText
 73
2
  0
LWPOLYLINE
  5
20E
330
17
100
AcDbEntity
  8
NESTED_RESULT
100
AcDbPolyline
 90
7
 70
0
 10
13600.0
 20
11552.575000000012
 10
15419.275000000009
 20
11552.575000000012
 10
15419.275000000009
 20
10904.875
 10
15416.100000000006
 20
10901.700000000012
 10
13603.175000000003
 20
10901.700000000012
 10
13600.0
 20
10904.875
 10
13600.0
 20
11552.575000000012
  0
LWPOLYLINE
  5
20F
330
17
100
AcDbEntity
  8
NESTED_RESULT
100
AcDbPolyline
 90
9
 70
0
 10
14065.138000000108
 20
11403.350000000006
 10
14700.138000000108
 20
11403.350000000006
 10
14706.4880000001
 20
11397.0
 10
14706.4880000001
 20
11016.0
 10
14700.138000000108
 20
11009.649999999994
 10
14065.138000000108
 20
11009.649999999994
 10
14058.788
 20
11016.0
 10
14058.788
 20
11397.0
 10
14065.138000000108
 20
11403.350000000006
  0
LWPOLYLINE
  5
210
330
17
100
AcDbEntity
  8
NESTED_RESULT
100
AcDbPolyline
 90
64
 70
0
 10
14400.1005
 20
11458.912500000006
 10
14400.013724914825
 20
11460.651203521178
 10
14399.754262069066
 20
11462.372627025616
 10
14399.324690121051
 20
11464.059662233165
 10
14398.729278349798
 20
11465.695542629954
 10
14397.973944224985
 20
11467.264010101673
 10
14397.066194596497
 20
11468.749476513942
 10
14396.015051087976
 20
11470.137178634148
 10
14394.830960435836
 20
11471.41332485521
 10
14393.52569066496
 20
11472.565232262597
 10
14392.112214132765
 20
11473.581452683022
 10
14390.604578604034
 20
11474.451886461378
 10
14389.017767638012
 20
11475.167882835696
 10
14387.36755167495
 20
11475.722325912357
 10
14385.670331302521
 20
11476.109705386974
 10
14383.942974259262
 20
11476.32617130829
 10
14382.202647795537
 20
11476.369572340685
 10
14380.466648057598
 20
11476.239477145253
 10
14378.752228190788
 20
11475.93717866647
 10
14377.076426869986
 20
11475.465681282454
 10
14375.45589896159
 20
11474.829670945997
 10
14373.90675000001
 20
11474.035468613583
 10
14372.444376123603
 20
11473.090967424825
 10
14371.083311060967
 20
11472.005554256844
 10
14369.83708168818
 20
11470.79001643334
 10
14368.718073592623
 20
11469.456434515305
 10
14367.737407979512
 20
11468.018062239018
 10
14366.90483114426
 20
11466.489194794354
 10
14366.228617609537
 20
11464.885026752832
 10
14365.715487889232
 20
11463.221501057182
 10
14365.370541697048
 20
11461.515150573105
 10
14365.19720726322
 20
11459.782933778362
 10
14365.19720726322
 20
11458.04206622165
 10
14365.370541697048
 20
11456.309849426907
 10
14365.715487889232
 20
11454.60349894283
 10
14366.228617609537
 20
11452.93997324718
 10
14366.90483114426
 20
11451.335805205657
 10
14367.737407979512
 20
11449.806937760994
 10
14368.718073592623
 20
11448.368565484707
 10
14369.83708168818
 20
11447.034983566671
 10
14371.083311060967
 20
11445.819445743167
 10
14372.444376123603
 20
11444.734032575187
 10
14373.90675000001
 20
11443.789531386428
 10
14375.45589896159
 20
11442.995329054014
 10
14377.076426869986
 20
11442.359318717557
 10
14378.752228190788
 20
11441.887821333541
 10
14380.466648057598
 20
11441.585522854759
 10
14382.202647795537
 20
11441.455427659326
 10
14383.942974259262
 20
11441.498828691721
 10
14385.670331302521
 20
11441.715294613037
 10
14387.36755167495
 20
11442.102674087655
 10
14389.017767638012
 20
11442.657117164315
 10
14390.604578604034
 20
11443.373113538633
 10
14392.112214132765
 20
11444.24354731699
 10
14393.52569066496
 20
11445.259767737414
 10
14394.830960435836
 20
11446.411675144802
 10
14396.015051087976
 20
11447.687821365864
 10
14397.066194596497
 20
11449.07552348607
 10
14397.973944224985
 20
11450.560989898338
 10
14398.729278349798
 20
11452.129457370058
 10
14399.324690121051
 20
11453.765337766847
 10
14399.754262069066
 20
11455.452372974396
 10
14400.013724914825
 20
11457.173796478834
 10
14400.1005
 20
11458.912500000006
  0
TEXT
  5
211
330
17
100
AcDbEntity
  8
NESTED_RESULT
100
AcDbText
 10
15075.273904418953
 20
11226.915420532237
 30
0.0
 40
80.0
  1
411-B
 72
1
 11
15075.273904418953
 21
11226.915420532237
 31
0.0
100
AcDbText
 73
2
  0
LWPOLYLINE
  5
212
330
17
100
AcDbEntity
  8
NESTED_RESULT
100
AcDbPolyline
 90
6
 70
0
 10
16680.0
 20
11657.350000000035
 10
16680.0
 20
10000.0
 10
16095.799999999988
 20
10000.0
 10
16095.799999999988
 20
11654.175000000017
 10
16098.975000000006
 20
11657.350000000035
 10
16680.0
 20
11657.350000000035
  0
LWPOLYLINE
  5
213
330
17
100
AcDbEntity
  8
NESTED_RESULT
100
AcDbPolyline
 90
9
 70
0
 10
16514.899999999994
 20
10641.349999999919
 10
16514.899999999994
 20
10222.249999999913
 10
16502.20000000001
 20
10209.550000000017
 10
16235.5
 20
10209.550000000017
 10
16222.799999999988
 20
10222.249999999913
 10
16222.799999999988
 20
10641.349999999919
 10
16235.5
 20
10654.050000000017
 10
16502.20000000001
 20
10654.050000000017
 10
16514.899999999994
 20
10641.349999999919
  0
LWPOLYLINE
  5
214
330
17
100
AcDbEntity
  8
NESTED_RESULT
100
AcDbPolyline
 90
9
 70
0
 10
16514.899999999994
 20
11438.325000000012
 10
16514.899999999994
 20
11019.225000000035
 10
16502.20000000001
 20
11006.525000000023
 10
16235.5
 20
11006.525000000023
 10
16222.799999999988
 20
11019.225000000035
 10
16222.799999999988
 20
11438.325000000012
 10
16235.5
 20
11451.025000000023
 10
16502.20000000001
 20
11451.025000000023
 10
16514.899999999994
 20
11438.325000000012
  0
LWPOLYLINE
  5
215
330
17
100
AcDbEntity
  8
NESTED_RESULT
100
AcDbPolyline
 90
64
 70
0
 10
16583.162500000006
 20
11211.3125
 10
16584.901203521178
 20
11211.39927508519
 10
16586.622627025616
 20
11211.658737930935
 10
16588.309662233165
 20
11212.088309878949
 10
16589.945542629954
 20
11212.683721650217
 10
16591.514010101673
 20
11213.43905577503
 10
16592.99947651394
 20
11214.346805403533
 10
16594.387178634148
 20
11215.397948912054
 10
16595.66332485521
 20
11216.582039564179
 10
16596.815232262597
 20
11217.887309335056
 10
16597.83145268302
 20
11219.300785867264
 10
16598.70188646138
 20
11220.808421395981
 10
16599.417882835696
 20
11222.395232362003
 10
16599.972325912357
 20
11224.04544832505
 10
16600.359705386974
 20
11225.742668697494
 10
16600.57617130829
 20
11227.470025740738
 10
16600.619572340685
 20
11229.210352204478
 10
16600.489477145253
 20
11230.946351942432
 10
16600.18717866647
 20
11232.660771809227
 10
16599.715681282454
 20
11234.336573130044
 10
16599.079670945997
 20
11235.957101038424
 10
16598.285468613583
 20
11237.506250000006
 10
16597.340967424825
 20
11238.968623876397
 10
16596.255554256844
 20
11240.329688939033
 10
16595.04001643334
 20
11241.575918311835
 10
16593.706434515305
 20
11242.694926407392
 10
16592.268062239018
 20
11243.675592020503
 10
16590.739194794354
 20
11244.50816885574
 10
16589.135026752832
 20
11245.184382390464
 10
16587.47150105718
 20
11245.697512110783
 10
16585.765150573105
 20
11246.042458302982
 10
16584.032933778362
 20
11246.215792736795
 10
16582.29206622165
 20
11246.215792736795
 10
16580.559849426907
 20
11246.042458302982
 10
16578.85349894283
 20
11245.697512110783
 10
16577.18997324718
 20
11245.184382390464
 10
16575.585805205657
 20
11244.50816885574
 10
16574.056937760994
 20
11243.675592020503
 10
16572.618565484707
 20
11242.694926407392
 10
16571.28498356667
 20
11241.575918311835
 10
16570.069445743167
 20
11240.329688939033
 10
16568.984032575187
 20
11238.968623876397
 10
16568.03953138643
 20
11237.506250000006
 10
16567.245329054014
 20
11235.957101038424
 10
16566.609318717557
 20
11234.336573130044
 10
16566.13782133354
 20
11232.660771809227
 10
16565.83552285476
 20
11230.946351942432
 10
16565.705427659326
 20
11229.210352204478
 10
16565.74882869172
 20
11227.470025740738
 10
16565.965294613037
 20
11225.742668697494
 10
16566.352674087655
 20
11224.04544832505
 10
16566.907117164315
 20
11222.395232362003
 10
16567.623113538633
 20
11220.808421395981
 10
16568.49354731699
 20
11219.300785867264
 10
16569.509767737414
 20
11217.887309335056
 10
16570.661675144802
 20
11216.582039564179
 10
16571.937821365864
 20
11215.397948912054
 10
16573.32552348607
 20
11214.346805403533
 10
16574.81098989834
 20
11213.43905577503
 10
16576.379457370058
 20
11212.683721650217
 10
16578.015337766847
 20
11212.088309878949
 10
16579.702372974396
 20
11211.658737930935
 10
16581.423796478834
 20
11211.39927508519
 10
16583.162500000006
 20
11211.3125
  0
LWPOLYLINE
  5
216
330
17
100
AcDbEntity
  8
NESTED_RESULT
100
AcDbPolyline
 90
64
 70
0
 10
16583.162500000006
 20
10414.337500000023
 10
16584.901203521178
 20
10414.424275085214
 10
16586.622627025616
 20
10414.683737930958
 10
16588.309662233165
 20
10415.113309878972
 10
16589.945542629954
 20
10415.70872165024
 10
16591.514010101673
 20
10416.464055775024
 10
16592.99947651394
 20
10417.371805403527
 10
16594.387178634148
 20
10418.422948912048
 10
16595.66332485521
 20
10419.607039564173
 10
16596.815232262597
 20
10420.912309335079
 10
16597.83145268302
 20
10422.325785867259
 10
16598.70188646138
 20
10423.833421395975
 10
16599.417882835696
 20
10425.420232361997
 10
16599.972325912357
 20
10427.070448325074
 10
16600.359705386974
 20
10428.767668697517
 10
16600.57617130829
 20
10430.495025740762
 10
16600.619572340685
 20
10432.235352204472
 10
16600.489477145253
 20
10433.971351942426
 10
16600.18717866647
 20
10435.68577180925
 10
16599.715681282454
 20
10437.361573130038
 10
16599.079670945997
 20
10438.982101038448
 10
16598.285468613583
 20
10440.53125
 10
16597.340967424825
 20
10441.99362387642
 10
16596.255554256844
 20
10443.354688939056
 10
16595.04001643334
 20
10444.600918311859
 10
16593.706434515305
 20
10445.719926407386
 10
16592.268062239018
 20
10446.700592020527
 10
16590.739194794354
 20
10447.533168855764
 10
16589.135026752832
 20
10448.209382390487
 10
16587.47150105718
 20
10448.722512110777
 10
16585.765150573105
 20
10449.067458302976
 10
16584.032933778362
 20
10449.240792736819
 10
16582.29206622165
 20
10449.240792736819
 10
16580.559849426907
 20
10449.067458302976
 10
16578.85349894283
 20
10448.722512110777
 10
16577.18997324718
 20
10448.209382390487
 10
16575.585805205657
 20
10447.533168855764
 10
16574.056937760994
 20
10446.700592020527
 10
16572.618565484707
 20
10445.719926407386
 10
16571.28498356667
 20
10444.600918311859
 10
16570.069445743167
 20
10443.354688939056
 10
16568.984032575187
 20
10441.99362387642
 10
16568.03953138643
 20
10440.53125
 10
16567.245329054014
 20
10438.982101038448
 10
16566.609318717557
 20
10437.361573130038
 10
16566.13782133354
 20
10435.68577180925
 10
16565.83552285476
 20
10433.971351942426
 10
16565.705427659326
 20
10432.235352204472
 10
16565.74882869172
 20
10430.495025740762
 10
16565.965294613037
 20
10428.767668697517
 10
16566.352674087655
 20
10427.070448325074
 10
16566.907117164315
 20
10425.420232361997
 10
16567.623113538633
 20
10423.833421395975
 10
16568.49354731699
 20
10422.325785867259
 10
16569.509767737414
 20
10420.912309335079
 10
16570.661675144802
 20
10419.607039564173
 10
16571.937821365864
 20
10418.422948912048
 10
16573.32552348607
 20
10417.371805403527
 10
16574.81098989834
 20
10416.464055775024
 10
16576.379457370058
 20
10415.70872165024
 10
16578.015337766847
 20
10415.113309878972
 10
16579.702372974396
 20
10414.683737930958
 10
16581.423796478834
 20
10414.424275085214
 10
16583.162500000006
 20
10414.337500000023
  0
TEXT
  5
217
330
17
100
AcDbEntity
  8
NESTED_RESULT
100
AcDbText
 10
16387.899999999994
 20
10830.28750000002
 30
0.0
 40
80.0
  1
517-D
 72
1
 11
16387.899999999994
 21
10830.28750000002
 31
0.0
100
AcDbText
 73
2
  0
LWPOLYLINE
  5
218
330
17
100
AcDbEntity
  8
NESTED_RESULT
100
AcDbPolyline
 90
7
 70
0
 10
16070.150000000023
 20
11549.400000000009
 10
15419.275000000023
 20
11549.400000000009
 10
15419.275000000023
 20
10904.875
 10
15422.450000000012
 20
10901.700000000012
 10
16066.975000000006
 20
10901.700000000012
 10
16070.150000000023
 20
10904.875
 10
16070.150000000023
 20
11549.400000000009
  0
TEXT
  5
219
330
17
100
AcDbEntity
  8
NESTED_RESULT
100
AcDbText
 10
15744.712500000023
 20
11225.55000000001
 30
0.0
 40
80.0
  1
503-B
 72
1
 11
15744.712500000023
 21
11225.55000000001
 31
0.0
100
AcDbText
 73
2
  0
LWPOLYLINE
  5
21A
330
17
100
AcDbEntity
  8
NESTED_RESULT
 62
1
100
AcDbPolyline
 90
5
 70
0
 10
17000.0
 20
10000.0
 10
20200.0
 20
10000.0
 10
20200.0
 20
11800.0
 10
17000.0
 20
11800.0
 10
17000.0
 20
10000.0
  0
TEXT
  5
21B
330
17
100
AcDbEntity
  8
NESTED_RESULT
 62
1
100
AcDbText
 10
17000.0
 20
11830.0
 30
0.0
 40
50.0
  1
Sheet_36
 11
17000.0
 21
11830.0
 31
0.0
100
AcDbText
 73
1
  0
LWPOLYLINE
  5
21C
330
17
100
AcDbEntity
  8
NESTED_RESULT
100
AcDbPolyline
 90
10
 70
0
 10
17000.0
 20
10901.699999999983
 10
17000.0
 20
10000.0
 10
17647.70000000001
 20
10000.0
 10
17650.875
 20
10003.175000000105
 10
17650.875
 20
10247.649999999965
 10
17654.050000000017
 20
10250.824999999983
 10
18298.5750000001
 20
10250.824999999983
 10
18301.75
 20
10254.0
 10
18301.75
 20
10901.699999999983
 10
17000.0
 20
10901.699999999983
  0
TEXT
  5
21D
330
17
100
AcDbEntity
  8
NESTED_RESULT
100
AcDbText
 10
17382.007690429688
 20
10518.861352539054
 30
0.0
 40
80.0
  1
506-B
 72
1
 11
17382.007690429688
 21
10518.861352539054
 31
0.0
100
AcDbText
 73
2
  0
LWPOLYLINE
  5
21E
330
17
100
AcDbEntity
  8
NESTED_RESULT
100
AcDbPolyline
 90
10
 70
0
 10
18301.75
 20
10901.700000000012
 10
18301.75
 20
10000.0
 10
18949.45000000001
 20
10000.0
 10
18952.625
 20
10003.175000000017
 10
18952.625
 20
10247.650000000023
 10
18955.800000000017
 20
10250.825000000012
 10
19546.350000000006
 20
10250.825000000012
 10
19549.525000000023
 20
10254.0
 10
19549.525000000023
 20
10901.700000000012
 10
18301.75
 20
10901.700000000012
  0
TEXT
  5
21F
330
17
100
AcDbEntity
  8
NESTED_RESULT
100
AcDbText
 10
18684.063873291023
 20
10519.392327880867
 30
0.0
 40
80.0
  1
514-B
 72
1
 11
18684.063873291023
 21
10519.392327880867
 31
0.0
100
AcDbText
 73
2
  0
LWPOLYLINE
  5
220
330
17
100
AcDbEntity
  8
NESTED_RESULT
100
AcDbPolyline
 90
7
 70
0
 10
17000.0
 20
11552.575000000012
 10
18819.275000000023
 20
11552.575000000012
 10
18819.275000000023
 20
10904.87500000003
 10
18816.100000000006
 20
10901.700000000012
 10
17003.175000000017
 20
10901.700000000012
 10
17000.0
 20
10904.87500000003
 10
17000.0
 20
11552.575000000012
  0
LWPOLYLINE
  5
221
330
17
100
AcDbEntity
  8
NESTED_RESULT
100
AcDbPolyline
 90
9
 70
0
 10
17720.745000000024
 20
11403.350000000122
 10
18355.745000000024
 20
11403.350000000122
 10
18362.095
 20
11397.000000000116
 10
18362.095
 20
11016.00000000003
 10
18355.745000000024
 20
11009.650000000023
 10
17720.745000000024
 20
11009.650000000023
 10
17714.39500000002
 20
11016.00000000003
 10
17714.39500000002
 20
11397.000000000116
 10
17720.745000000024
 20
11403.350000000122
  0
LWPOLYLINE
  5
222
330
17
100
AcDbEntity
  8
NESTED_RESULT
100
AcDbPolyline
 90
64
 70
0
 10
18055.70750000002
 20
11458.912500000122
 10
18055.62072491483
 20
11460.651203521295
 10
18055.361262069084
 20
11462.372627025732
 10
18054.93169012107
 20
11464.059662233281
 10
18054.3362783498
 20
11465.69554263007
 10
18053.58094422499
 20
11467.26401010179
 10
18052.673194596515
 20
11468.749476514058
 10
18051.622051087994
 20
11470.137178634264
 10
18050.43796043584
 20
11471.413324855326
 10
18049.132690664992
 20
11472.565232262714
 10
18047.719214132783
 20
11473.581452683138
 10
18046.211578604067
 20
11474.451886461495
 10
18044.624767638015
 20
11475.167882835813
 10
18042.974551674968
 20
11475.722325912473
 10
18041.277331302525
 20
11476.10970538709
 10
18039.54997425928
 20
11476.326171308407
 10
18037.80964779554
 20
11476.369572340802
 10
18036.073648057616
 20
11476.23947714537
 10
18034.35922819082
 20
11475.937178666587
 10
18032.683426870004
 20
11475.46568128257
 10
18031.062898961594
 20
11474.829670946114
 10
18029.513750000013
 20
11474.0354686137
 10
18028.05137612362
 20
11473.090967424941
 10
18026.690311060986
 20
11472.00555425696
 10
18025.444081688183
 20
11470.790016433457
 10
18024.325073592656
 20
11469.456434515421
 10
18023.344407979515
 20
11468.018062239134
 10
18022.51183114428
 20
11466.48919479447
 10
18021.835617609555
 20
11464.885026752949
 10
18021.322487889236
 20
11463.221501057298
 10
18020.977541697066
 20
11461.515150573221
 10
18020.804207263252
 20
11459.782933778479
 10
18020.804207263252
 20
11458.042066221766
 10
18020.977541697066
 20
11456.309849427023
 10
18021.322487889236
 20
11454.603498942946
 10
18021.835617609555
 20
11452.939973247296
 10
18022.51183114428
 20
11451.335805205774
 10
18023.344407979515
 20
11449.80693776111
 10
18024.325073592656
 20
11448.368565484823
 10
18025.444081688183
 20
11447.034983566788
 10
18026.690311060986
 20
11445.819445743284
 10
18028.05137612362
 20
11444.734032575303
 10
18029.513750000013
 20
11443.789531386545
 10
18031.062898961594
 20
11442.99532905413
 10
18032.683426870004
 20
11442.359318717674
 10
18034.35922819082
 20
11441.887821333657
 10
18036.073648057616
 20
11441.585522854875
 10
18037.80964779554
 20
11441.455427659443
 10
18039.54997425928
 20
11441.498828691838
 10
18041.277331302525
 20
11441.715294613154
 10
18042.974551674968
 20
11442.102674087771
 10
18044.624767638015
 20
11442.657117164432
 10
18046.211578604067
 20
11443.37311353875
 10
18047.719214132783
 20
11444.243547317106
 10
18049.132690664992
 20
11445.25976773753
 10
18050.43796043584
 20
11446.411675144918
 10
18051.622051087994
 20
11447.68782136598
 10
18052.673194596515
 20
11449.075523486186
 10
18053.58094422499
 20
11450.560989898455
 10
18054.3362783498
 20
11452.129457370174
 10
18054.93169012107
 20
11453.765337766963
 10
18055.361262069084
 20
11455.452372974512
 10
18055.62072491483
 20
11457.17379647895
 10
18055.70750000002
 20
11458.912500000122
  0
TEXT
  5
223
330
17
100
AcDbEntity
  8
NESTED_RESULT
100
AcDbText
 10
17383.53124084473
 20
11226.915420532237
 30
0.0
 40
80.0
  1
512-A
 72
1
 11
17383.53124084473
 21
11226.915420532237
 31
0.0
100
AcDbText
 73
2
  0
LWPOLYLINE
  5
224
330
17
100
AcDbEntity
  8
NESTED_RESULT
100
AcDbPolyline
 90
5
 70
0
 10
19549.525000000023
 20
10000.0
 10
19549.525000000023
 20
11679.574999999983
 10
20133.725000000006
 20
11679.574999999983
 10
20133.725000000006
 20
10000.0
 10
19549.525000000023
 20
10000.0
  0
LWPOLYLINE
  5
225
330
17
100
AcDbEntity
  8
NESTED_RESULT
100
AcDbPolyline
 90
9
 70
0
 10
19714.62500000003
 20
10231.774999999994
 10
19714.62500000003
 20
10650.875
 10
19727.32500000001
 20
10663.574999999983
 10
19994.025000000023
 20
10663.574999999983
 10
20006.725000000006
 20
10650.875
 10
20006.725000000006
 20
10231.774999999994
 10
19994.025000000023
 20
10219.074999999983
 10
19727.32500000001
 20
10219.074999999983
 10
19714.62500000003
 20
10231.774999999994
  0
LWPOLYLINE
  5
226
330
17
100
AcDbEntity
  8
NESTED_RESULT
100
AcDbPolyline
 90
9
 70
0
 10
19714.62500000003
 20
11028.700000000099
 10
19714.62500000003
 20
11447.799999999988
 10
19727.32500000001
 20
11460.5
 10
19994.025000000023
 20
11460.5
 10
20006.725000000006
 20
11447.799999999988
 10
20006.725000000006
 20
11028.700000000099
 10
19994.025000000023
 20
11016.0
 10
19727.32500000001
 20
11016.0
 10
19714.62500000003
 20
11028.700000000099
  0
LWPOLYLINE
  5
227
330
17
100
AcDbEntity
  8
NESTED_RESULT
100
AcDbPolyline
 90
64
 70
0
 10
19646.362500000017
 20
10458.787499999977
 10
19644.623796478845
 20
10458.700724914786
 10
19642.902372974408
 20
10458.441262069042
 10
19641.21533776686
 20
10458.011690121028
 10
19639.57945737007
 20
10457.41627834976
 10
19638.01098989835
 20
10456.660944224946
 10
19636.52552348608
 20
10455.753194596473
 10
19635.137821365875
 20
10454.702051087952
 10
19633.861675144813
 20
10453.517960435798
 10
19632.709767737426
 20
10452.21269066495
 10
19631.693547317
 20
10450.799214132741
 10
19630.823113538645
 20
10449.291578604025
 10
19630.107117164327
 20
10447.704767637973
 10
19629.552674087667
 20
10446.054551674926
 10
19629.16529461305
 20
10444.357331302483
 10
19628.948828691733
 20
10442.629974259238
 10
19628.905427659338
 20
10440.889647795499
 10
19629.03552285477
 20
10439.153648057574
 10
19629.337821333553
 20
10437.439228190779
 10
19629.80931871757
 20
10435.763426869962
 10
19630.445329054026
 20
10434.142898961552
 10
19631.23953138644
 20
10432.59374999997
 10
19632.1840325752
 20
10431.13137612358
 10
19633.26944574318
 20
10429.770311060944
 10
19634.484983566683
 20
10428.524081688141
 10
19635.81856548472
 20
10427.405073592614
 10
19637.256937761005
 20
10426.424407979473
 10
19638.78580520567
 20
10425.591831144236
 10
19640.38997324719
 20
10424.915617609513
 10
19642.05349894284
 20
10424.402487889194
 10
19643.75984942692
 20
10424.057541697024
 10
19645.49206622166
 20
10423.88420726321
 10
19647.232933778374
 20
10423.88420726321
 10
19648.965150573116
 20
10424.057541697024
 10
19650.671501057193
 20
10424.402487889194
 10
19652.335026752844
 20
10424.915617609513
 10
19653.939194794366
 20
10425.591831144236
 10
19655.46806223903
 20
10426.424407979473
 10
19656.906434515317
 20
10427.405073592614
 10
19658.240016433352
 20
10428.524081688141
 10
19659.455554256856
 20
10429.770311060944
 10
19660.540967424837
 20
10431.13137612358
 10
19661.485468613595
 20
10432.59374999997
 10
19662.27967094601
 20
10434.142898961552
 10
19662.915681282466
 20
10435.763426869962
 10
19663.387178666482
 20
10437.439228190779
 10
19663.689477145264
 20
10439.153648057574
 10
19663.819572340697
 20
10440.889647795499
 10
19663.776171308302
 20
10442.629974259238
 10
19663.559705386986
 20
10444.357331302483
 10
19663.17232591237
 20
10446.054551674926
 10
19662.617882835708
 20
10447.704767637973
 10
19661.90188646139
 20
10449.291578604025
 10
19661.031452683033
 20
10450.799214132741
 10
19660.01523226261
 20
10452.21269066495
 10
19658.86332485522
 20
10453.517960435798
 10
19657.58717863416
 20
10454.702051087952
 10
19656.199476513953
 20
10455.753194596473
 10
19654.714010101685
 20
10456.660944224946
 10
19653.145542629965
 20
10457.41627834976
 10
19651.509662233177
 20
10458.011690121028
 10
19649.822627025627
 20
10458.441262069042
 10
19648.10120352119
 20
10458.700724914786
 10
19646.362500000017
 20
10458.787499999977
  0
LWPOLYLINE
  5
228
330
17
100
AcDbEntity
  8
NESTED_RESULT
100
AcDbPolyline
 90
64
 70
0
 10
19646.362500000017
 20
11255.712499999994
 10
19644.623796478845
 20
11255.625724914804
 10
19642.902372974408
 20
11255.36626206906
 10
19641.21533776686
 20
11254.936690121045
 10
19639.57945737007
 20
11254.341278349777
 10
19638.01098989835
 20
11253.585944224964
 10
19636.52552348608
 20
11252.67819459649
 10
19635.137821365875
 20
11251.62705108797
 10
19633.861675144813
 20
11250.442960435816
 10
19632.709767737426
 20
11249.137690664968
 10
19631.693547317
 20
11247.724214132759
 10
19630.823113538645
 20
11246.216578604042
 10
19630.107117164327
 20
11244.62976763799
 10
19629.552674087667
 20
11242.979551674944
 10
19629.16529461305
 20
11241.2823313025
 10
19628.948828691733
 20
11239.554974259256
 10
19628.905427659338
 20
11237.814647795516
 10
19629.03552285477
 20
11236.078648057592
 10
19629.337821333553
 20
11234.364228190796
 10
19629.80931871757
 20
11232.68842686998
 10
19630.445329054026
 20
11231.06789896157
 10
19631.23953138644
 20
11229.518749999988
 10
19632.1840325752
 20
11228.056376123597
 10
19633.26944574318
 20
11226.695311060961
 10
19634.484983566683
 20
11225.449081688159
 10
19635.81856548472
 20
11224.330073592631
 10
19637.256937761005
 20
11223.349407979491
 10
19638.78580520567
 20
11222.516831144254
 10
19640.38997324719
 20
11221.84061760953
 10
19642.05349894284
 20
11221.327487889212
 10
19643.75984942692
 20
11220.982541697042
 10
19645.49206622166
 20
11220.809207263228
 10
19647.232933778374
 20
11220.809207263228
 10
19648.965150573116
 20
11220.982541697042
 10
19650.671501057193
 20
11221.327487889212
 10
19652.335026752844
 20
11221.84061760953
 10
19653.939194794366
 20
11222.516831144254
 10
19655.46806223903
 20
11223.349407979491
 10
19656.906434515317
 20
11224.330073592631
 10
19658.240016433352
 20
11225.449081688159
 10
19659.455554256856
 20
11226.695311060961
 10
19660.540967424837
 20
11228.056376123597
 10
19661.485468613595
 20
11229.518749999988
 10
19662.27967094601
 20
11231.06789896157
 10
19662.915681282466
 20
11232.68842686998
 10
19663.387178666482
 20
11234.364228190796
 10
19663.689477145264
 20
11236.078648057592
 10
19663.819572340697
 20
11237.814647795516
 10
19663.776171308302
 20
11239.554974259256
 10
19663.559705386986
 20
11241.2823313025
 10
19663.17232591237
 20
11242.979551674944
 10
19662.617882835708
 20
11244.62976763799
 10
19661.90188646139
 20
11246.216578604042
 10
19661.031452683033
 20
11247.724214132759
 10
19660.01523226261
 20
11249.137690664968
 10
19658.86332485522
 20
11250.442960435816
 10
19657.58717863416
 20
11251.62705108797
 10
19656.199476513953
 20
11252.67819459649
 10
19654.714010101685
 20
11253.585944224964
 10
19653.145542629965
 20
11254.341278349777
 10
19651.509662233177
 20
11254.936690121045
 10
19649.822627025627
 20
11255.36626206906
 10
19648.10120352119
 20
11255.625724914804
 10
19646.362500000017
 20
11255.712499999994
  0
TEXT
  5
229
330
17
100
AcDbEntity
  8
NESTED_RESULT
100
AcDbText
 10
19841.625000000015
 20
10839.787499999991
 30
0.0
 40
80.0
  1
407-E
 72
1
 11
19841.625000000015
 21
10839.787499999991
 31
0.0
100
AcDbText
 73
2
  0
LWPOLYLINE
  5
22A
330
17
100
AcDbEntity
  8
NESTED_RESULT
100
AcDbPolyline
 90
7
 70
0
 10
18819.275000000023
 20
11549.399999999994
 10
19471.73800000004
 20
11549.399999999994
 10
19471.73800000004
 20
10904.874999999913
 10
19468.563000000024
 20
10901.700000000012
 10
18822.45000000004
 20
10901.700000000012
 10
18819.275000000023
 20
10904.874999999913
 10
18819.275000000023
 20
11549.399999999994
  0
TEXT
  5
22B
330
17
100
AcDbEntity
  8
NESTED_RESULT
100
AcDbText
 10
19145.506500000032
 20
11225.550000000003
 30
0.0
 40
80.0
  1
521-A
 72
1
 11
19145.506500000032
 21
11225.550000000003
 31
0.0
100
AcDbText
 73
2
  0
LWPOLYLINE
  5
22C
330
17
100
AcDbEntity
  8
NESTED_RESULT
 62
1
100
AcDbPolyline
 90
5
 70
0
 10
0.0
 20
12000.0
 10
3200.0
 20
12000.0
 10
3200.0
 20
13800.0
 10
0.0
 20
13800.0
 10
0.0
 20
12000.0
  0
TEXT
  5
22D
330
17
100
AcDbEntity
  8
NESTED_RESULT
 62
1
100
AcDbText
 10
0.0
 20
13830.0
 30
0.0
 40
50.0
  1
Sheet_37
 11
0.0
 21
13830.0
 31
0.0
100
AcDbText
 73
1
  0
LWPOLYLINE
  5
22E
330
17
100
AcDbEntity
  8
NESTED_RESULT
100
AcDbPolyline
 90
9
 70
0
 10
0.0
 20
12901.700000000012
 10
0.0
 20
12000.0
 10
1301.75
 20
12000.0
 10
1301.75
 20
12650.875
 10
654.0499999999884
 20
12650.875
 10
650.875
 20
12654.050000000017
 10
650.875
 20
12898.525000000023
 10
647.7000000000116
 20
12901.700000000012
 10
0.0
 20
12901.700000000012
  0
TEXT
  5
22F
330
17
100
AcDbEntity
  8
NESTED_RESULT
100
AcDbText
 10
382.0076904296875
 20
12382.838647460943
 30
0.0
 40
80.0
  1
408-A
 72
1
 11
382.0076904296875
 21
12382.838647460943
 31
0.0
100
AcDbText
 73
2
  0
LWPOLYLINE
  5
230
330
17
100
AcDbEntity
  8
NESTED_RESULT
100
AcDbPolyline
 90
7
 70
0
 10
3121.0250000000233
 20
12000.0
 10
1301.75
 20
12000.0
 10
1301.75
 20
12647.700000000012
 10
1304.9250000001048
 20
12650.875
 10
3117.850000000006
 20
12650.875
 10
3121.0250000000233
 20
12647.700000000012
 10
3121.0250000000233
 20
12000.0
  0
LWPOLYLINE
  5
231
330
17
100
AcDbEntity
  8
NESTED_RESULT
100
AcDbPolyline
 90
9
 70
0
 10
2401.8880000001227
 20
12149.224999999904
 10
1766.8880000000063
 20
12149.224999999904
 10
1760.5380000000005
 20
12155.575000000012
 10
1760.5380000000005
 20
12536.575000000012
 10
1766.8880000000063
 20
12542.925000000017
 10
2401.8880000001227
 20
12542.925000000017
 10
2408.2380000000994
 20
12536.575000000012
 10
2408.2380000000994
 20
12155.575000000012
 10
2401.8880000001227
 20
12149.224999999904
  0
LWPOLYLINE
  5
232
330
17
100
AcDbEntity
  8
NESTED_RESULT
100
AcDbPolyline
 90
64
 70
0
 10
2066.9255000001285
 20
12093.662500000006
 10
2067.012275085319
 20
12091.923796478834
 10
2067.2717379310634
 20
12090.202372974367
 10
2067.7013098790776
 20
12088.515337766847
 10
2068.2967216503457
 20
12086.879457370058
 10
2069.052055775159
 20
12085.310989898338
 10
2069.9598054036323
 20
12083.82552348607
 10
2071.0109489121533
 20
12082.437821365835
 10
2072.195039564307
 20
12081.161675144802
 10
2073.500309335155
 20
12080.009767737414
 10
2074.913785867364
 20
12078.99354731699
 10
2076.4214213960804
 20
12078.123113538633
 10
2078.008232362132
 20
12077.407117164286
 10
2079.658448325179
 20
12076.852674087626
 10
2081.3556686976226
 20
12076.465294613037
 10
2083.083025740867
 20
12076.248828691721
 10
2084.8233522046066
 20
12076.205427659326
 10
2086.559351942531
 20
12076.335522854759
 10
2088.2737718093267
 20
12076.637821333541
 10
2089.949573130143
 20
12077.109318717557
 10
2091.570101038553
 20
12077.745329054014
 10
2093.1192500001343
 20
12078.5395313864
 10
2094.5816238765256
 20
12079.484032575187
 10
2095.9426889391616
 20
12080.569445743167
 10
2097.188918311964
 20
12081.784983566671
 10
2098.3079264074913
 20
12083.118565484707
 10
2099.2885920206318
 20
12084.556937760994
 10
2100.1211688558687
 20
12086.085805205686
 10
2100.7973823905922
 20
12087.68997324718
 10
2101.310512110911
 20
12089.353498942859
 10
2101.655458303081
 20
12091.059849426907
 10
2101.8287927368947
 20
12092.79206622165
 10
2101.8287927368947
 20
12094.532933778362
 10
2101.655458303081
 20
12096.265150573105
 10
2101.310512110911
 20
12097.971501057153
 10
2100.7973823905922
 20
12099.635026752832
 10
2100.1211688558687
 20
12101.239194794325
 10
2099.2885920206318
 20
12102.768062239018
 10
2098.3079264074913
 20
12104.206434515305
 10
2097.188918311964
 20
12105.54001643334
 10
2095.9426889391616
 20
12106.755554256844
 10
2094.5816238765256
 20
12107.840967424825
 10
2093.1192500001343
 20
12108.785468613612
 10
2091.570101038553
 20
12109.579670945997
 10
2089.949573130143
 20
12110.215681282454
 10
2088.2737718093267
 20
12110.68717866647
 10
2086.559351942531
 20
12110.989477145253
 10
2084.8233522046066
 20
12111.119572340685
 10
2083.083025740867
 20
12111.07617130829
 10
2081.3556686976226
 20
12110.859705386974
 10
2079.658448325179
 20
12110.472325912386
 10
2078.008232362132
 20
12109.917882835725
 10
2076.4214213960804
 20
12109.201886461378
 10
2074.913785867364
 20
12108.331452683022
 10
2073.500309335155
 20
12107.315232262597
 10
2072.195039564307
 20
12106.16332485521
 10
2071.0109489121533
 20
12104.887178634177
 10
2069.9598054036323
 20
12103.499476513942
 10
2069.052055775159
 20
12102.014010101673
 10
2068.2967216503457
 20
12100.445542629954
 10
2067.7013098790776
 20
12098.809662233165
 10
2067.2717379310634
 20
12097.122627025645
 10
2067.012275085319
 20
12095.401203521178
 10
2066.9255000001285
 20
12093.662500000006
  0
TEXT
  5
233
330
17
100
AcDbEntity
  8
NESTED_RESULT
100
AcDbText
 10
2736.161282348651
 20
12325.215420532226
 30
0.0
 40
80.0
  1
514-A
 72
1
 11
2736.161282348651
 21
12325.215420532226
 31
0.0
100
AcDbText
 73
2
  0
LWPOLYLINE
  5
234
330
17
100
AcDbEntity
  8
NESTED_RESULT
100
AcDbPolyline
 90
10
 70
0
 10
654.25
 20
13552.574999999983
 10
654.25
 20
12650.875
 10
1902.0249999999942
 20
12650.875
 10
1902.0249999999942
 20
13298.574999999983
 10
1898.8500000000058
 20
13301.75
 10
1308.299999999901
 20
13301.75
 10
1305.1249999999127
 20
13304.924999999988
 10
1305.1249999999127
 20
13549.399999999994
 10
1301.9500000000116
 20
13552.574999999983
 10
654.25
 20
13552.574999999983
  0
TEXT
  5
235
330
17
100
AcDbEntity
  8
NESTED_RESULT
100
AcDbText
 10
1036.5638732910138
 20
13033.182672119132
 30
0.0
 40
80.0
  1
410-A
 72
1
 11
1036.5638732910138
 21
13033.182672119132
 31
0.0
100
AcDbText
 73
2
  0
LWPOLYLINE
  5
236
330
17
100
AcDbEntity
  8
NESTED_RESULT
100
AcDbPolyline
 90
10
 70
0
 10
1902.0249999999942
 20
13552.575000000012
 10
1902.0249999999942
 20
12650.875
 10
2549.725000000006
 20
12650.875
 10
2552.899999999994
 20
12654.050000000105
 10
2552.899999999994
 20
12898.525000000023
 10
2556.0749999999825
 20
12901.700000000012
 10
3146.625
 20
12901.700000000012
 10
3149.7999999999884
 20
12904.875000000116
 10
3149.7999999999884
 20
13552.575000000012
 10
1902.0249999999942
 20
13552.575000000012
  0
TEXT
  5
237
330
17
100
AcDbEntity
  8
NESTED_RESULT
100
AcDbText
 10
2284.3388732910084
 20
13170.267327880865
 30
0.0
 40
80.0
  1
414-B
 72
1
 11
2284.3388732910084
 21
13170.267327880865
 31
0.0
100
AcDbText
 73
2
  0
LWPOLYLINE
  5
238
330
17
100
AcDbEntity
  8
NESTED_RESULT
100
AcDbPolyline
 90
7
 70
0
 10
0.0
 20
13552.575000000012
 10
650.875
 20
13552.575000000012
 10
650.875
 20
12904.874999999913
 10
647.7000000000116
 20
12901.700000000012
 10
3.174999999901047
 20
12901.700000000012
 10
0.0
 20
12904.874999999913
 10
0.0
 20
13552.575000000012
  0
TEXT
  5
239
330
17
100
AcDbEntity
  8
NESTED_RESULT
100
AcDbText
 10
325.4375
 20
13227.137500000012
 30
0.0
 40
80.0
  1
421-A
 72
1
 11
325.4375
 21
13227.137500000012
 31
0.0
100
AcDbText
 73
2
  0
LWPOLYLINE
  5
23A
330
17
100
AcDbEntity
  8
NESTED_RESULT
 62
1
100
AcDbPolyline
 90
5
 70
0
 10
3400.0
 20
12000.0
 10
6600.0
 20
12000.0
 10
6600.0
 20
13800.0
 10
3400.0
 20
13800.0
 10
3400.0
 20
12000.0
  0
TEXT
  5
23B
330
17
100
AcDbEntity
  8
NESTED_RESULT
 62
1
100
AcDbText
 10
3400.0
 20
13830.0
 30
0.0
 40
50.0
  1
Sheet_38
 11
3400.0
 21
13830.0
 31
0.0
100
AcDbText
 73
1
  0
LWPOLYLINE
  5
23C
330
17
100
AcDbEntity
  8
NESTED_RESULT
100
AcDbPolyline
 90
6
 70
0
 10
3400.0
 20
12584.199999999983
 10
5057.350000000006
 20
12584.199999999983
 10
5057.350000000006
 20
12000.0
 10
3403.175000000003
 20
12000.0
 10
3400.0
 20
12003.174999999988
 10
3400.0
 20
12584.199999999983
  0
LWPOLYLINE
  5
23D
330
17
100
AcDbEntity
  8
NESTED_RESULT
100
AcDbPolyline
 90
9
 70
0
 10
4422.350000000006
 20
12419.099999999977
 10
4841.450000000012
 20
12419.099999999977
 10
4854.150000000009
 20
12406.399999999994
 10
4854.150000000009
 20
12139.699999999983
 10
4841.450000000012
 20
12127.0
 10
4422.350000000006
 20
12127.0
 10
4409.650000000009
 20
12139.699999999983
 10
4409.650000000009
 20
12406.399999999994
 10
4422.350000000006
 20
12419.099999999977
  0
LWPOLYLINE
  5
23E
330
17
100
AcDbEntity
  8
NESTED_RESULT
100
AcDbPolyline
 90
9
 70
0
 10
3622.25
 20
12419.099999999977
 10
4041.350000000006
 20
12419.099999999977
 10
4054.050000000003
 20
12406.399999999994
 10
4054.050000000003
 20
12139.699999999983
 10
4041.350000000006
 20
12127.0
 10
3622.25
 20
12127.0
 10
3609.550000000003
 20
12139.699999999983
 10
3609.550000000003
 20
12406.399999999994
 10
3622.25
 20
12419.099999999977
  0
LWPOLYLINE
  5
23F
330
17
100
AcDbEntity
  8
NESTED_RESULT
100
AcDbPolyline
 90
64
 70
0
 10
4649.362500000003
 20
12487.362499999988
 10
4649.275724914827
 20
12489.10120352116
 10
4649.016262069068
 20
12490.822627025598
 10
4648.586690121054
 20
12492.509662233148
 10
4647.9912783498
 20
12494.145542629936
 10
4647.235944224987
 20
12495.714010101656
 10
4646.328194596499
 20
12497.199476513924
 10
4645.277051087978
 20
12498.58717863413
 10
4644.092960435839
 20
12499.863324855192
 10
4642.787690664962
 20
12501.01523226258
 10
4641.3742141327675
 20
12502.031452683004
 10
4639.8665786040365
 20
12502.90188646136
 10
4638.279767638014
 20
12503.617882835679
 10
4636.629551674952
 20
12504.17232591234
 10
4634.932331302523
 20
12504.559705386957
 10
4633.204974259264
 20
12504.776171308273
 10
4631.464647795539
 20
12504.819572340668
 10
4629.7286480576
 20
12504.689477145235
 10
4628.01422819079
 20
12504.387178666453
 10
4626.338426869988
 20
12503.915681282437
 10
4624.717898961593
 20
12503.27967094598
 10
4623.168750000012
 20
12502.485468613566
 10
4621.706376123606
 20
12501.540967424808
 10
4620.34531106097
 20
12500.455554256827
 10
4619.099081688182
 20
12499.240016433323
 10
4617.980073592626
 20
12497.906434515287
 10
4616.999407979514
 20
12496.468062239
 10
4616.166831144263
 20
12494.939194794337
 10
4615.490617609539
 20
12493.335026752815
 10
4614.977487889235
 20
12491.671501057164
 10
4614.63254169705
 20
12489.965150573087
 10
4614.459207263222
 20
12488.232933778345
 10
4614.459207263222
 20
12486.492066221632
 10
4614.63254169705
 20
12484.75984942689
 10
4614.977487889235
 20
12483.053498942812
 10
4615.490617609539
 20
12481.389973247162
 10
4616.166831144263
 20
12479.78580520564
 10
4616.999407979514
 20
12478.256937760976
 10
4617.980073592626
 20
12476.81856548469
 10
4619.099081688182
 20
12475.484983566654
 10
4620.34531106097
 20
12474.26944574315
 10
4621.706376123606
 20
12473.18403257517
 10
4623.168750000012
 20
12472.23953138641
 10
4624.717898961593
 20
12471.445329053997
 10
4626.338426869988
 20
12470.80931871754
 10
4628.01422819079
 20
12470.337821333524
 10
4629.7286480576
 20
12470.035522854741
 10
4631.464647795539
 20
12469.905427659309
 10
4633.204974259264
 20
12469.948828691704
 10
4634.932331302523
 20
12470.16529461302
 10
4636.629551674952
 20
12470.552674087638
 10
4638.279767638014
 20
12471.107117164298
 10
4639.8665786040365
 20
12471.823113538616
 10
4641.3742141327675
 20
12472.693547316972
 10
4642.787690664962
 20
12473.709767737397
 10
4644.092960435839
 20
12474.861675144784
 10
4645.277051087978
 20
12476.137821365846
 10
4646.328194596499
 20
12477.525523486052
 10
4647.235944224987
 20
12479.010989898321
 10
4647.9912783498
 20
12480.57945737004
 10
4648.586690121054
 20
12482.21533776683
 10
4649.016262069068
 20
12483.902372974379
 10
4649.275724914827
 20
12485.623796478816
 10
4649.362500000003
 20
12487.362499999988
  0
LWPOLYLINE
  5
240
330
17
100
AcDbEntity
  8
NESTED_RESULT
100
AcDbPolyline
 90
64
 70
0
 10
3849.262499999997
 20
12487.362499999988
 10
3849.1757249148213
 20
12489.10120352116
 10
3848.916262069062
 20
12490.822627025598
 10
3848.486690121048
 20
12492.509662233148
 10
3847.8912783497944
 20
12494.145542629936
 10
3847.1359442249814
 20
12495.714010101656
 10
3846.2281945964933
 20
12497.199476513924
 10
3845.1770510879724
 20
12498.58717863413
 10
3843.992960435833
 20
12499.863324855192
 10
3842.687690664956
 20
12501.01523226258
 10
3841.2742141327617
 20
12502.031452683004
 10
3839.7665786040307
 20
12502.90188646136
 10
3838.1797676380083
 20
12503.617882835679
 10
3836.5295516749466
 20
12504.17232591234
 10
3834.8323313025176
 20
12504.559705386957
 10
3833.1049742592586
 20
12504.776171308273
 10
3831.3646477955335
 20
12504.819572340668
 10
3829.6286480575945
 20
12504.689477145235
 10
3827.9142281907843
 20
12504.387178666453
 10
3826.2384268699825
 20
12503.915681282437
 10
3824.6178989615873
 20
12503.27967094598
 10
3823.068750000006
 20
12502.485468613566
 10
3821.6063761236
 20
12501.540967424808
 10
3820.245311060964
 20
12500.455554256827
 10
3818.9990816881764
 20
12499.240016433323
 10
3817.8800735926197
 20
12497.906434515287
 10
3816.8994079795084
 20
12496.468062239
 10
3816.066831144257
 20
12494.939194794337
 10
3815.3906176095334
 20
12493.335026752815
 10
3814.877487889229
 20
12491.671501057164
 10
3814.5325416970445
 20
12489.965150573087
 10
3814.3592072632164
 20
12488.232933778345
 10
3814.3592072632164
 20
12486.492066221632
 10
3814.5325416970445
 20
12484.75984942689
 10
3814.877487889229
 20
12483.053498942812
 10
3815.3906176095334
 20
12481.389973247162
 10
3816.066831144257
 20
12479.78580520564
 10
3816.8994079795084
 20
12478.256937760976
 10
3817.8800735926197
 20
12476.81856548469
 10
3818.9990816881764
 20
12475.484983566654
 10
3820.245311060964
 20
12474.26944574315
 10
3821.6063761236
 20
12473.18403257517
 10
3823.068750000006
 20
12472.23953138641
 10
3824.6178989615873
 20
12471.445329053997
 10
3826.2384268699825
 20
12470.80931871754
 10
3827.9142281907843
 20
12470.337821333524
 10
3829.6286480575945
 20
12470.035522854741
 10
3831.3646477955335
 20
12469.905427659309
 10
3833.1049742592586
 20
12469.948828691704
 10
3834.8323313025176
 20
12470.16529461302
 10
3836.5295516749466
 20
12470.552674087638
 10
3838.1797676380083
 20
12471.107117164298
 10
3839.7665786040307
 20
12471.823113538616
 10
3841.2742141327617
 20
12472.693547316972
 10
3842.687690664956
 20
12473.709767737397
 10
3843.992960435833
 20
12474.861675144784
 10
3845.1770510879724
 20
12476.137821365846
 10
3846.2281945964933
 20
12477.525523486052
 10
3847.1359442249814
 20
12479.010989898321
 10
3847.8912783497944
 20
12480.57945737004
 10
3848.486690121048
 20
12482.21533776683
 10
3848.916262069062
 20
12483.902372974379
 10
3849.1757249148213
 20
12485.623796478816
 10
3849.262499999997
 20
12487.362499999988
  0
TEXT
  5
241
330
17
100
AcDbEntity
  8
NESTED_RESULT
100
AcDbText
 10
4231.850000000006
 20
12273.049999999988
 30
0.0
 40
80.0
  1
506-D
 72
1
 11
4231.850000000006
 21
12273.049999999988
 31
0.0
100
AcDbText
 73
2
  0
LWPOLYLINE
  5
242
330
17
100
AcDbEntity
  8
NESTED_RESULT
100
AcDbPolyline
 90
6
 70
0
 10
3400.0
 20
13168.399999999994
 10
5057.349999999977
 20
13168.399999999994
 10
5057.349999999977
 20
12584.199999999983
 10
3403.1749999999884
 20
12584.199999999983
 10
3400.0
 20
12587.375
 10
3400.0
 20
13168.399999999994
  0
LWPOLYLINE
  5
243
330
17
100
AcDbEntity
  8
NESTED_RESULT
100
AcDbPolyline
 90
9
 70
0
 10
3615.899999999994
 20
13003.299999999988
 10
4035.0
 20
13003.299999999988
 10
4047.6999999999825
 20
12990.600000000006
 10
4047.6999999999825
 20
12723.899999999994
 10
4035.0
 20
12711.200000000099
 10
3615.899999999994
 20
12711.200000000099
 10
3603.1999999999825
 20
12723.899999999994
 10
3603.1999999999825
 20
12990.600000000006
 10
3615.899999999994
 20
13003.299999999988
  0
LWPOLYLINE
  5
244
330
17
100
AcDbEntity
  8
NESTED_RESULT
100
AcDbPolyline
 90
9
 70
0
 10
4416.0
 20
13003.299999999988
 10
4835.099999999977
 20
13003.299999999988
 10
4847.799999999988
 20
12990.600000000006
 10
4847.799999999988
 20
12723.899999999994
 10
4835.099999999977
 20
12711.200000000099
 10
4416.0
 20
12711.200000000099
 10
4403.299999999988
 20
12723.899999999994
 10
4403.299999999988
 20
12990.600000000006
 10
4416.0
 20
13003.299999999988
  0
LWPOLYLINE
  5
245
330
17
100
AcDbEntity
  8
NESTED_RESULT
100
AcDbPolyline
 90
64
 70
0
 10
3842.9124999999767
 20
13071.5625
 10
3842.8257249147864
 20
13073.301203521172
 10
3842.566262069042
 20
13075.02262702561
 10
3842.1366901210276
 20
13076.70966223316
 10
3841.5412783497595
 20
13078.345542629948
 10
3840.7859442249464
 20
13079.914010101667
 10
3839.878194596473
 20
13081.399476513936
 10
3838.827051087952
 20
13082.787178634142
 10
3837.642960435798
 20
13084.063324855204
 10
3836.33769066495
 20
13085.215232262592
 10
3834.9242141327413
 20
13086.231452683016
 10
3833.416578604025
 20
13087.101886461372
 10
3831.8297676379734
 20
13087.81788283569
 10
3830.179551674926
 20
13088.37232591235
 10
3828.4823313024826
 20
13088.759705386969
 10
3826.754974259238
 20
13088.976171308284
 10
3825.0146477954986
 20
13089.01957234068
 10
3823.278648057574
 20
13088.889477145247
 10
3821.5642281907785
 20
13088.587178666465
 10
3819.888426869962
 20
13088.115681282448
 10
3818.2678989615524
 20
13087.479670945992
 10
3816.718749999971
 20
13086.685468613578
 10
3815.2563761235797
 20
13085.74096742482
 10
3813.8953110609436
 20
13084.655554256839
 10
3812.6490816881415
 20
13083.440016433335
 10
3811.530073592614
 20
13082.106434515299
 10
3810.5494079794735
 20
13080.668062239012
 10
3809.7168311442365
 20
13079.139194794348
 10
3809.040617609513
 20
13077.535026752827
 10
3808.527487889194
 20
13075.871501057176
 10
3808.182541697024
 20
13074.165150573099
 10
3808.0092072632106
 20
13072.432933778357
 10
3808.0092072632106
 20
13070.692066221643
 10
3808.182541697024
 20
13068.959849426901
 10
3808.527487889194
 20
13067.253498942824
 10
3809.040617609513
 20
13065.589973247173
 10
3809.7168311442365
 20
13063.985805205652
 10
3810.5494079794735
 20
13062.456937760988
 10
3811.530073592614
 20
13061.018565484701
 10
3812.6490816881415
 20
13059.684983566665
 10
3813.8953110609436
 20
13058.469445743161
 10
3815.2563761235797
 20
13057.38403257518
 10
3816.718749999971
 20
13056.439531386422
 10
3818.2678989615524
 20
13055.645329054008
 10
3819.888426869962
 20
13055.009318717552
 10
3821.5642281907785
 20
13054.537821333535
 10
3823.278648057574
 20
13054.235522854753
 10
3825.0146477954986
 20
13054.10542765932
 10
3826.754974259238
 20
13054.148828691716
 10
3828.4823313024826
 20
13054.365294613031
 10
3830.179551674926
 20
13054.75267408765
 10
3831.8297676379734
 20
13055.30711716431
 10
3833.416578604025
 20
13056.023113538628
 10
3834.9242141327413
 20
13056.893547316984
 10
3836.33769066495
 20
13057.909767737408
 10
3837.642960435798
 20
13059.061675144796
 10
3838.827051087952
 20
13060.337821365858
 10
3839.878194596473
 20
13061.725523486064
 10
3840.7859442249464
 20
13063.210989898333
 10
3841.5412783497595
 20
13064.779457370052
 10
3842.1366901210276
 20
13066.41533776684
 10
3842.566262069042
 20
13068.10237297439
 10
3842.8257249147864
 20
13069.823796478828
 10
3842.9124999999767
 20
13071.5625
  0
LWPOLYLINE
  5
246
330
17
100
AcDbEntity
  8
NESTED_RESULT
100
AcDbPolyline
 90
64
 70
0
 10
4643.0124999999825
 20
13071.5625
 10
4642.925724914792
 20
13073.301203521172
 10
4642.666262069048
 20
13075.02262702561
 10
4642.2366901210335
 20
13076.70966223316
 10
4641.641278349765
 20
13078.345542629948
 10
4640.885944224952
 20
13079.914010101667
 10
4639.978194596479
 20
13081.399476513936
 10
4638.927051087958
 20
13082.787178634142
 10
4637.742960435804
 20
13084.063324855204
 10
4636.437690664956
 20
13085.215232262592
 10
4635.024214132747
 20
13086.231452683016
 10
4633.516578604031
 20
13087.101886461372
 10
4631.929767637979
 20
13087.81788283569
 10
4630.279551674932
 20
13088.37232591235
 10
4628.5823313024885
 20
13088.759705386969
 10
4626.854974259244
 20
13088.976171308284
 10
4625.114647795504
 20
13089.01957234068
 10
4623.37864805758
 20
13088.889477145247
 10
4621.664228190784
 20
13088.587178666465
 10
4619.988426869968
 20
13088.115681282448
 10
4618.367898961558
 20
13087.479670945992
 10
4616.818749999977
 20
13086.685468613578
 10
4615.3563761235855
 20
13085.74096742482
 10
4613.9953110609495
 20
13084.655554256839
 10
4612.749081688147
 20
13083.440016433335
 10
4611.63007359262
 20
13082.106434515299
 10
4610.649407979479
 20
13080.668062239012
 10
4609.816831144242
 20
13079.139194794348
 10
4609.140617609519
 20
13077.535026752827
 10
4608.6274878892
 20
13075.871501057176
 10
4608.28254169703
 20
13074.165150573099
 10
4608.109207263216
 20
13072.432933778357
 10
4608.109207263216
 20
13070.692066221643
 10
4608.28254169703
 20
13068.959849426901
 10
4608.6274878892
 20
13067.253498942824
 10
4609.140617609519
 20
13065.589973247173
 10
4609.816831144242
 20
13063.985805205652
 10
4610.649407979479
 20
13062.456937760988
 10
4611.63007359262
 20
13061.018565484701
 10
4612.749081688147
 20
13059.684983566665
 10
4613.9953110609495
 20
13058.469445743161
 10
4615.3563761235855
 20
13057.38403257518
 10
4616.818749999977
 20
13056.439531386422
 10
4618.367898961558
 20
13055.645329054008
 10
4619.988426869968
 20
13055.009318717552
 10
4621.664228190784
 20
13054.537821333535
 10
4623.37864805758
 20
13054.235522854753
 10
4625.114647795504
 20
13054.10542765932
 10
4626.854974259244
 20
13054.148828691716
 10
4628.5823313024885
 20
13054.365294613031
 10
4630.279551674932
 20
13054.75267408765
 10
4631.929767637979
 20
13055.30711716431
 10
4633.516578604031
 20
13056.023113538628
 10
4635.024214132747
 20
13056.893547316984
 10
4636.437690664956
 20
13057.909767737408
 10
4637.742960435804
 20
13059.061675144796
 10
4638.927051087958
 20
13060.337821365858
 10
4639.978194596479
 20
13061.725523486064
 10
4640.885944224952
 20
13063.210989898333
 10
4641.641278349765
 20
13064.779457370052
 10
4642.2366901210335
 20
13066.41533776684
 10
4642.666262069048
 20
13068.10237297439
 10
4642.925724914792
 20
13069.823796478828
 10
4643.0124999999825
 20
13071.5625
  0
TEXT
  5
247
330
17
100
AcDbEntity
  8
NESTED_RESULT
100
AcDbText
 10
4225.499999999985
 20
12857.25
 30
0.0
 40
80.0
  1
409-D
 72
1
 11
4225.499999999985
 21
12857.25
 31
0.0
100
AcDbText
 73
2
  0
LWPOLYLINE
  5
248
330
17
100
AcDbEntity
  8
NESTED_RESULT
100
AcDbPolyline
 90
5
 70
0
 10
6565.475000000006
 20
12587.375
 10
5057.350000000006
 20
12587.375
 10
5057.350000000006
 20
12000.0
 10
6565.475000000006
 20
12000.0
 10
6565.475000000006
 20
12587.375
  0
LWPOLYLINE
  5
249
330
17
100
AcDbEntity
  8
NESTED_RESULT
100
AcDbPolyline
 90
9
 70
0
 10
5254.1999999999825
 20
12419.100000000006
 10
5673.299999999901
 20
12419.100000000006
 10
5686.0
 20
12406.399999999994
 10
5686.0
 20
12139.700000000012
 10
5673.299999999901
 20
12127.0
 10
5254.1999999999825
 20
12127.0
 10
5241.5
 20
12139.700000000012
 10
5241.5
 20
12406.399999999994
 10
5254.1999999999825
 20
12419.100000000006
  0
LWPOLYLINE
  5
24A
330
17
100
AcDbEntity
  8
NESTED_RESULT
100
AcDbPolyline
 90
9
 70
0
 10
5946.350000000006
 20
12419.100000000006
 10
6365.449999999895
 20
12419.100000000006
 10
6378.149999999907
 20
12406.399999999994
 10
6378.149999999907
 20
12139.700000000012
 10
6365.449999999895
 20
12127.0
 10
5946.350000000006
 20
12127.0
 10
5933.649999999994
 20
12139.700000000012
 10
5933.649999999994
 20
12406.399999999994
 10
5946.350000000006
 20
12419.100000000006
  0
LWPOLYLINE
  5
24B
330
17
100
AcDbEntity
  8
NESTED_RESULT
100
AcDbPolyline
 90
64
 70
0
 10
5481.212499999994
 20
12487.362500000017
 10
5481.125724914804
 20
12489.10120352119
 10
5480.866262069059
 20
12490.822627025627
 10
5480.436690121045
 20
12492.509662233177
 10
5479.841278349777
 20
12494.145542629965
 10
5479.085944224964
 20
12495.714010101685
 10
5478.17819459649
 20
12497.199476513953
 10
5477.127051087969
 20
12498.58717863416
 10
5475.942960435816
 20
12499.863324855221
 10
5474.6376906649675
 20
12501.015232262609
 10
5473.224214132759
 20
12502.031452683033
 10
5471.716578604042
 20
12502.90188646139
 10
5470.129767637991
 20
12503.617882835708
 10
5468.479551674944
 20
12504.172325912368
 10
5466.7823313025
 20
12504.559705386986
 10
5465.054974259256
 20
12504.776171308302
 10
5463.314647795516
 20
12504.819572340697
 10
5461.578648057592
 20
12504.689477145264
 10
5459.864228190796
 20
12504.387178666482
 10
5458.18842686998
 20
12503.915681282466
 10
5456.56789896157
 20
12503.279670946009
 10
5455.018749999988
 20
12502.485468613595
 10
5453.556376123597
 20
12501.540967424837
 10
5452.195311060961
 20
12500.455554256856
 10
5450.949081688159
 20
12499.240016433352
 10
5449.830073592631
 20
12497.906434515317
 10
5448.849407979491
 20
12496.46806223903
 10
5448.016831144254
 20
12494.939194794366
 10
5447.34061760953
 20
12493.335026752844
 10
5446.827487889212
 20
12491.671501057193
 10
5446.482541697042
 20
12489.965150573116
 10
5446.309207263228
 20
12488.232933778374
 10
5446.309207263228
 20
12486.492066221661
 10
5446.482541697042
 20
12484.759849426919
 10
5446.827487889212
 20
12483.053498942842
 10
5447.34061760953
 20
12481.389973247191
 10
5448.016831144254
 20
12479.785805205669
 10
5448.849407979491
 20
12478.256937761005
 10
5449.830073592631
 20
12476.818565484718
 10
5450.949081688159
 20
12475.484983566683
 10
5452.195311060961
 20
12474.269445743179
 10
5453.556376123597
 20
12473.184032575198
 10
5455.018749999988
 20
12472.23953138644
 10
5456.56789896157
 20
12471.445329054026
 10
5458.18842686998
 20
12470.80931871757
 10
5459.864228190796
 20
12470.337821333553
 10
5461.578648057592
 20
12470.03552285477
 10
5463.314647795516
 20
12469.905427659338
 10
5465.054974259256
 20
12469.948828691733
 10
5466.7823313025
 20
12470.165294613049
 10
5468.479551674944
 20
12470.552674087667
 10
5470.129767637991
 20
12471.107117164327
 10
5471.716578604042
 20
12471.823113538645
 10
5473.224214132759
 20
12472.693547317002
 10
5474.6376906649675
 20
12473.709767737426
 10
5475.942960435816
 20
12474.861675144813
 10
5477.127051087969
 20
12476.137821365875
 10
5478.17819459649
 20
12477.525523486082
 10
5479.085944224964
 20
12479.01098989835
 10
5479.841278349777
 20
12480.57945737007
 10
5480.436690121045
 20
12482.215337766858
 10
5480.866262069059
 20
12483.902372974408
 10
5481.125724914804
 20
12485.623796478845
 10
5481.212499999994
 20
12487.362500000017
  0
LWPOLYLINE
  5
24C
330
17
100
AcDbEntity
  8
NESTED_RESULT
100
AcDbPolyline
 90
64
 70
0
 10
6173.362499999988
 20
12487.362500000017
 10
6173.275724914798
 20
12489.10120352119
 10
6173.0162620690535
 20
12490.822627025627
 10
6172.586690121039
 20
12492.509662233177
 10
6171.991278349771
 20
12494.145542629965
 10
6171.235944224958
 20
12495.714010101685
 10
6170.3281945964845
 20
12497.199476513953
 10
6169.277051087964
 20
12498.58717863416
 10
6168.09296043581
 20
12499.863324855221
 10
6166.787690664962
 20
12501.015232262609
 10
6165.374214132753
 20
12502.031452683033
 10
6163.8665786040365
 20
12502.90188646139
 10
6162.279767637985
 20
12503.617882835708
 10
6160.629551674938
 20
12504.172325912368
 10
6158.932331302494
 20
12504.559705386986
 10
6157.20497425925
 20
12504.776171308302
 10
6155.46464779551
 20
12504.819572340697
 10
6153.728648057586
 20
12504.689477145264
 10
6152.01422819079
 20
12504.387178666482
 10
6150.338426869974
 20
12503.915681282466
 10
6148.717898961564
 20
12503.279670946009
 10
6147.1687499999825
 20
12502.485468613595
 10
6145.706376123591
 20
12501.540967424837
 10
6144.345311060955
 20
12500.455554256856
 10
6143.099081688153
 20
12499.240016433352
 10
6141.980073592626
 20
12497.906434515317
 10
6140.999407979485
 20
12496.46806223903
 10
6140.166831144248
 20
12494.939194794366
 10
6139.490617609525
 20
12493.335026752844
 10
6138.977487889206
 20
12491.671501057193
 10
6138.632541697036
 20
12489.965150573116
 10
6138.459207263222
 20
12488.232933778374
 10
6138.459207263222
 20
12486.492066221661
 10
6138.632541697036
 20
12484.759849426919
 10
6138.977487889206
 20
12483.053498942842
 10
6139.490617609525
 20
12481.389973247191
 10
6140.166831144248
 20
12479.785805205669
 10
6140.999407979485
 20
12478.256937761005
 10
6141.980073592626
 20
12476.818565484718
 10
6143.099081688153
 20
12475.484983566683
 10
6144.345311060955
 20
12474.269445743179
 10
6145.706376123591
 20
12473.184032575198
 10
6147.1687499999825
 20
12472.23953138644
 10
6148.717898961564
 20
12471.445329054026
 10
6150.338426869974
 20
12470.80931871757
 10
6152.01422819079
 20
12470.337821333553
 10
6153.728648057586
 20
12470.03552285477
 10
6155.46464779551
 20
12469.905427659338
 10
6157.20497425925
 20
12469.948828691733
 10
6158.932331302494
 20
12470.165294613049
 10
6160.629551674938
 20
12470.552674087667
 10
6162.279767637985
 20
12471.107117164327
 10
6163.8665786040365
 20
12471.823113538645
 10
6165.374214132753
 20
12472.693547317002
 10
6166.787690664962
 20
12473.709767737426
 10
6168.09296043581
 20
12474.861675144813
 10
6169.277051087964
 20
12476.137821365875
 10
6170.3281945964845
 20
12477.525523486082
 10
6171.235944224958
 20
12479.01098989835
 10
6171.991278349771
 20
12480.57945737007
 10
6172.586690121039
 20
12482.215337766858
 10
6173.0162620690535
 20
12483.902372974408
 10
6173.275724914798
 20
12485.623796478845
 10
6173.362499999988
 20
12487.362500000017
  0
TEXT
  5
24D
330
17
100
AcDbEntity
  8
NESTED_RESULT
100
AcDbText
 10
5809.755624389654
 20
12454.404434204102
 30
0.0
 40
80.0
  1
521-E
 72
1
 11
5809.755624389654
 21
12454.404434204102
 31
0.0
100
AcDbText
 73
2
  0
LWPOLYLINE
  5
24E
330
17
100
AcDbEntity
  8
NESTED_RESULT
100
AcDbPolyline
 90
6
 70
0
 10
3400.0
 20
13752.599999999977
 10
5057.350000000006
 20
13752.599999999977
 10
5057.350000000006
 20
13171.574999999983
 10
5054.1750000000175
 20
13168.399999999994
 10
3400.0
 20
13168.399999999994
 10
3400.0
 20
13752.599999999977
  0
LWPOLYLINE
  5
24F
330
17
100
AcDbEntity
  8
NESTED_RESULT
100
AcDbPolyline
 90
9
 70
0
 10
3622.2499999999127
 20
13587.5
 10
4041.3499999999185
 20
13587.5
 10
4054.049999999901
 20
13574.799999999988
 10
4054.049999999901
 20
13308.099999999977
 10
4041.3499999999185
 20
13295.399999999994
 10
3622.2499999999127
 20
13295.399999999994
 10
3609.549999999901
 20
13308.099999999977
 10
3609.549999999901
 20
13574.799999999988
 10
3622.2499999999127
 20
13587.5
  0
LWPOLYLINE
  5
250
330
17
100
AcDbEntity
  8
NESTED_RESULT
100
AcDbPolyline
 90
9
 70
0
 10
4422.3499999999185
 20
13587.5
 10
4841.449999999895
 20
13587.5
 10
4854.149999999907
 20
13574.799999999988
 10
4854.149999999907
 20
13308.099999999977
 10
4841.449999999895
 20
13295.399999999994
 10
4422.3499999999185
 20
13295.399999999994
 10
4409.649999999907
 20
13308.099999999977
 10
4409.649999999907
 20
13574.799999999988
 10
4422.3499999999185
 20
13587.5
  0
LWPOLYLINE
  5
251
330
17
100
AcDbEntity
  8
NESTED_RESULT
100
AcDbPolyline
 90
64
 70
0
 10
3849.262499999895
 20
13655.762499999983
 10
3849.175724914705
 20
13657.501203521155
 10
3848.9162620689604
 20
13659.222627025592
 10
3848.486690120946
 20
13660.909662233142
 10
3847.891278349678
 20
13662.54554262993
 10
3847.135944224865
 20
13664.11401010165
 10
3846.2281945963914
 20
13665.599476513918
 10
3845.1770510878705
 20
13666.987178634125
 10
3843.9929604357167
 20
13668.263324855187
 10
3842.6876906648686
 20
13669.415232262574
 10
3841.27421413266
 20
13670.431452682998
 10
3839.7665786039433
 20
13671.301886461355
 10
3838.179767637892
 20
13672.017882835673
 10
3836.5295516748447
 20
13672.572325912333
 10
3834.832331302401
 20
13672.959705386951
 10
3833.1049742591567
 20
13673.176171308267
 10
3831.364647795417
 20
13673.219572340662
 10
3829.6286480574927
 20
13673.08947714523
 10
3827.914228190697
 20
13672.787178666447
 10
3826.2384268698806
 20
13672.31568128243
 10
3824.617898961471
 20
13671.679670945974
 10
3823.0687499998894
 20
13670.88546861356
 10
3821.606376123498
 20
13669.940967424802
 10
3820.245311060862
 20
13668.855554256821
 10
3818.99908168806
 20
13667.640016433317
 10
3817.8800735925324
 20
13666.306434515282
 10
3816.899407979392
 20
13664.868062238995
 10
3816.066831144155
 20
13663.339194794331
 10
3815.3906176094315
 20
13661.735026752809
 10
3814.8774878891127
 20
13660.071501057158
 10
3814.5325416969426
 20
13658.365150573081
 10
3814.359207263129
 20
13656.632933778339
 10
3814.359207263129
 20
13654.892066221626
 10
3814.5325416969426
 20
13653.159849426884
 10
3814.8774878891127
 20
13651.453498942807
 10
3815.3906176094315
 20
13649.789973247156
 10
3816.066831144155
 20
13648.185805205634
 10
3816.899407979392
 20
13646.65693776097
 10
3817.8800735925324
 20
13645.218565484683
 10
3818.99908168806
 20
13643.884983566648
 10
3820.245311060862
 20
13642.669445743144
 10
3821.606376123498
 20
13641.584032575163
 10
3823.0687499998894
 20
13640.639531386405
 10
3824.617898961471
 20
13639.845329053991
 10
3826.2384268698806
 20
13639.209318717534
 10
3827.914228190697
 20
13638.737821333518
 10
3829.6286480574927
 20
13638.435522854736
 10
3831.364647795417
 20
13638.305427659303
 10
3833.1049742591567
 20
13638.348828691698
 10
3834.832331302401
 20
13638.565294613014
 10
3836.5295516748447
 20
13638.952674087632
 10
3838.179767637892
 20
13639.507117164292
 10
3839.7665786039433
 20
13640.22311353861
 10
3841.27421413266
 20
13641.093547316967
 10
3842.6876906648686
 20
13642.109767737391
 10
3843.9929604357167
 20
13643.261675144779
 10
3845.1770510878705
 20
13644.53782136584
 10
3846.2281945963914
 20
13645.925523486047
 10
3847.135944224865
 20
13647.410989898315
 10
3847.891278349678
 20
13648.979457370035
 10
3848.486690120946
 20
13650.615337766823
 10
3848.9162620689604
 20
13652.302372974373
 10
3849.175724914705
 20
13654.02379647881
 10
3849.262499999895
 20
13655.762499999983
  0
LWPOLYLINE
  5
252
330
17
100
AcDbEntity
  8
NESTED_RESULT
100
AcDbPolyline
 90
64
 70
0
 10
4649.362499999901
 20
13655.762499999983
 10
4649.275724914711
 20
13657.501203521155
 10
4649.016262068966
 20
13659.222627025592
 10
4648.586690120952
 20
13660.909662233142
 10
4647.991278349684
 20
13662.54554262993
 10
4647.235944224871
 20
13664.11401010165
 10
4646.328194596397
 20
13665.599476513918
 10
4645.277051087876
 20
13666.987178634125
 10
4644.0929604357225
 20
13668.263324855187
 10
4642.787690664874
 20
13669.415232262574
 10
4641.374214132666
 20
13670.431452682998
 10
4639.866578603949
 20
13671.301886461355
 10
4638.279767637898
 20
13672.017882835673
 10
4636.6295516748505
 20
13672.572325912333
 10
4634.932331302407
 20
13672.959705386951
 10
4633.204974259163
 20
13673.176171308267
 10
4631.464647795423
 20
13673.219572340662
 10
4629.7286480574985
 20
13673.08947714523
 10
4628.014228190703
 20
13672.787178666447
 10
4626.3384268698865
 20
13672.31568128243
 10
4624.717898961477
 20
13671.679670945974
 10
4623.168749999895
 20
13670.88546861356
 10
4621.706376123504
 20
13669.940967424802
 10
4620.345311060868
 20
13668.855554256821
 10
4619.099081688066
 20
13667.640016433317
 10
4617.980073592538
 20
13666.306434515282
 10
4616.999407979398
 20
13664.868062238995
 10
4616.166831144161
 20
13663.339194794331
 10
4615.490617609437
 20
13661.735026752809
 10
4614.9774878891185
 20
13660.071501057158
 10
4614.6325416969485
 20
13658.365150573081
 10
4614.459207263135
 20
13656.632933778339
 10
4614.459207263135
 20
13654.892066221626
 10
4614.6325416969485
 20
13653.159849426884
 10
4614.9774878891185
 20
13651.453498942807
 10
4615.490617609437
 20
13649.789973247156
 10
4616.166831144161
 20
13648.185805205634
 10
4616.999407979398
 20
13646.65693776097
 10
4617.980073592538
 20
13645.218565484683
 10
4619.099081688066
 20
13643.884983566648
 10
4620.345311060868
 20
13642.669445743144
 10
4621.706376123504
 20
13641.584032575163
 10
4623.168749999895
 20
13640.639531386405
 10
4624.717898961477
 20
13639.845329053991
 10
4626.3384268698865
 20
13639.209318717534
 10
4628.014228190703
 20
13638.737821333518
 10
4629.7286480574985
 20
13638.435522854736
 10
4631.464647795423
 20
13638.305427659303
 10
4633.204974259163
 20
13638.348828691698
 10
4634.932331302407
 20
13638.565294613014
 10
4636.6295516748505
 20
13638.952674087632
 10
4638.279767637898
 20
13639.507117164292
 10
4639.866578603949
 20
13640.22311353861
 10
4641.374214132666
 20
13641.093547316967
 10
4642.787690664874
 20
13642.109767737391
 10
4644.0929604357225
 20
13643.261675144779
 10
4645.277051087876
 20
13644.53782136584
 10
4646.328194596397
 20
13645.925523486047
 10
4647.235944224871
 20
13647.410989898315
 10
4647.991278349684
 20
13648.979457370035
 10
4648.586690120952
 20
13650.615337766823
 10
4649.016262068966
 20
13652.302372974373
 10
4649.275724914711
 20
13654.02379647881
 10
4649.362499999901
 20
13655.762499999983
  0
TEXT
  5
253
330
17
100
AcDbEntity
  8
NESTED_RESULT
100
AcDbText
 10
4231.849999999904
 20
13441.449999999983
 30
0.0
 40
80.0
  1
408-D
 72
1
 11
4231.849999999904
 21
13441.449999999983
 31
0.0
100
AcDbText
 73
2
  0
LWPOLYLINE
  5
254
330
17
100
AcDbEntity
  8
NESTED_RESULT
100
AcDbPolyline
 90
5
 70
0
 10
5057.350000000006
 20
13171.674999999988
 10
6575.000000000029
 20
13171.674999999988
 10
6575.000000000029
 20
12587.375
 10
5057.350000000006
 20
12587.375
 10
5057.350000000006
 20
13171.674999999988
  0
LWPOLYLINE
  5
255
330
17
100
AcDbEntity
  8
NESTED_RESULT
100
AcDbPolyline
 90
9
 70
0
 10
5959.0500000000175
 20
13006.474999999977
 10
6378.150000000023
 20
13006.474999999977
 10
6390.850000000006
 20
12993.774999999994
 10
6390.850000000006
 20
12727.074999999983
 10
6378.150000000023
 20
12714.375
 10
5959.0500000000175
 20
12714.375
 10
5946.350000000006
 20
12727.074999999983
 10
5946.350000000006
 20
12993.774999999994
 10
5959.0500000000175
 20
13006.474999999977
  0
LWPOLYLINE
  5
256
330
17
100
AcDbEntity
  8
NESTED_RESULT
100
AcDbPolyline
 90
9
 70
0
 10
5260.5500000000175
 20
13006.474999999977
 10
5679.650000000023
 20
13006.474999999977
 10
5692.350000000006
 20
12993.774999999994
 10
5692.350000000006
 20
12727.074999999983
 10
5679.650000000023
 20
12714.375
 10
5260.5500000000175
 20
12714.375
 10
5247.850000000006
 20
12727.074999999983
 10
5247.850000000006
 20
12993.774999999994
 10
5260.5500000000175
 20
13006.474999999977
  0
LWPOLYLINE
  5
257
330
17
100
AcDbEntity
  8
NESTED_RESULT
100
AcDbPolyline
 90
64
 70
0
 10
6186.0625
 20
13074.737499999988
 10
6185.97572491481
 20
13076.47620352116
 10
6185.716262069065
 20
13078.197627025598
 10
6185.286690121051
 20
13079.884662233148
 10
6184.691278349783
 20
13081.520542629936
 10
6183.93594422497
 20
13083.089010101656
 10
6183.028194596496
 20
13084.574476513924
 10
6181.977051087975
 20
13085.96217863413
 10
6180.792960435821
 20
13087.238324855192
 10
6179.487690664973
 20
13088.39023226258
 10
6178.074214132765
 20
13089.406452683004
 10
6176.566578604048
 20
13090.27688646136
 10
6174.979767637997
 20
13090.992882835679
 10
6173.3295516749495
 20
13091.54732591234
 10
6171.632331302506
 20
13091.934705386957
 10
6169.9049742592615
 20
13092.151171308273
 10
6168.164647795522
 20
13092.194572340668
 10
6166.4286480575975
 20
13092.064477145235
 10
6164.714228190802
 20
13091.762178666453
 10
6163.038426869985
 20
13091.290681282437
 10
6161.417898961576
 20
13090.65467094598
 10
6159.868749999994
 20
13089.860468613566
 10
6158.406376123603
 20
13088.915967424808
 10
6157.045311060967
 20
13087.830554256827
 10
6155.799081688165
 20
13086.615016433323
 10
6154.680073592637
 20
13085.281434515287
 10
6153.699407979497
 20
13083.843062239
 10
6152.86683114426
 20
13082.314194794337
 10
6152.190617609536
 20
13080.710026752815
 10
6151.677487889217
 20
13079.046501057164
 10
6151.332541697047
 20
13077.340150573087
 10
6151.159207263234
 20
13075.607933778345
 10
6151.159207263234
 20
13073.867066221632
 10
6151.332541697047
 20
13072.13484942689
 10
6151.677487889217
 20
13070.428498942812
 10
6152.190617609536
 20
13068.764973247162
 10
6152.86683114426
 20
13067.16080520564
 10
6153.699407979497
 20
13065.631937760976
 10
6154.680073592637
 20
13064.19356548469
 10
6155.799081688165
 20
13062.859983566654
 10
6157.045311060967
 20
13061.64444574315
 10
6158.406376123603
 20
13060.55903257517
 10
6159.868749999994
 20
13059.61453138641
 10
6161.417898961576
 20
13058.820329053997
 10
6163.038426869985
 20
13058.18431871754
 10
6164.714228190802
 20
13057.712821333524
 10
6166.4286480575975
 20
13057.410522854741
 10
6168.164647795522
 20
13057.280427659309
 10
6169.9049742592615
 20
13057.323828691704
 10
6171.632331302506
 20
13057.54029461302
 10
6173.3295516749495
 20
13057.927674087638
 10
6174.979767637997
 20
13058.482117164298
 10
6176.566578604048
 20
13059.198113538616
 10
6178.074214132765
 20
13060.068547316972
 10
6179.487690664973
 20
13061.084767737397
 10
6180.792960435821
 20
13062.236675144784
 10
6181.977051087975
 20
13063.512821365846
 10
6183.028194596496
 20
13064.900523486052
 10
6183.93594422497
 20
13066.385989898321
 10
6184.691278349783
 20
13067.95445737004
 10
6185.286690121051
 20
13069.59033776683
 10
6185.716262069065
 20
13071.277372974379
 10
6185.97572491481
 20
13072.998796478816
 10
6186.0625
 20
13074.737499999988
  0
LWPOLYLINE
  5
258
330
17
100
AcDbEntity
  8
NESTED_RESULT
100
AcDbPolyline
 90
64
 70
0
 10
5487.5625
 20
13074.737499999988
 10
5487.47572491481
 20
13076.47620352116
 10
5487.216262069065
 20
13078.197627025598
 10
5486.786690121051
 20
13079.884662233148
 10
5486.191278349783
 20
13081.520542629936
 10
5485.43594422497
 20
13083.089010101656
 10
5484.528194596496
 20
13084.574476513924
 10
5483.477051087975
 20
13085.96217863413
 10
5482.292960435821
 20
13087.238324855192
 10
5480.987690664973
 20
13088.39023226258
 10
5479.574214132765
 20
13089.406452683004
 10
5478.066578604048
 20
13090.27688646136
 10
5476.479767637997
 20
13090.992882835679
 10
5474.8295516749495
 20
13091.54732591234
 10
5473.132331302506
 20
13091.934705386957
 10
5471.4049742592615
 20
13092.151171308273
 10
5469.664647795522
 20
13092.194572340668
 10
5467.9286480575975
 20
13092.064477145235
 10
5466.214228190802
 20
13091.762178666453
 10
5464.538426869985
 20
13091.290681282437
 10
5462.917898961576
 20
13090.65467094598
 10
5461.368749999994
 20
13089.860468613566
 10
5459.906376123603
 20
13088.915967424808
 10
5458.545311060967
 20
13087.830554256827
 10
5457.299081688165
 20
13086.615016433323
 10
5456.180073592637
 20
13085.281434515287
 10
5455.199407979497
 20
13083.843062239
 10
5454.36683114426
 20
13082.314194794337
 10
5453.690617609536
 20
13080.710026752815
 10
5453.177487889217
 20
13079.046501057164
 10
5452.832541697047
 20
13077.340150573087
 10
5452.659207263234
 20
13075.607933778345
 10
5452.659207263234
 20
13073.867066221632
 10
5452.832541697047
 20
13072.13484942689
 10
5453.177487889217
 20
13070.428498942812
 10
5453.690617609536
 20
13068.764973247162
 10
5454.36683114426
 20
13067.16080520564
 10
5455.199407979497
 20
13065.631937760976
 10
5456.180073592637
 20
13064.19356548469
 10
5457.299081688165
 20
13062.859983566654
 10
5458.545311060967
 20
13061.64444574315
 10
5459.906376123603
 20
13060.55903257517
 10
5461.368749999994
 20
13059.61453138641
 10
5462.917898961576
 20
13058.820329053997
 10
5464.538426869985
 20
13058.18431871754
 10
5466.214228190802
 20
13057.712821333524
 10
5467.9286480575975
 20
13057.410522854741
 10
5469.664647795522
 20
13057.280427659309
 10
5471.4049742592615
 20
13057.323828691704
 10
5473.132331302506
 20
13057.54029461302
 10
5474.8295516749495
 20
13057.927674087638
 10
5476.479767637997
 20
13058.482117164298
 10
5478.066578604048
 20
13059.198113538616
 10
5479.574214132765
 20
13060.068547316972
 10
5480.987690664973
 20
13061.084767737397
 10
5482.292960435821
 20
13062.236675144784
 10
5483.477051087975
 20
13063.512821365846
 10
5484.528194596496
 20
13064.900523486052
 10
5485.43594422497
 20
13066.385989898321
 10
5486.191278349783
 20
13067.95445737004
 10
5486.786690121051
 20
13069.59033776683
 10
5487.216262069065
 20
13071.277372974379
 10
5487.47572491481
 20
13072.998796478816
 10
5487.5625
 20
13074.737499999988
  0
TEXT
  5
259
330
17
100
AcDbEntity
  8
NESTED_RESULT
100
AcDbText
 10
5819.324420166033
 20
13037.181268310544
 30
0.0
 40
80.0
  1
403-E
 72
1
 11
5819.324420166033
 21
13037.181268310544
 31
0.0
100
AcDbText
 73
2
  0
LWPOLYLINE
  5
25A
330
17
100
AcDbEntity
  8
NESTED_RESULT
100
AcDbPolyline
 90
5
 70
0
 10
5057.350000000006
 20
13755.87499999997
 10
6578.1750000000175
 20
13755.87499999997
 10
6578.1750000000175
 20
13171.674999999988
 10
5057.350000000006
 20
13171.674999999988
 10
5057.350000000006
 20
13755.87499999997
  0
LWPOLYLINE
  5
25B
330
17
100
AcDbEntity
  8
NESTED_RESULT
100
AcDbPolyline
 90
9
 70
0
 10
5257.375
 20
13590.775000000081
 10
5676.4749999999185
 20
13590.775000000081
 10
5689.1750000000175
 20
13578.07500000007
 10
5689.1750000000175
 20
13311.375000000087
 10
5676.4749999999185
 20
13298.674999999988
 10
5257.375
 20
13298.674999999988
 10
5244.6750000000175
 20
13311.375000000087
 10
5244.6750000000175
 20
13578.07500000007
 10
5257.375
 20
13590.775000000081
  0
LWPOLYLINE
  5
25C
330
17
100
AcDbEntity
  8
NESTED_RESULT
100
AcDbPolyline
 90
9
 70
0
 10
5955.875
 20
13590.775000000081
 10
6374.9749999999185
 20
13590.775000000081
 10
6387.6750000000175
 20
13578.07500000007
 10
6387.6750000000175
 20
13311.375000000087
 10
6374.9749999999185
 20
13298.674999999988
 10
5955.875
 20
13298.674999999988
 10
5943.1750000000175
 20
13311.375000000087
 10
5943.1750000000175
 20
13578.07500000007
 10
5955.875
 20
13590.775000000081
  0
LWPOLYLINE
  5
25D
330
17
100
AcDbEntity
  8
NESTED_RESULT
100
AcDbPolyline
 90
64
 70
0
 10
6182.887500000012
 20
13659.037499999977
 10
6182.800724914821
 20
13660.776203521149
 10
6182.541262069077
 20
13662.497627025587
 10
6182.111690121063
 20
13664.184662233136
 10
6181.516278349794
 20
13665.820542629925
 10
6180.760944224981
 20
13667.389010101644
 10
6179.853194596508
 20
13668.874476513913
 10
6178.802051087987
 20
13670.262178634119
 10
6177.617960435833
 20
13671.53832485518
 10
6176.312690664985
 20
13672.690232262568
 10
6174.899214132776
 20
13673.706452682993
 10
6173.39157860406
 20
13674.57688646135
 10
6171.804767638008
 20
13675.292882835667
 10
6170.154551674961
 20
13675.847325912328
 10
6168.457331302518
 20
13676.234705386945
 10
6166.729974259273
 20
13676.451171308261
 10
6164.9896477955335
 20
13676.494572340656
 10
6163.253648057609
 20
13676.364477145224
 10
6161.539228190813
 20
13676.062178666441
 10
6159.863426869997
 20
13675.590681282425
 10
6158.242898961587
 20
13674.954670945968
 10
6156.693750000006
 20
13674.160468613554
 10
6155.231376123615
 20
13673.215967424796
 10
6153.870311060979
 20
13672.130554256815
 10
6152.624081688176
 20
13670.915016433311
 10
6151.505073592649
 20
13669.581434515276
 10
6150.524407979508
 20
13668.143062238989
 10
6149.691831144271
 20
13666.614194794325
 10
6149.015617609548
 20
13665.010026752803
 10
6148.502487889229
 20
13663.346501057153
 10
6148.157541697059
 20
13661.640150573076
 10
6147.9842072632455
 20
13659.907933778333
 10
6147.9842072632455
 20
13658.16706622162
 10
6148.157541697059
 20
13656.434849426878
 10
6148.502487889229
 20
13654.7284989428
 10
6149.015617609548
 20
13653.06497324715
 10
6149.691831144271
 20
13651.460805205628
 10
6150.524407979508
 20
13649.931937760965
 10
6151.505073592649
 20
13648.493565484678
 10
6152.624081688176
 20
13647.159983566642
 10
6153.870311060979
 20
13645.944445743138
 10
6155.231376123615
 20
13644.859032575157
 10
6156.693750000006
 20
13643.9145313864
 10
6158.242898961587
 20
13643.120329053985
 10
6159.863426869997
 20
13642.484318717528
 10
6161.539228190813
 20
13642.012821333512
 10
6163.253648057609
 20
13641.71052285473
 10
6164.9896477955335
 20
13641.580427659297
 10
6166.729974259273
 20
13641.623828691692
 10
6168.457331302518
 20
13641.840294613008
 10
6170.154551674961
 20
13642.227674087626
 10
6171.804767638008
 20
13642.782117164286
 10
6173.39157860406
 20
13643.498113538604
 10
6174.899214132776
 20
13644.36854731696
 10
6176.312690664985
 20
13645.384767737385
 10
6177.617960435833
 20
13646.536675144773
 10
6178.802051087987
 20
13647.812821365835
 10
6179.853194596508
 20
13649.20052348604
 10
6180.760944224981
 20
13650.68598989831
 10
6181.516278349794
 20
13652.254457370029
 10
6182.111690121063
 20
13653.890337766818
 10
6182.541262069077
 20
13655.577372974367
 10
6182.800724914821
 20
13657.298796478804
 10
6182.887500000012
 20
13659.037499999977
  0
LWPOLYLINE
  5
25E
330
17
100
AcDbEntity
  8
NESTED_RESULT
100
AcDbPolyline
 90
64
 70
0
 10
5484.387500000012
 20
13659.037499999977
 10
5484.300724914821
 20
13660.776203521149
 10
5484.041262069077
 20
13662.497627025587
 10
5483.611690121063
 20
13664.184662233136
 10
5483.016278349794
 20
13665.820542629925
 10
5482.260944224981
 20
13667.389010101644
 10
5481.353194596508
 20
13668.874476513913
 10
5480.302051087987
 20
13670.262178634119
 10
5479.117960435833
 20
13671.53832485518
 10
5477.812690664985
 20
13672.690232262568
 10
5476.399214132776
 20
13673.706452682993
 10
5474.89157860406
 20
13674.57688646135
 10
5473.304767638008
 20
13675.292882835667
 10
5471.654551674961
 20
13675.847325912328
 10
5469.957331302518
 20
13676.234705386945
 10
5468.229974259273
 20
13676.451171308261
 10
5466.4896477955335
 20
13676.494572340656
 10
5464.753648057609
 20
13676.364477145224
 10
5463.039228190813
 20
13676.062178666441
 10
5461.363426869997
 20
13675.590681282425
 10
5459.742898961587
 20
13674.954670945968
 10
5458.193750000006
 20
13674.160468613554
 10
5456.731376123615
 20
13673.215967424796
 10
5455.370311060979
 20
13672.130554256815
 10
5454.124081688176
 20
13670.915016433311
 10
5453.005073592649
 20
13669.581434515276
 10
5452.024407979508
 20
13668.143062238989
 10
5451.191831144271
 20
13666.614194794325
 10
5450.515617609548
 20
13665.010026752803
 10
5450.002487889229
 20
13663.346501057153
 10
5449.657541697059
 20
13661.640150573076
 10
5449.4842072632455
 20
13659.907933778333
 10
5449.4842072632455
 20
13658.16706622162
 10
5449.657541697059
 20
13656.434849426878
 10
5450.002487889229
 20
13654.7284989428
 10
5450.515617609548
 20
13653.06497324715
 10
5451.191831144271
 20
13651.460805205628
 10
5452.024407979508
 20
13649.931937760965
 10
5453.005073592649
 20
13648.493565484678
 10
5454.124081688176
 20
13647.159983566642
 10
5455.370311060979
 20
13645.944445743138
 10
5456.731376123615
 20
13644.859032575157
 10
5458.193750000006
 20
13643.9145313864
 10
5459.742898961587
 20
13643.120329053985
 10
5461.363426869997
 20
13642.484318717528
 10
5463.039228190813
 20
13642.012821333512
 10
5464.753648057609
 20
13641.71052285473
 10
5466.4896477955335
 20
13641.580427659297
 10
5468.229974259273
 20
13641.623828691692
 10
5469.957331302518
 20
13641.840294613008
 10
5471.654551674961
 20
13642.227674087626
 10
5473.304767638008
 20
13642.782117164286
 10
5474.89157860406
 20
13643.498113538604
 10
5476.399214132776
 20
13644.36854731696
 10
5477.812690664985
 20
13645.384767737385
 10
5479.117960435833
 20
13646.536675144773
 10
5480.302051087987
 20
13647.812821365835
 10
5481.353194596508
 20
13649.20052348604
 10
5482.260944224981
 20
13650.68598989831
 10
5483.016278349794
 20
13652.254457370029
 10
5483.611690121063
 20
13653.890337766818
 10
5484.041262069077
 20
13655.577372974367
 10
5484.300724914821
 20
13657.298796478804
 10
5484.387500000012
 20
13659.037499999977
  0
TEXT
  5
25F
330
17
100
AcDbEntity
  8
NESTED_RESULT
100
AcDbText
 10
5816.091671752942
 20
13621.761093139628
 30
0.0
 40
80.0
  1
421-E
 72
1
 11
5816.091671752942
 21
13621.761093139628
 31
0.0
100
AcDbText
 73
2
  0
LWPOLYLINE
  5
260
330
17
100
AcDbEntity
  8
NESTED_RESULT
 62
1
100
AcDbPolyline
 90
5
 70
0
 10
6800.0
 20
12000.0
 10
10000.0
 20
12000.0
 10
10000.0
 20
13800.0
 10
6800.0
 20
13800.0
 10
6800.0
 20
12000.0
  0
TEXT
  5
261
330
17
100
AcDbEntity
  8
NESTED_RESULT
 62
1
100
AcDbText
 10
6800.0
 20
13830.0
 30
0.0
 40
50.0
  1
Sheet_39
 11
6800.0
 21
13830.0
 31
0.0
100
AcDbText
 73
1
  0
LWPOLYLINE
  5
262
330
17
100
AcDbEntity
  8
NESTED_RESULT
100
AcDbPolyline
 90
6
 70
0
 10
6800.0
 20
12584.200000000012
 10
8457.349999999904
 20
12584.200000000012
 10
8457.349999999904
 20
12000.0
 10
6803.174999999901
 20
12000.0
 10
6800.0
 20
12003.175000000017
 10
6800.0
 20
12584.200000000012
  0
LWPOLYLINE
  5
263
330
17
100
AcDbEntity
  8
NESTED_RESULT
100
AcDbPolyline
 90
9
 70
0
 10
7015.899999999994
 20
12419.100000000122
 10
7434.999999999898
 20
12419.100000000122
 10
7447.699999999895
 20
12406.400000000023
 10
7447.699999999895
 20
12139.700000000012
 10
7434.999999999898
 20
12127.0
 10
7015.899999999994
 20
12127.0
 10
7003.199999999997
 20
12139.700000000012
 10
7003.199999999997
 20
12406.400000000023
 10
7015.899999999994
 20
12419.100000000122
  0
LWPOLYLINE
  5
264
330
17
100
AcDbEntity
  8
NESTED_RESULT
100
AcDbPolyline
 90
9
 70
0
 10
7816.0
 20
12419.386863696214
 10
8235.099999999904
 20
12419.386863696214
 10
8247.799999999901
 20
12406.686863696203
 10
8247.799999999901
 20
12139.986863696307
 10
8235.099999999904
 20
12127.286863696325
 10
7816.0
 20
12127.286863696325
 10
7803.299999999901
 20
12139.986863696307
 10
7803.299999999901
 20
12406.686863696203
 10
7816.0
 20
12419.386863696214
  0
LWPOLYLINE
  5
265
330
17
100
AcDbEntity
  8
NESTED_RESULT
100
AcDbPolyline
 90
64
 70
0
 10
7242.912499999991
 20
12487.362500000017
 10
7242.8257249148155
 20
12489.10120352119
 10
7242.566262069056
 20
12490.822627025627
 10
7242.136690121042
 20
12492.509662233177
 10
7241.541278349789
 20
12494.145542629965
 10
7240.7859442249755
 20
12495.714010101685
 10
7239.878194596487
 20
12497.199476513953
 10
7238.8270510879665
 20
12498.58717863416
 10
7237.642960435827
 20
12499.863324855221
 10
7236.33769066495
 20
12501.015232262609
 10
7234.924214132756
 20
12502.031452683033
 10
7233.416578604025
 20
12502.90188646139
 10
7231.8297676380025
 20
12503.617882835708
 10
7230.179551674941
 20
12504.172325912368
 10
7228.482331302512
 20
12504.559705386986
 10
7226.754974259253
 20
12504.776171308302
 10
7225.014647795528
 20
12504.819572340697
 10
7223.278648057589
 20
12504.689477145264
 10
7221.5642281907785
 20
12504.387178666482
 10
7219.888426869977
 20
12503.915681282466
 10
7218.2678989615815
 20
12503.279670946009
 10
7216.71875
 20
12502.485468613595
 10
7215.256376123594
 20
12501.540967424837
 10
7213.895311060958
 20
12500.455554256856
 10
7212.649081688171
 20
12499.240016433352
 10
7211.530073592614
 20
12497.906434515317
 10
7210.549407979503
 20
12496.46806223903
 10
7209.716831144251
 20
12494.939194794366
 10
7209.0406176095275
 20
12493.335026752844
 10
7208.527487889223
 20
12491.671501057193
 10
7208.182541697039
 20
12489.965150573116
 10
7208.009207263211
 20
12488.232933778374
 10
7208.009207263211
 20
12486.492066221661
 10
7208.182541697039
 20
12484.759849426919
 10
7208.527487889223
 20
12483.053498942842
 10
7209.0406176095275
 20
12481.389973247191
 10
7209.716831144251
 20
12479.785805205669
 10
7210.549407979503
 20
12478.256937761005
 10
7211.530073592614
 20
12476.818565484718
 10
7212.649081688171
 20
12475.484983566683
 10
7213.895311060958
 20
12474.269445743179
 10
7215.256376123594
 20
12473.184032575198
 10
7216.71875
 20
12472.23953138644
 10
7218.2678989615815
 20
12471.445329054026
 10
7219.888426869977
 20
12470.80931871757
 10
7221.5642281907785
 20
12470.337821333553
 10
7223.278648057589
 20
12470.03552285477
 10
7225.014647795528
 20
12469.905427659338
 10
7226.754974259253
 20
12469.948828691733
 10
7228.482331302512
 20
12470.165294613049
 10
7230.179551674941
 20
12470.552674087667
 10
7231.8297676380025
 20
12471.107117164327
 10
7233.416578604025
 20
12471.823113538645
 10
7234.924214132756
 20
12472.693547317002
 10
7236.33769066495
 20
12473.709767737426
 10
7237.642960435827
 20
12474.861675144813
 10
7238.8270510879665
 20
12476.137821365875
 10
7239.878194596487
 20
12477.525523486082
 10
7240.7859442249755
 20
12479.01098989835
 10
7241.541278349789
 20
12480.57945737007
 10
7242.136690121042
 20
12482.215337766858
 10
7242.566262069056
 20
12483.902372974408
 10
7242.8257249148155
 20
12485.623796478845
 10
7242.912499999991
 20
12487.362500000017
  0
LWPOLYLINE
  5
266
330
17
100
AcDbEntity
  8
NESTED_RESULT
100
AcDbPolyline
 90
64
 70
0
 10
8043.012499999895
 20
12487.649363696226
 10
8042.9257249147195
 20
12489.388067217398
 10
8042.66626206896
 20
12491.109490721836
 10
8042.236690120946
 20
12492.796525929385
 10
8041.641278349693
 20
12494.432406326174
 10
8040.8859442248795
 20
12496.000873797893
 10
8039.978194596391
 20
12497.486340210162
 10
8038.9270510878705
 20
12498.874042330368
 10
8037.742960435731
 20
12500.15018855143
 10
8036.437690664854
 20
12501.302095958818
 10
8035.02421413266
 20
12502.318316379242
 10
8033.516578603929
 20
12503.188750157598
 10
8031.9297676379065
 20
12503.904746531916
 10
8030.279551674845
 20
12504.459189608577
 10
8028.582331302416
 20
12504.846569083194
 10
8026.854974259157
 20
12505.06303500451
 10
8025.114647795432
 20
12505.106436036906
 10
8023.378648057493
 20
12504.976340841473
 10
8021.6642281906825
 20
12504.67404236269
 10
8019.988426869881
 20
12504.202544978674
 10
8018.3678989614855
 20
12503.566534642217
 10
8016.818749999904
 20
12502.772332309803
 10
8015.356376123498
 20
12501.827831121045
 10
8013.995311060862
 20
12500.742417953064
 10
8012.7490816880745
 20
12499.52688012956
 10
8011.630073592518
 20
12498.193298211525
 10
8010.6494079794065
 20
12496.754925935238
 10
8009.816831144155
 20
12495.226058490574
 10
8009.1406176094315
 20
12493.621890449052
 10
8008.627487889127
 20
12491.958364753402
 10
8008.282541696943
 20
12490.252014269325
 10
8008.1092072631145
 20
12488.519797474582
 10
8008.1092072631145
 20
12486.77892991787
 10
8008.282541696943
 20
12485.046713123127
 10
8008.627487889127
 20
12483.34036263905
 10
8009.1406176094315
 20
12481.6768369434
 10
8009.816831144155
 20
12480.072668901877
 10
8010.6494079794065
 20
12478.543801457214
 10
8011.630073592518
 20
12477.105429180927
 10
8012.7490816880745
 20
12475.771847262891
 10
8013.995311060862
 20
12474.556309439387
 10
8015.356376123498
 20
12473.470896271407
 10
8016.818749999904
 20
12472.526395082648
 10
8018.3678989614855
 20
12471.732192750234
 10
8019.988426869881
 20
12471.096182413778
 10
8021.6642281906825
 20
12470.624685029761
 10
8023.378648057493
 20
12470.322386550979
 10
8025.114647795432
 20
12470.192291355546
 10
8026.854974259157
 20
12470.235692387942
 10
8028.582331302416
 20
12470.452158309257
 10
8030.279551674845
 20
12470.839537783875
 10
8031.9297676379065
 20
12471.393980860536
 10
8033.516578603929
 20
12472.109977234853
 10
8035.02421413266
 20
12472.98041101321
 10
8036.437690664854
 20
12473.996631433634
 10
8037.742960435731
 20
12475.148538841022
 10
8038.9270510878705
 20
12476.424685062084
 10
8039.978194596391
 20
12477.81238718229
 10
8040.8859442248795
 20
12479.297853594559
 10
8041.641278349693
 20
12480.866321066278
 10
8042.236690120946
 20
12482.502201463067
 10
8042.66626206896
 20
12484.189236670616
 10
8042.9257249147195
 20
12485.910660175054
 10
8043.012499999895
 20
12487.649363696226
  0
TEXT
  5
267
330
17
100
AcDbEntity
  8
NESTED_RESULT
100
AcDbText
 10
7625.499999999898
 20
12273.193431848165
 30
0.0
 40
80.0
  1
412-D
 72
1
 11
7625.499999999898
 21
12273.193431848165
 31
0.0
100
AcDbText
 73
2
  0
LWPOLYLINE
  5
268
330
17
100
AcDbEntity
  8
NESTED_RESULT
100
AcDbPolyline
 90
6
 70
0
 10
8457.349999999904
 20
12584.200000000012
 10
9616.224999999904
 20
12584.200000000012
 10
9616.224999999904
 20
12000.0
 10
8460.524999999907
 20
12000.0
 10
8457.349999999904
 20
12003.174999999988
 10
8457.349999999904
 20
12584.200000000012
  0
LWPOLYLINE
  5
269
330
17
100
AcDbEntity
  8
NESTED_RESULT
100
AcDbPolyline
 90
9
 70
0
 10
8581.174999999916
 20
12419.100000000006
 10
9000.274999999907
 20
12419.100000000006
 10
9012.974999999904
 20
12406.399999999994
 10
9012.974999999904
 20
12139.700000000012
 10
9000.274999999907
 20
12127.0
 10
8581.174999999916
 20
12127.0
 10
8568.474999999904
 20
12139.700000000012
 10
8568.474999999904
 20
12406.399999999994
 10
8581.174999999916
 20
12419.100000000006
  0
LWPOLYLINE
  5
26A
330
17
100
AcDbEntity
  8
NESTED_RESULT
100
AcDbPolyline
 90
64
 70
0
 10
8808.187499999898
 20
12487.362499999988
 10
8808.100724914722
 20
12489.10120352116
 10
8807.841262068963
 20
12490.822627025598
 10
8807.411690120949
 20
12492.509662233148
 10
8806.816278349695
 20
12494.145542629936
 10
8806.060944224882
 20
12495.714010101656
 10
8805.153194596394
 20
12497.199476513924
 10
8804.102051087873
 20
12498.58717863413
 10
8802.917960435734
 20
12499.863324855192
 10
8801.612690664857
 20
12501.01523226258
 10
8800.199214132663
 20
12502.031452683004
 10
8798.691578603932
 20
12502.90188646136
 10
8797.10476763791
 20
12503.617882835679
 10
8795.454551674848
 20
12504.17232591234
 10
8793.757331302419
 20
12504.559705386957
 10
8792.02997425916
 20
12504.776171308273
 10
8790.289647795435
 20
12504.819572340668
 10
8788.553648057496
 20
12504.689477145235
 10
8786.839228190685
 20
12504.387178666453
 10
8785.163426869884
 20
12503.915681282437
 10
8783.542898961488
 20
12503.27967094598
 10
8781.993749999907
 20
12502.485468613566
 10
8780.531376123501
 20
12501.540967424808
 10
8779.170311060865
 20
12500.455554256827
 10
8777.924081688077
 20
12499.240016433323
 10
8776.80507359252
 20
12497.906434515287
 10
8775.82440797941
 20
12496.468062239
 10
8774.991831144158
 20
12494.939194794337
 10
8774.315617609434
 20
12493.335026752815
 10
8773.80248788913
 20
12491.671501057164
 10
8773.457541696946
 20
12489.965150573087
 10
8773.284207263117
 20
12488.232933778345
 10
8773.284207263117
 20
12486.492066221632
 10
8773.457541696946
 20
12484.75984942689
 10
8773.80248788913
 20
12483.053498942812
 10
8774.315617609434
 20
12481.389973247162
 10
8774.991831144158
 20
12479.78580520564
 10
8775.82440797941
 20
12478.256937760976
 10
8776.80507359252
 20
12476.81856548469
 10
8777.924081688077
 20
12475.484983566654
 10
8779.170311060865
 20
12474.26944574315
 10
8780.531376123501
 20
12473.18403257517
 10
8781.993749999907
 20
12472.23953138641
 10
8783.542898961488
 20
12471.445329053997
 10
8785.163426869884
 20
12470.80931871754
 10
8786.839228190685
 20
12470.337821333524
 10
8788.553648057496
 20
12470.035522854741
 10
8790.289647795435
 20
12469.905427659309
 10
8792.02997425916
 20
12469.948828691704
 10
8793.757331302419
 20
12470.16529461302
 10
8795.454551674848
 20
12470.552674087638
 10
8797.10476763791
 20
12471.107117164298
 10
8798.691578603932
 20
12471.823113538616
 10
8800.199214132663
 20
12472.693547316972
 10
8801.612690664857
 20
12473.709767737397
 10
8802.917960435734
 20
12474.861675144784
 10
8804.102051087873
 20
12476.137821365846
 10
8805.153194596394
 20
12477.525523486052
 10
8806.060944224882
 20
12479.010989898321
 10
8806.816278349695
 20
12480.57945737004
 10
8807.411690120949
 20
12482.21533776683
 10
8807.841262068963
 20
12483.902372974379
 10
8808.100724914722
 20
12485.623796478816
 10
8808.187499999898
 20
12487.362499999988
  0
TEXT
  5
26B
330
17
100
AcDbEntity
  8
NESTED_RESULT
100
AcDbText
 10
9312.076898193263
 20
12291.817071533209
 30
0.0
 40
80.0
  1
519-D
 72
1
 11
9312.076898193263
 21
12291.817071533209
 31
0.0
100
AcDbText
 73
2
  0
LWPOLYLINE
  5
26C
330
17
100
AcDbEntity
  8
NESTED_RESULT
100
AcDbPolyline
 90
5
 70
0
 10
6800.0
 20
13168.399999999994
 10
8476.399999999994
 20
13168.399999999994
 10
8476.399999999994
 20
12584.200000000012
 10
6800.0
 20
12584.200000000012
 10
6800.0
 20
13168.399999999994
  0
LWPOLYLINE
  5
26D
330
17
100
AcDbEntity
  8
NESTED_RESULT
100
AcDbPolyline
 90
9
 70
0
 10
7828.700000000012
 20
13002.872183506697
 10
8247.799999999988
 20
13002.872183506697
 10
8260.5
 20
12990.172183506686
 10
8260.5
 20
12723.472183506703
 10
8247.799999999988
 20
12710.772183506691
 10
7828.700000000012
 20
12710.772183506691
 10
7816.0
 20
12723.472183506703
 10
7816.0
 20
12990.172183506686
 10
7828.700000000012
 20
13002.872183506697
  0
LWPOLYLINE
  5
26E
330
17
100
AcDbEntity
  8
NESTED_RESULT
100
AcDbPolyline
 90
9
 70
0
 10
7028.600000000006
 20
13003.299999999988
 10
7447.700000000012
 20
13003.299999999988
 10
7460.399999999994
 20
12990.600000000006
 10
7460.399999999994
 20
12723.899999999994
 10
7447.700000000012
 20
12711.200000000012
 10
7028.600000000006
 20
12711.200000000012
 10
7015.899999999994
 20
12723.899999999994
 10
7015.899999999994
 20
12990.600000000006
 10
7028.600000000006
 20
13003.299999999988
  0
LWPOLYLINE
  5
26F
330
17
100
AcDbEntity
  8
NESTED_RESULT
100
AcDbPolyline
 90
64
 70
0
 10
7255.612499999988
 20
13071.5625
 10
7255.525724914798
 20
13073.301203521172
 10
7255.2662620690535
 20
13075.02262702561
 10
7254.836690121039
 20
13076.70966223316
 10
7254.241278349771
 20
13078.345542629948
 10
7253.485944224958
 20
13079.914010101667
 10
7252.5781945964845
 20
13081.399476513936
 10
7251.527051087964
 20
13082.787178634142
 10
7250.34296043581
 20
13084.063324855204
 10
7249.037690664962
 20
13085.215232262592
 10
7247.624214132753
 20
13086.231452683016
 10
7246.1165786040365
 20
13087.101886461372
 10
7244.529767637985
 20
13087.81788283569
 10
7242.879551674938
 20
13088.37232591235
 10
7241.182331302494
 20
13088.759705386969
 10
7239.45497425925
 20
13088.976171308284
 10
7237.71464779551
 20
13089.01957234068
 10
7235.978648057586
 20
13088.889477145247
 10
7234.26422819079
 20
13088.587178666465
 10
7232.588426869974
 20
13088.115681282448
 10
7230.967898961564
 20
13087.479670945992
 10
7229.4187499999825
 20
13086.685468613578
 10
7227.956376123591
 20
13085.74096742482
 10
7226.595311060955
 20
13084.655554256839
 10
7225.349081688153
 20
13083.440016433335
 10
7224.230073592626
 20
13082.106434515299
 10
7223.249407979485
 20
13080.668062239012
 10
7222.416831144248
 20
13079.139194794348
 10
7221.740617609525
 20
13077.535026752827
 10
7221.227487889206
 20
13075.871501057176
 10
7220.882541697036
 20
13074.165150573099
 10
7220.709207263222
 20
13072.432933778357
 10
7220.709207263222
 20
13070.692066221643
 10
7220.882541697036
 20
13068.959849426901
 10
7221.227487889206
 20
13067.253498942824
 10
7221.740617609525
 20
13065.589973247173
 10
7222.416831144248
 20
13063.985805205652
 10
7223.249407979485
 20
13062.456937760988
 10
7224.230073592626
 20
13061.018565484701
 10
7225.349081688153
 20
13059.684983566665
 10
7226.595311060955
 20
13058.469445743161
 10
7227.956376123591
 20
13057.38403257518
 10
7229.4187499999825
 20
13056.439531386422
 10
7230.967898961564
 20
13055.645329054008
 10
7232.588426869974
 20
13055.009318717552
 10
7234.26422819079
 20
13054.537821333535
 10
7235.978648057586
 20
13054.235522854753
 10
7237.71464779551
 20
13054.10542765932
 10
7239.45497425925
 20
13054.148828691716
 10
7241.182331302494
 20
13054.365294613031
 10
7242.879551674938
 20
13054.75267408765
 10
7244.529767637985
 20
13055.30711716431
 10
7246.1165786040365
 20
13056.023113538628
 10
7247.624214132753
 20
13056.893547316984
 10
7249.037690664962
 20
13057.909767737408
 10
7250.34296043581
 20
13059.061675144796
 10
7251.527051087964
 20
13060.337821365858
 10
7252.5781945964845
 20
13061.725523486064
 10
7253.485944224958
 20
13063.210989898333
 10
7254.241278349771
 20
13064.779457370052
 10
7254.836690121039
 20
13066.41533776684
 10
7255.2662620690535
 20
13068.10237297439
 10
7255.525724914798
 20
13069.823796478828
 10
7255.612499999988
 20
13071.5625
  0
LWPOLYLINE
  5
270
330
17
100
AcDbEntity
  8
NESTED_RESULT
100
AcDbPolyline
 90
64
 70
0
 10
8055.712499999994
 20
13071.134683506709
 10
8055.625724914804
 20
13072.873387027881
 10
8055.366262069059
 20
13074.594810532319
 10
8054.936690121045
 20
13076.281845739868
 10
8054.341278349777
 20
13077.917726136657
 10
8053.585944224964
 20
13079.486193608376
 10
8052.67819459649
 20
13080.971660020645
 10
8051.627051087969
 20
13082.35936214085
 10
8050.442960435816
 20
13083.635508361913
 10
8049.1376906649675
 20
13084.7874157693
 10
8047.724214132759
 20
13085.803636189725
 10
8046.216578604042
 20
13086.674069968081
 10
8044.629767637991
 20
13087.3900663424
 10
8042.979551674944
 20
13087.94450941906
 10
8041.2823313025
 20
13088.331888893677
 10
8039.554974259256
 20
13088.548354814993
 10
8037.814647795516
 20
13088.591755847388
 10
8036.078648057592
 20
13088.461660651956
 10
8034.364228190796
 20
13088.159362173174
 10
8032.68842686998
 20
13087.687864789157
 10
8031.06789896157
 20
13087.0518544527
 10
8029.518749999988
 20
13086.257652120286
 10
8028.056376123597
 20
13085.313150931528
 10
8026.695311060961
 20
13084.227737763547
 10
8025.449081688159
 20
13083.012199940044
 10
8024.330073592631
 20
13081.678618022008
 10
8023.349407979491
 20
13080.240245745721
 10
8022.516831144254
 20
13078.711378301057
 10
8021.84061760953
 20
13077.107210259535
 10
8021.327487889212
 20
13075.443684563885
 10
8020.982541697042
 20
13073.737334079808
 10
8020.809207263228
 20
13072.005117285065
 10
8020.809207263228
 20
13070.264249728352
 10
8020.982541697042
 20
13068.53203293361
 10
8021.327487889212
 20
13066.825682449533
 10
8021.84061760953
 20
13065.162156753882
 10
8022.516831144254
 20
13063.55798871236
 10
8023.349407979491
 20
13062.029121267697
 10
8024.330073592631
 20
13060.59074899141
 10
8025.449081688159
 20
13059.257167073374
 10
8026.695311060961
 20
13058.04162924987
 10
8028.056376123597
 20
13056.95621608189
 10
8029.518749999988
 20
13056.011714893131
 10
8031.06789896157
 20
13055.217512560717
 10
8032.68842686998
 20
13054.58150222426
 10
8034.364228190796
 20
13054.110004840244
 10
8036.078648057592
 20
13053.807706361462
 10
8037.814647795516
 20
13053.67761116603
 10
8039.554974259256
 20
13053.721012198424
 10
8041.2823313025
 20
13053.93747811974
 10
8042.979551674944
 20
13054.324857594358
 10
8044.629767637991
 20
13054.879300671018
 10
8046.216578604042
 20
13055.595297045336
 10
8047.724214132759
 20
13056.465730823693
 10
8049.1376906649675
 20
13057.481951244117
 10
8050.442960435816
 20
13058.633858651505
 10
8051.627051087969
 20
13059.910004872567
 10
8052.67819459649
 20
13061.297706992773
 10
8053.585944224964
 20
13062.783173405041
 10
8054.341278349777
 20
13064.351640876761
 10
8054.936690121045
 20
13065.98752127355
 10
8055.366262069059
 20
13067.674556481099
 10
8055.625724914804
 20
13069.395979985537
 10
8055.712499999994
 20
13071.134683506709
  0
TEXT
  5
271
330
17
100
AcDbEntity
  8
NESTED_RESULT
100
AcDbText
 10
7638.199999999997
 20
12857.03609175334
 30
0.0
 40
80.0
  1
404-D
 72
1
 11
7638.199999999997
 21
12857.03609175334
 31
0.0
100
AcDbText
 73
2
  0
LWPOLYLINE
  5
272
330
17
100
AcDbEntity
  8
NESTED_RESULT
100
AcDbPolyline
 90
6
 70
0
 10
6800.0
 20
13752.599999999977
 10
8457.349999999991
 20
13752.599999999977
 10
8457.349999999991
 20
13171.574999999983
 10
8454.174999999988
 20
13168.399999999994
 10
6800.0
 20
13168.399999999994
 10
6800.0
 20
13752.599999999977
  0
LWPOLYLINE
  5
273
330
17
100
AcDbEntity
  8
NESTED_RESULT
100
AcDbPolyline
 90
9
 70
0
 10
7822.349999999991
 20
13587.78686369618
 10
8241.449999999997
 20
13587.78686369618
 10
8254.149999999994
 20
13575.086863696168
 10
8254.149999999994
 20
13308.386863696185
 10
8241.449999999997
 20
13295.686863696174
 10
7822.349999999991
 20
13295.686863696174
 10
7809.649999999994
 20
13308.386863696185
 10
7809.649999999994
 20
13575.086863696168
 10
7822.349999999991
 20
13587.78686369618
  0
LWPOLYLINE
  5
274
330
17
100
AcDbEntity
  8
NESTED_RESULT
100
AcDbPolyline
 90
9
 70
0
 10
7022.25
 20
13587.49999999997
 10
7441.349999999889
 20
13587.49999999997
 10
7454.049999999901
 20
13574.799999999988
 10
7454.049999999901
 20
13308.099999999977
 10
7441.349999999889
 20
13295.399999999994
 10
7022.25
 20
13295.399999999994
 10
7009.549999999988
 20
13308.099999999977
 10
7009.549999999988
 20
13574.799999999988
 10
7022.25
 20
13587.49999999997
  0
LWPOLYLINE
  5
275
330
17
100
AcDbEntity
  8
NESTED_RESULT
100
AcDbPolyline
 90
64
 70
0
 10
7249.2624999999825
 20
13655.762499999895
 10
7249.175724914807
 20
13657.501203521068
 10
7248.916262069048
 20
13659.222627025505
 10
7248.4866901210335
 20
13660.909662233054
 10
7247.89127834978
 20
13662.545542629843
 10
7247.135944224967
 20
13664.114010101563
 10
7246.228194596479
 20
13665.599476513831
 10
7245.177051087958
 20
13666.987178634037
 10
7243.9929604358185
 20
13668.2633248551
 10
7242.687690664941
 20
13669.415232262487
 10
7241.274214132747
 20
13670.431452682911
 10
7239.766578604016
 20
13671.301886461268
 10
7238.179767637994
 20
13672.017882835586
 10
7236.529551674932
 20
13672.572325912246
 10
7234.832331302503
 20
13672.959705386864
 10
7233.104974259244
 20
13673.17617130818
 10
7231.364647795519
 20
13673.219572340575
 10
7229.62864805758
 20
13673.089477145142
 10
7227.91422819077
 20
13672.78717866636
 10
7226.238426869968
 20
13672.315681282344
 10
7224.617898961573
 20
13671.679670945887
 10
7223.068749999991
 20
13670.885468613473
 10
7221.6063761235855
 20
13669.940967424714
 10
7220.2453110609495
 20
13668.855554256734
 10
7218.999081688162
 20
13667.64001643323
 10
7217.880073592605
 20
13666.306434515194
 10
7216.899407979494
 20
13664.868062238907
 10
7216.066831144242
 20
13663.339194794244
 10
7215.390617609519
 20
13661.735026752722
 10
7214.8774878892145
 20
13660.071501057071
 10
7214.53254169703
 20
13658.365150572994
 10
7214.359207263202
 20
13656.632933778252
 10
7214.359207263202
 20
13654.892066221539
 10
7214.53254169703
 20
13653.159849426796
 10
7214.8774878892145
 20
13651.45349894272
 10
7215.390617609519
 20
13649.789973247069
 10
7216.066831144242
 20
13648.185805205547
 10
7216.899407979494
 20
13646.656937760883
 10
7217.880073592605
 20
13645.218565484596
 10
7218.999081688162
 20
13643.88498356656
 10
7220.2453110609495
 20
13642.669445743057
 10
7221.6063761235855
 20
13641.584032575076
 10
7223.068749999991
 20
13640.639531386318
 10
7224.617898961573
 20
13639.845329053904
 10
7226.238426869968
 20
13639.209318717447
 10
7227.91422819077
 20
13638.73782133343
 10
7229.62864805758
 20
13638.435522854648
 10
7231.364647795519
 20
13638.305427659216
 10
7233.104974259244
 20
13638.34882869161
 10
7234.832331302503
 20
13638.565294612927
 10
7236.529551674932
 20
13638.952674087544
 10
7238.179767637994
 20
13639.507117164205
 10
7239.766578604016
 20
13640.223113538523
 10
7241.274214132747
 20
13641.09354731688
 10
7242.687690664941
 20
13642.109767737304
 10
7243.9929604358185
 20
13643.261675144691
 10
7245.177051087958
 20
13644.537821365753
 10
7246.228194596479
 20
13645.92552348596
 10
7247.135944224967
 20
13647.410989898228
 10
7247.89127834978
 20
13648.979457369947
 10
7248.4866901210335
 20
13650.615337766736
 10
7248.916262069048
 20
13652.302372974285
 10
7249.175724914807
 20
13654.023796478723
 10
7249.2624999999825
 20
13655.762499999895
  0
LWPOLYLINE
  5
276
330
17
100
AcDbEntity
  8
NESTED_RESULT
100
AcDbPolyline
 90
64
 70
0
 10
8049.362499999988
 20
13656.049363696191
 10
8049.275724914813
 20
13657.788067217363
 10
8049.0162620690535
 20
13659.5094907218
 10
8048.586690121039
 20
13661.19652592935
 10
8047.991278349786
 20
13662.832406326139
 10
8047.235944224973
 20
13664.400873797858
 10
8046.3281945964845
 20
13665.886340210127
 10
8045.277051087964
 20
13667.274042330333
 10
8044.092960435824
 20
13668.550188551395
 10
8042.787690664947
 20
13669.702095958783
 10
8041.374214132753
 20
13670.718316379207
 10
8039.866578604022
 20
13671.588750157563
 10
8038.279767638
 20
13672.304746531881
 10
8036.629551674938
 20
13672.859189608542
 10
8034.932331302509
 20
13673.24656908316
 10
8033.20497425925
 20
13673.463035004475
 10
8031.464647795525
 20
13673.50643603687
 10
8029.728648057586
 20
13673.376340841438
 10
8028.014228190776
 20
13673.074042362656
 10
8026.338426869974
 20
13672.60254497864
 10
8024.717898961579
 20
13671.966534642183
 10
8023.168749999997
 20
13671.172332309769
 10
8021.706376123591
 20
13670.22783112101
 10
8020.345311060955
 20
13669.14241795303
 10
8019.099081688168
 20
13667.926880129526
 10
8017.980073592611
 20
13666.59329821149
 10
8016.9994079795
 20
13665.154925935203
 10
8016.166831144248
 20
13663.62605849054
 10
8015.490617609525
 20
13662.021890449018
 10
8014.97748788922
 20
13660.358364753367
 10
8014.632541697036
 20
13658.65201426929
 10
8014.459207263208
 20
13656.919797474548
 10
8014.459207263208
 20
13655.178929917834
 10
8014.632541697036
 20
13653.446713123092
 10
8014.97748788922
 20
13651.740362639015
 10
8015.490617609525
 20
13650.076836943364
 10
8016.166831144248
 20
13648.472668901843
 10
8016.9994079795
 20
13646.943801457179
 10
8017.980073592611
 20
13645.505429180892
 10
8019.099081688168
 20
13644.171847262856
 10
8020.345311060955
 20
13642.956309439352
 10
8021.706376123591
 20
13641.870896271372
 10
8023.168749999997
 20
13640.926395082613
 10
8024.717898961579
 20
13640.1321927502
 10
8026.338426869974
 20
13639.496182413743
 10
8028.014228190776
 20
13639.024685029726
 10
8029.728648057586
 20
13638.722386550944
 10
8031.464647795525
 20
13638.592291355511
 10
8033.20497425925
 20
13638.635692387907
 10
8034.932331302509
 20
13638.852158309222
 10
8036.629551674938
 20
13639.23953778384
 10
8038.279767638
 20
13639.7939808605
 10
8039.866578604022
 20
13640.509977234819
 10
8041.374214132753
 20
13641.380411013175
 10
8042.787690664947
 20
13642.3966314336
 10
8044.092960435824
 20
13643.548538840987
 10
8045.277051087964
 20
13644.824685062049
 10
8046.3281945964845
 20
13646.212387182255
 10
8047.235944224973
 20
13647.697853594524
 10
8047.991278349786
 20
13649.266321066243
 10
8048.586690121039
 20
13650.902201463032
 10
8049.0162620690535
 20
13652.589236670581
 10
8049.275724914813
 20
13654.310660175019
 10
8049.362499999988
 20
13656.049363696191
  0
TEXT
  5
277
330
17
100
AcDbEntity
  8
NESTED_RESULT
100
AcDbText
 10
7631.849999999948
 20
13441.593431848087
 30
0.0
 40
80.0
  1
410-D
 72
1
 11
7631.849999999948
 21
13441.593431848087
 31
0.0
100
AcDbText
 73
2
  0
LWPOLYLINE
  5
278
330
17
100
AcDbEntity
  8
NESTED_RESULT
100
AcDbPolyline
 90
5
 70
0
 10
8476.399999999994
 20
13168.399999999994
 10
9949.600000000093
 20
13168.399999999994
 10
9949.600000000093
 20
12584.200000000012
 10
8476.399999999994
 20
12584.200000000012
 10
8476.399999999994
 20
13168.399999999994
  0
LWPOLYLINE
  5
279
330
17
100
AcDbEntity
  8
NESTED_RESULT
100
AcDbPolyline
 90
9
 70
0
 10
9403.500000000087
 20
13003.300000000105
 10
9822.600000000093
 20
13003.300000000105
 10
9835.300000000076
 20
12990.600000000006
 10
9835.300000000076
 20
12723.90000000011
 10
9822.600000000093
 20
12711.200000000012
 10
9403.500000000087
 20
12711.200000000012
 10
9390.800000000076
 20
12723.90000000011
 10
9390.800000000076
 20
12990.600000000006
 10
9403.500000000087
 20
13003.300000000105
  0
LWPOLYLINE
  5
27A
330
17
100
AcDbEntity
  8
NESTED_RESULT
100
AcDbPolyline
 90
64
 70
0
 10
9630.51250000007
 20
13071.5625
 10
9630.42572491488
 20
13073.301203521172
 10
9630.166262069135
 20
13075.02262702561
 10
9629.73669012112
 20
13076.70966223316
 10
9629.141278349853
 20
13078.345542629948
 10
9628.38594422504
 20
13079.914010101667
 10
9627.478194596566
 20
13081.399476513936
 10
9626.427051088045
 20
13082.787178634142
 10
9625.242960435891
 20
13084.063324855204
 10
9623.937690665043
 20
13085.215232262592
 10
9622.524214132834
 20
13086.231452683016
 10
9621.016578604118
 20
13087.101886461372
 10
9619.429767638067
 20
13087.81788283569
 10
9617.77955167502
 20
13088.37232591235
 10
9616.082331302576
 20
13088.759705386969
 10
9614.354974259331
 20
13088.976171308284
 10
9612.614647795592
 20
13089.01957234068
 10
9610.878648057667
 20
13088.889477145247
 10
9609.164228190872
 20
13088.587178666465
 10
9607.488426870055
 20
13088.115681282448
 10
9605.867898961646
 20
13087.479670945992
 10
9604.318750000064
 20
13086.685468613578
 10
9602.856376123673
 20
13085.74096742482
 10
9601.495311061037
 20
13084.655554256839
 10
9600.249081688235
 20
13083.440016433335
 10
9599.130073592707
 20
13082.106434515299
 10
9598.149407979567
 20
13080.668062239012
 10
9597.31683114433
 20
13079.139194794348
 10
9596.640617609606
 20
13077.535026752827
 10
9596.127487889287
 20
13075.871501057176
 10
9595.782541697117
 20
13074.165150573099
 10
9595.609207263304
 20
13072.432933778357
 10
9595.609207263304
 20
13070.692066221643
 10
9595.782541697117
 20
13068.959849426901
 10
9596.127487889287
 20
13067.253498942824
 10
9596.640617609606
 20
13065.589973247173
 10
9597.31683114433
 20
13063.985805205652
 10
9598.149407979567
 20
13062.456937760988
 10
9599.130073592707
 20
13061.018565484701
 10
9600.249081688235
 20
13059.684983566665
 10
9601.495311061037
 20
13058.469445743161
 10
9602.856376123673
 20
13057.38403257518
 10
9604.318750000064
 20
13056.439531386422
 10
9605.867898961646
 20
13055.645329054008
 10
9607.488426870055
 20
13055.009318717552
 10
9609.164228190872
 20
13054.537821333535
 10
9610.878648057667
 20
13054.235522854753
 10
9612.614647795592
 20
13054.10542765932
 10
9614.354974259331
 20
13054.148828691716
 10
9616.082331302576
 20
13054.365294613031
 10
9617.77955167502
 20
13054.75267408765
 10
9619.429767638067
 20
13055.30711716431
 10
9621.016578604118
 20
13056.023113538628
 10
9622.524214132834
 20
13056.893547316984
 10
9623.937690665043
 20
13057.909767737408
 10
9625.242960435891
 20
13059.061675144796
 10
9626.427051088045
 20
13060.337821365858
 10
9627.478194596566
 20
13061.725523486064
 10
9628.38594422504
 20
13063.210989898333
 10
9629.141278349853
 20
13064.779457370052
 10
9629.73669012112
 20
13066.41533776684
 10
9630.166262069135
 20
13068.10237297439
 10
9630.42572491488
 20
13069.823796478828
 10
9630.51250000007
 20
13071.5625
  0
TEXT
  5
27B
330
17
100
AcDbEntity
  8
NESTED_RESULT
100
AcDbText
 10
8944.507861328151
 20
12876.120166015628
 30
0.0
 40
80.0
  1
502-D
 72
1
 11
8944.507861328151
 21
12876.120166015628
 31
0.0
100
AcDbText
 73
2
  0
LWPOLYLINE
  5
27C
330
17
100
AcDbEntity
  8
NESTED_RESULT
100
AcDbPolyline
 90
6
 70
0
 10
8457.349999999991
 20
13752.599999999977
 10
9914.674999999988
 20
13752.599999999977
 10
9914.674999999988
 20
13171.574999999983
 10
9911.499999999985
 20
13168.399999999994
 10
8457.349999999991
 20
13168.399999999994
 10
8457.349999999991
 20
13752.599999999977
  0
LWPOLYLINE
  5
27D
330
17
100
AcDbEntity
  8
NESTED_RESULT
100
AcDbPolyline
 90
9
 70
0
 10
8628.799999999988
 20
13587.49999999997
 10
9047.899999999994
 20
13587.49999999997
 10
9060.599999999991
 20
13574.799999999988
 10
9060.599999999991
 20
13308.099999999977
 10
9047.899999999994
 20
13295.399999999994
 10
8628.799999999988
 20
13295.399999999994
 10
8616.099999999991
 20
13308.099999999977
 10
8616.099999999991
 20
13574.799999999988
 10
8628.799999999988
 20
13587.49999999997
  0
LWPOLYLINE
  5
27E
330
17
100
AcDbEntity
  8
NESTED_RESULT
100
AcDbPolyline
 90
9
 70
0
 10
9327.299999999988
 20
13587.49999999997
 10
9746.399999999994
 20
13587.49999999997
 10
9759.099999999991
 20
13574.799999999988
 10
9759.099999999991
 20
13308.099999999977
 10
9746.399999999994
 20
13295.399999999994
 10
9327.299999999988
 20
13295.399999999994
 10
9314.599999999991
 20
13308.099999999977
 10
9314.599999999991
 20
13574.799999999988
 10
9327.299999999988
 20
13587.49999999997
  0
LWPOLYLINE
  5
27F
330
17
100
AcDbEntity
  8
NESTED_RESULT
100
AcDbPolyline
 90
64
 70
0
 10
8855.812499999985
 20
13655.762499999983
 10
8855.72572491481
 20
13657.501203521155
 10
8855.46626206905
 20
13659.222627025592
 10
8855.036690121036
 20
13660.909662233142
 10
8854.441278349783
 20
13662.54554262993
 10
8853.68594422497
 20
13664.11401010165
 10
8852.778194596482
 20
13665.599476513918
 10
8851.72705108796
 20
13666.987178634125
 10
8850.542960435821
 20
13668.263324855187
 10
8849.237690664944
 20
13669.415232262574
 10
8847.82421413275
 20
13670.431452682998
 10
8846.316578604019
 20
13671.301886461355
 10
8844.729767637997
 20
13672.017882835673
 10
8843.079551674935
 20
13672.572325912333
 10
8841.382331302506
 20
13672.959705386951
 10
8839.654974259247
 20
13673.176171308267
 10
8837.914647795522
 20
13673.219572340662
 10
8836.178648057583
 20
13673.08947714523
 10
8834.464228190773
 20
13672.787178666447
 10
8832.78842686997
 20
13672.31568128243
 10
8831.167898961576
 20
13671.679670945974
 10
8829.618749999994
 20
13670.88546861356
 10
8828.156376123588
 20
13669.940967424802
 10
8826.795311060952
 20
13668.855554256821
 10
8825.549081688165
 20
13667.640016433317
 10
8824.430073592608
 20
13666.306434515282
 10
8823.449407979497
 20
13664.868062238995
 10
8822.616831144245
 20
13663.339194794331
 10
8821.940617609522
 20
13661.735026752809
 10
8821.427487889217
 20
13660.071501057158
 10
8821.082541697033
 20
13658.365150573081
 10
8820.909207263205
 20
13656.632933778339
 10
8820.909207263205
 20
13654.892066221626
 10
8821.082541697033
 20
13653.159849426884
 10
8821.427487889217
 20
13651.453498942807
 10
8821.940617609522
 20
13649.789973247156
 10
8822.616831144245
 20
13648.185805205634
 10
8823.449407979497
 20
13646.65693776097
 10
8824.430073592608
 20
13645.218565484683
 10
8825.549081688165
 20
13643.884983566648
 10
8826.795311060952
 20
13642.669445743144
 10
8828.156376123588
 20
13641.584032575163
 10
8829.618749999994
 20
13640.639531386405
 10
8831.167898961576
 20
13639.845329053991
 10
8832.78842686997
 20
13639.209318717534
 10
8834.464228190773
 20
13638.737821333518
 10
8836.178648057583
 20
13638.435522854736
 10
8837.914647795522
 20
13638.305427659303
 10
8839.654974259247
 20
13638.348828691698
 10
8841.382331302506
 20
13638.565294613014
 10
8843.079551674935
 20
13638.952674087632
 10
8844.729767637997
 20
13639.507117164292
 10
8846.316578604019
 20
13640.22311353861
 10
8847.82421413275
 20
13641.093547316967
 10
8849.237690664944
 20
13642.109767737391
 10
8850.542960435821
 20
13643.261675144779
 10
8851.72705108796
 20
13644.53782136584
 10
8852.778194596482
 20
13645.925523486047
 10
8853.68594422497
 20
13647.410989898315
 10
8854.441278349783
 20
13648.979457370035
 10
8855.036690121036
 20
13650.615337766823
 10
8855.46626206905
 20
13652.302372974373
 10
8855.72572491481
 20
13654.02379647881
 10
8855.812499999985
 20
13655.762499999983
  0
LWPOLYLINE
  5
280
330
17
100
AcDbEntity
  8
NESTED_RESULT
100
AcDbPolyline
 90
64
 70
0
 10
9554.312499999985
 20
13655.762499999983
 10
9554.22572491481
 20
13657.501203521155
 10
9553.96626206905
 20
13659.222627025592
 10
9553.536690121036
 20
13660.909662233142
 10
9552.941278349783
 20
13662.54554262993
 10
9552.18594422497
 20
13664.11401010165
 10
9551.278194596482
 20
13665.599476513918
 10
9550.22705108796
 20
13666.987178634125
 10
9549.042960435821
 20
13668.263324855187
 10
9547.737690664944
 20
13669.415232262574
 10
9546.32421413275
 20
13670.431452682998
 10
9544.816578604019
 20
13671.301886461355
 10
9543.229767637997
 20
13672.017882835673
 10
9541.579551674935
 20
13672.572325912333
 10
9539.882331302506
 20
13672.959705386951
 10
9538.154974259247
 20
13673.176171308267
 10
9536.414647795522
 20
13673.219572340662
 10
9534.678648057583
 20
13673.08947714523
 10
9532.964228190773
 20
13672.787178666447
 10
9531.28842686997
 20
13672.31568128243
 10
9529.667898961576
 20
13671.679670945974
 10
9528.118749999994
 20
13670.88546861356
 10
9526.656376123588
 20
13669.940967424802
 10
9525.295311060952
 20
13668.855554256821
 10
9524.049081688165
 20
13667.640016433317
 10
9522.930073592608
 20
13666.306434515282
 10
9521.949407979497
 20
13664.868062238995
 10
9521.116831144245
 20
13663.339194794331
 10
9520.440617609522
 20
13661.735026752809
 10
9519.927487889217
 20
13660.071501057158
 10
9519.582541697033
 20
13658.365150573081
 10
9519.409207263205
 20
13656.632933778339
 10
9519.409207263205
 20
13654.892066221626
 10
9519.582541697033
 20
13653.159849426884
 10
9519.927487889217
 20
13651.453498942807
 10
9520.440617609522
 20
13649.789973247156
 10
9521.116831144245
 20
13648.185805205634
 10
9521.949407979497
 20
13646.65693776097
 10
9522.930073592608
 20
13645.218565484683
 10
9524.049081688165
 20
13643.884983566648
 10
9525.295311060952
 20
13642.669445743144
 10
9526.656376123588
 20
13641.584032575163
 10
9528.118749999994
 20
13640.639531386405
 10
9529.667898961576
 20
13639.845329053991
 10
9531.28842686997
 20
13639.209318717534
 10
9532.964228190773
 20
13638.737821333518
 10
9534.678648057583
 20
13638.435522854736
 10
9536.414647795522
 20
13638.305427659303
 10
9538.154974259247
 20
13638.348828691698
 10
9539.882331302506
 20
13638.565294613014
 10
9541.579551674935
 20
13638.952674087632
 10
9543.229767637997
 20
13639.507117164292
 10
9544.816578604019
 20
13640.22311353861
 10
9546.32421413275
 20
13641.093547316967
 10
9547.737690664944
 20
13642.109767737391
 10
9549.042960435821
 20
13643.261675144779
 10
9550.22705108796
 20
13644.53782136584
 10
9551.278194596482
 20
13645.925523486047
 10
9552.18594422497
 20
13647.410989898315
 10
9552.941278349783
 20
13648.979457370035
 10
9553.536690121036
 20
13650.615337766823
 10
9553.96626206905
 20
13652.302372974373
 10
9554.22572491481
 20
13654.02379647881
 10
9554.312499999985
 20
13655.762499999983
  0
TEXT
  5
281
330
17
100
AcDbEntity
  8
NESTED_RESULT
100
AcDbText
 10
9187.435668945302
 20
13618.471752929672
 30
0.0
 40
80.0
  1
519-E
 72
1
 11
9187.435668945302
 21
13618.471752929672
 31
0.0
100
AcDbText
 73
2
  0
LWPOLYLINE
  5
282
330
17
100
AcDbEntity
  8
NESTED_RESULT
 62
1
100
AcDbPolyline
 90
5
 70
0
 10
10200.0
 20
12000.0
 10
13400.0
 20
12000.0
 10
13400.0
 20
13800.0
 10
10200.0
 20
13800.0
 10
10200.0
 20
12000.0
  0
TEXT
  5
283
330
17
100
AcDbEntity
  8
NESTED_RESULT
 62
1
100
AcDbText
 10
10200.0
 20
13830.0
 30
0.0
 40
50.0
  1
Sheet_40
 11
10200.0
 21
13830.0
 31
0.0
100
AcDbText
 73
1
  0
LWPOLYLINE
  5
284
330
17
100
AcDbEntity
  8
NESTED_RESULT
100
AcDbPolyline
 90
10
 70
0
 10
10200.0
 20
12901.700000000012
 10
10200.0
 20
12000.0
 10
10844.52500000011
 20
12000.0
 10
10847.700000000099
 20
12003.174999999988
 10
10847.700000000099
 20
12250.825000000099
 10
10850.875
 20
12254.0
 10
11495.40000000011
 20
12254.0
 10
11498.575000000099
 20
12257.174999999988
 10
11498.575000000099
 20
12901.700000000012
 10
10200.0
 20
12901.700000000012
  0
TEXT
  5
285
330
17
100
AcDbEntity
  8
NESTED_RESULT
100
AcDbText
 10
10580.75892944339
 20
12521.548785400402
 30
0.0
 40
80.0
  1
417-B
 72
1
 11
10580.75892944339
 21
12521.548785400402
 31
0.0
100
AcDbText
 73
2
  0
LWPOLYLINE
  5
286
330
17
100
AcDbEntity
  8
NESTED_RESULT
100
AcDbPolyline
 90
10
 70
0
 10
11498.575000000099
 20
12901.700000000012
 10
11498.575000000099
 20
12000.0
 10
12146.27500000011
 20
12000.0
 10
12149.450000000099
 20
12003.175000000017
 10
12149.450000000099
 20
12247.650000000023
 10
12152.625000000087
 20
12250.825000000012
 10
12793.975000000093
 20
12250.825000000012
 10
12797.15000000011
 20
12254.0
 10
12797.15000000011
 20
12901.700000000012
 10
11498.575000000099
 20
12901.700000000012
  0
TEXT
  5
287
330
17
100
AcDbEntity
  8
NESTED_RESULT
100
AcDbText
 10
11880.6020690919
 20
12519.646575927742
 30
0.0
 40
80.0
  1
409-B
 72
1
 11
11880.6020690919
 21
12519.646575927742
 31
0.0
100
AcDbText
 73
2
  0
LWPOLYLINE
  5
288
330
17
100
AcDbEntity
  8
NESTED_RESULT
100
AcDbPolyline
 90
7
 70
0
 10
10200.0
 20
13552.575000000012
 10
12019.274999999994
 20
13552.575000000012
 10
12019.274999999994
 20
12904.875
 10
12016.100000000006
 20
12901.700000000012
 10
10203.175000000017
 20
12901.700000000012
 10
10200.0
 20
12904.875
 10
10200.0
 20
13552.575000000012
  0
LWPOLYLINE
  5
289
330
17
100
AcDbEntity
  8
NESTED_RESULT
100
AcDbPolyline
 90
9
 70
0
 10
10665.138000000006
 20
13403.350000000006
 10
11300.138000000006
 20
13403.350000000006
 10
11306.488000000012
 20
13397.0
 10
11306.488000000012
 20
13016.0
 10
11300.138000000006
 20
13009.650000000009
 10
10665.138000000006
 20
13009.650000000009
 10
10658.788
 20
13016.0
 10
10658.788
 20
13397.0
 10
10665.138000000006
 20
13403.350000000006
  0
LWPOLYLINE
  5
28A
330
17
100
AcDbEntity
  8
NESTED_RESULT
100
AcDbPolyline
 90
64
 70
0
 10
11000.1005
 20
13458.912500000108
 10
11000.01372491481
 20
13460.65120352128
 10
10999.754262069066
 20
13462.372627025732
 10
10999.324690121051
 20
13464.059662233252
 10
10998.729278349783
 20
13465.695542630056
 10
10997.97394422497
 20
13467.26401010179
 10
10997.066194596497
 20
13468.749476514044
 10
10996.015051087976
 20
13470.137178634264
 10
10994.830960435822
 20
13471.413324855312
 10
10993.525690664974
 20
13472.5652322627
 10
10992.112214132765
 20
13473.581452683124
 10
10990.604578604049
 20
13474.45188646148
 10
10989.017767637997
 20
13475.167882835813
 10
10987.36755167495
 20
13475.722325912473
 10
10985.670331302506
 20
13476.109705387076
 10
10983.942974259262
 20
13476.326171308378
 10
10982.202647795522
 20
13476.369572340802
 10
10980.466648057598
 20
13476.23947714537
 10
10978.752228190802
 20
13475.937178666587
 10
10977.076426869986
 20
13475.465681282556
 10
10975.455898961576
 20
13474.8296709461
 10
10973.906749999995
 20
13474.0354686137
 10
10972.444376123603
 20
13473.090967424927
 10
10971.083311060967
 20
13472.005554256932
 10
10969.837081688165
 20
13470.790016433428
 10
10968.718073592638
 20
13469.456434515421
 10
10967.737407979497
 20
13468.01806223912
 10
10966.90483114426
 20
13466.489194794442
 10
10966.228617609537
 20
13464.885026752934
 10
10965.715487889218
 20
13463.221501057269
 10
10965.370541697048
 20
13461.515150573206
 10
10965.197207263234
 20
13459.782933778464
 10
10965.197207263234
 20
13458.042066221751
 10
10965.370541697048
 20
13456.309849427009
 10
10965.715487889218
 20
13454.603498942946
 10
10966.228617609537
 20
13452.939973247281
 10
10966.90483114426
 20
13451.335805205774
 10
10967.737407979497
 20
13449.806937761095
 10
10968.718073592638
 20
13448.368565484794
 10
10969.837081688165
 20
13447.034983566788
 10
10971.083311060967
 20
13445.819445743284
 10
10972.444376123603
 20
13444.734032575288
 10
10973.906749999995
 20
13443.789531386516
 10
10975.455898961576
 20
13442.995329054116
 10
10977.076426869986
 20
13442.35931871766
 10
10978.752228190802
 20
13441.887821333628
 10
10980.466648057598
 20
13441.585522854846
 10
10982.202647795522
 20
13441.455427659414
 10
10983.942974259262
 20
13441.498828691838
 10
10985.670331302506
 20
13441.71529461314
 10
10987.36755167495
 20
13442.102674087742
 10
10989.017767637997
 20
13442.657117164403
 10
10990.604578604049
 20
13443.373113538735
 10
10992.112214132765
 20
13444.243547317092
 10
10993.525690664974
 20
13445.259767737516
 10
10994.830960435822
 20
13446.411675144904
 10
10996.015051087976
 20
13447.687821365951
 10
10997.066194596497
 20
13449.075523486172
 10
10997.97394422497
 20
13450.560989898426
 10
10998.729278349783
 20
13452.12945737016
 10
10999.324690121051
 20
13453.765337766963
 10
10999.754262069066
 20
13455.452372974483
 10
11000.01372491481
 20
13457.173796478935
 10
11000.1005
 20
13458.912500000108
  0
TEXT
  5
28B
330
17
100
AcDbEntity
  8
NESTED_RESULT
100
AcDbText
 10
11662.837454223629
 20
13226.915420532237
 30
0.0
 40
80.0
  1
508-B
 72
1
 11
11662.837454223629
 21
13226.915420532237
 31
0.0
100
AcDbText
 73
2
  0
LWPOLYLINE
  5
28C
330
17
100
AcDbEntity
  8
NESTED_RESULT
100
AcDbPolyline
 90
6
 70
0
 10
12797.15000000011
 20
12000.0
 10
12797.15000000011
 20
13657.350000000006
 10
13378.175000000221
 20
13657.350000000006
 10
13381.35000000021
 20
13654.174999999988
 10
13381.35000000021
 20
12000.0
 10
12797.15000000011
 20
12000.0
  0
LWPOLYLINE
  5
28D
330
17
100
AcDbEntity
  8
NESTED_RESULT
100
AcDbPolyline
 90
9
 70
0
 10
12962.250000000116
 20
12222.25
 10
12962.250000000116
 20
12641.349999999919
 10
12974.950000000215
 20
12654.049999999988
 10
13241.650000000227
 20
12654.049999999988
 10
13254.35000000021
 20
12641.349999999919
 10
13254.35000000021
 20
12222.25
 10
13241.650000000227
 20
12209.549999999988
 10
12974.950000000215
 20
12209.549999999988
 10
12962.250000000116
 20
12222.25
  0
LWPOLYLINE
  5
28E
330
17
100
AcDbEntity
  8
NESTED_RESULT
100
AcDbPolyline
 90
9
 70
0
 10
12961.963136303908
 20
13022.350000000006
 10
12961.963136303908
 20
13441.449999999895
 10
12974.66313630392
 20
13454.150000000023
 10
13241.363136303902
 20
13454.150000000023
 10
13254.063136303914
 20
13441.449999999895
 10
13254.063136303914
 20
13022.350000000006
 10
13241.363136303902
 20
13009.649999999907
 10
12974.66313630392
 20
13009.649999999907
 10
12961.963136303908
 20
13022.350000000006
  0
LWPOLYLINE
  5
28F
330
17
100
AcDbEntity
  8
NESTED_RESULT
100
AcDbPolyline
 90
64
 70
0
 10
12893.987500000221
 20
12449.262500000012
 10
12892.248796479049
 20
12449.175724914821
 10
12890.527372974611
 20
12448.916262069077
 10
12888.840337767062
 20
12448.486690121063
 10
12887.204457370273
 20
12447.891278349794
 10
12885.635989898554
 20
12447.135944224981
 10
12884.150523486285
 20
12446.228194596479
 10
12882.76282136608
 20
12445.177051087958
 10
12881.486675145017
 20
12443.992960435833
 10
12880.33476773763
 20
12442.687690664956
 10
12879.318547317205
 20
12441.274214132747
 10
12878.448113538849
 20
12439.76657860403
 10
12877.73211716453
 20
12438.179767638008
 10
12877.17767408787
 20
12436.529551674961
 10
12876.790294613253
 20
12434.832331302518
 10
12876.573828691937
 20
12433.104974259273
 10
12876.530427659542
 20
12431.364647795534
 10
12876.660522854974
 20
12429.62864805758
 10
12876.962821333756
 20
12427.914228190784
 10
12877.434318717773
 20
12426.238426869968
 10
12878.07032905423
 20
12424.617898961587
 10
12878.864531386644
 20
12423.068750000006
 10
12879.809032575402
 20
12421.606376123615
 10
12880.894445743383
 20
12420.245311060979
 10
12882.109983566887
 20
12418.999081688176
 10
12883.443565484922
 20
12417.88007359262
 10
12884.881937761209
 20
12416.899407979508
 10
12886.410805205873
 20
12416.066831144271
 10
12888.014973247395
 20
12415.390617609548
 10
12889.678498943045
 20
12414.877487889229
 10
12891.384849427122
 20
12414.53254169703
 10
12893.117066221865
 20
12414.359207263216
 10
12894.857933778578
 20
12414.359207263216
 10
12896.59015057332
 20
12414.53254169703
 10
12898.296501057397
 20
12414.877487889229
 10
12899.960026753048
 20
12415.390617609548
 10
12901.56419479457
 20
12416.066831144271
 10
12903.093062239233
 20
12416.899407979508
 10
12904.53143451552
 20
12417.88007359262
 10
12905.865016433556
 20
12418.999081688176
 10
12907.08055425706
 20
12420.245311060979
 10
12908.16596742504
 20
12421.606376123615
 10
12909.110468613799
 20
12423.068750000006
 10
12909.904670946213
 20
12424.617898961587
 10
12910.54068128267
 20
12426.238426869968
 10
12911.012178666686
 20
12427.914228190784
 10
12911.314477145468
 20
12429.62864805758
 10
12911.4445723409
 20
12431.364647795534
 10
12911.401171308506
 20
12433.104974259273
 10
12911.18470538719
 20
12434.832331302518
 10
12910.797325912572
 20
12436.529551674961
 10
12910.242882835912
 20
12438.179767638008
 10
12909.526886461594
 20
12439.76657860403
 10
12908.656452683237
 20
12441.274214132747
 10
12907.640232262813
 20
12442.687690664956
 10
12906.488324855425
 20
12443.992960435833
 10
12905.212178634363
 20
12445.177051087958
 10
12903.824476514157
 20
12446.228194596479
 10
12902.339010101889
 20
12447.135944224981
 10
12900.770542630169
 20
12447.891278349794
 10
12899.13466223338
 20
12448.486690121063
 10
12897.447627025831
 20
12448.916262069077
 10
12895.726203521393
 20
12449.175724914821
 10
12893.987500000221
 20
12449.262500000012
  0
LWPOLYLINE
  5
290
330
17
100
AcDbEntity
  8
NESTED_RESULT
100
AcDbPolyline
 90
64
 70
0
 10
12893.700636304013
 20
13249.362499999988
 10
12891.96193278284
 20
13249.275724914827
 10
12890.240509278403
 20
13249.016262069053
 10
12888.553474070854
 20
13248.58669012104
 10
12886.917593674065
 20
13247.9912783498
 10
12885.349126202345
 20
13247.235944224987
 10
12883.863659790077
 20
13246.328194596514
 10
12882.47595766987
 20
13245.277051087993
 10
12881.199811448809
 20
13244.092960435839
 10
12880.047904041421
 20
13242.787690664962
 10
12879.031683620997
 20
13241.374214132782
 10
12878.16124984264
 20
13239.866578604036
 10
12877.445253468322
 20
13238.279767638014
 10
12876.890810391662
 20
13236.629551674938
 10
12876.503430917044
 20
13234.932331302523
 10
12876.286964995728
 20
13233.20497425925
 10
12876.243563963333
 20
13231.46464779554
 10
12876.373659158766
 20
13229.728648057615
 10
12876.675957637548
 20
13228.01422819079
 10
12877.147455021564
 20
13226.338426870003
 10
12877.783465358021
 20
13224.717898961593
 10
12878.577667690435
 20
13223.168750000012
 10
12879.522168879193
 20
13221.706376123591
 10
12880.607582047174
 20
13220.345311060955
 10
12881.823119870678
 20
13219.099081688182
 10
12883.156701788714
 20
13217.980073592626
 10
12884.595074065
 20
13216.999407979514
 10
12886.123941509664
 20
13216.166831144248
 10
12887.728109551186
 20
13215.490617609525
 10
12889.391635246837
 20
13214.977487889235
 10
12891.097985730914
 20
13214.632541697065
 10
12892.830202525656
 20
13214.459207263222
 10
12894.57107008237
 20
13214.459207263222
 10
12896.303286877112
 20
13214.632541697065
 10
12898.009637361189
 20
13214.977487889235
 10
12899.67316305684
 20
13215.490617609525
 10
12901.277331098361
 20
13216.166831144248
 10
12902.806198543025
 20
13216.999407979514
 10
12904.244570819312
 20
13217.980073592626
 10
12905.578152737347
 20
13219.099081688182
 10
12906.793690560851
 20
13220.345311060955
 10
12907.879103728832
 20
13221.706376123591
 10
12908.82360491759
 20
13223.168750000012
 10
12909.617807250004
 20
13224.717898961593
 10
12910.253817586461
 20
13226.338426870003
 10
12910.725314970477
 20
13228.01422819079
 10
12911.02761344926
 20
13229.728648057615
 10
12911.157708644692
 20
13231.46464779554
 10
12911.114307612297
 20
13233.20497425925
 10
12910.897841690981
 20
13234.932331302523
 10
12910.510462216364
 20
13236.629551674938
 10
12909.956019139703
 20
13238.279767638014
 10
12909.240022765385
 20
13239.866578604036
 10
12908.369588987029
 20
13241.374214132782
 10
12907.353368566604
 20
13242.787690664962
 10
12906.201461159217
 20
13244.092960435839
 10
12904.925314938155
 20
13245.277051087993
 10
12903.537612817949
 20
13246.328194596514
 10
12902.05214640568
 20
13247.235944224987
 10
12900.48367893396
 20
13247.9912783498
 10
12898.847798537172
 20
13248.58669012104
 10
12897.160763329623
 20
13249.016262069053
 10
12895.439339825185
 20
13249.275724914827
 10
12893.700636304013
 20
13249.362499999988
  0
TEXT
  5
291
330
17
100
AcDbEntity
  8
NESTED_RESULT
100
AcDbText
 10
13089.25000000016
 20
12831.849999999948
 30
0.0
 40
80.0
  1
411-D
 72
1
 11
13089.25000000016
 21
12831.849999999948
 31
0.0
100
AcDbText
 73
2
  0
LWPOLYLINE
  5
292
330
17
100
AcDbEntity
  8
NESTED_RESULT
100
AcDbPolyline
 90
7
 70
0
 10
12670.149999999994
 20
12904.875
 10
12670.149999999994
 20
13727.200000000012
 10
12666.974999999977
 20
13730.375
 10
12019.274999999994
 20
13730.375
 10
12019.274999999994
 20
12901.700000000012
 10
12666.974999999977
 20
12901.700000000012
 10
12670.149999999994
 20
12904.875
  0
TEXT
  5
293
330
17
100
AcDbEntity
  8
NESTED_RESULT
100
AcDbText
 10
12344.712499999994
 20
13316.037500000006
 30
0.0
 40
80.0
  1
402-B
 72
1
 11
12344.712499999994
 21
13316.037500000006
 31
0.0
100
AcDbText
 73
2
  0
LWPOLYLINE
  5
294
330
17
100
AcDbEntity
  8
NESTED_RESULT
 62
1
100
AcDbPolyline
 90
5
 70
0
 10
13600.0
 20
12000.0
 10
16800.0
 20
12000.0
 10
16800.0
 20
13800.0
 10
13600.0
 20
13800.0
 10
13600.0
 20
12000.0
  0
TEXT
  5
295
330
17
100
AcDbEntity
  8
NESTED_RESULT
 62
1
100
AcDbText
 10
13600.0
 20
13830.0
 30
0.0
 40
50.0
  1
Sheet_41
 11
13600.0
 21
13830.0
 31
0.0
100
AcDbText
 73
1
  0
LWPOLYLINE
  5
296
330
17
100
AcDbEntity
  8
NESTED_RESULT
100
AcDbPolyline
 90
10
 70
0
 10
14250.875
 20
12250.824999999983
 10
14250.875
 20
12003.174999999988
 10
14254.049999999988
 20
12000.0
 10
14898.574999999983
 20
12000.0
 10
14898.574999999983
 20
12901.699999999983
 10
13600.0
 20
12901.699999999983
 10
13600.0
 20
12257.174999999988
 10
13603.174999999988
 20
12254.0
 10
14247.699999999983
 20
12254.0
 10
14250.875
 20
12250.824999999983
  0
TEXT
  5
297
330
17
100
AcDbEntity
  8
NESTED_RESULT
100
AcDbText
 10
14517.816070556628
 20
12521.54878540038
 30
0.0
 40
80.0
  1
418-A
 72
1
 11
14517.816070556628
 21
12521.54878540038
 31
0.0
100
AcDbText
 73
2
  0
LWPOLYLINE
  5
298
330
17
100
AcDbEntity
  8
NESTED_RESULT
100
AcDbPolyline
 90
7
 70
0
 10
13600.0
 20
13552.574999999983
 10
15517.699999999983
 20
13552.574999999983
 10
15517.699999999983
 20
12904.87499999997
 10
15514.524999999994
 20
12901.699999999983
 10
13603.174999999988
 20
12901.699999999983
 10
13600.0
 20
12904.87499999997
 10
13600.0
 20
13552.574999999983
  0
LWPOLYLINE
  5
299
330
17
100
AcDbEntity
  8
NESTED_RESULT
100
AcDbPolyline
 90
9
 70
0
 10
14163.562999999995
 20
13403.350000000064
 10
14798.562999999995
 20
13403.350000000064
 10
14804.913
 20
13397.000000000087
 10
14804.913
 20
13016.000000000087
 10
14798.562999999995
 20
13009.650000000081
 10
14163.562999999995
 20
13009.650000000081
 10
14157.212999999989
 20
13016.000000000087
 10
14157.212999999989
 20
13397.000000000087
 10
14163.562999999995
 20
13403.350000000064
  0
LWPOLYLINE
  5
29A
330
17
100
AcDbEntity
  8
NESTED_RESULT
100
AcDbPolyline
 90
64
 70
0
 10
14498.525499999989
 20
13458.912500000064
 10
14498.438724914799
 20
13460.651203521236
 10
14498.179262069054
 20
13462.372627025674
 10
14497.74969012104
 20
13464.059662233223
 10
14497.154278349772
 20
13465.695542630012
 10
14496.398944224959
 20
13467.264010101731
 10
14495.491194596485
 20
13468.749476514
 10
14494.440051087964
 20
13470.137178634206
 10
14493.25596043581
 20
13471.413324855268
 10
14491.950690664962
 20
13472.565232262656
 10
14490.537214132753
 20
13473.58145268308
 10
14489.029578604037
 20
13474.451886461437
 10
14487.442767637986
 20
13475.167882835754
 10
14485.792551674938
 20
13475.722325912415
 10
14484.095331302495
 20
13476.109705387033
 10
14482.36797425925
 20
13476.326171308348
 10
14480.62764779551
 20
13476.369572340744
 10
14478.891648057586
 20
13476.239477145311
 10
14477.17722819079
 20
13475.937178666529
 10
14475.501426869974
 20
13475.465681282512
 10
14473.880898961565
 20
13474.829670946056
 10
14472.331749999983
 20
13474.035468613642
 10
14470.869376123592
 20
13473.090967424883
 10
14469.508311060956
 20
13472.005554256903
 10
14468.262081688154
 20
13470.790016433399
 10
14467.143073592626
 20
13469.456434515363
 10
14466.162407979486
 20
13468.018062239076
 10
14465.329831144249
 20
13466.489194794412
 10
14464.653617609525
 20
13464.88502675289
 10
14464.140487889206
 20
13463.22150105724
 10
14463.795541697036
 20
13461.515150573163
 10
14463.622207263223
 20
13459.78293377842
 10
14463.622207263223
 20
13458.042066221708
 10
14463.795541697036
 20
13456.309849426965
 10
14464.140487889206
 20
13454.603498942888
 10
14464.653617609525
 20
13452.939973247238
 10
14465.329831144249
 20
13451.335805205716
 10
14466.162407979486
 20
13449.806937761052
 10
14467.143073592626
 20
13448.368565484765
 10
14468.262081688154
 20
13447.03498356673
 10
14469.508311060956
 20
13445.819445743226
 10
14470.869376123592
 20
13444.734032575245
 10
14472.331749999983
 20
13443.789531386486
 10
14473.880898961565
 20
13442.995329054072
 10
14475.501426869974
 20
13442.359318717616
 10
14477.17722819079
 20
13441.8878213336
 10
14478.891648057586
 20
13441.585522854817
 10
14480.62764779551
 20
13441.455427659384
 10
14482.36797425925
 20
13441.49882869178
 10
14484.095331302495
 20
13441.715294613095
 10
14485.792551674938
 20
13442.102674087713
 10
14487.442767637986
 20
13442.657117164374
 10
14489.029578604037
 20
13443.373113538692
 10
14490.537214132753
 20
13444.243547317048
 10
14491.950690664962
 20
13445.259767737472
 10
14493.25596043581
 20
13446.41167514486
 10
14494.440051087964
 20
13447.687821365922
 10
14495.491194596485
 20
13449.075523486128
 10
14496.398944224959
 20
13450.560989898397
 10
14497.154278349772
 20
13452.129457370116
 10
14497.74969012104
 20
13453.765337766905
 10
14498.179262069054
 20
13455.452372974454
 10
14498.438724914799
 20
13457.173796478892
 10
14498.525499999989
 20
13458.912500000064
  0
TEXT
  5
29B
330
17
100
AcDbEntity
  8
NESTED_RESULT
100
AcDbText
 10
15177.092883300767
 20
13226.903405761701
 30
0.0
 40
80.0
  1
421-B
 72
1
 11
15177.092883300767
 21
13226.903405761701
 31
0.0
100
AcDbText
 73
2
  0
LWPOLYLINE
  5
29C
330
17
100
AcDbEntity
  8
NESTED_RESULT
100
AcDbPolyline
 90
7
 70
0
 10
14898.574999999983
 20
12647.700000000012
 10
16717.849999999977
 20
12647.700000000012
 10
16717.849999999977
 20
12003.175000000017
 10
16714.67499999999
 20
12000.0
 10
14901.749999999985
 20
12000.0
 10
14898.574999999983
 20
12003.175000000017
 10
14898.574999999983
 20
12647.700000000012
  0
LWPOLYLINE
  5
29D
330
17
100
AcDbEntity
  8
NESTED_RESULT
100
AcDbPolyline
 90
9
 70
0
 10
15616.124999999985
 20
12501.650000000023
 10
16251.124999999985
 20
12501.650000000023
 10
16257.474999999977
 20
12495.300000000105
 10
16257.474999999977
 20
12114.300000000017
 10
16251.124999999985
 20
12107.950000000012
 10
15616.124999999985
 20
12107.950000000012
 10
15609.77499999998
 20
12114.300000000017
 10
15609.77499999998
 20
12495.300000000105
 10
15616.124999999985
 20
12501.650000000023
  0
LWPOLYLINE
  5
29E
330
17
100
AcDbEntity
  8
NESTED_RESULT
100
AcDbPolyline
 90
64
 70
0
 10
15951.08749999998
 20
12557.21250000011
 10
15951.000724914804
 20
12558.951203521283
 10
15950.741262069045
 20
12560.67262702572
 10
15950.31169012103
 20
12562.35966223327
 10
15949.716278349777
 20
12563.995542630058
 10
15948.960944224964
 20
12565.564010101778
 10
15948.053194596476
 20
12567.049476514047
 10
15947.002051087955
 20
12568.437178634253
 10
15945.817960435816
 20
12569.713324855315
 10
15944.512690664938
 20
12570.865232262702
 10
15943.099214132744
 20
12571.881452683127
 10
15941.591578604013
 20
12572.751886461483
 10
15940.00476763799
 20
12573.467882835801
 10
15938.35455167493
 20
12574.022325912461
 10
15936.6573313025
 20
12574.40970538708
 10
15934.929974259241
 20
12574.626171308395
 10
15933.189647795516
 20
12574.66957234079
 10
15931.453648057577
 20
12574.539477145358
 10
15929.739228190767
 20
12574.237178666575
 10
15928.063426869965
 20
12573.765681282559
 10
15926.44289896157
 20
12573.129670946102
 10
15924.893749999988
 20
12572.335468613688
 10
15923.431376123583
 20
12571.39096742493
 10
15922.070311060947
 20
12570.30555425695
 10
15920.824081688159
 20
12569.090016433445
 10
15919.705073592602
 20
12567.75643451541
 10
15918.724407979491
 20
12566.318062239123
 10
15917.89183114424
 20
12564.789194794459
 10
15917.215617609516
 20
12563.185026752937
 10
15916.702487889212
 20
12561.521501057287
 10
15916.357541697027
 20
12559.81515057321
 10
15916.184207263199
 20
12558.082933778467
 10
15916.184207263199
 20
12556.342066221754
 10
15916.357541697027
 20
12554.609849427012
 10
15916.702487889212
 20
12552.903498942935
 10
15917.215617609516
 20
12551.239973247284
 10
15917.89183114424
 20
12549.635805205762
 10
15918.724407979491
 20
12548.106937761098
 10
15919.705073592602
 20
12546.668565484812
 10
15920.824081688159
 20
12545.334983566776
 10
15922.070311060947
 20
12544.119445743272
 10
15923.431376123583
 20
12543.034032575291
 10
15924.893749999988
 20
12542.089531386533
 10
15926.44289896157
 20
12541.295329054119
 10
15928.063426869965
 20
12540.659318717662
 10
15929.739228190767
 20
12540.187821333646
 10
15931.453648057577
 20
12539.885522854864
 10
15933.189647795516
 20
12539.755427659431
 10
15934.929974259241
 20
12539.798828691826
 10
15936.6573313025
 20
12540.015294613142
 10
15938.35455167493
 20
12540.40267408776
 10
15940.00476763799
 20
12540.95711716442
 10
15941.591578604013
 20
12541.673113538738
 10
15943.099214132744
 20
12542.543547317095
 10
15944.512690664938
 20
12543.559767737519
 10
15945.817960435816
 20
12544.711675144907
 10
15947.002051087955
 20
12545.987821365969
 10
15948.053194596476
 20
12547.375523486175
 10
15948.960944224964
 20
12548.860989898443
 10
15949.716278349777
 20
12550.429457370163
 10
15950.31169012103
 20
12552.065337766951
 10
15950.741262069045
 20
12553.7523729745
 10
15951.000724914804
 20
12555.473796478938
 10
15951.08749999998
 20
12557.21250000011
  0
TEXT
  5
29F
330
17
100
AcDbEntity
  8
NESTED_RESULT
100
AcDbText
 10
15237.690347290021
 20
12323.627920532232
 30
0.0
 40
80.0
  1
517-A
 72
1
 11
15237.690347290021
 21
12323.627920532232
 31
0.0
100
AcDbText
 73
2
  0
LWPOLYLINE
  5
2A0
330
17
100
AcDbEntity
  8
NESTED_RESULT
100
AcDbPolyline
 90
10
 70
0
 10
15517.699999999983
 20
13552.575000000012
 10
15517.699999999983
 20
12647.700000000012
 10
16165.399999999965
 20
12647.700000000012
 10
16168.574999999983
 20
12650.87500000003
 10
16168.574999999983
 20
12898.524999999994
 10
16171.74999999997
 20
12901.700000000012
 10
16759.12499999997
 20
12901.700000000012
 10
16762.29999999996
 20
12904.87500000003
 10
16762.29999999996
 20
13552.575000000012
 10
15517.699999999983
 20
13552.575000000012
  0
TEXT
  5
2A1
330
17
100
AcDbEntity
  8
NESTED_RESULT
100
AcDbText
 10
15899.648779296851
 20
13170.328564453135
 30
0.0
 40
80.0
  1
507-B
 72
1
 11
15899.648779296851
 21
13170.328564453135
 31
0.0
100
AcDbText
 73
2
  0
LWPOLYLINE
  5
2A2
330
17
100
AcDbEntity
  8
NESTED_RESULT
 62
1
100
AcDbPolyline
 90
5
 70
0
 10
17000.0
 20
12000.0
 10
20200.0
 20
12000.0
 10
20200.0
 20
13800.0
 10
17000.0
 20
13800.0
 10
17000.0
 20
12000.0
  0
TEXT
  5
2A3
330
17
100
AcDbEntity
  8
NESTED_RESULT
 62
1
100
AcDbText
 10
17000.0
 20
13830.0
 30
0.0
 40
50.0
  1
Sheet_42
 11
17000.0
 21
13830.0
 31
0.0
100
AcDbText
 73
1
  0
LWPOLYLINE
  5
2A4
330
17
100
AcDbEntity
  8
NESTED_RESULT
100
AcDbPolyline
 90
9
 70
0
 10
17000.0
 20
13203.325000000099
 10
19432.04999999999
 20
13203.325000000099
 10
19432.04999999999
 20
12000.0
 10
18787.524999999994
 20
12000.0
 10
18784.350000000006
 20
12003.175000000017
 10
18784.350000000006
 20
12552.450000000012
 10
18781.17499999999
 20
12555.625000000116
 10
17000.0
 20
12555.625000000116
 10
17000.0
 20
13203.325000000099
  0
LWPOLYLINE
  5
2A5
330
17
100
AcDbEntity
  8
NESTED_RESULT
100
AcDbPolyline
 90
9
 70
0
 10
17787.399999999994
 20
13057.274999999994
 10
18422.399999999994
 20
13057.274999999994
 10
18428.75
 20
13050.925000000105
 10
18428.75
 20
12669.925000000105
 10
18422.399999999994
 20
12663.575000000099
 10
17787.399999999994
 20
12663.575000000099
 10
17781.04999999999
 20
12669.925000000105
 10
17781.04999999999
 20
13050.925000000105
 10
17787.399999999994
 20
13057.274999999994
  0
LWPOLYLINE
  5
2A6
330
17
100
AcDbEntity
  8
NESTED_RESULT
100
AcDbPolyline
 90
64
 70
0
 10
18122.36249999999
 20
13112.83750000011
 10
18122.275724914798
 20
13114.576203521283
 10
18122.016262069053
 20
13116.29762702572
 10
18121.58669012104
 20
13117.98466223327
 10
18120.99127834977
 20
13119.620542630058
 10
18120.235944224958
 20
13121.189010101778
 10
18119.328194596485
 20
13122.674476514047
 10
18118.277051087964
 20
13124.062178634253
 10
18117.09296043581
 20
13125.338324855315
 10
18115.78769066496
 20
13126.490232262702
 10
18114.374214132753
 20
13127.506452683127
 10
18112.866578604036
 20
13128.376886461483
 10
18111.279767637985
 20
13129.092882835801
 10
18109.629551674938
 20
13129.647325912461
 10
18107.932331302494
 20
13130.03470538708
 10
18106.20497425925
 20
13130.251171308395
 10
18104.46464779551
 20
13130.29457234079
 10
18102.728648057586
 20
13130.164477145358
 10
18101.01422819079
 20
13129.862178666575
 10
18099.338426869974
 20
13129.390681282559
 10
18097.717898961564
 20
13128.754670946102
 10
18096.168749999983
 20
13127.960468613688
 10
18094.70637612359
 20
13127.01596742493
 10
18093.345311060955
 20
13125.93055425695
 10
18092.099081688153
 20
13124.715016433445
 10
18090.980073592626
 20
13123.38143451541
 10
18089.999407979485
 20
13121.943062239123
 10
18089.166831144248
 20
13120.414194794459
 10
18088.490617609525
 20
13118.810026752937
 10
18087.977487889206
 20
13117.146501057287
 10
18087.632541697036
 20
13115.44015057321
 10
18087.459207263222
 20
13113.707933778467
 10
18087.459207263222
 20
13111.967066221754
 10
18087.632541697036
 20
13110.234849427012
 10
18087.977487889206
 20
13108.528498942935
 10
18088.490617609525
 20
13106.864973247284
 10
18089.166831144248
 20
13105.260805205762
 10
18089.999407979485
 20
13103.731937761098
 10
18090.980073592626
 20
13102.293565484812
 10
18092.099081688153
 20
13100.959983566776
 10
18093.345311060955
 20
13099.744445743272
 10
18094.70637612359
 20
13098.659032575291
 10
18096.168749999983
 20
13097.714531386533
 10
18097.717898961564
 20
13096.920329054119
 10
18099.338426869974
 20
13096.284318717662
 10
18101.01422819079
 20
13095.812821333646
 10
18102.728648057586
 20
13095.510522854864
 10
18104.46464779551
 20
13095.380427659431
 10
18106.20497425925
 20
13095.423828691826
 10
18107.932331302494
 20
13095.640294613142
 10
18109.629551674938
 20
13096.02767408776
 10
18111.279767637985
 20
13096.58211716442
 10
18112.866578604036
 20
13097.298113538738
 10
18114.374214132753
 20
13098.168547317095
 10
18115.78769066496
 20
13099.184767737519
 10
18117.09296043581
 20
13100.336675144907
 10
18118.277051087964
 20
13101.612821365969
 10
18119.328194596485
 20
13103.000523486175
 10
18120.235944224958
 20
13104.485989898443
 10
18120.99127834977
 20
13106.054457370163
 10
18121.58669012104
 20
13107.690337766951
 10
18122.016262069053
 20
13109.3773729745
 10
18122.275724914798
 20
13111.098796478938
 10
18122.36249999999
 20
13112.83750000011
  0
TEXT
  5
2A7
330
17
100
AcDbEntity
  8
NESTED_RESULT
100
AcDbText
 10
19051.745306396475
 20
12822.83892211919
 30
0.0
 40
80.0
  1
404-A
 72
1
 11
19051.745306396475
 21
12822.83892211919
 31
0.0
100
AcDbText
 73
2
  0
LWPOLYLINE
  5
2A8
330
17
100
AcDbEntity
  8
NESTED_RESULT
100
AcDbPolyline
 90
6
 70
0
 10
19432.04999999999
 20
12000.0
 10
19432.04999999999
 20
13152.524999999994
 10
20013.17499999999
 20
13152.524999999994
 10
20016.350000000006
 20
13149.350000000006
 10
20016.350000000006
 20
12000.0
 10
19432.04999999999
 20
12000.0
  0
LWPOLYLINE
  5
2A9
330
17
100
AcDbEntity
  8
NESTED_RESULT
100
AcDbPolyline
 90
9
 70
0
 10
19597.25
 20
12615.950000000012
 10
19597.25
 20
13035.049999999988
 10
19609.95000000001
 20
13047.750000000087
 10
19876.649999999907
 20
13047.750000000087
 10
19889.350000000006
 20
13035.049999999988
 10
19889.350000000006
 20
12615.950000000012
 10
19876.649999999907
 20
12603.25
 10
19609.95000000001
 20
12603.25
 10
19597.25
 20
12615.950000000012
  0
LWPOLYLINE
  5
2AA
330
17
100
AcDbEntity
  8
NESTED_RESULT
100
AcDbPolyline
 90
64
 70
0
 10
19528.98749999999
 20
12842.962499999994
 10
19527.248796478816
 20
12842.875724914804
 10
19525.52737297438
 20
12842.61626206906
 10
19523.84033776683
 20
12842.186690121045
 10
19522.20445737004
 20
12841.591278349777
 10
19520.63598989832
 20
12840.835944224964
 10
19519.150523486052
 20
12839.92819459649
 10
19517.762821365846
 20
12838.87705108797
 10
19516.486675144784
 20
12837.692960435816
 10
19515.334767737397
 20
12836.387690664968
 10
19514.318547316972
 20
12834.974214132759
 10
19513.448113538616
 20
12833.466578604042
 10
19512.732117164298
 20
12831.87976763799
 10
19512.177674087638
 20
12830.229551674944
 10
19511.79029461302
 20
12828.5323313025
 10
19511.573828691704
 20
12826.804974259256
 10
19511.53042765931
 20
12825.064647795516
 10
19511.66052285474
 20
12823.328648057592
 10
19511.962821333524
 20
12821.614228190796
 10
19512.43431871754
 20
12819.93842686998
 10
19513.070329053997
 20
12818.31789896157
 10
19513.86453138641
 20
12816.768749999988
 10
19514.80903257517
 20
12815.306376123597
 10
19515.89444574315
 20
12813.945311060961
 10
19517.109983566654
 20
12812.699081688159
 10
19518.44356548469
 20
12811.580073592631
 10
19519.881937760976
 20
12810.599407979491
 10
19521.41080520564
 20
12809.766831144254
 10
19523.014973247162
 20
12809.09061760953
 10
19524.678498942812
 20
12808.577487889212
 10
19526.38484942689
 20
12808.232541697042
 10
19528.117066221632
 20
12808.059207263228
 10
19529.857933778345
 20
12808.059207263228
 10
19531.590150573087
 20
12808.232541697042
 10
19533.296501057164
 20
12808.577487889212
 10
19534.960026752815
 20
12809.09061760953
 10
19536.564194794337
 20
12809.766831144254
 10
19538.093062239
 20
12810.599407979491
 10
19539.531434515287
 20
12811.580073592631
 10
19540.865016433323
 20
12812.699081688159
 10
19542.080554256827
 20
12813.945311060961
 10
19543.165967424808
 20
12815.306376123597
 10
19544.110468613566
 20
12816.768749999988
 10
19544.90467094598
 20
12818.31789896157
 10
19545.540681282437
 20
12819.93842686998
 10
19546.012178666453
 20
12821.614228190796
 10
19546.314477145235
 20
12823.328648057592
 10
19546.444572340668
 20
12825.064647795516
 10
19546.401171308273
 20
12826.804974259256
 10
19546.184705386957
 20
12828.5323313025
 10
19545.79732591234
 20
12830.229551674944
 10
19545.24288283568
 20
12831.87976763799
 10
19544.52688646136
 20
12833.466578604042
 10
19543.656452683004
 20
12834.974214132759
 10
19542.64023226258
 20
12836.387690664968
 10
19541.488324855192
 20
12837.692960435816
 10
19540.21217863413
 20
12838.87705108797
 10
19538.824476513924
 20
12839.92819459649
 10
19537.339010101656
 20
12840.835944224964
 10
19535.770542629936
 20
12841.591278349777
 10
19534.134662233148
 20
12842.186690121045
 10
19532.4476270256
 20
12842.61626206906
 10
19530.72620352116
 20
12842.875724914804
 10
19528.98749999999
 20
12842.962499999994
  0
TEXT
  5
2AB
330
17
100
AcDbEntity
  8
NESTED_RESULT
100
AcDbText
 10
19724.199999999997
 20
12301.625
 30
0.0
 40
80.0
  1
401-D
 72
1
 11
19724.199999999997
 21
12301.625
 31
0.0
100
AcDbText
 73
2
  0
LWPOLYLINE
  5
2AC
330
17
100
AcDbEntity
  8
NESTED_RESULT
100
AcDbPolyline
 90
6
 70
0
 10
17000.0
 20
13787.525000000198
 10
18657.350000000108
 20
13787.525000000198
 10
18657.350000000108
 20
13203.325000000099
 10
17003.175000000003
 20
13203.325000000099
 10
17000.0
 20
13206.500000000087
 10
17000.0
 20
13787.525000000198
  0
LWPOLYLINE
  5
2AD
330
17
100
AcDbEntity
  8
NESTED_RESULT
100
AcDbPolyline
 90
9
 70
0
 10
18016.000000000102
 20
13622.425000000192
 10
18435.100000000006
 20
13622.425000000192
 10
18447.800000000105
 20
13609.725000000093
 10
18447.800000000105
 20
13343.025000000198
 10
18435.100000000006
 20
13330.325000000099
 10
18016.000000000102
 20
13330.325000000099
 10
18003.300000000105
 20
13343.025000000198
 10
18003.300000000105
 20
13609.725000000093
 10
18016.000000000102
 20
13622.425000000192
  0
LWPOLYLINE
  5
2AE
330
17
100
AcDbEntity
  8
NESTED_RESULT
100
AcDbPolyline
 90
9
 70
0
 10
17219.025000000096
 20
13622.425000000192
 10
17638.125
 20
13622.425000000192
 10
17650.824999999997
 20
13609.725000000093
 10
17650.824999999997
 20
13343.025000000198
 10
17638.125
 20
13330.325000000099
 10
17219.025000000096
 20
13330.325000000099
 10
17206.3250000001
 20
13343.025000000198
 10
17206.3250000001
 20
13609.725000000093
 10
17219.025000000096
 20
13622.425000000192
  0
LWPOLYLINE
  5
2AF
330
17
100
AcDbEntity
  8
NESTED_RESULT
100
AcDbPolyline
 90
64
 70
0
 10
17446.037500000093
 20
13690.687500000087
 10
17445.950724914917
 20
13692.42620352126
 10
17445.69126206916
 20
13694.147627025697
 10
17445.261690121144
 20
13695.834662233246
 10
17444.66627834989
 20
13697.470542630035
 10
17443.910944225077
 20
13699.039010101755
 10
17443.00319459659
 20
13700.524476514023
 10
17441.95205108807
 20
13701.91217863423
 10
17440.76796043593
 20
13703.188324855291
 10
17439.462690665052
 20
13704.340232262679
 10
17438.049214132858
 20
13705.356452683103
 10
17436.541578604127
 20
13706.22688646146
 10
17434.954767638104
 20
13706.942882835778
 10
17433.304551675043
 20
13707.497325912438
 10
17431.607331302614
 20
13707.884705387056
 10
17429.879974259355
 20
13708.101171308372
 10
17428.13964779563
 20
13708.144572340767
 10
17426.40364805769
 20
13708.014477145334
 10
17424.68922819088
 20
13707.712178666552
 10
17423.01342687008
 20
13707.240681282536
 10
17421.392898961683
 20
13706.604670946079
 10
17419.843750000102
 20
13705.810468613665
 10
17418.381376123696
 20
13704.865967424907
 10
17417.02031106106
 20
13703.780554256926
 10
17415.774081688272
 20
13702.565016433422
 10
17414.655073592716
 20
13701.231434515386
 10
17413.674407979604
 20
13699.7930622391
 10
17412.841831144353
 20
13698.264194794436
 10
17412.16561760963
 20
13696.660026752914
 10
17411.652487889325
 20
13694.996501057263
 10
17411.30754169714
 20
13693.290150573186
 10
17411.134207263312
 20
13691.557933778444
 10
17411.134207263312
 20
13689.81706622173
 10
17411.30754169714
 20
13688.084849426989
 10
17411.652487889325
 20
13686.378498942911
 10
17412.16561760963
 20
13684.71497324726
 10
17412.841831144353
 20
13683.110805205739
 10
17413.674407979604
 20
13681.581937761075
 10
17414.655073592716
 20
13680.143565484788
 10
17415.774081688272
 20
13678.809983566753
 10
17417.02031106106
 20
13677.594445743249
 10
17418.381376123696
 20
13676.509032575268
 10
17419.843750000102
 20
13675.56453138651
 10
17421.392898961683
 20
13674.770329054096
 10
17423.01342687008
 20
13674.134318717639
 10
17424.68922819088
 20
13673.662821333623
 10
17426.40364805769
 20
13673.36052285484
 10
17428.13964779563
 20
13673.230427659408
 10
17429.879974259355
 20
13673.273828691803
 10
17431.607331302614
 20
13673.490294613119
 10
17433.304551675043
 20
13673.877674087737
 10
17434.954767638104
 20
13674.432117164397
 10
17436.541578604127
 20
13675.148113538715
 10
17438.049214132858
 20
13676.018547317071
 10
17439.462690665052
 20
13677.034767737496
 10
17440.76796043593
 20
13678.186675144883
 10
17441.95205108807
 20
13679.462821365945
 10
17443.00319459659
 20
13680.850523486151
 10
17443.910944225077
 20
13682.33598989842
 10
17444.66627834989
 20
13683.90445737014
 10
17445.261690121144
 20
13685.540337766928
 10
17445.69126206916
 20
13687.227372974477
 10
17445.950724914917
 20
13688.948796478915
 10
17446.037500000093
 20
13690.687500000087
  0
LWPOLYLINE
  5
2B0
330
17
100
AcDbEntity
  8
NESTED_RESULT
100
AcDbPolyline
 90
64
 70
0
 10
18243.0125000001
 20
13690.687500000087
 10
18242.925724914923
 20
13692.42620352126
 10
18242.666262069164
 20
13694.147627025697
 10
18242.23669012115
 20
13695.834662233246
 10
18241.641278349896
 20
13697.470542630035
 10
18240.885944225083
 20
13699.039010101755
 10
18239.978194596595
 20
13700.524476514023
 10
18238.927051088074
 20
13701.91217863423
 10
18237.742960435935
 20
13703.188324855291
 10
18236.437690665058
 20
13704.340232262679
 10
18235.024214132864
 20
13705.356452683103
 10
18233.516578604133
 20
13706.22688646146
 10
18231.92976763811
 20
13706.942882835778
 10
18230.27955167505
 20
13707.497325912438
 10
18228.58233130262
 20
13707.884705387056
 10
18226.85497425936
 20
13708.101171308372
 10
18225.114647795635
 20
13708.144572340767
 10
18223.378648057696
 20
13708.014477145334
 10
18221.664228190886
 20
13707.712178666552
 10
18219.988426870084
 20
13707.240681282536
 10
18218.36789896169
 20
13706.604670946079
 10
18216.818750000108
 20
13705.810468613665
 10
18215.356376123702
 20
13704.865967424907
 10
18213.995311061066
 20
13703.780554256926
 10
18212.74908168828
 20
13702.565016433422
 10
18211.63007359272
 20
13701.231434515386
 10
18210.64940797961
 20
13699.7930622391
 10
18209.81683114436
 20
13698.264194794436
 10
18209.140617609635
 20
13696.660026752914
 10
18208.62748788933
 20
13694.996501057263
 10
18208.282541697146
 20
13693.290150573186
 10
18208.10920726332
 20
13691.557933778444
 10
18208.10920726332
 20
13689.81706622173
 10
18208.282541697146
 20
13688.084849426989
 10
18208.62748788933
 20
13686.378498942911
 10
18209.140617609635
 20
13684.71497324726
 10
18209.81683114436
 20
13683.110805205739
 10
18210.64940797961
 20
13681.581937761075
 10
18211.63007359272
 20
13680.143565484788
 10
18212.74908168828
 20
13678.809983566753
 10
18213.995311061066
 20
13677.594445743249
 10
18215.356376123702
 20
13676.509032575268
 10
18216.818750000108
 20
13675.56453138651
 10
18218.36789896169
 20
13674.770329054096
 10
18219.988426870084
 20
13674.134318717639
 10
18221.664228190886
 20
13673.662821333623
 10
18223.378648057696
 20
13673.36052285484
 10
18225.114647795635
 20
13673.230427659408
 10
18226.85497425936
 20
13673.273828691803
 10
18228.58233130262
 20
13673.490294613119
 10
18230.27955167505
 20
13673.877674087737
 10
18231.92976763811
 20
13674.432117164397
 10
18233.516578604133
 20
13675.148113538715
 10
18235.024214132864
 20
13676.018547317071
 10
18236.437690665058
 20
13677.034767737496
 10
18237.742960435935
 20
13678.186675144883
 10
18238.927051088074
 20
13679.462821365945
 10
18239.978194596595
 20
13680.850523486151
 10
18240.885944225083
 20
13682.33598989842
 10
18241.641278349896
 20
13683.90445737014
 10
18242.23669012115
 20
13685.540337766928
 10
18242.666262069164
 20
13687.227372974477
 10
18242.925724914923
 20
13688.948796478915
 10
18243.0125000001
 20
13690.687500000087
  0
TEXT
  5
2B1
330
17
100
AcDbEntity
  8
NESTED_RESULT
100
AcDbText
 10
17827.06250000005
 20
13476.375000000146
 30
0.0
 40
80.0
  1
417-D
 72
1
 11
17827.06250000005
 21
13476.375000000146
 31
0.0
100
AcDbText
 73
2
  0
LWPOLYLINE
  5
2B2
330
17
100
AcDbEntity
  8
NESTED_RESULT
100
AcDbPolyline
 90
6
 70
0
 10
18657.350000000122
 20
13787.525000000198
 10
20117.850000000122
 20
13787.525000000198
 10
20117.850000000122
 20
13206.500000000116
 10
20114.675000000105
 20
13203.325000000099
 10
18657.350000000122
 20
13203.325000000099
 10
18657.350000000122
 20
13787.525000000198
  0
LWPOLYLINE
  5
2B3
330
17
100
AcDbEntity
  8
NESTED_RESULT
100
AcDbPolyline
 90
9
 70
0
 10
18828.800000000105
 20
13622.425000000105
 10
19247.90000000011
 20
13622.425000000105
 10
19260.600000000122
 20
13609.725000000122
 10
19260.600000000122
 20
13343.02500000011
 10
19247.90000000011
 20
13330.325000000099
 10
18828.800000000105
 20
13330.325000000099
 10
18816.100000000122
 20
13343.02500000011
 10
18816.100000000122
 20
13609.725000000122
 10
18828.800000000105
 20
13622.425000000105
  0
LWPOLYLINE
  5
2B4
330
17
100
AcDbEntity
  8
NESTED_RESULT
100
AcDbPolyline
 90
9
 70
0
 10
19530.475000000122
 20
13622.425000000105
 10
19949.5750000001
 20
13622.425000000105
 10
19962.27500000011
 20
13609.725000000122
 10
19962.27500000011
 20
13343.02500000011
 10
19949.5750000001
 20
13330.325000000099
 10
19530.475000000122
 20
13330.325000000099
 10
19517.77500000011
 20
13343.02500000011
 10
19517.77500000011
 20
13609.725000000122
 10
19530.475000000122
 20
13622.425000000105
  0
LWPOLYLINE
  5
2B5
330
17
100
AcDbEntity
  8
NESTED_RESULT
100
AcDbPolyline
 90
64
 70
0
 10
19055.812500000116
 20
13690.687500000116
 10
19055.725724914926
 20
13692.426203521289
 10
19055.46626206918
 20
13694.147627025726
 10
19055.036690121167
 20
13695.834662233276
 10
19054.4412783499
 20
13697.470542630064
 10
19053.685944225086
 20
13699.039010101784
 10
19052.778194596613
 20
13700.524476514052
 10
19051.72705108809
 20
13701.912178634258
 10
19050.542960435938
 20
13703.18832485532
 10
19049.23769066509
 20
13704.340232262708
 10
19047.82421413288
 20
13705.356452683132
 10
19046.316578604165
 20
13706.226886461489
 10
19044.729767638113
 20
13706.942882835807
 10
19043.079551675066
 20
13707.497325912467
 10
19041.382331302622
 20
13707.884705387085
 10
19039.654974259378
 20
13708.1011713084
 10
19037.91464779564
 20
13708.144572340796
 10
19036.178648057714
 20
13708.014477145363
 10
19034.46422819092
 20
13707.712178666581
 10
19032.788426870102
 20
13707.240681282565
 10
19031.167898961692
 20
13706.604670946108
 10
19029.61875000011
 20
13705.810468613694
 10
19028.15637612372
 20
13704.865967424936
 10
19026.795311061083
 20
13703.780554256955
 10
19025.54908168828
 20
13702.565016433451
 10
19024.430073592754
 20
13701.231434515415
 10
19023.449407979613
 20
13699.793062239129
 10
19022.616831144376
 20
13698.264194794465
 10
19021.940617609653
 20
13696.660026752943
 10
19021.427487889334
 20
13694.996501057292
 10
19021.082541697164
 20
13693.290150573215
 10
19020.90920726335
 20
13691.557933778473
 10
19020.90920726335
 20
13689.81706622176
 10
19021.082541697164
 20
13688.084849427018
 10
19021.427487889334
 20
13686.37849894294
 10
19021.940617609653
 20
13684.71497324729
 10
19022.616831144376
 20
13683.110805205768
 10
19023.449407979613
 20
13681.581937761104
 10
19024.430073592754
 20
13680.143565484817
 10
19025.54908168828
 20
13678.809983566782
 10
19026.795311061083
 20
13677.594445743278
 10
19028.15637612372
 20
13676.509032575297
 10
19029.61875000011
 20
13675.564531386539
 10
19031.167898961692
 20
13674.770329054125
 10
19032.788426870102
 20
13674.134318717668
 10
19034.46422819092
 20
13673.662821333652
 10
19036.178648057714
 20
13673.36052285487
 10
19037.91464779564
 20
13673.230427659437
 10
19039.654974259378
 20
13673.273828691832
 10
19041.382331302622
 20
13673.490294613148
 10
19043.079551675066
 20
13673.877674087766
 10
19044.729767638113
 20
13674.432117164426
 10
19046.316578604165
 20
13675.148113538744
 10
19047.82421413288
 20
13676.0185473171
 10
19049.23769066509
 20
13677.034767737525
 10
19050.542960435938
 20
13678.186675144912
 10
19051.72705108809
 20
13679.462821365974
 10
19052.778194596613
 20
13680.85052348618
 10
19053.685944225086
 20
13682.335989898449
 10
19054.4412783499
 20
13683.904457370169
 10
19055.036690121167
 20
13685.540337766957
 10
19055.46626206918
 20
13687.227372974507
 10
19055.725724914926
 20
13688.948796478944
 10
19055.812500000116
 20
13690.687500000116
  0
LWPOLYLINE
  5
2B6
330
17
100
AcDbEntity
  8
NESTED_RESULT
100
AcDbPolyline
 90
64
 70
0
 10
19757.487500000105
 20
13690.687500000116
 10
19757.400724914914
 20
13692.426203521289
 10
19757.14126206917
 20
13694.147627025726
 10
19756.711690121156
 20
13695.834662233276
 10
19756.116278349888
 20
13697.470542630064
 10
19755.360944225074
 20
13699.039010101784
 10
19754.4531945966
 20
13700.524476514052
 10
19753.40205108808
 20
13701.912178634258
 10
19752.217960435926
 20
13703.18832485532
 10
19750.912690665078
 20
13704.340232262708
 10
19749.49921413287
 20
13705.356452683132
 10
19747.991578604153
 20
13706.226886461489
 10
19746.4047676381
 20
13706.942882835807
 10
19744.754551675054
 20
13707.497325912467
 10
19743.05733130261
 20
13707.884705387085
 10
19741.329974259366
 20
13708.1011713084
 10
19739.589647795627
 20
13708.144572340796
 10
19737.853648057702
 20
13708.014477145363
 10
19736.139228190907
 20
13707.712178666581
 10
19734.46342687009
 20
13707.240681282565
 10
19732.84289896168
 20
13706.604670946108
 10
19731.2937500001
 20
13705.810468613694
 10
19729.831376123708
 20
13704.865967424936
 10
19728.47031106107
 20
13703.780554256955
 10
19727.22408168827
 20
13702.565016433451
 10
19726.105073592742
 20
13701.231434515415
 10
19725.1244079796
 20
13699.793062239129
 10
19724.291831144365
 20
13698.264194794465
 10
19723.61561760964
 20
13696.660026752943
 10
19723.102487889322
 20
13694.996501057292
 10
19722.757541697152
 20
13693.290150573215
 10
19722.58420726334
 20
13691.557933778473
 10
19722.58420726334
 20
13689.81706622176
 10
19722.757541697152
 20
13688.084849427018
 10
19723.102487889322
 20
13686.37849894294
 10
19723.61561760964
 20
13684.71497324729
 10
19724.291831144365
 20
13683.110805205768
 10
19725.1244079796
 20
13681.581937761104
 10
19726.105073592742
 20
13680.143565484817
 10
19727.22408168827
 20
13678.809983566782
 10
19728.47031106107
 20
13677.594445743278
 10
19729.831376123708
 20
13676.509032575297
 10
19731.2937500001
 20
13675.564531386539
 10
19732.84289896168
 20
13674.770329054125
 10
19734.46342687009
 20
13674.134318717668
 10
19736.139228190907
 20
13673.662821333652
 10
19737.853648057702
 20
13673.36052285487
 10
19739.589647795627
 20
13673.230427659437
 10
19741.329974259366
 20
13673.273828691832
 10
19743.05733130261
 20
13673.490294613148
 10
19744.754551675054
 20
13673.877674087766
 10
19746.4047676381
 20
13674.432117164426
 10
19747.991578604153
 20
13675.148113538744
 10
19749.49921413287
 20
13676.0185473171
 10
19750.912690665078
 20
13677.034767737525
 10
19752.217960435926
 20
13678.186675144912
 10
19753.40205108808
 20
13679.462821365974
 10
19754.4531945966
 20
13680.85052348618
 10
19755.360944225074
 20
13682.335989898449
 10
19756.116278349888
 20
13683.904457370169
 10
19756.711690121156
 20
13685.540337766957
 10
19757.14126206917
 20
13687.227372974507
 10
19757.400724914914
 20
13688.948796478944
 10
19757.487500000105
 20
13690.687500000116
  0
TEXT
  5
2B7
330
17
100
AcDbEntity
  8
NESTED_RESULT
100
AcDbText
 10
19389.20455322278
 20
13652.136364746242
 30
0.0
 40
80.0
  1
419-E
 72
1
 11
19389.20455322278
 21
13652.136364746242
 31
0.0
100
AcDbText
 73
2
  0
LWPOLYLINE
  5
2B8
330
17
100
AcDbEntity
  8
NESTED_RESULT
100
AcDbPolyline
 90
7
 70
0
 10
17000.0
 20
12450.850000000006
 10
17644.52500000001
 20
12450.850000000006
 10
17647.70000000001
 20
12447.675000000017
 10
17647.70000000001
 20
12003.175000000017
 10
17644.52500000001
 20
12000.0
 10
17000.0
 20
12000.0
 10
17000.0
 20
12450.850000000006
  0
TEXT
  5
2B9
330
17
100
AcDbEntity
  8
NESTED_RESULT
100
AcDbText
 10
17323.850000000006
 20
12225.425000000003
 30
0.0
 40
80.0
  1
520-B
 72
1
 11
17323.850000000006
 21
12225.425000000003
 31
0.0
100
AcDbText
 73
2
  0
LWPOLYLINE
  5
2BA
330
17
100
AcDbEntity
  8
NESTED_RESULT
 62
1
100
AcDbPolyline
 90
5
 70
0
 10
0.0
 20
14000.0
 10
3200.0
 20
14000.0
 10
3200.0
 20
15800.0
 10
0.0
 20
15800.0
 10
0.0
 20
14000.0
  0
TEXT
  5
2BB
330
17
100
AcDbEntity
  8
NESTED_RESULT
 62
1
100
AcDbText
 10
0.0
 20
15830.0
 30
0.0
 40
50.0
  1
Sheet_43
 11
0.0
 21
15830.0
 31
0.0
100
AcDbText
 73
1
  0
LWPOLYLINE
  5
2BC
330
17
100
AcDbEntity
  8
NESTED_RESULT
100
AcDbPolyline
 90
10
 70
0
 10
650.875
 20
14250.825000000012
 10
650.875
 20
14003.175000000017
 10
654.0499999999884
 20
14000.0
 10
1298.5749999999825
 20
14000.0
 10
1298.5749999999825
 20
14901.700000000012
 10
0.0
 20
14901.700000000012
 10
0.0
 20
14257.175000000017
 10
3.1749999999883585
 20
14254.0
 10
647.6999999999825
 20
14254.0
 10
650.875
 20
14250.825000000012
  0
TEXT
  5
2BD
330
17
100
AcDbEntity
  8
NESTED_RESULT
100
AcDbText
 10
917.8160705566282
 20
14521.548785400395
 30
0.0
 40
80.0
  1
518-A
 72
1
 11
917.8160705566282
 21
14521.548785400395
 31
0.0
100
AcDbText
 73
2
  0
LWPOLYLINE
  5
2BE
330
17
100
AcDbEntity
  8
NESTED_RESULT
100
AcDbPolyline
 90
10
 70
0
 10
1298.5749999999825
 20
14900.113000000012
 10
1298.5749999999825
 20
14000.0
 10
1946.2749999999942
 20
14000.0
 10
1949.4499999998952
 20
14003.175000000017
 10
1949.4499999998952
 20
14246.062999999995
 10
1952.6249999998836
 20
14249.238000000012
 10
2543.174999999901
 20
14249.238000000012
 10
2546.3499999998894
 20
14252.413
 10
2546.3499999998894
 20
14900.113000000012
 10
1298.5749999999825
 20
14900.113000000012
  0
TEXT
  5
2BF
330
17
100
AcDbEntity
  8
NESTED_RESULT
100
AcDbText
 10
1680.8888732909695
 20
14517.989562744142
 30
0.0
 40
80.0
  1
407-B
 72
1
 11
1680.8888732909695
 21
14517.989562744142
 31
0.0
100
AcDbText
 73
2
  0
LWPOLYLINE
  5
2C0
330
17
100
AcDbEntity
  8
NESTED_RESULT
100
AcDbPolyline
 90
10
 70
0
 10
1298.5749999999825
 20
15798.637999999919
 10
1298.5749999999825
 20
14900.113000000012
 10
1946.2749999999942
 20
14900.113000000012
 10
1949.4499999999825
 20
14903.28800000003
 10
1949.4499999999825
 20
15144.58799999993
 10
1952.625
 20
15147.762999999919
 10
2546.350000000093
 20
15147.762999999919
 10
2549.5250000000815
 20
15150.937999999907
 10
2549.5250000000815
 20
15798.637999999919
 10
1298.5749999999825
 20
15798.637999999919
  0
TEXT
  5
2C1
330
17
100
AcDbEntity
  8
NESTED_RESULT
100
AcDbText
 10
1680.9454589843879
 20
15416.565197265596
 30
0.0
 40
80.0
  1
412-B
 72
1
 11
1680.9454589843879
 21
15416.565197265596
 31
0.0
100
AcDbText
 73
2
  0
LWPOLYLINE
  5
2C2
330
17
100
AcDbEntity
  8
NESTED_RESULT
100
AcDbPolyline
 90
6
 70
0
 10
2549.7999999999884
 20
14000.0
 10
2549.7999999999884
 20
15657.350000000035
 10
3134.0
 20
15657.350000000035
 10
3134.0
 20
14003.175000000017
 10
3130.8249999999825
 20
14000.0
 10
2549.7999999999884
 20
14000.0
  0
LWPOLYLINE
  5
2C3
330
17
100
AcDbEntity
  8
NESTED_RESULT
100
AcDbPolyline
 90
9
 70
0
 10
2714.899999999907
 20
14219.075000000012
 10
2714.899999999907
 20
14638.175000000017
 10
2727.600000000006
 20
14650.875
 10
2994.2999999999884
 20
14650.875
 10
3007.0
 20
14638.175000000017
 10
3007.0
 20
14219.075000000012
 10
2994.2999999999884
 20
14206.375
 10
2727.600000000006
 20
14206.375
 10
2714.899999999907
 20
14219.075000000012
  0
LWPOLYLINE
  5
2C4
330
17
100
AcDbEntity
  8
NESTED_RESULT
100
AcDbPolyline
 90
9
 70
0
 10
2714.6131363037857
 20
15019.175000000017
 10
2714.6131363037857
 20
15438.275000000023
 10
2727.3131363037974
 20
15450.975000000035
 10
2994.0131363036926
 20
15450.975000000035
 10
3006.7131363037042
 20
15438.275000000023
 10
3006.7131363037042
 20
15019.175000000017
 10
2994.0131363036926
 20
15006.475000000035
 10
2727.3131363037974
 20
15006.475000000035
 10
2714.6131363037857
 20
15019.175000000017
  0
LWPOLYLINE
  5
2C5
330
17
100
AcDbEntity
  8
NESTED_RESULT
100
AcDbPolyline
 90
64
 70
0
 10
2646.6374999999825
 20
14446.087500000023
 10
2644.8987964788103
 20
14446.000724914833
 10
2643.1773729743727
 20
14445.741262069088
 10
2641.4903377668234
 20
14445.311690121074
 10
2639.8544573700347
 20
14444.716278349806
 10
2638.285989898315
 20
14443.960944224993
 10
2636.8005234860466
 20
14443.05319459649
 10
2635.4128213658405
 20
14442.00205108797
 10
2634.1366751447786
 20
14440.817960435845
 10
2632.984767737391
 20
14439.512690664968
 10
2631.9685473169666
 20
14438.099214132759
 10
2631.09811353861
 20
14436.591578604042
 10
2630.382117164292
 20
14435.00476763802
 10
2629.8276740876317
 20
14433.354551674973
 10
2629.440294613014
 20
14431.65733130253
 10
2629.223828691698
 20
14429.929974259285
 10
2629.180427659303
 20
14428.189647795545
 10
2629.3105228547356
 20
14426.453648057592
 10
2629.612821333518
 20
14424.739228190796
 10
2630.084318717534
 20
14423.06342686998
 10
2630.720329053991
 20
14421.442898961599
 10
2631.514531386405
 20
14419.893750000017
 10
2632.4590325751633
 20
14418.431376123626
 10
2633.544445743144
 20
14417.07031106099
 10
2634.759983566648
 20
14415.824081688188
 10
2636.0935654846835
 20
14414.705073592631
 10
2637.5319377609703
 20
14413.72440797952
 10
2639.060805205634
 20
14412.891831144283
 10
2640.664973247156
 20
14412.21561760956
 10
2642.3284989428066
 20
14411.70248788924
 10
2644.0348494268837
 20
14411.357541697042
 10
2645.767066221626
 20
14411.184207263228
 10
2647.507933778339
 20
14411.184207263228
 10
2649.2401505730813
 20
14411.357541697042
 10
2650.9465010571585
 20
14411.70248788924
 10
2652.610026752809
 20
14412.21561760956
 10
2654.214194794331
 20
14412.891831144283
 10
2655.7430622389948
 20
14413.72440797952
 10
2657.1814345152816
 20
14414.705073592631
 10
2658.515016433317
 20
14415.824081688188
 10
2659.730554256821
 20
14417.07031106099
 10
2660.815967424802
 20
14418.431376123626
 10
2661.76046861356
 20
14419.893750000017
 10
2662.554670945974
 20
14421.442898961599
 10
2663.190681282431
 20
14423.06342686998
 10
2663.6621786664473
 20
14424.739228190796
 10
2663.9644771452295
 20
14426.453648057592
 10
2664.094572340662
 20
14428.189647795545
 10
2664.051171308267
 20
14429.929974259285
 10
2663.834705386951
 20
14431.65733130253
 10
2663.4473259123333
 20
14433.354551674973
 10
2662.892882835673
 20
14435.00476763802
 10
2662.176886461355
 20
14436.591578604042
 10
2661.3064526829985
 20
14438.099214132759
 10
2660.290232262574
 20
14439.512690664968
 10
2659.1383248551865
 20
14440.817960435845
 10
2657.8621786341246
 20
14442.00205108797
 10
2656.4744765139185
 20
14443.05319459649
 10
2654.98901010165
 20
14443.960944224993
 10
2653.4205426299304
 20
14444.716278349806
 10
2651.7846622331417
 20
14445.311690121074
 10
2650.0976270255924
 20
14445.741262069088
 10
2648.376203521155
 20
14446.000724914833
 10
2646.6374999999825
 20
14446.087500000023
  0
LWPOLYLINE
  5
2C6
330
17
100
AcDbEntity
  8
NESTED_RESULT
100
AcDbPolyline
 90
64
 70
0
 10
2646.350636303803
 20
15246.1875
 10
2644.611932782631
 20
15246.100724914839
 10
2642.8905092781933
 20
15245.841262069065
 10
2641.203474070644
 20
15245.411690121051
 10
2639.5675936738553
 20
15244.816278349812
 10
2637.999126202136
 20
15244.060944224999
 10
2636.5136597898672
 20
15243.153194596525
 10
2635.125957669661
 20
15242.102051088004
 10
2633.849811448599
 20
15240.91796043585
 10
2632.6979040412116
 20
15239.612690664973
 10
2631.681683620787
 20
15238.199214132794
 10
2630.8112498424307
 20
15236.691578604048
 10
2630.095253468113
 20
15235.104767638026
 10
2629.5408103914524
 20
15233.45455167495
 10
2629.1534309168346
 20
15231.757331302535
 10
2628.936964995519
 20
15230.029974259262
 10
2628.8935639631236
 20
15228.289647795551
 10
2629.0236591585563
 20
15226.553648057627
 10
2629.3259576373384
 20
15224.839228190802
 10
2629.797455021355
 20
15223.163426870015
 10
2630.4334653578117
 20
15221.542898961605
 10
2631.2276676902256
 20
15219.993750000023
 10
2632.172168878984
 20
15218.531376123603
 10
2633.2575820469647
 20
15217.170311060967
 10
2634.4731198704685
 20
15215.924081688194
 10
2635.806701788504
 20
15214.805073592637
 10
2637.245074064791
 20
15213.824407979526
 10
2638.7739415094547
 20
15212.99183114426
 10
2640.3781095509767
 20
15212.315617609536
 10
2642.0416352466273
 20
15211.802487889247
 10
2643.7479857307044
 20
15211.457541697077
 10
2645.4802025254467
 20
15211.284207263234
 10
2647.2210700821597
 20
15211.284207263234
 10
2648.953286876902
 20
15211.457541697077
 10
2650.659637360979
 20
15211.802487889247
 10
2652.3231630566297
 20
15212.315617609536
 10
2653.9273310981516
 20
15212.99183114426
 10
2655.4561985428154
 20
15213.824407979526
 10
2656.8945708191022
 20
15214.805073592637
 10
2658.228152737138
 20
15215.924081688194
 10
2659.4436905606417
 20
15217.170311060967
 10
2660.5291037286224
 20
15218.531376123603
 10
2661.4736049173807
 20
15219.993750000023
 10
2662.2678072497947
 20
15221.542898961605
 10
2662.9038175862515
 20
15223.163426870015
 10
2663.375314970268
 20
15224.839228190802
 10
2663.67761344905
 20
15226.553648057627
 10
2663.807708644483
 20
15228.289647795551
 10
2663.7643076120876
 20
15230.029974259262
 10
2663.5478416907717
 20
15231.757331302535
 10
2663.160462216154
 20
15233.45455167495
 10
2662.6060191394936
 20
15235.104767638026
 10
2661.8900227651757
 20
15236.691578604048
 10
2661.019588986819
 20
15238.199214132794
 10
2660.003368566395
 20
15239.612690664973
 10
2658.851461159007
 20
15240.91796043585
 10
2657.575314937945
 20
15242.102051088004
 10
2656.187612817739
 20
15243.153194596525
 10
2654.7021464054706
 20
15244.060944224999
 10
2653.133678933751
 20
15244.816278349812
 10
2651.4977985369624
 20
15245.411690121051
 10
2649.810763329413
 20
15245.841262069065
 10
2648.0893398249755
 20
15246.100724914839
 10
2646.350636303803
 20
15246.1875
  0
TEXT
  5
2C7
330
17
100
AcDbEntity
  8
NESTED_RESULT
100
AcDbText
 10
2841.899999999994
 20
14828.675000000017
 30
0.0
 40
80.0
  1
516-D
 72
1
 11
2841.899999999994
 21
14828.675000000017
 31
0.0
100
AcDbText
 73
2
  0
LWPOLYLINE
  5
2C8
330
17
100
AcDbEntity
  8
NESTED_RESULT
100
AcDbPolyline
 90
6
 70
0
 10
0.0
 20
15485.900000000023
 10
1162.049999999901
 20
15485.900000000023
 10
1162.049999999901
 20
14904.87500000003
 10
1158.875
 20
14901.700000000012
 10
0.0
 20
14901.700000000012
 10
0.0
 20
15485.900000000023
  0
LWPOLYLINE
  5
2C9
330
17
100
AcDbEntity
  8
NESTED_RESULT
100
AcDbPolyline
 90
9
 70
0
 10
120.64999999990687
 20
15320.800000000017
 10
539.7499999999127
 20
15320.800000000017
 10
552.4499999998952
 20
15308.100000000035
 10
552.4499999998952
 20
15041.400000000023
 10
539.7499999999127
 20
15028.700000000012
 10
120.64999999990687
 20
15028.700000000012
 10
107.94999999989523
 20
15041.400000000023
 10
107.94999999989523
 20
15308.100000000035
 10
120.64999999990687
 20
15320.800000000017
  0
LWPOLYLINE
  5
2CA
330
17
100
AcDbEntity
  8
NESTED_RESULT
100
AcDbPolyline
 90
64
 70
0
 10
347.6624999998894
 20
15389.062499999913
 10
347.5757249146991
 20
15390.801203521085
 10
347.31626206895453
 20
15392.522627025523
 10
346.88669012094033
 20
15394.209662233072
 10
346.2912783496722
 20
15395.84554262986
 10
345.5359442248591
 20
15397.41401010158
 10
344.6281945963856
 20
15398.899476513849
 10
343.5770510878647
 20
15400.287178634055
 10
342.39296043571085
 20
15401.563324855117
 10
341.08769066486275
 20
15402.715232262504
 10
339.674214132654
 20
15403.731452682929
 10
338.1665786039375
 20
15404.601886461285
 10
336.5797676378861
 20
15405.317882835603
 10
334.9295516748389
 20
15405.872325912263
 10
333.2323313023953
 20
15406.259705386881
 10
331.5049742591509
 20
15406.476171308197
 10
329.7646477954113
 20
15406.519572340592
 10
328.02864805748686
 20
15406.38947714516
 10
326.3142281906912
 20
15406.087178666377
 10
324.6384268698748
 20
15405.615681282361
 10
323.0178989614651
 20
15404.979670945904
 10
321.4687499998836
 20
15404.18546861349
 10
320.0063761234924
 20
15403.240967424732
 10
318.64531106085633
 20
15402.155554256751
 10
317.39908168805414
 20
15400.940016433247
 10
316.2800735925266
 20
15399.606434515212
 10
315.29940797938616
 20
15398.168062238925
 10
314.4668311441492
 20
15396.639194794261
 10
313.7906176094257
 20
15395.03502675274
 10
313.27748788910685
 20
15393.371501057089
 10
312.9325416969368
 20
15391.665150573011
 10
312.75920726312324
 20
15389.93293377827
 10
312.75920726312324
 20
15388.192066221556
 10
312.9325416969368
 20
15386.459849426814
 10
313.27748788910685
 20
15384.753498942737
 10
313.7906176094257
 20
15383.089973247086
 10
314.4668311441492
 20
15381.485805205564
 10
315.29940797938616
 20
15379.9569377609
 10
316.2800735925266
 20
15378.518565484614
 10
317.39908168805414
 20
15377.184983566578
 10
318.64531106085633
 20
15375.969445743074
 10
320.0063761234924
 20
15374.884032575093
 10
321.4687499998836
 20
15373.939531386335
 10
323.0178989614651
 20
15373.145329053921
 10
324.6384268698748
 20
15372.509318717464
 10
326.3142281906912
 20
15372.037821333448
 10
328.02864805748686
 20
15371.735522854666
 10
329.7646477954113
 20
15371.605427659233
 10
331.5049742591509
 20
15371.648828691628
 10
333.2323313023953
 20
15371.865294612944
 10
334.9295516748389
 20
15372.252674087562
 10
336.5797676378861
 20
15372.807117164222
 10
338.1665786039375
 20
15373.52311353854
 10
339.674214132654
 20
15374.393547316897
 10
341.08769066486275
 20
15375.409767737321
 10
342.39296043571085
 20
15376.561675144709
 10
343.5770510878647
 20
15377.83782136577
 10
344.6281945963856
 20
15379.225523485977
 10
345.5359442248591
 20
15380.710989898245
 10
346.2912783496722
 20
15382.279457369965
 10
346.88669012094033
 20
15383.915337766754
 10
347.31626206895453
 20
15385.602372974303
 10
347.5757249146991
 20
15387.32379647874
 10
347.6624999998894
 20
15389.062499999913
  0
TEXT
  5
2CB
330
17
100
AcDbEntity
  8
NESTED_RESULT
100
AcDbText
 10
849.1249145507089
 20
15193.516296386737
 30
0.0
 40
80.0
  1
501-D
 72
1
 11
849.1249145507089
 21
15193.516296386737
 31
0.0
100
AcDbText
 73
2
  0
LWPOLYLINE
  5
2CC
330
17
100
AcDbEntity
  8
NESTED_RESULT
 62
1
100
AcDbPolyline
 90
5
 70
0
 10
3400.0
 20
14000.0
 10
6600.0
 20
14000.0
 10
6600.0
 20
15800.0
 10
3400.0
 20
15800.0
 10
3400.0
 20
14000.0
  0
TEXT
  5
2CD
330
17
100
AcDbEntity
  8
NESTED_RESULT
 62
1
100
AcDbText
 10
3400.0
 20
15830.0
 30
0.0
 40
50.0
  1
Sheet_44
 11
3400.0
 21
15830.0
 31
0.0
100
AcDbText
 73
1
  0
LWPOLYLINE
  5
2CE
330
17
100
AcDbEntity
  8
NESTED_RESULT
100
AcDbPolyline
 90
6
 70
0
 10
3400.0
 20
14584.200000000012
 10
5057.349999999991
 20
14584.200000000012
 10
5057.349999999991
 20
14000.0
 10
3403.1749999999884
 20
14000.0
 10
3400.0
 20
14003.175000000017
 10
3400.0
 20
14584.200000000012
  0
LWPOLYLINE
  5
2CF
330
17
100
AcDbEntity
  8
NESTED_RESULT
100
AcDbPolyline
 90
9
 70
0
 10
3615.899999999994
 20
14419.100000000006
 10
4034.999999999898
 20
14419.100000000006
 10
4047.699999999895
 20
14406.399999999994
 10
4047.699999999895
 20
14139.700000000012
 10
4034.999999999898
 20
14127.0
 10
3615.899999999994
 20
14127.0
 10
3603.199999999895
 20
14139.700000000012
 10
3603.199999999895
 20
14406.399999999994
 10
3615.899999999994
 20
14419.100000000006
  0
LWPOLYLINE
  5
2D0
330
17
100
AcDbEntity
  8
NESTED_RESULT
100
AcDbPolyline
 90
9
 70
0
 10
4416.0
 20
14419.100000000006
 10
4835.099999999889
 20
14419.100000000006
 10
4847.799999999988
 20
14406.399999999994
 10
4847.799999999988
 20
14139.700000000012
 10
4835.099999999889
 20
14127.0
 10
4416.0
 20
14127.0
 10
4403.299999999988
 20
14139.700000000012
 10
4403.299999999988
 20
14406.399999999994
 10
4416.0
 20
14419.100000000006
  0
LWPOLYLINE
  5
2D1
330
17
100
AcDbEntity
  8
NESTED_RESULT
100
AcDbPolyline
 90
64
 70
0
 10
3842.9124999999913
 20
14487.362500000017
 10
3842.8257249148155
 20
14489.10120352119
 10
3842.5662620690564
 20
14490.822627025627
 10
3842.136690121042
 20
14492.509662233177
 10
3841.5412783497886
 20
14494.145542629965
 10
3840.7859442249755
 20
14495.714010101685
 10
3839.8781945964874
 20
14497.199476513953
 10
3838.8270510879665
 20
14498.58717863416
 10
3837.6429604358273
 20
14499.863324855221
 10
3836.33769066495
 20
14501.015232262609
 10
3834.924214132756
 20
14502.031452683033
 10
3833.416578604025
 20
14502.90188646139
 10
3831.8297676380025
 20
14503.617882835708
 10
3830.1795516749407
 20
14504.172325912368
 10
3828.4823313025117
 20
14504.559705386986
 10
3826.754974259253
 20
14504.776171308302
 10
3825.0146477955277
 20
14504.819572340697
 10
3823.2786480575887
 20
14504.689477145264
 10
3821.5642281907785
 20
14504.387178666482
 10
3819.8884268699767
 20
14503.915681282466
 10
3818.2678989615815
 20
14503.279670946009
 10
3816.71875
 20
14502.485468613595
 10
3815.2563761235942
 20
14501.540967424837
 10
3813.895311060958
 20
14500.455554256856
 10
3812.6490816881706
 20
14499.240016433352
 10
3811.530073592614
 20
14497.906434515317
 10
3810.5494079795026
 20
14496.46806223903
 10
3809.716831144251
 20
14494.939194794366
 10
3809.0406176095275
 20
14493.335026752844
 10
3808.5274878892233
 20
14491.671501057193
 10
3808.1825416970387
 20
14489.965150573116
 10
3808.0092072632106
 20
14488.232933778374
 10
3808.0092072632106
 20
14486.492066221661
 10
3808.1825416970387
 20
14484.759849426919
 10
3808.5274878892233
 20
14483.053498942842
 10
3809.0406176095275
 20
14481.389973247191
 10
3809.716831144251
 20
14479.785805205669
 10
3810.5494079795026
 20
14478.256937761005
 10
3811.530073592614
 20
14476.818565484718
 10
3812.6490816881706
 20
14475.484983566683
 10
3813.895311060958
 20
14474.269445743179
 10
3815.2563761235942
 20
14473.184032575198
 10
3816.71875
 20
14472.23953138644
 10
3818.2678989615815
 20
14471.445329054026
 10
3819.8884268699767
 20
14470.80931871757
 10
3821.5642281907785
 20
14470.337821333553
 10
3823.2786480575887
 20
14470.03552285477
 10
3825.0146477955277
 20
14469.905427659338
 10
3826.754974259253
 20
14469.948828691733
 10
3828.4823313025117
 20
14470.165294613049
 10
3830.1795516749407
 20
14470.552674087667
 10
3831.8297676380025
 20
14471.107117164327
 10
3833.416578604025
 20
14471.823113538645
 10
3834.924214132756
 20
14472.693547317002
 10
3836.33769066495
 20
14473.709767737426
 10
3837.6429604358273
 20
14474.861675144813
 10
3838.8270510879665
 20
14476.137821365875
 10
3839.8781945964874
 20
14477.525523486082
 10
3840.7859442249755
 20
14479.01098989835
 10
3841.5412783497886
 20
14480.57945737007
 10
3842.136690121042
 20
14482.215337766858
 10
3842.5662620690564
 20
14483.902372974408
 10
3842.8257249148155
 20
14485.623796478845
 10
3842.9124999999913
 20
14487.362500000017
  0
LWPOLYLINE
  5
2D2
330
17
100
AcDbEntity
  8
NESTED_RESULT
100
AcDbPolyline
 90
64
 70
0
 10
4643.0124999999825
 20
14487.362500000017
 10
4642.925724914807
 20
14489.10120352119
 10
4642.666262069048
 20
14490.822627025627
 10
4642.2366901210335
 20
14492.509662233177
 10
4641.64127834978
 20
14494.145542629965
 10
4640.885944224967
 20
14495.714010101685
 10
4639.978194596479
 20
14497.199476513953
 10
4638.927051087958
 20
14498.58717863416
 10
4637.7429604358185
 20
14499.863324855221
 10
4636.437690664941
 20
14501.015232262609
 10
4635.024214132747
 20
14502.031452683033
 10
4633.516578604016
 20
14502.90188646139
 10
4631.929767637994
 20
14503.617882835708
 10
4630.279551674932
 20
14504.172325912368
 10
4628.582331302503
 20
14504.559705386986
 10
4626.854974259244
 20
14504.776171308302
 10
4625.114647795519
 20
14504.819572340697
 10
4623.37864805758
 20
14504.689477145264
 10
4621.66422819077
 20
14504.387178666482
 10
4619.988426869968
 20
14503.915681282466
 10
4618.367898961573
 20
14503.279670946009
 10
4616.818749999991
 20
14502.485468613595
 10
4615.3563761235855
 20
14501.540967424837
 10
4613.9953110609495
 20
14500.455554256856
 10
4612.749081688162
 20
14499.240016433352
 10
4611.630073592605
 20
14497.906434515317
 10
4610.649407979494
 20
14496.46806223903
 10
4609.816831144242
 20
14494.939194794366
 10
4609.140617609519
 20
14493.335026752844
 10
4608.6274878892145
 20
14491.671501057193
 10
4608.28254169703
 20
14489.965150573116
 10
4608.109207263202
 20
14488.232933778374
 10
4608.109207263202
 20
14486.492066221661
 10
4608.28254169703
 20
14484.759849426919
 10
4608.6274878892145
 20
14483.053498942842
 10
4609.140617609519
 20
14481.389973247191
 10
4609.816831144242
 20
14479.785805205669
 10
4610.649407979494
 20
14478.256937761005
 10
4611.630073592605
 20
14476.818565484718
 10
4612.749081688162
 20
14475.484983566683
 10
4613.9953110609495
 20
14474.269445743179
 10
4615.3563761235855
 20
14473.184032575198
 10
4616.818749999991
 20
14472.23953138644
 10
4618.367898961573
 20
14471.445329054026
 10
4619.988426869968
 20
14470.80931871757
 10
4621.66422819077
 20
14470.337821333553
 10
4623.37864805758
 20
14470.03552285477
 10
4625.114647795519
 20
14469.905427659338
 10
4626.854974259244
 20
14469.948828691733
 10
4628.582331302503
 20
14470.165294613049
 10
4630.279551674932
 20
14470.552674087667
 10
4631.929767637994
 20
14471.107117164327
 10
4633.516578604016
 20
14471.823113538645
 10
4635.024214132747
 20
14472.693547317002
 10
4636.437690664941
 20
14473.709767737426
 10
4637.7429604358185
 20
14474.861675144813
 10
4638.927051087958
 20
14476.137821365875
 10
4639.978194596479
 20
14477.525523486082
 10
4640.885944224967
 20
14479.01098989835
 10
4641.64127834978
 20
14480.57945737007
 10
4642.2366901210335
 20
14482.215337766858
 10
4642.666262069048
 20
14483.902372974408
 10
4642.925724914807
 20
14485.623796478845
 10
4643.0124999999825
 20
14487.362500000017
  0
TEXT
  5
2D3
330
17
100
AcDbEntity
  8
NESTED_RESULT
100
AcDbText
 10
4225.499999999942
 20
14273.050000000003
 30
0.0
 40
80.0
  1
513-D
 72
1
 11
4225.499999999942
 21
14273.050000000003
 31
0.0
100
AcDbText
 73
2
  0
LWPOLYLINE
  5
2D4
330
17
100
AcDbEntity
  8
NESTED_RESULT
100
AcDbPolyline
 90
5
 70
0
 10
5057.349999999991
 20
14000.0
 10
6514.675000000003
 20
14000.0
 10
6514.675000000003
 20
14584.200000000012
 10
5057.349999999991
 20
14584.200000000012
 10
5057.349999999991
 20
14000.0
  0
LWPOLYLINE
  5
2D5
330
17
100
AcDbEntity
  8
NESTED_RESULT
100
AcDbPolyline
 90
9
 70
0
 10
5181.175000000003
 20
14419.100000000006
 10
5600.274999999994
 20
14419.100000000006
 10
5612.974999999991
 20
14406.399999999994
 10
5612.974999999991
 20
14139.700000000012
 10
5600.274999999994
 20
14127.0
 10
5181.175000000003
 20
14127.0
 10
5168.474999999991
 20
14139.700000000012
 10
5168.474999999991
 20
14406.399999999994
 10
5181.175000000003
 20
14419.100000000006
  0
LWPOLYLINE
  5
2D6
330
17
100
AcDbEntity
  8
NESTED_RESULT
100
AcDbPolyline
 90
64
 70
0
 10
5408.187499999985
 20
14487.362499999901
 10
5408.10072491481
 20
14489.101203521073
 10
5407.841262069051
 20
14490.82262702551
 10
5407.411690121036
 20
14492.50966223306
 10
5406.816278349783
 20
14494.145542629849
 10
5406.06094422497
 20
14495.714010101568
 10
5405.153194596482
 20
14497.199476513837
 10
5404.102051087961
 20
14498.587178634043
 10
5402.917960435821
 20
14499.863324855105
 10
5401.612690664944
 20
14501.015232262493
 10
5400.19921413275
 20
14502.031452682917
 10
5398.691578604019
 20
14502.901886461274
 10
5397.104767637997
 20
14503.617882835591
 10
5395.454551674935
 20
14504.172325912252
 10
5393.757331302506
 20
14504.55970538687
 10
5392.029974259247
 20
14504.776171308185
 10
5390.289647795522
 20
14504.81957234058
 10
5388.553648057583
 20
14504.689477145148
 10
5386.839228190773
 20
14504.387178666366
 10
5385.163426869971
 20
14503.91568128235
 10
5383.542898961576
 20
14503.279670945893
 10
5381.993749999994
 20
14502.485468613479
 10
5380.531376123588
 20
14501.54096742472
 10
5379.170311060952
 20
14500.45555425674
 10
5377.924081688165
 20
14499.240016433236
 10
5376.805073592608
 20
14497.9064345152
 10
5375.824407979497
 20
14496.468062238913
 10
5374.991831144245
 20
14494.93919479425
 10
5374.315617609522
 20
14493.335026752728
 10
5373.802487889217
 20
14491.671501057077
 10
5373.457541697033
 20
14489.965150573
 10
5373.284207263205
 20
14488.232933778258
 10
5373.284207263205
 20
14486.492066221545
 10
5373.457541697033
 20
14484.759849426802
 10
5373.802487889217
 20
14483.053498942725
 10
5374.315617609522
 20
14481.389973247075
 10
5374.991831144245
 20
14479.785805205553
 10
5375.824407979497
 20
14478.256937760889
 10
5376.805073592608
 20
14476.818565484602
 10
5377.924081688165
 20
14475.484983566566
 10
5379.170311060952
 20
14474.269445743063
 10
5380.531376123588
 20
14473.184032575082
 10
5381.993749999994
 20
14472.239531386324
 10
5383.542898961576
 20
14471.44532905391
 10
5385.163426869971
 20
14470.809318717453
 10
5386.839228190773
 20
14470.337821333436
 10
5388.553648057583
 20
14470.035522854654
 10
5390.289647795522
 20
14469.905427659221
 10
5392.029974259247
 20
14469.948828691617
 10
5393.757331302506
 20
14470.165294612932
 10
5395.454551674935
 20
14470.55267408755
 10
5397.104767637997
 20
14471.10711716421
 10
5398.691578604019
 20
14471.823113538529
 10
5400.19921413275
 20
14472.693547316885
 10
5401.612690664944
 20
14473.70976773731
 10
5402.917960435821
 20
14474.861675144697
 10
5404.102051087961
 20
14476.137821365759
 10
5405.153194596482
 20
14477.525523485965
 10
5406.06094422497
 20
14479.010989898234
 10
5406.816278349783
 20
14480.579457369953
 10
5407.411690121036
 20
14482.215337766742
 10
5407.841262069051
 20
14483.902372974291
 10
5408.10072491481
 20
14485.623796478729
 10
5408.187499999985
 20
14487.362499999901
  0
TEXT
  5
2D7
330
17
100
AcDbEntity
  8
NESTED_RESULT
100
AcDbText
 10
6120.99089050293
 20
14291.922103881841
 30
0.0
 40
80.0
  1
522-D
 72
1
 11
6120.99089050293
 21
14291.922103881841
 31
0.0
100
AcDbText
 73
2
  0
LWPOLYLINE
  5
2D8
330
17
100
AcDbEntity
  8
NESTED_RESULT
100
AcDbPolyline
 90
6
 70
0
 10
3400.0
 20
15168.400000000023
 10
4854.149999999994
 20
15168.400000000023
 10
4854.149999999994
 20
14584.200000000012
 10
3403.175000000003
 20
14584.200000000012
 10
3400.0
 20
14587.374999999913
 10
3400.0
 20
15168.400000000023
  0
LWPOLYLINE
  5
2D9
330
17
100
AcDbEntity
  8
NESTED_RESULT
100
AcDbPolyline
 90
9
 70
0
 10
3565.0999999999913
 20
15003.300000000017
 10
3984.199999999997
 20
15003.300000000017
 10
3996.899999999994
 20
14990.600000000035
 10
3996.899999999994
 20
14723.900000000023
 10
3984.199999999997
 20
14711.200000000012
 10
3565.0999999999913
 20
14711.200000000012
 10
3552.399999999994
 20
14723.900000000023
 10
3552.399999999994
 20
14990.600000000035
 10
3565.0999999999913
 20
15003.300000000017
  0
LWPOLYLINE
  5
2DA
330
17
100
AcDbEntity
  8
NESTED_RESULT
100
AcDbPolyline
 90
9
 70
0
 10
4263.599999999991
 20
15003.300000000017
 10
4682.699999999997
 20
15003.300000000017
 10
4695.399999999994
 20
14990.600000000035
 10
4695.399999999994
 20
14723.900000000023
 10
4682.699999999997
 20
14711.200000000012
 10
4263.599999999991
 20
14711.200000000012
 10
4250.899999999994
 20
14723.900000000023
 10
4250.899999999994
 20
14990.600000000035
 10
4263.599999999991
 20
15003.300000000017
  0
LWPOLYLINE
  5
2DB
330
17
100
AcDbEntity
  8
NESTED_RESULT
100
AcDbPolyline
 90
64
 70
0
 10
3792.1124999999884
 20
15071.56250000003
 10
3792.0257249148126
 20
15073.301203521201
 10
3791.7662620690535
 20
15075.022627025639
 10
3791.3366901210393
 20
15076.709662233188
 10
3790.7412783497857
 20
15078.345542629977
 10
3789.9859442249726
 20
15079.914010101696
 10
3789.0781945964845
 20
15081.399476513965
 10
3788.0270510879636
 20
15082.787178634171
 10
3786.8429604358244
 20
15084.063324855233
 10
3785.537690664947
 20
15085.21523226262
 10
3784.124214132753
 20
15086.231452683045
 10
3782.616578604022
 20
15087.101886461402
 10
3781.0297676379996
 20
15087.81788283572
 10
3779.379551674938
 20
15088.37232591238
 10
3777.682331302509
 20
15088.759705386998
 10
3775.95497425925
 20
15088.976171308313
 10
3774.214647795525
 20
15089.019572340709
 10
3772.478648057586
 20
15088.889477145276
 10
3770.7642281907756
 20
15088.587178666494
 10
3769.088426869974
 20
15088.115681282477
 10
3767.4678989615786
 20
15087.47967094602
 10
3765.918749999997
 20
15086.685468613607
 10
3764.4563761235913
 20
15085.740967424848
 10
3763.0953110609553
 20
15084.655554256868
 10
3761.8490816881676
 20
15083.440016433364
 10
3760.730073592611
 20
15082.106434515328
 10
3759.7494079794997
 20
15080.668062239041
 10
3758.916831144248
 20
15079.139194794378
 10
3758.2406176095246
 20
15077.535026752856
 10
3757.7274878892204
 20
15075.871501057205
 10
3757.382541697036
 20
15074.165150573128
 10
3757.2092072632076
 20
15072.432933778386
 10
3757.2092072632076
 20
15070.692066221673
 10
3757.382541697036
 20
15068.95984942693
 10
3757.7274878892204
 20
15067.253498942853
 10
3758.2406176095246
 20
15065.589973247203
 10
3758.916831144248
 20
15063.98580520568
 10
3759.7494079794997
 20
15062.456937761017
 10
3760.730073592611
 20
15061.01856548473
 10
3761.8490816881676
 20
15059.684983566694
 10
3763.0953110609553
 20
15058.46944574319
 10
3764.4563761235913
 20
15057.38403257521
 10
3765.918749999997
 20
15056.439531386452
 10
3767.4678989615786
 20
15055.645329054038
 10
3769.088426869974
 20
15055.00931871758
 10
3770.7642281907756
 20
15054.537821333564
 10
3772.478648057586
 20
15054.235522854782
 10
3774.214647795525
 20
15054.10542765935
 10
3775.95497425925
 20
15054.148828691745
 10
3777.682331302509
 20
15054.36529461306
 10
3779.379551674938
 20
15054.752674087678
 10
3781.0297676379996
 20
15055.307117164339
 10
3782.616578604022
 20
15056.023113538657
 10
3784.124214132753
 20
15056.893547317013
 10
3785.537690664947
 20
15057.909767737438
 10
3786.8429604358244
 20
15059.061675144825
 10
3788.0270510879636
 20
15060.337821365887
 10
3789.0781945964845
 20
15061.725523486093
 10
3789.9859442249726
 20
15063.210989898362
 10
3790.7412783497857
 20
15064.779457370081
 10
3791.3366901210393
 20
15066.41533776687
 10
3791.7662620690535
 20
15068.10237297442
 10
3792.0257249148126
 20
15069.823796478857
 10
3792.1124999999884
 20
15071.56250000003
  0
LWPOLYLINE
  5
2DC
330
17
100
AcDbEntity
  8
NESTED_RESULT
100
AcDbPolyline
 90
64
 70
0
 10
4490.612499999988
 20
15071.56250000003
 10
4490.525724914813
 20
15073.301203521201
 10
4490.2662620690535
 20
15075.022627025639
 10
4489.836690121039
 20
15076.709662233188
 10
4489.241278349786
 20
15078.345542629977
 10
4488.485944224973
 20
15079.914010101696
 10
4487.5781945964845
 20
15081.399476513965
 10
4486.527051087964
 20
15082.787178634171
 10
4485.342960435824
 20
15084.063324855233
 10
4484.037690664947
 20
15085.21523226262
 10
4482.624214132753
 20
15086.231452683045
 10
4481.116578604022
 20
15087.101886461402
 10
4479.529767638
 20
15087.81788283572
 10
4477.879551674938
 20
15088.37232591238
 10
4476.182331302509
 20
15088.759705386998
 10
4474.45497425925
 20
15088.976171308313
 10
4472.714647795525
 20
15089.019572340709
 10
4470.978648057586
 20
15088.889477145276
 10
4469.264228190776
 20
15088.587178666494
 10
4467.588426869974
 20
15088.115681282477
 10
4465.967898961579
 20
15087.47967094602
 10
4464.418749999997
 20
15086.685468613607
 10
4462.956376123591
 20
15085.740967424848
 10
4461.595311060955
 20
15084.655554256868
 10
4460.349081688168
 20
15083.440016433364
 10
4459.230073592611
 20
15082.106434515328
 10
4458.2494079795
 20
15080.668062239041
 10
4457.416831144248
 20
15079.139194794378
 10
4456.740617609525
 20
15077.535026752856
 10
4456.22748788922
 20
15075.871501057205
 10
4455.882541697036
 20
15074.165150573128
 10
4455.709207263208
 20
15072.432933778386
 10
4455.709207263208
 20
15070.692066221673
 10
4455.882541697036
 20
15068.95984942693
 10
4456.22748788922
 20
15067.253498942853
 10
4456.740617609525
 20
15065.589973247203
 10
4457.416831144248
 20
15063.98580520568
 10
4458.2494079795
 20
15062.456937761017
 10
4459.230073592611
 20
15061.01856548473
 10
4460.349081688168
 20
15059.684983566694
 10
4461.595311060955
 20
15058.46944574319
 10
4462.956376123591
 20
15057.38403257521
 10
4464.418749999997
 20
15056.439531386452
 10
4465.967898961579
 20
15055.645329054038
 10
4467.588426869974
 20
15055.00931871758
 10
4469.264228190776
 20
15054.537821333564
 10
4470.978648057586
 20
15054.235522854782
 10
4472.714647795525
 20
15054.10542765935
 10
4474.45497425925
 20
15054.148828691745
 10
4476.182331302509
 20
15054.36529461306
 10
4477.879551674938
 20
15054.752674087678
 10
4479.529767638
 20
15055.307117164339
 10
4481.116578604022
 20
15056.023113538657
 10
4482.624214132753
 20
15056.893547317013
 10
4484.037690664947
 20
15057.909767737438
 10
4485.342960435824
 20
15059.061675144825
 10
4486.527051087964
 20
15060.337821365887
 10
4487.5781945964845
 20
15061.725523486093
 10
4488.485944224973
 20
15063.210989898362
 10
4489.241278349786
 20
15064.779457370081
 10
4489.836690121039
 20
15066.41533776687
 10
4490.2662620690535
 20
15068.10237297442
 10
4490.525724914813
 20
15069.823796478857
 10
4490.612499999988
 20
15071.56250000003
  0
TEXT
  5
2DD
330
17
100
AcDbEntity
  8
NESTED_RESULT
100
AcDbText
 10
4123.879846191403
 20
15034.282604980486
 30
0.0
 40
80.0
  1
405-D
 72
1
 11
4123.879846191403
 21
15034.282604980486
 31
0.0
100
AcDbText
 73
2
  0
LWPOLYLINE
  5
2DE
330
17
100
AcDbEntity
  8
NESTED_RESULT
100
AcDbPolyline
 90
6
 70
0
 10
4854.149999999994
 20
15168.400000000023
 10
6009.850000000006
 20
15168.400000000023
 10
6009.850000000006
 20
14584.200000000012
 10
4857.325000000012
 20
14584.200000000012
 10
4854.149999999994
 20
14587.375
 10
4854.149999999994
 20
15168.400000000023
  0
LWPOLYLINE
  5
2DF
330
17
100
AcDbEntity
  8
NESTED_RESULT
100
AcDbPolyline
 90
9
 70
0
 10
4971.625
 20
15003.300000000017
 10
5390.725000000006
 20
15003.300000000017
 10
5403.4250000000175
 20
14990.600000000006
 10
5403.4250000000175
 20
14723.900000000023
 10
5390.725000000006
 20
14711.200000000012
 10
4971.625
 20
14711.200000000012
 10
4958.9250000000175
 20
14723.900000000023
 10
4958.9250000000175
 20
14990.600000000006
 10
4971.625
 20
15003.300000000017
  0
LWPOLYLINE
  5
2E0
330
17
100
AcDbEntity
  8
NESTED_RESULT
100
AcDbPolyline
 90
64
 70
0
 10
5198.637500000012
 20
15071.5625
 10
5198.550724914821
 20
15073.301203521172
 10
5198.291262069077
 20
15075.02262702561
 10
5197.861690121063
 20
15076.70966223316
 10
5197.266278349794
 20
15078.345542629948
 10
5196.510944224981
 20
15079.914010101667
 10
5195.603194596508
 20
15081.399476513936
 10
5194.552051087987
 20
15082.787178634142
 10
5193.367960435833
 20
15084.063324855204
 10
5192.062690664985
 20
15085.215232262592
 10
5190.649214132776
 20
15086.231452683016
 10
5189.14157860406
 20
15087.101886461372
 10
5187.554767638008
 20
15087.81788283569
 10
5185.904551674961
 20
15088.37232591235
 10
5184.207331302518
 20
15088.759705386969
 10
5182.479974259273
 20
15088.976171308284
 10
5180.7396477955335
 20
15089.01957234068
 10
5179.003648057609
 20
15088.889477145247
 10
5177.289228190813
 20
15088.587178666465
 10
5175.613426869997
 20
15088.115681282448
 10
5173.992898961587
 20
15087.479670945992
 10
5172.443750000006
 20
15086.685468613578
 10
5170.981376123615
 20
15085.74096742482
 10
5169.620311060979
 20
15084.655554256839
 10
5168.374081688176
 20
15083.440016433335
 10
5167.255073592649
 20
15082.106434515299
 10
5166.274407979508
 20
15080.668062239012
 10
5165.441831144271
 20
15079.139194794348
 10
5164.765617609548
 20
15077.535026752827
 10
5164.252487889229
 20
15075.871501057176
 10
5163.907541697059
 20
15074.165150573099
 10
5163.7342072632455
 20
15072.432933778357
 10
5163.7342072632455
 20
15070.692066221643
 10
5163.907541697059
 20
15068.959849426901
 10
5164.252487889229
 20
15067.253498942824
 10
5164.765617609548
 20
15065.589973247173
 10
5165.441831144271
 20
15063.985805205652
 10
5166.274407979508
 20
15062.456937760988
 10
5167.255073592649
 20
15061.018565484701
 10
5168.374081688176
 20
15059.684983566665
 10
5169.620311060979
 20
15058.469445743161
 10
5170.981376123615
 20
15057.38403257518
 10
5172.443750000006
 20
15056.439531386422
 10
5173.992898961587
 20
15055.645329054008
 10
5175.613426869997
 20
15055.009318717552
 10
5177.289228190813
 20
15054.537821333535
 10
5179.003648057609
 20
15054.235522854753
 10
5180.7396477955335
 20
15054.10542765932
 10
5182.479974259273
 20
15054.148828691716
 10
5184.207331302518
 20
15054.365294613031
 10
5185.904551674961
 20
15054.75267408765
 10
5187.554767638008
 20
15055.30711716431
 10
5189.14157860406
 20
15056.023113538628
 10
5190.649214132776
 20
15056.893547316984
 10
5192.062690664985
 20
15057.909767737408
 10
5193.367960435833
 20
15059.061675144796
 10
5194.552051087987
 20
15060.337821365858
 10
5195.603194596508
 20
15061.725523486064
 10
5196.510944224981
 20
15063.210989898333
 10
5197.266278349794
 20
15064.779457370052
 10
5197.861690121063
 20
15066.41533776684
 10
5198.291262069077
 20
15068.10237297439
 10
5198.550724914821
 20
15069.823796478828
 10
5198.637500000012
 20
15071.5625
  0
TEXT
  5
2E1
330
17
100
AcDbEntity
  8
NESTED_RESULT
100
AcDbText
 10
5699.763500976565
 20
14876.017846679704
 30
0.0
 40
80.0
  1
423-D
 72
1
 11
5699.763500976565
 21
14876.017846679704
 31
0.0
100
AcDbText
 73
2
  0
LWPOLYLINE
  5
2E2
330
17
100
AcDbEntity
  8
NESTED_RESULT
100
AcDbPolyline
 90
6
 70
0
 10
3400.0
 20
15752.600000000006
 10
4657.300000000003
 20
15752.600000000006
 10
4657.300000000003
 20
15168.400000000023
 10
3403.175000000003
 20
15168.400000000023
 10
3400.0
 20
15171.574999999924
 10
3400.0
 20
15752.600000000006
  0
LWPOLYLINE
  5
2E3
330
17
100
AcDbEntity
  8
NESTED_RESULT
100
AcDbPolyline
 90
9
 70
0
 10
3520.650000000096
 20
15587.5
 10
3939.75
 20
15587.5
 10
3952.449999999997
 20
15574.799999999901
 10
3952.449999999997
 20
15308.100000000006
 10
3939.75
 20
15295.400000000023
 10
3520.650000000096
 20
15295.400000000023
 10
3507.950000000099
 20
15308.100000000006
 10
3507.950000000099
 20
15574.799999999901
 10
3520.650000000096
 20
15587.5
  0
LWPOLYLINE
  5
2E4
330
17
100
AcDbEntity
  8
NESTED_RESULT
100
AcDbPolyline
 90
64
 70
0
 10
3747.6624999999913
 20
15655.762500000012
 10
3747.5757249148155
 20
15657.501203521184
 10
3747.3162620690564
 20
15659.222627025621
 10
3746.886690121042
 20
15660.90966223317
 10
3746.2912783497886
 20
15662.54554262996
 10
3745.5359442249755
 20
15664.114010101679
 10
3744.6281945964874
 20
15665.599476513948
 10
3743.5770510879665
 20
15666.987178634154
 10
3742.3929604358273
 20
15668.263324855216
 10
3741.08769066495
 20
15669.415232262603
 10
3739.674214132756
 20
15670.431452683028
 10
3738.166578604025
 20
15671.301886461384
 10
3736.5797676380025
 20
15672.017882835702
 10
3734.9295516749407
 20
15672.572325912362
 10
3733.2323313025117
 20
15672.95970538698
 10
3731.504974259253
 20
15673.176171308296
 10
3729.7646477955277
 20
15673.219572340691
 10
3728.0286480575887
 20
15673.089477145259
 10
3726.3142281907785
 20
15672.787178666476
 10
3724.6384268699767
 20
15672.31568128246
 10
3723.0178989615815
 20
15671.679670946003
 10
3721.46875
 20
15670.88546861359
 10
3720.0063761235942
 20
15669.94096742483
 10
3718.645311060958
 20
15668.85555425685
 10
3717.3990816881706
 20
15667.640016433346
 10
3716.280073592614
 20
15666.30643451531
 10
3715.2994079795026
 20
15664.868062239024
 10
3714.466831144251
 20
15663.33919479436
 10
3713.7906176095275
 20
15661.735026752838
 10
3713.2774878892233
 20
15660.071501057188
 10
3712.9325416970387
 20
15658.36515057311
 10
3712.7592072632106
 20
15656.632933778368
 10
3712.7592072632106
 20
15654.892066221655
 10
3712.9325416970387
 20
15653.159849426913
 10
3713.2774878892233
 20
15651.453498942836
 10
3713.7906176095275
 20
15649.789973247185
 10
3714.466831144251
 20
15648.185805205663
 10
3715.2994079795026
 20
15646.656937761
 10
3716.280073592614
 20
15645.218565484713
 10
3717.3990816881706
 20
15643.884983566677
 10
3718.645311060958
 20
15642.669445743173
 10
3720.0063761235942
 20
15641.584032575192
 10
3721.46875
 20
15640.639531386434
 10
3723.0178989615815
 20
15639.84532905402
 10
3724.6384268699767
 20
15639.209318717563
 10
3726.3142281907785
 20
15638.737821333547
 10
3728.0286480575887
 20
15638.435522854765
 10
3729.7646477955277
 20
15638.305427659332
 10
3731.504974259253
 20
15638.348828691727
 10
3733.2323313025117
 20
15638.565294613043
 10
3734.9295516749407
 20
15638.95267408766
 10
3736.5797676380025
 20
15639.507117164321
 10
3738.166578604025
 20
15640.22311353864
 10
3739.674214132756
 20
15641.093547316996
 10
3741.08769066495
 20
15642.10976773742
 10
3742.3929604358273
 20
15643.261675144808
 10
3743.5770510879665
 20
15644.53782136587
 10
3744.6281945964874
 20
15645.925523486076
 10
3745.5359442249755
 20
15647.410989898344
 10
3746.2912783497886
 20
15648.979457370064
 10
3746.886690121042
 20
15650.615337766852
 10
3747.3162620690564
 20
15652.302372974402
 10
3747.5757249148155
 20
15654.02379647884
 10
3747.6624999999913
 20
15655.762500000012
  0
TEXT
  5
2E5
330
17
100
AcDbEntity
  8
NESTED_RESULT
100
AcDbText
 10
4271.453784179689
 20
15460.806958007826
 30
0.0
 40
80.0
  1
507-D
 72
1
 11
4271.453784179689
 21
15460.806958007826
 31
0.0
100
AcDbText
 73
2
  0
LWPOLYLINE
  5
2E6
330
17
100
AcDbEntity
  8
NESTED_RESULT
100
AcDbPolyline
 90
6
 70
0
 10
6009.850000000006
 20
14584.200000000012
 10
6009.850000000006
 20
15743.075000000012
 10
6590.875000000087
 20
15743.075000000012
 10
6594.049999999988
 20
15739.900000000023
 10
6594.049999999988
 20
14584.200000000012
 10
6009.850000000006
 20
14584.200000000012
  0
LWPOLYLINE
  5
2E7
330
17
100
AcDbEntity
  8
NESTED_RESULT
100
AcDbPolyline
 90
9
 70
0
 10
6174.9499999999825
 20
15200.150000000023
 10
6174.9499999999825
 20
15619.25000000003
 10
6187.649999999994
 20
15631.950000000012
 10
6454.350000000006
 20
15631.950000000012
 10
6467.049999999988
 20
15619.25000000003
 10
6467.049999999988
 20
15200.150000000023
 10
6454.350000000006
 20
15187.450000000012
 10
6187.649999999994
 20
15187.450000000012
 10
6174.9499999999825
 20
15200.150000000023
  0
LWPOLYLINE
  5
2E8
330
17
100
AcDbEntity
  8
NESTED_RESULT
100
AcDbPolyline
 90
64
 70
0
 10
6106.6875
 20
15427.162500000006
 10
6104.948796478828
 20
15427.075724914816
 10
6103.22737297439
 20
15426.816262069071
 10
6101.540337766841
 20
15426.386690121057
 10
6099.904457370052
 20
15425.791278349789
 10
6098.335989898333
 20
15425.035944224976
 10
6096.850523486064
 20
15424.128194596502
 10
6095.462821365858
 20
15423.077051087981
 10
6094.186675144796
 20
15421.892960435827
 10
6093.034767737408
 20
15420.58769066498
 10
6092.018547316984
 20
15419.17421413277
 10
6091.1481135386275
 20
15417.666578604054
 10
6090.43211716431
 20
15416.079767638003
 10
6089.877674087649
 20
15414.429551674955
 10
6089.490294613031
 20
15412.732331302512
 10
6089.273828691716
 20
15411.004974259267
 10
6089.23042765932
 20
15409.264647795528
 10
6089.360522854753
 20
15407.528648057603
 10
6089.662821333535
 20
15405.814228190808
 10
6090.134318717552
 20
15404.138426869991
 10
6090.7703290540085
 20
15402.517898961582
 10
6091.5645313864225
 20
15400.96875
 10
6092.509032575181
 20
15399.506376123609
 10
6093.5944457431615
 20
15398.145311060973
 10
6094.809983566665
 20
15396.89908168817
 10
6096.143565484701
 20
15395.780073592643
 10
6097.581937760988
 20
15394.799407979503
 10
6099.110805205652
 20
15393.966831144266
 10
6100.7149732471735
 20
15393.290617609542
 10
6102.378498942824
 20
15392.777487889223
 10
6104.084849426901
 20
15392.432541697053
 10
6105.8170662216435
 20
15392.25920726324
 10
6107.5579337783565
 20
15392.25920726324
 10
6109.290150573099
 20
15392.432541697053
 10
6110.996501057176
 20
15392.777487889223
 10
6112.6600267528265
 20
15393.290617609542
 10
6114.264194794348
 20
15393.966831144266
 10
6115.793062239012
 20
15394.799407979503
 10
6117.231434515299
 20
15395.780073592643
 10
6118.565016433335
 20
15396.89908168817
 10
6119.7805542568385
 20
15398.145311060973
 10
6120.865967424819
 20
15399.506376123609
 10
6121.8104686135775
 20
15400.96875
 10
6122.6046709459915
 20
15402.517898961582
 10
6123.240681282448
 20
15404.138426869991
 10
6123.712178666465
 20
15405.814228190808
 10
6124.014477145247
 20
15407.528648057603
 10
6124.14457234068
 20
15409.264647795528
 10
6124.101171308284
 20
15411.004974259267
 10
6123.884705386969
 20
15412.732331302512
 10
6123.497325912351
 20
15414.429551674955
 10
6122.94288283569
 20
15416.079767638003
 10
6122.2268864613725
 20
15417.666578604054
 10
6121.356452683016
 20
15419.17421413277
 10
6120.340232262592
 20
15420.58769066498
 10
6119.188324855204
 20
15421.892960435827
 10
6117.912178634142
 20
15423.077051087981
 10
6116.524476513936
 20
15424.128194596502
 10
6115.039010101667
 20
15425.035944224976
 10
6113.470542629948
 20
15425.791278349789
 10
6111.834662233159
 20
15426.386690121057
 10
6110.14762702561
 20
15426.816262069071
 10
6108.426203521172
 20
15427.075724914816
 10
6106.6875
 20
15427.162500000006
  0
TEXT
  5
2E9
330
17
100
AcDbEntity
  8
NESTED_RESULT
100
AcDbText
 10
6301.949999999997
 20
14885.825000000012
 30
0.0
 40
80.0
  1
505-E
 72
1
 11
6301.949999999997
 21
14885.825000000012
 31
0.0
100
AcDbText
 73
2
  0
LWPOLYLINE
  5
2EA
330
17
100
AcDbEntity
  8
NESTED_RESULT
100
AcDbPolyline
 90
6
 70
0
 10
4657.300000000003
 20
15752.600000000006
 10
5813.0
 20
15752.600000000006
 10
5813.0
 20
15171.574999999924
 10
5809.824999999997
 20
15168.400000000023
 10
4657.300000000003
 20
15168.400000000023
 10
4657.300000000003
 20
15752.600000000006
  0
LWPOLYLINE
  5
2EB
330
17
100
AcDbEntity
  8
NESTED_RESULT
100
AcDbPolyline
 90
9
 70
0
 10
4777.949999999997
 20
15587.50000000003
 10
5197.050000000003
 20
15587.50000000003
 10
5209.75
 20
15574.79999999993
 10
5209.75
 20
15308.100000000006
 10
5197.050000000003
 20
15295.399999999907
 10
4777.949999999997
 20
15295.399999999907
 10
4765.25
 20
15308.100000000006
 10
4765.25
 20
15574.79999999993
 10
4777.949999999997
 20
15587.50000000003
  0
LWPOLYLINE
  5
2EC
330
17
100
AcDbEntity
  8
NESTED_RESULT
100
AcDbPolyline
 90
64
 70
0
 10
5004.962499999994
 20
15655.762499999924
 10
5004.875724914818
 20
15657.501203521097
 10
5004.616262069059
 20
15659.222627025534
 10
5004.186690121045
 20
15660.909662233084
 10
5003.5912783497915
 20
15662.545542629872
 10
5002.835944224978
 20
15664.114010101592
 10
5001.92819459649
 20
15665.59947651386
 10
5000.877051087969
 20
15666.987178634066
 10
4999.69296043583
 20
15668.263324855128
 10
4998.387690664953
 20
15669.415232262516
 10
4996.974214132759
 20
15670.43145268294
 10
4995.466578604028
 20
15671.301886461297
 10
4993.879767638005
 20
15672.017882835615
 10
4992.229551674944
 20
15672.572325912275
 10
4990.532331302515
 20
15672.959705386893
 10
4988.804974259256
 20
15673.176171308209
 10
4987.064647795531
 20
15673.219572340604
 10
4985.328648057592
 20
15673.089477145171
 10
4983.614228190781
 20
15672.787178666389
 10
4981.93842686998
 20
15672.315681282373
 10
4980.317898961584
 20
15671.679670945916
 10
4978.768750000003
 20
15670.885468613502
 10
4977.306376123597
 20
15669.940967424744
 10
4975.945311060961
 20
15668.855554256763
 10
4974.6990816881735
 20
15667.640016433259
 10
4973.580073592617
 20
15666.306434515223
 10
4972.5994079795055
 20
15664.868062238937
 10
4971.766831144254
 20
15663.339194794273
 10
4971.09061760953
 20
15661.73502675275
 10
4970.577487889226
 20
15660.0715010571
 10
4970.232541697042
 20
15658.365150573023
 10
4970.0592072632135
 20
15656.63293377828
 10
4970.0592072632135
 20
15654.892066221568
 10
4970.232541697042
 20
15653.159849426826
 10
4970.577487889226
 20
15651.453498942748
 10
4971.09061760953
 20
15649.789973247098
 10
4971.766831144254
 20
15648.185805205576
 10
4972.5994079795055
 20
15646.656937760912
 10
4973.580073592617
 20
15645.218565484625
 10
4974.6990816881735
 20
15643.88498356659
 10
4975.945311060961
 20
15642.669445743086
 10
4977.306376123597
 20
15641.584032575105
 10
4978.768750000003
 20
15640.639531386347
 10
4980.317898961584
 20
15639.845329053933
 10
4981.93842686998
 20
15639.209318717476
 10
4983.614228190781
 20
15638.73782133346
 10
4985.328648057592
 20
15638.435522854677
 10
4987.064647795531
 20
15638.305427659245
 10
4988.804974259256
 20
15638.34882869164
 10
4990.532331302515
 20
15638.565294612956
 10
4992.229551674944
 20
15638.952674087574
 10
4993.879767638005
 20
15639.507117164234
 10
4995.466578604028
 20
15640.223113538552
 10
4996.974214132759
 20
15641.093547316908
 10
4998.387690664953
 20
15642.109767737333
 10
4999.69296043583
 20
15643.26167514472
 10
5000.877051087969
 20
15644.537821365782
 10
5001.92819459649
 20
15645.925523485988
 10
5002.835944224978
 20
15647.410989898257
 10
5003.5912783497915
 20
15648.979457369976
 10
5004.186690121045
 20
15650.615337766765
 10
5004.616262069059
 20
15652.302372974314
 10
5004.875724914818
 20
15654.023796478752
 10
5004.962499999994
 20
15655.762499999924
  0
TEXT
  5
2ED
330
17
100
AcDbEntity
  8
NESTED_RESULT
100
AcDbText
 10
5502.349194335937
 20
15460.782153320328
 30
0.0
 40
80.0
  1
405-E
 72
1
 11
5502.349194335937
 21
15460.782153320328
 31
0.0
100
AcDbText
 73
2
  0
LWPOLYLINE
  5
2EE
330
17
100
AcDbEntity
  8
NESTED_RESULT
 62
1
100
AcDbPolyline
 90
5
 70
0
 10
6800.0
 20
14000.0
 10
10000.0
 20
14000.0
 10
10000.0
 20
15800.0
 10
6800.0
 20
15800.0
 10
6800.0
 20
14000.0
  0
TEXT
  5
2EF
330
17
100
AcDbEntity
  8
NESTED_RESULT
 62
1
100
AcDbText
 10
6800.0
 20
15830.0
 30
0.0
 40
50.0
  1
Sheet_45
 11
6800.0
 21
15830.0
 31
0.0
100
AcDbText
 73
1
  0
LWPOLYLINE
  5
2F0
330
17
100
AcDbEntity
  8
NESTED_RESULT
100
AcDbPolyline
 90
9
 70
0
 10
6800.0
 20
14903.287500000006
 10
9868.637500000012
 20
14903.287500000006
 10
9868.637500000012
 20
14000.0
 10
9224.112500000017
 20
14000.0
 10
9220.9375
 20
14003.175000000017
 10
9220.9375
 20
14252.412500000006
 10
9217.762500000012
 20
14255.587500000009
 10
6800.0
 20
14255.587500000009
 10
6800.0
 20
14903.287500000006
  0
LWPOLYLINE
  5
2F1
330
17
100
AcDbEntity
  8
NESTED_RESULT
100
AcDbPolyline
 90
9
 70
0
 10
7569.9375
 20
14757.237500000003
 10
8204.9375
 20
14757.237500000003
 10
8211.287500000006
 20
14750.887499999997
 10
8211.287500000006
 20
14369.887499999997
 10
8204.9375
 20
14363.537500000006
 10
7569.9375
 20
14363.537500000006
 10
7563.587499999994
 20
14369.887499999997
 10
7563.587499999994
 20
14750.887499999997
 10
7569.9375
 20
14757.237500000003
  0
LWPOLYLINE
  5
2F2
330
17
100
AcDbEntity
  8
NESTED_RESULT
100
AcDbPolyline
 90
64
 70
0
 10
7904.899999999994
 20
14812.800000000003
 10
7904.813224914804
 20
14814.538703521175
 10
7904.553762069059
 20
14816.260127025627
 10
7904.124190121045
 20
14817.947162233148
 10
7903.528778349777
 20
14819.58304262995
 10
7902.773444224964
 20
14821.151510101685
 10
7901.86569459649
 20
14822.636976513939
 10
7900.814551087969
 20
14824.02467863416
 10
7899.630460435816
 20
14825.300824855207
 10
7898.3251906649675
 20
14826.452732262595
 10
7896.911714132759
 20
14827.468952683019
 10
7895.404078604042
 20
14828.339386461375
 10
7893.817267637991
 20
14829.055382835708
 10
7892.167051674944
 20
14829.609825912368
 10
7890.4698313025
 20
14829.997205386971
 10
7888.742474259256
 20
14830.213671308273
 10
7887.002147795516
 20
14830.257072340697
 10
7885.266148057592
 20
14830.126977145264
 10
7883.551728190796
 20
14829.824678666482
 10
7881.87592686998
 20
14829.353181282451
 10
7880.25539896157
 20
14828.717170945994
 10
7878.706249999988
 20
14827.922968613595
 10
7877.243876123597
 20
14826.978467424822
 10
7875.882811060961
 20
14825.893054256827
 10
7874.636581688159
 20
14824.677516433323
 10
7873.517573592631
 20
14823.343934515317
 10
7872.536907979491
 20
14821.905562239015
 10
7871.704331144254
 20
14820.376694794337
 10
7871.02811760953
 20
14818.77252675283
 10
7870.514987889212
 20
14817.109001057164
 10
7870.170041697042
 20
14815.402650573102
 10
7869.996707263228
 20
14813.67043377836
 10
7869.996707263228
 20
14811.929566221646
 10
7870.170041697042
 20
14810.197349426904
 10
7870.514987889212
 20
14808.490998942842
 10
7871.02811760953
 20
14806.827473247176
 10
7871.704331144254
 20
14805.223305205669
 10
7872.536907979491
 20
14803.69443776099
 10
7873.517573592631
 20
14802.25606548469
 10
7874.636581688159
 20
14800.922483566683
 10
7875.882811060961
 20
14799.706945743179
 10
7877.243876123597
 20
14798.621532575184
 10
7878.706249999988
 20
14797.67703138641
 10
7880.25539896157
 20
14796.882829054011
 10
7881.87592686998
 20
14796.246818717555
 10
7883.551728190796
 20
14795.775321333524
 10
7885.266148057592
 20
14795.473022854741
 10
7887.002147795516
 20
14795.342927659309
 10
7888.742474259256
 20
14795.386328691733
 10
7890.4698313025
 20
14795.602794613034
 10
7892.167051674944
 20
14795.990174087638
 10
7893.817267637991
 20
14796.544617164298
 10
7895.404078604042
 20
14797.26061353863
 10
7896.911714132759
 20
14798.131047316987
 10
7898.3251906649675
 20
14799.147267737411
 10
7899.630460435816
 20
14800.299175144799
 10
7900.814551087969
 20
14801.575321365846
 10
7901.86569459649
 20
14802.963023486067
 10
7902.773444224964
 20
14804.448489898321
 10
7903.528778349777
 20
14806.016957370055
 10
7904.124190121045
 20
14807.652837766858
 10
7904.553762069059
 20
14809.339872974379
 10
7904.813224914804
 20
14811.06129647883
 10
7904.899999999994
 20
14812.800000000003
  0
TEXT
  5
2F3
330
17
100
AcDbEntity
  8
NESTED_RESULT
100
AcDbText
 10
9488.241823577891
 20
14523.003057098393
 30
0.0
 40
80.0
  1
505-A
 72
1
 11
9488.241823577891
 21
14523.003057098393
 31
0.0
100
AcDbText
 73
2
  0
LWPOLYLINE
  5
2F4
330
17
100
AcDbEntity
  8
NESTED_RESULT
100
AcDbPolyline
 90
6
 70
0
 10
9009.799999999988
 20
15550.987500000017
 10
6800.0
 20
15550.987500000017
 10
6800.0
 20
14906.462500000023
 10
6803.174999999988
 20
14903.287500000006
 10
9009.799999999988
 20
14903.287500000006
 10
9009.799999999988
 20
15550.987500000017
  0
LWPOLYLINE
  5
2F5
330
17
100
AcDbEntity
  8
NESTED_RESULT
100
AcDbPolyline
 90
9
 70
0
 10
7361.974999999991
 20
15404.937500000015
 10
7996.974999999991
 20
15404.937500000015
 10
8003.324999999997
 20
15398.587500000023
 10
8003.324999999997
 20
15017.587499999907
 10
7996.974999999991
 20
15011.237500000017
 10
7361.974999999991
 20
15011.237500000017
 10
7355.625
 20
15017.587499999907
 10
7355.625
 20
15398.587500000023
 10
7361.974999999991
 20
15404.937500000015
  0
LWPOLYLINE
  5
2F6
330
17
100
AcDbEntity
  8
NESTED_RESULT
100
AcDbPolyline
 90
64
 70
0
 10
7696.937499999985
 20
15460.500000000015
 10
7696.85072491481
 20
15462.238703521187
 10
7696.591262069051
 20
15463.960127025639
 10
7696.161690121036
 20
15465.64716223316
 10
7695.566278349783
 20
15467.283042629962
 10
7694.81094422497
 20
15468.851510101696
 10
7693.903194596482
 20
15470.33697651395
 10
7692.852051087961
 20
15471.724678634171
 10
7691.667960435821
 20
15473.000824855219
 10
7690.362690664944
 20
15474.152732262606
 10
7688.94921413275
 20
15475.16895268303
 10
7687.441578604019
 20
15476.039386461387
 10
7685.854767637997
 20
15476.75538283572
 10
7684.204551674935
 20
15477.30982591238
 10
7682.507331302506
 20
15477.697205386983
 10
7680.779974259247
 20
15477.913671308284
 10
7679.039647795522
 20
15477.957072340709
 10
7677.303648057583
 20
15477.826977145276
 10
7675.589228190773
 20
15477.524678666494
 10
7673.913426869971
 20
15477.053181282463
 10
7672.292898961576
 20
15476.417170946006
 10
7670.743749999994
 20
15475.622968613607
 10
7669.281376123588
 20
15474.678467424834
 10
7667.920311060952
 20
15473.593054256839
 10
7666.674081688165
 20
15472.377516433335
 10
7665.555073592608
 20
15471.043934515328
 10
7664.574407979497
 20
15469.605562239027
 10
7663.741831144245
 20
15468.076694794348
 10
7663.065617609522
 20
15466.472526752841
 10
7662.552487889217
 20
15464.809001057176
 10
7662.207541697033
 20
15463.102650573113
 10
7662.034207263205
 20
15461.370433778371
 10
7662.034207263205
 20
15459.629566221658
 10
7662.207541697033
 20
15457.897349426916
 10
7662.552487889217
 20
15456.190998942853
 10
7663.065617609522
 20
15454.527473247188
 10
7663.741831144245
 20
15452.92330520568
 10
7664.574407979497
 20
15451.394437761002
 10
7665.555073592608
 20
15449.956065484701
 10
7666.674081688165
 20
15448.622483566694
 10
7667.920311060952
 20
15447.40694574319
 10
7669.281376123588
 20
15446.321532575195
 10
7670.743749999994
 20
15445.377031386422
 10
7672.292898961576
 20
15444.582829054023
 10
7673.913426869971
 20
15443.946818717566
 10
7675.589228190773
 20
15443.475321333535
 10
7677.303648057583
 20
15443.173022854753
 10
7679.039647795522
 20
15443.04292765932
 10
7680.779974259247
 20
15443.086328691745
 10
7682.507331302506
 20
15443.302794613046
 10
7684.204551674935
 20
15443.69017408765
 10
7685.854767637997
 20
15444.24461716431
 10
7687.441578604019
 20
15444.960613538642
 10
7688.94921413275
 20
15445.831047316999
 10
7690.362690664944
 20
15446.847267737423
 10
7691.667960435821
 20
15447.99917514481
 10
7692.852051087961
 20
15449.275321365858
 10
7693.903194596482
 20
15450.663023486079
 10
7694.81094422497
 20
15452.148489898333
 10
7695.566278349783
 20
15453.716957370067
 10
7696.161690121036
 20
15455.35283776687
 10
7696.591262069051
 20
15457.03987297439
 10
7696.85072491481
 20
15458.761296478842
 10
7696.937499999985
 20
15460.500000000015
  0
TEXT
  5
2F7
330
17
100
AcDbEntity
  8
NESTED_RESULT
100
AcDbText
 10
8463.55427246093
 20
15226.86774902345
 30
0.0
 40
80.0
  1
523-B
 72
1
 11
8463.55427246093
 21
15226.86774902345
 31
0.0
100
AcDbText
 73
2
  0
LWPOLYLINE
  5
2F8
330
17
100
AcDbEntity
  8
NESTED_RESULT
100
AcDbPolyline
 90
7
 70
0
 10
9009.799999999988
 20
15550.987499999988
 10
9840.062499999884
 20
15550.987499999988
 10
9840.062499999884
 20
14906.462499999994
 10
9836.887499999983
 20
14903.287500000006
 10
9012.974999999977
 20
14903.287500000006
 10
9009.799999999988
 20
14906.462499999994
 10
9009.799999999988
 20
15550.987499999988
  0
TEXT
  5
2F9
330
17
100
AcDbEntity
  8
NESTED_RESULT
100
AcDbText
 10
9424.931249999936
 20
15227.137499999997
 30
0.0
 40
80.0
  1
502-B
 72
1
 11
9424.931249999936
 21
15227.137499999997
 31
0.0
100
AcDbText
 73
2
  0
LWPOLYLINE
  5
2FA
330
17
100
AcDbEntity
  8
NESTED_RESULT
 62
1
100
AcDbPolyline
 90
5
 70
0
 10
10200.0
 20
14000.0
 10
13400.0
 20
14000.0
 10
13400.0
 20
15800.0
 10
10200.0
 20
15800.0
 10
10200.0
 20
14000.0
  0
TEXT
  5
2FB
330
17
100
AcDbEntity
  8
NESTED_RESULT
 62
1
100
AcDbText
 10
10200.0
 20
15830.0
 30
0.0
 40
50.0
  1
Sheet_46
 11
10200.0
 21
15830.0
 31
0.0
100
AcDbText
 73
1
  0
LWPOLYLINE
  5
2FC
330
17
100
AcDbEntity
  8
NESTED_RESULT
100
AcDbPolyline
 90
6
 70
0
 10
10200.0
 20
14584.200000000012
 10
11857.350000000006
 20
14584.200000000012
 10
11857.350000000006
 20
14003.174999999988
 10
11854.174999999988
 20
14000.0
 10
10200.0
 20
14000.0
 10
10200.0
 20
14584.200000000012
  0
LWPOLYLINE
  5
2FD
330
17
100
AcDbEntity
  8
NESTED_RESULT
100
AcDbPolyline
 90
9
 70
0
 10
10422.25
 20
14419.100000000006
 10
10841.350000000006
 20
14419.100000000006
 10
10854.049999999988
 20
14406.399999999994
 10
10854.049999999988
 20
14139.700000000012
 10
10841.350000000006
 20
14127.0
 10
10422.25
 20
14127.0
 10
10409.549999999988
 20
14139.700000000012
 10
10409.549999999988
 20
14406.399999999994
 10
10422.25
 20
14419.100000000006
  0
LWPOLYLINE
  5
2FE
330
17
100
AcDbEntity
  8
NESTED_RESULT
100
AcDbPolyline
 90
9
 70
0
 10
11222.350000000006
 20
14419.100000000006
 10
11641.449999999983
 20
14419.100000000006
 10
11654.149999999994
 20
14406.399999999994
 10
11654.149999999994
 20
14139.700000000012
 10
11641.449999999983
 20
14127.0
 10
11222.350000000006
 20
14127.0
 10
11209.649999999994
 20
14139.700000000012
 10
11209.649999999994
 20
14406.399999999994
 10
11222.350000000006
 20
14419.100000000006
  0
LWPOLYLINE
  5
2FF
330
17
100
AcDbEntity
  8
NESTED_RESULT
100
AcDbPolyline
 90
64
 70
0
 10
10649.262499999983
 20
14487.362499999988
 10
10649.175724914792
 20
14489.10120352116
 10
10648.916262069048
 20
14490.822627025598
 10
10648.486690121033
 20
14492.509662233148
 10
10647.891278349765
 20
14494.145542629936
 10
10647.135944224952
 20
14495.714010101656
 10
10646.228194596479
 20
14497.199476513924
 10
10645.177051087958
 20
14498.58717863413
 10
10643.992960435804
 20
14499.863324855192
 10
10642.687690664956
 20
14501.01523226258
 10
10641.274214132747
 20
14502.031452683004
 10
10639.76657860403
 20
14502.90188646136
 10
10638.17976763798
 20
14503.617882835679
 10
10636.529551674932
 20
14504.17232591234
 10
10634.832331302488
 20
14504.559705386957
 10
10633.104974259244
 20
14504.776171308273
 10
10631.364647795504
 20
14504.819572340668
 10
10629.62864805758
 20
14504.689477145235
 10
10627.914228190784
 20
14504.387178666453
 10
10626.238426869968
 20
14503.915681282437
 10
10624.617898961558
 20
14503.27967094598
 10
10623.068749999977
 20
14502.485468613566
 10
10621.606376123586
 20
14501.540967424808
 10
10620.24531106095
 20
14500.455554256827
 10
10618.999081688147
 20
14499.240016433323
 10
10617.88007359262
 20
14497.906434515287
 10
10616.89940797948
 20
14496.468062239
 10
10616.066831144242
 20
14494.939194794337
 10
10615.390617609519
 20
14493.335026752815
 10
10614.8774878892
 20
14491.671501057164
 10
10614.53254169703
 20
14489.965150573087
 10
10614.359207263216
 20
14488.232933778345
 10
10614.359207263216
 20
14486.492066221632
 10
10614.53254169703
 20
14484.75984942689
 10
10614.8774878892
 20
14483.053498942812
 10
10615.390617609519
 20
14481.389973247162
 10
10616.066831144242
 20
14479.78580520564
 10
10616.89940797948
 20
14478.256937760976
 10
10617.88007359262
 20
14476.81856548469
 10
10618.999081688147
 20
14475.484983566654
 10
10620.24531106095
 20
14474.26944574315
 10
10621.606376123586
 20
14473.18403257517
 10
10623.068749999977
 20
14472.23953138641
 10
10624.617898961558
 20
14471.445329053997
 10
10626.238426869968
 20
14470.80931871754
 10
10627.914228190784
 20
14470.337821333524
 10
10629.62864805758
 20
14470.035522854741
 10
10631.364647795504
 20
14469.905427659309
 10
10633.104974259244
 20
14469.948828691704
 10
10634.832331302488
 20
14470.16529461302
 10
10636.529551674932
 20
14470.552674087638
 10
10638.17976763798
 20
14471.107117164298
 10
10639.76657860403
 20
14471.823113538616
 10
10641.274214132747
 20
14472.693547316972
 10
10642.687690664956
 20
14473.709767737397
 10
10643.992960435804
 20
14474.861675144784
 10
10645.177051087958
 20
14476.137821365846
 10
10646.228194596479
 20
14477.525523486052
 10
10647.135944224952
 20
14479.010989898321
 10
10647.891278349765
 20
14480.57945737004
 10
10648.486690121033
 20
14482.21533776683
 10
10648.916262069048
 20
14483.902372974379
 10
10649.175724914792
 20
14485.623796478816
 10
10649.262499999983
 20
14487.362499999988
  0
LWPOLYLINE
  5
300
330
17
100
AcDbEntity
  8
NESTED_RESULT
100
AcDbPolyline
 90
64
 70
0
 10
11449.362499999988
 20
14487.362499999988
 10
11449.275724914798
 20
14489.10120352116
 10
11449.016262069053
 20
14490.822627025598
 10
11448.58669012104
 20
14492.509662233148
 10
11447.991278349771
 20
14494.145542629936
 10
11447.235944224958
 20
14495.714010101656
 10
11446.328194596485
 20
14497.199476513924
 10
11445.277051087964
 20
14498.58717863413
 10
11444.09296043581
 20
14499.863324855192
 10
11442.787690664962
 20
14501.01523226258
 10
11441.374214132753
 20
14502.031452683004
 10
11439.866578604036
 20
14502.90188646136
 10
11438.279767637985
 20
14503.617882835679
 10
11436.629551674938
 20
14504.17232591234
 10
11434.932331302494
 20
14504.559705386957
 10
11433.20497425925
 20
14504.776171308273
 10
11431.46464779551
 20
14504.819572340668
 10
11429.728648057586
 20
14504.689477145235
 10
11428.01422819079
 20
14504.387178666453
 10
11426.338426869974
 20
14503.915681282437
 10
11424.717898961564
 20
14503.27967094598
 10
11423.168749999983
 20
14502.485468613566
 10
11421.706376123591
 20
14501.540967424808
 10
11420.345311060955
 20
14500.455554256827
 10
11419.099081688153
 20
14499.240016433323
 10
11417.980073592626
 20
14497.906434515287
 10
11416.999407979485
 20
14496.468062239
 10
11416.166831144248
 20
14494.939194794337
 10
11415.490617609525
 20
14493.335026752815
 10
11414.977487889206
 20
14491.671501057164
 10
11414.632541697036
 20
14489.965150573087
 10
11414.459207263222
 20
14488.232933778345
 10
11414.459207263222
 20
14486.492066221632
 10
11414.632541697036
 20
14484.75984942689
 10
11414.977487889206
 20
14483.053498942812
 10
11415.490617609525
 20
14481.389973247162
 10
11416.166831144248
 20
14479.78580520564
 10
11416.999407979485
 20
14478.256937760976
 10
11417.980073592626
 20
14476.81856548469
 10
11419.099081688153
 20
14475.484983566654
 10
11420.345311060955
 20
14474.26944574315
 10
11421.706376123591
 20
14473.18403257517
 10
11423.168749999983
 20
14472.23953138641
 10
11424.717898961564
 20
14471.445329053997
 10
11426.338426869974
 20
14470.80931871754
 10
11428.01422819079
 20
14470.337821333524
 10
11429.728648057586
 20
14470.035522854741
 10
11431.46464779551
 20
14469.905427659309
 10
11433.20497425925
 20
14469.948828691704
 10
11434.932331302494
 20
14470.16529461302
 10
11436.629551674938
 20
14470.552674087638
 10
11438.279767637985
 20
14471.107117164298
 10
11439.866578604036
 20
14471.823113538616
 10
11441.374214132753
 20
14472.693547316972
 10
11442.787690664962
 20
14473.709767737397
 10
11444.09296043581
 20
14474.861675144784
 10
11445.277051087964
 20
14476.137821365846
 10
11446.328194596485
 20
14477.525523486052
 10
11447.235944224958
 20
14479.010989898321
 10
11447.991278349771
 20
14480.57945737004
 10
11448.58669012104
 20
14482.21533776683
 10
11449.016262069053
 20
14483.902372974379
 10
11449.275724914798
 20
14485.623796478816
 10
11449.362499999988
 20
14487.362499999988
  0
TEXT
  5
301
330
17
100
AcDbEntity
  8
NESTED_RESULT
100
AcDbText
 10
11031.849999999991
 20
14273.050000000003
 30
0.0
 40
80.0
  1
508-D
 72
1
 11
11031.849999999991
 21
14273.050000000003
 31
0.0
100
AcDbText
 73
2
  0
LWPOLYLINE
  5
302
330
17
100
AcDbEntity
  8
NESTED_RESULT
100
AcDbPolyline
 90
7
 70
0
 10
11857.392090201902
 20
14586.859731917008
 10
13117.867090201908
 20
14586.859731917008
 10
13117.824999999924
 20
14003.175000000017
 10
13114.650000000023
 20
14000.0
 10
11860.524999999907
 20
14000.0
 10
11857.350000000006
 20
14003.175000000017
 10
11857.392090201902
 20
14586.859731917008
  0
LWPOLYLINE
  5
303
330
17
100
AcDbEntity
  8
NESTED_RESULT
100
AcDbPolyline
 90
9
 70
0
 10
11974.824999999924
 20
14419.100000000006
 10
12393.924999999901
 20
14419.100000000006
 10
12406.624999999913
 20
14406.399999999994
 10
12406.624999999913
 20
14139.700000000012
 10
12393.924999999901
 20
14127.0
 10
11974.824999999924
 20
14127.0
 10
11962.124999999913
 20
14139.700000000012
 10
11962.124999999913
 20
14406.399999999994
 10
11974.824999999924
 20
14419.100000000006
  0
LWPOLYLINE
  5
304
330
17
100
AcDbEntity
  8
NESTED_RESULT
100
AcDbPolyline
 90
64
 70
0
 10
12201.837499999907
 20
14487.362500000017
 10
12201.750724914717
 20
14489.10120352119
 10
12201.491262068972
 20
14490.822627025627
 10
12201.061690120958
 20
14492.509662233177
 10
12200.46627834969
 20
14494.145542629965
 10
12199.710944224877
 20
14495.714010101685
 10
12198.803194596403
 20
14497.199476513953
 10
12197.752051087882
 20
14498.58717863416
 10
12196.567960435728
 20
14499.863324855221
 10
12195.26269066488
 20
14501.015232262609
 10
12193.849214132671
 20
14502.031452683033
 10
12192.341578603955
 20
14502.90188646139
 10
12190.754767637904
 20
14503.617882835708
 10
12189.104551674856
 20
14504.172325912368
 10
12187.407331302413
 20
14504.559705386986
 10
12185.679974259168
 20
14504.776171308302
 10
12183.939647795429
 20
14504.819572340697
 10
12182.203648057504
 20
14504.689477145264
 10
12180.489228190709
 20
14504.387178666482
 10
12178.813426869892
 20
14503.915681282466
 10
12177.192898961483
 20
14503.279670946009
 10
12175.643749999901
 20
14502.485468613595
 10
12174.18137612351
 20
14501.540967424837
 10
12172.820311060874
 20
14500.455554256856
 10
12171.574081688072
 20
14499.240016433352
 10
12170.455073592544
 20
14497.906434515317
 10
12169.474407979404
 20
14496.46806223903
 10
12168.641831144167
 20
14494.939194794366
 10
12167.965617609443
 20
14493.335026752844
 10
12167.452487889124
 20
14491.671501057193
 10
12167.107541696954
 20
14489.965150573116
 10
12166.93420726314
 20
14488.232933778374
 10
12166.93420726314
 20
14486.492066221661
 10
12167.107541696954
 20
14484.759849426919
 10
12167.452487889124
 20
14483.053498942842
 10
12167.965617609443
 20
14481.389973247191
 10
12168.641831144167
 20
14479.785805205669
 10
12169.474407979404
 20
14478.256937761005
 10
12170.455073592544
 20
14476.818565484718
 10
12171.574081688072
 20
14475.484983566683
 10
12172.820311060874
 20
14474.269445743179
 10
12174.18137612351
 20
14473.184032575198
 10
12175.643749999901
 20
14472.23953138644
 10
12177.192898961483
 20
14471.445329054026
 10
12178.813426869892
 20
14470.80931871757
 10
12180.489228190709
 20
14470.337821333553
 10
12182.203648057504
 20
14470.03552285477
 10
12183.939647795429
 20
14469.905427659338
 10
12185.679974259168
 20
14469.948828691733
 10
12187.407331302413
 20
14470.165294613049
 10
12189.104551674856
 20
14470.552674087667
 10
12190.754767637904
 20
14471.107117164327
 10
12192.341578603955
 20
14471.823113538645
 10
12193.849214132671
 20
14472.693547317002
 10
12195.26269066488
 20
14473.709767737426
 10
12196.567960435728
 20
14474.861675144813
 10
12197.752051087882
 20
14476.137821365875
 10
12198.803194596403
 20
14477.525523486082
 10
12199.710944224877
 20
14479.01098989835
 10
12200.46627834969
 20
14480.57945737007
 10
12201.061690120958
 20
14482.215337766858
 10
12201.491262068972
 20
14483.902372974408
 10
12201.750724914717
 20
14485.623796478845
 10
12201.837499999907
 20
14487.362500000017
  0
TEXT
  5
305
330
17
100
AcDbEntity
  8
NESTED_RESULT
100
AcDbText
 10
12705.798637130534
 20
14293.737609388729
 30
0.0
 40
80.0
  1
504-E
 72
1
 11
12705.798637130534
 21
14293.737609388729
 31
0.0
100
AcDbText
 73
2
  0
LWPOLYLINE
  5
306
330
17
100
AcDbEntity
  8
NESTED_RESULT
100
AcDbPolyline
 90
6
 70
0
 10
10200.0
 20
15168.400000000023
 10
11457.299999999901
 20
15168.400000000023
 10
11457.299999999901
 20
14584.200000000012
 10
10203.174999999901
 20
14584.200000000012
 10
10200.0
 20
14587.375
 10
10200.0
 20
15168.400000000023
  0
LWPOLYLINE
  5
307
330
17
100
AcDbEntity
  8
NESTED_RESULT
100
AcDbPolyline
 90
9
 70
0
 10
10320.649999999994
 20
15003.300000000017
 10
10739.749999999884
 20
15003.300000000017
 10
10752.449999999895
 20
14990.600000000006
 10
10752.449999999895
 20
14723.900000000023
 10
10739.749999999884
 20
14711.200000000012
 10
10320.649999999994
 20
14711.200000000012
 10
10307.949999999895
 20
14723.900000000023
 10
10307.949999999895
 20
14990.600000000006
 10
10320.649999999994
 20
15003.300000000017
  0
LWPOLYLINE
  5
308
330
17
100
AcDbEntity
  8
NESTED_RESULT
100
AcDbPolyline
 90
64
 70
0
 10
10547.66249999989
 20
15071.5625
 10
10547.5757249147
 20
15073.301203521172
 10
10547.316262068955
 20
15075.02262702561
 10
10546.88669012094
 20
15076.70966223316
 10
10546.291278349672
 20
15078.345542629948
 10
10545.53594422486
 20
15079.914010101667
 10
10544.628194596386
 20
15081.399476513936
 10
10543.577051087865
 20
15082.787178634142
 10
10542.39296043571
 20
15084.063324855204
 10
10541.087690664863
 20
15085.215232262592
 10
10539.674214132654
 20
15086.231452683016
 10
10538.166578603938
 20
15087.101886461372
 10
10536.579767637886
 20
15087.81788283569
 10
10534.929551674839
 20
15088.37232591235
 10
10533.232331302395
 20
15088.759705386969
 10
10531.504974259151
 20
15088.976171308284
 10
10529.764647795411
 20
15089.01957234068
 10
10528.028648057487
 20
15088.889477145247
 10
10526.314228190691
 20
15088.587178666465
 10
10524.638426869875
 20
15088.115681282448
 10
10523.017898961465
 20
15087.479670945992
 10
10521.468749999884
 20
15086.685468613578
 10
10520.006376123492
 20
15085.74096742482
 10
10518.645311060856
 20
15084.655554256839
 10
10517.399081688054
 20
15083.440016433335
 10
10516.280073592527
 20
15082.106434515299
 10
10515.299407979386
 20
15080.668062239012
 10
10514.46683114415
 20
15079.139194794348
 10
10513.790617609426
 20
15077.535026752827
 10
10513.277487889107
 20
15075.871501057176
 10
10512.932541696937
 20
15074.165150573099
 10
10512.759207263123
 20
15072.432933778357
 10
10512.759207263123
 20
15070.692066221643
 10
10512.932541696937
 20
15068.959849426901
 10
10513.277487889107
 20
15067.253498942824
 10
10513.790617609426
 20
15065.589973247173
 10
10514.46683114415
 20
15063.985805205652
 10
10515.299407979386
 20
15062.456937760988
 10
10516.280073592527
 20
15061.018565484701
 10
10517.399081688054
 20
15059.684983566665
 10
10518.645311060856
 20
15058.469445743161
 10
10520.006376123492
 20
15057.38403257518
 10
10521.468749999884
 20
15056.439531386422
 10
10523.017898961465
 20
15055.645329054008
 10
10524.638426869875
 20
15055.009318717552
 10
10526.314228190691
 20
15054.537821333535
 10
10528.028648057487
 20
15054.235522854753
 10
10529.764647795411
 20
15054.10542765932
 10
10531.504974259151
 20
15054.148828691716
 10
10533.232331302395
 20
15054.365294613031
 10
10534.929551674839
 20
15054.75267408765
 10
10536.579767637886
 20
15055.30711716431
 10
10538.166578603938
 20
15056.023113538628
 10
10539.674214132654
 20
15056.893547316984
 10
10541.087690664863
 20
15057.909767737408
 10
10542.39296043571
 20
15059.061675144796
 10
10543.577051087865
 20
15060.337821365858
 10
10544.628194596386
 20
15061.725523486064
 10
10545.53594422486
 20
15063.210989898333
 10
10546.291278349672
 20
15064.779457370052
 10
10546.88669012094
 20
15066.41533776684
 10
10547.316262068955
 20
15068.10237297439
 10
10547.5757249147
 20
15069.823796478828
 10
10547.66249999989
 20
15071.5625
  0
TEXT
  5
309
330
17
100
AcDbEntity
  8
NESTED_RESULT
100
AcDbText
 10
11115.655737304616
 20
14876.60695800783
 30
0.0
 40
80.0
  1
420-D
 72
1
 11
11115.655737304616
 21
14876.60695800783
 31
0.0
100
AcDbText
 73
2
  0
LWPOLYLINE
  5
30A
330
17
100
AcDbEntity
  8
NESTED_RESULT
100
AcDbPolyline
 90
6
 70
0
 10
11457.299999999901
 20
15171.05973191702
 10
12714.599999999788
 20
15171.05973191702
 10
12714.599999999788
 20
14586.859731917008
 10
11460.474999999788
 20
14586.859731917008
 10
11457.299999999901
 20
14590.034731917025
 10
11457.299999999901
 20
15171.05973191702
  0
LWPOLYLINE
  5
30B
330
17
100
AcDbEntity
  8
NESTED_RESULT
100
AcDbPolyline
 90
9
 70
0
 10
11577.949999999793
 20
15005.959731917013
 10
11997.0499999998
 20
15005.959731917013
 10
12009.749999999796
 20
14993.259731917016
 10
12009.749999999796
 20
14726.55973191702
 10
11997.0499999998
 20
14713.859731917008
 10
11577.949999999793
 20
14713.859731917008
 10
11565.249999999796
 20
14726.55973191702
 10
11565.249999999796
 20
14993.259731917016
 10
11577.949999999793
 20
15005.959731917013
  0
LWPOLYLINE
  5
30C
330
17
100
AcDbEntity
  8
NESTED_RESULT
100
AcDbPolyline
 90
64
 70
0
 10
11804.96249999979
 20
15074.22223191701
 10
11804.875724914615
 20
15075.960935438183
 10
11804.616262068856
 20
15077.682358942635
 10
11804.186690120841
 20
15079.369394150155
 10
11803.591278349588
 20
15081.005274546958
 10
11802.835944224775
 20
15082.573742018692
 10
11801.928194596287
 20
15084.059208430946
 10
11800.877051087766
 20
15085.446910551167
 10
11799.692960435626
 20
15086.723056772214
 10
11798.38769066475
 20
15087.874964179602
 10
11796.974214132555
 20
15088.891184600026
 10
11795.466578603824
 20
15089.761618378383
 10
11793.879767637802
 20
15090.477614752715
 10
11792.22955167474
 20
15091.032057829376
 10
11790.532331302311
 20
15091.419437303979
 10
11788.804974259052
 20
15091.63590322528
 10
11787.064647795327
 20
15091.679304257705
 10
11785.328648057388
 20
15091.549209062272
 10
11783.614228190578
 20
15091.24691058349
 10
11781.938426869776
 20
15090.775413199459
 10
11780.31789896138
 20
15090.139402863002
 10
11778.7687499998
 20
15089.345200530603
 10
11777.306376123393
 20
15088.40069934183
 10
11775.945311060757
 20
15087.315286173834
 10
11774.69908168797
 20
15086.09974835033
 10
11773.580073592413
 20
15084.766166432324
 10
11772.599407979302
 20
15083.327794156023
 10
11771.76683114405
 20
15081.798926711344
 10
11771.090617609327
 20
15080.194758669837
 10
11770.577487889022
 20
15078.531232974172
 10
11770.232541696838
 20
15076.82488249011
 10
11770.05920726301
 20
15075.092665695367
 10
11770.05920726301
 20
15073.351798138654
 10
11770.232541696838
 20
15071.619581343912
 10
11770.577487889022
 20
15069.91323085985
 10
11771.090617609327
 20
15068.249705164184
 10
11771.76683114405
 20
15066.645537122677
 10
11772.599407979302
 20
15065.116669677998
 10
11773.580073592413
 20
15063.678297401697
 10
11774.69908168797
 20
15062.34471548369
 10
11775.945311060757
 20
15061.129177660187
 10
11777.306376123393
 20
15060.043764492191
 10
11778.7687499998
 20
15059.099263303418
 10
11780.31789896138
 20
15058.305060971019
 10
11781.938426869776
 20
15057.669050634562
 10
11783.614228190578
 20
15057.197553250531
 10
11785.328648057388
 20
15056.895254771749
 10
11787.064647795327
 20
15056.765159576316
 10
11788.804974259052
 20
15056.80856060874
 10
11790.532331302311
 20
15057.025026530042
 10
11792.22955167474
 20
15057.412406004645
 10
11793.879767637802
 20
15057.966849081306
 10
11795.466578603824
 20
15058.682845455638
 10
11796.974214132555
 20
15059.553279233995
 10
11798.38769066475
 20
15060.569499654419
 10
11799.692960435626
 20
15061.721407061807
 10
11800.877051087766
 20
15062.997553282854
 10
11801.928194596287
 20
15064.385255403075
 10
11802.835944224775
 20
15065.870721815329
 10
11803.591278349588
 20
15067.439189287063
 10
11804.186690120841
 20
15069.075069683866
 10
11804.616262068856
 20
15070.762104891386
 10
11804.875724914615
 20
15072.483528395838
 10
11804.96249999979
 20
15074.22223191701
  0
TEXT
  5
30D
330
17
100
AcDbEntity
  8
NESTED_RESULT
100
AcDbText
 10
12339.190356445133
 20
14878.652773909202
 30
0.0
 40
80.0
  1
520-D
 72
1
 11
12339.190356445133
 21
14878.652773909202
 31
0.0
100
AcDbText
 73
2
  0
LWPOLYLINE
  5
30E
330
17
100
AcDbEntity
  8
NESTED_RESULT
100
AcDbPolyline
 90
6
 70
0
 10
10200.0
 20
15752.600000000035
 10
11450.949999999997
 20
15752.600000000035
 10
11450.949999999997
 20
15171.57500000004
 10
11447.774999999994
 20
15168.400000000023
 10
10200.0
 20
15168.400000000023
 10
10200.0
 20
15752.600000000035
  0
LWPOLYLINE
  5
30F
330
17
100
AcDbEntity
  8
NESTED_RESULT
100
AcDbPolyline
 90
9
 70
0
 10
10917.550000000003
 20
15587.50000000003
 10
11336.649999999994
 20
15587.50000000003
 10
11349.350000000006
 20
15574.800000000047
 10
11349.350000000006
 20
15308.100000000035
 10
11336.649999999994
 20
15295.400000000023
 10
10917.550000000003
 20
15295.400000000023
 10
10904.850000000006
 20
15308.100000000035
 10
10904.850000000006
 20
15574.800000000047
 10
10917.550000000003
 20
15587.50000000003
  0
LWPOLYLINE
  5
310
330
17
100
AcDbEntity
  8
NESTED_RESULT
100
AcDbPolyline
 90
64
 70
0
 10
11144.5625
 20
15655.76250000004
 10
11144.475724914824
 20
15657.501203521213
 10
11144.216262069065
 20
15659.22262702565
 10
11143.786690121051
 20
15660.9096622332
 10
11143.191278349797
 20
15662.545542629989
 10
11142.435944224984
 20
15664.114010101708
 10
11141.528194596496
 20
15665.599476513977
 10
11140.477051087975
 20
15666.987178634183
 10
11139.292960435836
 20
15668.263324855245
 10
11137.987690664959
 20
15669.415232262632
 10
11136.574214132765
 20
15670.431452683057
 10
11135.066578604034
 20
15671.301886461413
 10
11133.479767638011
 20
15672.017882835731
 10
11131.82955167495
 20
15672.572325912392
 10
11130.13233130252
 20
15672.95970538701
 10
11128.404974259262
 20
15673.176171308325
 10
11126.664647795536
 20
15673.21957234072
 10
11124.928648057597
 20
15673.089477145288
 10
11123.214228190787
 20
15672.787178666505
 10
11121.538426869985
 20
15672.31568128249
 10
11119.91789896159
 20
15671.679670946032
 10
11118.368750000009
 20
15670.885468613618
 10
11116.906376123603
 20
15669.94096742486
 10
11115.545311060967
 20
15668.85555425688
 10
11114.29908168818
 20
15667.640016433375
 10
11113.180073592623
 20
15666.30643451534
 10
11112.199407979511
 20
15664.868062239053
 10
11111.36683114426
 20
15663.33919479439
 10
11110.690617609536
 20
15661.735026752867
 10
11110.177487889232
 20
15660.071501057217
 10
11109.832541697047
 20
15658.36515057314
 10
11109.65920726322
 20
15656.632933778397
 10
11109.65920726322
 20
15654.892066221684
 10
11109.832541697047
 20
15653.159849426942
 10
11110.177487889232
 20
15651.453498942865
 10
11110.690617609536
 20
15649.789973247214
 10
11111.36683114426
 20
15648.185805205692
 10
11112.199407979511
 20
15646.656937761029
 10
11113.180073592623
 20
15645.218565484742
 10
11114.29908168818
 20
15643.884983566706
 10
11115.545311060967
 20
15642.669445743202
 10
11116.906376123603
 20
15641.584032575221
 10
11118.368750000009
 20
15640.639531386463
 10
11119.91789896159
 20
15639.84532905405
 10
11121.538426869985
 20
15639.209318717592
 10
11123.214228190787
 20
15638.737821333576
 10
11124.928648057597
 20
15638.435522854794
 10
11126.664647795536
 20
15638.305427659361
 10
11128.404974259262
 20
15638.348828691756
 10
11130.13233130252
 20
15638.565294613072
 10
11131.82955167495
 20
15638.95267408769
 10
11133.479767638011
 20
15639.50711716435
 10
11135.066578604034
 20
15640.223113538668
 10
11136.574214132765
 20
15641.093547317025
 10
11137.987690664959
 20
15642.10976773745
 10
11139.292960435836
 20
15643.261675144837
 10
11140.477051087975
 20
15644.537821365899
 10
11141.528194596496
 20
15645.925523486105
 10
11142.435944224984
 20
15647.410989898373
 10
11143.191278349797
 20
15648.979457370093
 10
11143.786690121051
 20
15650.615337766882
 10
11144.216262069065
 20
15652.30237297443
 10
11144.475724914824
 20
15654.023796478868
 10
11144.5625
 20
15655.76250000004
  0
TEXT
  5
311
330
17
100
AcDbEntity
  8
NESTED_RESULT
100
AcDbText
 10
10552.745910644531
 20
15460.194592285185
 30
0.0
 40
80.0
  1
406-E
 72
1
 11
10552.745910644531
 21
15460.194592285185
 31
0.0
100
AcDbText
 73
2
  0
LWPOLYLINE
  5
312
330
17
100
AcDbEntity
  8
NESTED_RESULT
100
AcDbPolyline
 90
6
 70
0
 10
12714.599999999802
 20
14586.859731917008
 10
12714.599999999802
 20
15745.734731917124
 10
13298.799999999814
 20
15745.734731917124
 10
13298.799999999814
 20
14590.034731917025
 10
13295.624999999913
 20
14586.859731917008
 10
12714.599999999802
 20
14586.859731917008
  0
LWPOLYLINE
  5
313
330
17
100
AcDbEntity
  8
NESTED_RESULT
100
AcDbPolyline
 90
9
 70
0
 10
12879.699999999808
 20
14707.509731917118
 10
12879.699999999808
 20
15126.609731917124
 10
12892.39999999982
 20
15139.309731917107
 10
13159.099999999802
 20
15139.309731917107
 10
13171.799999999814
 20
15126.609731917124
 10
13171.799999999814
 20
14707.509731917118
 10
13159.099999999802
 20
14694.809731917107
 10
12892.39999999982
 20
14694.809731917107
 10
12879.699999999808
 20
14707.509731917118
  0
LWPOLYLINE
  5
314
330
17
100
AcDbEntity
  8
NESTED_RESULT
100
AcDbPolyline
 90
64
 70
0
 10
12811.437499999913
 20
14934.5222319171
 10
12809.69879647874
 20
14934.43545683191
 10
12807.977372974303
 20
14934.175993986166
 10
12806.290337766754
 20
14933.746422038152
 10
12804.654457369965
 20
14933.151010266884
 10
12803.085989898245
 20
14932.39567614207
 10
12801.600523485977
 20
14931.487926513597
 10
12800.21282136577
 20
14930.436783005076
 10
12798.936675144709
 20
14929.252692352922
 10
12797.784767737321
 20
14927.947422582074
 10
12796.768547316897
 20
14926.533946049865
 10
12795.89811353854
 20
14925.026310521149
 10
12795.182117164222
 20
14923.439499555097
 10
12794.627674087562
 20
14921.78928359205
 10
12794.240294612944
 20
14920.092063219607
 10
12794.023828691628
 20
14918.364706176362
 10
12793.980427659233
 20
14916.624379712623
 10
12794.110522854666
 20
14914.888379974698
 10
12794.412821333448
 20
14913.173960107903
 10
12794.884318717464
 20
14911.498158787086
 10
12795.520329053921
 20
14909.877630878676
 10
12796.314531386335
 20
14908.328481917095
 10
12797.259032575093
 20
14906.866108040704
 10
12798.344445743074
 20
14905.505042978068
 10
12799.559983566578
 20
14904.258813605265
 10
12800.893565484614
 20
14903.139805509738
 10
12802.3319377609
 20
14902.159139896597
 10
12803.860805205564
 20
14901.32656306136
 10
12805.464973247086
 20
14900.650349526637
 10
12807.128498942737
 20
14900.137219806318
 10
12808.834849426814
 20
14899.792273614148
 10
12810.567066221556
 20
14899.618939180335
 10
12812.30793377827
 20
14899.618939180335
 10
12814.040150573011
 20
14899.792273614148
 10
12815.746501057089
 20
14900.137219806318
 10
12817.41002675274
 20
14900.650349526637
 10
12819.014194794261
 20
14901.32656306136
 10
12820.543062238925
 20
14902.159139896597
 10
12821.981434515212
 20
14903.139805509738
 10
12823.315016433247
 20
14904.258813605265
 10
12824.530554256751
 20
14905.505042978068
 10
12825.615967424732
 20
14906.866108040704
 10
12826.56046861349
 20
14908.328481917095
 10
12827.354670945904
 20
14909.877630878676
 10
12827.990681282361
 20
14911.498158787086
 10
12828.462178666377
 20
14913.173960107903
 10
12828.76447714516
 20
14914.888379974698
 10
12828.894572340592
 20
14916.624379712623
 10
12828.851171308197
 20
14918.364706176362
 10
12828.634705386881
 20
14920.092063219607
 10
12828.247325912263
 20
14921.78928359205
 10
12827.692882835603
 20
14923.439499555097
 10
12826.976886461285
 20
14925.026310521149
 10
12826.106452682929
 20
14926.533946049865
 10
12825.090232262504
 20
14927.947422582074
 10
12823.938324855117
 20
14929.252692352922
 10
12822.662178634055
 20
14930.436783005076
 10
12821.274476513849
 20
14931.487926513597
 10
12819.78901010158
 20
14932.39567614207
 10
12818.22054262986
 20
14933.151010266884
 10
12816.584662233072
 20
14933.746422038152
 10
12814.897627025523
 20
14934.175993986166
 10
12813.176203521085
 20
14934.43545683191
 10
12811.437499999913
 20
14934.5222319171
  0
TEXT
  5
315
330
17
100
AcDbEntity
  8
NESTED_RESULT
100
AcDbText
 10
13006.699999999808
 20
15442.522231917115
 30
0.0
 40
80.0
  1
419-D
 72
1
 11
13006.699999999808
 21
15442.522231917115
 31
0.0
100
AcDbText
 73
2
  0
LWPOLYLINE
  5
316
330
17
100
AcDbEntity
  8
NESTED_RESULT
100
AcDbPolyline
 90
6
 70
0
 10
11454.124999999898
 20
15171.05973191702
 10
12603.474999999991
 20
15171.05973191702
 10
12603.474999999991
 20
15758.43473191702
 10
11450.949999999997
 20
15758.43473191702
 10
11450.949999999997
 20
15174.234731917008
 10
11454.124999999898
 20
15171.05973191702
  0
LWPOLYLINE
  5
317
330
17
100
AcDbEntity
  8
NESTED_RESULT
100
AcDbPolyline
 90
9
 70
0
 10
11568.425000000003
 20
15590.159731917025
 10
11987.524999999892
 20
15590.159731917025
 10
12000.224999999991
 20
15577.459731917013
 10
12000.224999999991
 20
15310.759731917002
 10
11987.524999999892
 20
15298.05973191702
 10
11568.425000000003
 20
15298.05973191702
 10
11555.72499999989
 20
15310.759731917002
 10
11555.72499999989
 20
15577.459731917013
 10
11568.425000000003
 20
15590.159731917025
  0
LWPOLYLINE
  5
318
330
17
100
AcDbEntity
  8
NESTED_RESULT
100
AcDbPolyline
 90
64
 70
0
 10
11795.437499999985
 20
15658.422231917008
 10
11795.35072491481
 20
15660.16093543818
 10
11795.09126206905
 20
15661.882358942617
 10
11794.661690121036
 20
15663.569394150167
 10
11794.066278349783
 20
15665.205274546955
 10
11793.31094422497
 20
15666.773742018675
 10
11792.403194596482
 20
15668.259208430944
 10
11791.35205108796
 20
15669.64691055115
 10
11790.167960435821
 20
15670.923056772212
 10
11788.862690664944
 20
15672.0749641796
 10
11787.44921413275
 20
15673.091184600024
 10
11785.941578604019
 20
15673.96161837838
 10
11784.354767637997
 20
15674.677614752698
 10
11782.704551674935
 20
15675.232057829358
 10
11781.007331302506
 20
15675.619437303976
 10
11779.279974259247
 20
15675.835903225292
 10
11777.539647795522
 20
15675.879304257687
 10
11775.803648057583
 20
15675.749209062255
 10
11774.089228190773
 20
15675.446910583472
 10
11772.41342686997
 20
15674.975413199456
 10
11770.792898961576
 20
15674.339402863
 10
11769.243749999994
 20
15673.545200530585
 10
11767.781376123588
 20
15672.600699341827
 10
11766.420311060952
 20
15671.515286173846
 10
11765.174081688165
 20
15670.299748350342
 10
11764.055073592608
 20
15668.966166432307
 10
11763.074407979497
 20
15667.52779415602
 10
11762.241831144245
 20
15665.998926711356
 10
11761.565617609522
 20
15664.394758669834
 10
11761.052487889217
 20
15662.731232974184
 10
11760.707541697033
 20
15661.024882490106
 10
11760.534207263205
 20
15659.292665695364
 10
11760.534207263205
 20
15657.551798138651
 10
11760.707541697033
 20
15655.819581343909
 10
11761.052487889217
 20
15654.113230859832
 10
11761.565617609522
 20
15652.449705164181
 10
11762.241831144245
 20
15650.84553712266
 10
11763.074407979497
 20
15649.316669677995
 10
11764.055073592608
 20
15647.878297401709
 10
11765.174081688165
 20
15646.544715483673
 10
11766.420311060952
 20
15645.329177660169
 10
11767.781376123588
 20
15644.243764492188
 10
11769.243749999994
 20
15643.29926330343
 10
11770.792898961576
 20
15642.505060971016
 10
11772.41342686997
 20
15641.86905063456
 10
11774.089228190773
 20
15641.397553250543
 10
11775.803648057583
 20
15641.09525477176
 10
11777.539647795522
 20
15640.965159576328
 10
11779.279974259247
 20
15641.008560608723
 10
11781.007331302506
 20
15641.225026530039
 10
11782.704551674935
 20
15641.612406004657
 10
11784.354767637997
 20
15642.166849081317
 10
11785.941578604019
 20
15642.882845455635
 10
11787.44921413275
 20
15643.753279233992
 10
11788.862690664944
 20
15644.769499654416
 10
11790.167960435821
 20
15645.921407061804
 10
11791.35205108796
 20
15647.197553282866
 10
11792.403194596482
 20
15648.585255403072
 10
11793.31094422497
 20
15650.07072181534
 10
11794.066278349783
 20
15651.63918928706
 10
11794.661690121036
 20
15653.275069683848
 10
11795.09126206905
 20
15654.962104891398
 10
11795.35072491481
 20
15656.683528395835
 10
11795.437499999985
 20
15658.422231917008
  0
TEXT
  5
319
330
17
100
AcDbEntity
  8
NESTED_RESULT
100
AcDbText
 10
12308.872052001945
 20
15465.028610090847
 30
0.0
 40
80.0
  1
523-D
 72
1
 11
12308.872052001945
 21
15465.028610090847
 31
0.0
100
AcDbText
 73
2
  0
LWPOLYLINE
  5
31A
330
17
100
AcDbEntity
  8
NESTED_RESULT
 62
1
100
AcDbPolyline
 90
5
 70
0
 10
13600.0
 20
14000.0
 10
16800.0
 20
14000.0
 10
16800.0
 20
15800.0
 10
13600.0
 20
15800.0
 10
13600.0
 20
14000.0
  0
TEXT
  5
31B
330
17
100
AcDbEntity
  8
NESTED_RESULT
 62
1
100
AcDbText
 10
13600.0
 20
15830.0
 30
0.0
 40
50.0
  1
Sheet_47
 11
13600.0
 21
15830.0
 31
0.0
100
AcDbText
 73
1
  0
LWPOLYLINE
  5
31C
330
17
100
AcDbEntity
  8
NESTED_RESULT
100
AcDbPolyline
 90
9
 70
0
 10
16679.75
 20
14903.288
 10
13600.0
 20
14903.288
 10
13600.0
 20
14000.0
 10
14244.525000000009
 20
14000.0
 10
14247.700000000012
 20
14003.174999999988
 10
14247.700000000012
 20
14252.413
 10
14250.875
 20
14255.587999999989
 10
16679.75
 20
14255.587999999989
 10
16679.75
 20
14903.288
  0
LWPOLYLINE
  5
31D
330
17
100
AcDbEntity
  8
NESTED_RESULT
100
AcDbPolyline
 90
9
 70
0
 10
15266.875
 20
14757.237999999983
 10
15901.874999999913
 20
14757.237999999983
 10
15908.225000000006
 20
14750.887999999977
 10
15908.225000000006
 20
14369.887999999977
 10
15901.874999999913
 20
14363.538
 10
15266.875
 20
14363.538
 10
15260.525000000009
 20
14369.887999999977
 10
15260.525000000009
 20
14750.887999999977
 10
15266.875
 20
14757.237999999983
  0
LWPOLYLINE
  5
31E
330
17
100
AcDbEntity
  8
NESTED_RESULT
100
AcDbPolyline
 90
64
 70
0
 10
15601.837499999907
 20
14812.800499999983
 10
15601.750724914731
 20
14814.539203521155
 10
15601.491262068972
 20
14816.260627025593
 10
15601.061690120958
 20
14817.947662233142
 10
15600.466278349704
 20
14819.58354262993
 10
15599.710944224891
 20
14821.15201010165
 10
15598.803194596403
 20
14822.637476513919
 10
15597.752051087882
 20
14824.025178634125
 10
15596.567960435743
 20
14825.301324855187
 10
15595.262690664866
 20
14826.453232262575
 10
15593.849214132671
 20
14827.469452682999
 10
15592.34157860394
 20
14828.339886461355
 10
15590.754767637918
 20
14829.055882835673
 10
15589.104551674856
 20
14829.610325912334
 10
15587.407331302427
 20
14829.997705386952
 10
15585.679974259168
 20
14830.214171308267
 10
15583.939647795443
 20
14830.257572340663
 10
15582.203648057504
 20
14830.12747714523
 10
15580.489228190694
 20
14829.825178666448
 10
15578.813426869892
 20
14829.353681282431
 10
15577.192898961497
 20
14828.717670945975
 10
15575.643749999916
 20
14827.92346861356
 10
15574.18137612351
 20
14826.978967424802
 10
15572.820311060874
 20
14825.893554256822
 10
15571.574081688086
 20
14824.678016433318
 10
15570.45507359253
 20
14823.344434515282
 10
15569.474407979418
 20
14821.906062238995
 10
15568.641831144167
 20
14820.377194794331
 10
15567.965617609443
 20
14818.77302675281
 10
15567.452487889139
 20
14817.109501057159
 10
15567.107541696954
 20
14815.403150573082
 10
15566.934207263126
 20
14813.67093377834
 10
15566.934207263126
 20
14811.930066221626
 10
15567.107541696954
 20
14810.197849426884
 10
15567.452487889139
 20
14808.491498942807
 10
15567.965617609443
 20
14806.827973247156
 10
15568.641831144167
 20
14805.223805205635
 10
15569.474407979418
 20
14803.69493776097
 10
15570.45507359253
 20
14802.256565484684
 10
15571.574081688086
 20
14800.922983566648
 10
15572.820311060874
 20
14799.707445743144
 10
15574.18137612351
 20
14798.622032575164
 10
15575.643749999916
 20
14797.677531386405
 10
15577.192898961497
 20
14796.883329053991
 10
15578.813426869892
 20
14796.247318717535
 10
15580.489228190694
 20
14795.775821333518
 10
15582.203648057504
 20
14795.473522854736
 10
15583.939647795443
 20
14795.343427659303
 10
15585.679974259168
 20
14795.386828691699
 10
15587.407331302427
 20
14795.603294613014
 10
15589.104551674856
 20
14795.990674087632
 10
15590.754767637918
 20
14796.545117164293
 10
15592.34157860394
 20
14797.26111353861
 10
15593.849214132671
 20
14798.131547316967
 10
15595.262690664866
 20
14799.147767737391
 10
15596.567960435743
 20
14800.299675144779
 10
15597.752051087882
 20
14801.575821365841
 10
15598.803194596403
 20
14802.963523486047
 10
15599.710944224891
 20
14804.448989898316
 10
15600.466278349704
 20
14806.017457370035
 10
15601.061690120958
 20
14807.653337766824
 10
15601.491262068972
 20
14809.340372974373
 10
15601.750724914731
 20
14811.06179647881
 10
15601.837499999907
 20
14812.800499999983
  0
TEXT
  5
31F
330
17
100
AcDbEntity
  8
NESTED_RESULT
100
AcDbText
 10
13980.269424438477
 20
14522.885775512696
 30
0.0
 40
80.0
  1
519-A
 72
1
 11
13980.269424438477
 21
14522.885775512696
 31
0.0
100
AcDbText
 73
2
  0
LWPOLYLINE
  5
320
330
17
100
AcDbEntity
  8
NESTED_RESULT
100
AcDbPolyline
 90
6
 70
0
 10
13603.174999999901
 20
14903.288
 10
15811.388000000006
 20
14903.288
 10
15811.388000000006
 20
15554.163
 10
13600.0
 20
15554.163
 10
13600.0
 20
14906.462999999989
 10
13603.174999999901
 20
14903.288
  0
LWPOLYLINE
  5
321
330
17
100
AcDbEntity
  8
NESTED_RESULT
100
AcDbPolyline
 90
9
 70
0
 10
14163.562999999907
 20
15404.938000000111
 10
14798.562999999907
 20
15404.938000000111
 10
14804.912999999913
 20
15398.588000000105
 10
14804.912999999913
 20
15017.588000000105
 10
14798.562999999907
 20
15011.238000000012
 10
14163.562999999907
 20
15011.238000000012
 10
14157.212999999902
 20
15017.588000000105
 10
14157.212999999902
 20
15398.588000000105
 10
14163.562999999907
 20
15404.938000000111
  0
LWPOLYLINE
  5
322
330
17
100
AcDbEntity
  8
NESTED_RESULT
100
AcDbPolyline
 90
64
 70
0
 10
14498.525499999902
 20
15460.500500000111
 10
14498.438724914711
 20
15462.239203521283
 10
14498.179262068967
 20
15463.96062702572
 10
14497.749690120952
 20
15465.64766223327
 10
14497.154278349684
 20
15467.283542630059
 10
14496.398944224871
 20
15468.852010101778
 10
14495.491194596398
 20
15470.337476514047
 10
14494.440051087877
 20
15471.725178634253
 10
14493.255960435723
 20
15473.001324855315
 10
14491.950690664875
 20
15474.153232262703
 10
14490.537214132666
 20
15475.169452683127
 10
14489.02957860395
 20
15476.039886461484
 10
14487.442767637898
 20
15476.755882835801
 10
14485.792551674851
 20
15477.310325912462
 10
14484.095331302407
 20
15477.69770538708
 10
14482.367974259163
 20
15477.914171308395
 10
14480.627647795423
 20
15477.95757234079
 10
14478.891648057499
 20
15477.827477145358
 10
14477.177228190703
 20
15477.525178666576
 10
14475.501426869887
 20
15477.05368128256
 10
14473.880898961477
 20
15476.417670946103
 10
14472.331749999896
 20
15475.623468613689
 10
14470.869376123504
 20
15474.67896742493
 10
14469.508311060868
 20
15473.59355425695
 10
14468.262081688066
 20
15472.378016433446
 10
14467.143073592539
 20
15471.04443451541
 10
14466.162407979398
 20
15469.606062239123
 10
14465.329831144161
 20
15468.07719479446
 10
14464.653617609438
 20
15466.473026752938
 10
14464.140487889119
 20
15464.809501057287
 10
14463.795541696949
 20
15463.10315057321
 10
14463.622207263135
 20
15461.370933778468
 10
14463.622207263135
 20
15459.630066221755
 10
14463.795541696949
 20
15457.897849427012
 10
14464.140487889119
 20
15456.191498942935
 10
14464.653617609438
 20
15454.527973247285
 10
14465.329831144161
 20
15452.923805205763
 10
14466.162407979398
 20
15451.394937761099
 10
14467.143073592539
 20
15449.956565484812
 10
14468.262081688066
 20
15448.622983566776
 10
14469.508311060868
 20
15447.407445743273
 10
14470.869376123504
 20
15446.322032575292
 10
14472.331749999896
 20
15445.377531386534
 10
14473.880898961477
 20
15444.58332905412
 10
14475.501426869887
 20
15443.947318717663
 10
14477.177228190703
 20
15443.475821333646
 10
14478.891648057499
 20
15443.173522854864
 10
14480.627647795423
 20
15443.043427659431
 10
14482.367974259163
 20
15443.086828691827
 10
14484.095331302407
 20
15443.303294613142
 10
14485.792551674851
 20
15443.69067408776
 10
14487.442767637898
 20
15444.24511716442
 10
14489.02957860395
 20
15444.961113538739
 10
14490.537214132666
 20
15445.831547317095
 10
14491.950690664875
 20
15446.84776773752
 10
14493.255960435723
 20
15447.999675144907
 10
14494.440051087877
 20
15449.275821365969
 10
14495.491194596398
 20
15450.663523486175
 10
14496.398944224871
 20
15452.148989898444
 10
14497.154278349684
 20
15453.717457370163
 10
14497.749690120952
 20
15455.353337766952
 10
14498.179262068967
 20
15457.040372974501
 10
14498.438724914711
 20
15458.761796478939
 10
14498.525499999902
 20
15460.500500000111
  0
TEXT
  5
323
330
17
100
AcDbEntity
  8
NESTED_RESULT
100
AcDbText
 10
15214.539993652348
 20
15228.995444824219
 30
0.0
 40
80.0
  1
423-B
 72
1
 11
15214.539993652348
 21
15228.995444824219
 31
0.0
100
AcDbText
 73
2
  0
LWPOLYLINE
  5
324
330
17
100
AcDbEntity
  8
NESTED_RESULT
100
AcDbPolyline
 90
7
 70
0
 10
15811.388000000006
 20
14903.288
 10
15811.388000000006
 20
15733.551000000007
 10
16459.088000000018
 20
15733.551000000007
 10
16462.263000000006
 20
15730.37599999999
 10
16462.263000000006
 20
14906.462999999989
 10
16459.088000000018
 20
14903.288
 10
15811.388000000006
 20
14903.288
  0
TEXT
  5
325
330
17
100
AcDbEntity
  8
NESTED_RESULT
100
AcDbText
 10
16136.825500000006
 20
15318.419499999989
 30
0.0
 40
80.0
  1
522-A
 72
1
 11
16136.825500000006
 21
15318.419499999989
 31
0.0
100
AcDbText
 73
2
  0
LWPOLYLINE
  5
326
330
17
100
AcDbEntity
  8
NESTED_RESULT
 62
1
100
AcDbPolyline
 90
5
 70
0
 10
17000.0
 20
14000.0
 10
20200.0
 20
14000.0
 10
20200.0
 20
15800.0
 10
17000.0
 20
15800.0
 10
17000.0
 20
14000.0
  0
TEXT
  5
327
330
17
100
AcDbEntity
  8
NESTED_RESULT
 62
1
100
AcDbText
 10
17000.0
 20
15830.0
 30
0.0
 40
50.0
  1
Sheet_48
 11
17000.0
 21
15830.0
 31
0.0
100
AcDbText
 73
1
  0
LWPOLYLINE
  5
328
330
17
100
AcDbEntity
  8
NESTED_RESULT
100
AcDbPolyline
 90
9
 70
0
 10
20041.649999999994
 20
14904.875
 10
17000.0
 20
14904.875
 10
17000.0
 20
14000.0
 10
17644.524999999994
 20
14000.0
 10
17647.699999999983
 20
14003.174999999988
 10
17647.699999999983
 20
14254.0
 10
17650.875
 20
14257.174999999988
 10
20041.649999999994
 20
14257.174999999988
 10
20041.649999999994
 20
14904.875
  0
LWPOLYLINE
  5
329
330
17
100
AcDbEntity
  8
NESTED_RESULT
100
AcDbPolyline
 90
9
 70
0
 10
18670.04999999999
 20
14758.825000000012
 10
19305.04999999999
 20
14758.825000000012
 10
19311.399999999994
 20
14752.475000000006
 10
19311.399999999994
 20
14371.475000000006
 10
19305.04999999999
 20
14365.125
 10
18670.04999999999
 20
14365.125
 10
18663.699999999983
 20
14371.475000000006
 10
18663.699999999983
 20
14752.475000000006
 10
18670.04999999999
 20
14758.825000000012
  0
LWPOLYLINE
  5
32A
330
17
100
AcDbEntity
  8
NESTED_RESULT
100
AcDbPolyline
 90
64
 70
0
 10
19005.012499999983
 20
14814.387500000012
 10
19004.925724914792
 20
14816.126203521184
 10
19004.666262069048
 20
14817.847627025621
 10
19004.236690121033
 20
14819.53466223317
 10
19003.641278349765
 20
14821.17054262996
 10
19002.885944224952
 20
14822.739010101679
 10
19001.97819459648
 20
14824.224476513948
 10
19000.927051087958
 20
14825.612178634154
 10
18999.742960435804
 20
14826.888324855216
 10
18998.437690664956
 20
14828.040232262603
 10
18997.024214132747
 20
14829.056452683028
 10
18995.51657860403
 20
14829.926886461384
 10
18993.92976763798
 20
14830.642882835702
 10
18992.279551674932
 20
14831.197325912362
 10
18990.58233130249
 20
14831.58470538698
 10
18988.854974259244
 20
14831.801171308296
 10
18987.114647795504
 20
14831.844572340691
 10
18985.37864805758
 20
14831.714477145259
 10
18983.664228190784
 20
14831.412178666476
 10
18981.988426869968
 20
14830.94068128246
 10
18980.36789896156
 20
14830.304670946003
 10
18978.818749999977
 20
14829.51046861359
 10
18977.356376123586
 20
14828.56596742483
 10
18975.99531106095
 20
14827.48055425685
 10
18974.749081688147
 20
14826.265016433346
 10
18973.63007359262
 20
14824.93143451531
 10
18972.64940797948
 20
14823.493062239024
 10
18971.816831144242
 20
14821.96419479436
 10
18971.14061760952
 20
14820.360026752838
 10
18970.6274878892
 20
14818.696501057188
 10
18970.28254169703
 20
14816.99015057311
 10
18970.109207263216
 20
14815.257933778368
 10
18970.109207263216
 20
14813.517066221655
 10
18970.28254169703
 20
14811.784849426913
 10
18970.6274878892
 20
14810.078498942836
 10
18971.14061760952
 20
14808.414973247185
 10
18971.816831144242
 20
14806.810805205663
 10
18972.64940797948
 20
14805.281937761
 10
18973.63007359262
 20
14803.843565484713
 10
18974.749081688147
 20
14802.509983566677
 10
18975.99531106095
 20
14801.294445743173
 10
18977.356376123586
 20
14800.209032575192
 10
18978.818749999977
 20
14799.264531386434
 10
18980.36789896156
 20
14798.47032905402
 10
18981.988426869968
 20
14797.834318717563
 10
18983.664228190784
 20
14797.362821333547
 10
18985.37864805758
 20
14797.060522854765
 10
18987.114647795504
 20
14796.930427659332
 10
18988.854974259244
 20
14796.973828691727
 10
18990.58233130249
 20
14797.190294613043
 10
18992.279551674932
 20
14797.57767408766
 10
18993.92976763798
 20
14798.132117164321
 10
18995.51657860403
 20
14798.84811353864
 10
18997.024214132747
 20
14799.718547316996
 10
18998.437690664956
 20
14800.73476773742
 10
18999.742960435804
 20
14801.886675144808
 10
19000.927051087958
 20
14803.16282136587
 10
19001.97819459648
 20
14804.550523486076
 10
19002.885944224952
 20
14806.035989898344
 10
19003.641278349765
 20
14807.604457370064
 10
19004.236690121033
 20
14809.240337766852
 10
19004.666262069048
 20
14810.927372974402
 10
19004.925724914792
 20
14812.64879647884
 10
19005.012499999983
 20
14814.387500000012
  0
TEXT
  5
32B
330
17
100
AcDbEntity
  8
NESTED_RESULT
100
AcDbText
 10
17380.391897583006
 20
14524.654409790039
 30
0.0
 40
80.0
  1
419-A
 72
1
 11
17380.391897583006
 21
14524.654409790039
 31
0.0
100
AcDbText
 73
2
  0
LWPOLYLINE
  5
32C
330
17
100
AcDbEntity
  8
NESTED_RESULT
100
AcDbPolyline
 90
6
 70
0
 10
17000.0
 20
15552.575000000099
 10
19208.212
 20
15552.575000000099
 10
19208.212
 20
14908.050000000017
 10
19205.03700000001
 20
14904.875
 10
17000.0
 20
14904.875
 10
17000.0
 20
15552.575000000099
  0
LWPOLYLINE
  5
32D
330
17
100
AcDbEntity
  8
NESTED_RESULT
100
AcDbPolyline
 90
9
 70
0
 10
18008.0625
 20
15406.52500000011
 10
18643.0625
 20
15406.52500000011
 10
18649.412500000006
 20
15400.175000000017
 10
18649.412500000006
 20
15019.175000000105
 10
18643.0625
 20
15012.825000000012
 10
18008.0625
 20
15012.825000000012
 10
18001.712500000023
 20
15019.175000000105
 10
18001.712500000023
 20
15400.175000000017
 10
18008.0625
 20
15406.52500000011
  0
LWPOLYLINE
  5
32E
330
17
100
AcDbEntity
  8
NESTED_RESULT
100
AcDbPolyline
 90
64
 70
0
 10
18343.024999999994
 20
15462.08750000011
 10
18342.938224914804
 20
15463.826203521283
 10
18342.67876206906
 20
15465.54762702572
 10
18342.249190121045
 20
15467.23466223327
 10
18341.653778349777
 20
15468.870542630058
 10
18340.898444224964
 20
15470.439010101778
 10
18339.99069459649
 20
15471.924476514047
 10
18338.93955108797
 20
15473.312178634253
 10
18337.755460435816
 20
15474.588324855315
 10
18336.450190664968
 20
15475.740232262702
 10
18335.03671413276
 20
15476.756452683127
 10
18333.529078604042
 20
15477.626886461483
 10
18331.94226763799
 20
15478.342882835801
 10
18330.292051674944
 20
15478.897325912461
 10
18328.5948313025
 20
15479.28470538708
 10
18326.867474259256
 20
15479.501171308395
 10
18325.127147795516
 20
15479.54457234079
 10
18323.39114805759
 20
15479.414477145358
 10
18321.676728190796
 20
15479.112178666575
 10
18320.00092686998
 20
15478.640681282559
 10
18318.38039896157
 20
15478.004670946102
 10
18316.83124999999
 20
15477.210468613688
 10
18315.368876123597
 20
15476.26596742493
 10
18314.00781106096
 20
15475.18055425695
 10
18312.76158168816
 20
15473.965016433445
 10
18311.64257359263
 20
15472.63143451541
 10
18310.66190797949
 20
15471.193062239123
 10
18309.829331144254
 20
15469.664194794459
 10
18309.15311760953
 20
15468.060026752937
 10
18308.63998788921
 20
15466.396501057287
 10
18308.29504169704
 20
15464.69015057321
 10
18308.121707263228
 20
15462.957933778467
 10
18308.121707263228
 20
15461.217066221754
 10
18308.29504169704
 20
15459.484849427012
 10
18308.63998788921
 20
15457.778498942935
 10
18309.15311760953
 20
15456.114973247284
 10
18309.829331144254
 20
15454.510805205762
 10
18310.66190797949
 20
15452.981937761098
 10
18311.64257359263
 20
15451.543565484812
 10
18312.76158168816
 20
15450.209983566776
 10
18314.00781106096
 20
15448.994445743272
 10
18315.368876123597
 20
15447.909032575291
 10
18316.83124999999
 20
15446.964531386533
 10
18318.38039896157
 20
15446.170329054119
 10
18320.00092686998
 20
15445.534318717662
 10
18321.676728190796
 20
15445.062821333646
 10
18323.39114805759
 20
15444.760522854864
 10
18325.127147795516
 20
15444.630427659431
 10
18326.867474259256
 20
15444.673828691826
 10
18328.5948313025
 20
15444.890294613142
 10
18330.292051674944
 20
15445.27767408776
 10
18331.94226763799
 20
15445.83211716442
 10
18333.529078604042
 20
15446.548113538738
 10
18335.03671413276
 20
15447.418547317095
 10
18336.450190664968
 20
15448.434767737519
 10
18337.755460435816
 20
15449.586675144907
 10
18338.93955108797
 20
15450.862821365969
 10
18339.99069459649
 20
15452.250523486175
 10
18340.898444224964
 20
15453.735989898443
 10
18341.653778349777
 20
15455.304457370163
 10
18342.249190121045
 20
15456.940337766951
 10
18342.67876206906
 20
15458.6273729745
 10
18342.938224914804
 20
15460.348796478938
 10
18343.024999999994
 20
15462.08750000011
  0
TEXT
  5
32F
330
17
100
AcDbEntity
  8
NESTED_RESULT
100
AcDbText
 10
17464.446933105468
 20
15228.455442871144
 30
0.0
 40
80.0
  1
501-A
 72
1
 11
17464.446933105468
 21
15228.455442871144
 31
0.0
100
AcDbText
 73
2
  0
LWPOLYLINE
  5
330
330
17
100
AcDbEntity
  8
NESTED_RESULT
 62
1
100
AcDbPolyline
 90
5
 70
0
 10
0.0
 20
16000.0
 10
3200.0
 20
16000.0
 10
3200.0
 20
17800.0
 10
0.0
 20
17800.0
 10
0.0
 20
16000.0
  0
TEXT
  5
331
330
17
100
AcDbEntity
  8
NESTED_RESULT
 62
1
100
AcDbText
 10
0.0
 20
17830.0
 30
0.0
 40
50.0
  1
Sheet_49
 11
0.0
 21
17830.0
 31
0.0
100
AcDbText
 73
1
  0
LWPOLYLINE
  5
332
330
17
100
AcDbEntity
  8
NESTED_RESULT
100
AcDbPolyline
 90
7
 70
0
 10
0.0
 20
16647.699999999983
 10
1919.2880000000005
 20
16647.699999999983
 10
1919.2880000000005
 20
16003.174999999901
 10
1916.113000000012
 20
16000.0
 10
3.1749999999883585
 20
16000.0
 10
0.0
 20
16003.174999999901
 10
0.0
 20
16647.699999999983
  0
LWPOLYLINE
  5
333
330
17
100
AcDbEntity
  8
NESTED_RESULT
100
AcDbPolyline
 90
9
 70
0
 10
566.3255000000063
 20
16501.649999999994
 10
1201.3255000000063
 20
16501.649999999994
 10
1207.675500000012
 20
16495.29999999999
 10
1207.675500000012
 20
16114.299999999988
 10
1201.3255000000063
 20
16107.949999999983
 10
566.3255000000063
 20
16107.949999999983
 10
559.9755000000005
 20
16114.299999999988
 10
559.9755000000005
 20
16495.29999999999
 10
566.3255000000063
 20
16501.649999999994
  0
LWPOLYLINE
  5
334
330
17
100
AcDbEntity
  8
NESTED_RESULT
100
AcDbPolyline
 90
64
 70
0
 10
901.2880000000005
 20
16557.212499999994
 10
901.2012249148102
 20
16558.951203521166
 10
900.9417620690656
 20
16560.672627025604
 10
900.5121901210514
 20
16562.359662233153
 10
899.9167783497833
 20
16563.995542629942
 10
899.1614442249702
 20
16565.56401010166
 10
898.2536945964966
 20
16567.04947651393
 10
897.2025510879757
 20
16568.437178634136
 10
896.0184604358219
 20
16569.713324855198
 10
894.7131906649738
 20
16570.865232262586
 10
893.2997141327651
 20
16571.88145268301
 10
891.7920786040486
 20
16572.751886461367
 10
890.2052676379972
 20
16573.467882835685
 10
888.5550516749499
 20
16574.022325912345
 10
886.8578313025064
 20
16574.409705386963
 10
885.130474259262
 20
16574.62617130828
 10
883.3901477955224
 20
16574.669572340674
 10
881.6541480575979
 20
16574.53947714524
 10
879.9397281908023
 20
16574.23717866646
 10
878.2639268699859
 20
16573.765681282443
 10
876.6433989615762
 20
16573.129670945986
 10
875.0942499999946
 20
16572.33546861357
 10
873.6318761236034
 20
16571.390967424813
 10
872.2708110609674
 20
16570.305554256833
 10
871.0245816881652
 20
16569.09001643333
 10
869.9055735926377
 20
16567.756434515293
 10
868.9249079794972
 20
16566.318062239006
 10
868.0923311442602
 20
16564.789194794343
 10
867.4161176095367
 20
16563.18502675282
 10
866.9029878892179
 20
16561.52150105717
 10
866.5580416970479
 20
16559.815150573093
 10
866.3847072632343
 20
16558.08293377835
 10
866.3847072632343
 20
16556.342066221638
 10
866.5580416970479
 20
16554.609849426895
 10
866.9029878892179
 20
16552.90349894282
 10
867.4161176095367
 20
16551.239973247168
 10
868.0923311442602
 20
16549.635805205646
 10
868.9249079794972
 20
16548.106937760982
 10
869.9055735926377
 20
16546.668565484695
 10
871.0245816881652
 20
16545.33498356666
 10
872.2708110609674
 20
16544.119445743156
 10
873.6318761236034
 20
16543.034032575175
 10
875.0942499999946
 20
16542.089531386417
 10
876.6433989615762
 20
16541.295329054003
 10
878.2639268699859
 20
16540.659318717546
 10
879.9397281908023
 20
16540.18782133353
 10
881.6541480575979
 20
16539.885522854747
 10
883.3901477955224
 20
16539.755427659315
 10
885.130474259262
 20
16539.79882869171
 10
886.8578313025064
 20
16540.015294613026
 10
888.5550516749499
 20
16540.402674087643
 10
890.2052676379972
 20
16540.957117164304
 10
891.7920786040486
 20
16541.67311353862
 10
893.2997141327651
 20
16542.54354731698
 10
894.7131906649738
 20
16543.559767737403
 10
896.0184604358219
 20
16544.71167514479
 10
897.2025510879757
 20
16545.987821365852
 10
898.2536945964966
 20
16547.37552348606
 10
899.1614442249702
 20
16548.860989898327
 10
899.9167783497833
 20
16550.429457370046
 10
900.5121901210514
 20
16552.065337766835
 10
900.9417620690656
 20
16553.752372974384
 10
901.2012249148102
 20
16555.473796478822
 10
901.2880000000005
 20
16557.212499999994
  0
TEXT
  5
335
330
17
100
AcDbEntity
  8
NESTED_RESULT
100
AcDbText
 10
1537.632708007813
 20
16324.084288085929
 30
0.0
 40
80.0
  1
521-B
 72
1
 11
1537.632708007813
 21
16324.084288085929
 31
0.0
100
AcDbText
 73
2
  0
LWPOLYLINE
  5
336
330
17
100
AcDbEntity
  8
NESTED_RESULT
100
AcDbPolyline
 90
7
 70
0
 10
0.0
 20
17295.40000000008
 10
1917.6999999999825
 20
17295.40000000008
 10
1917.6999999999825
 20
16650.874999999985
 10
1914.5249999999942
 20
16647.699999999983
 10
3.1749999999883585
 20
16647.699999999983
 10
0.0
 20
16650.874999999985
 10
0.0
 20
17295.40000000008
  0
LWPOLYLINE
  5
337
330
17
100
AcDbEntity
  8
NESTED_RESULT
100
AcDbPolyline
 90
9
 70
0
 10
717.5499999999884
 20
17149.350000000093
 10
1352.5499999999884
 20
17149.350000000093
 10
1358.8999999999942
 20
17142.999999999985
 10
1358.8999999999942
 20
16762.000000000087
 10
1352.5499999999884
 20
16755.649999999994
 10
717.5499999999884
 20
16755.649999999994
 10
711.1999999999825
 20
16762.000000000087
 10
711.1999999999825
 20
17142.999999999985
 10
717.5499999999884
 20
17149.350000000093
  0
LWPOLYLINE
  5
338
330
17
100
AcDbEntity
  8
NESTED_RESULT
100
AcDbPolyline
 90
64
 70
0
 10
1052.5124999999825
 20
17204.912500000093
 10
1052.4257249147922
 20
17206.651203521265
 10
1052.1662620690477
 20
17208.372627025718
 10
1051.7366901210335
 20
17210.059662233238
 10
1051.1412783497653
 20
17211.69554263004
 10
1050.3859442249523
 20
17213.264010101775
 10
1049.4781945964787
 20
17214.74947651403
 10
1048.4270510879578
 20
17216.13717863425
 10
1047.242960435804
 20
17217.413324855297
 10
1045.9376906649559
 20
17218.565232262685
 10
1044.5242141327471
 20
17219.58145268311
 10
1043.0165786040307
 20
17220.451886461466
 10
1041.4297676379792
 20
17221.167882835798
 10
1039.779551674932
 20
17221.72232591246
 10
1038.0823313024885
 20
17222.10970538706
 10
1036.354974259244
 20
17222.326171308363
 10
1034.6146477955044
 20
17222.369572340787
 10
1032.87864805758
 20
17222.239477145355
 10
1031.1642281907843
 20
17221.937178666572
 10
1029.488426869968
 20
17221.46568128254
 10
1027.8678989615582
 20
17220.829670946085
 10
1026.3187499999767
 20
17220.035468613685
 10
1024.8563761235855
 20
17219.090967424912
 10
1023.4953110609495
 20
17218.005554256917
 10
1022.2490816881473
 20
17216.790016433413
 10
1021.1300735926197
 20
17215.456434515407
 10
1020.1494079794793
 20
17214.018062239105
 10
1019.3168311442423
 20
17212.489194794427
 10
1018.6406176095188
 20
17210.88502675292
 10
1018.1274878892
 20
17209.221501057254
 10
1017.78254169703
 20
17207.515150573192
 10
1017.6092072632164
 20
17205.78293377845
 10
1017.6092072632164
 20
17204.042066221737
 10
1017.78254169703
 20
17202.309849426994
 10
1018.1274878892
 20
17200.60349894293
 10
1018.6406176095188
 20
17198.939973247267
 10
1019.3168311442423
 20
17197.33580520576
 10
1020.1494079794793
 20
17195.80693776108
 10
1021.1300735926197
 20
17194.36856548478
 10
1022.2490816881473
 20
17193.034983566773
 10
1023.4953110609495
 20
17191.81944574327
 10
1024.8563761235855
 20
17190.734032575274
 10
1026.3187499999767
 20
17189.7895313865
 10
1027.8678989615582
 20
17188.9953290541
 10
1029.488426869968
 20
17188.359318717645
 10
1031.1642281907843
 20
17187.887821333614
 10
1032.87864805758
 20
17187.58552285483
 10
1034.6146477955044
 20
17187.4554276594
 10
1036.354974259244
 20
17187.498828691823
 10
1038.0823313024885
 20
17187.715294613125
 10
1039.779551674932
 20
17188.102674087728
 10
1041.4297676379792
 20
17188.65711716439
 10
1043.0165786040307
 20
17189.37311353872
 10
1044.5242141327471
 20
17190.243547317077
 10
1045.9376906649559
 20
17191.2597677375
 10
1047.242960435804
 20
17192.41167514489
 10
1048.4270510879578
 20
17193.687821365937
 10
1049.4781945964787
 20
17195.075523486157
 10
1050.3859442249523
 20
17196.56098989841
 10
1051.1412783497653
 20
17198.129457370145
 10
1051.7366901210335
 20
17199.76533776695
 10
1052.1662620690477
 20
17201.45237297447
 10
1052.4257249147922
 20
17203.17379647892
 10
1052.5124999999825
 20
17204.912500000093
  0
TEXT
  5
339
330
17
100
AcDbEntity
  8
NESTED_RESULT
100
AcDbText
 10
330.30697021484076
 20
16971.315905761752
 30
0.0
 40
80.0
  1
503-A
 72
1
 11
330.30697021484076
 21
16971.315905761752
 31
0.0
100
AcDbText
 73
2
  0
LWPOLYLINE
  5
33A
330
17
100
AcDbEntity
  8
NESTED_RESULT
100
AcDbPolyline
 90
6
 70
0
 10
1919.2880000000005
 20
16000.0
 10
1919.2880000000005
 20
17657.350000000006
 10
2503.488000000012
 20
17657.350000000006
 10
2503.488000000012
 20
16003.175000000017
 10
2500.3129999999946
 20
16000.0
 10
1919.2880000000005
 20
16000.0
  0
LWPOLYLINE
  5
33B
330
17
100
AcDbEntity
  8
NESTED_RESULT
100
AcDbPolyline
 90
9
 70
0
 10
2084.3880000000063
 20
17016.0
 10
2084.3880000000063
 20
17435.100000000006
 10
2097.088000000018
 20
17447.800000000017
 10
2363.7880000000005
 20
17447.800000000017
 10
2376.488000000012
 20
17435.100000000006
 10
2376.488000000012
 20
17016.0
 10
2363.7880000000005
 20
17003.300000000017
 10
2097.088000000018
 20
17003.300000000017
 10
2084.3880000000063
 20
17016.0
  0
LWPOLYLINE
  5
33C
330
17
100
AcDbEntity
  8
NESTED_RESULT
100
AcDbPolyline
 90
9
 70
0
 10
2084.3880000000063
 20
16215.900000000023
 10
2084.3880000000063
 20
16635.0
 10
2097.088000000018
 20
16647.70000000001
 10
2363.7880000000005
 20
16647.70000000001
 10
2376.488000000012
 20
16635.0
 10
2376.488000000012
 20
16215.900000000023
 10
2363.7880000000005
 20
16203.200000000012
 10
2097.088000000018
 20
16203.200000000012
 10
2084.3880000000063
 20
16215.900000000023
  0
LWPOLYLINE
  5
33D
330
17
100
AcDbEntity
  8
NESTED_RESULT
100
AcDbPolyline
 90
64
 70
0
 10
2016.1254999999946
 20
16442.912500000006
 10
2014.3867964788224
 20
16442.825724914816
 10
2012.6653729743848
 20
16442.56626206907
 10
2010.9783377668355
 20
16442.136690121057
 10
2009.3424573700468
 20
16441.54127834979
 10
2007.7739898983273
 20
16440.785944224976
 10
2006.2885234860587
 20
16439.878194596502
 10
2004.9008213658526
 20
16438.82705108798
 10
2003.6246751447907
 20
16437.642960435827
 10
2002.472767737403
 20
16436.33769066498
 10
2001.4565473169787
 20
16434.92421413277
 10
2000.5861135386222
 20
16433.416578604054
 10
1999.8701171643042
 20
16431.829767638003
 10
1999.3156740876439
 20
16430.179551674955
 10
1998.928294613026
 20
16428.48233130251
 10
1998.7118286917103
 20
16426.754974259267
 10
1998.668427659315
 20
16425.014647795528
 10
1998.7985228547477
 20
16423.278648057603
 10
1999.10082133353
 20
16421.564228190808
 10
1999.5723187175463
 20
16419.88842686999
 10
2000.2083290540031
 20
16418.26789896158
 10
2001.002531386417
 20
16416.71875
 10
2001.9470325751754
 20
16415.25637612361
 10
2003.0324457431561
 20
16413.895311060973
 10
2004.24798356666
 20
16412.64908168817
 10
2005.5815654846956
 20
16411.530073592643
 10
2007.0199377609824
 20
16410.549407979503
 10
2008.5488052056462
 20
16409.716831144266
 10
2010.1529732471681
 20
16409.040617609542
 10
2011.8164989428187
 20
16408.527487889223
 10
2013.5228494268958
 20
16408.182541697053
 10
2015.2550662216381
 20
16408.00920726324
 10
2016.9959337783512
 20
16408.00920726324
 10
2018.7281505730934
 20
16408.182541697053
 10
2020.4345010571706
 20
16408.527487889223
 10
2022.0980267528212
 20
16409.040617609542
 10
2023.702194794343
 20
16409.716831144266
 10
2025.2310622390069
 20
16410.549407979503
 10
2026.6694345152937
 20
16411.530073592643
 10
2028.0030164333293
 20
16412.64908168817
 10
2029.2185542568332
 20
16413.895311060973
 10
2030.303967424814
 20
16415.25637612361
 10
2031.2484686135722
 20
16416.71875
 10
2032.0426709459862
 20
16418.26789896158
 10
2032.678681282443
 20
16419.88842686999
 10
2033.1501786664594
 20
16421.564228190808
 10
2033.4524771452416
 20
16423.278648057603
 10
2033.5825723406742
 20
16425.014647795528
 10
2033.539171308279
 20
16426.754974259267
 10
2033.3227053869632
 20
16428.48233130251
 10
2032.9353259123454
 20
16430.179551674955
 10
2032.380882835685
 20
16431.829767638003
 10
2031.6648864613671
 20
16433.416578604054
 10
2030.7944526830106
 20
16434.92421413277
 10
2029.7782322625862
 20
16436.33769066498
 10
2028.6263248551986
 20
16437.642960435827
 10
2027.3501786341367
 20
16438.82705108798
 10
2025.9624765139306
 20
16439.878194596502
 10
2024.477010101662
 20
16440.785944224976
 10
2022.9085426299425
 20
16441.54127834979
 10
2021.2726622331538
 20
16442.136690121057
 10
2019.5856270256045
 20
16442.56626206907
 10
2017.864203521167
 20
16442.825724914816
 10
2016.1254999999946
 20
16442.912500000006
  0
LWPOLYLINE
  5
33E
330
17
100
AcDbEntity
  8
NESTED_RESULT
100
AcDbPolyline
 90
64
 70
0
 10
2016.1254999999946
 20
17243.01250000001
 10
2014.3867964788224
 20
17242.92572491482
 10
2012.6653729743848
 20
17242.666262069077
 10
2010.9783377668355
 20
17242.236690121063
 10
2009.3424573700468
 20
17241.641278349794
 10
2007.7739898983273
 20
17240.88594422498
 10
2006.2885234860587
 20
17239.978194596508
 10
2004.9008213658526
 20
17238.927051087987
 10
2003.6246751447907
 20
17237.742960435833
 10
2002.472767737403
 20
17236.437690664985
 10
2001.4565473169787
 20
17235.024214132776
 10
2000.5861135386222
 20
17233.51657860406
 10
1999.8701171643042
 20
17231.92976763801
 10
1999.3156740876439
 20
17230.27955167496
 10
1998.928294613026
 20
17228.582331302518
 10
1998.7118286917103
 20
17226.854974259273
 10
1998.668427659315
 20
17225.114647795534
 10
1998.7985228547477
 20
17223.37864805761
 10
1999.10082133353
 20
17221.664228190813
 10
1999.5723187175463
 20
17219.988426869997
 10
2000.2083290540031
 20
17218.367898961587
 10
2001.002531386417
 20
17216.818750000006
 10
2001.9470325751754
 20
17215.356376123615
 10
2003.0324457431561
 20
17213.99531106098
 10
2004.24798356666
 20
17212.749081688176
 10
2005.5815654846956
 20
17211.63007359265
 10
2007.0199377609824
 20
17210.64940797951
 10
2008.5488052056462
 20
17209.81683114427
 10
2010.1529732471681
 20
17209.140617609548
 10
2011.8164989428187
 20
17208.62748788923
 10
2013.5228494268958
 20
17208.28254169706
 10
2015.2550662216381
 20
17208.109207263245
 10
2016.9959337783512
 20
17208.109207263245
 10
2018.7281505730934
 20
17208.28254169706
 10
2020.4345010571706
 20
17208.62748788923
 10
2022.0980267528212
 20
17209.140617609548
 10
2023.702194794343
 20
17209.81683114427
 10
2025.2310622390069
 20
17210.64940797951
 10
2026.6694345152937
 20
17211.63007359265
 10
2028.0030164333293
 20
17212.749081688176
 10
2029.2185542568332
 20
17213.99531106098
 10
2030.303967424814
 20
17215.356376123615
 10
2031.2484686135722
 20
17216.818750000006
 10
2032.0426709459862
 20
17218.367898961587
 10
2032.678681282443
 20
17219.988426869997
 10
2033.1501786664594
 20
17221.664228190813
 10
2033.4524771452416
 20
17223.37864805761
 10
2033.5825723406742
 20
17225.114647795534
 10
2033.539171308279
 20
17226.854974259273
 10
2033.3227053869632
 20
17228.582331302518
 10
2032.9353259123454
 20
17230.27955167496
 10
2032.380882835685
 20
17231.92976763801
 10
2031.6648864613671
 20
17233.51657860406
 10
2030.7944526830106
 20
17235.024214132776
 10
2029.7782322625862
 20
17236.437690664985
 10
2028.6263248551986
 20
17237.742960435833
 10
2027.3501786341367
 20
17238.927051087987
 10
2025.9624765139306
 20
17239.978194596508
 10
2024.477010101662
 20
17240.88594422498
 10
2022.9085426299425
 20
17241.641278349794
 10
2021.2726622331538
 20
17242.236690121063
 10
2019.5856270256045
 20
17242.666262069077
 10
2017.864203521167
 20
17242.92572491482
 10
2016.1254999999946
 20
17243.01250000001
  0
TEXT
  5
33F
330
17
100
AcDbEntity
  8
NESTED_RESULT
100
AcDbText
 10
2211.3880000000063
 20
16825.500000000015
 30
0.0
 40
80.0
  1
509-D
 72
1
 11
2211.3880000000063
 21
16825.500000000015
 31
0.0
100
AcDbText
 73
2
  0
LWPOLYLINE
  5
340
330
17
100
AcDbEntity
  8
NESTED_RESULT
100
AcDbPolyline
 90
5
 70
0
 10
2503.488000000012
 20
16000.0
 10
2503.488000000012
 20
17676.399999999994
 10
3087.6880000000237
 20
17676.399999999994
 10
3087.6880000000237
 20
16000.0
 10
2503.488000000012
 20
16000.0
  0
LWPOLYLINE
  5
341
330
17
100
AcDbEntity
  8
NESTED_RESULT
100
AcDbPolyline
 90
9
 70
0
 10
2668.588000000018
 20
17028.70000000001
 10
2668.588000000018
 20
17447.79999999999
 10
2681.2880000000296
 20
17460.5
 10
2947.988000000012
 20
17460.5
 10
2960.6880000000237
 20
17447.79999999999
 10
2960.6880000000237
 20
17028.70000000001
 10
2947.988000000012
 20
17016.0
 10
2681.2880000000296
 20
17016.0
 10
2668.588000000018
 20
17028.70000000001
  0
LWPOLYLINE
  5
342
330
17
100
AcDbEntity
  8
NESTED_RESULT
100
AcDbPolyline
 90
9
 70
0
 10
2668.588000000018
 20
16228.600000000006
 10
2668.588000000018
 20
16647.70000000001
 10
2681.2880000000296
 20
16660.399999999994
 10
2947.988000000012
 20
16660.399999999994
 10
2960.6880000000237
 20
16647.70000000001
 10
2960.6880000000237
 20
16228.600000000006
 10
2947.988000000012
 20
16215.899999999994
 10
2681.2880000000296
 20
16215.899999999994
 10
2668.588000000018
 20
16228.600000000006
  0
LWPOLYLINE
  5
343
330
17
100
AcDbEntity
  8
NESTED_RESULT
100
AcDbPolyline
 90
64
 70
0
 10
2600.3255000000354
 20
16455.61249999999
 10
2598.586796478863
 20
16455.525724914798
 10
2596.8653729744256
 20
16455.266262069053
 10
2595.178337766876
 20
16454.83669012104
 10
2593.5424573700875
 20
16454.24127834977
 10
2591.973989898368
 20
16453.485944224987
 10
2590.4885234860994
 20
16452.578194596485
 10
2589.1008213658934
 20
16451.527051087964
 10
2587.8246751448314
 20
16450.34296043584
 10
2586.672767737444
 20
16449.037690664933
 10
2585.6565473170194
 20
16447.624214132753
 10
2584.786113538663
 20
16446.116578604036
 10
2584.070117164345
 20
16444.529767638014
 10
2583.5156740876846
 20
16442.879551674938
 10
2583.128294613067
 20
16441.182331302494
 10
2582.911828691751
 20
16439.45497425925
 10
2582.868427659356
 20
16437.71464779554
 10
2582.9985228547885
 20
16435.978648057586
 10
2583.3008213335706
 20
16434.26422819076
 10
2583.772318717587
 20
16432.588426869974
 10
2584.408329054044
 20
16430.967898961564
 10
2585.202531386458
 20
16429.41875000001
 10
2586.147032575216
 20
16427.95637612359
 10
2587.232445743197
 20
16426.595311060955
 10
2588.4479835667007
 20
16425.349081688153
 10
2589.7815654847363
 20
16424.230073592626
 10
2591.219937761023
 20
16423.249407979485
 10
2592.748805205687
 20
16422.416831144248
 10
2594.352973247209
 20
16421.740617609525
 10
2596.0164989428595
 20
16421.227487889235
 10
2597.7228494269366
 20
16420.882541697036
 10
2599.455066221679
 20
16420.709207263193
 10
2601.195933778392
 20
16420.709207263193
 10
2602.928150573134
 20
16420.882541697036
 10
2604.6345010572113
 20
16421.227487889235
 10
2606.298026752862
 20
16421.740617609525
 10
2607.902194794384
 20
16422.416831144248
 10
2609.4310622390476
 20
16423.249407979485
 10
2610.8694345153344
 20
16424.230073592626
 10
2612.20301643337
 20
16425.349081688153
 10
2613.418554256874
 20
16426.595311060955
 10
2614.5039674248546
 20
16427.95637612359
 10
2615.448468613613
 20
16429.41875000001
 10
2616.242670946027
 20
16430.967898961564
 10
2616.8786812824837
 20
16432.588426869974
 10
2617.3501786665
 20
16434.26422819076
 10
2617.6524771452823
 20
16435.978648057586
 10
2617.782572340715
 20
16437.71464779554
 10
2617.73917130832
 20
16439.45497425925
 10
2617.522705387004
 20
16441.182331302494
 10
2617.135325912386
 20
16442.879551674938
 10
2616.580882835726
 20
16444.529767638014
 10
2615.864886461408
 20
16446.116578604036
 10
2614.9944526830513
 20
16447.624214132753
 10
2613.978232262627
 20
16449.037690664933
 10
2612.8263248552394
 20
16450.34296043584
 10
2611.5501786341774
 20
16451.527051087964
 10
2610.1624765139713
 20
16452.578194596485
 10
2608.6770101017028
 20
16453.485944224987
 10
2607.1085426299833
 20
16454.24127834977
 10
2605.4726622331946
 20
16454.83669012104
 10
2603.785627025645
 20
16455.266262069053
 10
2602.0642035212077
 20
16455.525724914798
 10
2600.3255000000354
 20
16455.61249999999
  0
LWPOLYLINE
  5
344
330
17
100
AcDbEntity
  8
NESTED_RESULT
100
AcDbPolyline
 90
64
 70
0
 10
2600.3255000000354
 20
17255.712499999994
 10
2598.586796478863
 20
17255.625724914833
 10
2596.8653729744256
 20
17255.36626206906
 10
2595.178337766876
 20
17254.936690121045
 10
2593.5424573700875
 20
17254.341278349806
 10
2591.973989898368
 20
17253.585944224964
 10
2590.4885234860994
 20
17252.67819459649
 10
2589.1008213658934
 20
17251.62705108797
 10
2587.8246751448314
 20
17250.442960435816
 10
2586.672767737444
 20
17249.137690664968
 10
2585.6565473170194
 20
17247.72421413276
 10
2584.786113538663
 20
17246.216578604013
 10
2584.070117164345
 20
17244.62976763799
 10
2583.5156740876846
 20
17242.979551674944
 10
2583.128294613067
 20
17241.28233130253
 10
2582.911828691751
 20
17239.554974259256
 10
2582.868427659356
 20
17237.814647795516
 10
2582.9985228547885
 20
17236.07864805759
 10
2583.3008213335706
 20
17234.364228190796
 10
2583.772318717587
 20
17232.68842686998
 10
2584.408329054044
 20
17231.0678989616
 10
2585.202531386458
 20
17229.51874999999
 10
2586.147032575216
 20
17228.056376123597
 10
2587.232445743197
 20
17226.69531106096
 10
2588.4479835667007
 20
17225.449081688188
 10
2589.7815654847363
 20
17224.330073592602
 10
2591.219937761023
 20
17223.34940797952
 10
2592.748805205687
 20
17222.516831144254
 10
2594.352973247209
 20
17221.84061760953
 10
2596.0164989428595
 20
17221.32748788921
 10
2597.7228494269366
 20
17220.98254169704
 10
2599.455066221679
 20
17220.809207263228
 10
2601.195933778392
 20
17220.809207263228
 10
2602.928150573134
 20
17220.98254169704
 10
2604.6345010572113
 20
17221.32748788921
 10
2606.298026752862
 20
17221.84061760953
 10
2607.902194794384
 20
17222.516831144254
 10
2609.4310622390476
 20
17223.34940797952
 10
2610.8694345153344
 20
17224.330073592602
 10
2612.20301643337
 20
17225.449081688188
 10
2613.418554256874
 20
17226.69531106096
 10
2614.5039674248546
 20
17228.056376123597
 10
2615.448468613613
 20
17229.51874999999
 10
2616.242670946027
 20
17231.0678989616
 10
2616.8786812824837
 20
17232.68842686998
 10
2617.3501786665
 20
17234.364228190796
 10
2617.6524771452823
 20
17236.07864805759
 10
2617.782572340715
 20
17237.814647795516
 10
2617.73917130832
 20
17239.554974259256
 10
2617.522705387004
 20
17241.28233130253
 10
2617.135325912386
 20
17242.979551674944
 10
2616.580882835726
 20
17244.62976763799
 10
2615.864886461408
 20
17246.216578604013
 10
2614.9944526830513
 20
17247.72421413276
 10
2613.978232262627
 20
17249.137690664968
 10
2612.8263248552394
 20
17250.442960435816
 10
2611.5501786341774
 20
17251.62705108797
 10
2610.1624765139713
 20
17252.67819459649
 10
2608.6770101017028
 20
17253.585944224964
 10
2607.1085426299833
 20
17254.341278349806
 10
2605.4726622331946
 20
17254.936690121045
 10
2603.785627025645
 20
17255.36626206906
 10
2602.0642035212077
 20
17255.625724914833
 10
2600.3255000000354
 20
17255.712499999994
  0
TEXT
  5
345
330
17
100
AcDbEntity
  8
NESTED_RESULT
100
AcDbText
 10
2795.588000000018
 20
16838.199999999997
 30
0.0
 40
80.0
  1
507-E
 72
1
 11
2795.588000000018
 21
16838.199999999997
 31
0.0
100
AcDbText
 73
2
  0
LWPOLYLINE
  5
346
330
17
100
AcDbEntity
  8
NESTED_RESULT
 62
1
100
AcDbPolyline
 90
5
 70
0
 10
3400.0
 20
16000.0
 10
6600.0
 20
16000.0
 10
6600.0
 20
17800.0
 10
3400.0
 20
17800.0
 10
3400.0
 20
16000.0
  0
TEXT
  5
347
330
17
100
AcDbEntity
  8
NESTED_RESULT
 62
1
100
AcDbText
 10
3400.0
 20
17830.0
 30
0.0
 40
50.0
  1
Sheet_50
 11
3400.0
 21
17830.0
 31
0.0
100
AcDbText
 73
1
  0
LWPOLYLINE
  5
348
330
17
100
AcDbEntity
  8
NESTED_RESULT
100
AcDbPolyline
 90
7
 70
0
 10
3400.0
 20
16647.70000000001
 10
5219.275000000009
 20
16647.70000000001
 10
5219.275000000009
 20
16003.174999999988
 10
5216.100000000006
 20
16000.0
 10
3403.175000000003
 20
16000.0
 10
3400.0
 20
16003.174999999988
 10
3400.0
 20
16647.70000000001
  0
LWPOLYLINE
  5
349
330
17
100
AcDbEntity
  8
NESTED_RESULT
100
AcDbPolyline
 90
9
 70
0
 10
3865.1380000000063
 20
16501.649999999994
 10
4500.138000000006
 20
16501.649999999994
 10
4506.487999999998
 20
16495.29999999999
 10
4506.487999999998
 20
16114.299999999988
 10
4500.138000000006
 20
16107.950000000012
 10
3865.1380000000063
 20
16107.950000000012
 10
3858.7880000000005
 20
16114.299999999988
 10
3858.7880000000005
 20
16495.29999999999
 10
3865.1380000000063
 20
16501.649999999994
  0
LWPOLYLINE
  5
34A
330
17
100
AcDbEntity
  8
NESTED_RESULT
100
AcDbPolyline
 90
64
 70
0
 10
4200.1005000000005
 20
16557.212499999994
 10
4200.013724914825
 20
16558.951203521166
 10
4199.754262069066
 20
16560.672627025604
 10
4199.324690121051
 20
16562.359662233153
 10
4198.729278349798
 20
16563.995542629942
 10
4197.973944224985
 20
16565.56401010166
 10
4197.066194596497
 20
16567.04947651393
 10
4196.015051087976
 20
16568.437178634136
 10
4194.8309604358365
 20
16569.713324855198
 10
4193.525690664959
 20
16570.865232262586
 10
4192.112214132765
 20
16571.88145268301
 10
4190.604578604034
 20
16572.751886461367
 10
4189.017767638012
 20
16573.467882835685
 10
4187.36755167495
 20
16574.022325912345
 10
4185.670331302521
 20
16574.409705386963
 10
4183.942974259262
 20
16574.62617130828
 10
4182.202647795537
 20
16574.669572340674
 10
4180.466648057598
 20
16574.53947714524
 10
4178.752228190788
 20
16574.23717866646
 10
4177.076426869986
 20
16573.765681282443
 10
4175.455898961591
 20
16573.129670945986
 10
4173.906750000009
 20
16572.33546861357
 10
4172.444376123603
 20
16571.390967424813
 10
4171.083311060967
 20
16570.305554256833
 10
4169.83708168818
 20
16569.09001643333
 10
4168.718073592623
 20
16567.756434515293
 10
4167.737407979512
 20
16566.318062239006
 10
4166.90483114426
 20
16564.789194794343
 10
4166.228617609537
 20
16563.18502675282
 10
4165.7154878892325
 20
16561.52150105717
 10
4165.370541697048
 20
16559.815150573093
 10
4165.19720726322
 20
16558.08293377835
 10
4165.19720726322
 20
16556.342066221638
 10
4165.370541697048
 20
16554.609849426895
 10
4165.7154878892325
 20
16552.90349894282
 10
4166.228617609537
 20
16551.239973247168
 10
4166.90483114426
 20
16549.635805205646
 10
4167.737407979512
 20
16548.106937760982
 10
4168.718073592623
 20
16546.668565484695
 10
4169.83708168818
 20
16545.33498356666
 10
4171.083311060967
 20
16544.119445743156
 10
4172.444376123603
 20
16543.034032575175
 10
4173.906750000009
 20
16542.089531386417
 10
4175.455898961591
 20
16541.295329054003
 10
4177.076426869986
 20
16540.659318717546
 10
4178.752228190788
 20
16540.18782133353
 10
4180.466648057598
 20
16539.885522854747
 10
4182.202647795537
 20
16539.755427659315
 10
4183.942974259262
 20
16539.79882869171
 10
4185.670331302521
 20
16540.015294613026
 10
4187.36755167495
 20
16540.402674087643
 10
4189.017767638012
 20
16540.957117164304
 10
4190.604578604034
 20
16541.67311353862
 10
4192.112214132765
 20
16542.54354731698
 10
4193.525690664959
 20
16543.559767737403
 10
4194.8309604358365
 20
16544.71167514479
 10
4196.015051087976
 20
16545.987821365852
 10
4197.066194596497
 20
16547.37552348606
 10
4197.973944224985
 20
16548.860989898327
 10
4198.729278349798
 20
16550.429457370046
 10
4199.324690121051
 20
16552.065337766835
 10
4199.754262069066
 20
16553.752372974384
 10
4200.013724914825
 20
16555.473796478822
 10
4200.1005000000005
 20
16557.212499999994
  0
TEXT
  5
34B
330
17
100
AcDbEntity
  8
NESTED_RESULT
100
AcDbText
 10
4881.492129516609
 20
16323.627920532232
 30
0.0
 40
80.0
  1
415-B
 72
1
 11
4881.492129516609
 21
16323.627920532232
 31
0.0
100
AcDbText
 73
2
  0
LWPOLYLINE
  5
34C
330
17
100
AcDbEntity
  8
NESTED_RESULT
100
AcDbPolyline
 90
7
 70
0
 10
3400.0
 20
17295.399999999994
 10
5219.274999999994
 20
17295.399999999994
 10
5219.274999999994
 20
16650.875
 10
5216.099999999991
 20
16647.70000000001
 10
3403.1749999999884
 20
16647.70000000001
 10
3400.0
 20
16650.875
 10
3400.0
 20
17295.399999999994
  0
LWPOLYLINE
  5
34D
330
17
100
AcDbEntity
  8
NESTED_RESULT
100
AcDbPolyline
 90
9
 70
0
 10
4119.136999999988
 20
17149.350000000006
 10
4754.136999999988
 20
17149.350000000006
 10
4760.486999999994
 20
17143.0
 10
4760.486999999994
 20
16762.0
 10
4754.136999999988
 20
16755.649999999994
 10
4119.136999999988
 20
16755.649999999994
 10
4112.786999999997
 20
16762.0
 10
4112.786999999997
 20
17143.0
 10
4119.136999999988
 20
17149.350000000006
  0
LWPOLYLINE
  5
34E
330
17
100
AcDbEntity
  8
NESTED_RESULT
100
AcDbPolyline
 90
64
 70
0
 10
4454.099499999982
 20
17204.912500000006
 10
4454.012724914806
 20
17206.651203521178
 10
4453.753262069047
 20
17208.372627025616
 10
4453.323690121033
 20
17210.059662233165
 10
4452.728278349779
 20
17211.695542629954
 10
4451.972944224966
 20
17213.264010101673
 10
4451.065194596478
 20
17214.74947651394
 10
4450.014051087957
 20
17216.137178634148
 10
4448.829960435818
 20
17217.41332485521
 10
4447.524690664941
 20
17218.565232262597
 10
4446.111214132747
 20
17219.58145268302
 10
4444.603578604016
 20
17220.45188646138
 10
4443.016767637993
 20
17221.167882835696
 10
4441.3665516749315
 20
17221.722325912357
 10
4439.6693313025025
 20
17222.109705386974
 10
4437.941974259244
 20
17222.32617130829
 10
4436.2016477955185
 20
17222.369572340685
 10
4434.4656480575795
 20
17222.239477145253
 10
4432.751228190769
 20
17221.93717866647
 10
4431.0754268699675
 20
17221.465681282454
 10
4429.454898961572
 20
17220.829670945997
 10
4427.905749999991
 20
17220.035468613583
 10
4426.443376123585
 20
17219.090967424825
 10
4425.082311060949
 20
17218.005554256844
 10
4423.836081688161
 20
17216.79001643334
 10
4422.717073592605
 20
17215.456434515305
 10
4421.736407979493
 20
17214.018062239018
 10
4420.903831144242
 20
17212.489194794354
 10
4420.227617609518
 20
17210.885026752832
 10
4419.714487889214
 20
17209.22150105718
 10
4419.3695416970295
 20
17207.515150573105
 10
4419.196207263201
 20
17205.782933778362
 10
4419.196207263201
 20
17204.04206622165
 10
4419.3695416970295
 20
17202.309849426907
 10
4419.714487889214
 20
17200.60349894283
 10
4420.227617609518
 20
17198.93997324718
 10
4420.903831144242
 20
17197.335805205657
 10
4421.736407979493
 20
17195.806937760994
 10
4422.717073592605
 20
17194.368565484707
 10
4423.836081688161
 20
17193.03498356667
 10
4425.082311060949
 20
17191.819445743167
 10
4426.443376123585
 20
17190.734032575187
 10
4427.905749999991
 20
17189.78953138643
 10
4429.454898961572
 20
17188.995329054014
 10
4431.0754268699675
 20
17188.359318717557
 10
4432.751228190769
 20
17187.88782133354
 10
4434.4656480575795
 20
17187.58552285476
 10
4436.2016477955185
 20
17187.455427659326
 10
4437.941974259244
 20
17187.49882869172
 10
4439.6693313025025
 20
17187.715294613037
 10
4441.3665516749315
 20
17188.102674087655
 10
4443.016767637993
 20
17188.657117164315
 10
4444.603578604016
 20
17189.373113538633
 10
4446.111214132747
 20
17190.24354731699
 10
4447.524690664941
 20
17191.259767737414
 10
4448.829960435818
 20
17192.411675144802
 10
4450.014051087957
 20
17193.687821365864
 10
4451.065194596478
 20
17195.07552348607
 10
4451.972944224966
 20
17196.56098989834
 10
4452.728278349779
 20
17198.129457370058
 10
4453.323690121033
 20
17199.765337766847
 10
4453.753262069047
 20
17201.452372974396
 10
4454.012724914806
 20
17203.173796478834
 10
4454.099499999982
 20
17204.912500000006
  0
TEXT
  5
34F
330
17
100
AcDbEntity
  8
NESTED_RESULT
100
AcDbText
 10
3727.5672149658194
 20
16971.772079467777
 30
0.0
 40
80.0
  1
416-A
 72
1
 11
3727.5672149658194
 21
16971.772079467777
 31
0.0
100
AcDbText
 73
2
  0
LWPOLYLINE
  5
350
330
17
100
AcDbEntity
  8
NESTED_RESULT
100
AcDbPolyline
 90
6
 70
0
 10
5219.299999999988
 20
16000.0
 10
5219.299999999988
 20
17657.350000000006
 10
5803.5
 20
17657.350000000006
 10
5803.5
 20
16003.174999999988
 10
5800.3249999999825
 20
16000.0
 10
5219.299999999988
 20
16000.0
  0
LWPOLYLINE
  5
351
330
17
100
AcDbEntity
  8
NESTED_RESULT
100
AcDbPolyline
 90
9
 70
0
 10
5384.399999999994
 20
16215.899999999994
 10
5384.399999999994
 20
16635.0
 10
5397.100000000006
 20
16647.699999999983
 10
5663.799999999988
 20
16647.699999999983
 10
5676.5
 20
16635.0
 10
5676.5
 20
16215.899999999994
 10
5663.799999999988
 20
16203.199999999983
 10
5397.100000000006
 20
16203.199999999983
 10
5384.399999999994
 20
16215.899999999994
  0
LWPOLYLINE
  5
352
330
17
100
AcDbEntity
  8
NESTED_RESULT
100
AcDbPolyline
 90
9
 70
0
 10
5384.113136303786
 20
17016.0
 10
5384.113136303786
 20
17435.100000000006
 10
5396.813136303797
 20
17447.79999999999
 10
5663.51313630378
 20
17447.79999999999
 10
5676.2131363037915
 20
17435.100000000006
 10
5676.2131363037915
 20
17016.0
 10
5663.51313630378
 20
17003.29999999999
 10
5396.813136303797
 20
17003.29999999999
 10
5384.113136303786
 20
17016.0
  0
LWPOLYLINE
  5
353
330
17
100
AcDbEntity
  8
NESTED_RESULT
100
AcDbPolyline
 90
64
 70
0
 10
5316.1374999999825
 20
16442.912499999977
 10
5314.39879647881
 20
16442.825724914786
 10
5312.677372974373
 20
16442.566262069042
 10
5310.990337766823
 20
16442.136690121028
 10
5309.354457370035
 20
16441.54127834976
 10
5307.785989898315
 20
16440.785944224946
 10
5306.300523486047
 20
16439.878194596473
 10
5304.9128213658405
 20
16438.827051087952
 10
5303.636675144779
 20
16437.642960435798
 10
5302.484767737391
 20
16436.33769066495
 10
5301.468547316967
 20
16434.92421413274
 10
5300.59811353861
 20
16433.416578604025
 10
5299.882117164292
 20
16431.829767637973
 10
5299.327674087632
 20
16430.179551674926
 10
5298.940294613014
 20
16428.482331302483
 10
5298.723828691698
 20
16426.75497425924
 10
5298.680427659303
 20
16425.0146477955
 10
5298.810522854736
 20
16423.278648057574
 10
5299.112821333518
 20
16421.56422819078
 10
5299.584318717534
 20
16419.888426869962
 10
5300.220329053991
 20
16418.267898961552
 10
5301.014531386405
 20
16416.71874999997
 10
5301.959032575163
 20
16415.25637612358
 10
5303.044445743144
 20
16413.895311060944
 10
5304.259983566648
 20
16412.64908168814
 10
5305.5935654846835
 20
16411.530073592614
 10
5307.03193776097
 20
16410.549407979473
 10
5308.560805205634
 20
16409.716831144236
 10
5310.164973247156
 20
16409.040617609513
 10
5311.828498942807
 20
16408.527487889194
 10
5313.534849426884
 20
16408.182541697024
 10
5315.267066221626
 20
16408.00920726321
 10
5317.007933778339
 20
16408.00920726321
 10
5318.740150573081
 20
16408.182541697024
 10
5320.4465010571585
 20
16408.527487889194
 10
5322.110026752809
 20
16409.040617609513
 10
5323.714194794331
 20
16409.716831144236
 10
5325.243062238995
 20
16410.549407979473
 10
5326.681434515282
 20
16411.530073592614
 10
5328.015016433317
 20
16412.64908168814
 10
5329.230554256821
 20
16413.895311060944
 10
5330.315967424802
 20
16415.25637612358
 10
5331.26046861356
 20
16416.71874999997
 10
5332.054670945974
 20
16418.267898961552
 10
5332.690681282431
 20
16419.888426869962
 10
5333.162178666447
 20
16421.56422819078
 10
5333.4644771452295
 20
16423.278648057574
 10
5333.594572340662
 20
16425.0146477955
 10
5333.551171308267
 20
16426.75497425924
 10
5333.334705386951
 20
16428.482331302483
 10
5332.947325912333
 20
16430.179551674926
 10
5332.392882835673
 20
16431.829767637973
 10
5331.676886461355
 20
16433.416578604025
 10
5330.8064526829985
 20
16434.92421413274
 10
5329.790232262574
 20
16436.33769066495
 10
5328.6383248551865
 20
16437.642960435798
 10
5327.362178634125
 20
16438.827051087952
 10
5325.9744765139185
 20
16439.878194596473
 10
5324.48901010165
 20
16440.785944224946
 10
5322.92054262993
 20
16441.54127834976
 10
5321.284662233142
 20
16442.136690121028
 10
5319.597627025592
 20
16442.566262069042
 10
5317.876203521155
 20
16442.825724914786
 10
5316.1374999999825
 20
16442.912499999977
  0
LWPOLYLINE
  5
354
330
17
100
AcDbEntity
  8
NESTED_RESULT
100
AcDbPolyline
 90
64
 70
0
 10
5315.850636303803
 20
17243.012499999983
 10
5314.111932782631
 20
17242.925724914792
 10
5312.390509278193
 20
17242.666262069048
 10
5310.703474070644
 20
17242.236690121033
 10
5309.067593673855
 20
17241.641278349765
 10
5307.499126202136
 20
17240.885944224952
 10
5306.013659789867
 20
17239.97819459648
 10
5304.625957669661
 20
17238.927051087958
 10
5303.349811448599
 20
17237.742960435804
 10
5302.197904041212
 20
17236.437690664956
 10
5301.181683620787
 20
17235.024214132747
 10
5300.311249842431
 20
17233.51657860403
 10
5299.595253468113
 20
17231.92976763798
 10
5299.040810391452
 20
17230.279551674932
 10
5298.653430916835
 20
17228.58233130249
 10
5298.436964995519
 20
17226.854974259244
 10
5298.393563963124
 20
17225.114647795504
 10
5298.523659158556
 20
17223.37864805758
 10
5298.825957637338
 20
17221.664228190784
 10
5299.297455021355
 20
17219.988426869968
 10
5299.933465357812
 20
17218.36789896156
 10
5300.727667690226
 20
17216.818749999977
 10
5301.672168878984
 20
17215.356376123586
 10
5302.757582046965
 20
17213.99531106095
 10
5303.9731198704685
 20
17212.749081688147
 10
5305.306701788504
 20
17211.63007359262
 10
5306.745074064791
 20
17210.64940797948
 10
5308.273941509455
 20
17209.816831144242
 10
5309.878109550977
 20
17209.14061760952
 10
5311.541635246627
 20
17208.6274878892
 10
5313.247985730704
 20
17208.28254169703
 10
5314.980202525447
 20
17208.109207263216
 10
5316.72107008216
 20
17208.109207263216
 10
5318.453286876902
 20
17208.28254169703
 10
5320.159637360979
 20
17208.6274878892
 10
5321.82316305663
 20
17209.14061760952
 10
5323.427331098152
 20
17209.816831144242
 10
5324.956198542815
 20
17210.64940797948
 10
5326.394570819102
 20
17211.63007359262
 10
5327.728152737138
 20
17212.749081688147
 10
5328.943690560642
 20
17213.99531106095
 10
5330.029103728622
 20
17215.356376123586
 10
5330.973604917381
 20
17216.818749999977
 10
5331.767807249795
 20
17218.36789896156
 10
5332.4038175862515
 20
17219.988426869968
 10
5332.875314970268
 20
17221.664228190784
 10
5333.17761344905
 20
17223.37864805758
 10
5333.307708644483
 20
17225.114647795504
 10
5333.264307612088
 20
17226.854974259244
 10
5333.047841690772
 20
17228.58233130249
 10
5332.660462216154
 20
17230.279551674932
 10
5332.106019139494
 20
17231.92976763798
 10
5331.390022765176
 20
17233.51657860403
 10
5330.519588986819
 20
17235.024214132747
 10
5329.503368566395
 20
17236.437690664956
 10
5328.351461159007
 20
17237.742960435804
 10
5327.075314937945
 20
17238.927051087958
 10
5325.687612817739
 20
17239.97819459648
 10
5324.202146405471
 20
17240.885944224952
 10
5322.633678933751
 20
17241.641278349765
 10
5320.997798536962
 20
17242.236690121033
 10
5319.310763329413
 20
17242.666262069048
 10
5317.5893398249755
 20
17242.925724914792
 10
5315.850636303803
 20
17243.012499999983
  0
TEXT
  5
355
330
17
100
AcDbEntity
  8
NESTED_RESULT
100
AcDbText
 10
5511.399999999994
 20
16825.499999999985
 30
0.0
 40
80.0
  1
512-D
 72
1
 11
5511.399999999994
 21
16825.499999999985
 31
0.0
100
AcDbText
 73
2
  0
LWPOLYLINE
  5
356
330
17
100
AcDbEntity
  8
NESTED_RESULT
100
AcDbPolyline
 90
6
 70
0
 10
5803.5
 20
16000.0
 10
5803.5
 20
17657.349999999977
 10
6387.700000000012
 20
17657.349999999977
 10
6387.700000000012
 20
16003.174999999988
 10
6384.525000000111
 20
16000.0
 10
5803.5
 20
16000.0
  0
LWPOLYLINE
  5
357
330
17
100
AcDbEntity
  8
NESTED_RESULT
100
AcDbPolyline
 90
9
 70
0
 10
5968.600000000122
 20
17016.0
 10
5968.600000000122
 20
17435.099999999977
 10
5981.300000000105
 20
17447.79999999999
 10
6248.0
 20
17447.79999999999
 10
6260.700000000099
 20
17435.099999999977
 10
6260.700000000099
 20
17016.0
 10
6248.0
 20
17003.29999999999
 10
5981.300000000105
 20
17003.29999999999
 10
5968.600000000122
 20
17016.0
  0
LWPOLYLINE
  5
358
330
17
100
AcDbEntity
  8
NESTED_RESULT
100
AcDbPolyline
 90
9
 70
0
 10
5968.600000000122
 20
16215.899999999994
 10
5968.600000000122
 20
16635.0
 10
5981.300000000105
 20
16647.699999999983
 10
6248.0
 20
16647.699999999983
 10
6260.700000000099
 20
16635.0
 10
6260.700000000099
 20
16215.899999999994
 10
6248.0
 20
16203.199999999983
 10
5981.300000000105
 20
16203.199999999983
 10
5968.600000000122
 20
16215.899999999994
  0
LWPOLYLINE
  5
359
330
17
100
AcDbEntity
  8
NESTED_RESULT
100
AcDbPolyline
 90
64
 70
0
 10
5900.337500000111
 20
16442.912499999977
 10
5898.598796478938
 20
16442.825724914786
 10
5896.877372974501
 20
16442.566262069042
 10
5895.190337766951
 20
16442.136690121028
 10
5893.554457370163
 20
16441.54127834976
 10
5891.985989898443
 20
16440.785944224976
 10
5890.500523486175
 20
16439.878194596473
 10
5889.112821365969
 20
16438.827051087952
 10
5887.836675144907
 20
16437.642960435827
 10
5886.684767737519
 20
16436.33769066492
 10
5885.668547317095
 20
16434.92421413274
 10
5884.798113538738
 20
16433.416578604025
 10
5884.08211716442
 20
16431.829767638003
 10
5883.52767408776
 20
16430.179551674926
 10
5883.140294613142
 20
16428.482331302483
 10
5882.923828691826
 20
16426.75497425924
 10
5882.880427659431
 20
16425.014647795528
 10
5883.010522854864
 20
16423.278648057574
 10
5883.312821333646
 20
16421.56422819075
 10
5883.784318717662
 20
16419.888426869962
 10
5884.420329054119
 20
16418.267898961552
 10
5885.214531386533
 20
16416.71875
 10
5886.159032575291
 20
16415.25637612358
 10
5887.244445743272
 20
16413.895311060944
 10
5888.459983566776
 20
16412.64908168814
 10
5889.793565484812
 20
16411.530073592614
 10
5891.231937761098
 20
16410.549407979473
 10
5892.760805205762
 20
16409.716831144236
 10
5894.364973247284
 20
16409.040617609513
 10
5896.028498942935
 20
16408.527487889223
 10
5897.734849427012
 20
16408.182541697024
 10
5899.467066221754
 20
16408.00920726318
 10
5901.207933778467
 20
16408.00920726318
 10
5902.940150573209
 20
16408.182541697024
 10
5904.6465010572865
 20
16408.527487889223
 10
5906.310026752937
 20
16409.040617609513
 10
5907.914194794459
 20
16409.716831144236
 10
5909.443062239123
 20
16410.549407979473
 10
5910.88143451541
 20
16411.530073592614
 10
5912.215016433445
 20
16412.64908168814
 10
5913.430554256949
 20
16413.895311060944
 10
5914.51596742493
 20
16415.25637612358
 10
5915.460468613688
 20
16416.71875
 10
5916.254670946102
 20
16418.267898961552
 10
5916.890681282559
 20
16419.888426869962
 10
5917.362178666575
 20
16421.56422819075
 10
5917.6644771453575
 20
16423.278648057574
 10
5917.79457234079
 20
16425.014647795528
 10
5917.751171308395
 20
16426.75497425924
 10
5917.534705387079
 20
16428.482331302483
 10
5917.147325912461
 20
16430.179551674926
 10
5916.592882835801
 20
16431.829767638003
 10
5915.876886461483
 20
16433.416578604025
 10
5915.006452683127
 20
16434.92421413274
 10
5913.990232262702
 20
16436.33769066492
 10
5912.838324855315
 20
16437.642960435827
 10
5911.562178634253
 20
16438.827051087952
 10
5910.174476514047
 20
16439.878194596473
 10
5908.689010101778
 20
16440.785944224976
 10
5907.1205426300585
 20
16441.54127834976
 10
5905.48466223327
 20
16442.136690121028
 10
5903.79762702572
 20
16442.566262069042
 10
5902.076203521283
 20
16442.825724914786
 10
5900.337500000111
 20
16442.912499999977
  0
LWPOLYLINE
  5
35A
330
17
100
AcDbEntity
  8
NESTED_RESULT
100
AcDbPolyline
 90
64
 70
0
 10
5900.337500000111
 20
17243.012499999983
 10
5898.598796478938
 20
17242.92572491482
 10
5896.877372974501
 20
17242.666262069048
 10
5895.190337766951
 20
17242.236690121033
 10
5893.554457370163
 20
17241.641278349794
 10
5891.985989898443
 20
17240.885944224952
 10
5890.500523486175
 20
17239.97819459648
 10
5889.112821365969
 20
17238.927051087958
 10
5887.836675144907
 20
17237.742960435804
 10
5886.684767737519
 20
17236.437690664956
 10
5885.668547317095
 20
17235.024214132747
 10
5884.798113538738
 20
17233.516578604
 10
5884.08211716442
 20
17231.92976763798
 10
5883.52767408776
 20
17230.279551674932
 10
5883.140294613142
 20
17228.582331302518
 10
5882.923828691826
 20
17226.854974259244
 10
5882.880427659431
 20
17225.114647795504
 10
5883.010522854864
 20
17223.37864805758
 10
5883.312821333646
 20
17221.664228190784
 10
5883.784318717662
 20
17219.988426869968
 10
5884.420329054119
 20
17218.367898961587
 10
5885.214531386533
 20
17216.818749999977
 10
5886.159032575291
 20
17215.356376123586
 10
5887.244445743272
 20
17213.99531106095
 10
5888.459983566776
 20
17212.749081688176
 10
5889.793565484812
 20
17211.63007359259
 10
5891.231937761098
 20
17210.64940797951
 10
5892.760805205762
 20
17209.816831144242
 10
5894.364973247284
 20
17209.14061760952
 10
5896.028498942935
 20
17208.6274878892
 10
5897.734849427012
 20
17208.28254169703
 10
5899.467066221754
 20
17208.109207263216
 10
5901.207933778467
 20
17208.109207263216
 10
5902.940150573209
 20
17208.28254169703
 10
5904.6465010572865
 20
17208.6274878892
 10
5906.310026752937
 20
17209.14061760952
 10
5907.914194794459
 20
17209.816831144242
 10
5909.443062239123
 20
17210.64940797951
 10
5910.88143451541
 20
17211.63007359259
 10
5912.215016433445
 20
17212.749081688176
 10
5913.430554256949
 20
17213.99531106095
 10
5914.51596742493
 20
17215.356376123586
 10
5915.460468613688
 20
17216.818749999977
 10
5916.254670946102
 20
17218.367898961587
 10
5916.890681282559
 20
17219.988426869968
 10
5917.362178666575
 20
17221.664228190784
 10
5917.6644771453575
 20
17223.37864805758
 10
5917.79457234079
 20
17225.114647795504
 10
5917.751171308395
 20
17226.854974259244
 10
5917.534705387079
 20
17228.582331302518
 10
5917.147325912461
 20
17230.279551674932
 10
5916.592882835801
 20
17231.92976763798
 10
5915.876886461483
 20
17233.516578604
 10
5915.006452683127
 20
17235.024214132747
 10
5913.990232262702
 20
17236.437690664956
 10
5912.838324855315
 20
17237.742960435804
 10
5911.562178634253
 20
17238.927051087958
 10
5910.174476514047
 20
17239.97819459648
 10
5908.689010101778
 20
17240.885944224952
 10
5907.1205426300585
 20
17241.641278349794
 10
5905.48466223327
 20
17242.236690121033
 10
5903.79762702572
 20
17242.666262069048
 10
5902.076203521283
 20
17242.92572491482
 10
5900.337500000111
 20
17243.012499999983
  0
TEXT
  5
35B
330
17
100
AcDbEntity
  8
NESTED_RESULT
100
AcDbText
 10
6095.600000000006
 20
16825.499999999985
 30
0.0
 40
80.0
  1
413-D
 72
1
 11
6095.600000000006
 21
16825.499999999985
 31
0.0
100
AcDbText
 73
2
  0
ENDSEC
  0
SECTION
  2
OBJECTS
  0
DICTIONARY
  5
A
330
0
100
AcDbDictionary
281
1
  3
ACAD_COLOR
350
B
  3
ACAD_GROUP
350
C
  3
ACAD_LAYOUT
350
D
  3
ACAD_MATERIAL
350
E
  3
ACAD_MLEADERSTYLE
350
F
  3
ACAD_MLINESTYLE
350
10
  3
ACAD_PLOTSETTINGS
350
11
  3
ACAD_PLOTSTYLENAME
350
12
  3
ACAD_SCALELIST
350
14
  3
ACAD_TABLESTYLE
350
15
  3
ACAD_VISUALSTYLE
350
16
  3
EZDXF_META
350
2D
  0
DICTIONARY
  5
B
330
A
100
AcDbDictionary
281
1
  0
DICTIONARY
  5
C
330
A
100
AcDbDictionary
281
1
  0
DICTIONARY
  5
D
330
A
100
AcDbDictionary
281
1
  3
Model
350
1A
  3
Layout1
350
1E
  0
DICTIONARY
  5
E
330
A
100
AcDbDictionary
281
1
  3
ByBlock
350
1F
  3
ByLayer
350
20
  3
Global
350
21
  0
DICTIONARY
  5
F
330
A
100
AcDbDictionary
281
1
  3
Standard
350
2C
  0
DICTIONARY
  5
10
330
A
100
AcDbDictionary
281
1
  3
Standard
350
22
  0
DICTIONARY
  5
11
330
A
100
AcDbDictionary
281
1
  0
ACDBDICTIONARYWDFLT
  5
12
330
A
100
AcDbDictionary
281
1
  3
Normal
350
13
100
AcDbDictionaryWithDefault
340
13
  0
ACDBPLACEHOLDER
  5
13
330
12
  0
DICTIONARY
  5
14
330
A
100
AcDbDictionary
281
1
  0
DICTIONARY
  5
15
330
A
100
AcDbDictionary
281
1
  0
DICTIONARY
  5
16
330
A
100
AcDbDictionary
281
1
  0
LAYOUT
  5
1A
330
D
100
AcDbPlotSettings
  1

  4
A3
  6

 40
7.5
 41
20.0
 42
7.5
 43
20.0
 44
420.0
 45
297.0
 46
0.0
 47
0.0
 48
0.0
 49
0.0
140
0.0
141
0.0
142
1.0
143
1.0
 70
1024
 72
1
 73
0
 74
5
  7

 75
16
 76
0
 77
2
 78
300
147
1.0
148
0.0
149
0.0
100
AcDbLayout
  1
Model
 70
1
 71
0
 10
0.0
 20
0.0
 11
420.0
 21
297.0
 12
0.0
 22
0.0
 32
0.0
 14
1e+20
 24
1e+20
 34
1e+20
 15
-1e+20
 25
-1e+20
 35
-1e+20
146
0.0
 13
0.0
 23
0.0
 33
0.0
 16
1.0
 26
0.0
 36
0.0
 17
0.0
 27
1.0
 37
0.0
 76
1
330
17
  0
LAYOUT
  5
1E
330
D
100
AcDbPlotSettings
  1

  4
A3
  6

 40
7.5
 41
20.0
 42
7.5
 43
20.0
 44
420.0
 45
297.0
 46
0.0
 47
0.0
 48
0.0
 49
0.0
140
0.0
141
0.0
142
1.0
143
1.0
 70
0
 72
1
 73
0
 74
5
  7

 75
16
 76
0
 77
2
 78
300
147
1.0
148
0.0
149
0.0
100
AcDbLayout
  1
Layout1
 70
1
 71
1
 10
0.0
 20
0.0
 11
420.0
 21
297.0
 12
0.0
 22
0.0
 32
0.0
 14
1e+20
 24
1e+20
 34
1e+20
 15
-1e+20
 25
-1e+20
 35
-1e+20
146
0.0
 13
0.0
 23
0.0
 33
0.0
 16
1.0
 26
0.0
 36
0.0
 17
0.0
 27
1.0
 37
0.0
 76
1
330
1B
  0
MATERIAL
  5
1F
102
{ACAD_REACTORS
330
E
102
}
330
E
100
AcDbMaterial
  1
ByBlock
  2

 70
0
 40
1.0
 71
1
 41
1.0
 91
-1023410177
 42
1.0
 72
1
  3

 73
1
 74
1
 75
1
 44
0.5
 73
0
 45
1.0
 46
1.0
 77
1
  4

 78
1
 79
1
170
1
 48
1.0
171
1
  6

172
1
173
1
174
1
140
1.0
141
1.0
175
1
  7

176
1
177
1
178
1
143
1.0
179
1
  8

270
1
271
1
272
1
145
1.0
146
1.0
273
1
  9

274
1
275
1
276
1
 42
1.0
 72
1
  3

 73
1
 74
1
 75
1
 94
63
  0
MATERIAL
  5
20
102
{ACAD_REACTORS
330
E
102
}
330
E
100
AcDbMaterial
  1
ByLayer
  2

 70
0
 40
1.0
 71
1
 41
1.0
 91
-1023410177
 42
1.0
 72
1
  3

 73
1
 74
1
 75
1
 44
0.5
 73
0
 45
1.0
 46
1.0
 77
1
  4

 78
1
 79
1
170
1
 48
1.0
171
1
  6

172
1
173
1
174
1
140
1.0
141
1.0
175
1
  7

176
1
177
1
178
1
143
1.0
179
1
  8

270
1
271
1
272
1
145
1.0
146
1.0
273
1
  9

274
1
275
1
276
1
 42
1.0
 72
1
  3

 73
1
 74
1
 75
1
 94
63
  0
MATERIAL
  5
21
102
{ACAD_REACTORS
330
E
102
}
330
E
100
AcDbMaterial
  1
Global
  2

 70
0
 40
1.0
 71
1
 41
1.0
 91
-1023410177
 42
1.0
 72
1
  3

 73
1
 74
1
 75
1
 44
0.5
 73
0
 45
1.0
 46
1.0
 77
1
  4

 78
1
 79
1
170
1
 48
1.0
171
1
  6

172
1
173
1
174
1
140
1.0
141
1.0
175
1
  7

176
1
177
1
178
1
143
1.0
179
1
  8

270
1
271
1
272
1
145
1.0
146
1.0
273
1
  9

274
1
275
1
276
1
 42
1.0
 72
1
  3

 73
1
 74
1
 75
1
 94
63
  0
MLINESTYLE
  5
22
102
{ACAD_REACTORS
330
10
102
}
330
10
100
AcDbMlineStyle
  2
Standard
 70
0
  3

 62
256
 51
90.0
 52
90.0
 71
2
 49
0.5
 62
256
  6
BYLAYER
 49
-0.5
 62
256
  6
BYLAYER
  0
MLEADERSTYLE
  5
2C
102
{ACAD_REACTORS
330
F
102
}
330
F
100
AcDbMLeaderStyle
179
2
170
2
171
1
172
0
 90
2
 40
0.0
 41
0.0
173
1
 91
-1056964608
 92
-2
290
1
 42
2.0
291
1
 43
8.0
  3
Standard
 44
4.0
300

342
29
174
1
175
1
176
0
178
1
 93
-1056964608
 45
4.0
292
0
297
0
 46
4.0
 94
-1056964608
 47
1.0
 49
1.0
140
1.0
294
1
141
0.0
177
0
142
1.0
295
0
296
0
143
3.75
271
0
272
9
273
9
  0
DICTIONARY
  5
2D
330
A
100
AcDbDictionary
280
1
281
1
  3
CREATED_BY_EZDXF
350
2E
  3
WRITTEN_BY_EZDXF
350
35E
  0
DICTIONARYVAR
  5
2E
330
2D
100
DictionaryVariables
280
0
  1
1.4.4 @ 2026-08-02T06:34:27.816208+00:00
  0
DICTIONARYVAR
  5
35E
330
2D
100
DictionaryVariables
280
0
  1
1.4.4 @ 2026-08-02T06:34:28.178433+00:00
  0
ENDSEC
  0
EOF
